,0.0,1711322784.0,1711326417.0,1711330049.0,1711333684.0,1711337317.0,1711340949.0,1711344582.0,1711348220.0,1711351852.0,1711355485.0,1711359118.0,1711362753.0,1711366386.0,1711370019.0,1711373651.0,1711377292.0,1711380925.0,1711384557.0,1711388190.0,1711391827.0
0,2810275000,1.0007712723260156,0.9964722320553737,1.0043056142784998,0.9988279656482302,1.0045631860696613,1.000174179420319,0.9999468797502377,1.0018839232868082,1.000148581002709,0.9959447308437609,0.9883431962782733,1.0059516251391574,0.9995750222441208,1.0025988671692243,1.0038391308959091,1.0071252809089546,1.002651502067946,0.9985284306604033,1.003278217081387,1.001437863923451
1,2810550000,1.0009866015686606,1.005407133097214,0.9961493678329902,0.9966425996552554,0.9984656643202299,1.0082638630234453,1.0033208170937138,1.0057515456217165,0.996545577767653,1.0012401390244077,0.9965363978462108,0.9944395760356269,0.9929152491224283,0.997217759170877,0.9980889516470753,1.000941043987031,0.9979655938682114,1.002293250696543,0.99926803178326,0.9993132723879773
2,2810825000,1.0015797639046624,0.997328224441802,0.9994063114833289,0.993937438456755,1.0003997518288092,0.9988966640821284,0.9954326322581787,0.9962535382637109,1.002141042499192,1.0000479014764536,1.0006935551854146,1.0012369754467958,0.9994289041304127,1.0037866618697482,1.0035151961556448,1.0018194032465324,0.9961428231503944,1.0013477815853387,0.9997295927618253,1.0055650108810168
3,2811100000,1.0057757056652479,1.0012329364765946,0.9940179704424683,0.9998007373747736,1.0032235953298496,1.0090719643779182,1.0044378971210008,0.9977024161997647,1.0037896968156312,0.9999396194506578,1.0000701822959226,1.002580459635316,0.9939115070221672,1.0021282068782502,1.0008785367198119,0.9972243423624442,0.9977808805914443,0.9914587623590594,1.001381617787587,1.0015419594226886
4,2811375000,0.9964121892362309,0.9991752872514202,0.9972082130553757,0.9960239829824316,1.0012749537793157,0.9964339745584272,0.9928972118745643,1.0036521226757409,0.9965116520174709,0.9985537376416088,0.9979325377943952,0.9883764879414647,0.9931841997536981,0.9908109418438605,1.0009646012013769,0.9980392914142527,1.0020423649028958,0.9985190106906567,0.997552144272509,0.9964853349989272
5,2811650000,1.0002298675207797,0.9913392702511407,1.000422445607708,0.9995108239303455,1.0007693985543806,0.9960514571226897,1.001706068231123,1.0042079424297388,1.0056344104487767,0.9966658792662456,0.9987560809391393,0.993106477123989,0.9975539689264267,1.001562261506612,0.9955622319014695,0.9956898700599468,0.9981546231538745,0.9997611016942446,1.0007848594019173,0.9998059381669885
6,2811925000,1.0002209079982278,0.9964524972057508,0.9978067910689364,0.9964999178590193,0.9991344494928914,1.0052031443971152,1.0011437803875907,1.0039243813375716,0.9974248809420034,1.0010334998593138,0.9940773591045308,1.0010452715001603,1.0003225598938068,0.9960592208218009,1.0007896628888124,0.9959764881815643,0.9938447292314551,0.9997020255823115,1.0069385728324372,1.001607152381719
7,2812200000,1.0053256179783496,1.0044904155526526,0.9984738613623827,0.9994132915242089,0.9993961823516012,1.0003676738903817,0.9962393534055024,0.9877421475560161,1.0010929703489864,0.9998475781093401,0.9988527072943704,0.9952063904031122,0.9998369585196768,0.9968779758027304,0.9956495304700399,0.9871663194993798,1.0031629046136938,1.003582258266991,1.0048166479403973,0.9986404294037666
8,2812475000,0.9991736313791374,1.0021868773245133,0.9956694580982338,0.9975070067838889,1.0009792119335525,1.0017339312836526,1.001113629477797,0.9888057452755263,1.003433432136215,0.9958729060728578,0.9986026419648346,1.0003315006196276,1.004463530767566,0.9974639509933636,0.99696032823227,1.0033378908329078,0.996004936011473,0.9935857035056296,0.9948430707720328,0.9960142298437431
9,2812750000,0.9984929757608397,1.005392480578757,0.9995155383566428,0.9945878978222178,0.9936190012836997,1.0005316053081812,1.0010100933207173,0.9952068036762795,0.9988426593812536,0.9944430451301344,0.9939096478514495,0.9992684144184201,0.9927631533538896,0.9951928193364811,0.9974355309545134,0.9991737119648391,1.0030902573924314,1.0035230293474497,0.9970941644843031,0.9965104889536341
10,2813025000,0.9928409015306833,0.9962777843475381,0.9916860047248004,0.9959434626115145,0.9984538033566033,0.9942564730141095,0.9966730716284106,1.0054515366813226,0.9926364540695081,0.9997085992671039,0.9951822303143859,1.0023465267529954,0.9968292500978532,0.9998812235349761,0.9977964718223373,0.9968336679063746,0.9970491652638568,0.9897715486672635,1.0020048828365196,1.000345428430577
11,2813300000,0.9984440602550594,1.0004847797555614,1.004304129400226,1.0009583637503632,1.0001831575064066,0.9933129597101276,0.9971519325358286,1.0036805860394726,0.9980200112948882,0.9987066879322862,0.9949697936580685,0.9977473012109395,1.003884711131517,0.9999434377874059,1.0003253117611577,1.000602571951339,0.9943916167575428,0.999409054055736,1.008987970314033,1.002130967369679
12,2813575000,0.9969492632694581,1.0027178278334856,0.9922244415828617,0.9938064502016352,1.004582138584546,0.9975529696031156,0.997272010078273,0.9974555134746695,0.9966505958168372,1.0036178477208106,0.995236818591203,1.0031725473464395,0.9960705570450833,1.0046706552095714,1.0052642972931187,0.9954212841281518,1.0031535238812301,0.9992221271215636,0.996717824407476,0.9934389829211148
13,2813850000,0.999839888935537,0.9997061749373647,1.0043757842439476,1.000341932105805,0.9974745855462143,0.9937965146374618,0.9990549222350243,1.0013721711538064,0.9947429113726705,1.0042508397896586,1.0029135026126499,1.0025764206287566,1.0039346484375642,0.9937982822761362,0.9923990548829792,0.9993635311316363,1.0026329434655534,1.0039701921017543,1.0029692843253049,0.9994144225469888
14,2814125000,0.9947058535031807,0.9964340422265803,1.0010474972347698,0.9963579195887433,1.0044539852108771,0.99937453889762,1.0019622796294199,0.9993187988339767,0.9930520721925346,1.0012080519449418,0.9952978262745887,0.9982470188959566,0.9914487054548432,0.9974468069223301,0.9983927729746409,1.0062542070935927,1.0031556105572723,0.997254884703255,0.9956353120800671,1.0030074573263597
15,2814400000,0.99396785137917,1.0012942618279312,1.0047534731964105,1.0028868006341844,1.0004217847879044,1.0039102507021411,0.9959451946990477,1.0010116021420392,1.001618456254448,0.9965109877404954,0.9987287052298588,0.9918960637994467,0.9961210698304304,0.9955882200059004,0.9943634468549134,0.9984991330776467,0.9905048525062827,0.9977073683388669,0.9924917191986821,0.9983401724724396
16,2814675000,0.9985207823069333,0.9920887531978155,1.0039041152079107,0.9956905175529567,0.9977683271672615,1.0011715551534992,1.0020018184621535,0.9928044271766547,1.0042587657716824,1.005065596910158,1.003638804849968,0.9954565553736578,0.9949637719978613,1.003548197841903,0.999953688453769,0.9962672752932269,1.0065443136891195,1.0035066467763292,0.9951868818333092,1.0006841261432196
17,2814950000,1.006132128500581,0.9973358210017029,1.000651857370418,0.9967040508798708,0.9965218387257102,0.9965051950987983,0.9945679057465493,1.000676226195095,1.0026310839970052,1.003579375242927,1.003162159811218,0.9947401325509214,0.9997930685777937,0.9977277018820123,1.0003159064007854,1.0001062488468968,0.9961354700657745,1.0032015714033053,1.0000120518763405,0.998037574001096
18,2815225000,1.0031898397117822,1.0012598657541607,0.9996027238411233,0.9988105155239323,0.9891035655212744,0.996541866089165,0.996371299176487,0.9958701870906408,0.996238342362177,1.0021743767076456,1.0014433485854077,0.9956737288041988,0.9977848820118147,0.9961663841130506,0.9946363997097508,1.0002011978841991,1.0042227341240366,0.9977558433980823,1.0002060953590617,0.9951801161138036
19,2815500000,1.003315991192841,0.9998456427780867,1.000663369374443,1.0055676945300864,0.9997185720899321,0.9970912291221946,1.0010234159860345,0.9987047407514758,1.0023739554600606,1.0030761464430467,1.0003360016171645,1.0022421860257904,0.9985489184189305,0.9984203816618007,0.9985599506754929,0.9984979885222689,0.9937548592708361,0.9940217246991017,0.9990017987880853,0.9972597893145122
20,2815775000,0.996609740848985,0.999500810411959,0.9992405142804855,1.0029599183050228,0.9989217490157088,0.9992447429795557,1.0037936450507918,1.0022848021900557,0.9968511105181034,0.9986844286211795,0.9966630158308648,0.9947513723208783,0.996683760663707,0.9976073545476295,0.9959550111677816,1.0045078379993235,0.9993416131180883,1.0000098497892507,1.0034576001497877,0.9970287988438099
21,2816050000,0.9960265687897072,0.9961527737833653,0.9971489329880275,0.9943898609501909,0.9953731820590888,1.0001434162155645,0.997148427200459,0.9973393521807888,0.9954160810080916,1.0041348377166446,1.0030964130993891,1.0028106219404902,1.000734300586123,0.9986553327291744,1.0005159825804824,1.0032731803147674,1.001623384278008,0.9958328801649499,0.9973659651899996,0.9974370126124462
22,2816325000,0.9951058007579486,0.9956006456845723,0.9962894264712419,0.9945106603995576,0.9965382155514889,0.9998846731409755,0.9925184728477162,0.9961969889974438,0.9953472475341123,1.0002042432387581,1.0034990147105234,0.995075555699703,0.9988335510662055,0.9939293670685546,0.9987524534035654,0.9984346110667118,0.995057055514145,1.0008000006789082,1.0004648557176876,1.0004679700788328
23,2816600000,0.9990806779074979,0.99120973749262,1.0029401983784727,1.0006025478813716,1.0024942724971615,0.9987195208183011,1.0050699427995176,0.9992313186244087,1.0013037493370374,1.0041831864509165,0.9993589166271893,0.9957401112704084,1.0025128264175476,1.0068569615557157,0.9966870108417502,1.0002357735042233,0.9965276801118809,1.0014986998121398,0.9992952462052428,1.003031967017782
24,2816875000,0.9961838597655452,1.004176366646036,0.9928245629921241,0.9945320832265861,0.9909773354418266,1.0039476506098661,1.0018769344360594,0.9942427822051658,0.9964491091208054,1.0010190087602477,0.9970437253030532,1.0059410085612115,1.011808693728303,0.9980491515209818,1.0039311546312697,1.0053903585993094,0.9924573875442207,0.998325167546798,1.0023269234094323,0.9924642718916554
25,2817150000,0.9999324585093248,0.9984682096674394,0.9963627064710366,0.9973726878583045,1.0037189526407282,0.99775796649812,1.0028279064564172,0.9985455330663784,0.9931334661364867,0.9996169835370616,0.9988216272323672,0.9999013542943019,1.000186085230706,0.992221260691568,0.9940278150846661,1.0005834413982844,0.996745767969556,0.996834574184815,0.9996109298891341,0.9920844821503453
26,2817425000,0.9977500844959102,0.9976381469651276,1.0056597721780953,1.0052887900387155,0.9958673223232053,0.9966730988114596,1.0000072118659689,0.9954619829398091,0.9897167616872838,0.9915253380706145,0.9965912687713029,0.9975255010605892,0.9943451897101687,1.0022616943584612,1.0035048955212806,0.994684489526811,1.0052257874716308,0.9967793346996561,0.9960931312816971,1.0039553424856882
27,2817700000,1.0003193131803152,1.0030762853002633,1.0010652117815513,0.9995632092783096,0.9895338436625913,1.000361196005756,1.000470582944909,1.001971413019085,0.9942451267452046,0.9937496292413731,0.9972140526573461,1.0008718725592634,1.0035835690884483,0.9977632773256832,1.002217527633676,0.9904698279026882,1.0018986233023865,1.000194837686854,1.0034867203585107,0.9981388046432784
28,2817975000,0.9935895058533134,1.0028497071872906,1.0036394086585843,1.003286299242854,1.0008165580274666,0.9922426620211696,0.9919400227556483,0.9957512411950312,0.9970307847121631,1.0033610940004176,0.9911299757608469,0.9981869610750786,1.0015766899570588,1.0036914470922533,1.0034357682146502,1.0052937956170864,0.998633435601249,1.0029598914516442,1.0029928826441632,1.0003314851714702
29,2818250000,1.003559911729296,0.9996741975746709,1.0017299948948186,0.9988914820570864,0.9888707017857803,1.0060217941270393,0.9970058370031776,0.9920811795059274,1.0010998017186856,0.99759247143974,1.0042305349502807,0.9974302567110025,0.9953600172468676,1.0043288738427099,1.0023795515518001,0.9961260828680732,1.0062696320682558,0.9990914033308541,0.9953533070750846,1.000379526994748
30,2818525000,0.9993418020374278,0.9979369331311045,0.9941009531286291,0.9974316231572209,1.0028416506029214,0.9936564388824214,0.993803081719068,0.9964089678681604,0.9969081789379882,1.0048809353608625,0.9942702932595406,1.0048889189240116,0.9979615004276847,0.9997115194574974,1.00105693580847,0.998751264732779,0.994694293010197,0.9946263238756413,0.9985874386583365,1.000481355817469
31,2818800000,0.9978236455375217,1.0021209793103458,1.0009220932723295,1.000953743328118,0.9990611185664438,1.003571430260403,1.003241270928384,0.9975798001805899,0.9993979758315624,0.9988443738694905,0.9932657986761111,0.9989064846549996,0.9980593918703009,0.9967960782158737,1.009593502821617,1.003399613234274,1.000599841087015,1.0030168480679889,1.001794677317549,1.0001764099101103
32,2819075000,0.994773145047862,0.9960415192434667,0.9986897139265124,1.0000794371605164,0.9971501324962686,1.0000478523934067,1.0040716112590515,0.9972671363260603,1.0001122803647442,1.0007266614767198,1.0012737057213648,0.9980346460526687,1.0020282359387631,0.992555238846867,1.003161989697476,0.9976376554686368,0.9978774846506192,0.9991678228678138,1.0007125585068426,0.9974077867549058
33,2819350000,1.002523219860487,1.0036033556422104,1.0022616432271894,0.9956562314191167,0.9920478630214469,0.9961304512150213,1.000458947429485,1.0010562675980075,0.9939212466740363,0.9972141908549059,0.9997401005867164,1.0021350785758456,1.001048824519439,1.0074145510745296,0.9994501648326524,1.0017709055559592,0.9946277248895157,0.9956804603819472,1.0059570115514715,1.0018719458306058
34,2819625000,0.9954510051596401,1.0035813190747842,1.0028498823447205,1.0022134142436958,0.9983551158041125,0.998579224438244,1.0018511710664106,0.9969181421502673,0.9978811086682619,0.9951948956526797,0.9957431377487709,0.9962226166620579,0.9992062405502024,1.0000220234284336,1.0107243267552735,0.9964983342955857,1.0038122050124774,1.007085468236099,0.9942946528710023,1.0003427321958758
35,2819900000,1.0004302945788153,0.9969830230672221,1.0007455486135888,1.0003242428452102,0.9969578244856463,0.9979589958952182,0.9941503724137254,1.0053427482953619,0.9988700649126094,0.9955087875762486,0.9984275709481909,0.9981690988280558,1.0028834202575845,0.9989106802906873,1.0050245471541632,1.000364063767652,1.000791944725461,0.9949981502869324,0.9965243431462489,1.0017027008133754
36,2820175000,1.000158415966016,1.000033431953842,0.994883678988991,0.9980289355985693,0.9978579372407937,0.9992872211001453,1.0044869616866432,0.9915400897032868,0.9973776944497095,0.9970470433721923,0.9970269166381013,1.001549532650577,0.9974318555640729,0.997223202599939,0.998876628107348,1.001425154705199,1.0008747678698964,0.9993638670221311,1.0007880815689458,0.9921223674199312
37,2820450000,0.9967909481073309,0.997883808745326,0.9967953678607965,1.004228031811182,1.0032415203767913,1.0003821290236625,0.9930730719793238,0.9942202599504493,0.9995643694640095,1.0030143603425408,1.0045745782347064,1.006312865780179,0.9958416627189589,1.006929033531226,1.00031749000354,0.9961158640706517,0.9998910023890082,0.9923753257423801,1.0013006135633744,0.9982307141049424
38,2820725000,1.000511046624995,1.002532034908609,0.995443442149793,0.9995961661190719,1.0101976546702909,1.0035420276717255,0.9961153712847649,1.0039175056400982,0.9940834955922679,1.000070465002803,1.006756232297499,0.9948601251078546,1.00880392412147,1.0020767012056808,1.0037240530415754,0.9972606201151046,0.9954520146140338,0.9938959725063033,0.9977367801564864,1.0029536450323677
39,2821000000,0.9941500124342258,0.998003291688816,0.9985149447365357,0.9970060128608564,0.9945941805968356,0.9941768528279928,1.0023098607116685,1.0051704297923603,0.9963914090477116,1.0044882177350423,1.0019671325730581,0.9985201720117056,1.0038325557700558,0.9989801549652381,1.0068981128109962,0.9933206518286334,1.0024952503446232,0.9992905281358757,0.9978422484625787,0.9977315436867727
40,2821275000,0.9995513327842611,0.9964518128876454,0.9994249181082705,0.998917632975141,0.9970036105262396,1.002035957925385,1.0015647323262804,1.0014170445351853,1.0059220182057131,0.9970004830977693,0.992190475154755,0.9930457448367231,0.9967363110730239,1.004009511227307,1.0025817051920982,1.0015615506754914,1.0024714454969852,0.9970816635242287,0.9981155039661497,0.99847630042511
41,2821550000,0.9960373846996595,1.0077098101889381,0.9944003835002609,1.0041561861504096,0.9970144987657822,0.9962478995572794,1.004319729053725,0.9985528240329793,1.000075520894423,0.9960623007788191,1.0006935301843813,1.0030943754596426,1.0029313290619835,1.0000766608277967,0.9969885742875011,0.9988029360346121,1.0023628964879143,0.9953394685238818,0.9970141740861552,0.9932983143745218
42,2821825000,0.9955112634880795,0.9978822396239554,1.0031694052533038,0.9989692881953673,1.003908548922083,1.0010601892810214,0.9951831870976647,1.0001403682423813,0.9988707904991325,0.9947507511272092,1.0002869555003173,1.0014950930641442,0.9980694190703322,1.0016185926693795,0.9997340868371652,1.0020945157093613,1.0019589106136308,1.0024749948718508,0.9953652185146141,0.9979896792595241
43,2822100000,1.0020850213359365,1.0042468621904013,0.9993598979486976,0.9981873644446787,1.0027404573628111,1.00971002280846,0.9943883388599944,0.9935808656154121,1.0027227691183702,1.002574204699427,0.9959322228357745,0.9988278924968921,1.00035249454048,0.9944366151898265,0.9975080544689556,0.9985836946846095,1.0069340509951035,0.999380859903535,1.0004549814854218,1.0031037832593188
44,2822375000,0.9944104914179627,0.9983326927168255,1.002529181367288,0.9995704836933818,0.9965419571698744,1.0008460760781916,1.006177130934625,0.9975440047354411,0.9972244113002637,0.9926338125811506,1.001009468066102,0.9993751743884274,0.9971621386535182,0.9983637406422513,1.002180049164439,0.9963100935243934,1.0038689124150242,1.0015956213631527,0.998939033458634,0.9933561215731019
45,2822650000,1.000212441939191,0.9953875706123793,1.0041080223661405,1.0048112546224641,1.0043936917825607,0.9963793823467394,0.9964987986087207,0.999250883654192,1.0017152236208415,0.9982368089002652,1.001037546272752,1.0011373842396363,1.0049216171551094,1.0016552290142733,1.0003213838186051,1.0011446797353496,0.9970839113883608,1.0032735515014968,1.0021610105406824,0.9932358086554679
46,2822925000,0.9960398242129656,0.9974305421498408,1.0001720703970327,0.9974002207358877,1.0032538966080635,0.9990092096717443,0.998286457046189,0.990240446036958,0.9997165498162756,0.9970490919465038,1.0022532821887258,0.9985067562227711,1.0071908244858725,0.9957988333692492,0.998312792467809,1.0027610049542328,0.9990983854249421,1.0009677227942626,0.9936501023922676,1.0014323335186397
47,2823200000,0.9958857325750704,1.000091685030849,0.9945426358019295,1.0071937396532,1.0005598932636393,0.9977233984132571,1.001602512341983,0.9986861745470758,0.9959313061353114,0.997927437492047,0.9996822168767857,1.0008569210630331,1.0014869450780721,0.9997399458497896,1.0055337807893594,1.0074894085485273,1.0004828469261582,1.0029990113487741,0.997597756930747,1.000079469175438
48,2823475000,1.0015582419895246,0.9953148702872543,1.0012241278300298,1.0066043070812793,0.9962437812445059,0.999888541626407,0.9944578781624716,0.9973958862224125,1.0015081749739068,0.9972632084989738,0.993945471087207,1.000061561692545,0.9991695206122435,0.9991597492183835,0.9967975524021755,1.0036845662761646,1.0011070637759156,1.002250176659833,1.0029337443948751,0.9987999962233761
49,2823750000,1.003176856102256,1.0006519165429533,0.9984214364866382,1.002078858616945,0.9897116170735686,0.986000559638719,0.9970598389998644,1.0030081498001227,0.9928516607712737,0.9958190442316288,0.9957095374246738,1.001026103448925,0.9976868252902216,1.0018665569683796,0.9934902882153269,1.0038744191389053,0.9982452230577371,1.0082567984230044,0.9931042993503411,0.9924985408958275
50,2824025000,0.9994447920923479,0.9956842184597212,1.0004780243369198,0.9982402810962842,0.9979632291471927,0.9998795873385259,1.0065929249354124,0.9980536331344527,0.9945556946727668,0.9989205270493707,1.0031953825630164,1.0011763966285578,0.9973220332157695,0.9981662589938608,1.0034405444566585,0.9987942617428955,1.0002439656018167,1.0014590681349167,1.004638831245928,1.0019945506995696
51,2824300000,1.0065394516121733,1.0030430752032533,0.9971073147249917,1.0004930041646154,1.0019583212884684,0.9965237435942188,1.0010848348420147,1.0046280814671749,1.002403321137694,0.9953921327118732,0.996051755105057,1.0022022880952466,1.0026530520246868,0.9956565141746286,1.0003645017030303,0.998730563871381,1.0012152424605998,0.9989751818481042,1.0018202622641057,1.005239251641787
52,2824575000,1.002306115667576,1.002963548245487,1.0041940043648798,0.9963897498434865,1.0009141703995517,1.0032326184246463,0.9989961920646758,1.0031676643806713,0.9987903234288646,1.001313356849587,1.0031015442831213,1.0036527545316103,1.0002539832707882,0.9998754195918584,1.0044989473736883,1.0044970075578605,0.9946457854108369,1.0011114209574936,0.997795949900323,0.9971472980253139
53,2824850000,0.9993007686524,1.00909868529784,1.0039969197015857,0.9986690289048125,0.9950314916139634,1.0011943434189035,1.0031175360484714,1.0084000986045472,0.9953203678369072,0.9979902660885386,1.0020030360997247,1.0041524648759053,0.9938955238395387,0.997128033134195,1.007896744612675,0.9990637296764361,0.9965790108255514,0.9990431163810395,1.0003705971978105,0.9992895265391991
54,2825125000,1.0094715635237952,0.9960386748921163,0.99974402147812,0.9958242423580714,1.0013437708384716,1.0019188559133574,1.0000461868143613,1.0004768714560217,1.0084305005594856,0.9991333726661545,0.9995325791540371,0.9909317291010294,0.9958747361467423,0.997216776961497,1.0000516480578237,1.0065820394918044,1.0009048218143581,1.0016682886785497,1.0015430088241182,0.9986184297007871
55,2825400000,1.0012557793365253,1.0036986313864986,1.00355985147548,1.0007456840884645,1.006202790279965,0.9975249094723294,1.000919700127157,1.0014893640491869,0.9993335029232594,1.0018122762658892,0.9974830257226264,1.001064655293476,0.9954942089706597,0.9987698148869513,0.9938408821771589,0.9971978905197862,0.9922519341719822,0.9999723715028295,1.0013897132729188,1.0043178872532248
56,2825675000,0.999583109083967,1.0011400921523441,0.9935135497568356,1.0038061531265479,1.0021950344346298,1.004107994351819,0.9882856097486269,1.0038479149214095,0.9985049764829159,0.999987727847826,0.9999794850265576,0.9999692641011702,0.9999513789134055,1.0032610004177775,1.0042040524210216,0.9981419659731134,1.0027941414988042,1.0000938685814342,1.0036947910324296,0.997878656086462
57,2825950000,1.0011119524913397,0.9943232245807877,1.0001070443573148,0.9910736591917249,0.9925433331269501,0.9980455497944623,0.9970122818048571,1.0004800616453338,1.0035171584907774,0.9978768669713483,0.996943392013824,0.999216367783114,0.9945581020178593,0.995046834271368,0.9995443780906295,0.9998510548287302,0.9966395511342189,1.0025234321202912,0.9989377606823472,1.0001292580470675
58,2826225000,1.0024065793172583,0.9967802665093259,0.9981244655281949,1.0080619527471428,1.004769179885646,1.0033289551942577,1.0053323641095175,0.9990782795411322,0.9999929026457147,0.9983614100899406,0.995257406710541,1.0006069274021465,0.9979677887362125,1.0016243169430867,0.9979016040887997,1.0006597071981655,1.0014956566562938,0.9979830898462702,0.9956504567122034,1.0082933104528924
59,2826500000,0.9973629338488759,1.0014096687599172,1.0025706081798715,1.000816537516853,1.0053744164990597,0.9897095748210598,1.002845695809498,1.009317814443182,1.010246774389379,0.998989973006671,1.014014615352975,0.9977381207019864,1.0012349998782903,1.0030049082545696,0.997841187849173,1.0028754803510826,0.9984569191055084,1.0010113419288718,1.0008322474362412,0.9963065815053511
60,2826775000,0.997060612036665,1.0024594087689267,0.997105123996371,1.0056866265359319,1.0010610269961338,1.0017487486156822,0.9970400160684488,0.991730189253721,1.0140934123016527,1.0046027028278073,0.9985178673165962,1.004106677005683,0.9965407703186936,0.9967932595115317,0.9977590202793142,0.9995560302491319,1.0023167113275655,0.9986874190439566,0.9910280341934037,1.0032443136732212
61,2827050000,0.993420501884304,1.0018717561357044,0.9977884552622367,0.999417307161659,1.0074759040011918,1.0059905104143394,0.9989546492799138,0.9939142904046321,1.0015058134248296,1.000114329062485,0.9994281874788621,1.0022762391918507,0.9956632203599036,1.0020520916290827,0.9981670211602469,1.000584599657474,0.9992407440548331,0.9998482314988294,1.0042480113756227,1.0063104346001646
62,2827325000,0.9947226057813883,0.9994710117269516,1.0050209565175907,1.000916247099167,0.9961772656047838,1.0044513658181324,0.9971104458685226,0.9972997976730356,0.9945861577947078,0.9980726322925335,0.9968893290713913,1.003650027903197,0.9974460504936385,0.9988901490862194,0.996539469595659,0.9983124610730423,1.000056612639425,0.9991041688415153,0.9991637685021929,1.0009311113040233
63,2827600000,1.0044562676897197,0.9932900651546303,0.9996289640279826,0.9926527623112853,1.0044681070873294,0.9976886520020132,0.9985774521525462,0.9985788379793463,0.9971020747761422,1.0030540003324366,0.9965793970633793,0.9977618732563562,0.9987482591518461,0.9937623998415033,1.007381758489911,1.0041158071542362,1.0054971145280995,1.0056023851639666,1.0023259705165455,1.0011069347134696
64,2827875000,0.9981832554815946,0.9996086320938334,0.993303250241435,0.998793384462069,0.9899580930566758,0.9910507920267823,0.9955253433276356,0.9993625534298902,1.0109819452358462,1.0016455627002716,0.9981749775119853,0.9903092144632255,1.0023986354562524,0.9997587673727637,0.9959382700480743,0.9998345386621452,0.9973400611357802,0.9948944811124876,1.0043076433875457,1.0047205335977083
65,2828150000,1.0003600670714423,1.002441649459101,0.9993101336691004,1.0011820260552102,0.9990398840776933,1.0009374636889072,0.9995846519532016,0.9983577559856622,1.003541421127108,0.9935565681135996,0.99734204997298,0.996839725638429,0.9988831849441535,1.0045619717514123,0.9977172673308266,0.9995631512570974,0.997476443357504,0.9938430615607059,0.9986425835636799,0.9928568792004223
66,2828425000,0.997867960523282,1.001649148550582,1.0007322123319156,0.9979426856186654,0.998481673480214,1.0031072645644075,0.9998812462420976,1.002444957779948,1.0036565548448506,1.0018433959993132,0.9994303683970681,0.9925967447092084,1.0022540495111434,0.9953920597292758,0.9942618347746586,0.9934623640122798,1.000554302431976,0.9996438695844733,0.9939676841332885,0.9983747814953629
67,2828700000,0.9961276538778502,0.9932195208044166,1.0022328848079856,0.9969731005277356,0.9987979738295905,1.0018462807584378,0.9997880762253167,0.9991257903963716,1.0031241621666989,1.0007642830379202,0.9936627157987882,0.9950604116491968,0.9991946791445303,0.9983853856645517,1.0081835497008407,0.9925220931776814,1.0006490095248852,1.0017274834954595,1.0032658902887384,1.002370015096204
68,2828975000,1.0067075215826984,1.0037513806476694,0.9946679999443393,1.0016076934311735,1.0016059422350603,1.0002346718717674,0.9976706307574854,1.006802191282432,0.9973434203561353,1.0004257407715669,0.9976128849651363,0.9952892891851153,1.0021496485104509,1.0030012468383631,0.9963737732238946,0.9983221840809913,1.006759112489853,1.0021529361753052,1.0000592994975153,1.007370099222152
69,2829250000,1.0025089863756769,1.0019835904319332,1.00414059079598,0.998024699229905,0.9985110955596684,1.0005887527395556,0.9979426903759421,1.0004844583116295,0.9995205030424295,0.9973340255767784,0.9968893623406204,0.9982119053570021,1.0015845072770073,1.0063340446486675,0.9977938432617396,1.0075326955583481,1.0008455460245917,1.0022128339155778,0.9989647957313623,0.9992170360357243
70,2829525000,1.0024795559504134,1.005238929397566,0.9992109580478263,0.9926096004822641,0.9946687862620207,0.9994217654184789,1.0031246297565761,1.0027154354346506,0.9990049255635387,0.9958982652748338,0.99860103820474,0.9951424530008002,1.0029685913281339,0.9966093178072272,0.9997174753871415,1.0001407257383579,0.9925245404632232,1.002903198782119,1.0027502226724758,1.0000489833652013
71,2829800000,0.9971838424860842,1.001321214392151,1.0000552284561988,0.9981934715903082,1.0033152534259924,0.9861333142261621,1.0006898033682532,0.9966610643441705,0.9948043687547219,0.9976442999887047,0.9960822226593594,0.9995202077418414,1.0036195905433996,1.002573803829641,0.996382937217294,0.9931292827663221,0.9970568012417136,1.0051280386258632,1.0029128474631208,0.9997025224837085
72,2830075000,0.992673515848059,0.9986890944043921,0.9994366395664259,0.99376401049392,0.9941324277720872,1.0029728778200535,0.9986541643973779,1.000969498612558,1.0005384247478561,0.9975455995692184,1.0028122701657287,1.001377660913754,1.0050459549079027,1.003873751236905,1.0070384127066632,1.0018694204674694,0.9979047929005919,0.9941015247034746,0.9963748629825528,0.9965436167859063
73,2830350000,1.0038984016732808,0.9975125912643322,1.001418778827686,0.9986450700979392,0.9982486290778135,0.9989196946202881,0.9963387789058983,1.000716374830872,0.9973277605243123,1.000084293392484,0.9972446887055486,0.9949321027007118,1.0036937086246482,0.9922629676387601,0.9978259771241683,0.9986444140709391,1.0034945739190952,0.9945371591212702,1.0072325282874022,0.9944484773669364
74,2830625000,1.0006568928651263,0.9994172310461794,0.999699791386504,1.002790407854601,0.9999769293845884,0.9912295783865965,0.9975694707234235,1.0054407106663945,1.0002393360104311,1.0023384667734063,0.9995268930353606,0.9965044776253168,0.999397722594114,0.9981541372628692,0.9901114146982773,1.0056373754214583,1.0015013393165153,1.0009116219762904,0.9978921208340716,1.002733792680227
75,2830900000,1.003809232919729,0.9975346578351921,0.9950488115679934,1.0005339732498355,1.0015121972577794,0.99727308865434,0.9964560831281551,1.0045114602855238,0.9932955275833095,1.0048902235895365,0.9899016178136562,1.002747735061161,1.0034698847225882,1.0019380200931447,0.9976519563821932,0.9994383446475156,0.9961314747614669,1.0013787627446866,0.9945112248388914,0.988424015547599
76,2831175000,1.0052973993852488,1.002176133883254,1.0071137919764683,0.9988757190310359,0.9942169702834677,0.9998685635019702,1.0016006168010658,1.008086940736946,0.9997894226272388,0.9963245778288399,1.0013175055808954,0.9981492297475528,1.0025508329897637,1.0011046464772784,1.001259025921348,0.9995206034139512,0.999158077015645,0.9954763276352788,0.9987241178537053,1.000865162471972
77,2831450000,1.0052023296388948,1.0000100122230553,1.003078260100466,0.9965711805636311,0.9995604319123618,1.0011976739514508,0.9934895259788363,1.0033985106231353,1.0007647747999924,1.0052244508343082,0.9982665199410246,1.0066970326095057,0.9997815711241288,1.0042337902053717,0.9908853471486833,1.0038236894419668,1.0047992767642469,0.9957497983788723,0.9950765973375394,1.0023380395361658
78,2831725000,1.008583181147872,0.9992804686564422,1.0005681649508442,1.0016883653125366,1.0003610054471366,1.0027061774114658,0.9987953492196271,0.9995677535282284,1.0006363439785104,1.0043062202472146,1.0006882572363054,1.0022741231197279,1.0063009574569277,1.0021123236149423,0.9935738110460788,0.9980502271662102,1.0026519663010383,1.00729970155467,0.9937977576278851,0.9991119717811103
79,2832000000,0.9949687915542794,1.0046316394492667,0.9968952453305193,0.996146023528815,0.9969152665602818,0.9911104118296831,1.0005712468838015,0.9977856895911379,1.0046784904694614,0.9967412474450681,1.0052911588274533,0.9934673506995213,1.001321135569098,0.9926885449429872,0.9953996064424071,0.9995772120423019,0.9976971325566301,1.0027202153407695,1.0097327885879641,1.0022638273635462
80,2832275000,1.0033896041056056,1.0001502737645092,1.0039990087512858,1.0031036133916456,1.00544388678609,0.9907541442960642,1.0076119594942534,0.999918508751581,0.997836266821076,0.9993679812561497,1.0063576065954267,1.0043095279614969,1.0018177134003179,0.9997831337445147,0.9972433204859743,0.9977520840518439,1.0070585586739191,1.0004567906078783,1.0008086675670467,0.9970929307285047
81,2832550000,1.0049078881333722,1.0016551939335947,0.9984100068039515,0.9971666268246434,0.9982995118637672,0.9982460944254155,0.9939525000257529,1.0018205477868467,0.9975799107666793,1.0102535131541115,1.000169316398618,1.0028452897602504,0.9991414276123868,1.003119123456772,1.0044324919161471,1.0100274955070287,1.0003527492744981,1.0026495960175374,1.0041521597500003,1.004678062365802
82,2832825000,1.0010595965386073,1.002798581693543,0.9971524231103569,0.998223293165956,1.0016297923542554,1.0005983701361723,1.0053266704192385,0.9981288337555136,0.9950902799477696,0.999454075658901,0.9996340722197421,0.9978850273607331,0.9963977994696206,0.998176764488236,0.9992408021103185,1.0045971142877776,0.9966736637396806,0.9958166083148463,0.9919783493647261,0.9979035815744545
83,2833100000,1.0048321499135646,0.9956097292232412,0.9981972603128169,1.0067322930077194,1.008267036398414,1.0005580996462817,1.0029046336006298,1.0021377997693377,0.9989516541060854,0.9966743082024079,1.0009556749718331,1.006712721374491,0.998267139136153,0.9991348095378463,1.0010099475756769,1.002719916810241,0.9965000900645535,0.9963981067392842,0.9999797814609127,0.997992106264512
84,2833375000,0.9918064539688178,1.0010118302083597,0.9965467443612754,0.9995426654669205,1.007647415313107,1.0050606491546508,1.001847905968194,0.9956170721436374,1.0084579206536706,0.9994257972011302,1.004707973328978,1.0045523584636762,1.0019664601639957,1.0039706815654448,0.9995499667266357,1.0038768575803008,0.99660319508824,1.0010580895563237,1.0000403777938676,0.9935970453593852
85,2833650000,1.0005253393927949,1.000951063752555,0.9971254186348848,0.9979553950751395,0.9950922780805406,0.9945867429302462,0.995370408648512,1.0048598971015874,0.9918416221060659,1.0005907457692114,1.0016191456089394,1.011441085107093,0.9915289980278662,1.0001846362840519,0.9987041333160473,1.0031225530488244,1.0039277587007338,1.0062361696606075,1.0009506890558155,1.003182808470434
86,2833925000,1.0034738644098602,1.0061272571474373,0.9952523922719232,1.0042469296300391,0.9969819614810562,1.002356524249139,0.9970812461880826,0.9979878491814143,0.9969330810320407,1.0018751654345481,1.0010125707613415,0.9990982061044658,1.0013671204378631,0.9932330391584311,1.000969051036102,1.0033748595122771,1.0023617489980505,1.0003698480251157,0.996328974027121,0.9980546772118638
87,2834200000,1.0002781095720097,0.9976282079554607,0.9992381067155492,1.0061532108107751,1.0058249795508243,0.9915281865012926,1.0032070344258717,0.9988716091746518,1.0016695719949777,0.9957250604756579,0.9954702348677091,0.9947151530660678,0.9990300576697222,0.9968168548285262,1.0036406220564968,0.9978132064383886,0.9992814577952773,1.0053560177480103,1.003160055713455,0.9974690807134159
88,2834475000,0.9975325982582349,1.0021320184768,0.9970343903364117,1.0050431644617182,0.9993664079629517,0.9935496290901817,0.9980294131309736,1.0049805731532182,0.9926513203940878,0.9995864739399108,1.000077189267205,1.0003774553934817,0.996833450680464,0.9996350679713634,1.002291742949075,0.999264602788798,0.9943055813782031,0.9934329477267023,0.9983232420300864,0.9970487872942457
89,2834750000,0.9964500433604323,0.9992404205647296,1.0028609469464609,0.9921092361041173,0.9987615721013852,1.0019849096996796,0.9976991159596611,0.9999283797324491,1.0012983354814222,0.9954005205324009,1.002845168643439,1.002074284121122,0.9979510735285453,0.9964690206170262,0.9933365732986327,1.0009383728293457,1.001104261116437,0.9908977341405963,0.9957014777059356,0.9992926009295574
90,2835025000,0.9957626657646538,1.0021513525765664,1.000215759546152,0.9957096375291218,0.999447742384929,1.0028929139812324,1.002561670552055,1.001204679659189,0.9990321718799708,0.9998474730222937,0.9994875164880194,1.0038291936444104,0.9972834652360212,0.9964755782000554,0.9995909749113604,1.0024064489358555,0.9964890973498735,0.9964411505017184,1.0037870014159749,0.9996783468484681
91,2835300000,0.9956395008107491,1.0018987268443056,0.9958909461688445,0.9945594956538467,1.004698620190052,1.0023426968238616,0.9927034075517543,0.999403526343164,0.994583265792478,0.9960264012112132,0.9921504221132582,1.0016045938139813,0.9995194812381569,0.9962596837919934,0.996814240370094,0.9955664738246425,0.9997975744258751,0.9996868067370647,1.003197502913095,0.9991538753588297
92,2835575000,1.0023196694489502,0.9985321011541187,0.9949584346687993,0.9996410007239376,0.9967994203807609,0.9988738123906136,1.0053169872655374,0.9955921114155696,0.9954523177654918,1.0033027762827498,0.9960533234557611,0.9958322785147327,0.9958186183906211,1.000864622541422,0.9971175324685772,1.007924448579622,1.0008655490909397,0.997908651738161,0.9983288709729298,1.0037907511965911
93,2835850000,0.9998811471741664,0.9910193182486556,0.9970577607627515,1.0039217058590213,1.0049476605757202,1.0061544419665176,0.9965970699298378,1.002908378757339,0.9946981551021821,1.0039551049464843,1.0097449870390467,0.9951128573146465,1.0002633593852077,0.9959019269445134,1.0022956843804984,0.9967195777335099,0.9892834848895234,0.9969309360929969,0.9980241424905772,0.9990099291906287
94,2836125000,1.0000950142404548,0.9965815750985503,1.0050467596590313,0.9935822114501647,0.9981687612033395,0.9981189543469402,1.0016658387096957,0.9995216276119638,1.0000451280938467,0.9922355228857674,0.9969535197466393,1.002661535711029,1.003462189572834,0.9954882551179277,1.000594055305074,0.9998658315906506,1.0067394486335142,0.9979919310668065,1.0020242515086275,1.0020185199878675
95,2836400000,0.9933679199180295,0.991399405739724,0.9981040498073704,0.9948554893446797,1.0037247834193284,0.9958662090360104,0.9956843411569215,0.9976775388872398,1.005649856584727,1.004993726440824,0.9979955144519137,0.9979601338260503,0.9980492396472918,0.9997084735752119,0.9987274837680009,0.9922054609462997,0.99736181487117,0.9972416881361497,0.9972113441444137,1.002486094827732
96,2836675000,1.0009979959779147,0.9987265667540411,0.999073609418369,0.9966491384788589,1.00569483151257,1.0081206947411099,1.003903445813596,1.000820565933454,1.0050465815075458,1.0008181392550195,0.9901376378338985,1.0007610966303915,0.9994450048447698,0.9974565985901211,1.0028025393114925,0.9961814429751543,0.9957310353601977,0.9949691587369929,0.9975019549322488,0.9979621222027757
97,2836950000,0.9974986617615049,1.0029278356164166,0.9974729343621055,0.994774998521288,1.0057899961794827,1.0098604478066031,1.0068282616143318,0.9921472895796184,1.0011258028085228,0.9930598212459756,0.9945338149099733,1.0008501359098807,1.0022313707526602,0.9987284791599947,0.9964202618253435,0.9964760964998246,0.9947832413888861,0.9976741112712012,1.0005931440054168,0.9977048215994176
98,2837225000,1.0033091468887023,1.0017941296257837,0.9952254050194956,0.9975799815609746,0.9992614560190219,1.0030324914688196,1.0016373741442601,0.9940021221165721,1.001089105089237,1.0112698783243332,1.0018884391166814,1.003315188467644,0.9997809945048493,1.0023970372764743,1.0004409736069817,0.9968401155546035,0.9969515691955527,0.9984432164325989,1.0039557289241559,0.9970245395389746
99,2837500000,0.9965888029477693,1.0012271559958672,1.0032640924943448,1.006390346267651,0.9992720175282016,1.0003399830250852,1.0037167940047447,0.9998857934193067,0.9971280369093571,1.0039333372818904,1.0048937681752073,0.9997426249878317,1.001115890548899,1.0003661582692533,0.9990242137505299,1.0009467775581915,0.9997616450494846,1.007375879449161,0.9968085915323533,0.9963462507191688
100,2837775000,1.000813370604385,0.9946633128588515,0.9982897253451629,1.0002576265838503,1.0041107198210344,0.9972996857744034,0.9980927693671577,0.9981990265769772,1.0036425048614557,1.0012742193500357,1.0015827807247237,0.9992412205259292,0.9968085124711656,0.9982709354198576,0.9967636624515352,1.001504789824084,0.9885913545837651,0.9946332038888819,1.0026746541565796,1.0028859123207325
101,2838050000,0.9991990852733301,1.0017926673669468,1.0049927564821208,0.9977341137983874,0.9960244494502364,0.9953293048484207,1.0020225657899708,1.0030190900030338,0.9989613235083171,0.9992666780605408,1.0054367496724343,1.0035527629427172,1.001165688758713,1.0032015374278274,1.0022229957247828,1.0008768578413403,0.9996139935783577,0.9962136876952354,1.0007616054973159,0.998254800807474
102,2838325000,1.0027220130146735,0.9993422301279976,0.9971727775851641,1.000552569124709,0.9967990179475427,0.9975670652175131,1.0002813114082008,1.005636212693242,0.9957515376008194,0.9997502679030462,0.993588261982153,1.0074293200857425,1.0055433390858015,1.0014435826922494,0.9979877920541464,0.9982893377509284,1.004577394490168,1.0027665120770115,0.9968879271626868,1.0017198006407195
103,2838600000,0.9990989677423845,1.004582097569113,0.9997108499196193,1.0035155799015627,0.9974926103258587,1.0008060963555554,1.0035126725729182,0.9967248033378219,1.0043667982118187,1.002698578380753,0.9976008158820461,0.9988641495348444,1.0028021402656582,0.9962121845308295,1.0036694954444534,0.9975359095259044,1.003001687994586,0.9973273620429927,1.003399856287866,0.9973700916506122
104,2838875000,0.9922195895975516,0.9999974728426713,0.9985912456504425,0.9982539255098611,1.005366726643684,0.9996910433093334,0.9927428303230115,0.9952153369887895,0.994413819094506,1.0038445289062248,1.0036364181392323,1.0036756126254571,0.9971077626613979,1.0012510380234827,0.993748444145901,1.0013429250073094,0.9978299812739285,1.0001259636633917,0.9994958015016816,1.0051943077005245
105,2839150000,1.0034803215452432,1.0020366342064466,1.001107851949185,1.0023016570996053,1.0024398240583396,0.9986134614917537,0.994375938009012,0.9941177168348433,1.0037833728525585,1.0004791873180658,0.9989460655458573,1.00395060962491,1.0030984157035467,1.0001387753405366,0.9952255075336417,1.0045016688108723,1.0018567575698927,1.0015087980622668,1.0006344082517917,1.0020035134507959
106,2839425000,0.9958570637871283,1.0026588244109942,0.9971466593124995,1.0011489138144607,1.0014488268218182,0.996820857385258,1.0041231233991703,1.0020233031241743,0.9937851556750428,1.001040522072304,0.9980195484420985,1.0028618111250565,1.0028413417304756,0.9954954574313231,0.9921395805127845,1.0020694832397925,0.992077493911373,0.998748998350384,1.0052592733514305,1.0056973470445654
107,2839700000,1.0034721121981554,1.0002341262842198,1.003318894988247,1.0024838803553613,1.000199771398045,1.0062951978119714,1.0041386569117783,0.9991064545610348,1.0001133184510806,0.9983241201885573,1.0024675599845108,1.0089248162476678,1.0051591015674461,1.0000391610053436,1.0000931155382005,0.9990753863504879,0.9968987486448818,0.9997994414403955,0.9994217122884281,1.0037288024724464
108,2839975000,0.9989572312777377,0.9993819881917244,0.9956366451297741,1.0009799001257789,1.00251435871002,1.0028608096582303,0.9952274252921687,0.9987664680290299,0.9970195470871291,0.9995546939518214,0.9985750942536262,0.9927697024992062,0.998593600247683,0.9975142802061764,0.9968574708142007,0.9976576015028357,1.0024688877134427,0.9999575128727788,0.9978763944388224,1.0047009579349027
109,2840250000,0.9999324038443911,1.0011112337262114,0.993495749839171,0.9991377802130252,0.9986280355846413,1.005732184576649,1.0002755088742037,1.0007794088160544,1.0014917929143201,0.998860745979563,1.0028179254992782,0.9981657379191878,0.9969513113666593,0.997222066132933,0.9950380269890322,0.9982013619563969,1.0040182149797379,0.9945011570315693,0.998708829803196,1.0038149203902624
110,2840525000,0.9920657172236473,0.9996379521331262,1.0033132181900315,0.9971789462170568,0.9990074872513023,1.006264810376467,0.9953451562329407,0.9928242178857396,0.9999645214892444,0.9960459579115089,1.0031465560298336,0.9975047146271183,1.0050363981449597,0.9975525876408333,0.9997575828740314,0.9880951933819353,1.0072657618448484,0.9953594297938364,1.0011119709837375,0.9982081432546538
111,2840800000,0.9966154345117918,1.0000945611152479,0.9964003363831255,1.0032569255558814,0.9977479789083195,0.9929405545227327,1.0049222668619602,0.9981812310432602,1.0014812336487646,0.9986474467659533,0.9946606719421912,0.9946113498264721,1.0004115123699262,1.0029474144835275,1.0071998418663237,1.008001656927114,1.0022025951314566,0.998552854573704,1.0089517653365472,0.9998365535098397
112,2841075000,0.9978360761470324,0.9933639636715562,0.9954590739951945,0.9971070058485437,0.9946543497769241,0.995881652181074,1.000829402400534,1.0005715535844033,1.0024868641866274,0.9989397451837279,1.003257575461642,0.9993571257236673,1.0003158782027313,1.0000116468010063,1.0017063865303895,0.9972141654937425,0.9992672360513941,0.9952825446097568,0.99672753740844,0.9976471737081566
113,2841350000,1.0058682855632948,0.9935099974792708,0.994414874257756,1.0038811978476552,0.9927239341030291,1.0017600997158562,1.0006580917950543,0.9947014637300274,0.9981904209264715,0.9974457365502528,0.9949962681848395,0.9983007110396959,1.0076905141136836,0.9975368260514238,0.9942196273874468,0.9969016438965047,1.0023644951544668,0.9994763451630964,0.993445440118424,0.9977217383764385
114,2841625000,0.9974280767467775,0.9958358113617056,0.9994649258618785,0.9995894858513473,0.9995040061146004,1.0005151214637191,0.9908623410880388,1.0017275372138705,0.9985410638603585,1.0015439052365696,0.9951138270966833,1.003611232602934,1.0010428226554926,0.9962157007486625,0.9998014662718394,0.9956573594816901,0.9988948554784749,1.0032232345941272,1.0038878014994255,1.0008552126453145
115,2841900000,1.0001052484751554,0.9937432098148405,1.0016612552004414,0.9988759430623385,0.9926038485535061,1.001549848583298,0.9994696976415964,1.0017247869380954,1.00021493634082,0.9963583735933684,0.9991247425913887,1.0025305512178075,1.0015545391293976,1.0070571871419305,0.9961954957883024,0.9980711894954002,0.997586082467076,0.9981384495184041,0.9896273718231784,1.0016554824642663
116,2842175000,1.0006549877282815,0.9956865911482216,0.9968129903981511,1.0007164186166,0.9998225660208164,0.9985372632643147,1.0018855215046485,0.9952693667351733,0.9969173947187346,1.000441536210278,0.9948336630437075,0.9948911497683381,1.0010261240718044,0.994867818591562,0.9979374997628725,0.9976643635163205,1.000640261359557,1.0062065480025497,0.9971336054731557,0.9997189723396522
117,2842450000,0.9955129898183444,1.005472929448417,0.995716943163417,0.9982102784755478,1.001762506659089,0.9950213366045945,0.99898707090391,0.9984129784070459,1.0041158258635847,0.9991597247724601,0.9989211530532753,1.0010116221159044,0.9957209704357123,1.0028918913005982,1.0012708430265096,1.0019452720732327,0.9969866660538341,1.0019501032358102,0.9968110591357212,0.9985295386036169
118,2842725000,0.996845588883248,1.0040289712284263,0.9999097730522913,0.9909335399425104,1.002833751576609,1.0021817651636227,0.9984929790105376,0.987216765461327,1.0001171690472677,1.0022770871407163,0.9979921029305244,0.9994094758860019,0.9977002649606413,1.00126573335152,0.99601184539655,0.9914849402547111,1.001137849451809,0.9964596348057086,1.0006323645695772,0.9940392200497661
119,2843000000,1.0027577480036247,0.9977629001940402,0.9981803686076922,0.9967483193596506,1.0012475397852056,0.994683150569095,1.0017088767945954,0.9979172787530869,0.9921732593213082,0.999184309866437,0.9986050808469568,0.9988070497574965,1.0018175393175783,1.0070692249635884,0.9940344246289683,0.9976254972644126,1.0027240849353567,1.0010051366735961,0.9982571440001307,0.9938240485404928
120,2843275000,0.9975763822490527,0.9988412625498454,1.0006763256353188,0.9949855745908545,1.005861621585208,0.9991758638824726,0.9984438732164831,0.9937301012974435,0.9969019135701053,0.9910089530880556,1.0005301032229441,0.9971589050065433,1.0043456241146074,0.9950088868138985,0.9966768522011252,0.9938288255649197,1.0064340354824084,0.9980122881527353,1.001162147979348,0.9926565274953856
121,2843550000,0.9948124022138897,0.9979499203851485,1.0000130065718,1.0010928775729833,1.002224028085485,0.9971681084491848,0.9923628918708987,1.0010271289084964,0.9974664596493893,1.000893324344052,0.9994498285671796,1.0015483453465757,1.0037028446861684,1.000093338319722,0.9975486392722642,1.003848066624326,0.9994859892031317,0.999007578774997,0.996973003298206,1.0033566099763938
122,2843825000,1.0035547861684098,0.9978700901830346,1.0017033593194768,0.999597704259615,0.999292782783661,1.0009077692513337,0.9933584590600235,1.0002011377732625,0.9977367979053511,1.000183988411399,1.003384791703389,1.0037663041560478,0.9976506374879547,0.9973044343765411,0.995812052574861,1.004313613150517,0.9946207069578503,0.9942232955149601,0.9975320043039737,0.9966255270121298
123,2844100000,0.9963366855316912,1.003366065241351,1.0019078995614754,0.9999720848581285,0.9975793574447243,0.9992588474305849,1.0075253374675865,0.9999614006051541,0.9994165658475713,0.9998157219648985,0.9944794178548749,1.0029136927159945,0.9971882844961133,0.9991024246674014,0.9935960567458676,0.9969275178576039,0.9905716995723811,0.9943178171414688,0.9998569903939705,1.0000653327203968
124,2844375000,0.9969315599596403,1.0003026767971983,0.9978167327487102,0.9929807255723346,0.9992441727433403,0.9980983852749442,0.9992011935211371,1.0006135133156098,0.9956218732521868,0.9968114396343146,0.9992338010516938,1.0004106463028597,1.0076951065851227,0.9952793973107859,1.0028931471456732,0.9983607617125776,0.996263713534898,0.9967586869489885,1.0062960645524848,1.000186792536623
125,2844650000,0.9962208709600129,0.997217481217541,0.9965962578507939,0.998042876485791,0.995259865075061,0.9986927072071894,1.0001441318197306,1.0045039102422504,1.002233063277281,0.9989062356423299,0.9992496664036934,0.9987995956576781,0.9992158587596305,1.004549905298853,1.0021644083490864,0.9984876897139899,0.9965223200820912,1.0016039047860854,0.9998566668071154,0.9914101437949405
126,2844925000,1.0024510170095535,1.0022687553881549,1.0051891894266167,1.002451296502886,1.00062994748455,0.9997206704083845,0.9894490283422827,1.002767416904547,0.9967540939508552,1.0030377681524374,0.995313877925585,1.0027581257627625,1.0001861632929288,0.9926270666017585,0.9983963709156441,0.999516079183549,0.997749411988133,0.9981140414560717,0.996825379581066,0.9997905168848507
127,2845200000,1.000426106223528,0.9994176530032512,1.000233132678657,0.9965291513447982,1.0003689056149832,0.9964411482275802,1.0002921256384547,1.0073896741357395,1.0018784883241767,0.9959619378310444,1.0034104681368,0.9851449613470539,1.0074169055491016,0.99129102072915,0.9961247781871952,0.9938630048673325,0.9979459794809477,0.9922874855109215,0.9969636584167536,0.9961047702488061
128,2845475000,0.9990637279898397,0.996140616159885,1.0041889146290783,0.9967687950097253,1.0020233533267806,0.9953981954740009,1.0009075700104142,0.9949144367281694,0.9945495923879307,0.999718749333512,1.0004228102267998,0.9989839912911639,1.002300949884014,0.997871282568555,1.0025948218483354,0.9978618201204558,0.9973553043100502,0.9996695288174875,0.9979623668705264,1.0032889368984481
129,2845750000,0.9957771020244204,0.9935946477096931,0.9932736246570075,0.9942506639018245,0.9996828040079256,0.9968138027749657,0.9911118542280428,1.0018631355303091,0.9981942857447587,1.003629959824853,0.9950293935668052,1.001314030613922,1.006334845969276,0.9961694328224323,1.0000263913423812,0.9988276918034732,1.0011439951658694,0.9999450591409645,0.996155996058456,0.9985897232867323
130,2846025000,0.9931985590885656,1.0053403313581895,1.0038365877486275,1.0023443839781916,0.9998916231591998,0.9926418548415405,0.9913848371187127,0.9935708167560088,1.0071516019862932,0.9995362339881585,1.0048857538131313,1.0005977971873363,0.9926973040749438,1.0022756090130729,1.0028689839541751,0.9980241595447185,1.0006359833542928,0.9995655868147395,0.9958566600735475,1.0051779888205226
131,2846300000,1.0058744355574414,1.0008854356524475,1.0018635912923013,0.9938262896617472,1.0039721654308218,0.9975041566211639,0.997216251906789,0.9957960195115289,0.9970836349206649,0.9967257622879172,1.0005897443839884,1.0028468463211226,1.002128704227223,0.9998597456739584,1.0009189991925425,1.0006634373502943,1.004039259306026,0.9958832945227245,0.995553344161332,0.9977824189593799
132,2846575000,1.0016139124266614,0.997167754228164,0.9947838236155645,1.0006463621559978,0.9962310237753779,1.002659234176384,1.00033538779963,1.0008475777255337,0.9872667614345806,1.0028024871867764,0.9969875507990207,0.9949724828431611,1.0012475208072478,0.997440078241754,1.0054186044748723,0.9993539100125184,0.9961801971620761,0.9980934701573041,0.9989489159398526,0.9978187393367467
133,2846850000,1.0058978589013237,0.9928714135105706,0.9951222558382143,0.9971112001823701,0.9938254354664171,1.0022069308609096,1.0027080239787483,0.9999245470847207,0.9988789494583467,0.9982242798934197,1.0019686869731497,1.001155688714914,0.9992042401843737,1.0000635770891846,0.9936094700114058,0.9958695925468302,1.002566009172941,0.9962188692769023,1.008484513663966,1.0025700309393775
134,2847125000,0.9922900420991767,1.000074853166157,1.007204881123927,1.0041279051255345,0.9969769066675246,0.996862525448341,0.996009625922708,0.9979153163279515,0.9945223805896253,0.9888729569927621,0.9982277883445069,0.9947857285556034,0.9986846591421936,0.9964597539360867,0.9958352215044354,1.0018927044690622,0.9937795994913694,1.0001686352607437,0.995300047316366,0.9953020919294132
135,2847400000,1.0057545497627771,0.9926957809826529,0.994250100196886,0.9945359115215072,0.9958442515104765,1.0045046653845588,0.9996314537045321,0.998318103102944,0.9937063708497348,0.9992410393638544,0.9983895166606731,1.0000882819275654,0.9972289315574171,0.9970850610724238,1.0032512748174462,1.000777797293043,0.9977480240287951,0.9951104959542617,0.9963920747084771,0.9973922578940374
136,2847675000,0.9948955237675938,0.9951292299405372,0.9982130606929905,0.9966336511193662,0.994749679085884,0.9960316057801978,0.989865367499811,1.0005053917362843,0.9983650002347747,0.9997648625385198,1.0008530742520747,0.9901520346847906,0.9969109724684477,0.9996161287297245,0.9990014510050412,0.9996086525888649,0.9948026979270977,0.9975668453400336,0.9902524206844329,0.9935302565891121
137,2847950000,0.9959289341882822,0.9886356358968974,1.0015990961325398,0.9945975795768695,1.0039855399539712,0.9999438569221681,1.000320753112283,0.9945813001039058,0.9900304984577355,0.9948700372485731,0.9978423003619947,0.9983789174678644,0.9963602875915172,0.9985497328256719,1.0002541975992798,0.9924631680834305,1.0031872972529328,0.994074302823278,1.000519414534085,0.9976142499333572
138,2848225000,0.9954161546970774,0.9918859654784787,1.0058259633305409,0.9982715740115555,1.0022720058943506,1.0008252646077715,0.9971982394683253,1.004342402524944,0.9948082330948226,1.0000833218258605,0.998321216239188,0.9977273285596668,0.9973364578151277,0.9967713175636204,0.9974139150206373,0.9995552480101114,0.9952805069836481,1.0033671066071712,0.9983158856808481,0.9923933555947672
139,2848500000,0.9947065656990269,0.9918335085625184,0.9978571555379487,0.9986259120425995,0.9931780260098642,1.0034405386152285,0.9987467540611978,0.9982575904730525,1.0011721594779586,1.0028454100374633,0.9954262778828303,0.9956545214114662,0.9975709147152905,0.9950601025670077,0.9968215875868931,0.9890293531230151,0.9986445503117404,0.9956682649486236,1.0011441790221356,0.9944051984280197
140,2848775000,0.9964638432562238,1.0041859499566428,0.9993709267209777,0.9927720244344957,0.9997944916353116,1.0025319281886458,0.9973297294980891,0.9944404754810513,1.0062861083939139,1.002373993608253,0.9980363622020394,0.9912328199171091,0.9940991093983371,0.9955164486711877,1.0004763664316574,0.9952736470232272,0.9932867051814859,0.9998055536255429,0.9962283835410761,1.004868192462076
141,2849050000,0.995847226520993,0.9998839992741991,0.989456233150272,0.9984202593170431,1.0004157582062803,0.9972195278963734,0.9931980626833474,0.9904783893637576,0.9951878680427735,0.9965705575547522,0.9968439101507467,0.9924163824480192,0.9936034885267601,0.994060187315429,0.997105930488827,0.9994547382629049,0.9961897306033126,1.002616389256799,1.0032461338291514,0.9989929223696145
142,2849325000,0.9951704463174879,1.0004192717857778,0.9985867785978957,0.9992647251839168,0.9942222796976937,0.9954582944435048,1.0018043569785997,0.994490851368569,1.001238636379519,1.0007188212998694,1.0035153388049913,0.9998875200070734,0.999163758098013,0.9932602463928629,0.9930376552743841,1.0050327634835312,0.996333790357302,0.9979068969796056,0.9979814535799078,0.9996639556181268
143,2849600000,0.9943062518811143,1.0021757800267161,1.0010297253164644,1.0084318996681514,0.9984767043252862,0.9969872855009598,0.9951866457536788,0.9977815979047671,0.9965838910461359,1.0063340479507015,0.9950556990528979,0.9978316013577667,0.9969025069789562,0.9970201075291756,0.9956412705763563,1.002893497830407,0.9997078265261538,0.9967544269939046,0.9910589049141763,1.004092661428627
144,2849875000,0.9985295918933572,1.0031369153123268,1.007789026774549,0.9992238403038408,0.9969923579110598,0.9994411913683979,0.9940395764660763,1.0002334196334564,0.9904901354201281,1.0023628515288738,0.9959034741013806,0.9910046111312515,0.9990359035857611,0.9962571514268569,0.9910690691060765,1.0015713056431588,0.9945091646081096,1.0019717696016275,0.9995877245158732,1.0006833230428935
145,2850150000,0.9973790417100928,0.9936035438598374,1.0016143962425927,1.000327828691985,0.9927807240986251,1.0032132788164978,1.0031746939132498,0.9960369900312025,1.0019935534623363,1.001235871873721,0.9987891418668868,0.9905938905135323,0.995236431511009,0.9966908970355527,1.0044114106338333,0.9961799390975347,0.9930316679935962,0.9939093304815086,1.0012259590048729,1.0002101066696232
146,2850425000,0.9951964036904233,0.9923605914807366,0.9928995764164458,1.0007526545023757,1.0048552490007925,0.9955547874988273,0.9916601173878689,0.9990047250817761,0.9936673519447873,0.9974010348255841,1.000492904757988,0.9951878073051591,0.9968932621502786,0.9930239682877975,0.998810527501122,0.994572555010737,1.0027426625233544,1.000875103128657,0.9924782983847795,0.9974922074928072
147,2850700000,0.9920995083011143,0.997758800016573,1.007431161984201,0.9991287491201093,0.9912079767790578,0.9974654118747426,0.9975178673617686,0.997680375348694,0.9959242579371159,0.9985397191299682,0.9984437405810173,0.9997495181223094,1.0014624186176377,0.9941568024444679,0.9996051675958674,0.9998720304711105,0.9981045285413098,1.0014806232507385,0.9938411850796042,0.9977051632011379
148,2850975000,0.9968481619402754,1.0003320282641048,0.9987855911468483,0.9930422331418571,0.9979536487787039,1.0015070465388036,0.9972654052514316,1.003192188305782,1.0028657909983085,0.9941030176638254,0.9985937143539658,0.9957319794444929,1.0005809511180153,0.9910797200716189,0.9970583569689461,1.0023727262354427,0.9950469782102049,0.9965642060558797,0.996755009608352,0.9987576818467092
149,2851250000,0.9971972181948887,0.995218640296117,1.000793502730483,0.9958235326245696,0.9979362056319875,1.0007185402457346,1.000953452936662,0.9918434652991868,0.9950770521850566,0.9914767885943531,0.993150897526102,0.9948515245499717,1.0038987090450302,1.0001479464485223,1.0003723244065563,0.9910982637524337,0.9911159432282405,1.0035693473515166,0.9934364987807223,0.997964782962468
150,2851525000,0.9966282858161117,0.9965163241171804,0.9896764273926549,1.0058311938388542,0.9954404019871562,0.9938870234403471,1.001826413812851,0.9985281035905995,1.0020953111842834,0.9985414139761714,0.9933262488451233,0.9998077127065446,0.9945096029223233,1.0025570739634353,1.0012615057040788,0.9978047882343879,0.9953622324233813,0.9979182417796676,0.9882866083761972,1.0001376124653703
151,2851800000,0.9993631148119372,0.9939388765235115,1.0032857290344643,0.9968379402529858,0.9928450723184016,1.0006126986396204,0.9971484427912204,0.9918368032762163,0.9937542287924936,1.0007125402914532,0.9916073849360241,1.000674225202755,0.991177007380716,1.001652107277273,0.9872073431093888,0.9912159230015405,0.9930987653975062,0.9946000700572297,0.9996450367621622,0.9926840605500507
152,2852075000,0.9966838681122134,0.9993367856395937,0.9978204307498606,0.9995967958934963,1.0023938651542466,0.991459109817381,0.9946442030624204,1.000092845797512,0.9973043666828538,0.9957520091945897,1.0023980125942566,1.003763901900877,0.9927788462625529,0.9923545047033879,0.9962344255165809,0.9960508300048146,0.9986435364482735,0.9991449918151377,0.9867956244517574,1.0054159734615544
153,2852350000,0.9942840616869865,0.9943223742445826,0.9968522276235616,0.9979257812978589,0.9913585216233407,0.9956587804568906,0.9920915211907831,0.9940632149496726,0.9965325645283863,1.0026291125357754,0.9934449504844022,0.9983244219206481,0.9969820230738482,0.9952028285679512,0.9953918035832673,1.000754464431984,0.9971574266728361,0.9902333756487937,0.9902600006811664,0.9966290465712527
154,2852625000,0.9954593221719555,0.9952766228081568,0.9938963363040734,0.9904431257039067,0.9942532779399867,0.9989315994983324,0.9899226873360879,0.996774146681355,0.9914807209837312,0.9998942218990131,1.0075579603317026,0.9960262577514999,1.0004923998477133,0.9957981305101623,0.9966733238118758,0.9948871973106765,1.0020879545601435,0.9894754028075893,1.0005920292367836,0.9925418255578079
155,2852900000,0.9943308894320069,0.9978383522824769,0.9969253231897498,0.9893130623393278,0.9907939024090964,0.9931174674875834,0.9912647869628702,0.9886699683613096,0.9970980093812574,0.9958287472792677,0.9873663356595715,0.9988580962832867,0.9918325455192397,0.9972731966399668,0.9904732065377576,0.9947538161177361,0.9999391994060846,0.996431009808984,0.997684177988287,1.000972355840109
156,2853175000,0.9986257919503874,0.996058735835111,0.9979670686850927,0.9999887230717257,0.9954470194882176,0.9937279833218028,0.995677432854123,1.0000430915396545,1.0028353663148073,0.9961122352903184,0.9964332325439391,1.0002992999407805,0.9906381729632435,0.9971568188454811,0.9947502700987632,0.9922272326698297,0.997157469572949,0.9974125536793875,0.9956726554926882,0.9905632127325068
157,2853450000,0.9978834088982061,0.995819448997945,0.9954586634275515,0.9958324145668375,0.999626342652947,0.9943020460773001,1.0017273955200896,0.9919118317825744,0.995325356293515,0.9929276487091,0.9972010437580724,0.9959594563682497,0.9860708901594151,1.0000160728712393,0.9931721927709165,0.9868333098161759,0.9967511423204879,0.9927843647581533,0.9948882139010927,0.9909607117166318
158,2853725000,0.998300178277041,0.9883010539902505,0.9952923218449882,0.9916581797573734,0.9973626946063824,0.998141398028373,0.9961504791938761,0.994460174646125,1.0005146792071757,1.005222494696191,0.9929588161429096,0.9988507622279965,0.9939476503760369,0.9903050488143442,1.0027092387775551,0.9951598600011463,0.9945942864569024,0.988853225629632,0.9974168796605695,0.9916648038211212
159,2854000000,0.9909615369408608,0.9984799632207724,0.990397767928504,0.996931159139223,0.9946162427469046,0.9924140129808787,0.9943235665091235,0.997523915743598,0.9915301867413602,0.9912306026054231,0.9962022726674885,0.994509091804329,0.9947600212753327,0.9967531813628254,1.0001548288097812,0.9993571352679417,0.9929157847282924,0.9911443455435417,0.99363935740639,1.0013479938277707
160,2854275000,0.9978124008186856,0.9941031567118883,0.9988579898914401,0.9970323291815001,0.9973329989208173,0.9937571068151432,0.9945260317448862,0.9964273628934551,0.9976064053966266,0.9915208251514338,0.9945385122255976,0.9955825085917221,0.9903772633483119,0.9956776612890867,0.9964624491829261,1.0009892446075481,0.9913127273676607,0.991127899774397,0.991551014175556,0.9929426861475393
161,2854550000,0.9928159278297672,0.9968300890921168,0.9968100689770183,0.994180971037519,0.9934206310509142,0.997829790645518,0.9955855733287563,0.9917669356192388,0.994991585517367,0.9977398947102,0.9942562611835992,0.9981124437909966,0.997932006700353,0.9869129854961858,0.9968494785345124,0.991432428499576,1.002303248832332,0.9934487742953444,0.9876532535624184,0.9946564161537013
162,2854825000,1.0016826068431701,0.98923469047699,0.9894439847750924,0.9918348882614719,0.9936963732790013,0.9970696397102833,0.993708303039464,0.9922841553630473,0.9918344211612724,0.9903742483084983,0.9964606720688647,1.002415163907619,1.001609748889035,0.9920033523705974,0.9946837785707119,0.9898222678470876,0.9912652205082111,0.9927631929435499,1.0004250967038841,0.998234313819423
163,2855100000,0.9998304196487715,0.9864166187930716,0.9992701559057615,0.9962156263498093,0.9937576908462148,0.994774290277165,0.9936312149321856,0.998231255007778,0.9934293198229681,0.9976014006654077,0.9925270952423769,0.9922801772867543,0.998610630130273,0.9928978052701544,0.9927786835068759,0.9947716747961686,0.993749180376151,0.9971497264284174,0.9913684407850138,0.994721826974839
164,2855375000,0.9948475708419533,0.9909262315878732,0.993805168736941,0.9910866683191633,0.994950908422869,0.9956978839550796,0.9926036750624002,0.9934394484612585,0.9932551585135916,0.9934959601794285,1.000544939381186,0.9963613928930642,0.9990280813268674,0.990282329333381,0.9871984430386096,0.9904130301261261,0.9894890222509762,0.9886387982563997,0.9960733451745267,0.989482551877811
165,2855650000,1.0007596689883347,0.9939369029200018,0.9927588907745782,0.9997935820025611,0.9913817730627936,0.9943743422626421,0.9944780542629389,0.9966048200821613,0.9933857125521085,0.9942927526238622,0.9932076829225817,0.9944848584338375,0.9891085387081193,0.9920003617565785,0.9941330246702169,0.985892872144682,0.9919684742795812,0.9987157154714817,0.9955917737455349,0.997856268202779
166,2855925000,0.9989535766539384,0.9918155871335496,0.9864150522059895,0.9939020338317057,0.9925186172474516,0.9948445439136402,0.9892583444269237,0.9974396627665986,0.9896877338403214,0.9960922707080198,0.9894130272851094,0.990927739508448,0.9937146894652514,0.9912814750859582,0.9883553420465148,0.9948485928090739,0.9900617546577802,0.995787493638184,0.9852694378434165,0.9904432085375731
167,2856200000,0.9998272425663264,0.9920033645129714,0.9890735299151668,0.9901825681525657,0.9995519107148484,0.9998170648803196,0.989637038624814,0.9949931152377615,0.9912070838448606,0.9989274629635754,0.9884111444361356,0.9924629399796894,0.9911519895838441,0.99226298516496,0.9940530178502186,0.9911256844115667,0.9948305980237618,0.9930214791852826,0.9984775486649698,0.9952820288535538
168,2856475000,0.9956644203175279,0.9886474685200032,0.9968582372655745,0.9991883563819526,0.9939901530644542,0.986486465928194,0.9922949236102271,0.9935820640635065,0.993935915819927,0.9914645760201563,0.9981949206758108,0.9954685686865902,0.9918165278200475,0.9915154693119154,0.9915363159959001,0.9893918680354737,0.9945746735701975,0.9919081534658686,0.9935025043420609,0.9887312507575907
169,2856750000,0.9908136826841931,0.9925505825512428,0.9924085223253646,0.9852310588268903,0.9936695688848022,0.9914626328848586,0.9848679072740874,0.9856570079564214,0.9909133639756447,0.9912288561332645,0.9903530859713884,0.9887477966732294,0.9905704859311164,0.9928929797485838,0.9969703317199835,0.9893096467786945,0.989880483222618,0.9951872279445905,0.9875866244096476,0.9940025024483394
170,2857025000,0.9832899276724962,0.9892124405785931,0.9858107627095876,0.988906265814467,0.989403970309322,0.9872546150102294,0.9861235763139905,0.9949872343897447,0.9928885655950331,0.9959332535987601,0.9914191437379603,0.9910144288925701,0.9871285963733563,0.9845592653040286,0.9951097098208873,0.984064973876603,0.990916795530437,0.9873933176855163,0.9900620289034433,0.9932326777012996
171,2857300000,0.9863775356475526,0.9898736570168939,0.9888747428962401,0.9898658811000712,0.9938987463076037,0.9911458413229106,0.9857008803124301,0.9920474137044972,0.9927553399294544,0.990691050855031,0.9915998400699121,0.9869405552669666,0.99009234547406,0.9885018611640461,0.9881959150009907,0.9873787393402457,0.9879074284024734,0.985463873185485,0.9874116844328299,0.9940761795306566
172,2857575000,0.9833781175384942,0.9918899984991442,0.9847370717873797,0.9924187432903864,0.9891041194895014,0.9962205813209537,0.9892265644467991,0.9914425070594114,0.9900834025971036,0.990156143881903,0.9821692728963212,0.9888260345692151,0.9871946677389272,0.9881344840910903,0.9893498287130028,0.9874246181422949,0.9865324702001114,0.9892140744228105,0.9859944993802124,0.9927540878426802
173,2857850000,0.9892703632275509,0.9968167568344259,0.9791917107698384,0.9884057639343862,0.9869400118001697,0.9867507839419992,0.990665653438774,0.9908737778781733,0.9911330015770481,0.9889754015182511,0.9896045994994581,0.9877066055138696,0.993705652541014,0.986549043903592,0.9836173244016106,0.99314585455357,0.9980042772770191,0.98281299143722,0.984044014426441,0.9911288982671616
174,2858125000,0.9869440497297977,0.9857335338771557,0.9901338576752924,0.99209249710167,0.9843233083529422,0.9914056272413327,0.9945020063857067,0.9884064903139408,0.9883011250419599,0.9866340349180512,0.9957179248866576,0.993203040687007,0.9901381572622941,0.9922096464230936,0.9942340826805894,0.989570340121137,0.9962210268956275,0.989025044859685,0.9795098587711556,0.9877697498724562
175,2858400000,0.9836335679095006,0.9885296477703716,0.9834966903427296,0.9872495248184114,0.991565716651223,0.9894996725880503,0.986257564440221,0.9944150524524279,0.9949779041680636,0.9924286309343251,0.9900922077190896,0.9841653268824333,0.9957359623743194,0.9911819692726522,0.9847228831130713,0.9860616742892586,0.9913548658587057,0.9842195062583221,0.9939980322140605,0.9878888991476884
176,2858675000,0.9914539677149926,0.9921381765054142,0.9832514410027515,0.9939186301550844,0.9892299419494766,0.9828821000433193,0.9917519273270778,0.9871559657109907,0.983495669739973,0.9899784565569133,0.9856290604662963,0.9888926485198978,0.9880611048662515,0.9914760566754987,0.9945276074709538,0.9887622838855206,0.9888632314460073,0.9868128561057771,0.9863290099562289,0.99076661375402
177,2858950000,0.9885429235838806,0.9903469305313066,0.9899529865018868,0.9939524193415991,0.9868163818094617,0.9876773969502994,0.9830210275251499,0.9864711333023909,0.9896935860937491,0.9868921083261258,0.9833301212851758,0.9900611243758255,0.9840634937386767,0.9907302332441849,0.9873202813047527,0.9845320322945058,0.9906337334524347,0.9881538992072935,0.9902814002239098,0.9776286166612741
178,2859225000,0.9888303488708573,0.991817878265891,0.9835469566189141,0.9888773119796078,0.988057795356909,0.9816875471069395,0.9825856105513312,0.9872865750685724,0.9917486363627215,0.9943340404621156,0.9861581731276999,0.9756209463968197,0.9943022225396693,0.9899199142151246,0.9824796496888742,0.9865715495979851,0.9930013634731247,0.986726250746076,0.9884982739983379,0.9913287328483701
179,2859500000,0.9887239118403897,0.9837508279095847,0.9954186769983222,0.9851261454518336,0.988974246185371,0.9919552306767997,0.9864015023727332,0.9870882800505646,0.9924891584536027,0.9840596077515394,0.9840457465633591,0.9838332722396719,0.983971112776728,0.9817927965717562,0.9843766854196386,0.990545040218028,0.9924904444083921,0.9842764601825523,0.9877729157037113,0.9852079580449405
180,2859775000,0.9860072275125722,0.9832736478484896,0.9889430648994181,0.9900906089711661,0.9877263743426345,0.990370886360877,0.9862878761126477,0.9877322361089281,0.9842622981579027,0.9847199431441339,0.9904376602707736,0.9886790498041117,0.9909513371227284,0.99245311022053,0.9828932201426087,0.9850601218339695,0.9854746786270434,0.9849950953488229,0.9831995619062117,0.9825623922485368
181,2860050000,0.9917178279967431,0.9901218677285685,0.9812072007463555,0.9885101821006572,0.9819384582507021,0.9844300161480947,0.9859597633480138,0.9896247623422026,0.9841960968751968,0.9919344773117836,0.9861569515547653,0.9840727233761608,0.9805019621522088,0.985593084920441,0.980828358893242,0.9845030586526887,0.9873618672039528,0.9858650024095913,0.9885042797215541,0.9827088590487245
182,2860325000,0.989272131653607,0.9900692784921504,0.9871191068388836,0.9862697316225701,0.9766152638300262,0.9856000113784104,0.9847766714983218,0.9784327739739166,0.9891382740586052,0.9780652770151198,0.9838316793476339,0.9871957100728803,0.9794360949093454,0.9857549748416513,0.9802387611107213,0.9843046649512177,0.9792990675012012,0.9827242685356691,0.9889256791664987,0.977790762751941
183,2860600000,0.9801895565414221,0.9866717903370968,0.984871151108572,0.9823233773591267,0.9866864527369608,0.9775841157005666,0.9831782680524507,0.9819431954800141,0.9831519929298759,0.9795071631683522,0.9845565305462511,0.9827745276686728,0.98021826546282,0.9890761395876019,0.9836131144022817,0.989265830719473,0.9795469802306254,0.9815954766094654,0.9870943780791561,0.9858235838057364
184,2860875000,0.982706213154554,0.986368719487957,0.9760584636698882,0.9816961546213401,0.9820169699941756,0.9832417741628219,0.9823449713843294,0.9868122324941028,0.9777289515425448,0.9868638593197976,0.9876989895980224,0.9850838709826621,0.9847638148328904,0.9790767049323262,0.9806433737096257,0.9826681201058887,0.9750706664440661,0.9887871264932658,0.984735907367543,0.9798125124019369
185,2861150000,0.9806970784213223,0.9796171760095466,0.9844485895668432,0.9832596098284656,0.9864940407096197,0.9862783679501278,0.9813945466864421,0.9791545680501582,0.9836350932940737,0.986490005558186,0.9882334833158902,0.9863267714718819,0.980702185794284,0.9827886347054117,0.9866713664609855,0.9842529206996319,0.9819028584103017,0.9832663233722191,0.9865912210343061,0.9818611006728689
186,2861425000,0.989455462823356,0.974469211787677,0.981217971771119,0.9750488575324721,0.9813170510432905,0.9773611854789345,0.9879673293720271,0.9847779876284103,0.9835475927552922,0.9806650388020922,0.9811581844954705,0.982660363003502,0.9775668543127565,0.9797828978143798,0.9826890056472001,0.981730136237193,0.983008464110513,0.9792858424517416,0.9806920257045899,0.9808383028061712
187,2861700000,0.9808221989125095,0.9820585532164803,0.9789140109248213,0.9855725984357704,0.9846267269992091,0.9893030526101462,0.9818397259462769,0.9821512756093322,0.9878081046418835,0.9859793901782963,0.9804096336152389,0.9800192014995844,0.9804617121890236,0.9846760666774762,0.9869570182917607,0.9843514434083422,0.9895124573935973,0.9893453420078374,0.9808844419181202,0.9799683595808528
188,2861975000,0.9823455032844141,0.9776565698386994,0.9853502363404081,0.9807440714064948,0.9856205306830907,0.9798315684035298,0.9802397983936804,0.9834852671248195,0.9755581978190145,0.9818025260538417,0.9777352431607269,0.9875507958751439,0.9745641994726566,0.9805172778693344,0.9808417120709443,0.9816924979553637,0.9836788820159839,0.9794553415459522,0.9743761349861797,0.9781746873041451
189,2862250000,0.9740818105568152,0.9796157083589255,0.9786682128083762,0.9796404637625691,0.9885254494633308,0.9808051665367338,0.980177879429905,0.9761432973900666,0.9742419741573549,0.9746326695545771,0.9820584267547025,0.9820144787875806,0.9837004861741494,0.9800672766010213,0.9839851263128673,0.9785624461055532,0.9832198156038043,0.9808855695100587,0.9832371364364844,0.9798933395405214
190,2862525000,0.983335503201964,0.9800446149833535,0.9813864940406982,0.9829645894148169,0.9834557654367939,0.9780971767576064,0.9810362987967062,0.977191150872434,0.9858986825082058,0.9824653960998364,0.9906683868191374,0.9796971120130155,0.9778489748590377,0.9809613935014232,0.976770194138132,0.9788630181249783,0.9810196842021754,0.9814760787206658,0.9757712939928732,0.9759766229852941
191,2862800000,0.9756496634172633,0.97906502603861,0.9800933519687404,0.9741253949788308,0.9717682367244865,0.9727910109410325,0.9793461260328836,0.9834261916880952,0.978114838341821,0.9810294948634417,0.9805296624519587,0.9733723287278861,0.9745502294439466,0.9820278939173828,0.9872940365110715,0.9798614454764886,0.9767395786600285,0.9790901462187444,0.9767532521519889,0.9784108039491479
192,2863075000,0.9807784142070475,0.9824793319043506,0.978121935189961,0.9802560529749786,0.9832046321034741,0.9714451623861015,0.980717886477192,0.9796878552758695,0.9801978950063555,0.980333843431857,0.9748555156568833,0.9774728584527619,0.9716217919706177,0.9752125403586753,0.9776351915205125,0.9710178838981508,0.9744023864457994,0.9814887639078529,0.9735617717221268,0.9725673255119928
193,2863350000,0.9786629204284732,0.9742753136835812,0.970706341039763,0.9703858414625618,0.9772970665254658,0.9751803902407147,0.9761388502809969,0.9712952352852714,0.9774392014647137,0.9769850316632754,0.9748693249135176,0.9742964123956442,0.9752071418527893,0.980600024048053,0.9823209475959099,0.9772158549233149,0.977907307851378,0.9802787735508152,0.9691144472676326,0.9798222313654923
194,2863625000,0.9772068335730952,0.9777229429733127,0.9855636341626156,0.9754447449518562,0.9845516635071804,0.9822175332280493,0.9766249281448461,0.9802880863292059,0.9800259452081606,0.9772152556927931,0.9762726245322364,0.967078206331878,0.9680732662479925,0.9745849280695839,0.978724310524646,0.9784384611181657,0.9820469106761924,0.979435065614352,0.9733278735861444,0.9719860838396382
195,2863900000,0.9663579321307284,0.9776543436099298,0.975886452952695,0.9708020102474939,0.9741035930436243,0.9807821681310009,0.9746230282470513,0.9738434315268727,0.9789993388341494,0.9731929254600045,0.9765357185235434,0.97567672531164,0.9733373615673061,0.9770360409008984,0.9763599173307035,0.9772624311103341,0.9771337038700637,0.9733164850804602,0.9775192969786671,0.9780578993707476
196,2864175000,0.972854515803959,0.9727818812176356,0.9709125464699977,0.9783125406291825,0.9782262382538038,0.9761660049043817,0.9751340302721972,0.9744712716504088,0.9729802544938514,0.9754572257039076,0.9779078719421068,0.9741987939824363,0.9793825251917343,0.9723602885952441,0.9760146071567406,0.9719766830037865,0.9764940628970522,0.9773090355776259,0.9755027884069898,0.9813053095657264
197,2864450000,0.979746049110109,0.9717593382650458,0.9758702644814787,0.969626671721281,0.9741565462576438,0.974182934861206,0.9764405593890313,0.9684815310613517,0.9717115530917038,0.9688531230755366,0.9782821694311995,0.9756453157958404,0.9693584515069987,0.9739691373139188,0.9675279802829123,0.9760202941621331,0.9701580762581382,0.9694409877868624,0.9731137049291219,0.9708544831156793
198,2864725000,0.9840924141606004,0.9680359178507728,0.9724859056722912,0.9729915148955602,0.9712377761155866,0.9688654952919998,0.9747158802681924,0.9757497729062256,0.9717908118793714,0.9727740908568471,0.9716962868110103,0.9726650415046323,0.9776331414301181,0.971197634052797,0.9718051748682278,0.9803361469489126,0.9700481785294173,0.9696450922933028,0.9720939756845827,0.9614641944264053
199,2865000000,0.966393553908802,0.9715809105048685,0.9672191603946205,0.9714301351181471,0.9666482840028482,0.973521589419725,0.9708792921305598,0.9687342156311619,0.9715869295869608,0.9728521307963037,0.9721467584643889,0.9653117915685623,0.969089437821969,0.9733649888365205,0.9753173116926948,0.9746087883290561,0.9713211820101514,0.966953139693147,0.970557184134115,0.9772812054101858
200,2865275000,0.9709326141589314,0.960400291114935,0.9675974141864215,0.9745584913639483,0.9718184653796255,0.9680332699958698,0.9734981705955164,0.965945907603954,0.9754320892706969,0.967895305664355,0.9725604698098586,0.9695645261865549,0.969721455137132,0.9779666296523023,0.9774427694893701,0.9706093174478723,0.966532493273993,0.9657567225091721,0.9679426268414438,0.9681334158875866
201,2865550000,0.9639648248559501,0.9716260901890353,0.9691578515840664,0.9700771717680147,0.9622217518412058,0.9680396424834904,0.9723500165202384,0.9798141221604456,0.9766322572401008,0.9698986688892326,0.9685380548763809,0.9664815201849334,0.9673213109470855,0.9659078882535489,0.9675974383088439,0.973126594652027,0.9662897372460985,0.9652962936070756,0.9712001142544006,0.9756883657278456
202,2865825000,0.9695887787929401,0.9751419862939402,0.9745418881399106,0.9688447628231044,0.9677693328733382,0.9715311251715703,0.971911226347202,0.9651630915078018,0.9663246277595827,0.9729187275279355,0.9725988836463674,0.9744501169567414,0.9678107453209079,0.9747317589062254,0.9691444873270523,0.9680284601113236,0.9663533275648848,0.9633927342600183,0.972155403830833,0.9724247506320876
203,2866100000,0.9703451679988657,0.9711639956396783,0.9732649691416363,0.9628083856123392,0.9667828329985636,0.9736474219245979,0.977948370410695,0.9688998512804723,0.9734702577405985,0.9623232781619182,0.9604829210077098,0.9678028646353661,0.9751105412665213,0.967772452307028,0.9657827426873198,0.9718098924926784,0.9627052272275599,0.9711390526037128,0.9695112657573474,0.9706056809254812
204,2866375000,0.963996243913229,0.9671561043638205,0.9718279855278785,0.9703891775142426,0.9691808417532293,0.9701746648787737,0.9692913582611247,0.9670107606579217,0.9721962585851567,0.965911118171443,0.9745293164653052,0.965585779198208,0.9693910704218897,0.9718197020349013,0.9598411109872046,0.9741169654295034,0.9709006095214417,0.9662177576417842,0.9768827475917666,0.9658795713059132
205,2866650000,0.9663607023323777,0.9799164393901398,0.9689305097685438,0.9655358163318133,0.972173350444902,0.968853516720475,0.9635858331764614,0.9779786006424585,0.9704903808010554,0.965627747981168,0.9649091664277359,0.9693860694092179,0.9677644782950803,0.9694786723069446,0.9728813100161999,0.9726278127048696,0.9698745992053834,0.966670280060259,0.9728584264832525,0.9780647291242972
206,2866925000,0.9765134129222192,0.9696619836143928,0.9684346854110923,0.962344850221059,0.9668952422576113,0.9736577306915564,0.975604412136598,0.9712309886781707,0.9716058751929063,0.9708517355346248,0.964776083206769,0.9697029260409668,0.9742198776773194,0.9755261879905363,0.9698800690343101,0.9672935253448625,0.9702778129686951,0.9719038956443932,0.9697043971894004,0.9735450659809354
207,2867200000,0.9684794525877651,0.9667673388473632,0.9735038778253196,0.9758200772162251,0.9710701817259225,0.9763819834536822,0.9727317495778789,0.971597073071323,0.9839986174606037,0.9700466080473122,0.9731477811834967,0.9740252317533253,0.9720253644610815,0.969417938839702,0.9778262930942806,0.9694829652788276,0.9684528780968313,0.9672721572810076,0.9747470895662854,0.962455216744174
208,2867475000,0.9740980008082031,0.974298723625659,0.9717193255904532,0.9661805918270098,0.9753393931808336,0.9703050082563345,0.9736055107251281,0.972489687931065,0.9793357773518585,0.9695321909617904,0.971891014526365,0.9778289471616928,0.9774475162488414,0.9799294626454889,0.9771906044021869,0.9730515696675761,0.9674472488803815,0.9699982219832305,0.9710786192422775,0.9767392930640854
209,2867750000,0.9715442395997403,0.9809307516665867,0.9732759383654199,0.9703066535401496,0.9708335786416714,0.9739640642423791,0.9785695715893088,0.9742905799241046,0.9732815351105853,0.9752998710273059,0.9703627279516629,0.9729516715543883,0.9786878562187554,0.9704317513626908,0.9766702196194161,0.9745673882359396,0.9711824776672633,0.9685863005119101,0.9750802406585224,0.978021806307557
210,2868025000,0.9705731614093338,0.9776816388546012,0.9874889187394259,0.9733660426610885,0.9839693118569767,0.9755393381786936,0.9780435179083704,0.976581223008183,0.9739526717030953,0.9730336549500705,0.9839440928765069,0.9713850900787908,0.9775400259460402,0.9797417007051258,0.9781347680932362,0.9810215466363633,0.9769437570239384,0.9712078604923758,0.9730878676145523,0.9735002204346017
211,2868300000,0.9734949813622606,0.9753601119245024,0.9764561258846866,0.9804424181860807,0.977990741752587,0.980170133251127,0.9747024687211511,0.9763642849753545,0.9810048445103139,0.9764323895872028,0.9759541542773867,0.9779364796152239,0.9787973138572635,0.9763195034662181,0.9811430638678401,0.9866851138710299,0.975592660920143,0.9835888203254771,0.9821315896675671,0.9682836947488422
212,2868575000,0.9809211194673172,0.9813641435911263,0.976929737014451,0.9785264816873096,0.9793159802031581,0.9745581478772085,0.9783810306209476,0.9832364461396602,0.9789077293910499,0.9814506200407646,0.9839450987182736,0.9767297208772993,0.9784078598142435,0.9772219685030116,0.974072107438274,0.9773575582135313,0.9837862699490157,0.9784903716460341,0.978444917208488,0.9826925879344758
213,2868850000,0.9762267171575979,0.9822591908479524,0.984640689356325,0.9827433968244297,0.9786759919155452,0.9765964299944796,0.9756541909305733,0.9797315857424771,0.9780289749399503,0.981508368108826,0.9808918455999928,0.9799631609296255,0.980940514324226,0.9721481374058153,0.9856984904236498,0.9825145164124146,0.9780905103741957,0.9812107991449095,0.9814100915542565,0.9789959532225058
214,2869125000,0.9747935482707696,0.9774597175729864,0.9801592377539553,0.9761264045770827,0.9806631927896059,0.9829120999424921,0.9856625372920129,0.9808653395961662,0.9814457987557229,0.9846819519076786,0.9826115659270074,0.9782723094127593,0.9755040317355596,0.9869754125648436,0.9787544953062645,0.9766827205331758,0.9801210230901839,0.9764919543961861,0.9839550365750073,0.982740684733756
215,2869400000,0.981748062650232,0.9787968190045107,0.9911612269148451,0.9830459925603713,0.9778891271299105,0.9834979409102111,0.9867668202598674,0.980924513242046,0.9788432611087233,0.9793685428760454,0.9773357747492157,0.9785589776448382,0.9837018865674501,0.9733196067081569,0.9783616934577458,0.9750625806406836,0.9759592946760918,0.985182641201829,0.9855897250224108,0.9783492035749677
216,2869675000,0.9768887787138877,0.9818304759547017,0.9821031249674013,0.9837579210534887,0.9771483004307272,0.9816536001713787,0.9779359069396337,0.9760003984557136,0.9854360436255093,0.976690755563812,0.9807949719095637,0.9843212582006549,0.9811367025487062,0.987793075944488,0.9908796369070405,0.9814053270708949,0.9839777307230646,0.9859982236620013,0.9761255060313142,0.9797434904043127
217,2869950000,0.9786121553549724,0.970181761959279,0.9834312138630299,0.9787416941212966,0.9767362431263485,0.9750531669335385,0.9770996957880654,0.9865857287780507,0.9814206905573247,0.9788910935266733,0.9861480381549595,0.9801034225515939,0.9788476345795558,0.9803242627493707,0.9757714885404454,0.97597423321399,0.9787187732246233,0.9784422150308025,0.9742378874169008,0.978883353123313
218,2870225000,0.9795436181911564,0.9773431138095869,0.987278160083712,0.9839713193224807,0.9828338552245862,0.9784046159719205,0.9716580928163839,0.9749527502030301,0.9842848139449565,0.9838460320858873,0.9781611305084752,0.9797829453812336,0.981188895170374,0.9799457026649601,0.9775087914532694,0.970994130995772,0.9762552511515821,0.9763822333202947,0.9767023464446188,0.981300392591662
219,2870500000,0.9827482580701444,0.9757398084112496,0.9803017959877631,0.9743950058812464,0.9731973358480829,0.9723590944203978,0.9769790615100252,0.9769670646920785,0.9736511199236367,0.9776037456121335,0.9750182452487338,0.980298307129931,0.9792849829208555,0.9764306305446512,0.9819597825657504,0.9810326757021622,0.980583531852783,0.9800939386462337,0.9764648144350542,0.9758060027757527
220,2870775000,0.9781675648147744,0.9804814458340656,0.9704407364560134,0.9718664706757997,0.9808785039505076,0.9780943280855415,0.9725025750700127,0.9754950771964943,0.9784673171697699,0.9805654687812336,0.9820498535854051,0.9736392076909675,0.9779345785866854,0.9726374094679003,0.9696577404784864,0.9773046872799228,0.9758452536040209,0.9764219976768833,0.9791605505577295,0.9659391033971924
221,2871050000,0.9754744799961685,0.9775532645880792,0.9732594869973717,0.9738110568447388,0.9775759060567741,0.9694784876042962,0.9779940195232348,0.9758424627847792,0.9771379055278961,0.9708688025274461,0.9715720229400765,0.9769758046264417,0.9749242942989703,0.9698106897099149,0.9773665583355293,0.9719568690182874,0.9767656206272303,0.9756563791305137,0.977284478568919,0.9767189215370748
222,2871325000,0.9750401978085408,0.9723301605759356,0.9745583621452213,0.9734121472029618,0.9734152452902598,0.9699111897597609,0.9737555527487722,0.9708606033981145,0.9733095018009453,0.9803631187860715,0.9698339440422986,0.9723162598032327,0.9692436217451389,0.9736248592433955,0.969433206735011,0.9729742521443332,0.9731727201218512,0.9716580991202252,0.9782347919831629,0.9773485867230299
223,2871600000,0.9659371194844827,0.9811266138148959,0.9689928323814863,0.9720210915121034,0.9743695449919049,0.978385256846509,0.9687794280198246,0.9775584590174654,0.9706588653413347,0.9698880599549319,0.9700091601262404,0.97026426388619,0.9753538650345073,0.982331242537597,0.9730682161227601,0.9720459368470376,0.9755922945510999,0.9768763945392003,0.9724683756927316,0.9758168698846591
224,2871875000,0.9649881819798451,0.9704549643335536,0.9753148789689989,0.970748090101589,0.9694782051356498,0.9705316355195013,0.9770079120379805,0.9781792371556931,0.9655532200306973,0.9784162641534622,0.9684037367157207,0.9693029476984113,0.9721094686636192,0.9745072293939925,0.9767646236935996,0.9639533461703385,0.9746199483582566,0.972246465022697,0.9733902597738675,0.968947426721587
225,2872150000,0.9694859533978425,0.9725302802939929,0.9704021784417917,0.9638537434860007,0.9659454574644959,0.9622428836295023,0.9685927642606036,0.9629067815407385,0.9702317761542434,0.9720785502948194,0.9686158154342205,0.9655147716544732,0.9690010635742106,0.9702848897466622,0.9742147700585791,0.9680177461047077,0.9749509494522081,0.9719525621450796,0.9673580256810635,0.9724047225339276
226,2872425000,0.9693627285201847,0.9658432892527965,0.9713725371426934,0.9662243845188023,0.9694489198818503,0.966974056864576,0.969183329263122,0.9698839413643678,0.9744172145310078,0.9682864902986077,0.976953917864434,0.9712386019669559,0.9734472076670883,0.976383826259608,0.9716746427899502,0.972134982691272,0.9730262903028124,0.9763811967046184,0.9626813533600455,0.9715215664553759
227,2872700000,0.9725256025179113,0.9691265122031794,0.9697394014316935,0.9671614847034146,0.9717966659970435,0.9643625315700208,0.9674177573340682,0.970079803018192,0.9628800896794667,0.9696235278221903,0.9689431797254684,0.9719655556968612,0.9687832555773332,0.9675572641026647,0.9714408985966935,0.9670965722531721,0.965103033687618,0.9685466702983444,0.9756621463431036,0.9635549233570961
228,2872975000,0.9614738989604219,0.9671404829037995,0.9756566234111458,0.9653913035872087,0.9724077105804634,0.9691498204406704,0.9680642726527658,0.9640220517785958,0.970957372439377,0.9672047306900804,0.965849129482451,0.9696196379855575,0.9738394592977756,0.9678018700565165,0.9730242191397253,0.9726445802646978,0.9669929974420859,0.9730608869380358,0.9662155918479867,0.9647365730774469
229,2873250000,0.9717189373080404,0.9680068335108236,0.9741628165534048,0.9630234296873674,0.9760689728833081,0.971943396791284,0.9732996043618863,0.9726023791599228,0.9664352418323277,0.9716292535984767,0.9663430931403022,0.9734817116992165,0.9700144824082143,0.9668652925317509,0.9725880790508079,0.9689143856201696,0.9667316478906515,0.972731294443236,0.9656088632601907,0.9727267200882403
230,2873525000,0.9724129067582719,0.9734982996575285,0.9635196998620602,0.9762067429540549,0.9663996233752502,0.9658684540729908,0.9658514843999925,0.9692128687251799,0.9699771037967742,0.9777499735966523,0.9755542877324039,0.9793946400512584,0.9689411433323649,0.9682915838205683,0.966564195850615,0.9678456760359423,0.9668653861226573,0.9702782747544162,0.9700182283006876,0.9772330728415923
231,2873800000,0.9662648656141309,0.9707277390145831,0.9720886424569257,0.9717146087372771,0.9740094201075333,0.9772064865316856,0.9733434687460659,0.9694537586710902,0.9663349357934544,0.974706699286642,0.9779467571901388,0.9771871754298714,0.9731741739496402,0.9686784674790022,0.970941792988518,0.9748011509763927,0.9702983188141318,0.9760927568110125,0.9664407026590268,0.9707219878289537
232,2874075000,0.9807190402904672,0.972221880533074,0.9638507342343796,0.970940128552433,0.9700384101323518,0.9652799935354017,0.9662685695337183,0.9703168727062781,0.9795060021085358,0.9775149607861406,0.9696290438833237,0.9673754317960661,0.969634125127031,0.967419641679931,0.9754769281212338,0.972462656215279,0.9729009618974673,0.9707977641712878,0.9734025309313274,0.9724898294740133
233,2874350000,0.97052827067624,0.9708606119077432,0.9741698053084156,0.9816304536010532,0.9692772918781469,0.9770775925539346,0.9704525640028114,0.969192213871835,0.971392993840076,0.9747760380209584,0.9768572491560462,0.9726419342689531,0.9643988664268396,0.9757351312014878,0.9641671661307419,0.973035717077712,0.9722255847651623,0.9708262729780142,0.978917345040641,0.9724844796023967
234,2874625000,0.971491927067667,0.9795554302762278,0.9707340514980475,0.9715468639214011,0.9712576909366664,0.9700019389818373,0.9679232050832627,0.9813898151014073,0.9800739470514196,0.9769911504563333,0.9711731862036534,0.9743182989580813,0.9691410369061858,0.974190088801157,0.977050906464835,0.9763653633219777,0.9702335429389288,0.9764772955075521,0.9737562801340797,0.9712426156578795
235,2874900000,0.9781230106291056,0.967323741020496,0.9734276193412161,0.9723016671669681,0.980897278164872,0.9722171838407069,0.9768027634282377,0.9797574099872463,0.9719164182657695,0.9758079898441603,0.9738640626166544,0.973384818834802,0.9745664080866929,0.9710009014616439,0.980937265826981,0.9743497054332788,0.9768783446909732,0.9735829505273289,0.9717104362188231,0.978768620067933
236,2875175000,0.9726337116562538,0.9664399622995109,0.9727092042325337,0.9776968314738552,0.9759349894921865,0.9724017172196749,0.9767223535365922,0.9792103032420182,0.9727694961691061,0.9780510466503931,0.9747159045885923,0.9776116601166005,0.9785915622731123,0.9713673191677186,0.9740594587863662,0.9745377008348192,0.9696775626039271,0.9782667978964474,0.9790191309256093,0.9654856918704356
237,2875450000,0.9710803485065926,0.9797989462709905,0.9756041755304384,0.9786719069799944,0.9873214311448187,0.9757828847677386,0.9751892456070631,0.9750739079216353,0.9735872327162509,0.9764903419640345,0.9823761242051356,0.971708865617677,0.9775366905972596,0.9777316125545216,0.9779826743311917,0.9796676406182935,0.9679394465970952,0.9792486258865146,0.9728953336730881,0.9735631006155224
238,2875725000,0.9736046138111832,0.9798085378543188,0.9851975413596706,0.9800366529977731,0.9753839007754332,0.9776912556573001,0.976244581667379,0.9793746839263421,0.9748149508121483,0.9728772136186535,0.9734137437060226,0.9849520120364701,0.9694855126310006,0.974756542164076,0.9776188895704153,0.9692488474948322,0.9769527323996239,0.9802140563968238,0.9762390084266711,0.9793280957406391
239,2876000000,0.978798842478267,0.9743570761882817,0.982918879734602,0.9795754826289014,0.9733646624706703,0.9786887125231523,0.9801391567167816,0.9773314958376129,0.98005247954795,0.9810839702013591,0.9753657878727426,0.9805145171823247,0.9844080453334166,0.9802847296684273,0.9777847270960636,0.9792820805747491,0.9738515400780872,0.9757323624490555,0.9814987109677389,0.98402102900824
240,2876275000,0.9846788730681809,0.9716857244704002,0.9848454750611373,0.9721980905626134,0.9832097673252019,0.9721518408035522,0.9742238528623152,0.9746075037292053,0.9775053692727356,0.9774353857685832,0.9890046151453609,0.9779380765710755,0.9758750606863037,0.9809830660017069,0.9743445220812036,0.975396819448172,0.9794673483738496,0.9799687530435949,0.97772992541297,0.9785262195817863
241,2876550000,0.9836378734699746,0.983645708289617,0.9721977277480149,0.9765737238368942,0.9826080100205481,0.9781184148700185,0.9796521158681968,0.9789392936106165,0.9719697430456186,0.9847248165874505,0.9779215369568734,0.9792123621782112,0.982868060767549,0.9762792315107226,0.9827555102559559,0.9727475089572479,0.9753212666007075,0.9835934273433596,0.9772268538155079,0.9717148520698187
242,2876825000,0.9762266649847898,0.9761908058166902,0.9782618317039161,0.9823040008078673,0.9827715172453219,0.9798515962628815,0.9749844907582756,0.9893911682809943,0.9813466867461244,0.9806134874438575,0.9824667328383158,0.9742975077311042,0.9799840834129285,0.9796880680824819,0.9775279617795103,0.9863764339839305,0.9810345434322224,0.9759276665536424,0.9778164327244258,0.9795019105011985
243,2877100000,0.9754910308817928,0.9749303877032193,0.980870444548817,0.9829745707492298,0.9796993835847811,0.9818329207587009,0.9794011805134712,0.9834438060120181,0.9787156013014772,0.9814990024173572,0.9835607517417168,0.9859588133001872,0.9874077757504053,0.9824624981048588,0.9875037359043018,0.9821426537731557,0.9847284648186567,0.9800228348949527,0.9787394213331119,0.9735661206201389
244,2877375000,0.978497514736339,0.9789519359155429,0.9764441519083356,0.9804493075071896,0.976841475020823,0.9869053866836778,0.9804753922816657,0.9858433186980505,0.9725560168239387,0.9863193272896414,0.9822732474387258,0.9774813624840372,0.9920573874971864,0.9870731924994258,0.98073228971247,0.9820247833050734,0.9822832178879279,0.9837162978410261,0.9841131984738372,0.9814426227228066
245,2877650000,0.9777197958425544,0.9861404243211565,0.9856818840375802,0.978644045269146,0.977054852683087,0.9849960217709791,0.9782645370310817,0.9755810044209713,0.9773368241555171,0.9808038448475542,0.9814153498230904,0.9773919217328559,0.9754591007757446,0.9796610827875989,0.9852665049366996,0.9776126133326929,0.9802154062097742,0.9795961338983169,0.9805734022819944,0.9902023790361619
246,2877925000,0.9826687297058612,0.9743147445915179,0.9797717074949618,0.9816819965832605,0.9843573200098845,0.9839349248168565,0.9824272575305071,0.9863902750094886,0.9859906256155845,0.9784456732752814,0.9850536020712505,0.991711616010836,0.9843502774063058,0.985699057377537,0.9825380327379843,0.9808214628845691,0.9829200513445994,0.9834669615738063,0.9895750301856829,0.986950893441029
247,2878200000,0.9870313223139378,0.9805339401501594,0.9844552411551488,0.9845200075274584,0.9827340796647274,0.9815094045197807,0.9853499725101215,0.9864199863225082,0.9854028743366331,0.971128064314404,0.9857504786363352,0.9823561913786465,0.9842612758504304,0.9811504221659052,0.9828268104523515,0.9870643379096002,0.981395818537871,0.9836048370103546,0.9795977649742442,0.9849322373315373
248,2878475000,0.9899128418158244,0.9854181140133798,0.9836233772350549,0.9925927228071247,0.9894972018013521,0.981982633401313,0.9828839360051608,0.9833853423322253,0.9878387469092543,0.9886493393845801,0.9880008807861778,0.982844614777736,0.9845969246900701,0.9749860875632014,0.9867678151196843,0.9865811536528319,0.9866308990073116,0.9818371060270467,0.9885816143925445,0.9827013604457957
249,2878750000,0.9843433505552072,0.9899362329644198,0.984103121138741,0.9871248902666588,0.9748208011891428,0.9807485604255759,0.9863618439758485,0.9900738848454377,0.9833880243807661,0.9899888508969107,0.9904816113284435,0.9866388195015066,0.9928867696921628,0.9898194243248859,0.9835741079891355,0.9820573832055174,0.9840682457869405,0.9856047947256972,0.9828301562249285,0.9848329542451292
250,2879025000,0.9821703271298132,0.9919183340377419,0.9857096562460523,0.9825215407949912,0.9833261406622212,0.9893974499372014,0.9830791200206583,0.9838718248125693,0.9824020344063514,0.9882631471613247,0.9899832471783929,0.9891407282190885,0.9864148773699071,0.9892724951443839,0.9834066380190136,0.9839307107640584,0.9791606660126868,0.9856999308903266,0.9872936444359741,0.9871539454604233
251,2879300000,0.9871825234690174,0.9886684116537652,0.9897836046906613,0.9900178912109152,0.9842193453957374,0.9873878265119588,0.9809804342165992,0.9827701142365114,0.9885741236074864,0.9897908109887208,0.992240329585202,0.9792744351184327,0.9904062526619355,0.9929031939009713,0.9853175228895682,0.9826022550574813,0.9853648006962321,0.9800921155030097,0.9785608852202866,0.9771464437110686
252,2879575000,0.9911476749931377,0.9858505627152518,0.9895392265289057,0.9986347285647282,0.9842266957967483,0.9861009332847721,0.98103706180685,0.9845965995604253,0.9908103809105491,0.9882132063351577,0.9883599211287849,0.9799952683344242,0.9881793748635309,0.9867918081371565,0.9848773459364286,0.9846797362595565,0.9867579533351745,0.9902401315778446,0.9912925847651893,0.9963957923352293
253,2879850000,0.9904930528185325,0.9838322064470036,0.9862915903075872,0.9872493473564675,0.9836945410134801,0.9928460736612631,0.9841190333894042,0.9843199472238446,0.9896777196619656,0.9899091579567753,0.9864188636392724,0.9853575712889012,0.9898735516070248,0.9869480195636339,0.9872803685082749,0.9839199063445849,0.9865794374062132,0.986700454382782,0.9865852486501504,0.9881867990779254
254,2880125000,0.9812078247344972,0.9812571254024202,0.9866183438390425,0.997979765748788,0.9928035808594964,0.985754271382914,0.9918290984461601,0.9875191681002504,0.9869514533367165,0.990504402742702,0.988586670912259,0.9809304783463835,0.9888851316242403,0.9881646744935124,0.9878492325186051,0.9878859543764033,0.9820123822882635,0.9899759112964619,0.9881028686762405,0.9880520259057274
255,2880400000,0.9913576549533528,0.9902107960637041,0.9911778868160669,0.9831471867091693,0.988294955050067,0.98680961745022,0.9877879795029957,0.9897490278975822,0.981348819402617,0.9786101200670859,0.9850075462622907,0.9919683600841813,0.9858955813723865,0.9834056953200327,0.9948821944901501,0.9927782107154903,0.9923326874365548,0.9828807578342714,0.9862683265248716,0.9963775060232833
256,2880675000,0.9928021685707319,0.9885180656010473,0.9931094079651613,0.9873698443823296,0.9945459333550442,0.9914741672374217,0.990256641543322,0.993422026363215,0.9878740051372424,0.9879042818256287,0.9809448694069278,0.9966593176974052,0.9908726393296445,0.9863279860410883,0.9893313781159722,0.9868222815543631,0.9900087200711659,0.9883752758589365,0.998373557793167,0.9903762028449066
257,2880950000,0.9854753571834993,0.9940705798114401,0.9882062916913882,0.99508479425743,0.9844657836855782,0.9885248395316822,0.9937828800547769,0.9867935439288947,0.9874204557721336,0.990096627956223,0.9940392626907237,0.9819884316660531,0.9836992831227275,0.9914050035593598,0.9935343535473751,0.9901070749277595,0.9891053252539761,0.9951839504989981,0.9958999995225302,0.9866502166729351
258,2881225000,0.9854680859789928,0.994433585207925,0.9906723561253421,0.990098402265643,0.9904232293516325,0.9931425990452866,0.9929829413375736,0.9877428225919785,0.9874249584118808,0.9864217377645843,0.9883307907816945,0.9879308735077872,0.9909668638252211,0.9939459236368714,0.9954137872203823,0.9950921840687865,0.9928038544140743,0.980940688858414,0.9980780285933983,0.992043260186515
259,2881500000,0.9848584480577736,0.9921734760054692,0.9855333008416126,0.9852398809958752,0.98464454679412,0.9981415661819877,0.9952075656996898,0.989111444071491,0.9783204590818193,0.9961608327129733,0.9903385275272311,0.9905993591526745,0.9909454640014769,0.9956909840554256,0.9893681315389484,0.9892870023833098,0.9901063000681338,0.9934371135501626,0.9908649652182878,0.9896650449684131
260,2881775000,1.0001861021519896,0.9858798704945664,0.9939956466602627,0.9932437837213922,0.9898462123803725,0.9935602593721606,0.9890191874057607,0.9937567184568005,0.9971077732107124,0.9884430137206786,0.9817094829454995,0.9922185118404311,0.9905669143982897,0.9955711875367077,0.9840750761438788,0.987354282663999,0.9879981606931547,0.9852716181804753,0.9911020276351586,0.9907104277555294
261,2882050000,0.9928095345027924,0.9893599056764579,0.9988050591293841,0.9893720536896817,0.9935672333219642,0.9890795107681709,0.9978431979715113,0.989693272647225,0.9928613894554658,0.9901455130188461,0.9887026055552653,0.9949869815425088,0.9848950599797115,0.9884716283778793,0.9969257404507742,0.9919279265446708,0.998523188363317,0.9941019795006284,0.9895242771473506,0.9945526220220213
262,2882325000,0.9947104253293532,0.9952833349844811,0.9907458729359438,0.9933832483465166,0.9934417641675223,0.9860626601326191,0.9956646678940377,0.9847231236258426,0.99526830689205,0.990103498444451,0.9909759040190712,0.9934665740564985,0.9886733144671018,0.9905975587138222,0.9890550118572706,0.9849686443063248,0.9919473909418164,0.9904066397298505,0.9892375159267147,0.9960615422218185
263,2882600000,0.9903860480396793,0.9916511134744087,0.9882155033020784,0.986575841814415,0.9911021956326783,0.9959377166815813,0.9911957435278677,0.9931663675873178,0.9877316204233894,0.9937656036930109,0.9929998776278978,0.9876775298743821,0.9863485345697619,0.9888942640399172,0.9947532795931615,0.9981844229373028,0.9948968604202358,0.9850428638748965,0.9882620990598128,0.9915589999327854
264,2882875000,0.9935176077925253,0.9872318924227068,0.989653825028736,0.9900245612190979,0.9852848361905681,0.993328516078657,0.989198905156322,0.9897108478620134,0.9859414478647073,0.9971864828329494,0.9995109095092142,0.9840448105750432,0.9919394670942248,0.997498975665686,0.9888348771684502,0.99174063804293,0.9922644210123233,0.9894961175249587,0.999723150719708,0.9976353724789128
265,2883150000,0.9920091726953792,0.991876236752735,0.98830718869408,0.9982870425411354,0.9874129695462055,0.9947896970683446,0.9913683375000506,0.9961001387647559,0.9920634219589857,0.9843172448933311,0.991176985095926,0.9945892606492917,0.9972945119301357,0.9891970313788395,0.9942344122781879,0.9988754632884618,0.9933394887010711,0.9895120282899053,0.9883362995285317,0.9957093188886221
266,2883425000,0.9926679766491101,0.9926868374171107,0.9948485186472182,0.9960977232955366,0.9938049434488432,0.9907115244437952,0.990146576000971,0.99649792653278,0.9949756150828305,0.9931959012827215,0.9976062549361762,0.9913334166733073,0.9942966075193229,0.9948031141160331,0.9892909455665534,0.9909599806853224,0.9982034156145746,0.9995311065622413,0.9974496852817664,0.9941584281307954
267,2883700000,0.9906350802814354,0.998802175155697,0.9900574107126332,0.995397439348059,0.987344305619,0.9879720022624916,0.9891627571032019,0.9897971360770138,0.9893872088578562,0.9929675970344816,0.9875828378055959,0.997176287366124,0.9827923742391248,0.9922959943580835,0.9945614388146715,0.9902505404501206,0.9947762833547458,0.9923937637169389,0.9941638198704603,0.9866168260508457
268,2883975000,0.990487764742444,1.0010587824581647,0.9959635537527731,0.9910237345406593,0.9991846557655855,0.9998269400498861,1.0010616512752832,0.9901958872686275,0.9957391292470908,0.9879127911093528,0.9930425512274313,0.9910340906169691,0.9951530732241797,0.9948652482131065,0.9874389363947087,0.9926413693203003,0.9873933224112369,0.996006259779741,0.9917699251742306,0.9961994647342849
269,2884250000,0.9945245341500137,0.9905897866359055,0.9945284968625541,0.9916953272866429,0.9955904693281976,0.9943955647684215,0.9966916692513526,0.9975883398515548,0.9971877170420393,0.9945014447101601,0.9971255052115994,0.9920192093334325,0.9921532158455643,0.9930475477965883,0.9906513254231413,0.9944875230759871,0.9955993206408316,0.9879985307113137,0.993475466470828,0.9927130859178951
270,2884525000,0.993325309934669,1.0011273351976897,1.0018514760432022,0.9949459357599965,1.0001523026421757,0.9973250184692177,1.0013248710542055,0.9879368106506994,0.9990397287779703,0.991073595374487,0.9932692675246951,0.9942426937703686,0.9937133952251486,0.9969391619283434,0.9780085618339047,0.9994848961577328,1.0028234522960777,0.9984741402680206,0.9956803176895486,0.9988347993725935
271,2884800000,0.9980522206658682,0.9967734800016043,0.9931821318952094,1.000109681493896,0.9944310874131247,1.0010280752236957,0.9963564003691198,0.9903446649802787,0.9930053517515142,0.992417163003953,0.9985118751874249,0.9973292672003655,0.9838497876371983,0.9957751386981055,0.9984529745805347,0.9902560979726508,0.9933789542684993,0.9922790081159508,0.9959484636777093,0.9932492218271276
272,2885075000,0.9922475799791913,1.00178102966609,0.9948188701658699,0.9954490527340043,0.9997372098574386,0.9946113107912091,0.9923019018240982,0.9856999676784479,0.995207471348471,0.9969071128705373,0.9893298066644513,0.9946425267005504,0.9896761725477351,0.9990933182978335,0.9936302760280497,0.9890655501453544,0.9989604536670331,1.0045996288292778,0.9959202749749281,0.9952218666311736
273,2885350000,0.9980491989398658,0.9971475971700681,0.9927318133145763,0.9970061374074156,0.9955934287844177,0.9889764224741467,0.9984524207335314,0.9919359909625961,1.0000156950758476,0.9969113381802254,0.9954444790519611,1.0006186789232894,0.9908567128704804,0.992087769059793,0.9938330303500703,0.9919971779490521,0.9968328396863126,0.9887882327223811,0.9980658568774057,0.9939259158413254
274,2885625000,0.9937103814567035,0.9959265566109263,0.9954778025411117,0.9949776425727745,0.9930424350537688,0.992007577255921,0.9944859983566342,0.995703945190098,0.9892624819879068,0.9988825859071608,0.9965304125831561,1.0009483109578168,0.9993430837441506,0.9932958051928161,0.9913369177877223,1.0016594576800797,0.9951940489270991,1.0004787075298376,0.9994265424872136,0.9891631136202952
275,2885900000,1.0020434863158676,0.9969606488075003,0.9969246804852085,0.9967264087291654,0.9946905928138273,1.0004023803112754,0.9920744599233314,1.0028459665417844,0.9939802012606018,0.9950107750066195,0.9970767584887067,0.9953818781287951,0.9986016309277502,0.9982506549692631,0.9958371573406816,0.9924278545232844,0.991960229073479,0.9968330807508551,0.9963454019425481,0.9908039785238586
276,2886175000,0.9921265726378098,0.994704745107329,0.9968713312104419,0.9924106783508759,0.9865814837485715,0.9924017718959313,0.9960656012520444,1.0021022649994589,1.0023015435123794,0.992376581760026,0.9973646306587794,0.9961136863110822,0.9950226140573467,0.9930110762760094,1.001543628890841,0.9986150462793668,0.9966876806811744,0.9973232900438538,0.9953838479942706,1.0010135882080404
277,2886450000,0.9980374915205926,0.9920247920819582,1.0006039142379046,1.0041901393605723,0.9946727923154578,0.9918667057902305,0.9866904977131498,0.9948300670789204,0.998535338113992,0.9980828742610334,0.9996598609768541,0.9944937863380942,0.991541350139691,1.002621321703021,0.9970315076954623,0.9997453836786662,0.9957765627275472,0.99866929296782,0.9949620787211219,0.9987851096269432
278,2886725000,1.0015410826375177,0.9947146934794749,0.9965569204803995,0.9918090035549144,0.9941139742980089,0.9981724158144901,1.006845018919554,0.9924872326670502,0.9972727968379287,1.0043895123067705,0.9986966181531642,0.9989567454911255,0.9933868085568693,0.9920286395508698,0.9943230659201254,0.9921955772483366,0.9966818200714191,0.999943583104223,0.9945906873049213,0.9942216412626974
279,2887000000,0.9988961804907516,1.0036463607954869,0.9964937016240437,0.9939706471998336,0.9974538002451063,0.995255345163786,0.9913782287321116,0.9999282368406027,0.9952050559296998,0.9913081977551458,1.0023883268592904,0.9914462767478462,0.9902222653438014,0.9988552977232265,0.9952991957328665,0.9982488720066741,1.0043877133581176,0.9948296837995187,0.9961889133552673,0.9998022326184268
280,2887275000,0.9944436014034548,0.9980241161316137,0.9939377390708382,0.9937565113415272,0.9921842898496465,0.9966478419432326,0.9900225204846338,0.9899624584000708,0.991365930047584,0.9964848183422337,0.9979554550851472,0.9956384925515261,1.006245333815046,0.9997839145109217,0.9969750088894054,0.9917617058104836,1.0006782824536835,0.991728529262812,0.9960946129140889,0.9986236389208835
281,2887550000,0.9955929914502278,0.9984499103064979,0.9958262087114829,0.9970609212632967,0.9986504751188806,1.002830966571566,0.9971098505799242,0.9930008203315447,0.9962099353101244,1.0017002088870746,0.9931956111352004,0.9908841485692248,0.9962195464614242,0.9927233515852655,0.9968819943295025,0.9968709852185144,0.9945382999957091,0.9943720448464382,0.9956787507590019,0.9956170719976681
282,2887825000,0.9923617826208625,0.9988002673473588,0.9944734423534335,0.995696784775429,1.000834337487107,1.0007643907678807,0.9977768698851718,0.9982681659588232,0.9919934105652162,0.9973831048476733,1.0013350319017897,1.0004474389384532,1.003434196306627,1.002807028615678,0.9993320670715853,1.000265692594234,0.9961202640848877,0.9945926111424167,1.0003644357975778,0.995223862798214
283,2888100000,0.9958204277075463,0.9979237649211721,0.9957622464042939,0.9980085978147156,0.9953327269858795,0.9983250917137324,1.0017116299968727,1.0058037792294177,0.993964226175826,0.9971297846116476,0.9981354963088439,0.9971213064293291,0.9891864277648289,0.9941151794473878,0.9969858879384208,1.0016513917119645,1.005720550953492,0.9939467661982513,0.9998248225342303,0.99502413464401
284,2888375000,1.0054015458464232,0.9972031199148182,0.9967875414934403,0.9970427969588966,0.9994692420778423,0.9949296771664774,0.9968831886340562,0.9985361717304616,0.9918697332941294,0.995653787765816,0.9968769639943508,0.99776849561732,0.9987397809237635,1.0034488361487537,0.998465823797848,0.9979396303500012,0.9997134644368727,0.9876829297250292,0.9972602600702694,1.000231651711725
285,2888650000,0.9986891724306486,0.9913809111330898,0.9922967987431537,1.0009901764487728,1.0005812293837615,1.0013049850366247,1.0022354792529764,0.9932371397389892,0.9987135642335949,0.999099922057006,0.9974803548209098,1.0002361084805866,0.9974664814401932,0.9980249260316179,1.0037658023002884,0.9980965321344123,0.9949419925611348,0.9934738611698983,0.9950126308480199,0.994310331256056
286,2888925000,0.9994341066513799,0.9956336253150001,1.001438743294127,0.9975966209920125,1.0037557752222346,0.9950676677332774,1.0005299563498742,0.9892430315778232,0.9997062904761391,0.9935310931050974,0.994815784602057,0.9989059583300953,0.9976598275285913,0.999080225061632,0.997091483680513,1.0040707667259823,0.996320686369816,0.9971171475474059,1.0009608598440494,0.9897572865303116
287,2889200000,0.9990363021305785,1.0017710774102624,0.9904830338580034,0.9960463871129074,0.9945569986796883,0.9995459760348282,0.9982016674997803,0.9971949429916,0.9980633774317763,1.0016728995981838,1.00410834908299,0.9932900743660716,0.9955114427112557,0.9938319515955358,0.9940332608292023,0.9957032792094807,0.9922637937748869,0.9973029933689714,0.9960886439655935,0.9951263101329199
288,2889475000,0.9888782276034231,0.999965300426633,0.9989338149813474,0.9924513608856057,0.9966554155703071,1.0022120819121318,0.9977821854466165,1.0051001872247425,0.9947827463552635,0.9930209125011271,0.9948406667806238,0.9960774284803192,1.0021648740603737,1.0001219688975986,0.99381143515296,0.992931436180316,0.9955991114348177,0.9932621920545243,1.0025191748486462,0.991057484791191
289,2889750000,0.9910040988689355,0.9943678202328653,1.0021918870520472,0.9952120250876144,0.9974453440974607,0.9998148130495097,0.9925959120701926,0.9964464110336321,0.9998801406684064,0.9968323459884314,0.9932175148848215,1.0008777622601406,0.9993574469612294,1.001551990563796,0.9947624716827186,0.9977834814077884,0.9961432564034614,0.9915843130403199,0.9927587098141435,1.0017512685351113
290,2890025000,0.9996512371640089,0.998325160128566,1.0033782956447759,1.0020247839507592,1.0009136489280577,0.9958275406019652,0.9974521338907929,0.9949374487143867,1.0016287510213082,0.9910008388157721,0.9916022516712413,1.0011830292198427,0.9916299012023504,0.99350308923677,0.9986001727097092,0.9955921874472233,0.9890171035213801,0.9977340018609729,0.9944986952951754,1.0051319542543729
291,2890300000,0.9952772449542776,0.9969719415706739,0.9904671255519811,0.9927842578841881,1.0056470057720688,1.000249894847339,1.00052018167157,1.002987068005112,0.9944113735650236,0.993110650729865,0.9990306408464277,1.002479926668376,0.9976073250942886,1.0002940309720296,0.9976672795909712,0.9974726688720865,1.0029642356396227,0.9962920387000519,0.9909107818013942,0.9955578458624489
292,2890575000,0.991179665685588,1.001581232055992,0.9926336331359271,0.9942414460416822,1.0005405630787945,1.0078380874773012,0.9956622383011409,0.9965230908482562,0.9960394516311923,0.9933031914850657,1.0014370671756894,0.9920473245478045,0.993585087053851,0.9964412776220508,0.9946415592922735,0.9967524760494557,1.0051215172060868,0.9959412812557344,1.0020030924678631,0.9958502168408028
293,2890850000,0.999636944958935,0.9950072726008605,0.9887634384776353,0.9997801772122411,0.9956545837040673,0.9962070686731412,1.0029603276649934,0.9969763263938203,0.9937182824756092,1.0062747609147455,0.99861405577015,0.9959913237557194,1.0005911708008521,1.0039865951517932,0.9962145645710676,0.990356261130108,0.9960811445074134,0.996851564320956,1.0074470128418285,1.0034343125514624
294,2891125000,1.0000982383617099,0.9918023522984163,1.0027223764628563,0.997919646017446,1.002798994477443,1.0015300062690975,1.0000812483084092,0.9933449106231858,0.9921724050104975,1.0006115610412976,0.9975700975757656,1.0036782516140446,1.002206249512733,1.003292927953461,0.9930295443215662,0.9982715985200681,0.9966932027759224,0.9982250258192233,1.0005480571129315,0.9996049344300174
295,2891400000,1.0040836454009072,0.9947993524315503,0.9907011871402058,1.0003475024212798,0.9991372599719149,0.9999272808516927,1.001856552566371,0.9960170844983396,1.0029158461970624,0.9939546437461909,0.9952034647817789,0.9967760010849546,0.998009888838252,0.9957707922626304,0.9952663802151944,0.9994096911009177,1.0027542294502898,1.0017837570773298,1.001555209699992,0.9877644115051831
296,2891675000,1.0002966661744004,0.9957432493780753,1.0007347443968124,1.001706233753482,0.9946764855540658,1.0045242791482718,0.9973334826938792,0.9994484664665253,0.9998225315860735,0.9961679681165744,0.995736930575793,1.0028997582036712,0.9948118478698837,0.9961103082981684,0.996398355284147,0.999466958990478,0.9997386347545906,0.9989701902769769,1.0018132462458909,0.9917387559499861
297,2891950000,1.0026587361444037,1.0033285594510357,1.0027424866376358,0.9967131920527426,0.9913142143988456,1.0022892921610886,1.0017521265003093,1.0044708265620863,0.9929669668430463,0.9977524982339545,0.9984880986262736,0.9959790229828007,1.000047474524465,1.004578298607041,0.9941614524344072,0.9967719619447688,0.9978748759194918,0.9921827324410194,1.0004937751286906,0.9985845314984677
298,2892225000,1.0024554507109906,0.9988888737239867,0.9980058841357202,0.9933740257757879,0.9944906398502471,0.9964403245777144,0.9986882488914779,0.9919787356688076,1.0068591531273285,0.9956105559281008,0.9965137781911922,0.9961449905034799,0.9987746906260635,0.9933886763664995,0.9971553302193559,0.9968458543926455,0.999420931589175,1.0014013943684095,0.9972592582916745,1.0023420388238928
299,2892500000,1.004999019982839,0.997333715043674,0.9968618046239952,0.998410446672658,0.998280927409601,0.9941511326222143,1.0025966158214237,0.9959879099331076,0.9905908932424095,0.9929333820811485,0.9989940328418285,1.0006310074906202,0.9958790449265406,0.9957732484549444,0.99636339327557,0.9940181836257085,0.9920592086149184,0.996220216433858,1.0010081042681742,0.9981635391787171
300,2892775000,0.9957551405987614,0.9964780123720046,0.9956759126015821,0.9985981956203674,0.994532953403608,1.0077057488782384,0.9969689398986339,0.9965438027379098,0.9974445272349045,0.9948517133655248,0.9972129155047251,1.0012826106525816,0.9933419655680977,1.0072045499775164,1.0027766933938174,1.0032072611339504,0.9920904684420412,1.0032080181996106,0.9972808313523613,0.9998348935335611
301,2893050000,1.0079184917758006,0.9957403963159905,0.9986447553522269,1.0013031389721068,0.9996883576500865,1.0002170703320479,1.0006118879400732,1.0019833946497305,0.9971595667834567,0.9947665261569517,0.9962458527563203,0.9953639016591047,1.002814805393903,0.9924676568320864,0.9971071969017836,0.9998592866240724,0.9908805900813455,0.9998286614340749,1.0000680662916268,1.0054064428281662
302,2893325000,0.9946669643667488,0.9986504797907383,0.9931016798348984,0.9969923887198398,1.0028920113650859,1.0022153236982076,0.9882390769278353,1.0052134266764368,0.9951881396170206,0.9948065658598124,1.0027150609651454,0.9985040539185317,0.9979950224901292,0.9906067326101232,0.9952048878512764,0.9960922025870435,1.0046318484848886,0.995890732335929,0.9985866945887509,1.0006488597095475
303,2893600000,1.0006550799716878,0.9968332171801211,1.0020172111120744,0.9999596238981964,1.0039315248389282,0.9997078231863488,1.0012493652080618,0.9977230736338399,0.9961278009103501,1.002757331699712,0.9930678865273342,0.9946850833337766,0.9978589524659348,0.9973950884461421,0.999727268374144,0.9993411304560847,1.0011699636487292,1.0033884625960365,0.9948717259409687,0.9955526542016376
304,2893875000,0.990474855205936,0.9944288218140256,0.9957041566672835,0.9944925726201556,1.0056496399427446,0.9961133900887154,1.0012884213586344,0.9977963967420634,0.9991077574048915,0.9984350542761083,0.9998195552791511,0.9999710030413089,0.9971381976400396,0.9956381568644752,0.9954561409939751,1.0038494731710872,1.00185914834824,1.0018821851783177,0.9931176203369666,1.0024783402378308
305,2894150000,0.9928756159398193,0.9924729279995028,0.9956385173961696,0.9971516470503202,0.996288375408984,0.9957327614993471,0.9938337710527836,1.0036868689047007,0.9992714741115342,0.995405888844274,0.9906275224595462,0.9888486251780298,1.001826018623437,1.0028381733525709,0.9961920748086518,1.0006577314379086,1.0027075635864815,0.9998765279511252,0.9934269607491542,0.9987865098354637
306,2894425000,0.9964204675061986,1.0012491374940098,0.9938112602286022,1.0073846022390947,1.0007566965796126,1.0022065550556678,0.9960111578630639,0.9989413015263259,0.9934613908847421,0.9939699230037533,0.9962379200751937,1.0022669535916326,1.0028792828154938,0.9961875537396122,1.0012521134466754,0.9982379276077203,0.9955434917944525,0.9984034947920669,0.9927284374641914,1.003998023828643
307,2894700000,1.0006158523973747,0.9950948647157294,1.0011890864097093,1.0017008131534677,0.9921453453296711,0.9996023428878352,0.9936866806252618,0.9938058599961714,1.005275531817903,0.9988055680903866,1.0023481101954403,0.9915345826793411,0.9947005874145606,1.0016236827993625,1.001112397007285,0.9977891762387314,0.9955416788168208,0.9936216605782424,0.9986438895136244,1.0042915173300067
308,2894975000,0.9931785903398507,1.002032251418706,1.0000953316179928,0.9939590671381705,1.0046398119032665,0.9988416495455507,0.9946390993800192,1.0008978521042742,0.9985134244840849,0.9982590392579385,1.0033353704419246,0.9999208945364046,0.9981252298423383,0.9945356985580094,0.9996836651531423,0.9931027577384444,1.0014209542399302,0.9958685526817779,0.9997634058134197,0.9958212691230578
309,2895250000,1.0025340705251231,0.9962559915084392,0.9992012335622266,1.002173119461205,1.0045207514886674,1.00257391083604,0.9945061426578627,0.9984722999342382,0.9985807477617435,0.9983158094888245,1.0024594142974528,0.9962508390295568,0.9976987045388281,0.9996732430614543,1.0019021560681212,0.9917741354531169,0.993551812920216,0.9963181944275254,0.9986384517550858,1.000214162382154
310,2895525000,0.9917769034434649,0.9954047879439433,0.9997460580173002,0.9950013156650368,0.9953377115231071,0.9949692204438046,0.9994388150478771,1.0011717102582645,0.9974478723899496,0.9951064719573296,0.9948098193261626,0.9979714315161409,0.9949999094773678,1.0008993357285256,0.999379425599699,0.9984199928284703,0.9965359419585247,0.9984345769798417,1.0046598023278404,1.000982687815295
311,2895800000,0.9963525508774324,0.9969490908913414,1.0022000074908655,0.990378067880854,0.9951904406165041,1.000058682749876,0.9991960723580892,1.0031821016099203,1.0088158924428727,0.9993292834687754,0.9946416558958617,0.9953620691910595,0.9978748121029946,0.9934397594751185,0.990578558875705,0.9958030810766139,0.9983708931260354,0.997867275998883,0.9950615877881331,0.9918307743678751
312,2896075000,0.9987509774163841,1.0025895439260881,0.9970687798578884,1.0011112411320824,0.995220782482657,1.0016809220714162,0.9925166262982048,0.9937655164985264,0.9985769115313478,0.9980416299480956,0.9997664773990086,1.002232993519081,1.0071954945982093,1.0038971126973666,1.0032827694313071,1.001524109008298,1.0015569780032612,1.00223643665134,0.9970633731760514,0.9959317579734317
313,2896350000,1.0001412609371096,0.9983497319608142,0.9900085383898728,0.9907242553861758,0.9986721792491364,0.9938629230236279,0.9950852952233451,0.9990603773359608,1.0034192855201858,1.0017479003724286,0.9941602723059554,0.9954717791519889,1.001773361129896,0.9949056855159288,0.9949962306860799,1.003090847674591,1.005263485031787,1.00366782904847,1.000019563540272,0.9985583954615906
314,2896625000,1.0033726498027955,0.997424185309492,1.0024363087237778,0.9964592992850071,0.9984233913518983,0.9977769541062533,0.998674480709908,0.9991715137868434,0.9943270912605617,0.9988689524307539,0.9972043087751976,1.0017084145405786,1.0008016516388925,1.0013960376301856,1.00030784418221,0.9990586689450445,0.9993671115283739,1.0010441129246868,1.0013473368535442,1.0031142302272633
315,2896900000,0.9989024712223907,0.9981433780716084,0.998304981448432,0.9961728420443349,0.9981253779126291,1.0000988111886702,0.9962257341266932,0.9999260207552769,1.0004107693078212,1.0016955336354831,1.000713142804433,0.9975020433471523,0.9927148659401809,1.0040450967642751,0.9937600353817161,1.0020151997779532,0.9997360319149521,0.9983301100046403,1.0036339976512618,1.001369596164976
316,2897175000,1.0021236404764675,1.0008414992114465,1.0028659186705793,0.9983474202424778,1.0030537359809244,0.9965016409895437,0.997693027594803,1.0004782548575573,1.0037227280092356,0.9937939598011112,0.9995629227954541,1.0013815361376546,0.9981352028922159,0.9954146279296482,1.0050205083983026,0.9955035309491016,0.9970620323441147,0.9999886581127084,1.0041387617950959,1.00342718425622
317,2897450000,0.9987932123734192,1.0009469779476652,1.0002349994472424,0.9971641121705839,1.00341396499906,1.006378679807054,1.0052074189527118,0.9893751515675454,0.9995129534026795,1.0003834137568448,1.0032534074553556,1.003014930116107,0.9971290870830194,0.9968900758105825,0.9971294180791599,0.9984394771662468,0.9981580999524019,0.9991215819755098,0.9970108383568463,1.0030598581520214
318,2897725000,0.9903874699059166,0.9964977153917154,0.9950107240150454,0.996175977105657,1.0023033191007304,1.0008024425979598,1.002327299440537,1.0015318479209243,0.9989693274394821,0.9966826646810882,1.0051238674601137,0.9986117925245271,0.9997692563536842,1.0004596694562877,0.9948959891102775,0.9986636317430811,0.9953979265492039,1.0013611967239555,0.9963128120872999,1.0028817192337693
319,2898000000,1.0032228161913537,1.000254747126199,0.9965720151972101,1.000888968181587,0.9990835826533851,0.9963725238660521,0.9937125187440908,1.002981744063136,0.998243046357754,1.002518553541406,0.996999760593491,1.0042449795899446,0.9982743205600836,1.0039559448996405,1.000899765585095,0.9975833115042684,1.0038383197336656,0.9998737525230496,1.00461684383249,0.9962989812506522
320,2898275000,1.000750607776478,0.9954486423031198,0.9948803045474017,0.9960237823703516,1.0016678433684307,1.0073496037127792,0.9985693199245986,0.9963865606976816,1.0057149365473947,1.0049565587180347,0.9939518286313938,0.9958197008308372,0.9976093084735005,1.0002005674329468,0.9955752172061617,0.9999580870824272,0.9960905946408182,0.9979335907064236,0.9922352439573954,0.9964658178955247
321,2898550000,0.9986567273935935,0.9954131823190103,1.0040267586436786,0.9961299925944703,0.9992415582572158,1.0020902449344555,0.9996029617993265,1.0000943732158483,0.9951187072044199,1.003735985440679,0.9961701261701575,1.0071595514491944,1.0028599443334973,0.9996510126024846,0.9987384268838247,0.9951360167055897,0.9989036392965656,1.0040259740098874,0.9996679987074051,1.0076888733698763
322,2898825000,1.0011811807696902,1.0031927181775784,0.9942094822279324,0.9900620684506614,0.9999399005541764,1.00281871408414,1.0014757545311088,1.0028349038332571,0.9962363655449885,1.0031891251570952,1.0002937821961966,0.9939492150476764,0.9998514015103133,0.9981541686386758,0.9991656766939607,1.0051322608912963,1.0032497986171853,1.0003788893352805,1.0002287654241917,0.9992415069200818
323,2899100000,0.9973682824008084,1.0064902821243107,0.9965506020261845,0.997475112245695,0.9991098035555458,0.997373914021023,0.995160828256272,0.9978292759995093,1.0024578013522436,1.0027162067153335,0.9949831574694296,1.0028941779317257,0.9972737135644117,0.9957601197191243,0.9995758988811494,1.0027576588101368,0.9964415534923676,0.9991374145356123,1.0011326778910297,1.003433130107335
324,2899375000,0.9968138569110476,1.0032652238101814,0.9993320600755106,0.9961745014874631,0.9952546269700379,1.0033236961271288,1.0011694239353084,1.0063282152664967,1.0015918161052093,1.0018769407314139,0.999755353214846,1.0029447541160001,0.9913775969415874,0.9947933008423296,0.9970581070765302,0.9965117086867434,1.0021469721281122,1.0012094662543192,0.999114246732708,0.9983953458672027
325,2899650000,1.000449859411084,1.0060705943139456,1.0001015971068294,1.0000085556473874,0.9943282871573393,0.9965999494958364,0.9908089022504688,0.9982779236585506,1.00026770720662,1.0018363583360819,0.9961727406543486,1.001898585501673,0.998468163822442,0.9976264748021851,1.0009139266970049,0.9944029336538515,0.9925059944075015,0.9991739683868263,1.0041447701539572,1.0049071041765538
326,2899925000,0.9968802794097124,0.998623517776842,1.0022856981559773,0.996729536111214,0.995726633409494,0.9958377225070658,0.9987049069379462,1.0026820297571093,1.001256053608116,1.0020546715606413,1.0033294199901395,0.9954058227560185,1.0064688969799567,1.0011328707918363,0.9996708681590196,0.9975848804117063,0.993878053072183,1.0005718217534387,0.9972609328069039,0.9942739509037406
327,2900200000,0.9991547744921185,1.0007366010152925,0.9942978486887739,1.00629764851272,0.997592988112427,1.0039884776847647,1.0027277829227759,1.000209728800648,0.9975923711560175,0.9941856141186227,0.9939495614930938,1.001098034463404,0.9948111925136051,1.0010588607246829,1.000533850025032,0.9946176174770806,0.9990762455027911,1.006398082396319,1.0019378406474955,0.9996200911442801
328,2900475000,0.9988604050975108,0.9991656237834043,1.0095520434760519,1.0028116475011222,0.9976712905997551,0.9955140520281364,1.004250495652639,0.9964096572533343,1.00144260310168,0.9985029843689408,0.9963397202084509,0.9922988771522319,1.0042717239521497,1.003865441573325,0.9907749488349865,1.0022135587322178,0.9964336969227207,0.9968602276476473,0.9980244923675807,0.9945039443281574
329,2900750000,1.0090286316435595,0.9983463878781166,0.9974386662548075,0.9992510959192221,0.9978018729974668,1.0012313231644296,1.003337469642097,1.0022217381722558,0.9942721026946681,0.9946298328294101,0.9941132491465091,0.9974535256256449,1.0009512189142684,0.9906810384058824,0.9933721670050673,0.9956369401743969,1.0007668797940863,0.9985468914942779,1.0006651721737,1.0002218596931591
330,2901025000,0.9979734025809467,0.9975927954365887,1.001132404576348,0.9963637008277174,1.0000880115777706,1.0064268480381657,1.001714428167709,1.0013683179754103,0.9952740228769755,0.994508448155548,1.0062125324919793,1.0024394884010965,1.009833977650201,0.9971297996454817,0.9998366954840003,1.0018096765774267,0.999451480128914,1.004220485768652,0.9944182858694158,1.0050511437625944
331,2901300000,1.0020699792830992,1.004057456675045,1.0005285190017184,0.9958090234176049,0.9988682703129098,0.9966555092828793,1.0046462815975585,0.9992240480793448,0.9961090428093736,0.9976960412744776,0.9991253543855368,0.9984661351285676,1.0004949002120893,0.9949115819373955,1.0007402081722894,1.0003982213135858,1.005600222964944,1.0017581675254428,1.0008513084616697,1.0028858485482475
332,2901575000,0.9920778902976445,1.0038235079237587,1.0020649391420913,1.0046979059391605,1.0061469308972852,1.003645771148586,1.0019398386674037,0.9980236410144313,1.0011971594438032,0.9992359139656778,1.0008972732354477,0.9992033762525909,1.0061238060249162,1.002759706816638,0.9978538755384329,1.0006258228035438,0.9977119357642995,0.9962911099053755,0.9996626070570868,0.9961799590577156
333,2901850000,1.0009596000903433,1.0003358156721172,0.9988802171694748,1.0051528434191463,0.9992758161164226,1.0057934883925386,1.0006270763853715,0.9999834469191995,0.9979579295698873,1.003389859257782,0.9925585174280763,0.9971920689631015,0.9991343528034715,0.9985329365083838,0.9984818702011375,1.007081783222473,1.0010964122880943,1.0032340574550542,0.9979322847023182,1.000827524466116
334,2902125000,0.9963754231812337,0.9980625760640605,0.9962565026812725,1.0014564402338868,0.9984808166522952,1.0013225384903768,0.9937602492123773,0.9972493723663707,0.9986714975267057,1.0000010206375858,1.0009421351697982,1.0004009009673447,0.9942406073052719,1.0018356959603247,1.0073877731716827,1.0031434344195138,0.9975517286228209,0.9955157253596865,0.9955402568550785,1.0000945964357235
335,2902400000,0.9939296135180522,1.0003045889702002,1.0013554767750046,1.0025586102547646,0.9979346741973442,0.9947877326603152,0.9967662407645634,0.9993173112580046,0.9967747595829901,1.000142430545868,1.0011127097578094,1.0060352710008833,0.9977960171584123,0.9917529860147716,1.0023749738097574,0.9964172182923214,0.9993229733834073,1.0028191218426494,0.9940753286675125,0.9993607929865909
336,2902675000,1.0012405427376028,1.0028215995612668,1.00737983392008,1.0013993464401827,1.0020092774106357,0.9965365510494633,1.0020511074672076,1.0022566068667902,0.9994175844788649,0.9967806947647114,0.9983065964835662,0.9906045178270737,0.9982575061239046,1.0004052209678387,0.9917235038116283,1.0049983172907515,0.994664523832208,1.0019322398501758,1.003351781362302,1.0038097459462898
337,2902950000,1.0071703296201797,0.9996745297577283,0.9941144406163163,1.003079556025985,1.0014350662445288,1.0002699562925184,1.0033726460110992,1.000019872395541,1.0017782976592182,1.001790491102329,0.9994431362253197,1.0018319118943768,1.0000606601098385,1.0024195645663492,0.9991977025040826,1.002748256250957,0.9984749628281261,1.004315694952645,1.0008118247174342,0.9970297614914766
338,2903225000,1.0006000858542243,1.0021370725764522,0.9923363694952185,0.9948989626559454,0.9940248683456689,1.0054765194329838,0.9983126465167703,1.0052601210303447,0.9978880712149497,0.9979393244296597,0.9952377322266429,1.0028224265379475,0.9998832147155035,0.9988427478148816,0.9978352401821231,1.0029467167896045,0.9929573081890951,0.9925292883821636,0.9994318929221554,1.002312281332789
339,2903500000,1.0016326027067224,1.0070580731643195,0.9934609647131895,0.9954968530349368,1.0007958508794985,0.9972307680977113,1.000383944367309,0.9998168271678649,0.9996854391399623,0.9979579487501602,1.0017579736961917,1.0005081583006874,1.0014134884123318,0.9988668604403094,0.997635424307816,0.9962143952018575,0.9967245988063643,0.995051968560996,0.9967918021696938,0.9936895533959986
340,2903775000,1.002101330191247,0.9994701447867711,1.0015329571505593,1.0014901435528138,0.997420511215697,0.9998239896600511,0.999159642743701,1.0038575994189591,0.9946043569813338,1.0037700509725878,0.9994314431181058,0.9982894538696503,1.0029250431959709,1.002623948535105,0.9988899448842342,1.001224170683285,0.9932901144585697,0.9973206446216228,0.9997251875882471,0.9995163221173256
341,2904050000,0.9995504907840639,1.0079626484900426,1.0034181536257016,1.0113154924736176,0.9908239348659207,0.9968522179032973,1.005359138958818,0.9916195164613867,0.9958617243685732,0.994412958116603,0.9995190209356392,1.0022601477095587,0.9986087594846107,0.998731654960363,0.9983350319063817,0.9968099728533396,1.0052352885962201,1.0018318752940583,0.9961886403859214,1.0005807761042669
342,2904325000,0.9976780705826054,1.0046660333858906,1.0023781269262333,1.0002419973438088,1.0038283561588364,0.9996139323474554,0.9999075324710146,0.9968193352012817,0.9928588561172612,1.0043795081145066,1.000709320375874,1.0005038550927652,0.9994284756527941,1.0083599025409087,0.9973900025141,0.9908959281799063,1.0020206130054143,1.0047188744502034,0.9967999972696853,1.0041934639964352
343,2904600000,1.0007916381747122,1.0011270848849736,0.9951758402945461,0.9994917095269192,0.9951890148673148,1.0028841219126563,0.9962692258816356,0.9970772169223466,0.9985147231203619,1.0006672161072545,0.9940825672015574,0.9964886421236524,1.0004771066387024,0.9906934849477246,1.003354480666196,0.9967234862856662,0.9940678130763546,1.003243104230359,0.9980999098135734,1.0011205309418436
344,2904875000,0.9987825775110349,0.9946691312662523,0.9989988323337726,0.9962463187755866,1.0095745990265343,1.0019589596810121,0.9978505781655045,0.9984077645412236,1.0007223828127882,0.9936477297626641,0.998540658305114,1.0013378110355122,0.997950250089763,1.0025656323532286,0.9967987648334834,0.9942822934908623,0.9961111559154844,1.0052418808884938,1.0005907278202137,1.0041017984848581
345,2905150000,1.0039516188734077,0.999406777621194,1.0007676357799087,1.0011199167480385,0.9984025106747911,1.0014531622982201,1.0019823752096508,1.0002503795439317,1.0036732872403444,0.9926101868506462,0.9980507014054943,0.998497354644354,0.9962052254628391,1.0020021179290464,1.0006659588067754,1.0014191527242127,0.9981889420660596,0.999600666847624,1.002252326738656,0.9989737810316408
346,2905425000,0.9911731756145631,1.0005666404762208,0.9971139691407861,0.9975377939788085,0.9992005578142932,0.9982788196684493,0.9992760751193707,1.0013571329945883,1.006461620921703,0.9974422564403711,1.0021207917094195,0.9980410059415089,0.9985852618507276,0.9952205787006246,0.9997360479364013,1.0011939124290463,1.0002522986234779,1.0114653238460551,0.9962137518570082,0.9973709618128008
347,2905700000,0.9929982128118894,1.0015777266254835,0.9979595081309026,0.999829014664018,1.0004325919556987,1.0036323542700816,0.9939342545572805,0.9963423631068967,0.9935415029659359,1.0000690503259448,1.0030840469617635,0.9937103257899664,1.002132071498202,1.0027290406145144,0.9982268412968973,1.002036669374065,0.9988795214266181,1.0018129186888094,0.9924883327829729,1.0034143382605059
348,2905975000,0.9992775741891788,1.0009242856299538,1.0031019433082355,1.0025416455557505,0.9914139687927752,0.9958379244769019,1.000383311952837,0.9989684826467613,0.9960399173406407,0.9944959546695133,0.9983598760807559,0.9978070826026527,0.997982789754579,1.00565230050746,0.9971074859006558,1.0005520531599916,1.0000482752871138,0.993736476978971,1.000555134039156,0.9967561617512823
349,2906250000,1.0011564433584628,0.9988535892710491,1.0065948083292904,1.006527842262662,0.9991833656220586,1.0012855924974733,0.9919065008830865,0.9943048529074431,0.996126426556372,1.0019514673995153,1.0049804305395276,0.9925564646789576,1.0010247240968797,1.0043890381537177,1.0030771513263737,1.0009673900745344,1.0046400007876761,0.9923510874363451,0.9986493431244725,1.0039879982684115
350,2906525000,0.9993249797252557,0.996199794985188,1.0019870618473241,0.994424569654641,1.0024352568859756,1.0078907659905678,0.99729918250742,0.9997604048951643,0.9979431425746726,0.9979066158485966,0.9965636560354468,1.0008726670668509,0.9991175550859062,1.0011718568849786,1.0034711704800683,1.0007114484524282,1.0041490325542433,0.9949282185019234,0.9892253411619131,0.9921489573333582
351,2906800000,0.9951667155354115,0.9987606908064697,1.001915744964771,0.9955535249776348,0.9962399944801819,1.0008831409534036,0.9956284949649591,1.0025500947088772,0.9977130285359124,1.0052123646742752,1.002233616812268,1.0004084525064376,1.0005296752534985,0.9959214811414436,1.003976140233538,1.000379823556852,0.9982355740467096,0.9944890195232843,1.0071136847794306,0.9932574347927483
352,2907075000,1.001177309146985,0.9972309843129354,0.9987309659708119,1.0026474341525857,0.9976553295648143,1.0014831871135144,1.002762451704599,0.9982878803363704,0.9968735595055136,1.0031913787678581,1.0016236653067239,0.9922209441526099,1.003295821752128,1.0025259935929065,1.000937633719473,1.0030104616687299,1.0019646314380641,0.99995316653579,1.0032321448593366,0.9992751717447207
353,2907350000,1.0055257362413215,0.9978118398791491,0.9932307507795134,0.9991639484428011,1.006708045103063,0.9944403886263562,0.9979077049075921,1.0020973217227378,0.996520788777583,1.0011885123073123,0.9985309416706315,1.0020669426103734,1.0007911805270808,1.0002620422154624,0.9977166324670399,1.006239309650843,0.9956420583596987,1.0065072108924995,0.99991875030118,0.9993703580093167
354,2907625000,0.998415991110306,1.0011626326112864,0.9994783597024526,1.0022810497500132,1.0029683463932877,0.9957185793133515,1.00602800716973,1.0044895039719612,0.9999690310584683,0.9958822165248068,1.0003767602792408,0.9953798947544497,1.0041581743897583,1.0012506892110313,0.9984156697123235,1.0018863102739792,1.0055599081544149,0.9970357642822418,0.9931158402831894,1.003227157780243
355,2907900000,1.0069614644524698,0.9995804334835652,0.9944656474356122,0.995174812932451,1.0034251297094021,1.0056425791625307,0.9990844578805196,0.9949408489684858,0.99730409090513,0.9963826633727506,0.9979913630635598,0.9985101931557809,0.9952104200666366,1.000428416983336,1.0014243161924028,1.0092434733805802,1.003316194944584,1.0009411792847103,0.9981697128700316,0.9981491817533704
356,2908175000,0.9978537176158278,0.9946025466727431,0.9977836536494108,1.0039108372261671,0.9996648562687673,1.005171816115101,1.001648711576444,0.9922448537374108,0.9951011687149882,0.9977203677234897,1.0046428452303182,1.000152552845586,1.0005469433203085,0.9973313620333798,0.994770006281794,1.0064271123712925,1.0029567858569344,0.9940600301091963,1.000067685058288,1.0044158574182804
357,2908450000,0.9931026836257302,1.0015460298168861,0.9995516179125475,1.0036806823032052,1.0079120077248906,0.9982060177597368,1.0005476696798854,0.9946954586141258,1.000007218382199,0.9957790599645754,1.003977172403577,0.9976594092369867,0.9977082348117327,1.0033714392126236,1.0030057913003891,0.9967675251309351,1.0001994283984619,0.9968643784477157,1.0020402890039066,1.0006615698844088
358,2908725000,0.9972820429743958,0.9970651584535617,1.0005601251641225,1.00887340602003,0.9948205152636905,0.996546855218341,1.006143975284804,0.9958194273810287,1.0008802581411729,1.0043243841815837,0.9991319029752909,0.9973665062598058,0.9922163443922066,0.9965569654489829,1.0002535389458584,1.0028258365759044,0.9978451352146699,0.9991600805896597,0.9979880233192446,0.9912243334402626
359,2909000000,0.997474377528259,0.9980690451750923,1.0076007106107645,1.001440227585776,1.0037284101073223,0.9987599375566132,0.9977050169536691,1.0046245717699351,1.0018489027415183,1.0032774969386176,1.0022699550184795,1.0060910716545635,1.0035405736176717,0.9982327487162451,1.005953326400245,1.003068347333627,0.995249580875607,1.0021915959055911,1.0092767160257812,0.9966537106547327
360,2909275000,0.9986416872320325,1.0014621447435479,0.99320160617332,0.9961052975040189,0.9957641754525306,0.9936361508353815,1.0005360376183834,0.9987074827070848,0.998785002244398,0.9952344443988272,1.0026425925902842,0.9964228546351105,1.0017575204277858,1.0017629356939075,0.9962978006454802,1.0029858583880664,0.997313302245268,1.000894513620007,0.9996214833737505,0.9986239056718141
361,2909550000,0.9959357741164268,1.0076419068921738,0.9973399641374988,0.999690316928732,1.0038879357833117,0.9971906521082163,1.0006478287476699,0.9969740643906198,1.000254584034985,1.0000659631497653,0.9986730365874985,1.0003292327807052,0.9934994765360213,1.000908690613873,1.0063072281224348,0.9983360900102941,1.0005759696995236,0.999613536306378,1.0054095469921636,0.9997071271382361
362,2909825000,1.0016724215139712,1.0013594149716811,0.9968072889513296,0.9985486209766559,0.9974527384041154,0.9926764305031689,0.9952686573344285,1.0035640752162116,0.9982523480172115,1.0055603330990235,1.000896624812393,0.9988915444234059,0.9981052493363713,0.9964442090090967,1.0038670190121834,0.9975769544961591,1.003108160640084,0.9976988284015125,0.9991077219575805,1.0051360803301888
363,2910100000,1.0021984546871563,0.9970265862354324,0.9973683519816668,1.0005555808131803,1.0023413591076293,1.0024708123576056,0.9956141560520421,1.0018261943448956,1.0037454648766648,1.0024863467095457,1.0001476374334706,1.000776735858067,0.9962269079003615,1.003460158731392,1.000607970272504,1.003580802431609,0.9962416085641094,0.9968910512488561,1.0065317382467132,1.0045922629108923
364,2910375000,1.0003170435786801,1.0068892155664495,1.0059995487220457,0.9941331874125781,0.9973093452163675,1.0030768951897584,0.994092489293772,0.9978214240930912,1.0012432074768336,1.0001379637614982,1.0020018774420258,0.9993840828295855,1.0054927053338454,0.9988972208511157,0.9997858334087476,0.9984286276811457,0.9945457375279627,1.0001116537297565,1.0078456728965977,0.9995565307707426
365,2910650000,0.9986565383520353,0.9897770209530701,1.001201677699099,0.9969005626654661,1.0023005358576393,1.0006963156876858,0.9969213726059288,0.9976360106319179,0.9976180794274352,0.9990536562445773,1.0022276867814706,0.9983461564641651,0.9965137351952824,0.9998960112502401,0.998845771709737,0.996711160787297,0.9943218899411068,1.0005973939915205,0.9984973512536277,1.0032187388189622
366,2910925000,0.9918063139267265,1.0046226865775607,1.0004912892368052,0.9982378277288002,0.9976668005239597,0.9955090039884837,1.0014928753686267,0.9971470427287625,0.9937953254297036,1.005346072515595,1.0038737584846849,0.9941739974260333,1.0045451252609274,0.998343293471728,0.9974061596134055,0.9975135588969269,1.0022430904624138,1.0059269397082098,0.9958932409571202,1.0029527051563252
367,2911200000,0.99395146103999,1.0017747455001063,0.9993927232469714,1.00497279486208,1.0051040246804248,0.9914519862344716,1.0064503835094278,1.0009808953552324,1.0013688888115522,0.9940877406919639,0.9962982594480535,1.0022302799705334,1.00335000296554,1.0039392556256956,1.0018325877427998,1.0021196887750177,1.0009154523415298,1.0033802562765821,0.9981588444873447,1.0021027299169067
368,2911475000,1.0047429679183375,1.0016240441864666,0.9973739110598066,1.0037407664984617,1.003657909068456,0.9967678972436682,1.00115070681405,1.0028930055493344,1.0027319272850836,1.0024912827740347,0.9953909816780805,0.9954661372701602,1.0016156208060492,1.001533955977113,0.9999351249206466,0.9992879265508102,0.9997586954439375,1.0061644568960972,1.0016233978190736,1.0032251125523475
369,2911750000,0.9947967459827133,1.000824090296873,1.001624857326793,1.001374334810796,0.9993731347646242,1.001881557616091,0.9964195427687523,0.9999687676495113,1.0034617391227327,0.9914716706245551,1.0067187239776176,0.9902510836645183,1.0041677537781692,1.0000308714053847,0.9963904439802881,0.9989608081492969,0.9937334814821659,1.001998178394279,1.0044489825039626,1.0027585803170675
370,2912025000,0.9999156202244925,1.001239201281727,1.0073851567951686,1.0036352927861312,1.0038394254523457,1.0060716831578607,1.0037447051004145,0.9987744296258774,1.00105145231953,0.9971753944666748,0.9987069695851551,1.0066148359576164,0.9978178866407847,1.00285825092342,1.0042179311757176,1.0007169648478322,0.998243514333346,1.0043428008063777,1.0036202504089295,0.994974780175826
371,2912300000,1.002538264626926,1.0032010446628667,1.0070338600794864,0.9894453575567606,0.9885967999679897,0.9989965106745822,1.0012169195244605,1.0029249738213204,0.9993849197231839,1.0088448112397825,0.9993494924753632,0.9903254016436511,0.9993746510569029,0.9971842408787266,1.0030827391650032,1.0000560276683261,1.0037743443076177,0.9964751137987151,0.9928236547977525,0.9964238214686559
372,2912575000,1.000347600637021,1.0006161704457799,0.9987413407307206,0.9941850934359175,0.9948062653175919,1.0009807144767906,0.9963241150803195,0.996892243721546,0.9952216483459262,1.0003850524371334,1.002370384313405,1.0026114220761002,0.9983325017860445,0.9954378632027181,0.9987609958389635,0.9967699839648738,0.9992291679930334,1.009143736344686,0.9998122804882055,0.9996393337091509
373,2912850000,1.0006289467096476,1.0058819970167288,1.002329006150822,0.9979284407829778,1.005771401463617,1.0024803030712275,0.9990265064546769,1.0010747278272638,1.0027288522753652,0.9941707918265318,0.9959999235438844,1.006319091115562,1.0050328521924647,0.9979807567546156,1.0006486530048793,1.0049236738590719,0.9998888054082841,1.0006276841009725,0.9946808452896964,1.0005227566096293
374,2913125000,0.9983663966759383,1.000115611811525,1.0005696062392824,1.0056485153270072,0.9989587474627522,0.9921445809933177,1.005216698884721,0.9981678691927984,0.9975020026615982,0.998480501225686,0.9982977582981549,1.003986757678302,1.0037267392206086,0.9946719893159409,0.9978377316431498,0.9966226848354381,1.005417630003848,0.9953170141922019,0.9965401862426003,1.004146720243798
375,2913400000,0.9988961664165734,1.0007234153542426,1.000099109337575,1.0010466320391667,1.01304972786883,0.9983548633289326,0.994581904503725,1.0035411274461248,1.0035903945905087,1.005022990639543,1.0058010603174987,0.9924040848857867,0.9984140859826515,1.006211293052187,0.9927151334989692,0.9916848935304177,0.9995021084008621,1.0078183674948875,1.0068520279035824,0.9983924883533164
376,2913675000,1.0007809284560476,0.9983146533105329,0.9983667595072235,1.0028687344956502,0.9978762614024596,1.0077363974366305,0.9938564011963064,1.0006536556187346,0.9974637756214032,1.0020537270940126,1.000556680944024,1.0001799643952038,1.004514362890787,0.9922995389410967,1.0028056497807167,1.0035678613367456,1.0035121004754983,0.9972395136364034,0.9973549295713832,1.0067427156253734
377,2913950000,0.9980426238094985,1.003261949495605,1.0030681712249263,1.0013503542061035,0.9918488305917669,1.0037976006655778,1.0076650558304907,1.0000224600885845,0.9958744392106691,1.004178827402653,1.0008067767427082,1.0030121780433066,1.0000344054527877,1.0003224065248812,1.0023060273248767,1.0013024612997983,0.9921758960604776,1.0037655644326284,0.9990758450289142,1.0025005023516858
378,2914225000,1.0001141736069585,0.9972590743294573,0.9974273654060141,1.0057875328357433,0.9984441876768816,0.9993154042388088,0.9972555446434814,1.0040339056280116,1.0016917377478753,1.002402705087964,1.0029224612730714,0.9953862345451944,0.9999695212922423,0.9996774085744733,0.9964433750036601,0.9953863107138688,1.0018827559024819,0.9999977284775792,0.9986624467260102,1.0011253491190997
379,2914500000,0.996720246144935,1.000782643439653,1.0020924127404982,1.000403843447815,0.9959809878157715,1.0030184061719578,1.0039030968951246,1.0074570900525854,1.0002461360280295,0.9964050672540723,0.9932633461245434,0.9968289644092083,0.9995903227366376,0.9949648608594753,1.0038166157580104,1.0051339912409516,1.0124898528578399,0.9947009196560012,0.9916545439482051,0.9966324752807546
380,2914775000,0.9959912022907035,0.9997081873012617,0.9993344970225815,0.997575423600361,1.0015470163594848,0.9971028845066563,1.000494110502751,1.0007951001502247,0.9978870225588844,0.9968610558373084,0.9929900726156166,0.9982745414973416,1.0011088651032718,0.9986409726431185,1.0007339329895655,0.9945357359976994,0.9968558961828305,0.998983858637371,0.9980997953327784,0.9931157412931275
381,2915050000,0.9985091530169671,0.9978672960177793,1.0006284839044748,1.0034803312371836,1.00050760224586,0.9995521187585837,0.9959547988911084,0.9951147231209714,0.9980780194476071,0.9956995289583993,1.0024574016038807,1.0009718338802178,1.0003162744201703,1.0005931627946039,0.9986486368141065,0.9973069809237944,0.99923630393182,1.0045342265463868,0.9944964048345818,0.9967501207674121
382,2915325000,0.9981815402964943,1.0080782934802954,0.9982838199096843,0.9981329489454561,0.9967433772265216,0.9982487247176544,0.9964075830806463,1.001914884383475,1.0002258136532558,0.9981377274025509,1.0030521454093757,1.0084306453251408,0.9997227350961854,1.0001753034442618,1.0063759221499622,0.997260849582298,1.00169661508849,0.999585550014549,1.0023010881359788,1.0070811148713357
383,2915600000,0.9962868470485678,0.9994299487579272,0.998023767080908,0.9954574923413242,0.9967157655703688,1.0033512910239155,1.0038370663463587,0.9987326360068466,0.9966194943867257,0.9974375767124041,1.0025234837912937,0.9993284474562377,0.9990105013491463,0.9986063232106103,1.0000445295728078,0.999759807468417,1.0036937107801989,1.0009772435341073,1.0034817746272604,1.009840480438305
384,2915875000,1.0026588703218242,0.99656329377722,1.001769572383482,1.0060630183803319,0.9929472240958099,1.0047769801422595,1.0059407419151982,0.9963112589380406,0.9979496767759762,1.0014021099035273,0.9932712229953318,0.9984435284082109,1.0037631495441965,0.9986686664222979,1.0041688333391339,1.0015230351859956,1.0058534587297199,0.9969355745699864,0.9990855651864542,1.0006212812849324
385,2916150000,0.9955366107476056,1.0000028827298075,1.0027939788875877,0.9998618477132803,0.993628603755256,0.9960673882888529,0.9937453535849053,0.9925401279734658,1.0051136235737441,1.0020895590413752,1.0026681053355948,1.0024186126797912,1.0045275388183623,0.9974026828877766,0.9998359418739702,1.0002717851981806,0.9987660588927284,1.002397387038638,0.9978919053690419,0.9968270566390126
386,2916425000,0.9963099592945249,0.9974964396028755,0.9982294368707917,1.0033115907679373,0.9950582057952728,1.0002817504052568,0.9967816866344398,1.0037506569912484,0.9949344343015093,1.002150741646566,1.0038638639149546,0.9965637066718447,0.9942476470556031,0.9972694716569389,1.0036493755025448,1.0040983742946847,1.0032229607281857,1.0021334573152998,0.9953232368346608,1.0000253752875132
387,2916700000,0.9963625610303474,1.005560397198205,1.0023302057037877,1.004934904825396,1.0050657980718312,1.003676597035378,1.0019857452770258,0.9966594233953735,1.0021923651791533,0.9975481196596365,1.005978706383987,0.9965279028746108,1.0011300959744718,0.9948457287359141,1.0030195318592885,0.9954673651748625,1.000093283717407,0.9989360859543684,0.9957436841577717,0.9940877555096673
388,2916975000,0.9954875306283532,1.0004377786863292,0.9963823870624122,0.9999240179429795,1.0023398861397546,0.9999887116646111,1.003354770829639,1.003367893280508,1.0016194349937422,1.0016579118815538,1.0009975452426183,0.9991161633166817,1.0016020979373335,1.002250849197332,0.9930131847353265,1.0010514373650368,0.9960753910129452,1.000642906293708,1.0044722275223683,1.0025923443972102
389,2917250000,0.9989108436665742,1.0039875903181028,0.995592013481128,0.9924583641883886,0.993376708276015,1.0043246589635288,0.9946800990053638,0.9932434282351393,1.0050667438665215,0.9985639925650477,0.9977587722811591,0.9998839499918785,1.0032398250509758,1.0005187878386683,1.0016686625754716,1.0019803111553058,1.0078777222260487,0.9952404560809835,0.9940319719558561,1.0029292071962836
390,2917525000,1.0071475332512154,0.993797747898632,0.9961142121775594,0.998356390247575,0.9963624927186916,1.0000787420428987,0.9957983424715535,0.998047539966621,1.0010267819533463,1.0050540282993337,1.002394422732623,0.9941837242619079,1.0014613593357535,1.0014352361352685,1.0008173832376286,1.0010140933307656,0.9984594632216485,1.0067004778047426,1.0114515320839217,1.0000692349647309
391,2917800000,1.0001654900170118,0.9981402362945841,1.0046170059639439,1.0002724093575457,1.006259884114966,1.0055697760338744,1.0052762064559566,0.9981649491975121,0.9971426385588094,1.0028897222924331,1.0020649881401167,1.0010221793228025,1.0056183965992016,1.0046484147843606,0.9982524652960931,1.0041232210084523,0.9966011261306995,0.9976376053404857,0.998635057576954,1.0043256620055545
392,2918075000,1.0053302346718853,1.003329209870482,0.9932256126861065,0.9978231766160393,0.9974588250024459,0.9989929508575709,0.9979819096758933,1.0002155581887218,1.0065722897639544,0.9987332650818206,0.9971775770675626,1.0007872818724046,1.0016974842079969,0.9969067320636764,0.9917256184596711,1.0021693180107205,0.997355584742116,0.9989673150451726,1.0014437882161937,1.0061005443667022
393,2918350000,0.9910266799321057,0.9986498908752605,0.9960762510381603,0.9992613240783691,0.9986829400740506,1.004040177619162,0.996381830260677,1.0004294833742473,1.002583257700114,1.0040242179450625,1.0012041071475337,0.9894699498845553,0.9931304984888999,0.992953736059504,0.9952894751357884,0.9977770644976279,1.003916519063335,0.9946906156162133,0.9958513758233516,1.0012582630632048
394,2918625000,1.0010424808562892,0.9998068200114393,0.9928519970262405,1.0029205494918854,0.9965539956537061,1.00088934924377,0.9964153350017577,0.9990583294337567,0.9983037775571538,1.0096609508819285,1.0004762540264092,0.9926594726902123,0.9925993155420282,1.0054388810716277,1.0037462649056534,1.0012928592804555,1.0024987823310985,1.0052086630458748,1.0006508436967265,1.0032062287570505
395,2918900000,1.0033266811620456,0.9990871048959306,0.9974760564825349,1.0072705792513263,0.9990060125163026,0.9988669478404945,0.9952031071620662,1.007321466079729,0.9961845506901821,0.9976511116600528,1.0034432696743116,1.006710102009121,0.9960104888279239,0.9980340121681165,0.9955676453792981,0.9999113924171645,0.9991972541564025,1.0007546291856544,1.0002233810588752,0.9982230119398889
396,2919175000,1.000200640911149,0.9942002940746538,0.9911179937282507,1.0047922748804592,1.0016920267521112,1.002302921839459,1.0025642906621326,0.9953057046425918,0.9948167756970533,0.9989959489206994,1.0004885956718328,1.004088457652765,1.0046816567082921,1.0003571743344069,0.9997011183440955,0.9961421045250632,0.9998970295949331,0.9993528798564237,0.9872328801020299,0.9925116342342217
397,2919450000,0.9997342691291577,1.0025394323875663,1.0023180051492555,0.9985477280517374,0.9983028480114489,1.0014001745752248,1.0023773368193432,1.0018816470744614,1.0007785782202958,0.9960749896581086,0.9985079642940107,1.0015858314245798,1.004972957996647,1.0017221692785685,0.9994307366038642,1.000839841793802,0.9969508501713996,0.9964352886370428,1.0019240138991616,1.0093227523675203
398,2919725000,0.9964553097498857,1.0099155649385274,1.0056166574485372,1.0013675259499062,0.9942715863600708,1.0060186512257123,1.0027030460592878,1.0048862044593838,0.9993702519044859,1.0044779434905382,1.0062130700390948,0.9997030359235473,0.9955509379822773,1.0041281561978779,1.0006439269527183,0.9960948369344532,1.002012837443487,0.9988511901521366,0.9957587018020886,0.9981767419006959
399,2920000000,0.991581345549953,0.9983446702099924,1.0067892960009226,0.9994539605411045,1.0066763102224345,0.9958592578091308,1.0065244057759744,1.0039822519876795,0.9966672839632978,1.0028068432079205,1.0091234881956808,0.9955418974872812,1.0091572246221872,1.0041926630611309,0.9957880121135242,1.0007414454503323,1.0026380250027462,0.9959304706047069,1.006032864119663,0.9986875271918374
