,0.0,1709133332.0,1709135154.0,1709136976.0,1709138798.0,1709140620.0,1709142442.0,1709144263.0,1709146101.0,1709147923.0,1709149744.0,1709151566.0,1709153387.0,1709155209.0,1709157031.0,1709158852.0,1709160683.0,1709162504.0,1709164326.0,1709166147.0,1709167969.0,1709169790.0,1709171611.0,1709173433.0,1709175260.0,1709177082.0,1709178904.0,1709180725.0,1709182547.0,1709184368.0,1709186190.0,1709188011.0,1709189843.0,1709191665.0,1709193486.0,1709195308.0,1709197130.0,1709198951.0,1709200772.0,1709202594.0,1709204420.0,1709206241.0,1709208063.0,1709209884.0,1709211706.0,1709213527.0,1709215349.0,1709217170.0,1709218994.0,1709220816.0,1709222638.0
0,2810550000,1.0028906768527888,1.0031242913023293,0.9985277042792544,0.9963806671927486,1.0015554419437531,0.9985601382908963,0.9969791304017769,0.9980182421932087,0.9930485829462583,1.0031740024022417,1.0038565118713128,0.9968722197691168,0.9988931474362596,1.0034468890183597,1.0011781929994232,1.0029596169950525,1.0042804393819311,0.99425998214914,0.9945076765508902,0.9928295950753587,0.9986738442396066,0.9986389264618523,1.0041099886692835,0.9946474137514923,0.9996738760699172,0.9971739346305855,1.000770659048167,1.0042268397578842,0.9897106077891344,0.9938085663240548,0.9913352159173403,1.0066573349965053,1.0104712885543807,0.9961586613189133,0.9971081194634338,1.0023450690847673,0.995621642634712,0.9987261123365062,0.9980284415750839,0.9996579409812617,1.0051817173471331,0.9957921115956423,1.006628169852849,1.0003244784227228,0.9963380254236891,1.003359726557884,0.9989908022156275,1.0079036452888557,0.9982619929584019,0.9972117540502675
1,2811100000,0.9996240564499463,0.9990547579582371,1.0020285853510436,0.9981676931793345,0.9994053351414383,1.0051746249177813,1.0051845979142389,1.0042239753280617,0.9988080048619123,0.9992336776408586,1.0001727174593764,0.9976277166066164,0.9983518155168832,0.9988966243029392,0.9988915160745602,1.0016289424883258,0.9958766586268701,0.9948782359309991,0.9959169717998838,0.9996415949192151,1.003234215897517,1.0030045856470988,1.0003161378069214,1.001210100869553,1.001332753220878,1.0079722114621144,1.001696517546127,1.0013168087277622,0.9868299384529422,0.9937146987454659,0.9885197150034568,1.0019447369357972,1.0002372719487316,0.9923880146765031,1.0008622193705385,0.9938063982521207,1.001592491826543,0.9970617076078164,0.9939715905982608,0.9985659976419349,1.0004092483230334,0.9982399427309286,0.9987575790880711,0.9963040394186525,0.9941516253785614,0.9985568886645859,1.0037745875738593,0.9991922833941539,1.00246982024554,0.9889043848009462
2,2811650000,0.9963176050973025,0.9985351817101078,0.9969483927412598,1.000487915029358,1.0011454431732547,1.0005078348897412,0.9961880096645994,0.999748214781465,0.9991538932170223,1.0024459620611117,0.9965289132586409,0.9996204537331403,0.997994564050987,0.9935355403257746,1.001057348552305,1.0000454428655496,0.9980313951142025,1.0028971059555338,1.0008607363348756,0.9962701142457041,1.0007417949767707,1.0012846564272595,0.9997496780749211,0.9960903183281986,0.99413769423136,0.9971251361742098,0.9952773565378665,0.9978482765215345,0.9992075762571783,1.0003307269449735,0.9945522222936258,1.003016586182204,1.0006684777558938,0.992918987269433,1.0035313913422559,1.0026091869403422,0.9949043027586021,1.0077521356469876,1.000192503404102,0.9994896312815258,0.9986993164070584,0.9996525450772618,1.0040355380770467,1.0008141071848593,1.0047763990555192,0.9950205437046516,0.9974316960857229,0.9995925806960717,0.995014369185695,1.0039699425915056
3,2812200000,1.0030921983643253,0.990741165952756,0.9977284081522396,0.9938548005991149,0.9993639742631201,0.9985157758815754,1.0023513944355693,0.9943837419823054,1.0018392991226208,0.9994391579674777,0.9999330280360812,0.9970395194751619,0.9965565611734547,0.9950203766908706,0.9925961126853028,0.9979779792245264,1.0045586061811502,0.9996905689190434,0.9960769843350354,1.001157745991169,0.994365540823257,0.9956079208721953,0.9986848714998539,1.0028439772971878,1.0023610763738808,0.9993646495673998,1.0048579307885142,0.9990384904197245,0.9919368209500627,1.0013698621647036,0.9904156788948688,0.999243028892689,0.9966697049535291,1.0044351978824337,1.0027937967586806,1.0048336496782937,1.0017689810440098,0.9933086308599494,1.003272228032387,0.9980513131608323,0.9989347854113649,0.9957832000240497,0.9989979501172174,0.996271532437353,0.9974440985985739,0.9986508419182434,0.9958755608970291,1.0006194049278203,0.9950651311045091,0.9985333601214185
4,2812750000,0.9961630019047283,0.9962304487809241,0.99453484969869,0.9983272070978728,0.9972248773716853,0.9980730221392405,1.0051670416954996,0.9974624935381908,1.0001559527380415,1.0081905355885552,0.9992949316079696,0.999716124204785,1.0012684356732482,1.0044796520758523,0.9966733235298114,0.9995495475588663,0.9978122996732832,1.0012687394570654,0.9998981560443176,0.9968831622683008,0.9968227108423419,0.9986998516760202,1.0037728788317408,1.003006591364684,0.9988382268724122,1.0002790864820061,1.0016742364670528,1.0004734102874797,1.0014746706745645,0.9999005725906532,0.9988119893502491,0.9981642222769571,1.0034055618444282,0.9949560754315778,0.9997135827668316,1.0001416845248365,0.9992169756160281,1.001543192424348,0.9997831707309632,0.9997996250275781,0.9946202950807952,1.003153565038505,0.9989872226430827,1.0026447475828373,0.9969491827379645,0.9992061014112652,1.0046037071431109,1.0021825669863866,0.9998141535656297,1.0020668054169861
5,2813300000,1.002238801314802,0.999698645156558,0.9992682013987814,0.9985026009149987,1.0010190499216078,0.9969067775074817,1.0022372190331401,1.0043854966905428,0.9956545557913329,1.0010214611388184,0.9940858030179233,0.9986721701893908,0.9966639490798685,1.0055571834631716,0.9973718367065022,1.0066694930840452,0.9969489293446412,1.0007652952794892,0.9996675959855058,0.9961137072590794,1.001471239234853,0.9972048667245481,0.9976202105654439,0.997135812740722,0.9982284834093857,1.000010843619972,1.0016144305866723,1.0012700071851168,1.0028216170232853,0.9980476908450339,0.9988867913412551,0.9940464164746853,0.9925817045117055,1.0093791918484198,1.0045213449722696,0.9916908419861741,0.9945259540141133,0.9901420325284876,1.0077577071541497,1.0025118703328448,1.0021217556744244,0.9964519917669654,1.0002722618675417,0.995105700708486,1.0029102698322137,1.0046028950436108,1.0035749989877771,1.0020100753477346,0.9987972270770457,0.9979255340191515
6,2813850000,0.9997303446686325,1.0030400883269945,1.0007433374102215,0.998539037779201,0.997786156832425,0.999520371897687,0.9977145415304589,0.9921300058769652,0.9987536150576559,0.9950747635697909,1.0003238260927552,0.9951050250430353,0.9981387827695363,1.0007279544599388,0.993630398700847,0.9950222530576706,1.0001223200634684,0.9995678275349374,0.9976615217096072,1.0054220852450257,1.002739901976263,0.9988403830753428,0.9935082294838008,1.0024369560043305,0.9925254443743492,1.0061620976565937,0.997605381886409,1.0010511938058715,0.9981540026236384,1.0052091705374184,0.9999372311917024,0.9933968517378343,1.0007299449353741,0.9984527628310776,0.9912060824625405,0.9951577214150634,0.9945152957686578,1.000647412671282,0.9977723281255111,0.9976357853233296,0.9963652438560717,0.9968418689135189,0.9907756084753435,1.002487055453024,1.0016161208314958,0.9987799504532039,0.9967792038381125,0.9943701763243525,1.0043661514727538,1.0020564316266747
7,2814400000,1.0032146183129746,1.0001922450859317,0.9995297708023614,1.0047658728584323,0.9919598898146145,1.0069714139713313,1.0003654901869399,0.9977448607831694,1.0016751013392373,0.9971642125622774,1.0006863863163369,1.0069603425660563,1.0036294839237856,1.0051076115669113,1.001702675026759,0.9974417907415363,0.9969129208960122,0.9904813220416402,0.9999511821039271,1.0004847359095248,0.9981493770857506,1.0034740409439817,1.005384281693234,0.9944355341801049,0.9998078773894828,1.0009016305441727,1.0044078051179055,0.9969383734508155,0.9957191355741776,0.9945939621400104,0.9997441427882154,1.000719884926475,1.0022548429967282,1.0027232822988017,1.004772636680842,1.0048186069424099,1.0049030073067657,0.9919072668134695,1.003568143537808,1.0028585153226302,0.9986770463311897,0.9984245783674189,0.9918565549701459,1.0010634507986909,0.9991579939576982,1.002705441549285,1.0056509098938233,0.9908323955840113,0.9992685788062389,0.9982208991670223
8,2814950000,1.000753746671883,0.9962254584334401,0.9963765933396077,1.0008087185090326,0.9968957828714358,0.9932453480035459,0.9928170368524534,0.9989684369192586,1.0036339632193096,1.0017134565125838,0.9914864192679014,1.0001765636927369,1.0031744855195865,0.9940468621054545,0.9973612681900805,0.9999234506857307,0.9987782011138951,1.00018187482868,1.0024307470590414,0.9972053930561664,0.9950644424831454,1.0019676600876224,0.9957015818208058,1.0002075356261984,0.9957795630704676,0.9922065722523739,0.9991838805798343,1.0021473058199672,0.9949769925369288,0.9985791316335371,1.0006486113312303,1.0036595232240737,0.9932005925806218,1.0058152655564738,1.0008153448616208,1.0006708831143847,1.0016709759299747,1.003944836893872,1.0034862918259793,1.0053429456869745,1.008676481077986,1.0008911977067043,0.9952064218245604,0.9926268853323161,1.0002509330733296,0.9989687376724589,0.9985415561392375,0.9952777413990392,1.0072358236013952,0.9984257635131444
9,2815500000,1.001090173485674,1.005153188147379,1.001925079998686,0.9941010418726065,0.9945753532923349,0.9999187362131936,0.9986238669509062,0.9971266452155919,1.004121149914685,1.0004767136193489,1.0044612334423573,0.9981240140268083,1.0031564048599046,0.9932628580573188,0.9972378628250722,0.996276882876699,1.001773646020799,0.997409426427576,0.999322877644253,0.9967224535034834,1.0011990002544309,0.9918150237954942,0.9988669556031403,1.0050897578508058,0.9985392415681531,0.9987987547498274,1.0050483547982365,0.9981074098673635,0.9977865863689263,1.0055719071838611,0.9960986978452553,0.9984358302323184,0.9926220604319624,0.9900586985847892,0.9985453905349065,0.9957472707459157,1.00126803758413,0.9956319089110236,1.0046153196055647,1.0020472973159733,0.9992070811433713,1.0007320599616514,0.9995251845428851,1.0000648273810218,1.0000048193430335,1.0025805816326134,0.9972427959950044,0.9926431301341957,1.0034337866227068,0.9983971474927265
10,2816050000,0.9995046852624218,1.0033141324606023,0.9898448527851313,0.9979161709615573,0.9995199437867052,1.0030437549159255,0.9987724320539186,0.9969603845891697,0.9937360960822679,1.00031105095771,1.0024629431154832,1.000153614457366,1.0002464841764498,0.9984957942418766,1.0010423259365,1.007687390815599,0.9909995659041193,1.0071011150601952,0.99479374428329,0.9970586911932001,1.0017323448359623,1.0028582002342004,1.004007709041591,1.00167347157326,1.002887306159662,0.9992605620232335,0.9999096206601304,0.9938944283145145,0.9999572804690773,0.9946573741447643,0.9997851114185966,0.9948291220140015,0.9953106500917095,0.9977885875518309,0.9997317850435951,0.9968820029417198,0.9994484876529176,0.9968864602134077,1.0035378539925282,0.9986893099528807,0.994295098660191,0.9967420697817957,1.0013629029171216,1.0023298093109407,0.9969411431011651,0.9956069664487909,0.9978956056764936,0.9995479159849624,1.0022646102720465,1.0009036320692597
11,2816600000,0.9869381136848245,1.006439108251949,0.9995365684248947,0.9974067800028139,1.00379383853563,1.0010723797571155,0.9971176547982624,0.9941226380689797,0.9986203379342515,0.9991582799250885,0.9939990824833828,0.998505996796711,0.9944001512140459,0.9990520763553894,1.003150824116526,0.9983270776573138,0.9990607688318807,1.00003726395851,0.9969633290833159,1.0030686144583447,1.0018495279484283,0.9921083506363582,0.9991535269638688,1.0024024137921412,1.002567999581957,0.99533782940565,1.005023883185151,0.9974442578188316,0.9977713781644499,1.0037832350937475,0.9961863312990545,0.9991288278251288,0.9986355891345485,0.9914414170388158,0.9984520729080838,0.9978123721496155,0.9970191228511202,1.002623239880507,0.9948792574006553,1.0076234764021659,0.9995097799416015,0.9981525962820864,1.002878809253603,1.0015571079741294,0.9988288897018188,1.0013380835729169,0.9960237826651305,0.9962758162207173,1.0032152033078099,0.9961693796472566
12,2817150000,1.0053979095812273,0.9986885011504304,1.0013573733475407,0.9987761211392177,1.0017035640756553,1.004253040401509,0.9993285701243237,0.9968114130117549,1.0031003523343465,0.9962973255561347,0.9962773127896245,0.9960320377120294,0.9994438139464231,1.0003693426106721,0.994912920017696,1.0025303438788777,0.9990852240716321,0.998506382705978,0.9936877813002356,0.9956930485252978,1.0045347131401916,0.9925087964851822,0.9927619422917042,1.0022564883080236,0.9968886873752294,0.9942035890647382,0.9973979402519961,0.9964355509252448,1.0098761725385368,0.9986537482902351,0.9979896249926965,0.9941502970374161,0.9978053595969738,0.9980023079557755,0.9995385334133187,0.9975295361256213,0.9929671796821878,0.9990463999820101,1.0013430425422511,0.9980384852247237,1.0040456500329764,0.9994911717080786,0.9939993722677359,0.9969587690661722,1.0018367681167235,0.9977821096178922,0.9936029845315388,1.0004068131493116,1.0036499857173895,0.9957878466302595
13,2817700000,0.9941190927559093,0.9973170718056837,1.0019245370877996,0.9970598899146063,1.0007752864081265,0.9991270910767316,0.997994416611082,0.9955911307469602,0.9967436017666877,0.9992960707803935,0.9911094437026728,0.9998746391876712,1.0009877956678608,1.0043026723146102,1.00079105946391,0.9997339067233497,0.9980190793488434,0.9992921115901178,0.9978806202209122,0.995863999518411,1.0034051255464869,0.9995944259475662,0.99878533280001,1.0059861286801666,1.001735736868856,0.9994285804424267,1.0081063734502604,1.0045910147322061,1.0051718384818653,0.991618386529025,0.9984291107737804,1.0020247784511875,1.0004108129942744,1.0070807910454767,1.0122161091375612,1.0035482135417964,1.0061604312322177,1.0054222290843884,0.9965540286362826,1.0055944744776963,1.0129774142524903,1.0019963040114446,1.002587221304949,0.9992142190902807,0.9976141973355412,0.9938647349160074,1.004595858921104,0.9968053773068131,0.9996461430325189,0.9948419150294401
14,2818250000,0.9965352984023323,1.0002535881015215,1.0054986687136145,1.005775121191109,1.0038766484953532,0.9981689700515819,0.9977865112228578,0.9994821402604303,0.996757617449025,1.0037825952934634,0.9985949813045539,1.001180506784964,0.9928316101009397,1.0007128479176404,0.9935061656339668,1.0006447179495448,0.9891995380290114,0.9991467890576258,0.9997819421871907,0.9995706158010503,1.0008975690025121,0.9986834828978065,1.0068258191253745,0.9996635941223622,0.9965594667328204,0.9984289480381038,1.001730571039634,1.0015475824695843,0.9997641451190521,0.9940403817810611,0.9953595623811962,1.00152875241968,0.9993966124121348,0.995757364402606,1.0004655973828167,1.0062077436110632,1.0017749290903584,0.9979085825928183,0.9975045557926159,1.0045464274351055,0.9956706738865171,0.994437182860624,1.0003260806356542,0.9973298539353883,1.001899490786635,0.988670974970927,0.9984503321033015,1.0025651203933905,0.9986563807347995,1.0104971063777812
15,2818800000,1.005258545857808,1.0022580009971795,1.0048895124994652,1.00240820192886,1.0021808893760822,0.9954750451937266,1.0025576475307385,0.9905891820743563,0.9952359925851663,1.0017174883591935,0.9985603401298072,0.9971395307884773,1.0033332919638314,0.9949148684837081,1.001034351145392,1.0054953131958928,1.0073957057870302,0.9937606287892271,0.9928567827649909,0.9908037632702223,0.9974074322889216,1.000173199198711,1.0088958686705933,1.0003434691814566,1.005713336076369,0.9966753126361402,1.0042981781775069,1.0018621688853848,1.0024830559500948,1.0027060369882281,0.9984717199205247,0.9963601673981416,0.9972533996416294,0.9959647375723369,0.9989703567190523,0.999123539164458,0.9900882634937979,1.0024553876159497,1.0012957024665718,0.9940460959740839,1.0007418651286006,1.0027140507740533,1.0028822683204968,0.9973738343437569,0.9995510319275422,0.9933707603826527,1.0019960529759557,0.9926163681280991,1.0038049618374416,1.003796231377889
16,2819350000,1.0012822422057657,0.9983888561757605,1.0024553597884358,0.999032809539603,0.9998095784022771,0.9993065308579999,1.0016711062235464,0.9957688932383133,0.9964594672148027,0.9966834126007409,0.991467273301295,0.9967848216894153,1.0041581176012435,0.9998742588911099,1.003294782057781,1.003177047007626,1.0012120994888658,1.001133375361444,1.0037496864907527,0.9962858980427998,1.010815347901152,0.998472686344,0.9934759369848114,0.995341285844293,0.9972758532099769,0.990955956311278,1.003105692144969,1.0100617431694756,0.9989986684285843,0.9971136289661893,1.004968254232303,1.0020538541677873,1.0021905854831508,0.9963619238611592,1.0002207097468752,0.9970053185750756,1.0016370834673596,0.9963073337253591,0.9950673273404597,1.0093203886602244,1.002974266169523,1.0049615054105439,1.0013406852369384,0.9936697874248253,0.991760791883179,0.9934876073157644,1.0027215192571326,0.9985587306090052,0.9920562475987691,0.9929812833188297
17,2819900000,0.9973474047176203,0.9988333270895113,0.9984829915597305,0.9976542400673805,0.9969188295088898,0.9976016252160215,1.0000818213109417,1.0051984257565392,0.9994662383974768,0.9994791432494083,1.0004463935219992,1.0012729432054162,0.9974926046602614,0.9980955926803485,1.0022629151141542,0.9998429482079786,1.0018615350374607,0.9991345890134012,0.9973057522607378,1.0002589031558975,1.0015514755868613,1.0009035254336633,0.9946663789158205,1.0012770352595195,1.0013044062365581,1.002500142800794,1.0011099492756477,0.9989654990302683,1.002685702637132,0.9976638401129043,1.0010636904221215,0.999507635265859,1.0090953898774884,1.003113847832805,0.9979201252517159,1.00255851892801,1.0027188246814023,1.0038091371410713,1.0008232480258554,1.00391339742809,1.0029778294502725,0.9972304008301489,0.9936038023580815,0.9967818974487154,0.9934686540983719,1.0047375555393276,0.995859147631713,0.9995677566106571,0.9945172870582621,1.0033628475079701
18,2820450000,1.005582006488656,0.9990379943658889,0.9979564822603328,0.999209103945809,0.9995707285226748,0.9961545623799303,1.0010485391137696,0.9980269190485912,1.004719986047993,1.002454280204901,1.0037330073807453,0.9900882117741526,1.0008022503921343,0.9989931599607463,1.005130006641997,1.001204348633696,0.9986905734551222,0.999368260175392,0.9989844764215101,0.9985916906460064,0.9958976914700057,0.9997596448206351,0.9999101791988793,1.0006872431025435,0.9965851363358706,1.0040495683172999,1.0036863310697037,0.9936676941624125,0.9947947232352528,0.998158676274579,1.0030672125545146,1.0023342339220296,0.9955467074295244,1.0019231178341785,1.005907326626398,0.9959427492980012,1.0010988362809978,0.9988644741698682,1.00142589109201,1.0052465918626208,0.9991798346131633,1.0012853125405492,1.0042168717225215,1.0003128417808151,1.00144826306351,1.0022192111873125,1.0022958480095019,0.9968184225585804,1.0038731129902028,0.9958260637700962
19,2821000000,1.0039785350727037,1.0006689381099183,0.995265315583967,1.0019177692425962,0.999629792059652,1.0053083489330068,1.0028694367309063,1.0010542938984666,0.999822956535783,0.9957132209505108,1.0038909171739157,0.9990841661358164,0.9934890492547306,0.9950856831780033,0.9943596796519169,1.002289088117686,1.0042390863192157,0.9971553498885352,0.9965857529141835,1.0055415758125112,1.0047121803108605,1.003017479437803,1.0029201547831956,0.9952413027565664,1.0031427820453438,0.9973603859405159,0.9946980346658418,0.9981601609526566,0.9964512358107418,1.0033507261870878,0.9929362125664996,1.0009124508940708,0.9976127617006,0.9959071590833455,0.9930262490527104,1.0040830281866906,0.9956746689223872,1.0005884763506825,0.9995839327864301,1.000836018057049,0.9969060492207743,0.9988812027208738,1.0035753989394303,0.9976990712167205,1.0052852656593285,1.0035617455331318,1.0023381043965705,0.9995636408468708,1.0031673677780002,0.997808046921504
20,2821550000,0.9950438108477672,0.9972431711330737,1.0055873630853194,1.0059106712962238,0.9999923681924597,0.9942221327560138,0.998554776316675,1.007675922126766,1.0041913745872675,1.0056038628890187,0.9981279230390355,0.9995433880343707,0.9930479012419187,0.9992740352031634,1.000934845189911,0.9992833073017585,0.9997387713929425,1.003056723146581,0.9926007658101077,1.0001885445211895,0.9985523211327519,1.0066939004938578,0.9950183130083792,1.0059321728157475,0.9992611191267822,0.9961861641916333,1.0004846271142818,0.9988150772737948,1.0060466501265706,0.9998601344187872,1.0046530166315597,0.9981433017948167,0.9973882398219559,0.9975711624781872,0.9950434982447892,0.9993856759326778,1.004019232757899,0.9957488244713966,1.0038268910798307,1.0003422787885812,0.9990003499735405,0.9945198527055834,1.0068234079148262,0.9993737562206303,1.0055366229166098,0.9934477155077744,1.0001095969684852,0.9983555514446544,0.9984536121750895,0.9986260623902906
21,2822100000,1.0000726290856854,0.9954263574704345,1.0050990632268237,1.0047629864329868,0.9938844564381467,1.0027839752220717,0.9908473782041907,1.0013567765590679,1.0027510144569804,1.0010311705747394,1.0015992599710115,1.0020270547583938,0.9955862733344547,1.0007138887070797,0.998258153910579,1.000365780026526,0.9941967379511492,1.0041833310347998,1.0012943870562543,0.998213212487792,0.9936280105765488,1.0001841292832125,0.9955296318139044,1.0071012504644457,1.0051905454696206,1.004923301715302,1.0054501146548438,0.9975186900141276,0.9990041350764264,1.0042079050556285,0.9986980199047536,1.0019674658960873,1.0009984652674058,1.0054063677838228,0.9976502325722602,1.0055478697414795,0.9929014238407119,0.9966941052886312,1.0001807924727393,1.0035574736182635,0.9987549988406743,1.0011751899181929,1.0002221876932524,1.007868645659104,1.0003774085054475,1.0005624708027137,0.9995928854616887,0.9986286379793219,0.9958376369415146,0.9994034707638951
22,2822650000,0.9995940191606282,0.9989695609974364,1.0068446869411756,0.997003940538923,1.0051828070902236,0.9949847535087168,1.008085422443645,0.9990163955641886,0.9975033166702272,0.9909000161529552,0.9978873865853288,0.9953571460399331,0.9992650201850646,1.002497229299071,1.000982570493352,1.0002187836119227,1.0006613708358367,0.9959869530012136,1.0031175224866513,1.00131845710865,1.000035386363529,0.9999543100941358,1.0034873184642767,1.0007088268257605,0.9946484745745905,1.0022805190945034,0.9998913670663965,0.9924707727651375,0.9950790558196324,1.0012570241707879,1.0045584336059692,0.9989966190429334,0.997884014091301,0.9974042010108812,0.9966296309382439,1.000931842507603,1.004985495514308,0.9921957229672549,1.0022423458487684,1.0038851897820424,1.0069113274819512,0.9960908376708155,1.0024461260459545,0.9969076120373458,1.0029368523930653,1.0025081889051977,1.0054757480530863,1.0061616957849964,1.0016834958079204,1.0029845330356906
23,2823200000,0.997228804836341,1.001446686196518,0.9966544129205401,1.004860956946426,0.9948563650333323,0.9999810759016288,1.0034511300443556,0.9960529082109881,1.0022888672755297,0.998856052407052,0.9949673412513346,0.9986072204352945,0.9973940423197213,0.9996092406030603,1.0045716531823181,1.0102256682157507,0.997899829234512,0.9989907442652309,0.9966645771822101,0.9936399627612493,0.9969478799926614,0.9933149495747569,0.9990310461917965,1.0010897129122822,0.9951297640980213,1.0031021980433608,1.0022124301898565,0.9987041825319868,1.0008105018698843,1.0112185155593376,1.0011506294380421,0.997147857571349,1.0005710192558206,0.9930027619457519,1.0040140842982448,1.0058618956006253,1.0022633082687222,1.001692700059361,0.9963144123416217,0.9968893934265023,0.9999489395307706,0.9995866178417142,0.9991375630062105,0.9923747481027001,1.0008859752175443,1.00349187070708,1.0049035187588988,0.9995520573620288,0.9925919294246149,0.9994955567623968
24,2823750000,1.0043450302193226,0.9952612657881698,1.001353548455583,1.0043845005357737,1.0014655022414085,1.0039645911707633,0.9990560065467519,0.9983506037634338,0.9956691874454247,0.9951729241226386,1.0034392325983317,1.0044621613932176,1.0044187250130379,1.0000726063417482,1.0012532298158916,0.9981554928348914,0.998691687436934,1.0048680661456002,0.9995628997875293,1.0039606657644446,0.9969335869902506,1.0011026799019176,1.0021727439905554,1.0014173454271478,1.0008549939405014,0.9946436725128057,0.9985466261379959,1.0074968072759543,1.003046218808624,0.9952592358930884,1.0006484904428623,1.0081886443185815,1.0012514081320067,1.0136874037257788,0.9958635397801623,0.999667343638059,1.0013537197385647,0.9941526141776268,1.000666011040608,0.9964471424941747,0.9924192676281349,1.0012683739129715,1.0005677738001033,0.9987706232887263,0.9984561055398907,1.0018368815741494,0.9907723478869992,1.0049754446397048,1.0026834415624122,1.0041153841950485
25,2824300000,0.9980272768447247,1.0019086769876044,0.9972892373051399,0.9962762271334463,0.9930413841654119,1.0016785838409399,1.0053539544308483,1.0005794863406752,1.0006203336386637,1.0024338353708653,0.9969800149240197,0.9949844496580639,0.9991711350332801,1.0014917237543144,0.9947009455140663,1.0007366978690178,0.9999900897606926,1.0011389866561324,0.9999094501295772,0.9997603203467476,0.9995005288191375,1.0025803141868845,0.9970361519660497,0.998639460732189,0.9992053694325939,0.995511570582962,0.9994553241689051,0.996015514183733,0.997950404439647,1.0021829840248353,1.0055997383948483,0.9954089637430761,1.0033467881272822,0.9947111494150676,0.9975339960624668,1.0002812036033892,0.9963390111241971,0.9971515327951976,0.992540858462453,1.0009339628124552,0.9994324944794938,1.0035000332829438,0.9990383717593377,1.0066040619572394,1.0023084142497882,0.9967370466205467,0.9961367801191292,0.9925128397285254,0.9986173999819697,1.0038079581538761
26,2824850000,1.002015802386581,1.0007453500524912,1.006905295009776,0.9970968481613983,0.99818890665334,1.0012508448714534,0.9982155717383979,0.9935600852836048,1.0042373836641556,0.9985416143004566,0.9951993325903846,0.9994669619903843,0.9970823600927569,1.0077652127558832,0.998057598930951,1.0028028939538158,0.9993215188113471,0.9920672940203656,0.9965222772895002,0.9987679390657312,1.0046069087738105,0.9921984275433254,1.0005570278495488,0.9982464934789302,0.9954779857956353,0.9984854906881128,1.0072431520708656,1.000171492954381,1.0001642873137475,0.9958167067358012,0.9959748099126652,0.9993104646318209,1.0052791277127948,1.0022333821737983,1.002200949347395,0.9945487482523081,1.0009412533339443,1.0023595224451725,0.9943101360190744,1.0027201509276025,0.995319312815673,1.0018226455867916,1.0023820927141311,0.9933151188980173,0.9946062681645017,0.9972971757113002,0.995457558528886,0.9966690422323637,0.9962542844546851,0.9991464315866795
27,2825400000,1.002492468263445,0.9983177670576767,0.9929844996901728,0.9987692058131341,0.992000720715875,0.992068243910247,0.9963042125321283,1.0007796264301,0.9979198895684711,1.0044760369699595,0.995227712771416,1.002805955160879,0.998636777669982,0.9994423442025205,1.002823482798975,0.9991838660655172,0.9985468994090679,0.9994389698361398,0.9986675054913551,1.0004876765404345,0.9974073202249715,1.0028107937193895,0.9980394420860946,0.9981922393107907,1.0027131709097856,0.998547373730498,1.0016838655606741,0.995578575262367,0.9976921442212019,0.9911237884016899,1.0006592262000813,0.9964903812835149,0.9971615874298543,0.9962105969674063,1.005552581152799,0.9984640120938996,1.002418016997764,0.9964547379282465,1.005662639234386,1.0084983477797786,0.9945913241866908,1.00333460585444,1.0041411194628012,0.9924963518328638,0.9999389979668222,1.0024059595213053,0.9995003616442221,1.0062469550968096,1.0070346959960121,0.9958017251417934
28,2825950000,1.0063737931242525,0.9973693386318379,0.9918673436554183,1.0039290899673416,1.0040751775402241,1.001329282152298,0.9998555369307153,1.0002945440589823,0.997243544212401,1.001579144455018,0.9925404029760252,0.9950097648593018,1.001131200940627,0.9985175756281919,0.9950617177085346,0.9969646701565585,1.0010372328533008,1.0019846172627362,1.0014279595980888,1.0032992995029868,0.9979038364860849,0.9962537801603164,1.003383646626774,0.9998779588655544,1.0000438427626448,1.001617157854723,0.996593891490977,1.000062673771821,1.0080855504059012,0.9961481665519095,0.9971073639765038,0.9923514917188148,0.9991727151962932,1.001044755504571,1.0002741801636044,0.9977699644812097,1.0028451980030073,0.9997410201786125,1.00003583717382,0.9956356852007974,0.9975717161789497,0.9979486921711289,1.0047577318986456,1.0067957867741446,1.0038285396772275,1.0010126192972313,0.997618198271107,0.995229038561484,1.0015394818305878,0.9986184947714791
29,2826500000,0.9988925035956876,1.002881020284796,0.9994929515497246,0.9966643370845369,0.9991248252492732,0.9974246378999478,1.0051314806791254,1.001949596283953,1.0118155036217038,1.0013474685497785,0.9996958840641778,0.993636643683372,0.9998717027617487,0.999474700625018,0.9969143354322759,1.0027420927936264,1.001123923265221,1.0040828639876314,0.9925706612234602,1.0067041545968856,1.002115649141737,1.0007459107630512,1.006953382868594,1.0047143490794594,0.9979170196272394,0.9964518627225718,1.0002278112341865,1.0005045577508411,1.0030480761795566,1.0013165427045112,0.9977635821083162,1.0087558228672557,0.9955468963486764,0.99912981506328,0.9994068601940236,0.9971505330073335,0.9957579121455671,0.997698845669583,1.003462537454303,1.0007997957522017,0.9995935928247907,1.009919365596733,1.0005510583140074,1.0001310439177253,0.998097805353555,1.0094032737120435,0.9976082926456505,0.9949183602709298,1.0010724972062408,1.0024749463930367
30,2827050000,0.9992591957067487,1.0005367238805556,1.0015537065551658,0.9962606954017948,1.0003927847320147,0.9986932560945161,1.0035175860211731,0.9981074186275645,1.0102061324483116,1.00714233366443,0.9972551764404198,1.001171494798809,0.9981369877458347,1.002255791218935,1.0021064542270814,0.998386264570511,0.9998974676845173,0.9975745042958676,0.9909181029986819,1.0019550748262434,1.0001268289807843,1.0032649480868145,0.9991531163041393,0.9988403728930514,0.9995330149998073,0.9979767050357694,1.001971998256056,1.0012554196412493,0.9999558528144818,1.0040034155817545,0.9973420486598811,0.9977988266317942,0.9996384459091708,0.9978540208906262,0.998339066039059,0.9999478834554059,1.001934702894595,0.9994111442823771,1.0005286821146793,0.9988867626879466,1.0003442625572245,0.9975390721812734,1.0004278267788993,0.9983694950397496,1.0020263990039553,0.9970041579579728,0.9990155865642335,0.9950356379828459,1.00288155204927,1.004818362757037
31,2827600000,1.000158957622105,0.9980838945169065,1.0061853972913173,0.995190336666352,0.9988997334163824,0.9968958563816355,0.9986072737005987,1.0013147632272243,1.0054815650142461,0.9986996208299382,1.0006924068655394,1.0044448640620203,1.0028999504650407,1.0048042396599544,1.005199850369877,1.0019061439251924,0.9986112363158123,1.0016759681678469,0.9907031559065076,1.0023631643188309,0.9981721204113431,0.9929715982380348,1.0037350855709724,0.998522460468716,1.0018998525762466,0.9933598957216623,0.9971009856526144,1.000840603988097,0.9985932962735341,1.0007953353306884,0.9964503458162377,0.9948625486341214,0.9934312625012623,0.9958888422009232,0.9936224759296977,0.9890882724875774,0.999780434134854,0.9936638511676653,1.0013569248278078,0.9952181034008655,0.9880432943928018,0.9992390397866053,1.0009096264878266,0.9986156235339255,0.9984328154281846,0.9998539878298965,0.9951624931832708,0.998367713348357,0.9978814939875871,0.9997168761726474
32,2828150000,0.9953752770001669,1.0000499715314524,1.0007344130302516,0.9945055257092698,0.9978970341359432,1.001404899812859,0.9994050253561582,1.0067539869032889,0.9959858498480261,0.998332430044734,0.9969625375196679,0.9976589193420347,1.0025640725211356,0.9999618705625106,1.0041624110362641,0.9971296907770799,0.9977996742713585,0.9976806658108185,0.9991783399529971,0.9971063151525544,0.998828939728688,1.000724659460404,0.9918568928323857,0.9994902861056404,1.0015050857788685,0.99580920589565,0.9982380762219429,0.9981852672697112,0.9975373025638853,1.002493519198829,1.001725739548717,1.0060824948001477,0.9981748524952467,0.9983233852287594,0.9999507917509862,0.9994184902844735,0.99727728681833,0.9960702714487742,1.0055287736290115,1.0012554748619928,1.0006015598421905,0.9971707947593618,1.0018494942005955,0.9982344055353631,1.0007412129031499,0.9965430076317614,0.99663300775734,1.0007203682980836,1.0047589014364555,1.002379048546133
33,2828700000,0.9986247168179285,1.0006012579666101,1.0008965372462097,0.9986904501493908,0.9985001896517863,0.9916475271462324,0.9993524289221084,1.0019471448695962,0.9997904998643974,1.0044906295734983,0.992748637841684,1.0036104075994974,0.9952518253118694,0.9975708185392328,0.9946236906153658,0.9933455026609076,1.0032413084113903,1.0001286195831933,0.9971022289507734,0.996462612575704,0.9971945595187535,1.0012517811767565,0.9981999110780937,0.997470765835368,1.0019853039234,1.003005733256306,1.0004256436821488,0.9984256541517679,0.9950802957058522,0.9981219089151382,0.9920535476162025,0.9986081422737368,0.9960717589331229,0.9992479305380686,1.0030790687820172,1.0018341517981677,0.9953674187255029,0.9995129643698176,1.0034260918880822,1.0055107158252323,0.9932319565395166,0.9959095267087418,1.004136860813532,1.001760964490994,0.9984338196906964,0.999171923786392,0.9990299686231604,1.002286260274674,1.0021002627629918,1.0055075967296165
34,2829250000,0.9996339793282378,1.0050648350224034,1.0017275988248389,0.9976279514420541,0.9988839272562545,0.9987541060751047,1.0038714794220278,0.9999327312671946,0.9997105082230884,1.0039415349027212,0.9991768433335558,1.00207468620239,1.0105732684735087,0.9940387261360311,1.0030436267543668,1.0031470679365628,1.0084841205203965,0.9954231582367083,0.9905423421315004,0.9939236077148073,1.0007537822160772,1.0002629079409737,0.9928085853520126,0.9957253108661637,1.0004498132171527,0.9963109164155174,0.9934764134567076,0.9995894809794776,0.9990870740013426,0.9987189689624534,0.9940293044948474,0.9979736247938309,1.0010121933935283,0.994281984606738,1.0004453571088583,1.0027451439349988,1.0019890946285104,1.0046504475954798,0.9945549744313801,1.0022226618992938,1.007472046172347,1.0014510283085873,0.9989550321179148,1.004629788162679,0.9943075361052246,0.9970085990118778,0.9970891858482467,0.9948758122527899,0.9943332218849144,0.9964465960732457
35,2829800000,1.0073478275268888,0.9957866670050769,1.0000019064263044,0.9964667477922788,0.9987621802570192,1.0015875560394236,0.9962116810993416,0.996791891197053,0.9977104938769148,1.0021304009583298,1.0018104488251367,0.9956220253464486,0.9987002032060324,1.0007115471689325,1.0016196283047896,0.9927484672550758,1.0020675305084288,1.002589592553709,0.9964226232508252,0.9984090833717801,1.0042182783358589,0.9958671088709672,1.001726853548093,0.9997353987913326,0.9998700365530646,1.000277023925288,0.9944912484705156,0.994314743256375,1.002220412592856,0.9986782086830441,1.0026726561366925,0.9997959552102312,0.995359855132436,0.9991381516824117,1.000197339372687,0.9980826222074723,0.9994548965696953,1.0006970446784815,0.9976087618452716,0.9900240823800094,0.9989300206269718,0.9987608628363691,0.9977043550983824,1.000928633782112,0.9959403875317278,1.0030955197042315,1.002241748164733,0.9979366609087565,1.0030846559023952,0.999058927812927
36,2830350000,1.0028098094031437,1.0029091615406045,0.9989674773810718,1.0015269871463137,0.9988390941819644,0.9973185500214174,0.9967086319772092,0.9997120953493677,0.9981093761330843,0.9992154222450315,1.0082745009343512,0.9984416719139264,1.0001761340932918,1.0033872625715972,0.9975409603375429,1.0015110247762165,1.0020563380442955,0.9920066724913402,1.0004691575284268,1.0022809618717305,0.9971326015496094,1.0004091730347884,0.9955996272713946,0.9908794969272213,0.9992215120975537,0.9956457013055522,0.9945306847960437,0.9946499443012983,0.9977417787306628,0.9950461661586847,0.9972667342942126,1.0001027367595534,0.9921338952197445,0.9987783637744747,0.9986112423092885,0.9976293170956562,0.9979750918305687,1.0023528668301003,1.0069029636139954,0.9999750863171251,1.0024635472271977,0.9955621496265216,1.0021180365519429,1.0067342893158149,0.9992416229362746,1.0010430922686162,1.0058277013143775,0.9967062044263459,1.005887592283751,1.0002754660631756
37,2830900000,1.004453623674386,1.0047455541109227,0.9955591074988138,0.9996879600187517,0.9993570494219899,1.0022266039032837,1.0011400484281763,1.0016872494851772,0.9989079102868285,1.0015617240159527,1.0051932634619936,1.0007304418693415,0.9970914732310592,0.9954753749558403,1.001773741824168,0.9981947925706223,0.9959258067075334,0.9949904971010817,1.005538410794886,0.9962682188050039,0.9988233086211551,1.0055465739237037,0.9975403014879712,0.9990374064645269,0.9976141374479416,1.0017415211603002,0.998040463105243,0.9959495092972852,1.003680297000229,1.0029307827748881,0.9973127117541061,1.0008505714876266,1.0049194687132135,1.000857275472903,0.9937339316429443,1.0010976651115377,1.0020489295814292,1.000108465271658,1.0063278493765015,1.0027937663006419,1.0042524570987945,1.0015170313764667,1.0039279106808907,1.0037755062592164,0.9992365586792507,0.992432156169543,1.0041193013994796,1.0081213357783807,0.999787940997603,0.9921494407334369
38,2831450000,0.9981119052269072,1.00381066331898,0.9955725990324589,0.9964802712030814,0.9984023458522701,1.0020039800817249,0.9988738551859359,1.0033416589324964,1.002180188938843,0.9966909653032988,1.0067952698771934,0.9997412441515353,1.000136341796929,0.9992150773835086,1.003017215813184,0.9933678550839031,1.0058606193406634,0.9971499027894971,0.9947766988997367,0.9942834048697281,0.996271635502341,1.003221591355339,1.0061223048136898,0.9922015259651735,0.9970746299668329,1.0000235119262593,0.9996321990740022,0.9929616698389843,1.0048438449803048,0.9983058850069851,1.006986965210106,0.9947737247996082,0.9999110541790076,0.9966455496560956,1.0050763372004863,0.9889115768280021,0.996484906469372,1.0008964310016364,0.9993771402615026,0.9982033309299865,1.0081725146058453,0.9998290653229575,0.9989041504165863,1.0104784297023888,1.0003055812781743,1.0033920463213437,1.0049127040779744,1.0000908314790748,1.0036665993448144,0.9956755307393477
39,2832000000,0.992806754520695,0.9938304892186107,1.001276685080707,0.9936874146685094,0.9980235258789084,1.0012021842288858,0.9977047148512664,1.0006336096485984,1.008919439836192,0.9932625304520807,0.999683191753387,1.0033758209126267,1.0001956450819618,0.9983461245713019,1.0073012912121306,1.0035331751002123,1.0037590933042273,1.0047316127937889,0.996843796424458,1.0022868532643463,1.0041948061285075,0.9890188764363053,0.994958593417592,1.0014213780967487,0.9988070411437492,1.0004417625308024,0.9953065608451691,0.9948040033536536,1.0033055169910827,1.0046053536600332,0.9968351567700222,0.994156959237944,0.99471729780635,0.9999163229986413,0.9909266744021482,0.9981461902976754,0.9992265529941008,0.9946469462160336,0.9941503989768494,1.0024603392955087,0.9948090761562669,0.9962714250219461,0.997224593580236,1.0003827935130218,0.9985041971801506,1.0010871008826074,0.9952532274283464,0.9962733475917596,0.9988741635331373,1.0035104329138373
40,2832550000,1.0000542695543626,0.9999185627673682,0.997599583973076,0.9991898252738391,0.9968425469435837,0.99738908584979,0.9912591631397389,0.9954941815613373,0.9974026698243509,0.9990585825039465,0.998521605207483,1.0015234687025485,1.0035207009306255,0.9971778534994313,1.0070815909416135,1.0008776222736118,1.0028091381513171,1.0016261337449657,1.0060946999152325,1.0006425831006314,1.002111533877541,0.9998785813483657,1.0078689714416524,0.9949578342080003,0.9922941179188294,1.0011394106160483,0.997437060908081,1.0034011486099037,1.002772776450922,0.998128111607311,1.0022566925276166,0.9998950687761775,0.9973972861244959,1.0002005348744047,1.0020978461623706,1.0030417715349047,0.989676697181324,1.0041858148338052,0.9994305235194798,0.998560693876887,0.9976035889084804,1.0005267470557966,1.001847365643904,0.9944699324980015,1.0057503829617522,0.9921860030720642,0.9954908119135983,1.0014663719371277,0.9956165676031785,0.9927129242062488
41,2833100000,0.9999998920970907,0.9987434327254974,0.9988127144002084,1.0030161549609489,1.0034846542409526,0.9978111140415847,1.0018615172183991,1.0016490028716456,0.9971947877411238,0.9984560799965994,0.9938976057001143,0.9909133530985605,1.0054267467031133,0.9991834842168273,0.9977387410572629,1.00130175240905,1.0038114625118717,0.997567210413055,1.0053061266866945,1.0072703063919926,0.9972565601021885,0.9991822631339617,0.9961254973743046,1.000288958698527,0.996641664629,1.0019770155566508,1.0004113734791302,1.0005654556229928,0.995432406435732,0.9956012714443029,1.001156062082559,1.0047394227370723,1.0031487026163373,1.0041976251817484,1.005890694993847,0.9973707978983501,0.997097877516329,1.007325704396352,1.002779501223985,0.9964949874304234,1.0087290753304843,1.0038495531631784,0.9937688592621559,0.9961178807773899,0.9963445034755454,0.993791995486143,0.9975114461260818,0.9968733239763935,1.0080139720914936,0.9942430813444927
42,2833650000,0.9962861111627836,1.0024990105471734,1.005176028139332,0.998746561877449,0.9986824826945007,0.9952578800358468,0.9941092090085807,1.0037846927774532,0.9992118398291343,1.0038291602371994,0.9942206410485204,1.0053897272268193,0.9993972947403603,1.00135050150286,1.000480238772068,0.9927033736053568,1.0008265559467873,1.0020489911173165,0.9969384688510335,0.9881980127326908,1.0000410864351983,1.000121076814896,1.0036599995681421,1.0071775662508073,0.9989602083346637,0.9972021584776736,1.00286023873315,0.9996201197782946,0.9954832782446873,1.0005692654610028,1.001821675691282,1.0034431411481732,1.0005197793246023,0.9955646417325654,0.9949312059766997,1.0106884148235005,1.0014578686387265,1.0001720005897388,0.9943587168675189,0.9982670223083735,1.0050172732263003,0.9992727084111664,1.0033234127022852,0.9943073835390931,1.004366660656357,0.9950596144926016,0.9991906084279268,1.0015151809436311,0.9960908741200079,0.9994614925674263
43,2834200000,1.007854695094866,0.9997279958800097,1.0014362294742059,1.0058767103251924,1.0054767262484068,0.999059667639204,0.9912134336015678,1.0121452086418792,0.9953424113909489,0.9980480673742861,0.9917348854604541,0.9942195063972075,0.9930006684700434,0.9997861232047307,1.002798538797983,0.9992735431964835,1.0010734136480506,1.0023078098317038,1.0033935522749646,1.0030395918352732,0.9996780384985048,1.0005592430690624,0.9985735327345306,0.9958309217417503,0.9970820846504579,0.994959050129121,1.0016088328252182,1.0072081082186821,0.9971978436325307,1.0043496046427018,0.999961018058186,0.994335406126522,0.9979886819972249,1.0026040196813657,1.0022489813238882,1.0024899874926443,0.9940388776206291,1.001274695467983,1.0065263158287525,0.9957803448037162,0.9967049937217962,1.0006692443127039,1.0022325055265788,1.0009616142815005,1.0014812606862966,1.0022113600489249,0.9993138337081301,0.9953987442833204,0.9993969875545358,1.003341014975782
44,2834750000,0.9957156340265159,1.0008867014499576,1.0028270620783588,0.9964504974587275,0.9963378951416533,0.9988782213177142,0.9942380697918052,0.9963906226463458,1.0030147804044192,1.0022581317069654,0.9942018779661428,0.9973947245475522,1.0017801781347635,1.0008667839632042,0.9963962244312724,0.9968087949040644,0.9959358755536811,1.00316453324576,0.9987529083140723,0.9938049195317934,1.0002417414541926,1.0018410010777414,0.9972625750574368,0.9943285659955563,0.9989900545577333,0.9975790979960631,0.9976197516649481,0.9999978798465224,0.9966270887471298,0.9943515728566986,0.9953535341575532,0.9998486707714311,0.9964369257883268,0.9970903098249182,0.9928430416373597,0.9957991632171862,1.0010836618321204,1.0014879902669696,0.9921382972837228,1.0013515062812794,1.0046413009227253,0.9970087642550062,1.0002236259842745,0.999728001006419,1.005992642652629,0.9993151105222297,1.0044388487191882,1.0062721520806324,1.0026823542058174,0.9972578495828169
45,2835300000,0.9950243471576595,1.0003079683259177,0.9956661461996189,1.001691088288968,1.0059267938807201,1.0013223993166434,0.9977200978142602,0.9997541778552149,0.9951019491734203,0.9958688191547646,0.996579338655916,1.0023363504154967,0.9977567615577061,1.0018318113733855,0.9960198853298955,0.997597768597057,0.996737752509866,0.9981435452670202,1.0005130557963622,0.9987204173872678,1.000352981755754,1.002633178411037,0.9994490245976863,1.002055138238434,0.9967408998353245,1.0008067767758824,0.9979391569148296,0.9971522976192165,1.0038373777847784,0.9932768075552035,0.9952737962937953,1.0018523317635863,1.0035670638864778,1.0016190846759725,1.00025524907908,0.9987797671168576,1.0006391884017025,0.990089564785639,1.0067117134391195,0.9995488136125702,1.008451338514111,1.0025405011114048,0.9981107485929898,1.0024747282110096,1.0050276520982602,1.0009901307057234,1.0029614410556311,0.9967848680231473,0.9983478657675563,1.0098534840658866
46,2835850000,0.9998231265464693,1.0011092146816607,0.9990591069989184,0.9956082788770378,0.9999063690870347,0.9978637704519987,0.9986103536895364,0.9997128588525636,1.006828926013557,1.0005582264879305,1.0005560304992995,1.000634728440375,0.9945181992896399,1.0013580674691414,0.995729569644547,0.9954685241850068,0.992248763071124,1.0063456713468317,1.0030341324024923,1.0001359306209865,1.0028426581307086,0.9928096052821751,1.0029775398333276,1.0034553812810565,1.004647398571382,1.0021316015375525,0.9981200731981271,0.9949570166617381,0.9986072785745109,1.0020689970151169,0.9996852249211583,0.9971793229720275,0.9978182301598053,1.0025079102544265,0.9989847963297092,0.9994947000351783,0.9942663003688734,0.9980531842956862,0.9980185815455196,1.0028819009709877,0.9983437366845971,0.9971319698917646,1.0027091971169781,0.997777208602257,0.9954087298889848,0.9989537586742537,0.9965299406032493,1.0070129392794624,1.0015321313798327,0.9951105807517385
47,2836400000,1.0043646525116836,0.9974367511509216,0.9980231202708068,1.000379182783637,1.0023584590357368,0.9946700608651032,0.9990353233212126,0.9994315158262062,0.9993797999648711,1.0060421814049707,1.0017509791647545,0.995496460173479,0.9991657130108375,1.0012794188558267,0.9977457024302763,0.9984445484134925,1.0031999743685853,0.9958801681853109,0.9962575177825546,0.9956201775384065,0.9979430804917343,0.9976874841680462,1.0061053921197929,0.9979423465118799,1.0027676749257661,1.0005782593810781,1.0000811051791731,1.0056589233162032,0.9933769772804756,1.0041727462228924,1.0010394297556857,0.9960992129868712,0.9944239606759944,1.0088954192373663,0.9982405277410927,1.0035888467182452,0.9969218751939898,0.9995227462581333,1.0030111313878598,1.0006845449173474,1.0014615170041254,0.9980849197962043,0.9980877774494148,1.00387046570406,0.9974878014736258,1.0006071466457236,0.9975930445399004,1.0012802443515045,0.9977589243122581,1.003562337890245
48,2836950000,1.0043019102367863,1.0031581532540361,0.9936842629214078,0.9940173445873953,1.00285839205389,0.9991279378776454,0.9987264691829111,0.999275741269946,0.9957761089170054,1.0005360035260031,0.9955824149174515,1.0036893271063803,1.0048498424138659,0.9970194351748369,0.994835775667719,1.0023609586408067,1.0017610237995944,1.0012194767993259,1.004475873511168,0.9990470088059586,0.992572320748229,1.0044827483714325,0.9978457601522336,1.0070104235149717,1.0014961520643084,0.9982805062356525,0.9986237673423708,1.0046760912569452,0.998903542053002,1.0031401990286408,1.0035520507862015,0.9969718222240627,0.9994085345528838,1.005941761712711,1.000420027388032,0.9948817825559051,1.0067614120775459,0.9920150589132872,0.9886574256475108,1.0002050219658214,0.9975190117467008,0.9923797055885238,0.9958625923068595,1.0000218464036978,0.9960219058013534,1.009911961685323,0.9974253074451734,1.0003453424719897,0.9958912554067968,0.9961818350145845
49,2837500000,1.0074471781190604,1.0016593616342209,0.9989223461664902,1.0073741593402301,0.9988137567489546,1.0022906282918915,0.9972034247765532,1.00439919916857,0.9983531872620359,1.003183563939506,0.9928951056418046,1.0019927500104142,1.0014014266435893,0.9982705841594547,1.0025153086067764,1.0065396169307979,0.9952426673869957,1.0038343384549342,1.0022699737183878,0.9944027482204368,0.9999918878070426,0.9989952136290501,1.0016655603787592,1.0045048412007276,0.9888526106381367,1.0069376822956877,0.9997988637708192,0.9962314224133048,0.9952860463377684,0.9946788004784101,1.0029125397780667,1.0018726309887815,1.0021343388232518,0.9991081522186775,1.0039006309943481,1.0004676004755682,0.9986662471150081,1.0019345149267058,0.9978168447948481,1.0009525729014956,0.9955243077141931,0.9956608049451255,0.9980262779253487,0.9933192644544647,1.0035889231370196,0.9979038078606941,0.9902601014775081,1.0019746925236028,0.9949641036401271,1.0020067911915471
50,2838050000,1.0044427553258932,0.9953972153908625,0.9926431681158886,0.9999995111613617,1.005559507698834,0.9989077601780658,0.997790052905865,1.0064934960318053,1.0014656109923272,1.0026291284721522,0.999148281983507,0.9985604976632377,1.0007921522480696,1.003633768517446,0.9964449390809036,1.0021657863514284,0.9973975767882342,0.9993506733497259,0.9999878576841977,0.9986665597840422,0.9970850982651347,1.0074629510371003,0.9973175983864154,1.0014365203962863,1.001660754201395,1.000422034704907,1.00447628972169,0.9961224062065812,1.0027777328948362,0.9989329975563102,1.0008869578710624,1.000004690190186,0.9983665492688045,0.9970124226259767,1.0022915759225526,1.0009637561469922,1.0006810968021589,1.0032225554767749,1.003239250034693,1.001979143206185,1.0046091591339368,1.001244833674752,0.9958786214675193,0.9997038794176268,0.9972244148865216,0.9950699771015012,1.004683741784999,1.0017508810083418,0.9997371312653397,1.004099974040483
51,2838600000,1.0010514744476942,1.0103397206418163,0.9993395129514344,0.9985118959613923,0.9982745589260495,0.9940476941897093,1.000836623793622,0.9980488477126692,1.0015684876281485,1.0063258198597986,0.9998710142044777,0.9872504442354126,1.0022893109769007,0.9973837397126989,1.0018320060040316,1.0013876305694076,0.9937446856151407,0.9992894605755976,1.0009965615755332,1.000795660957539,0.9972840818963439,1.002262133469321,0.993569365680927,0.9933772560449667,0.9928821705700863,0.9984789079096142,0.9982248987839971,1.0032825148878972,1.0026507431807237,1.0062992511460809,0.9951325809144748,0.9947698742582937,0.995894261002114,1.0041911851706828,1.000842939659922,1.0043534919462045,0.9964788710996536,1.000630307896457,1.0020310745023315,0.9965661858675764,0.9958960466039395,0.9970584425008461,0.9996107276234127,1.0018254789284584,1.00564538270954,0.9981805569864591,1.0028999013111046,1.0044915773687617,0.9994088416817113,1.0039552807618686
52,2839150000,1.003506552386483,0.999800609508271,0.9934581403434133,1.0010909265237933,1.0004009535512473,1.0019624595932721,1.0019592208088148,1.0027073065031087,1.0008243486766601,1.0028990410325092,1.0000459349818067,1.002350149665046,0.998350333490244,0.9960465998408671,1.0046250632061589,1.005936511753259,1.0006899765679886,1.0020707784447254,0.9982057096448546,0.9993747162891098,0.9933064298959301,0.9922239715928519,1.0036299344873616,1.000978656634046,0.9982284657552157,0.9974150183534233,1.0021742437989019,1.0013022178975686,0.9983967220596209,0.9963264096722114,0.9941287646110301,1.003210929332137,0.9940839998316726,1.0033030907689306,1.0026577690154501,1.0017908424812936,0.9954935818272297,1.0007808654154855,1.0002305588091505,1.0011040226773897,0.9976841562188914,1.0010987179764854,1.0059480902896514,1.00071162001383,0.9986173698124449,0.9987323822267914,0.9993587293393431,0.9888658203883987,0.9993154781821842,1.0006999421204572
53,2839700000,0.9997220115183113,1.0029858317204254,0.9965136737351155,1.0042516540659738,1.0047468982558658,0.9988733059102953,0.9976026885374184,1.00302073211733,0.9958139639013721,0.9989919500211193,0.9978266008140958,0.9959966728803746,1.0020598524875737,0.9968340745846601,1.0029319237907859,0.9964345736011705,0.9994191935011205,1.0069006079081637,0.9899711236818989,1.000197848100139,0.9952986571597084,1.000743087308995,0.9986532700226122,0.9996964154578829,1.0011003302074737,0.9956389150914919,0.9918194211639958,0.995815173446231,1.0057719519805424,0.9971652538079854,1.0069462708695693,0.997459655569817,0.9999028474090542,1.0014554457229556,1.0063214220142764,1.004803250759675,0.9954505572755046,0.9972427873926151,0.9984338430976687,0.9991845376566411,0.9979361676713537,0.9959404053409185,0.9998625365933039,0.9995355243748425,0.9916180228680045,0.9976032469488318,0.9933414002029297,0.9982767261523632,0.9948170390772739,1.0033164384045516
54,2840250000,1.0004235234582768,1.0032944860306603,1.0028828762002555,1.0023208469052212,0.9949547200455845,0.9965401753329521,0.9974230699542647,0.9998745128342024,0.9990004740291349,1.0036838540448565,1.0018766971662172,0.9962275802377503,0.9975170493313454,0.994214328776427,0.9974357285763528,1.0059355895995665,0.9960755316960461,1.0022947953587327,1.0012730096765823,0.9987581522738305,1.0063222996523264,1.0046766520129249,1.0048413894836792,1.0024192876115843,0.9956042469857178,1.0040300442889074,1.0058339866451944,0.9941415947200983,1.0006400214250206,0.9966272594349327,1.0018259053291372,0.9969745019801909,1.004040199738231,1.0032263971632938,0.9980413353672988,0.9993718482078022,1.0018797853321089,1.0002344166087673,1.001380674634086,1.0035436822577881,0.9969876306843284,1.0049139265015092,0.9982862224201327,1.0015806426129608,0.9989487379813425,0.9986146881643305,0.9974620817594538,0.9983184239964817,0.9994166868659401,0.9978526591489338
55,2840800000,0.9998934362091781,0.9976589047189965,0.9994960174358789,1.0018026198943546,1.000644991740449,0.9962068029496284,1.0093563587434669,1.0041516667874215,0.9950490202810653,1.0001863766529324,1.0047665491009796,0.9960033921581564,0.9976808553021616,1.0032336981557237,0.9961327110600596,0.9946663685852372,0.9973774024555988,1.0072555638264113,0.9992164397171025,1.0045848006516873,0.9967638043752008,0.9981655009970335,0.9926537173265558,1.0047785270970433,0.996394991740193,1.0044584777926904,0.9963607600850235,0.9953657578751253,1.0051706620013228,0.9952802895771229,0.9948588734917887,0.9959898275189458,0.9974677268884226,1.0029382998571703,0.99640724548506,0.9990786676689949,1.002708725417661,0.9945527853706269,1.0074602418773788,0.9947420206114496,0.9963519015974103,1.0022083579505363,0.9966287256589985,0.9955765631861704,1.0000236775881892,0.9967287244185964,0.9986339479525014,0.9937689029959108,0.9993912112844838,1.0007844702277453
56,2841350000,0.9961959102532773,0.999215812602153,0.9926288317250054,1.002723446627816,0.9962343855781671,0.9994885385922159,1.0032366342924726,1.0005680635882612,1.0053259797782104,0.9986931074481865,0.9943025718700063,1.0001924877354662,0.9996690838348055,0.9993672586207434,0.9986127240894211,1.002855972341269,0.9952131410900595,0.9962067434510169,0.9929783758967657,1.0011139967102918,0.9943074928433421,0.9921255357262927,1.0050053945710649,0.996176487478556,0.9995222473319306,0.9977105330193491,1.0018309446807518,1.0015179451696363,1.0017647677593604,0.9941507178302607,0.9990963699495687,0.997568269992165,0.9949964792837498,1.0023840283923193,0.9941373345131154,0.9990899308368544,1.005344577597336,1.0039824552513066,1.0018868952382036,1.0037725369586332,0.9979277256388671,0.9976085926050606,0.9978230047650785,0.9977040350164439,1.0010839784894126,1.0056902681834465,0.9995012238334778,1.0017314978577658,1.00349384070999,0.9991519988753789
57,2841900000,0.9964807981976632,0.9979467443899457,0.9979398251030934,0.9986772530359365,0.9960187334129224,1.0017157001796388,0.9996249632667666,0.9944561895234858,0.9970713270552143,0.9967743304426313,0.9996385849407049,1.0022569841592865,0.9971341399522458,1.00108198705115,1.0027680449040155,0.9971770463929692,0.9957465423231696,0.9941745709884022,0.9992763316025903,1.0007406627215256,0.9956587433602487,1.0057644518051774,1.0006055649728174,1.0002900962902819,0.9988961858358671,0.9997073865618018,1.001932319660748,1.0012494237258143,1.0054167407057175,0.9909565965822085,1.0004926395851668,1.0042600508183737,1.0017873634998604,0.9998899510150008,1.0060923970202744,0.9960830743850472,0.995341781153302,1.002903746102068,1.0030237634343986,1.0005970497160894,1.0018918012745843,1.0001373502394912,0.998166267433923,0.9936154393871437,0.9962000090577814,0.9990108269895684,1.002439596910121,0.9880352266628966,1.003945715982963,1.0022020562638219
58,2842450000,0.9985242859116341,1.0040012260747908,1.0000240921430663,0.9999898440720301,0.9979506873040345,0.9995490351168246,1.0031307062518284,0.9992427859057318,0.9980782694299978,1.0014760597111265,1.0004990378636438,0.9964436362298011,0.99675886241537,0.9995889465524969,1.0013910252436171,0.9982453371480958,0.9981771466090956,0.9955795750576256,0.9965467615781939,0.999271951079081,0.9970597974977796,0.9952508296428526,0.9962627783372138,0.9961676735146586,0.9913995575664931,0.9963621583451163,1.000341375557865,0.9994679704932713,0.9983338410813546,0.9941161634757396,1.0002113203209302,1.0019409291430272,0.9904785941056103,1.0050378651834189,0.9979908343936156,1.0005024493478543,0.9981031282536351,0.9993183076885713,1.0011121160886551,0.9939611516617919,1.0005264047715854,1.0011912239157612,1.004757912812236,1.0043868593582466,0.9949996408960216,1.0028401707638412,1.000321513187453,1.0012582989179102,0.993739177805439,0.99661417577318
59,2843000000,1.001323755720225,1.0050816558015585,1.0008240611862642,1.0011897733476112,0.9955816782322637,0.9987234038751288,1.0003184032837553,0.999058353159702,1.0018840564239317,0.9974206340285015,1.003257222827951,0.9954257511925542,1.0049539030438053,1.000913575919048,1.0044908344682588,1.001118502395619,0.9949574208873605,0.9957232674611081,0.9963474392436743,0.9904929479005333,0.9984832799162477,1.0015277211359446,1.0036092924023354,0.9956900153052153,1.0022216763534715,0.9928924489807319,0.9950038192779747,0.9962220782836141,0.9943566848901461,1.0003172085584653,1.005457899694998,0.9991177845604952,1.002764385456594,0.9983458732965264,0.9981201591945532,0.9965922043244954,0.9983828450569335,0.998013310731596,0.9952568911559561,0.9973538258280666,1.0021736603474936,1.002327448989793,0.998252698632975,0.9964609607831336,0.9966037547633819,1.0023511371135705,0.9978424499537774,1.0049799672858188,1.00208672088899,0.9976902237185006
60,2843550000,0.9907968268047871,1.0009296418171123,0.9995428264841114,0.9963252595086359,0.9963206834898075,0.9974628426482754,1.0012740760545513,0.9949497036696712,0.9946720645418721,0.9955817232994948,1.0013006720105126,0.9922367535374749,0.9958777473552534,0.9927249836061697,1.0002903166642447,0.9944193226408645,1.0016416424337364,0.9912116358042091,0.994714984803372,0.9939964346134831,0.9991296143376596,1.0024756613004238,1.0037896307066565,1.0049115956216024,1.0006121761265532,0.998585512372903,0.9971381669733685,1.0048767083761443,0.9971375593518236,0.9936423911689778,0.9927504776309095,0.9961308526516155,1.0032845198634504,1.0008359407962655,0.9997235279383054,1.0036866747060431,0.9959339822535419,0.9949468817266826,0.9990463465075708,0.9983839349833115,0.9994747127480156,0.996909312300037,0.9960867206280218,0.9982418127029378,1.0088117185227568,0.9951243013142453,1.0055814087113224,1.0047650637521959,1.006289637297705,0.997320744181127
61,2844100000,0.9948153595592275,0.9979717782023001,1.0016433799635187,0.9952433235084098,1.0045151559794123,1.0074488717295054,0.9943759375599432,1.0001594834553027,1.000251697716597,0.9984840091452654,1.0009708195759428,0.9976802155805005,1.0014180044578083,0.9971200519294964,0.993586487389431,0.9945725832192609,1.0012787349845538,1.0001783524938133,1.0008606758017304,1.0038848085822716,1.002300294055388,0.9949259125749498,0.9938073055067337,0.9984869115223639,1.0064768971514964,0.9998057853999505,0.9923863507647066,1.0016596601749428,1.0024712384926726,0.9972528215226056,0.9865650741500285,0.9965354717502538,0.9949684136799505,0.9996779069299544,0.9963180184473005,0.997626781334877,1.0013093535074762,1.0011184832321391,0.9921199857728055,0.997768274392127,0.9982737370729127,0.9961857425430546,1.000794934093878,1.0034707591466097,0.9963039500038869,1.0062646822388073,0.9942991724726562,0.9940973809681853,0.9947520464984524,1.0001259381942105
62,2844650000,0.9903355449522347,0.9993321354319068,0.9950138570206497,0.9919282168926657,0.9975971408274342,0.994810714950472,0.9980196823794154,1.0003373201320427,1.0069704703699023,0.9987420881170297,0.9982307604214535,0.9942552717279809,0.9953226029597182,0.9942842805722982,0.9932701335079263,1.0024611696432106,1.004569895221941,1.0000581074489832,0.9998479173687695,1.0015999102969273,0.9971210751368697,0.9954941016285416,0.9944206666008827,0.9969605279495233,0.9976679254521355,0.9952340360755811,0.993831988754334,0.9951670075521433,0.9936367281655187,0.9988294902247791,0.9946630602421832,0.9993940463192746,1.0053861679900302,1.0030369672322914,1.0002917149181412,1.0039791826359408,0.995289506429315,0.9992793332120603,1.0005866437034843,0.9911397693483243,1.0031234055947509,1.0005312196495677,1.0072401027768831,1.0033289675714163,0.9961318325621518,1.0011457722538262,0.9991146885715758,1.0042356634343805,0.994807410124882,0.9953523545515457
63,2845200000,0.9991621380104377,0.9990025411662925,0.9995988149368616,1.0018228177015502,0.9977265731619988,0.9965022272434831,1.0000021797434102,0.9955291351973353,0.9967913178094838,1.0040941594354897,0.9979797157040584,1.0045002525017765,0.9957058444797057,0.9993816455610391,0.9960724366795551,1.0019456331146268,1.00059008156618,0.9996543499944623,1.0020726343305713,0.9986853499309782,0.9992164712458039,0.9970389852881182,1.0090805818437196,1.0024000492910594,1.0013907858316193,1.0031762747037385,0.9958830096954091,1.0030634413753907,1.0005554497042017,0.9983139429439493,0.9997514687455371,0.9987556972274624,0.9978611948659135,0.9959662713675334,0.9957023884040286,0.9987876254213159,1.0011442308190455,0.9999399282574427,0.9963405059571561,1.0020988359656495,1.0064688431283684,0.9971109356840985,0.9983214553773435,0.9939077115448617,0.9984985005361724,0.9955126069157456,0.9982635992795557,0.9985644077915284,0.991828405825721,1.001087621731006
64,2845750000,0.9959165732491909,0.9950714600227974,1.0052008988154075,0.9988172136877623,0.9988562238132094,1.0008923248383224,0.995337227355393,1.0052762884775512,0.9995805471119905,0.9966987368173673,1.000434492965824,0.995602551175102,1.0053000464673563,0.9936463966703881,1.005798707801149,0.9933963520601566,0.9990095865782915,0.9991674628403842,0.9955784959116067,0.9960554207717537,0.9991089376158265,1.0052834570553912,1.0030104521438956,1.0059494869303398,1.00541563532939,1.0004942232110268,0.9952958393113788,0.9957167510704914,0.9982008248418138,0.9955528158749405,1.0012918340326786,1.0022608652114997,0.9982675677989473,0.9956517372209733,0.9989702129765843,0.9998278817518254,0.9999266466643922,0.9978251746586717,1.0012066353011166,1.0018564645774126,0.9932269902401849,1.0005077650816445,0.997529838998556,1.0078350312276974,0.9980111831281898,0.9941025927150552,0.9963994376619195,0.9956451965711699,1.0033889520991635,0.9950426836482917
65,2846300000,1.0055766075006938,1.0003959879267141,1.0032283366451284,1.006932980538477,1.0029425828072256,0.9958086818512749,1.004168136036052,1.0021351346568526,1.0002781646728975,1.002182413265481,1.0012642119639024,0.9964646678580895,0.9995315786961307,1.0005460280431655,1.0009342550290148,0.9968394946823297,1.0016247402651974,0.9913689704891004,1.0014962367918283,0.9969409916412472,0.994660040465044,1.0053422723526613,0.9992372137838724,1.004727138279717,1.0009564157757624,0.9964920245196862,1.0005240294516322,0.9936580710060374,0.9998288160937672,1.0012198018583778,0.9955514548814721,0.9993390754698401,0.997954757726233,0.9970578878302119,0.9938675024489378,1.0017269571289056,0.9947717622615301,1.0018088081078902,0.9953101065213511,0.9994529081662642,0.9978263749805585,0.9913519370880283,0.99820204882475,0.9939674932598023,0.9999265608950371,0.9933008704476003,1.0078601981206474,0.9949429949492571,0.9951300430293819,0.9949900115039173
66,2846850000,0.9964480942343561,0.9977000831757402,0.9966074263404854,0.990786700337374,1.0012875454292836,1.001786915671374,1.0023250388813387,0.9990070342777795,0.9976698609605978,0.9920844805153861,0.9938874201688574,0.9999130654071615,0.9954308753952475,0.9964554287395605,0.9986734209904367,0.9998530714223233,1.0044613547359653,1.0010723729906355,0.9956098737721684,0.9968804232425283,0.9974500157637372,1.0005092825108155,0.9986295333819489,0.9973519158857524,0.9950939797033101,0.9978684385918974,1.0006151444058033,0.9943506608479145,0.9964195435976727,0.9932600406614813,1.0004147428140067,1.0016505977121342,0.9940352466492198,0.9963393219613178,0.9975009678950769,0.9928204504060932,0.9896457602789323,0.998179842039958,0.9986673043202511,0.9961913264149723,1.0020800271416939,1.0017339446131974,0.9986633547847525,0.991711514238885,1.0019923022098818,1.0017016478403091,0.9930714842877526,1.0076375597034388,0.9977753710245667,0.9958979080070284
67,2847400000,1.0039638761192782,1.0012198080522843,0.9987629096582323,0.9982655492966909,0.9974482183261725,1.001790338054673,1.0037823231888297,0.9920693856435208,0.9981440931263954,0.9926404901626631,1.0058005497899525,0.9954155296301422,0.9960311260984615,0.996669118732942,1.0020720692378258,1.005603396974761,0.995703209498026,0.9976203473508206,1.005526570569456,0.9954053341537566,0.9946015947694007,0.9991667014946651,1.000001512500315,0.9963057761920492,0.9957632873316253,1.008049289918358,0.9972136584747497,0.9944278571043664,0.9972880433411648,0.9969032768674954,1.0065595561671297,0.9978895518615707,0.9963868733548745,0.9985428533208506,0.993417449918966,0.9970527610492967,0.9960320346571332,0.9912766938176399,1.0016370598075213,0.9960629673112334,0.9966023725755964,0.9992652520684384,0.9996621261890205,1.0001323836171894,0.9998635089063116,0.9941979950417544,0.9964719534571359,0.9920488988735285,0.9909390767877571,0.9972447600284444
68,2847950000,1.0048088461920914,0.9971440223760246,0.9998844988873647,0.997052604128251,1.0018500456710666,0.996777691744123,0.9992278278551241,0.9994314724027227,1.0020574386535033,0.9938504363448352,1.00062459884813,0.998716198595445,0.9958666422897625,0.9920607553251539,0.999828689137541,0.9962778650006181,1.0014132616466762,0.9959768310151014,1.003909816070776,1.0029080240206232,0.9972971352828195,0.998358615404575,0.9999057947950423,0.9936768231104488,1.0008557703572576,0.9954698796549611,0.9990461196121665,1.0020403138042968,1.000776905115488,0.9977146176174378,0.9939440553020503,0.9950347311645074,0.992017067769373,1.0026058631564396,0.9934973357786212,0.9906547139169477,1.0033820400783318,0.9947580967989856,1.0018668752061388,0.9918991695193007,0.9915885343686018,0.9892527751619027,0.9996589046451219,1.0011756145679727,0.9923057952135981,0.9965857672105727,0.9993050461691746,0.9900491225811516,0.9909180648937371,0.9944687213572978
69,2848500000,0.9970083642832885,1.000457130787989,1.0006434689998314,0.996347736206001,0.9925711485905624,0.9920723978545599,1.0018835945673712,0.9998121392007753,0.9914864441012337,0.9990647323642423,0.9929664529349572,0.9986078095723677,1.0031220004493708,0.9993007375402528,1.0011183507800299,0.9998669537235232,0.9999686400659498,1.0035540122875541,0.9925486248392185,0.9946127457285939,0.9989027772772804,1.0003975693974576,0.9932264277114669,0.9951409224766063,0.9989984162865035,0.9954640784452732,0.9950851718746957,0.9970516339931509,0.9998921143823997,1.0002118734715864,0.9994234000297746,1.0036247742299667,1.004547641005725,0.9940356777463587,1.001896186227398,0.9962025668427736,0.9962232249146177,1.0005359955271742,0.9900388885899746,0.9966821632165823,0.9958311044976969,0.9942684273910654,0.9964245872006513,1.0008251235125194,1.0036850267871325,0.99773494678163,0.999836641166812,1.0004440502321037,1.0004761118041965,1.0059136330050464
70,2849050000,0.9912498128596485,0.9903096829505836,1.0009406677795782,0.9941174768992646,0.9980478708237984,0.9898905949764872,1.0018590055950118,1.0004581045547156,0.9907830216868909,0.9917857949295896,0.9942007700034691,0.9978054358641673,0.997852684569555,0.9969075400058225,0.9931555931266511,0.9938603871786209,0.9949094121670423,0.9931138197716299,0.9969188931048739,1.000319727951398,0.9955758766906848,0.9915716221437998,0.9963603689942514,0.9979034696616917,1.0027965363148719,0.9896243377102009,0.9884593977594416,0.9942769738994516,0.9908380716551721,0.9956122549046156,1.0042384389807344,0.9921598184890249,0.9975239288760105,0.9954253971896431,0.9964279558824196,0.9944306214585632,1.0008087516025197,0.9973214167908374,1.0017955602260429,0.9894373790005931,0.9965493837289185,1.0025039201473185,1.004962225869655,0.9962381815193009,0.9890939969598636,0.9955147561280088,1.0040295404451154,1.0031601204324632,0.999348113837951,1.0012239733292343
71,2849600000,0.9942091949672203,0.9975385167099989,0.9899528334354211,0.9951941180919761,0.9994729102533565,0.996017479119462,0.997070850512069,0.9949372811275159,1.0033997245895494,1.00372278237234,0.995774895586725,0.9968625645645061,1.0033887638313022,0.9994697484289743,0.9974408901915742,1.0057908220745253,1.0010732862119343,1.0009536925511084,0.9960931128717018,0.9966968324104508,0.9968457477947898,0.9970354373308667,0.9984862448343813,0.9953704444766794,1.0004410373101071,0.9988298232673678,0.9956059686794413,1.0000572406273833,1.002989936036897,1.0025978820918044,1.0008869032005954,0.995484869560962,0.9971786897136345,1.0120268674129334,1.0002963737675283,1.0008169785681902,0.9894721678334467,1.0035888896327625,0.996125183585428,0.9975724481069879,0.9927200560691741,0.9999792851767814,1.0037174767205175,1.0033814560702474,0.9951135541215993,0.9987362558997631,0.9903659245710689,0.996864148722479,0.9957044379421048,1.005509159400201
72,2850150000,0.995182926126291,0.9965824577601577,1.0017874641352578,0.9946562197066979,1.0011423640145183,0.9944373877561313,0.9882926182461023,1.0009772853979069,0.9967625380726316,0.9907104761685875,0.9985798471312783,1.0002797960072,0.9978701552021624,0.9961192542978058,0.9927610423033493,1.0028033481004281,1.0035664500375496,0.9965820409826034,0.9982186633555067,0.9982581172087513,0.9962786435001099,0.9959170009195332,1.0022376768766206,1.001029570614204,0.9990668990334731,1.0020357282474626,0.9955539608083455,0.9963660414155353,0.9926831649596647,0.9961729523693698,0.999697828416956,0.9922142516807181,0.9939693661070633,0.993136976006583,0.9992871244774889,1.0000593500296,0.9961201875913044,0.9954767834137142,0.9967600470752995,0.9920333569649822,0.9967791464817487,1.0013367330851073,0.9952391341567276,1.0012844679126178,1.005624328689079,0.9988271025987157,0.989428612881958,0.9912758579434721,0.99640317847863,1.0011214860957531
73,2850700000,0.9973348922396913,0.9916399043148818,0.9980663692547649,0.9990697637833175,0.9947466846548495,0.9931684529315915,1.0020063430081976,0.994481255620529,1.0061234252353746,0.9961523066935438,1.0002105801405188,1.001095270397346,1.0012853997446047,0.9997017906794946,0.9968478071527382,1.0004590137517804,0.9931072063618341,0.9981190463199597,0.9986737309783333,0.994564391372267,0.9957834965976701,0.9949427959409256,1.0014971491219904,1.0022770695414343,1.000460839703941,0.9960668156109587,0.9980961197037008,0.9956055963945296,1.003173996311017,1.0035458891317115,0.9912697098127818,0.997549990202026,0.9937972249745157,1.0022287963752234,0.9958677946007836,1.00717739071327,0.9952589341236642,0.994762867834207,0.9977200721636545,0.998818579208518,1.0011470428020974,0.9977752779854454,1.0044542822681395,0.9983394798893781,0.9945789185663881,1.0007578613468824,0.9991697280671842,1.0002883958403788,0.9991527131336705,0.9925705918727034
74,2851250000,0.999483644560848,0.9938312830328659,0.992014214352369,0.9985772405539174,1.005830173788227,0.9994472610977871,0.995107555422593,1.0000031352270289,0.9956951414014306,0.9986471170012833,0.9973554317649604,0.9975934925988807,1.0022607991515895,0.9982856687398011,0.9958701666595379,0.9927982884213262,1.000388017946766,1.0010919706972365,1.000100342636803,1.0000098942120017,0.9993899522575068,0.9949888257765794,0.9918791263370454,0.9952350937198777,0.9973238048021263,0.9973969434836996,0.9983531486921784,0.9961829192905798,0.9984563276683526,0.9930358687416696,1.0000815408939374,1.001124323506376,0.9943132267922199,0.9965792117789438,0.9919295269025878,0.9897957218140032,0.9971615703373735,0.9913835455485988,1.0001682830823497,0.9968126587624809,0.9965090752428142,0.999141231531376,0.9999722273412193,0.9914888630587193,0.9978361875456191,0.9981749707486417,0.999676200397482,0.9926945188830155,0.9971235469289171,0.9975811879581596
75,2851800000,0.9928829716642619,1.0035357406127463,0.9986988605363243,0.9989519052138207,0.9983361590801965,0.9979284405418543,0.9935875769756197,0.996230216228736,0.9857610191424437,0.9964847066407762,1.0010092233544121,1.0016653621914613,0.9955185389043244,1.0011269387566215,0.995738148958191,0.9991098127761757,0.9941493704364891,1.0013887146951403,0.9914031187803787,1.0001612113036145,1.0051933708053735,1.0016130379277737,0.9930724657530055,0.9975650581072721,0.9928611661831602,0.9952615259956099,0.9872978976837259,0.9921343534788121,0.9988605021421652,0.9948223988482175,1.0003631902450774,0.9954930746685654,0.9933562379301915,0.9985556395426088,0.99536635977053,0.9962066835965008,0.9968542195388131,1.004210061737079,0.9994892490041625,0.9948185652226449,0.9906170023015481,0.9968519494112055,0.9913735135027418,0.9941821497397837,0.9969693203829653,0.9920568117990366,0.9926052838409074,0.9913859323029204,1.0017339373443026,0.9976669329063405
76,2852350000,0.9983592323349629,1.0048330212526293,0.9994408145643721,0.9970403885307265,0.9945215631115306,1.0008747988465276,1.0013982668934591,0.996579769319249,0.9962657060015715,0.9912242956676274,0.9959303394961099,0.9974842546720727,0.9991053917700341,0.9935559813039484,0.993855763662483,0.9981254099083092,0.9844227773869781,0.9998697713042219,0.9965281733637068,0.9925672026034023,1.0008967635886916,0.995720699943878,0.9962594063800077,0.9984833911345495,0.9941100880273605,0.9974268498118213,0.9993531801642342,0.9996282373079112,0.9978677367766632,0.9980180290737659,0.9984805866714941,1.001609457617389,0.9966399341830456,0.9987361477044221,0.9947273335550141,0.9878238269458165,0.9976846994760278,0.9925942406422533,0.9906107413594815,0.9998188640153836,1.0017156483885226,0.9980350250468558,0.9966830226753923,0.9976046344518308,1.0011917744052932,0.999571733047653,0.994964186515847,1.0015855272172993,1.0032543922223565,0.9945928629302772
77,2852900000,0.9980000473987988,0.9932453478621732,0.9997218267188895,0.9981973134756841,0.9954793137181683,0.9943360679962189,0.9992455220035424,0.9934258778724743,0.994721552698319,0.994722388102179,0.9934088618499836,0.9920530810072132,0.9974557226043064,0.9939202272468746,0.9936427617971442,0.9971833712242129,1.0018567493067034,0.9954563811767849,0.9964553395739819,0.9912609027546968,0.9985759693984518,0.9956346360456139,0.9897365991482948,0.9954244007702411,0.997019472449449,0.9970116754096412,0.9991448469709271,1.0005161222619987,1.0051385930999999,1.0024720170443118,0.9956866791756648,0.996728647461601,0.993467274836405,0.9930405985903779,1.0006219004255836,0.9971096682988027,0.9933943441561343,0.9983810512772996,0.9967466010191266,0.9911767846879608,0.9949324505185184,0.9944661672978332,0.9972006925976672,0.9985030278197075,0.9878716795582916,0.9953116901789218,0.9975140122425401,0.9924384342514491,0.9964305056469505,0.9988183820961725
78,2853450000,0.9917177691840359,0.9878963693808946,0.9924475306824299,1.0008397459004459,0.9947392267332104,0.9912614461074201,0.9939960617512534,0.9923091780120269,0.994704777972704,0.9937591751349375,1.0013514260010261,0.994044701154872,0.9982527175915605,0.9962434708700272,0.9947758774076735,0.99154761123229,0.98463702421551,0.9965438183690178,0.9918541089562296,0.9957021103533518,0.99607734034921,0.9924524009482257,0.9931097373943545,0.9919709047280281,0.9973036715253623,0.9892635079929623,0.9958414923418937,1.0000716170636075,0.9923131978251066,0.9973953568515785,0.9941870550090239,0.9921637251428619,0.991476970367519,1.0057288398376112,0.9955324353651351,0.9978622102242106,0.9929512339919218,0.9907749150760855,0.9952514867204312,0.9914114900540326,0.9956080058970782,0.996300945423366,0.9937515745359605,0.9903031507219147,0.999099328935031,0.9925453597540217,1.0024673874148924,0.9952483506983432,0.9951364615437358,0.9931841312303524
79,2854000000,0.9957627130438741,0.9986781978253794,1.0005366092625978,0.9955698881629024,0.9940536884888773,0.9920052349164644,0.9965551193023117,0.9997165196323159,0.9986763959510908,0.9977582274671146,0.996697025443331,0.9985694133600952,1.0037773380296928,0.992324100826941,0.9961033011216339,0.9973853921225438,0.9863049306906362,0.9933584145244265,0.9880944967922545,0.9935447499446284,0.9888173263778185,0.9954680794326697,0.9933348860625756,0.9850441890050339,0.9956721755532468,0.9920872588565083,0.9905956753732477,0.9983595677896608,0.9892147748823771,0.9929364043076883,0.9986631538924963,0.997067659356217,0.9919976138157947,0.9953404431916532,0.996479608404145,0.9987640977088893,0.9868906683781022,0.9986676239222798,0.9979467942788262,0.9967080630900605,0.9967929201964453,0.9980120094841068,1.0008197997997992,0.994744765381113,0.9966950138346283,0.9921397976107942,0.9907780942370854,1.0047590669711066,0.9904618384050582,0.9997472683554682
80,2854550000,0.9931083769429611,0.9994927063698931,0.9899729702716886,1.0022058439314694,0.9918226301717344,1.0014250983898143,1.0000525833015819,0.992676550596447,0.9938608854461157,0.9945703816205653,0.9945026943932719,0.9933097904152431,1.0003105753184192,0.9870590274896687,0.9938606115093398,0.9999323474966203,0.994872458908114,1.0062255265952946,0.9930192182566686,0.9975927226024679,0.9951736846490555,0.9941048850837173,0.9881345217087905,0.9981631627024751,0.9947720070124151,0.9940095874616626,0.9868000827305442,0.9886550182075883,0.9974454606302658,0.9925658058274784,0.9975915778607463,0.9877836969621104,0.9955679071390878,0.9969800094736028,1.0019933832172268,0.9933999223986096,0.9946288321670359,0.9912654654286553,0.9955502052412142,0.9944611605640198,0.993876040688176,0.9983693867597067,0.9857417821114318,0.9931234297389487,0.994953235976745,0.9986697799655615,0.9938849609776371,0.9893743079997452,0.9986073862728165,0.9950900907444862
81,2855100000,1.0011860715301517,0.991021882451684,0.9948350230720981,0.9848288739503247,0.9950460350174798,0.9935658861073154,0.9859203183875107,0.9888382489351021,0.9970941404614898,0.9888654043919631,0.9999338909485846,0.9873756608014089,0.9954700987172047,0.9892636730107267,0.9920459462739555,0.9927598697446707,0.9874399891714694,0.9891260521195759,0.9984064494430896,0.998165728081228,0.9886909014572762,0.99620416589453,0.9903298683834809,0.9872279978835594,0.9876627600807815,0.9934960030307384,0.9898801105853208,0.9951630819086279,0.9975194488734469,0.9937498658297138,0.995663869631945,0.9911464550489976,0.9929984118958037,0.9925612021294501,0.9887732545183713,0.9983167068190996,0.9899789746867537,0.9897087730085361,1.0006800073509468,0.9969743917750977,0.9914786493121545,0.9899666785430314,0.9938590072190844,0.9957703118050202,0.9945821751390275,0.9912248397368641,0.9901460795728177,0.9934216845967913,0.994621690593887,0.9962991397695006
82,2855650000,0.987209875148447,0.9971223161524692,1.0067455496670792,1.0000696710970145,0.9930614341233476,0.9919830275194992,0.9968878855852963,0.9888968387694022,1.0048646305306805,0.9948743154161074,0.9875688871068437,0.9999233025598325,0.9925201459246621,0.9961872247987461,0.9966721166807426,0.9949676000369126,1.001858558240846,0.9893015060207923,0.9933299673627339,0.9896756118563514,0.9952458647185083,0.9933004434777385,0.9961714876770708,0.9947475876654632,0.9854455407025309,1.000056711200841,0.9926900551886659,0.9938467609859418,0.9968535465730518,0.9919263677371241,0.9895787156831829,0.9896922972583763,0.9936558427995785,0.998731613075267,0.9890283464397154,0.9921764631312172,0.9972776694738287,0.9973708707176195,0.987182893930606,0.9914735376132447,0.9935168555397387,0.9957191049583963,0.9908836721273163,0.9924787233922655,0.9992168979676643,1.0000857527385427,0.9957751762691813,0.9947229562224728,0.994128704846651,0.9880132077271727
83,2856200000,0.9923990288040965,0.9932876850532728,0.9922051457296115,0.9919598534894168,0.9906264874432578,0.9936542947375615,0.992407528318601,0.9914055884846653,0.9926706372690676,0.9974381648243607,0.9877280864190974,0.9899064296436794,0.9932982701148724,0.9889575200156264,0.9942440873139788,0.9899394366506644,0.9926351398808799,0.9886846573420279,0.9886703527556009,0.9956917613143854,0.9981548392843396,0.9936289834038319,0.9956108675928245,0.9910601378391488,0.994982870408149,0.9903756424152923,0.9940208351698009,0.9904078437846187,1.0014660547985974,1.000960510676364,0.9999814731463381,0.9971668309335926,0.98903304548961,0.9970204420843956,0.9891559844310208,0.9922826024430429,0.9973683207708636,0.9931654596911513,0.9971664283198112,0.9892708037163584,1.0029946722409997,0.9955635211206119,0.9903000435828021,0.984081325054522,0.9954724800003084,0.9921351469833418,0.9981737660914449,0.998275997895731,0.9914119988819894,0.9886291590859587
84,2856750000,0.9946087736623253,0.9951106255525978,0.9849907832601666,0.995531738179484,0.9903633870469937,0.9934637974283201,0.9988269985132684,0.9900373690849528,0.9926449209006026,0.9906489110577247,0.9883871960639684,0.9878181362621373,0.9956321119726884,0.990585947869691,0.9904759375341506,0.99851366095194,0.9912266101450042,0.9908187107292915,0.9886899029747906,0.9897622244879786,0.9964138829836049,0.9927287008844443,0.9879625020040259,0.9865377384628257,0.9926955444456758,0.9939969870296724,0.9984665151128239,0.9985755343198142,0.9972913180533317,0.991254880179334,0.9895768343598537,0.9861667783264509,0.9930945049852802,0.9873016634759475,0.9909662010331876,0.9823081819507122,0.9933376403641958,0.9920561526288364,0.9885571772720305,0.9988561216799737,0.9915676195795073,0.9907072897529888,0.9960350298105821,0.9936741038515495,0.9860053581458811,0.9900669323626219,0.9921845344252761,0.9933992875646708,0.9954558696985799,0.9898219022269682
85,2857300000,0.989392882435791,0.9882247767993055,0.9927606265271532,0.9919145620631339,0.9872020873232634,0.9857927857240302,0.9877194846922467,0.9908204906476219,0.9907767522527949,0.9871847966017877,0.991741871451568,0.9940004040304933,0.9937642181695985,0.9876899914959896,0.9895681993149986,0.9886408328971704,0.9918259649081795,0.9922744989887176,0.9993596011469531,0.9880605550012879,0.9835500578589904,0.9948228527953594,0.9867625177467003,0.9920411021782145,0.9853313758049757,0.9908612241572509,0.9941067604176757,0.9860267683988316,0.9872373275073626,0.989028051602128,0.9907288227886277,0.9914837082168776,0.9874674046978261,0.9880457074108857,0.9901997190216242,0.9879872159224885,0.9993078142466778,0.9892843237371923,0.9817996667448412,0.993815740225154,0.9856901827080876,0.988260840723208,0.9855440103763774,0.9938667811332189,0.9870852150898832,0.9931539891127923,0.9919148045859939,0.9912351226524944,0.9966098746826446,0.9928348257571643
86,2857850000,0.9886714505986892,0.9945495447037137,0.9920216395992112,0.9912625632517993,0.9883852554596602,0.984826174879257,0.9899973280976969,0.9888171614643066,0.9892874786038159,0.9879741766891554,0.989702573184573,0.9929367766491258,0.9862969649987394,0.9899423892681313,0.9910344958707956,0.9877490053093432,0.9944367388539317,0.9879348027041347,0.9887438572499767,0.9913607397839461,0.9868065138867085,0.9852608564981803,0.9845712912627537,0.9960962558711255,0.9843753464287455,0.9894972145531168,0.9886531484556377,0.987104672601979,0.9890284220438826,0.991312927380212,0.9876794520852196,0.9916432276222167,0.9814458020856841,0.9950885922069393,0.9891323044667362,0.9921885521568458,0.9888192329780157,0.9890748042499339,0.997519308517332,0.9910892860166489,0.9909341579889962,0.9808242251084299,0.9932063022393764,0.9915453317878973,0.992696791676878,0.9932502180889942,0.985892068048469,0.9932229788434672,0.9902363919841121,0.9887702209417993
87,2858400000,0.9856196796908285,0.990058795460471,0.9882317683852727,0.9916742407768833,0.9915071209907608,0.9860551374801241,0.990166512037942,0.9914466802153491,0.981668338886018,0.9860491890311593,0.9918190474342811,0.9885929801603887,0.9877796631457496,0.9896667836020434,0.9834850785939091,0.9898574223904804,0.988047663239562,0.9877950498390244,0.9928820243146448,0.9887347045673661,0.9877594740404736,0.9919639034207042,0.9910197532666,0.9894864310675077,0.9860989211145175,0.9875991283712501,0.9842240780969417,0.9872470124145722,0.9883806890563387,0.9935836826080854,0.9889528039945819,0.9906482245295998,0.9860011417024522,0.9872702705858185,0.9970637832407249,0.9889867419277383,0.9907259627468972,0.9912407708337265,0.9907956321272627,0.9900346015249665,0.9895934995889432,0.9919986168000736,0.9883878282428404,0.9913599301354481,0.9959195200149518,0.9821069568130905,0.9865457521170191,0.9842832642332136,0.9924188767028136,0.9859141660415705
88,2858950000,0.9811566407974216,0.9844716294270962,0.9844387448263823,0.9892521682897446,0.9928325408769202,0.9853567637012614,0.983648911490617,0.9819566344958877,0.9819926355641849,0.9922636248209723,0.9879032835299181,0.9831805831964712,0.9884350163276538,0.9934956360232506,0.9877302032946379,0.9819280509354634,0.9869604178916614,0.9861679804471657,0.9877737447433804,0.9891973060665589,0.9819497286462697,0.9891793504276084,0.9858793675196296,0.9847415613282919,0.9893931601828444,0.9954601141639131,0.9859596901847285,0.991240521034648,0.987344226602165,0.9883712951889224,0.9869443253326275,0.9919289710445487,0.9893790042907674,0.9787229018654229,0.9869735631084058,0.9836142078143667,0.9866930920152258,0.9880000740308662,0.9877023590247838,0.9842632957363313,0.9889776924145693,0.980974744024781,0.9847400785489313,0.9875004948783308,0.9874191047460318,0.9876911096328524,0.9882505761939743,0.9866189597780559,0.9895783737461615,0.9926691117788204
89,2859500000,0.9838300621102753,0.9902314359056749,0.9797422554904534,0.9830025336330538,0.9886690592045325,0.9870381795408744,0.994515200336558,0.9805152439490723,0.9800836346043251,0.9895208192041276,0.9908674808934466,0.9855078966116558,0.9859595782168936,0.9903931739364479,0.9819733373717076,0.9877898301243031,0.9846393817436687,0.9878262730500982,0.9852104473557347,0.9835069779588702,0.9913390735284607,0.9817616948448851,0.9810401430376678,0.9822340178844583,0.9899457596421974,0.9806397950670055,0.9850708639684942,0.9795498097036992,0.98652720760906,0.9893879719096337,0.9873016723542308,0.9847299555759548,0.9881422498888035,0.9895515697986639,0.9913168271039373,0.9914311529985356,0.985984328080677,0.9899922611749984,0.9802830644877121,0.988715379980102,0.9787987407348131,0.989093132196711,0.9854100659709026,0.9794184226230518,0.9798498249570343,0.9903406696969868,0.9886808214893259,0.985888077652831,0.986487840563619,0.9867484083124931
90,2860050000,0.9908760562634643,0.9831276205519659,0.9861932363577673,0.9882704284504094,0.9813600972767537,0.9875987171158003,0.9867853546290197,0.9855084683113686,0.989854622079497,0.9818237170497347,0.9843647166269264,0.9840962547269166,0.9878673224707477,0.9810413905879557,0.9794241677411983,0.9908185765816379,0.9895819945925294,0.9847324139421836,0.9927895918320355,0.9839957655394712,0.9843626104334483,0.9815489311892169,0.9882541885781688,0.9832645012747032,0.9771675989997318,0.9913599283024308,0.9855096332483424,0.9868383296221196,0.988490772576466,0.9867273344127817,0.9893402066121497,0.9869542460340629,0.9888333564920987,0.9825005560802531,0.9852228266263655,0.986724398813473,0.9883843559299461,0.9851645062635194,0.9912026979462152,0.9880328167086649,0.9885202556096311,0.9839893620414467,0.9855724865320659,0.9864326681799119,0.98494689090789,0.9860982966940981,0.9841560687013354,0.981910634267962,0.9913365407447878,0.9887480614762124
91,2860600000,0.9888816508821441,0.9899759570102769,0.9857827682742852,0.991027967494839,0.9895437469973272,0.983071114161078,0.9907143942453683,0.9851436464520198,0.9847008632654346,0.9826982437925839,0.9856016189247148,0.9821003444394754,0.9823267770053632,0.9796881472582154,0.9846300993746311,0.9803042284048021,0.9800188039863803,0.9838252032106688,0.9826839217440262,0.9844084122552633,0.9790313728559553,0.9843969748860848,0.9790521300975844,0.9810622625414588,0.9807013608946309,0.979372002669978,0.986269733511553,0.9828413248701245,0.9826626455156412,0.9823888446438916,0.9832755358960333,0.9853234433692203,0.9849567565331894,0.9819920845599491,0.9857682572954813,0.9873756968753516,0.9849163121683954,0.9893419939267285,0.993645806336066,0.9878679872367839,0.9883891852378712,0.9838053177909963,0.9787909294558068,0.9802981068807906,0.9831223713393376,0.9852523122439416,0.9787518189411774,0.9782403242960271,0.9850040876520733,0.987872723791893
92,2861150000,0.9889894473723242,0.9827000989578593,0.9770556574315945,0.9800671384804123,0.9892977008156757,0.9860439241880321,0.9831253163217297,0.9781848407356631,0.9829308284763275,0.9899092960175746,0.9816085700734803,0.9735464006610824,0.9859494313624582,0.9862787596485568,0.9804515021598277,0.9873116916586496,0.9826196398754662,0.9803761370225399,0.9761989361304556,0.9889506342982707,0.9752104906555792,0.9828339818298913,0.9783662505842503,0.9825382085449056,0.9885090130627963,0.983109444417107,0.9807871081531119,0.9811252229366351,0.9804473974697878,0.9819884703632621,0.9816691221814217,0.9815338601203184,0.9789182858019865,0.983061742273233,0.9818346727454069,0.9797493145389978,0.9798894827046849,0.990852414751197,0.9918334653781946,0.9805061985504812,0.9829049564465296,0.9836532343957587,0.9932272331622507,0.9785622278265198,0.9766020756366632,0.9906019722818622,0.9853981069467487,0.9839772183740126,0.9821717551016016,0.9839053818084841
93,2861700000,0.9925767043568063,0.9808738674051568,0.9790927307611984,0.9778534632453408,0.9787004851095064,0.9820034943938398,0.9784433676054921,0.9788749638160249,0.9799617447022043,0.9807705609522954,0.9810525750354198,0.9867714408162868,0.985153750459038,0.9764800009218305,0.9830499178083264,0.9800592440444634,0.9843225620683791,0.9813897362998804,0.9792160567193962,0.9819789725889261,0.9822170301742114,0.9834282548399198,0.9839946747595806,0.9826385097791079,0.9799751095849331,0.9836839907781094,0.9818495737138786,0.980811130904174,0.9828290371497251,0.9746809452409996,0.9770722654782865,0.9799993322747973,0.9859105513245364,0.9786705201608265,0.9816782310232568,0.983702110608079,0.9823908413800791,0.9810059459849667,0.9806875103185204,0.9820720750850195,0.9808448229455872,0.9769456717734847,0.97397236444516,0.9740243092430523,0.9690412803167445,0.982853245852197,0.9791922181484717,0.9863289841806138,0.9896092464872477,0.9842455916700729
94,2862250000,0.9844337493829827,0.9839566464427136,0.9779187024119272,0.9809331846159833,0.9722501162322088,0.9791605726656191,0.9802911743460033,0.9802202491178796,0.976884365983973,0.979790378130792,0.9765937356869485,0.9800188330901584,0.980972626280077,0.9802363855850025,0.9725452362070064,0.9814249411771205,0.9816072137668675,0.9713888554773671,0.9794806879546006,0.9775666652144613,0.9725010491839056,0.9831254296824762,0.975928837228131,0.9857664686007208,0.9812285424165327,0.9782526134284211,0.9760385159164059,0.9768245614133,0.9747826861857769,0.9782034531501861,0.9819236926282058,0.9754983280914663,0.9783101591306045,0.9791537803058346,0.9834522136902488,0.9789741714846736,0.9818973310971454,0.9778358659735253,0.980424083108795,0.9783279360534273,0.9766645211803565,0.978389481595454,0.9821892963959962,0.9811694349882581,0.9820058366089892,0.9748726743246955,0.9783194080507214,0.9831293559504344,0.9821263229822341,0.9806932365274939
95,2862800000,0.9749123655003684,0.985576712492173,0.9795421820990774,0.9776499200109009,0.9752954916078924,0.977680984484108,0.9810369907354511,0.9796114131566546,0.9763654033618282,0.9759760111096337,0.9737565418817241,0.9703478975055965,0.982236861773617,0.9782533513128624,0.9699055454209579,0.9736862360112148,0.9791360973313407,0.9725523904338452,0.9798540308239304,0.9731730672094708,0.9824247328534149,0.9839676166280265,0.974518788808564,0.9764371451493157,0.9791161327798048,0.9775601316432269,0.9744348050096175,0.9823958449433569,0.9832459330354909,0.9747505685958673,0.971786553643543,0.9844294796076649,0.9785495605096488,0.9816119059957891,0.9819082584802776,0.9804000181982444,0.9838528584041311,0.9771225384785452,0.9744374998937663,0.9810552452118741,0.9728952569506074,0.9709832012034936,0.9735124022403149,0.9798004597962816,0.9807044690983936,0.9708274567258964,0.9762846159520933,0.9753747997072596,0.974969163623122,0.9747575748309393
96,2863350000,0.9730962186391456,0.9790359524526033,0.9774838393986466,0.9772900746398545,0.9704053127752151,0.9755277752072755,0.9761175140620351,0.9773690308463455,0.9734149505224722,0.9735670190596036,0.9744775118156608,0.9736552005151998,0.9745659582970044,0.9742209137289891,0.9836172677123186,0.9793219116905302,0.9738482135322953,0.9779141741384378,0.9760109956531147,0.9753665350673378,0.9711953548584481,0.9835518161749769,0.9749481065272553,0.9763923702765781,0.9752509795141592,0.9647976529704053,0.9764713316693534,0.9756345049119322,0.9802711043312904,0.9794058495850616,0.9791178282486005,0.9727568505895705,0.9762317125978736,0.973266831538983,0.9746727640618559,0.9770989184127898,0.9677899028006414,0.968364491005987,0.9754406080546277,0.9800313220181585,0.9817292197135552,0.9717842698144133,0.9758352980312138,0.9781836712026886,0.9726169084361402,0.9704283121009266,0.9772743732199882,0.9778256807593406,0.9660959070106878,0.9748636426117944
97,2863900000,0.9717651073831285,0.9761854852675181,0.9731434227620966,0.9753058835020763,0.9683401306422155,0.9810422185571045,0.980742303792946,0.9694938647214882,0.9673909170439705,0.9674268939243963,0.9717024096929128,0.9756968621793485,0.9750222391609379,0.9695971313778352,0.9770423433978466,0.9739532348722226,0.9755922409768768,0.9757835687800355,0.9696630654215403,0.9741272226771099,0.9766728767634548,0.9777547029134228,0.9745781355842821,0.9771940330261726,0.9712244906914954,0.9782181189108464,0.9753956248245124,0.977211722797523,0.9741305853671863,0.9713565202871222,0.9799649559102428,0.9700885748099739,0.979275106110529,0.9715286145552013,0.9725571132731623,0.9769650284939257,0.9675145161054183,0.9774317365034682,0.9719719751449172,0.9741226949376898,0.9800904342116147,0.9660062674247057,0.9742823748539393,0.9756259058139991,0.969086787431934,0.9733810030367567,0.9698619937730222,0.9758660180099143,0.968832174847089,0.979901051973151
98,2864450000,0.9723094305880732,0.9731899501204611,0.9760665765821087,0.9713656819484634,0.9710384565411124,0.9778989834725852,0.9694093084365699,0.9647131946308303,0.961847566963595,0.9761264335680306,0.9720088673275649,0.9639185025723795,0.9726251865259153,0.9773808845479376,0.9735090521539386,0.9724022049636852,0.9757315331601529,0.9740062763164832,0.9743242852732077,0.9718582404362386,0.9765343992195085,0.9724973292273547,0.9693518648349306,0.9678618993933026,0.9698603580891333,0.9756960811553963,0.9730140550710661,0.9760746625683168,0.9693371990195395,0.9713777328932959,0.9713733783669932,0.9664009273296594,0.9677395930212613,0.9720408245573308,0.9743740576198999,0.9734113751967289,0.9729580418890823,0.9729197624366805,0.9689601520259827,0.9667100502737748,0.9675125129745771,0.9726751638772806,0.969467865349451,0.9698404176124001,0.9722214423342516,0.9709137951531831,0.9722257698121337,0.9728571945179681,0.963958226922891,0.9738388676675305
99,2865000000,0.9696093416164178,0.9724656591843349,0.9738958871947603,0.9712076332681372,0.9703309490856972,0.9693383279247096,0.9710422203196952,0.9621749926202658,0.9723339339454556,0.9730298167358201,0.9643309527575633,0.9648116973654465,0.9694130916259909,0.9687866429046302,0.9713894162786222,0.9726421685408148,0.9703484110394796,0.9771574056562853,0.9743663379562731,0.9700185857650648,0.9743795537965894,0.964774354033236,0.9725875407684925,0.9882873480302843,0.9761973753218509,0.9709538338690962,0.9687605924591979,0.9644281915076771,0.9679288492272053,0.9739492503695011,0.9713221324536565,0.9741483637069704,0.973445493262712,0.9715407769544215,0.9683941252971804,0.9693141475465976,0.9698244527524796,0.9694717967401137,0.9669478054137973,0.9667753724455138,0.9701836464893847,0.9713968607691945,0.9660415567537141,0.9704686344584177,0.9693719363205119,0.9722418015150451,0.9763449223302644,0.9712042642322473,0.9728926013816506,0.9742352679668063
100,2865550000,0.9684590926935951,0.9653763019271703,0.970156273968403,0.9763427304697804,0.9693218056103607,0.9673543726161987,0.970456202897831,0.9701016266494568,0.9721503713936417,0.9667931003442001,0.9689826661692149,0.9667591582388688,0.969420063480562,0.9663153578953969,0.9630330450224711,0.9648230572994833,0.9737944107231835,0.9679738883393518,0.9686025738856481,0.9728763104873769,0.9677612265770212,0.9648722689905953,0.9723506843162609,0.9663417344890781,0.969051431295476,0.9746627986261573,0.9723589598902568,0.9663679433500805,0.9702781546160101,0.9695620360916821,0.9649947448278168,0.9718869428206586,0.9692804485817277,0.9644065530857256,0.9710904899246015,0.9685501643313602,0.9660838132154851,0.9742521073969597,0.9640278383452238,0.9647322968668085,0.9661938609398466,0.9713714825533569,0.9715358743783524,0.970725242166144,0.9670335269423823,0.9738166591899475,0.965284038526505,0.9700458993069424,0.9671738333361711,0.9731348901136316
101,2866100000,0.9674788879220831,0.9721819554779105,0.9524000613744175,0.9698999114024492,0.9724259546644073,0.9685074668094572,0.9646874752049565,0.9654670813839222,0.9699098894032115,0.9701465286564936,0.9717046230430539,0.9648172169697269,0.9737881940370094,0.9738811912273896,0.9744993874598564,0.9763977672509767,0.9702068244248869,0.9711947919080027,0.9702798341010708,0.9661523037101867,0.964194073666448,0.9696281806590987,0.9702114681710151,0.967153886508755,0.9695865235299208,0.9692180854360861,0.9727172674782942,0.9665708742600427,0.9625557053340189,0.9636052437505829,0.9668972289864424,0.9600859664019631,0.9648206945604375,0.9671098031970919,0.9677247216512289,0.968321364253365,0.9680389345562542,0.9699975928555783,0.9757032622850378,0.9749581973222742,0.9650032980586517,0.9756654390415379,0.9681236189197755,0.9698997665142945,0.9710870954317955,0.9630278537983132,0.9693995186237294,0.9704673377161089,0.971575482010218,0.9658188561274922
102,2866650000,0.9705663940890414,0.9790131623061388,0.9771348854419599,0.9675474283867649,0.9691756968907611,0.9717344849090765,0.9700104937624993,0.9707857132419216,0.9688980539982501,0.9812022231006707,0.968053417371636,0.9659674910407995,0.9723152690334034,0.9646216903462967,0.9647724078809815,0.9687102050111346,0.9746667366959695,0.9753392695200933,0.9652011929059047,0.9664282591126466,0.9664454584536705,0.9668172512944014,0.9707611557038321,0.9651613503122345,0.9619456658303858,0.9686677178939102,0.968510066526304,0.9759598935807345,0.9739137299251341,0.9621867861567067,0.9708338985990721,0.9668899474692547,0.9630512102426155,0.9660686108040026,0.9785659161344958,0.968072324298251,0.9670534748198156,0.9709376585826687,0.9756365810260156,0.9630616890668711,0.9740733567160347,0.9675986194845323,0.9742494046557454,0.9711239079711088,0.9694837799816692,0.9734028373464688,0.9735718822134437,0.9675796145877577,0.9649229386841466,0.9672056208891161
103,2867200000,0.9694384282793054,0.9736659707033437,0.9711786324534238,0.9738199329459848,0.9736018232326402,0.9628177456703876,0.976704110588333,0.9685484205816578,0.9706896774359507,0.9724982376900092,0.973870518477735,0.9715205030582419,0.9761214335226565,0.9708498350299195,0.9801205638072744,0.9694769649118232,0.9727987732367679,0.9761373270856699,0.9759479945222782,0.9643305954502834,0.9766345820893251,0.976742998448261,0.9818719776748216,0.9722862137035627,0.9720320721513209,0.9721583672471547,0.9736678904784996,0.9642449943831041,0.977793418085173,0.9670802465961343,0.9690405980769724,0.9668104724785437,0.9743786624036027,0.9760056828508086,0.9718067297223834,0.970503817466226,0.9676007869195707,0.9785146985531953,0.9719438862248555,0.968459459279955,0.9683812487633788,0.9748503369923799,0.9635729936674666,0.9731431456924591,0.9661665259676196,0.9687013206576984,0.972381534881169,0.9676035477063097,0.9759437745765391,0.9737864716467304
104,2867750000,0.9791935325868012,0.976071259290535,0.9692944038117692,0.9757273189996885,0.9763374597851836,0.9806065928989799,0.9767616886254616,0.9719521085390778,0.9824838045706327,0.9694791475424217,0.9772218512090767,0.9722010569007705,0.9682031842805151,0.9730708520425639,0.9714914678972638,0.9713299346261447,0.9733828919111686,0.9722536208690405,0.9777317401097426,0.9772201681641466,0.982449829799988,0.9780685433354787,0.9726778267558884,0.9691955349596221,0.9793848877413469,0.9721657262139776,0.969724104816177,0.9760570440499523,0.9766277705999974,0.9683864456911833,0.9751683790587068,0.9725317765443748,0.9785705577588768,0.9725018510581054,0.9765380718994661,0.9770137082039878,0.9718906581600105,0.9726135586836203,0.9743180720286408,0.9773775172297258,0.9826803593911417,0.9716279942723429,0.9768728573965708,0.9798092248836325,0.9695332988956161,0.9641706351914352,0.9756313590775818,0.9723374980006246,0.9782536415814255,0.9664370357024518
105,2868300000,0.976149047083918,0.9706806006737068,0.9797374604550881,0.9690318746092819,0.974216389322752,0.974273558206866,0.9786389168056141,0.9788428278813684,0.9820759625790288,0.9794934825652725,0.9773783453981809,0.9767842873902816,0.9841247670263796,0.9703347361022798,0.9761891794527973,0.9780955381482409,0.9792403738041556,0.9754379520007485,0.975546179392772,0.9818389756610384,0.9747542850339256,0.9797135831098747,0.9728540532308781,0.9800825086237399,0.9813070757660037,0.9808346751218057,0.9746910720216649,0.9732895939780908,0.979542471077912,0.9696171535840462,0.9745059974751313,0.9782707585625887,0.9774615089784645,0.969196839955238,0.9797462184891053,0.981001175133577,0.9742336415369588,0.9776287296284086,0.9809484056470988,0.9688892602689942,0.9815952687369097,0.9723430727589796,0.979072790248965,0.9681219494468621,0.9764917800581278,0.9789418878202096,0.9770999010795325,0.9770938714524018,0.9739255009444764,0.9765859030554589
106,2868850000,0.9813133466828098,0.9777148556503508,0.9729652856678459,0.9749999166579113,0.976863708308954,0.986205374666366,0.9758160596991735,0.9836504723326672,0.976401345393748,0.9791796060961857,0.9800475834843966,0.9830427335851059,0.984546691584116,0.9897765386694076,0.9800707765559442,0.9759637149702545,0.9753410348976309,0.9698357921686406,0.9731123998713489,0.9792534531716967,0.9800133870085799,0.9849748103300794,0.9823040443724674,0.9791568636654429,0.9878700354043456,0.9826606586192966,0.9862321811147841,0.9778301459237267,0.9809566204620056,0.9729296038186467,0.980798152924739,0.9756431527880232,0.9816146662959669,0.9803057116864107,0.9816986868544091,0.9775499321154811,0.9760122496326064,0.9776691527295127,0.9837670834667201,0.9840068867994087,0.9828037241297877,0.975007419457298,0.9809016941473865,0.9824065635072938,0.9772695797018153,0.9781005682424322,0.9701020075117993,0.9747980088218379,0.9825380153674302,0.9788139278934679
107,2869400000,0.9842340387927193,0.9736409537471945,0.9838555306724833,0.9782588395644868,0.9766408210246424,0.9715215005003177,0.976601810530927,0.9832992541037445,0.9797910165490494,0.9745238507574882,0.978712402553888,0.9765328154094471,0.976868414196526,0.9836040806997197,0.9821890355614182,0.9829041600941378,0.9788137649061193,0.979379877583547,0.9816203390366868,0.9803854821828015,0.9700339564381331,0.9758694522052112,0.9791172632846497,0.9779996161944386,0.9794897452758575,0.9756899911549427,0.9803274058275121,0.9796347596415306,0.9754064221094009,0.987736093201347,0.981696130399345,0.9757140304954937,0.981020202000734,0.9824279667065322,0.9790937840508782,0.9790049984366126,0.9805411879813071,0.9763328549412545,0.9768316318837086,0.9791279938692724,0.9773895961955567,0.9738263754776517,0.9772266438421255,0.9809411807034574,0.9798098215696373,0.9812928256654597,0.9822543617154611,0.9790212186805091,0.9835482949533637,0.9781505384046709
108,2869950000,0.9820000188193182,0.9765190403025481,0.9752819949914358,0.9779054765586264,0.978104033325582,0.9786566363340917,0.9808634573197024,0.9801144446952865,0.9801334950503019,0.9744956224455611,0.9824395275615329,0.9848587936510357,0.9788596888464232,0.9811471322430456,0.9840497765221616,0.9781088916791179,0.9779592677212576,0.9809468779504024,0.9783929421878319,0.9822094187724757,0.979335225839185,0.983634019120482,0.9775927497141784,0.9730076843972284,0.9803212418296933,0.9753164609265409,0.9705439285371181,0.9751757587545792,0.9725854585701906,0.9812493527252463,0.9831604654335366,0.9832110896588924,0.9799844784925206,0.9747385875863338,0.9791931616220492,0.9828882682270274,0.980803617073883,0.9746634892463407,0.9727375512908085,0.985810078169595,0.9822920518185823,0.9807881165388815,0.9802865748118125,0.9792638282165839,0.9777436427430896,0.9803747003242339,0.9854292035643558,0.9761479964014943,0.9771787467815506,0.9780949819634165
109,2870500000,0.9817778690809038,0.9808944865972902,0.9809017798528861,0.9794332770576033,0.9753164255119249,0.9734576210661259,0.9747400624482397,0.9767698952089688,0.9777625079068442,0.975117568761665,0.9778855160437842,0.9795924708895827,0.9749728764015072,0.9772652835800488,0.9761559685781391,0.9775116783593721,0.9763023420904589,0.9793380053768705,0.9793233023756339,0.9768058373280074,0.9838348567373694,0.9732395311084546,0.9762612159428941,0.9727521757662395,0.9763765251594756,0.9757800974042037,0.9733962163513623,0.9767144965163188,0.9815330069045182,0.9778481259996974,0.9760744541473074,0.9735447422646557,0.9752661967752008,0.9816391891135421,0.9766421481333628,0.9800336573250205,0.974941736265085,0.9738344913262867,0.9780191838867265,0.9845447696560443,0.9786090204240235,0.9776156042520208,0.9737004664338142,0.9750475856142637,0.9806483794651418,0.9770076039797438,0.9772492176123013,0.9761277341722482,0.9732700379750596,0.9756213817942491
110,2871050000,0.9678781389633223,0.9730105902683591,0.9766539012481901,0.973019955229828,0.976389307152239,0.972246100949443,0.9744703351367445,0.975048994220765,0.9720384306803671,0.9670816627436167,0.979480478518662,0.9780743416402128,0.9712962846031474,0.9725865531937967,0.9752608562696017,0.9684733965649975,0.9704135169322082,0.9742464644266482,0.9668607742352477,0.9719372869481319,0.9784976416338361,0.9770472180787422,0.9735011483054465,0.9756627980447008,0.9748407696582739,0.9831799890185448,0.9749026505949855,0.9747915901933984,0.9777511574881622,0.9701204964096294,0.9735709646773769,0.9781735858337312,0.9757147119601483,0.9784036850212483,0.9680607738727085,0.9696668546777973,0.9647674714287274,0.9672105175063901,0.9710750103881937,0.9697932391855862,0.9794573649009057,0.9763693596220928,0.9683125532036828,0.9729827104775416,0.9746723478554253,0.9810758240785121,0.9738180720012248,0.9711029254999722,0.9766213202397118,0.9743714419378215
111,2871600000,0.9753397885430856,0.9682787260227845,0.9715886253422941,0.9744243097041014,0.9741584286165799,0.9740700403674565,0.9717997222868511,0.9713635133577899,0.9745283836152404,0.9670084931244143,0.9776742668576631,0.9646290278567631,0.976260477185814,0.9661567318364668,0.9771770376990124,0.9668629492664108,0.9642177719162985,0.9707085073517301,0.9700637650853173,0.971382585876903,0.9675516021561195,0.9673839529358464,0.9699785012953228,0.9677997810182932,0.978488258702554,0.9699541520889353,0.9758765169990664,0.971559428708181,0.9745147571142161,0.9689234569592081,0.9778086694703735,0.9730954408638993,0.9655091588650137,0.9712702619636181,0.9677843277012927,0.9734257718643734,0.9680594211943396,0.975311252147911,0.9768255691496383,0.9693319140862985,0.9751293127092804,0.9733975267571503,0.9781051748227563,0.9707136201114269,0.9722197421206858,0.9678007191882972,0.9808480799710053,0.9661603272110562,0.9718894659723285,0.9761189142979836
112,2872150000,0.9728678445605995,0.9786726443876583,0.9637869713412183,0.9721710975639009,0.966599162985533,0.9720890505289361,0.9721704990052021,0.9715475921185636,0.9715265972806789,0.9657145993657216,0.9701053599907115,0.9763600589258121,0.9662686394964232,0.9749843106123127,0.977002925320046,0.9704195137985389,0.9678105290807673,0.9724759677784575,0.9666726458450114,0.972508236158118,0.9702587922916875,0.9679253273762511,0.97233073772481,0.9662094183765676,0.9656122145533261,0.9704076601681244,0.9727574985082111,0.9728856219599142,0.9708750928799302,0.9770226665820433,0.9750605237347494,0.9676179097582736,0.9713092470094035,0.9681018261518126,0.9627185717470187,0.9681444914178293,0.9757682791700967,0.9743146758437236,0.9676611788890583,0.9693770146815707,0.9752944517199754,0.9673077113530952,0.9696340937802159,0.9679884579517205,0.9668947230721612,0.9717616452856163,0.9728181666850109,0.9709703478308689,0.9681031112981258,0.9693693725585317
113,2872700000,0.9684735247435309,0.973307488890745,0.9665558905345187,0.976244837710374,0.9745398668307718,0.9781956540548004,0.9694329182624883,0.9663884958926543,0.9678641959092608,0.9645386472021295,0.9675044233025759,0.9708546405213115,0.9616606715598827,0.970041106326517,0.9692230645099089,0.9665024463227814,0.9664088820497785,0.9666328907910402,0.9732854289354903,0.9655902073615582,0.9689975701590493,0.9647937279707374,0.9646449546657027,0.9614474140684246,0.9746852967367008,0.9738610835269315,0.9678817527679647,0.9726506725374219,0.9694417004179101,0.967055521832679,0.9703154990632781,0.9648978483116253,0.9668218511579023,0.9694240329496274,0.9670955124250662,0.9626511405941589,0.9734801966035985,0.9664499936512602,0.9700730932909747,0.9663372335227588,0.9700824667109819,0.9667010738799762,0.9665370792714545,0.969709571550066,0.9739714207415517,0.9701368254444857,0.9709235675541752,0.9732569870060856,0.9657944018146442,0.976005356801194
114,2873250000,0.9684159403215773,0.9629589021948354,0.97114539473345,0.9681490061892367,0.9726987596027867,0.9676530565491565,0.9687723212879881,0.9670816488255181,0.9670547920965796,0.9673764857713151,0.9755361351326727,0.9674541842250626,0.9713179596725356,0.9703059551020536,0.964420685727018,0.9678739286127608,0.964859695449329,0.9710007358908473,0.9660927981843879,0.9650465975114841,0.9656287850194485,0.96542535132693,0.969013268667178,0.9682837245074147,0.9678759693301355,0.9732655291608882,0.9713807328905922,0.9685237482603798,0.9670661478066549,0.9651772158059952,0.9715552045120682,0.973957155885624,0.9701326040025092,0.9719019612467513,0.9659824170987723,0.9637989239992261,0.9696546837604864,0.9739148109584711,0.9722465868969885,0.9667628174865565,0.9712588053707121,0.9715927573512152,0.9675578341159233,0.966502977233867,0.9611338467754971,0.9735777091943202,0.9673258132389435,0.9718000128619552,0.9704894472881684,0.9663061938606948
115,2873800000,0.9689781186819904,0.9626820986185991,0.9717246152481221,0.9718649025213877,0.964145835017394,0.970381697048275,0.9668431579496503,0.9751964154647973,0.9684823903871804,0.971739464081449,0.9697688949352103,0.9713625158657762,0.9719854124714215,0.9672071677855674,0.9729002184288595,0.9688494357447022,0.970076643485692,0.9732977446919275,0.9670979253053843,0.97401620309398,0.9722422015987537,0.9712217979678419,0.969827517212584,0.9701099179204342,0.9688164922257829,0.9735852832450574,0.9720888205391044,0.9676885481783071,0.9695396123175862,0.9610025401594305,0.9684335627565303,0.971702868295044,0.9713950779367388,0.9789692100841504,0.9661870498962839,0.971146293125888,0.9764839481407234,0.9641294211405578,0.9702947978260436,0.9710668696480578,0.970754181786125,0.971213768599091,0.9800771822705808,0.9684456785357541,0.9725510414592278,0.9701972269503855,0.9710430416764306,0.9657415145205203,0.9698501939169542,0.970453520141145
116,2874350000,0.9728435137291946,0.9708914220628836,0.966387518620127,0.9706473129088005,0.9686132082458037,0.9770083271221595,0.9679645903560067,0.9693846686837281,0.976912319799049,0.9710007096184481,0.9681989778740477,0.9676065728608153,0.9692130341839494,0.9728184113788654,0.9771605330285078,0.9726887544598963,0.9718571518296615,0.97240859047904,0.9702086379372852,0.9763232615499379,0.9740145460665721,0.9751348488905542,0.9705224954767799,0.9685552552199785,0.9766358577866269,0.9750443371177266,0.9721402876150588,0.9709671598078006,0.9758891715749608,0.9698221713881582,0.9654385324024256,0.9659074418075495,0.9687540037384489,0.9714040711355996,0.9672301393386034,0.9781661656668934,0.973559957012917,0.9720227954768248,0.9677921835419909,0.9701378574027159,0.9755188851595765,0.9751669610588681,0.9744660487222044,0.9698612894029504,0.9697614920066823,0.9749333685882452,0.972106266217091,0.9709725112351506,0.9759139954887367,0.9740071497895002
117,2874900000,0.9736000437657664,0.9763125941635201,0.9629371503339273,0.9780855628785343,0.980982117493254,0.9693289206265272,0.9704727384521938,0.9747890328246811,0.9806058873349571,0.9722105215225091,0.9745608336782857,0.9734300624567895,0.9807560136001553,0.9703045037791292,0.9763228216673784,0.9765419241551838,0.9760246670330612,0.9833963177112716,0.9788221851109201,0.9697601055512872,0.9730163193148701,0.974421747101413,0.973749847801995,0.9734904909520505,0.9750313098765923,0.9711123716863904,0.9754861033907074,0.9723333313038323,0.971600145502412,0.9843095661579949,0.976558689518911,0.9705975170872453,0.9781248072127499,0.981273026568026,0.9746410132391198,0.978013841341382,0.9705975027638816,0.9658790272591734,0.9760074902018228,0.9697518076976701,0.9712247271663984,0.9715879308485411,0.9693456877051172,0.9722382134960277,0.9736650614222017,0.976399348734025,0.9690254141691919,0.9808145033134348,0.9745628830299345,0.9723387592734232
118,2875450000,0.9756018492126021,0.9741621277907285,0.9704959745539017,0.9777589532713177,0.9738081433477793,0.9747123289908499,0.9815398936554992,0.9769007787813807,0.9678400015753804,0.9816000021588182,0.9764855935496456,0.9740837960461879,0.9834328410953579,0.9734548610424402,0.9804251230963765,0.9750215303289221,0.9675887141622791,0.9755137971812765,0.9795196262384973,0.9792645202074343,0.9697024984075103,0.9720512124129946,0.9734797574420238,0.9698376758848115,0.9773600250934367,0.9821442606857654,0.9664723682899817,0.9776618201190579,0.9785331229331332,0.9705745121771783,0.9793541099800717,0.9736625467626122,0.9740795719216657,0.9791227259798344,0.9667771420540993,0.9705025928880828,0.9768266042238266,0.9715537624571213,0.9739684199660628,0.9817105874772492,0.9720509750545028,0.9705985984980547,0.9764675736413666,0.9667945688960404,0.9848129239574916,0.9808063011385758,0.9813549457336858,0.9728889363727646,0.973156751630075,0.9744318835497744
119,2876000000,0.9796729216308852,0.9803244823699041,0.9753879838960134,0.976748368730442,0.9704756750411341,0.9721789137725596,0.9788873944450468,0.9737572936048221,0.9779787337068649,0.9754246089953108,0.9804882626825769,0.9843090316712105,0.9763214962395927,0.978035635854192,0.9774614589994235,0.9709360352083265,0.9811223218444757,0.9735178216309758,0.9837639505550563,0.9741109168083981,0.9762489530405483,0.9714981564061025,0.9765459082080703,0.9829634239175398,0.9836683267374339,0.978542386758565,0.9827510054124401,0.9773513882938742,0.9762543773186555,0.9775828885236265,0.9824799389596383,0.9746574126091764,0.9805990009887944,0.9739462857441087,0.9750250734750896,0.9824346280388189,0.9736376542940182,0.9808600236841665,0.9777842495783555,0.9793120944948294,0.976100495039927,0.9829864802607071,0.9758135741751495,0.9743127215534592,0.9715677547443161,0.9800193292713961,0.9819916044952594,0.971686004726505,0.9784217333497992,0.9779029981059474
120,2876550000,0.9860707939365426,0.9771724228927198,0.97181036090332,0.9775802395517921,0.9819834522207961,0.9761942864060202,0.9780972959505689,0.9797048787882185,0.980994994950657,0.9811760920418876,0.9771224374088698,0.978670407724021,0.9828187818519089,0.9793760763828004,0.9809089391684241,0.9702682051074201,0.9814607768772041,0.9808070447987535,0.9772090153865116,0.9788371267385609,0.9790511786067847,0.9747446179832605,0.9740841688782879,0.9823548056526121,0.98457226884206,0.9849900366478556,0.9800024307154941,0.9803234171923556,0.9743455527680017,0.9734531580156928,0.9739839278201948,0.9770450094086848,0.9731278721861775,0.9789572074911249,0.9777183763173658,0.9815017895000635,0.9845324828610803,0.9784330696449997,0.9823251857064863,0.9729319149463428,0.9791262720429099,0.9736478347559014,0.973717378124904,0.9825792955023785,0.9761104948971756,0.9768387075488212,0.9815192148598089,0.9816174525177658,0.977004668541298,0.9755399347002529
121,2877100000,0.9797489688952408,0.9823860264953382,0.984428579337372,0.9813785097213268,0.9822200281770546,0.986810507704743,0.9801565559410902,0.9788740344877515,0.9750032330320597,0.9796669060214767,0.9754630085243767,0.9778537950256908,0.9816161989306075,0.9799230759397294,0.9750689103631899,0.9743510924229295,0.979163327522731,0.973454764854485,0.986164953963275,0.9805738798757256,0.9787674610325608,0.9804670797120614,0.9870485172323453,0.9774248537390556,0.974309925002008,0.9811305236964996,0.9803795739898117,0.9775194960024928,0.9890519574465149,0.9933941569344319,0.9727652005579797,0.9778301683079843,0.985335321171095,0.9839041445885333,0.980803230622361,0.9841676193165474,0.9806659817274486,0.9797783114755341,0.9779116922035083,0.9920045811761116,0.9784976294977294,0.9894118122804554,0.9754485519442195,0.9784737171901015,0.977622364208579,0.9742972712234027,0.9819670192314969,0.9834971338219501,0.9756498100534378,0.9792856753801457
122,2877650000,0.9805616742221039,0.9761248797390937,0.9833198050806622,0.989079715996912,0.9793952333610196,0.9817960072473291,0.9831166457255498,0.9791104932997164,0.9844116383420745,0.9823380336944308,0.9810495488317734,0.9777974079015966,0.9816933527238166,0.9831176607225198,0.9836212709242357,0.9829129042945628,0.9793696158571638,0.9838659174560727,0.9854044596652684,0.9832346294121934,0.9777611547944002,0.9832504188779962,0.974577912397371,0.9923419609062083,0.9861511497968319,0.9756892632517901,0.9731446943932504,0.9840711692824681,0.9747497372797831,0.977805575069143,0.9797056840741525,0.9830993213889785,0.9859834389650262,0.975293298352454,0.9836766697616796,0.9825971669466603,0.9830914528890172,0.9831060761453292,0.9800460904416336,0.9835388843045941,0.9824899700403675,0.9855056110145751,0.9874835005449938,0.9773682869199483,0.98468874701252,0.9825929957717962,0.9815634446407009,0.987703056265672,0.9858651415224001,0.9783470016884633
123,2878200000,0.9835171361492279,0.9865915417273441,0.9890120236866223,0.9865528575679262,0.9869494806167308,0.9847619339694287,0.9792534496407833,0.9812890868925658,0.9790115647256621,0.9818481744281914,0.9826831405758791,0.9766318626808702,0.9903031094574886,0.978440657235936,0.9871489337906033,0.9878871252604875,0.9849382719202112,0.9825668325518578,0.9898144665745625,0.9810228243689477,0.9852849771103986,0.9810251092068211,0.9825367512912474,0.9779812526203637,0.984466269332868,0.9773894109721049,0.9805659324111546,0.9856244848473346,0.9866034447917053,0.979048332869906,0.9800539854536261,0.9823472454196549,0.978737552892793,0.9737669868400304,0.9791067725527604,0.9760250778704103,0.9824700980541511,0.9859307090989128,0.9828458546407195,0.9776946353102116,0.9877781804278573,0.9858731800326088,0.9864681466067979,0.9874400070235219,0.9786201506599077,0.9851242210446045,0.982419951532603,0.9831418158826765,0.9871780263533619,0.9834786297231201
124,2878750000,0.9810633330966596,0.9862950698597706,0.9777918380530751,0.990723915501355,0.9797285524026129,0.9912364050764159,0.9854818195245258,0.9875298238356877,0.9804636036259953,0.985216049443951,0.988951912559362,0.9799351139027813,0.9809760371008148,0.9799437305538684,0.9833395645085963,0.987301868230091,0.982173002887277,0.9881624352592824,0.9845863274172298,0.9805808786821124,0.9907819125155718,0.9784774092222883,0.9858610586393111,0.9773900684004442,0.982178310747516,0.9885699865504526,0.9833612154215754,0.9814439697395777,0.9827316762249159,0.975540158964978,0.9921853037737289,0.9843402756382807,0.9845394399443722,0.982038185217975,0.9846025871735844,0.9812817697380762,0.9812260929617288,0.9814613336654685,0.9766438876928565,0.9900888193927483,0.9802599008010959,0.9884880486780471,0.9963588370089681,0.9850889102320215,0.9753860963957798,0.9831309819357681,0.9828143935714844,0.9844692457640789,0.9853272344015115,0.985620995612603
125,2879300000,0.982602359419429,0.9905164085785009,0.9886890078130295,0.9820289108359529,0.9850949109027012,0.9824785533101035,0.9820672055803714,0.9842109827252761,0.9846453942669965,0.9848292445741919,0.9811440902351917,0.9866824648442865,0.9786339379201796,0.9877325705921453,0.98401115741829,0.9865089393407542,0.9837809537416682,0.9885829021049956,0.9870852509047893,0.9856873471918639,0.989190455320631,0.9858907417616013,0.9896826721694505,0.9858415137888209,0.98423346775881,0.9889802097352476,0.9906871037506365,0.9842156846078914,0.9866835192520432,0.9872232172434533,0.986993944854029,0.9808739452955386,0.9885553945342104,0.9879750947866739,0.98730417361831,0.9861552901745971,0.9817344935616578,0.9837240737410026,0.9860675402993762,0.9897809548733641,0.984623530036546,0.9852534017199495,0.98478998675858,0.9867560700502414,0.9846013776467168,0.981280430349043,0.9810331799012344,0.98108560255806,0.9848620573737906,0.9888980554922828
126,2879850000,0.9891056421252963,0.9865926165261545,0.9844885425561155,0.9785420811630848,0.9851090645267048,0.9899169353326447,0.9900524477164929,0.9833487356483588,0.9845728180230697,0.983127654627333,0.9856590024909253,0.9846879950703653,0.9823039291952828,0.9888912326040545,0.9800122806839509,0.9859704546750359,0.9865835980077063,0.9890289724494453,0.9876952216517536,0.9869841191859414,0.9830076013125778,0.9865333781784257,0.986653517955915,0.9878771189778986,0.9876415293133275,0.9815892890702858,0.9848512820524006,0.9888287525847105,0.9846161561348404,0.9908891721355676,0.9937775640669191,0.9840299303543891,0.9817091106946211,0.9906433943119811,0.9859183547971927,0.9806907461608956,0.9892676333318431,0.98661022643335,0.9844534121037258,0.9857966802988861,0.9805888085612868,0.9834194551730627,0.9775913507113893,0.9878558682417757,0.9893146010119831,0.9855637661569294,0.9866208020137681,0.9862901430346651,0.9878079933121773,0.9803658897920473
127,2880400000,0.9922752732778928,0.9899291720785126,0.988161076828571,0.9905155980015921,0.9900880981923574,0.9859510392649626,0.9845855346559224,0.985202085272675,0.989389602248998,0.9909219784620211,0.9900680861864134,0.9912557649603504,0.9841670661041824,0.9850908797440626,0.9862693367908405,0.9818970880463076,0.9927438972313224,0.9932916781761129,0.9909889292293909,0.9886664293879386,0.9903099601586852,0.9817546837601506,0.9926034721029156,0.9816284920813451,0.9844436432132814,0.9958682915842877,0.99127780976805,0.9820271484375777,0.9936649649839563,0.9904502749201963,0.9925342148091414,0.9891989485968625,0.9930305510984511,0.9870867054330703,0.986864843007629,0.988014113251385,0.9964842899520286,0.9867459670183663,0.9881550813591914,0.988456079569406,0.9878795129206024,0.9893705297582168,0.9930205230786622,0.9944872499999863,0.9825563047514319,0.9905782461249268,0.9918111154502957,0.9842299389800905,0.9857538086946452,0.9893786638087678
128,2880950000,0.9864301355948609,0.9862716136426023,0.9885605359052274,0.9929400152801998,0.9881810725498783,0.988127594856667,0.9918035808857395,0.9839088448863258,0.9861475765773756,0.9878851050130452,0.9863535410006303,0.9887893866497409,0.9964593892368357,0.9900923960169594,0.9895913210019087,0.9871099632225746,0.9940340491056857,0.9862289877938687,0.9963210825653757,0.9859406659456282,0.9840151592339699,0.9872594655078017,0.9871256842413122,0.9965746779372006,0.9871881718024622,0.9925190389627231,0.9862325400275951,0.9832138375474174,0.9813072269785645,0.9928585121249781,0.9863846823886443,0.9894654295320495,0.9885214385109619,0.9863907690990115,0.9940145979221097,0.9856826423795034,0.9914402101126842,0.9884397468137291,0.9875701528581318,0.9879296285859381,0.9871214781258357,0.9871693200614788,0.9916657520309324,0.9889638037317974,0.9904358631586669,0.984427119842807,0.9898933964231478,0.9902426979626504,0.990864231616955,0.989612309771627
129,2881500000,0.986097758861013,0.9987107396120637,0.9861018106126591,0.9904555837283084,0.9863882287072843,0.9892677372149238,0.9915891370332639,0.9901213362058865,0.9859131421193977,0.9851776768402355,0.9883319479929027,0.9928819218636404,0.9899509028521721,0.9905455256581577,0.9857774112108664,0.9912289541848603,0.9765310623559945,0.9822261329574039,0.9817780088509569,0.9848293331258177,0.9991894770501922,0.9922098545224705,0.9866901666281126,0.9918854809229064,0.9883930769875436,0.9887676951457495,0.9966463540764141,0.9950189971202658,0.9958491512714207,0.9926059120031303,0.9989869255562385,0.9836469688747332,0.9919912304108576,0.9948650344898823,0.9900955253058744,0.9928538876762647,0.9941971368025231,0.9859620309924826,0.989949077161036,0.9916294068823693,0.9919695695753972,0.995262628249461,0.9897101662249091,0.9862893851607367,0.991952903162897,0.9860550807202265,0.9881627613285567,0.9815609217027289,0.9894760501882576,0.9877213995161944
130,2882050000,0.9931707121503078,0.9876746153919255,0.9860623241617993,0.9907795368776868,0.9871631078566386,0.9834602993867366,0.9901243681564642,0.9904115174547663,0.9800254474806902,0.9929132768568367,0.9936162858114657,0.9880159449114093,0.9864606297276484,0.9897835201248703,0.9876794015708229,0.9919504140208307,0.9882325837026723,0.9894588871495708,0.9891763597300213,0.9872476993552387,0.989164112575303,0.9883548134363623,0.9934081775538459,0.9881783128320861,0.9891337810646164,0.9928221361372025,0.9893125595626165,0.9901877740123071,0.9920846137537711,0.9881392695853524,0.9863818332815583,0.9894568849349885,0.9943899274628398,0.9931857833013408,0.9890493986540176,0.9859500098185947,0.9854052125545018,0.9979330109952007,0.9940569007478983,0.9891691539570576,0.993676047359634,0.9996950123620326,0.9912556656940301,0.991991261836663,0.9859189965842198,0.9838188657185327,0.9907472591586817,0.9856580921495863,0.9895261821217033,0.9813072209610503
131,2882600000,0.992252007226863,0.9930149702640104,0.9963463454718027,0.99237309978588,0.9895996690045185,0.9889302332090402,0.9891325347402027,0.9844223049549989,0.9883919208561003,0.9907707252448003,0.9936351806099959,0.9881266242491825,0.991702316284276,0.9886691010039386,0.9899829233351299,0.9868523026911775,0.9989736128400841,0.9926809536223141,1.0010669575794415,0.9931632566370232,0.9959849473514665,0.9944828442630207,0.9995278507068684,0.989114693423238,0.990307837546647,0.9927079065661406,0.988885576655484,0.9902343497605629,0.9924820037794795,0.9912768675174445,0.9941893819663513,0.9845823221164968,0.9889728692676226,0.9943982908336133,0.9948435788267144,0.9946458074519685,0.9911124928594155,0.9957337950296542,0.9863478649632357,0.9877037302414229,0.9907126929624391,0.9856874629242987,0.9911267593399798,0.9912896460972311,0.9928788527758975,0.990837053386346,0.991713941514793,0.9948941621447743,0.9936598004488822,0.994739911581953
132,2883150000,0.9928514061205916,0.9907986494343761,0.9925913179213797,0.9874180095737412,0.9947178792536179,0.9918299137535853,0.9909120051066513,0.9896212924107345,0.994664055624183,0.9916157909265393,0.9827046351547221,0.9953182388992101,0.9888237409162844,0.9955819419550955,0.9915405931648199,0.9843883935924562,0.9929861653348612,0.9927546241634987,0.9942817073579493,0.9920584875105266,0.9842911962242705,0.9931859081589924,0.9901254294025211,0.9899964764151602,0.987982672987135,0.9874468307313556,0.9853617391657552,0.9885894204272244,0.9908962389778894,0.9979430351604791,0.9938042016501745,0.9887809912625488,0.9902076096379215,0.9926752000866932,0.9825241611973967,0.9965590538785186,0.9998469176823813,0.9942877204881637,0.9974960209463796,0.9887559090968226,0.9897222993005942,0.9892873613560565,0.9885556452206071,0.9823520042956608,0.9961351982426089,0.9958448193491869,1.0056679157573982,0.9978655298487337,0.9907771530399608,0.9946257356134666
133,2883700000,0.9910890700722711,0.9966132582977598,0.9917544742030424,1.0016431480161616,0.9952800353801023,0.9931064866003912,0.9899466655784092,0.995268948425893,0.9963198805461277,0.9948008349325561,1.0011763128553426,0.9846304706090768,0.9858063527693427,0.9916901620802245,0.9953556110366749,0.9932522042526493,0.9961329506781034,0.98846236173937,0.9906055256960667,0.9945719036185868,0.9888688166159986,0.9939843855909783,0.9902946210857188,0.9858165352101845,0.9967867756506366,0.9932450858084523,0.9975643637873192,0.9901640072179785,0.9920146969541977,0.9890736809309798,0.9957570442872072,0.9953913040794574,0.9881977816513187,0.9908798396284326,0.9891387413831592,0.9960058915957192,0.9861964909113377,0.9822373722734858,0.9957962121948953,0.9922366644760826,0.9948526948926799,0.9953635834449351,0.990817882665279,0.9900817102750241,0.9897299044101735,0.9903649984793268,0.998169547509259,0.9913661274712343,0.9909974031946379,0.9971375009520683
134,2884250000,0.9946963830676774,0.9954011824149988,0.9925017611850255,0.9937770739624132,0.9934456599196497,0.9949971237946365,0.9948720153339855,0.997393443846763,0.9902460042770515,0.9999196944386278,0.991120031587668,0.9962574148440835,0.9995334768615651,0.9964519455458095,0.9946555783085107,0.9942200717570174,0.9976722690925028,0.9914563857402007,0.9917796541976587,0.9940153030210712,0.9939543900169402,0.9966279319981808,0.9939102382908004,0.9898333217903685,0.9904669567655279,0.9840319740829554,0.9935945391362864,0.9928171299256557,0.9949743179716913,0.9940891258210279,0.9976472690287606,0.9935169278983124,0.9934568163105363,0.9892172359257336,0.9861863544071158,1.003738405161184,0.9877409577474869,0.9985953751018048,1.0000136842937104,0.9941455161561655,0.9857430394231752,0.9863931864948604,0.9921410228270446,0.9962311485781691,0.9943732823001716,0.9925926831949773,0.9916480009711037,0.9890288008464012,0.9984568340808516,0.9993959164756365
135,2884800000,0.98947291827807,0.9960968639698311,0.9913596065853516,0.998825370385567,0.9956482731621857,0.9927005223598457,0.9959634791123294,0.9872938013617355,0.9890861981215728,0.9976478159546398,0.9984321302788408,0.9947013768254123,0.9912714323911381,0.9938952319891416,0.9940502524859485,0.9975698488267841,0.9930565546672463,0.999504045048873,0.9972533572348441,0.9878480823704308,0.9974061566183654,0.9969728630952854,0.9998408111813976,0.9901809382573383,0.9991902909892344,0.9934049159545818,0.9925123602072832,0.9969730096639183,0.9970378346234439,0.9874338790032466,0.9950289539165543,0.9890265953586596,0.990370993961732,0.9953875469845389,0.9959000588940605,0.9909519207997022,0.9951266230251616,0.9974067935519617,0.996700966894693,0.9937705771968243,0.9898087245552927,0.9978226987373151,0.9864095175279984,0.9935287170358259,0.995355451659854,0.9923390792231493,0.9978119432404481,0.9885753994452763,0.9919288903474301,0.9914872762222529
136,2885350000,0.9942559100203495,1.0026132933029397,0.9959040920696647,0.999325461301849,0.9877438562903011,0.997348668726837,0.9947747237725327,0.9887646568279418,0.9926228765115708,0.9934074075764562,0.996917193987322,1.0014886571119794,0.9954514892409816,0.9967307633109594,0.9912268411817378,0.9968088073873702,0.995280831896588,0.9949864950572812,0.9984111945949499,0.9913540355246262,0.9932851072851273,0.9974100055286655,0.9902519438410973,0.99081227377393,0.9908046484537383,0.9986974217499804,0.996581521436804,0.9959058221302646,0.9900922231873981,0.9930736533928066,0.9924164409120663,0.9977112974774031,0.9971006584217437,0.9921080784474636,0.9983411264358747,0.9925352657143739,0.9921650936646877,0.9936589729088185,0.9952640693370699,0.9959328305483434,0.9998942423420725,0.9956205061402134,0.996902698554465,0.9907404042152232,0.996288808476784,0.9996308400572189,0.9949513983678886,0.9924387779522393,0.9957349412583322,0.9957050959194202
137,2885900000,0.9959203506033028,0.9904845055366949,0.9974544774415753,1.002664881317358,0.9957225470840363,0.9921382338424527,0.9962630247879759,0.989863822703785,0.9947241051561869,0.996282482016415,0.9919050238207214,0.993057456514446,0.9942410135537175,0.9965057643232782,0.9933584318819474,0.994188849264078,1.0016638146582346,0.9930693053855861,0.9944887694958879,1.0025743473036663,0.9936166469128577,1.0009057428714658,0.9935532975348891,0.9892009300588044,0.9966637447355556,0.9897369062754001,0.9962975234708712,0.9927166412042132,0.991574465737006,0.9974698333981945,1.005420979690539,0.9961289093996318,0.9991616780528229,0.9960915533179114,0.9935199326163335,1.001294000883646,0.9979883063342189,0.9957135592053151,0.9988854322105957,0.9912216200871266,0.9943876021124004,0.9989307388043912,0.9903444565825097,1.0024619221883144,0.9943662655823289,1.0008541922820775,0.9950718985736656,0.9922447499102263,0.9925028563248804,1.0002212497128822
138,2886450000,0.9922442635324372,0.9968437806755405,0.9887193422412719,0.9866151571784123,0.9962887563437243,1.0003877360281428,0.9898396652920893,0.9936075622686237,0.9928158117450643,1.0000651952183526,0.9955739867523206,0.9918763002543614,1.0002641523169722,0.9930536577537676,1.0000420184992278,1.000633050565242,0.9929538632595049,0.996785951064334,0.9942347313805615,0.9946594782175976,1.001171449131273,0.9936746764424516,0.9930393329685263,0.9912907189747392,0.991605978303553,0.993469506807574,0.9981694876293794,1.0027912495816995,0.9862928600408943,0.99750590674192,0.9987108668728962,0.9973930391856624,0.9896868754124483,0.9921226548093279,0.9951390071539412,0.997736766716661,0.995297494456279,0.9955820244205327,0.9919107790911171,0.9938322475009066,0.9941011844094503,0.9978745348772816,1.0007438674050164,0.9953712545543056,0.9995647962564544,0.989696875345302,0.9955720617136355,0.9955821408013521,0.9940270257038196,0.9944656610423944
139,2887000000,0.9911127137003387,1.0029979603757924,0.9961019166135339,0.9963003296433799,0.9955816534853631,0.9895925130324413,0.988384600721694,0.9974793394396876,0.9997713492017792,0.9857394896049467,0.9925641626237784,1.0056684897621195,0.9961309019043593,0.9937940886412077,0.9949412277887854,1.0020037939966542,0.9927404080280026,1.0038315598588157,1.003809501648893,0.9946074653906616,0.994958581190806,0.9929124797585814,0.9906677565171201,1.0026797554967772,0.9978148037589564,0.9919063326538373,1.000473105922852,0.996110093549788,0.9914175542540766,0.9936135417444163,0.991569388427514,0.9987826768310892,0.9959633317122362,0.9943624800394081,0.9936016535893135,0.9969215302935701,0.9940347238980313,0.9974681966344282,0.9976007635889472,0.9922559033729309,1.0030509990400116,0.9932939269780138,0.9970144295200914,0.996431418861541,0.9967659177036077,0.9970011294332861,0.9980125061769132,0.999102166132194,1.0011577610564284,0.9947132378912152
140,2887550000,0.9979645391022262,0.9940276780920412,0.9934109317205875,0.9902317316718474,1.0025615425858077,1.0005264647794798,0.9984222018003253,0.9970456723437352,1.0020077188400034,0.9970379823046635,0.9983799180035816,0.9876361084335991,0.993573541785088,0.9964628906372057,0.9981532733127508,0.9988850088966865,0.9988774004244778,0.9973868971146617,0.9946456528848713,1.005555209052745,0.9951461693621744,0.9929252012391203,1.0040993413489474,0.9993431499923893,0.9938069476539716,0.9925718938550595,0.995432616684783,0.9935851599405715,0.9980272372975278,0.9896920575103036,0.9936314523490738,0.9979760303725527,0.9946515693019349,0.9960012258892005,0.9979390581989783,0.9997524218399682,0.9997734905275149,0.997099366168049,0.99306840378185,1.0010450205014652,0.9985548927393194,0.9984174858919292,1.0000180005734671,0.9990012770434188,0.9962474909251702,1.0001035578956559,1.00015620115406,1.0002064439439358,0.9965234421834016,0.9927535920939813
141,2888100000,0.9972875824043927,0.9967197590370799,0.9951208934573187,0.9969419631076147,0.9956283577855787,0.9974005430504146,0.9977017303913337,0.9963423337065442,0.9974928059676843,0.9957337374727621,0.9974463977326304,0.9928810529405253,1.000487423675305,0.9928610982412608,0.9968676655429326,0.9933330517131865,1.000766385833578,0.997539019261785,1.0010622295642917,1.0042296709265555,0.9952255764194256,1.002303152042394,0.9913829408337265,1.0060170906329071,0.9959020641440619,1.002069203992299,1.004285677024748,0.9940992162115997,0.99438060286517,0.9942714862824058,0.9924322272093322,1.0020591203741633,0.9968084384023941,0.9955284054522384,0.993266196467982,0.9966486745855041,1.0038794349318958,0.99566258225084,0.9981990175353668,0.9963863141668132,0.9992939875819971,1.0027647849718384,0.9957026132059179,1.0004219944262387,0.9924647744301888,1.0012888020414235,0.9888778048185897,0.9903360927607354,1.0015166614317637,0.9968707844545184
142,2888650000,1.0052986052354922,0.9898846227220636,0.9940226604680463,1.0017881067214642,0.9985213429272503,0.9914414827098684,0.9988238219778826,1.0002944543109105,0.9939036482184861,1.0032315416869952,0.9968358220969317,0.9983502845267179,1.000891777141264,1.0000930602890774,0.9995598803930961,0.9926151399955359,1.0012087901531448,0.9926989460590613,0.9979511385234778,1.0021285038434051,0.9939668291123821,0.9997297224371238,0.9903846610865595,0.996513068191923,0.9957231435106375,1.0010839130409739,0.9922504989189888,1.000084224551174,0.991277305961596,0.9963183611781481,0.9996232524537787,0.9957441879955496,0.9928095673353711,0.9942201923132188,0.9941252552398685,0.9951653481722532,0.9980512700218584,0.9928156851383084,0.9931096257658816,0.9994829595748597,1.0000945527135494,0.9984250332996574,0.9997672892040159,1.001038551515878,0.9916301426479613,1.0004866017377825,1.0003106816689233,0.996676905443897,0.9941711856127345,0.9945031411362901
143,2889200000,1.000030228588775,0.9934089437451494,0.9943213818509389,0.994258466801625,0.9962937627199576,1.0023885705119187,0.9979215582797605,1.0043161665793878,0.9970894627121927,1.0001787256290287,0.9963286511781662,1.0036418699865965,1.0039461163221781,1.0022087673878384,0.9944911698381247,1.00289405676545,0.9970894103237142,0.998068167312688,1.00057352207717,0.9890115329753391,0.9928867776861179,0.9901368802507271,1.0013182692867455,0.9942531192842018,1.0022814029400984,0.9993623773141147,1.0026607391361342,0.9911838322297694,0.9996993446233574,1.0043842869606199,0.9946300061164992,0.9982792074810946,0.9977735712166013,1.0013505065487485,0.9943531509230855,0.9936528591264295,1.0003519923016522,1.001111344216544,0.9935750849117685,0.9948455823197349,0.9969453313855526,0.9959012551461678,0.9902841145888214,0.9977349518645314,0.9900775101771524,0.9955639885295301,0.9956501138677221,0.9952037948208863,0.9922397459579023,0.998953608648182
144,2889750000,0.9990480495423426,1.0038689805269025,0.9974171835394952,0.9991522784944378,0.9957219856371989,0.9951187948470324,0.9975634915058139,0.9984530635623079,0.9909369935586488,1.0010178328528898,0.9955353230486317,0.996341855545775,1.0018887253818143,0.9992535299820116,0.9996113838687835,1.0010618871281334,0.9979289538566036,0.9944207802942653,0.9969307121095696,0.992851200652478,1.0063921566791492,1.000118569795749,0.9953716119556059,0.9860924097069047,0.9936221490292778,0.9938910714109848,1.0063620047526827,1.0005435589710323,0.9986310067659683,0.994507561585471,1.0015233492366102,0.9913981427596058,0.9969236885935431,0.9960870175327813,0.9940251761035944,0.9959322638054365,0.9946124498819142,0.9938263404088145,1.0033825405858117,0.9937721404143328,0.9943011825755994,0.9947493020002404,1.0045825678094897,0.9874172607402267,1.004180817354703,1.0021472923394112,0.9926157507455593,0.996877972608624,0.9992569664658753,0.9980336955849131
145,2890300000,0.9989908404608162,0.9921799317892107,0.996757526397316,0.9963407355802928,1.0021316227062216,0.994088573164131,0.9921453897839436,0.9983987495828175,0.9930411345756086,0.9903096885840561,0.9957473970533856,1.0054528256630213,0.9934721181636534,0.9940237910096066,1.0025312587341986,0.9988973036194022,0.9955249072051388,1.0073415194134963,0.994260223795141,0.9964261717106362,1.0007478364760822,0.994411130234845,1.0037416617510038,0.9951495136794907,0.9976311528310534,0.9970401214621123,0.9974361995279568,0.9939263777355698,0.9970803434829311,0.9960305296742747,1.0011143659921453,0.9980763536143629,0.9991965698059516,0.9947674874757468,1.0005384069211947,1.000230842820734,1.0065762562093585,0.9987852012506947,0.9959406851298174,1.0056182237390243,0.994929618224037,1.0039044549287766,0.9926499924762816,1.000184600697813,0.9940917558631525,1.000827456781393,0.9934940980826771,0.9958550448530046,1.001047522347972,0.9945632382160109
146,2890850000,1.0029321561695468,1.0062661666598405,0.9928141756500729,0.9976281380704652,0.9999686115025462,1.0039926140667494,0.9905042746024874,0.9981371159990683,0.9897710502141005,0.9993872118668596,0.9962499911218264,0.9954843803419162,0.989885078930254,0.9953009551301935,0.9914370290948716,0.9963022323187354,0.9951056663656636,0.9945190303811233,0.9973409741506093,1.0004185776240146,0.9975531779532372,1.0016015141101535,1.0055482666210707,0.9945196815434804,0.9980104827311036,0.9924295809034381,0.9903513265250685,0.9990252270187835,0.9993096410978732,1.000148893998157,0.998587992415415,0.9967635217019223,0.9961211932986991,1.003534554418089,0.9951743220385849,1.0059562605786463,1.0038288706412257,1.0022090289674939,1.0011274607634253,0.9981460972301952,1.0017630241390834,0.9940136398582576,0.9932982125020716,0.9891376042403444,1.0027312505282255,0.9935142348836914,0.9986460686956582,0.9949456811492712,0.9930934072787312,1.009142039919478
147,2891400000,0.9988508375599817,1.0007483210211403,0.9985967840735525,0.9948884436406613,0.9968674353111157,0.9944715754775166,0.999174175600551,1.0015458670600652,0.9985630131064516,1.001207346369677,0.9964449168683555,0.9881335737118264,0.9974212598967677,0.9952362534592453,1.0043744389074618,0.9949648910899656,1.000851908027026,0.9995902760145795,0.9932248779426351,0.9952171600952958,1.0004795701054563,0.9936838367586871,0.9916840065332297,1.0008574009018116,0.9914858368811889,0.9963875479231016,0.9992222921003534,1.0044821357644742,1.0015436053029776,1.0022626122199274,0.9935713096559078,0.997790200259821,0.9943113660884579,0.9971784467369808,0.9983285691035418,0.9961455011200157,1.0021504749997738,1.0064135439697932,0.9964041709181803,0.9941980089400692,1.0007306299997227,0.9985412874930067,0.9997524366656194,1.0036238962104567,0.998639296394946,1.0047141530074513,0.9940948174340967,0.9875132037707662,0.9965814610340388,0.9986362474955606
148,2891950000,1.0024257988529162,0.9968438057848603,1.0006171820496896,0.9955303947142604,0.9940779528380624,1.0001681141132106,0.9993498414753152,0.9876525942888987,0.9929057699363604,0.9986424498892109,1.0008341781595156,0.9978922110853826,0.9968281596081724,0.9868653850432061,1.0000213970832101,0.9984047228141026,1.003520106098264,1.0003678004913077,0.9969614844025381,0.9966813652742504,0.9981477112889524,0.997336978735446,1.000933531947922,1.0005544198785083,1.002565850389524,0.9963835421172921,0.9935084493896065,0.9959308853519662,0.9982174321375997,0.9974166878172287,0.9918937055691444,1.0039614450933818,1.001173931753079,1.0022902657510053,0.995826123036974,1.0011201646821528,0.9989734721957908,0.9926537430773813,0.9952510503424097,0.9916247818957262,0.9968700166604575,1.0016631074993863,0.9966874880276235,0.9961596114057479,1.0010201567231942,0.9995574312565493,0.9932941262189586,0.9945216391733733,0.9947277549310263,0.996663304049924
149,2892500000,0.9981444997230713,0.9945475667916311,0.9992529029324553,1.000243092822588,1.0069433004591706,1.0015291997945293,0.9921293801006875,1.0007085004741318,1.0033031660179155,0.9973614697872124,0.9997307205238024,0.9888266286227243,0.9989943520392994,0.9937282013508838,0.9940275349602935,1.003211162862161,0.998978222664767,0.9997842915958367,0.9917783381748556,0.9978551778201987,0.9979858139772856,1.0029946300884727,1.005155582445876,1.0010671514285563,0.9960985430835096,0.9975294912976108,1.0009870760816986,0.9998725459541759,0.9926823073694296,0.9984816719603111,0.998380492041032,0.9950886891354431,1.0017474644732733,0.9983978416632963,1.0012526012707892,0.9950819185808163,0.9965681970902819,0.9950227600192478,0.9956215146568965,0.993744985825251,0.9962941654614456,0.9998248742387615,0.9969036268946635,1.0023141025863853,0.9980900531648796,1.0042123382249548,1.0000072482934232,1.0018618228045004,0.9944475402225921,0.9929314747476166
150,2893050000,0.987779850348207,1.0010540063313524,1.0037599335084788,0.9950368036009449,1.0017459188519582,1.0002423767503867,0.9981165703058339,0.9957604298487195,0.9986360972651137,0.9956980666703212,0.993594019674061,0.9993199697268855,0.9976358158039884,0.9988983046519333,0.995659880961888,0.9904819555252204,1.0034158812666025,0.9964673330594874,0.9992372357373397,0.997304363082989,0.997929224713524,1.003014397625441,0.9973593915635867,1.0059074508853205,0.9973398408783604,0.9930187940824661,0.9963354999025513,1.0066642233793002,0.9992566311921799,1.0020151936623443,0.9904485544348494,0.9957412625290195,0.9958277999709666,1.0046586352947688,1.0032053968084502,1.001751625715079,0.9963758959957618,1.0070743530443167,0.9990363291212547,1.0011733143987485,0.995922607318212,0.9939739070510566,0.9941030875938536,1.0052350379178911,0.9953400883405931,0.999290732564916,0.9954519658067176,1.0034526382171485,1.0000682819188533,1.0013722571840573
151,2893600000,0.9924981638282717,0.9987625038511637,0.9954193349329191,0.9960833809621688,0.9985460704725623,1.002968301967515,1.0031906424979162,1.0004301667222075,1.0032283265659891,1.0012024404717115,1.0022335549695025,0.9964631633664457,1.003125773826421,0.9939921885744408,1.0016467958879793,0.9975304870308631,1.0019290808432284,1.0028088016699348,1.0032857201133267,1.0027675893071115,1.0030277523126538,0.9992315346251521,1.0026452863275421,0.996332020057393,0.9934913006664077,0.994147476086153,0.9959460904437201,1.0011735755210034,1.0035136408817962,0.9979898195514298,0.9955530397078372,0.9973627837407676,0.9949815722368595,0.9843318929684434,0.9969438954255856,0.9953143867623098,0.9976679762591889,1.0022190586270985,0.9974961212329702,1.0010478785331374,0.9982969437198557,0.9997178141350789,1.0011252972262752,1.0018332247392037,0.9999102465187507,0.9989094362172999,1.0003057439284113,0.9978036047018306,1.0085005912038505,0.9918396307292519
152,2894150000,0.9923920788069662,0.9925664933886841,0.9999029183717875,0.9959109429178377,0.99804863481648,1.00358459440914,1.0021604143587397,0.9918992839278821,0.9990738923170387,1.0048404656377368,0.9975813578205462,1.000363318009814,0.9991109718967917,0.9988666530069651,1.0033122790093285,1.0017890102821998,0.9983323801074694,1.0074766276863514,0.9962135315375393,1.004877587235883,0.9967525703701456,0.9979051087552047,0.9959564834599278,0.9999480173049039,0.9958278644576373,0.9947410522357958,1.0033785390337706,0.9948562820029472,0.999314277733322,0.9978941148530782,0.9972313895025565,1.000246662029679,0.9973491572527322,1.0001786667849875,0.9984372321402535,0.9962457523586505,0.9966919483360547,1.0029210965658664,0.9973890025094827,0.9972355520615583,1.0003274281437737,0.9984608419410196,0.9964014532627449,0.9976383208288431,0.994398781940726,0.9987350049698248,0.9973631664813534,0.9953930920835029,0.9995233612500788,0.9990691528374221
153,2894700000,1.000075680921337,0.994119677775029,0.9991851111849319,0.9999518536755081,0.9969729748009563,1.00098729163268,0.9987214053429507,1.0014393503213048,0.9981826672233758,0.9919695138341014,0.9927971617355306,0.9991009919712398,0.9964043185380232,1.000915636503186,0.9949678486665866,0.9936912785720072,1.0027397289787872,0.9963345611785419,1.0077854561505832,1.0057966377992094,1.0030084174867189,0.9994369404776905,1.0042656571653397,0.9979339161064052,0.9998379434191845,0.998899108954643,0.9960902426601997,1.0017986796510534,0.9900784696067323,0.9983522031073938,0.9961782343100449,1.0036940137850368,1.0066494019175591,1.0006664010337794,1.002121146597223,0.9974542277222577,0.9945961003747313,0.9998027534551465,0.9955507722261883,1.004896480022209,0.9992205609005644,1.0005695365864806,1.002171277019933,1.0088165444592407,0.9977349674072271,0.9943467209665068,0.9952484034472814,1.0013608910487763,1.0028943962572712,0.9959532789542404
154,2895250000,1.0066140022714565,1.000212424075686,1.0020367632442244,0.9982899223660725,1.003514202192418,0.9960921103573179,1.0055304850644946,1.0010573061535224,0.9940381355432053,0.9997060444607753,1.0054919148982397,0.99662782790557,0.9892039287324069,1.001074255392885,1.003593940380392,0.9980092013515843,0.9982974913595543,0.9992086315982139,0.9987294371442212,0.9948556225907702,1.0078636827708345,0.9999823299763191,0.9962147615589837,1.0039801881365398,0.9995135668329537,0.993925506504826,1.0001029380289521,0.9995897780712933,0.9980905825015044,0.9932864340237564,0.9943124511842243,0.9967327004026697,0.9851892123175359,1.0025358855333575,0.9978407630773892,0.997884469299888,0.9970069027670586,0.9978932370928268,0.9969364949969762,0.9914618024832088,1.0000024182939222,0.999483148247086,1.0026920897930671,0.9983699550873708,0.996729021535553,1.0034341088819148,0.9992583290194474,0.9919427727514893,0.9959409223923723,1.0005648927818527
155,2895800000,0.998333640064332,0.9980713173806446,0.9984149251884831,1.008241566387769,0.99670971031632,0.9954099163305503,0.9983389647641073,0.9917293563410239,1.0047584007130768,0.9978970061643275,0.995653135565086,0.9965494681978646,0.9950465591247055,0.9994763702109184,0.9983499548276695,1.0081584360257838,0.9957715254851437,1.0035500842529597,0.9940212564169347,0.9962256953902353,1.0052180122988879,0.9968650971297884,1.0050469331794296,1.0023044216291723,1.0005333781012238,0.9966856004918403,1.0011109041386848,1.0000381136104917,0.9971026619635706,0.9961262684848083,1.0022116840096005,0.9992872296159657,0.9967417977854074,0.9998385953742812,0.9948530460795614,1.0011360332558614,0.9925773529460994,1.0027135407319374,0.9945483399428569,0.9988352729188276,0.9986718299121128,1.0008845161146505,1.0059545123420761,0.9982171315753596,0.9978551096196121,0.9999871956596623,0.9940248409225458,0.9992145177783585,0.9988662766466757,1.0076604706150774
156,2896350000,0.9979468899936008,0.9956797266683952,1.0003540762393228,0.9926756136628875,0.9998862730233089,1.0033363072017074,0.9944309256132967,0.9987019055864275,0.9993090504016164,0.9990480195541144,1.0034088312006102,1.0014143085139136,1.0056640144248272,0.991031499135892,0.993745724772111,0.9934798336876521,0.9966927918305492,1.001937464112112,1.0062791171531726,0.9960244946971935,0.9973344587136326,1.0026391943128776,1.0055415630641142,0.9949599503600086,1.0032645718831188,0.9963843425104585,1.0012709376382418,0.9958939000156778,1.000435096382098,0.9993932512973623,0.9916082394330347,0.99399439681237,0.9985836842810017,0.9975725121378672,1.0071038226053437,0.9949906277592128,0.9985326243830556,0.9988053253178031,0.9936726629664435,0.9982874243382799,0.9984115644025259,0.9993350692420935,1.0019888815061455,1.0018591569785062,0.9992970849314143,0.9985976867772346,1.0018953288434727,1.0051645898510386,0.9936512883223767,0.9927660923395589
157,2896900000,0.997032171883224,0.9957827505350187,0.9956903117142564,0.9963060805894968,0.99646141943748,1.004384014679988,1.001114709813506,0.9990997190311361,0.9984216604274273,0.999482462080189,0.99607567099128,1.0040191971439933,0.999569617675426,0.9931157527633967,1.000662242008372,0.9970918019024816,0.9993778017152788,0.9966114138650951,0.9947519493186181,1.0037224224118597,1.0031275297283884,0.998417824952134,0.9925352250471562,0.9971529973301585,1.0070031153882277,0.996006591245925,1.0002820663362346,0.9981646343186711,0.9955073298142137,0.9977642827468878,0.9941176346972505,0.9983475140780307,1.0027933679360828,1.0029490344820753,0.9922324079278177,1.0043156360115433,1.0093472127179106,0.9933809622993728,0.9906980514971616,1.0047976556649156,0.9982311620443904,0.9976435353754998,1.0028466139564733,0.9939954452653651,0.9940335374813841,0.9979624551287145,0.9997902505757545,0.9957231652372975,0.9910734620230041,1.0050156357569613
158,2897450000,0.9985871082199128,0.9983621972447525,1.004108305944601,0.994093278825714,0.998144988518965,0.9943325538292968,0.9934749143452856,0.9943269601513965,0.9996619259968099,0.997953319687301,1.0035706455626037,0.9931105991387873,1.0001187092446935,0.9964199441596707,1.0003402591265826,1.0009371033703496,1.000402418618227,0.9989276404043427,0.997587266390511,0.9988059788818684,0.9997474579581566,0.9911279457533773,1.0017349584995394,1.000971612440028,0.9947640908277575,1.0077182478380327,1.0069225554188446,1.0014363189074933,1.0011237144749339,1.0035957750035398,0.9962686048411603,1.0034351425486578,0.9957587213372462,0.9974950841065457,0.9992084028369094,0.9982905179806763,0.9981815114672571,0.9924924707358349,0.9999959256920535,1.0001503141010504,1.0026265636839478,1.0022981408330802,0.9961127464466238,1.0016829997097194,0.9901847745944431,1.0003263673637122,0.9988051033825055,0.9992382500766843,0.9913703748659767,0.9993875964767243
159,2898000000,0.9966263559466082,1.0033124996423677,1.0015231075407922,0.9907727125622905,0.9955467514027921,0.9985162939028333,0.9991298842701978,0.9970443056169331,1.0007532918597786,1.0006274557234736,0.9961383985170101,1.0067889865675304,0.99860827190734,0.9980251375661003,1.001470618238746,0.9901584576279463,1.0001396791301205,0.9954014994739165,0.9985336108636668,0.9978370355181191,1.0030617916936428,0.9997341261471344,1.0022848070239312,0.9959266277265895,1.0029418782217954,0.9985666700522215,0.9924506021123826,1.0028457097931216,0.998040843411829,0.997615095159471,0.9999249563285254,1.0030023710454379,1.000306670992898,1.0012086369029363,0.9999764955733756,0.9958017707535713,1.00741461021964,0.9954026156278529,0.9961811933373318,0.9972204935324243,1.000154997717135,1.0027111975589091,1.0041921435230703,0.9958476221546728,0.9952088212455668,1.0003350273634133,0.9914099970716077,0.9868986624528587,0.9964011125590804,1.0023782287795286
160,2898550000,1.000112712159791,1.0038016857474654,0.9974063983276569,0.9988478154524947,1.0009456644931212,1.001402856623868,1.0045245603433148,0.9985046000949519,0.9940215465348579,1.0018329876904974,0.9938189693486609,0.9999339477048965,0.997202158465255,0.9981222480752295,0.9999423033712049,0.9975161315703012,0.995175451977843,1.0044825020387802,0.9975077074482596,0.9959592743931288,1.0011426023718002,1.0026285279698837,1.0005158848889213,1.000605414808819,0.9978551873081509,1.00147098775185,1.001646850730568,0.9933703707810452,0.9943375906790729,0.9906181269078489,1.0037521156595444,0.9925095094544213,1.0015633839778262,1.0005040804714467,0.998030755091651,0.9904511095140489,0.997390765310603,0.9950056670316829,0.9964072783342843,0.9945525927669692,0.997499582170158,0.993472817572791,1.0055537810165023,0.9966815945498265,1.0035024814392044,0.9955846708939061,0.995536748982418,0.9996749764728119,0.9992329247927957,0.9967265842702765
161,2899100000,0.9967515520959805,1.0009917596776317,0.9994156393091593,0.9961032311100204,0.9994979956342273,0.9941672052450461,0.9967152780396618,1.0006925390800985,0.9985359905262925,0.9960443558158271,1.0038847527925403,1.008914824159249,0.9974202161403898,1.0073609660054856,0.99834156449433,0.9960263941759114,0.9963314968853756,0.9981052674886747,0.9971804252542411,0.9896053357451139,1.0016765261082077,1.0005936334960421,0.9979241595541511,1.0028134030251972,1.001885343279321,0.9981380953086687,1.0039684144374765,0.9958749721056427,0.9941511628750689,0.9972965541945944,1.0031377372052015,0.9932069021812204,0.9976529997358066,0.993216364422292,0.999793414302818,1.0030226385417136,0.9988940351901422,0.9996558580271878,1.0003166967474573,1.003450312602576,1.0047175744944883,0.9991705583416334,0.9992578496372209,1.0004166746487153,0.9983853575085256,0.9934933704703462,1.0027407270176576,1.0029326944749484,1.005621358225823,0.9990087383514866
162,2899650000,1.0041373239730862,1.0018028198379354,1.0034524558009952,0.9964792266794061,0.9942687637038765,0.997019352049488,0.9991627042792124,1.0028982910073954,0.9941941444636557,0.9920678011871598,0.9918051426375721,1.0006866142211528,0.9925173197142407,1.006757185160937,0.9970444545711863,0.995261854572453,0.9952302190997521,0.991075616077332,1.0042801677069868,0.9912904492139966,1.0049336756789276,0.995890643758654,0.99945187005575,1.0016649555859938,0.9974122928510957,0.9945211260173998,0.9934154005607925,0.9978015561120394,0.9947736557282963,0.9951240065498658,0.998520615046838,0.9983859574450523,0.9963608305354751,0.9966382951712901,1.0040301416850241,0.994470934340133,0.9987944822613848,1.0029878802671934,0.9988263111863712,0.99789936717055,0.9935714486756427,1.0015063362261807,0.9960557555191444,0.9957839459488661,0.9970265388136134,0.9948266853141691,1.0027686797401067,0.9986329364093468,0.9912148105976798,0.9953061740734465
163,2900200000,0.9936626321354134,0.9971197876264535,0.9976288466873044,1.003597763087919,1.0034862452613142,0.9974515158121405,1.001199074077346,1.001584934970319,1.0028846424264461,0.9979495665150094,0.9946298712055567,1.0013940379224708,1.0019682341563134,1.0006628005794307,1.0021925672786867,0.983993976792469,1.0004625110212035,0.9986218745007027,0.9971046633495952,0.996964536857801,0.9952129130474658,0.9944777344847903,0.9968536975347817,1.0009508969847567,1.0038135232420724,1.0004678152172537,0.9960731825093065,1.001205487034169,1.0035238859133546,1.002489110699375,0.996957662700441,0.997085237840894,0.9997670399666134,1.0040078598650988,1.002443831842625,1.0005865798375266,1.002963760974606,1.0000338542071603,0.9959885924618309,0.9993781466783762,0.9962656884422461,0.9999389279963268,1.0037952238289298,1.0025881574844375,1.0001869252107272,0.9999379275098639,0.9942868639213016,0.9942061465234253,0.9951817070987193,0.9981085522157781
164,2900750000,0.999881638919954,0.9947451721687793,0.9998131733427223,1.0027467505496401,0.9969439753929367,1.0023742987611366,0.9954897486576193,0.999640745908115,1.0053831622969742,1.003953321817133,1.001663357211603,0.9964850673878138,1.0019422479034807,0.9968071165336514,1.0069702791732662,1.004141850918852,0.992121407468035,1.0056523300336715,0.9972224709661565,0.9976594467840111,0.9960280168426295,1.000443533869118,0.9988292038577711,0.9977411821024225,1.002381378863762,1.0047005273266125,0.998731809382597,1.0038845783522024,0.9970204378679751,0.9993876594939849,1.0005142899767216,0.9960212788428466,0.9961636549050337,0.9964849746172613,0.9980462291955818,0.9939502559589892,1.0031409673808522,0.9977328048746551,1.0019169954084572,0.9979046327289554,0.9987153791342763,0.997833537146325,1.0013965117286843,0.999705231835962,1.000464044763445,1.001642516505789,0.9966880613554877,0.9918667530958556,0.997955417965156,0.9983787428718622
165,2901300000,0.9942775794683024,1.0063515093043212,0.9959125800877492,1.0030043097039971,1.0028878734860656,0.9984617278011724,1.0058863606102926,0.9906283116029059,1.005663973998766,0.9993220139036626,0.9959471216234664,1.0030668118752917,0.9945799662949143,1.0035452637738538,0.9941500030274677,1.0061367986549383,1.0024970616080477,0.9991836695703148,0.9945371912379236,0.9993273484186407,1.0007424234277447,1.0002450172406152,0.9997488536351766,0.9977789062638216,0.9995532614248702,1.0007324476228752,1.0006445574982028,0.9912686726431641,1.0030827993335132,1.0014279976221763,1.001274142802996,1.00384832458315,0.9995869164109958,1.0026947290984933,0.9990083247382362,1.0063240091579324,1.0025288368020373,1.0023340428906806,0.9974401425051103,0.9988852740123765,0.9982509867446785,0.9963797404718246,0.9967621348548309,1.0071846558359725,0.9977626406876448,1.0048749194381374,0.9944127611494185,0.9993996062438707,0.9993332087361064,0.9992218443874721
166,2901850000,1.0024263434661067,0.9976605600254103,1.003089087396696,0.9936538153913596,0.996006947494924,0.9976595074367396,1.0034062121999487,0.9968820600872075,1.0054956816875615,0.9918986697901868,0.9981644552976626,0.9971486392526834,1.0076650030067698,0.9957324602088862,0.9960947492593872,0.9991460266912691,0.998965300833252,1.006254607602846,0.9964243531340631,1.0087180494237717,1.0057423577842983,1.0002699581626613,1.005445888339897,0.9995352881956171,0.9966324598633491,1.000580810071306,1.0060779581655264,1.006276392878683,0.9930540794202324,0.9962097836979289,0.9980742251851629,0.9977381165067194,0.996744305291351,0.9978552862146276,1.003995434976171,0.9933148466522373,0.9962211601501537,0.9998566100578369,1.0016373000319958,1.0039700819041009,0.9963617159686089,0.9999942590761759,0.9982550464309116,1.0119482989513948,0.9970128019203384,0.9990326511763076,1.001199901021092,1.0017679254756222,1.0011605418508003,0.9965908367178256
167,2902400000,0.9984420519674088,0.9975066686947979,0.9956607512873911,0.9974435527937973,1.0015633449050925,1.002782715426566,1.0010064862037564,0.9944603404639389,1.0020408833386072,1.000008494898057,1.0007125124060723,0.9966702788514611,0.99550208611367,1.002109026684512,1.0023867006081018,1.0030267476790389,0.9969474894986762,0.9955014415846659,0.9954966647218496,0.9994709709811422,0.9987377551377279,0.9958800184787383,0.9933372623924426,0.9983598360718301,1.0048567284859926,1.001378350824379,0.9983958926887414,1.0035042817991184,1.0041797236052836,0.9894742618993826,1.0072150843440049,1.0013456042773097,1.0023744462281512,1.0015647905107021,1.0004338090861329,0.996961767075542,0.9951038507855758,0.9919000059937154,1.0035272786083405,1.0022180262790041,0.997349197671185,0.9987397871819994,0.9942438888840522,1.0009810375522792,1.004531450838806,0.9964272488838016,0.9980363991427708,0.9933804449613423,0.9987867076780175,1.0006598030461031
168,2902950000,0.9935094995102114,1.002270256718209,0.9983849938420951,1.0067956242003246,1.0025803397766155,1.0036283536646606,0.9942513085540685,1.0047008235797978,1.0016921850595049,0.9989235615004031,1.002642992939654,0.9940102369962648,1.006165618772932,0.9946140877628055,0.9950737284737797,1.0013334509744514,0.9995245315670201,0.9993941945856274,0.9985520333651577,1.0036476562592165,0.9995810889401067,0.9978854849895451,0.9988735797393234,1.0002643964519622,1.002163510637026,1.0016853582450345,1.0001053627569298,1.0038485179521996,0.9983476294677383,1.0033333314914743,1.0052969545178905,0.996436372551956,0.9985690014500399,0.9935001602470719,0.9984612136013722,0.9986062073751306,0.9952816030276712,1.0019324806193122,1.0013371162674327,1.00343452780496,1.0019647821591553,1.0036864417754996,1.0053355485834115,0.9917590544223501,0.9987476906090488,1.006879176552068,1.0014546909887616,0.9992154664281372,0.9993152674584215,0.989513620988404
169,2903500000,1.0033166739936814,1.0066320519939853,0.9943167212919655,1.0014870519379482,1.0072411905127798,1.004949311451981,1.0057966273311487,1.0044249967955923,0.9961564618429241,0.9966401313323304,1.0009869494180443,0.9981126769504095,1.004483959950127,0.9947893866116678,1.002592971286394,0.9960197754700285,1.004539029661456,1.0040898395411102,0.9994554249924699,1.001617627049066,1.0044890997389377,0.9957954925768122,1.000456963453165,0.9957910340507212,0.9962515169202958,1.0005153308476402,1.003272052676554,1.0007974049149524,0.9996361214640506,0.9987754683109139,1.0059466189455992,0.9954968977915912,0.9954412160227556,1.000929972730235,0.9984066817596184,0.9964449497310398,1.0043613278499683,1.0008156800513246,0.9982861441897968,1.0045335172679497,0.9951432148294341,1.0023771227576515,1.000941731794261,1.0034541193955528,0.9961498616222401,1.0047023219195264,1.0006226595636671,0.998000012392719,1.0132277020615021,1.001880705488308
170,2904050000,1.0003735278667372,0.9964992041989306,0.9934291285378223,1.0032245266754276,1.0059733523629137,1.0013001814390985,0.9971128767685838,0.9974913135932907,1.004167884563342,0.9988066929802395,1.0034658665842662,0.9999880409481338,1.0008803189145001,0.9957755898971913,0.990679608882423,1.000189812881564,0.9996929468051686,0.9957568737986056,1.000905222590817,1.0072105048762305,0.9971456931851985,0.9996483297201373,0.9995618244477817,0.9977621416102985,1.0007933073549058,0.9993113633134669,0.9987826832962042,1.0009728240592377,0.9997119771098013,1.0054680637653983,1.001001870963566,1.0057236455957725,1.0094022107065184,1.004493386557874,0.99933049012594,1.00362969703637,0.9994382546423477,0.9976409342002776,0.9935138679365191,0.9996043531715443,1.002593356093903,0.9985631176064833,1.0003962686776096,1.0053549641465007,1.0038039923185518,1.008439091838653,1.005914881962329,1.0012171436871813,1.003544555677643,0.9976054922628378
171,2904600000,0.9976713474880656,0.9971425780175269,1.0027796892936565,0.9999047939532971,1.0024134393121276,0.9999249072564649,0.9956270092320372,0.9994967862941118,1.0012889781054568,1.0043727068301178,1.0007839623862684,0.9957213869865067,1.0029058090200607,1.0062205577962218,0.9992551192811865,1.0003282157208087,1.0014152224520665,0.9991719977190722,0.999631238910697,1.0064555360547247,0.9977870376479834,1.0000646519210168,0.9967537009787247,0.9953904688649406,1.0068115965377764,0.9998343728555185,0.9970638192496645,0.9993572850215188,0.9951619566832373,1.003351849103383,1.001540203343097,0.9950455019248258,0.9949457548732222,1.0017565636663228,1.0020805545030966,0.9996142713584483,1.0003765616955231,0.9995112809122758,1.0043950800665247,1.003938672173659,1.0024326048164653,0.9941536131796881,1.001085688017557,1.0058728085876532,0.9986090258689592,0.9973967223784242,1.0007740021544713,0.9992553752149217,0.9943417221739299,1.0007947671298154
172,2905150000,1.0011334732102772,0.9990949495615723,1.0032803320686574,0.9955851234456833,0.9969807394884493,0.9978546406760627,1.0045688282223748,0.9989247419637959,0.9932168918743923,1.001868648058798,0.9965893114319663,1.0009154171368804,0.999638874463177,1.010102259508834,1.0017020514358723,1.0003776294676276,0.9987391102445646,0.9965797645959563,0.9994391257368369,0.9956395646303555,0.996590692098201,1.0003462449856166,0.9976657241401714,0.9953083229384642,1.0088362946307516,0.9957207161788637,1.0008429475927538,1.0015783203359758,1.0026979589678293,0.9973300473251009,1.000871969983791,1.006056389780416,1.0030934800725695,0.9946573077836117,1.0023261114120872,0.9983631264600312,0.9992291634844919,0.9948880125403702,1.0006631379642699,0.9940896361340806,0.9969708193087671,0.9989981241662825,0.9996812410799087,0.9963107744947441,0.9949894947764274,1.008787351405355,0.9943560869837904,1.004323253323635,0.9969112795348379,1.0062875379546823
173,2905700000,0.998849961537007,0.9951698736089727,0.9983219535408486,0.9999258607593465,1.0021503579955802,1.0008372407780766,1.0020097343607492,1.0087389729965095,0.9945696899621517,1.002183258500725,0.9977512499800898,0.9988694410984646,1.0030219012136112,0.9893242331954845,1.003239771758049,1.0012115754972286,1.0079765913978056,1.0016368696041835,0.9992894327269983,0.9990224392605841,0.9999871565057178,0.9977045402303887,1.0018109350467492,1.0005738503126307,0.9982677392543432,1.0093524081586598,1.003823806452224,1.0045877025014627,0.9972309059346987,0.9946944124639266,1.0000055660473604,0.9954556978792665,0.9991268251833639,0.9996226464591288,1.004077124447106,1.0050281264682572,0.9962154994500153,1.0006102180248224,1.0013843520671677,1.0000007662770178,0.9950473159548513,1.0033059124001358,0.9978823742132594,0.9987856262299011,1.0000329424228378,1.000114844068893,0.9904766684454187,0.9982253419948411,0.9977418771625208,1.0058876593108885
174,2906250000,1.0023476900470072,0.9980728357209907,0.9974230975053967,0.9944357584959918,1.0014469321443464,0.9964511391762723,1.0030859317471177,0.9994114733167058,1.0011161377854574,0.9950569041095823,0.9935968287743508,0.9966989136628088,1.00012121700606,0.9995558116796621,1.0015844065438977,0.9989558335785398,1.0018504874605398,1.0021798845958012,0.9952676884024535,1.0051129981110194,1.004347989594966,0.9933377094573288,1.0056877606103087,1.0035356280728487,1.000891641760344,1.0010130193575113,0.9976712667104811,0.9976055564957063,1.0022515597286177,0.9962395291442929,1.004179294713968,1.0080284774270605,1.0031138702303946,1.000021191816886,0.9980485990971576,1.0038684552739368,1.0032470691905127,0.9955865054129955,1.0030146653750043,1.0005905973866933,1.0006908570160282,0.9972603251658256,0.9953326038982144,0.9880599007395015,0.9987387600084229,1.003744502285195,0.997239617080372,0.9994780961360679,1.0015813087844538,0.9949267676035741
175,2906800000,0.9935034478780831,1.0040399724474347,0.9942392772072247,0.9984697143810426,0.9994556818670262,1.0024805094295623,1.002197074307118,0.9959247524282507,0.9944796630182385,1.0054627174547701,1.0000019869994263,0.9991363294001049,1.0034329631076013,0.9941006099819275,1.006287887467337,1.0046481116025816,1.0047091079322474,0.996891008019387,1.0015550500734294,1.0021437146887522,1.0013780041677653,0.9986715554933374,1.0026939913187585,1.002752153003331,1.001720249337046,0.9977134263174208,0.9995696973796838,1.0017796894026885,0.9987871486126841,1.011505574417064,0.994396083886735,1.0046875262588588,0.9965684666361494,0.9945570869363392,1.0008342730089987,1.0060220354437517,0.9996701683702908,1.004145561103184,1.0003588223496105,1.0039375558242118,0.9982323494422077,1.0048039527419756,1.0041888521455211,0.9951441313085815,0.9977508907849056,1.0010721250465713,0.9954267395021087,1.002047217938701,0.9993878698173746,0.9999659312574646
176,2907350000,1.0004320416194552,0.9931786756096171,0.9973737233037044,1.0021941236870169,0.9955433625639102,1.0021161571879778,0.9983988859017513,0.9953291626690234,0.993066789155016,0.9999665634508083,1.0033226095277827,1.0018108879960643,0.9986719146897313,1.001859091115007,1.0006719675981048,1.009011812138702,1.0051400562513084,0.9985107805320942,0.9986920045586278,1.0109040535244262,0.9969273851809163,1.0010542850065927,1.0034752135603096,0.9996123777038743,1.003053093445916,0.9970063691928209,1.00067681970001,1.0041552914872944,1.000064910785969,0.9972096523262072,1.0048900687084477,1.0012751064889667,1.001127829234393,0.9947562952805379,1.001245900265612,0.9957456135077226,0.9978709807699832,0.9976962332010445,0.9957471096557312,1.0002706155652406,1.0063177208603487,0.9978158220969519,0.9994614108446662,0.9992256615201746,1.0002717973822615,1.0009768980255316,0.9907742060325768,0.9963967688328212,1.001564630139107,0.9991280659690869
177,2907900000,1.0039541030483177,1.0077567162636334,1.0035409278115077,0.9983722046942871,1.00430638481926,1.0058858053237572,0.9928096315824277,1.001080928601518,1.0018621389094189,1.0060655039596256,0.9975477917455768,0.9996767667616714,0.9963909951068712,1.0020879045084707,1.006252826074739,1.0026966376749435,0.9953937739964581,0.9998436935964536,1.0008020028418751,0.9963427647816762,0.9947906311367044,1.0000410708037801,1.0012253668983169,1.0015646536199492,0.9982963958368737,0.9996214507741571,1.0117384280345803,0.9979215701507719,0.9972054266629415,0.9982824544198813,1.001585429120085,1.0053029222275172,1.005601613773307,1.005624760980957,1.007918096479512,1.0018980984442072,1.003343089738995,1.0009563200450904,1.001655883995623,1.003698278534669,1.0042135137498776,1.000453621919859,0.9979056141716564,0.9938580565575652,1.00243555570715,1.0047944936177318,1.0023905599881764,0.9958455877706892,0.996345426357684,0.9953257544718019
178,2908450000,1.0000857387029516,0.9929132116952787,0.9959646880247712,0.9959455845816124,1.0016327375013578,0.9929636824960173,0.9942422808862975,0.9949468064125104,1.001832997446374,0.9964724495269067,0.9974901301415885,0.9950989185465504,1.0023603959708498,0.9995850485286248,0.9968203919818365,0.9935758546858038,1.0049971015258832,0.9980289631186492,0.9973332320876286,1.0011391206417526,0.9978423957433711,0.9938852012556213,0.9990732707455022,1.0063007243459139,0.9967109006196616,1.0004808570120336,0.9985851915655167,1.0035951865305162,0.9961666494378824,0.9980290199031903,1.0030530374710613,0.992213002519846,1.0017805383929184,0.9999228845027562,1.0009325156631037,0.9930138614131768,0.9959397724262281,1.0021557856390617,0.9913596386179928,0.998939771598771,1.0032763512037177,0.9966806292889112,1.002631006298712,1.00488298422657,1.0016198338686997,1.0021817298911877,1.0003063866220145,0.9975119502112036,1.004085475855262,0.9926894991448373
179,2909000000,0.9959353964984656,0.9969713197668423,0.9964395928660496,1.0008706409581367,1.0046810319093498,0.9951978449687885,1.0028159762046565,1.0020992426331428,0.9996870588246924,0.9996863142198101,1.008393098530897,0.9966454086692197,0.9982200218218964,0.9993540789839592,1.0089485025104448,1.001121062834366,0.9970017830809547,0.9906515818013256,0.9943747610680854,0.9949126455553366,1.0036430166690864,1.0004436424350944,1.0010603116602286,1.0036788029830404,0.996487953439819,1.0029408710454173,0.9967294394199399,1.001130920476768,0.9946898028431809,0.9975076755359167,1.0016099580439515,1.0011358369880345,0.991971981187665,0.9933454163642657,0.9974782780059245,1.0025208923648021,0.9988461944311442,0.9993778882128931,1.001243930891885,0.9991199909429316,1.006276648577512,0.9977054325757823,0.9973856441920667,0.9898739839714776,1.005174105049759,1.0024574235277122,0.9998798799181626,0.9999085339433983,1.003380883211483,0.9974166987844615
180,2909550000,0.9965152282425432,1.0006216983448095,1.0084485873115996,1.006015986473101,0.9957145718101138,0.9967446710316978,1.0040980506601045,0.9954347768762714,0.9987526789114078,1.0013697486530526,1.0030915823597022,0.9994140013132877,1.0026528056175747,0.9966261705151513,0.9991468992105031,0.9932990887925202,1.00036144446628,1.0058746709228148,0.9972687616887684,0.9972188710363031,0.9954516486966734,0.9984025531340776,1.0027087238245938,1.000558386621093,1.0020782585446946,1.0013771551969817,0.9976172082293279,1.002608565515076,1.0017465408726367,0.9977251193233581,0.9994470052737978,1.0021175330921148,1.0032304365520874,1.0018184512650607,1.0024492608338664,1.0004071359695716,0.9962707579801009,0.9959530870301146,0.9937723856913477,0.9998691574330206,1.0058154319404922,0.9967763532936104,1.001039632380682,1.001918913550967,1.0001297742216793,1.0021682553282765,0.9938620277995203,0.9955244925389236,0.9986573705637727,1.0000301531459501
181,2910100000,0.9913145181227577,0.9923842303637003,0.9989307476075083,1.0012534404638072,1.004380092632996,0.9998753051217352,1.0041160576557127,1.0037214746780192,0.9930390326589401,0.9997132609882796,0.9946555691522253,1.0008153091025276,1.0040000700894194,0.9970305133546586,1.0001975673660657,0.9992112162019349,0.9944226469250687,1.0001194783967882,1.0072002385789929,1.0008252350232107,0.9929118707250442,0.9921592128977129,0.9971766860714867,1.0064540655501528,0.9998724337195262,1.0032976097204933,1.0040004281940298,1.0003640058377599,0.9970411797825731,1.0002364163051263,0.9962404154977259,0.9963840057557003,0.9969062589779325,0.9993850904782878,0.9966194471108929,0.9990312295941982,0.999486684137808,1.0022067753833528,1.0004897244537492,1.0053676641919451,1.0015317554354715,0.9955860589302062,0.9936803160707685,0.9933779116893443,0.9970172820873984,0.9922911818006662,1.0007097812491188,1.0045693306547097,1.003296010680192,0.9980112498297419
182,2910650000,0.998769273056577,1.001832699338436,0.9994212331026248,1.0019419679679584,1.003597685371186,1.0018211129227488,1.00071647952684,0.9997580260936055,1.0065592325185635,1.0022240276464252,1.001581638139891,0.9971586837791667,0.9995747140921452,0.9953629881957959,1.0034464313437395,1.0052856977723081,0.9999488698752489,1.0017799916131112,0.9967628475797321,0.9918789776374439,0.9947275704329946,1.0035136436796117,1.0002944732033006,0.9961042658288402,1.0042649642293084,1.0048965605487827,0.9957368066580908,0.9991066827080324,1.0006631687793297,1.0014271976051063,0.9963243993989778,1.0024973092288454,1.0024517102442358,0.9995508438445444,1.0009479895858917,1.0020241925431619,0.9995327479256876,1.0050266668866685,0.9945224943346297,0.998196973092609,1.0078704210358864,0.9980900687915457,0.9951028563980703,1.005539785283825,0.9926323523798765,0.9989014707291064,1.0024830482366196,0.9981062827458533,1.0023259931635753,1.0007181719385492
183,2911200000,1.0017302363801355,0.9997501722400681,0.9965076121445857,0.999653993145171,0.995784831192904,0.9945176742858225,0.9942100177297243,1.0035478416588146,1.00217672269621,0.9938440150807869,0.9942078550084323,0.9958283264554333,1.0007600915066184,1.0001667792176763,0.9984963333905655,0.9954516025734812,0.9995372229280338,1.0011015933674876,0.9979645327080513,0.9998079959293813,0.999809460913663,1.0004015892164688,0.9950624471871318,1.0010484386207843,1.0005060503514547,1.0006713097418025,1.0033636958908965,0.9979462280548662,1.00187191067904,0.9974933197139376,0.9947810323650595,0.9966613192447404,1.0011744820483146,0.998369194618516,1.0033592276704824,0.9998355283491126,1.0033665143428376,0.99725925640381,0.9955082293517715,1.001629913389803,1.0047238311795659,1.00055106350631,0.9995656746493435,1.0062324724067115,1.0000087270206444,1.0039977763357661,1.003495252156117,0.998824136832374,1.0066187056631088,1.0029160057380646
184,2911750000,0.989223909766923,0.9981234984848523,1.002496503471298,0.9965713286968187,1.0057513782602576,0.9975305439947316,1.0004462647308474,0.9998937887768016,0.9903837505526496,1.0054817267935305,1.0000061246832272,0.9987485938995952,1.003117524761398,1.0026915022395493,1.0024636966954652,0.995889370574414,1.00230987065306,1.0023767173202354,0.9985540414814396,1.0015101665417576,1.0066755942946952,0.9963468790366558,0.9966319374364045,0.9992118237419327,0.9976018613632232,0.9907274774336219,1.0033424497873316,0.9966849885490843,1.0010713715431725,0.9934737511097502,1.0042838682569006,1.000693137255549,0.9978256404667045,1.0007573895125785,1.0031288197902315,1.0059022418374826,1.0007967118880168,0.9984371351768486,0.9930222519822346,1.0003690067831292,0.9953416474819841,1.0006541222243255,0.9994079384330036,0.9993224642716403,0.9950647855444127,0.9916356902307809,1.0019979835470814,1.0016251300859587,1.0006874519019688,0.9935967854276494
185,2912300000,1.003652601139858,0.9984360128664871,0.9911616382955097,0.9920358363272157,0.995802928888091,1.0012895318079007,1.00319460963245,0.9957201577385655,1.0058790927921883,0.9993795125180822,0.9988734117457914,0.9933920498705149,0.9940321506570512,1.0018663702561528,0.9991068260803884,0.9954316933314283,0.9976015343854553,1.0059420619095738,1.0005286476015074,0.9978522147628227,1.001835655690165,1.0027837872986416,1.0008111366783041,1.0015860135684609,0.9953728903907153,0.9922349881286127,1.0031728096001586,0.9926357201574434,1.0084437894219016,1.0000033354923537,0.9952980943669593,1.001773050443949,0.9982969076350519,0.9970584402892697,1.0089517508838182,1.0010946696730711,1.0027010137336274,1.0020599144998108,1.0045198745773958,1.005799600631164,1.0046756155536183,1.0008911699273813,0.9931748334002386,1.0010421318009628,1.00475453134923,1.006280483260106,1.0004975716149636,0.9994981999764969,1.0021345975419162,1.002204131231907
186,2912850000,0.9961779622424872,0.9995172320481267,0.9962153536364559,1.0049300205305125,1.00036838218444,0.9984870102199875,1.0020030706432612,0.9978920366807543,0.9960129232332867,0.9960262235716828,0.9993378019216869,0.9985563961965466,0.9934835543313085,0.998248044603785,1.0019820349832174,0.9967093219776124,0.9953108383979181,0.9971351606075121,1.0012879655548286,1.0050944759346998,0.9971743429648666,1.002086141657429,1.00126944578347,1.0052495741986602,1.0034443437177518,0.9944744243139743,0.9974794098199742,0.9994127985868989,0.995583973146406,1.00634058717582,1.00157275461224,0.9984140981873868,0.9948241411478538,1.0041998243237087,0.997967484189382,1.0029041830419498,0.9965130072482535,0.9988421696738847,1.0041371818120544,0.993924463515458,0.9951422463525236,0.995827020399443,0.9985261688130657,1.0003778289206278,1.000575961405446,1.0028771710472835,1.002934197807639,0.9971092958475697,1.0052107562959007,0.9998388832960938
187,2913400000,1.0038733787169662,0.9988601008017556,0.9928409452551734,1.0002439238173264,0.9935843659815198,1.0057097771788117,0.9951608069474409,1.0016819383144322,1.0018899190645045,0.9977450825712469,1.0065312378226547,1.0048172352999372,0.997273186754261,0.9971761627438861,1.0040501795094183,0.9943103146168746,0.9989733055187486,1.0086460136101836,1.0055170599457806,1.0007681659377563,0.9986072423182781,1.0022333599483149,1.0033674878257874,0.9918503490323144,0.9965856882461159,1.0025733449250542,1.0000590314367672,0.9979603287898577,1.0054342193109058,1.0013651619729709,0.9987561434221457,1.0030095252947822,0.9974773789557335,1.0000366783493397,1.0022230702640254,0.9990835057219504,0.9941074252195988,1.003463469985345,1.0057697671246286,1.0006569958969571,1.0011345973849786,0.9981089404334883,0.9963873919609476,0.9984349530291969,1.0000552754191439,0.999750356808371,0.9942472951728692,1.007527806267356,0.9982871726855953,0.9954248191341319
188,2913950000,1.0076302246714357,0.9994544129345839,0.9988185438109821,0.9994530361274239,1.0038591325111101,0.9976698140715528,1.008112834950836,0.9974009186801431,1.002992560436957,1.0045736794202058,0.9949671976061846,0.9985076258072103,0.9974451149001906,0.9970160176129681,1.0038280215648203,1.0038926885530057,0.9981595304685811,0.9941707185868363,1.0010707308676623,0.9988982430460918,0.9985638807690275,0.9944072574805195,0.9971808055479521,1.0022652649253991,0.996219165667898,0.9975595120362917,0.9946914354684788,0.9958612339711496,1.0049880905767459,1.0052087823298828,1.0035436324555311,1.001036696765068,0.9922304127310179,1.005223613127804,0.994231388957925,1.0049546346124303,1.0033682992785755,0.9997023753214507,1.0066472550247887,1.005037191305045,0.9974405412652455,1.000961247580647,1.0020637331562496,0.9997631806721409,0.9995694717121905,0.9974254762049917,1.001967212695911,0.99609473813528,1.0025528634348402,0.9961930805367067
189,2914500000,0.9996633953446916,0.9921168850197619,0.9962139383126138,0.9937578674109684,0.9982374615195074,0.9913492632150757,0.9979816628778444,1.0008569461072934,0.9960259340679658,0.99889076526968,1.0057525392932571,0.998018850396956,1.0046764275051898,0.9937462599963607,0.9957836929105067,0.9998543135936622,1.0018752799496624,1.003537155165281,1.0063005827153535,1.004643262814852,1.0000942975585323,0.9945299693992787,0.9985042908155287,0.9995360214367924,0.993338946016455,0.9945216931786092,0.9971836982819904,1.003982028873462,0.9958961101046825,0.9994979630692395,1.004960206731754,0.9983206466055892,0.9947758454929608,0.9998722209895455,1.002789842244905,1.003825108632853,1.0002157057824588,0.9997144792121214,0.9972796177012033,1.000886657489437,0.9968585642113623,0.9950843508798674,0.9942281344716997,0.9969457255675487,1.0005059225910184,1.0012438917491515,1.0000449424914069,1.005213321115956,0.9984175941107368,0.9989748799093333
190,2915050000,1.0036903732763323,1.001571986721408,0.9996914331796095,1.0028151786114443,0.9990253287644353,1.0051608829708902,0.9940962780655459,0.9986250650149479,0.9988027058970638,1.00428842179032,0.9982596945701401,1.0034178824297737,0.9979525088067092,0.9960764705782273,0.998833012102801,0.9975628263992192,0.9994167472836125,0.9966037908127844,0.9992883763604217,1.0085648785193844,0.9997305474257764,1.0053285170635065,1.0009451658202526,0.9997329109917709,1.0048354220532942,0.9930775182100919,0.9988256804143099,0.9978973389785021,0.9993810984682066,0.9947229552472548,0.9916594609352665,0.9982960158046873,0.9966546463643612,0.9976850133379692,0.9986672896845039,1.00031506630921,1.0021184444758728,1.0101719162602631,0.9999547808394055,0.9950242131357807,1.0002547659010508,0.999708147064022,0.9995695759446632,1.0022342239939575,0.9969929534769293,1.0018040490241893,1.0015393662214795,1.005246063753785,1.0035047330194595,1.005064231777904
191,2915600000,0.9935866195194701,0.9975633437544873,0.9974214609652327,0.9946281666187319,1.0031735122488197,1.0004511439774455,0.9909604955905774,0.9978897290042924,0.9988328731406483,1.0011942312791098,1.0051732490333354,1.0039833262337856,0.9986542457158424,1.0068740722629814,1.0033916273905974,0.9988185099900643,0.9940891391461567,1.0013108877301657,0.989436735277423,0.9998182463552554,1.0021097143088067,0.9980536628709432,1.001759586106189,1.0001833670664104,1.0041992931344044,0.9983426847407866,1.0008342333600382,1.0000672450802832,1.0021812927048117,0.997480586227626,0.9964377845658311,1.000692636055252,0.9943516625774027,0.9980142618495305,1.0028703980519447,1.0037738458074768,0.9982480936315451,0.9990094893304614,0.9973887777250431,0.9950992537943092,1.0030989809864617,0.998573977739021,1.002191990171091,1.0003864535314524,1.0048023545142812,1.0057443090976612,0.9977461879520877,1.0022187830891391,0.9947156789047783,1.002102768058489
192,2916150000,1.0007881301487138,1.0042204231634304,0.9921065037547175,0.9980516653200798,1.0033257148050492,1.004268474048688,1.0035807197965716,1.0000224083487705,0.9999463195811312,0.9958868098957165,1.0040089957059888,0.9990415747493883,1.0017805038751157,0.9946523894550489,1.0030679151976913,0.9945764603751829,1.0044778069562494,1.0018852626781922,1.0019751973491184,1.0014596796395148,0.9983270073224341,1.000361352691242,1.0029533495457557,1.0054097096789398,1.0012892143355703,1.0014815483052055,0.9965660629302358,0.9931208484778475,1.0024570737183118,0.9972120645053135,0.9955202950124993,0.9937124304505888,0.9915836084614325,1.0006727610303388,0.9973005725356242,1.001868243170665,1.0044379150377616,0.9895950952425352,0.9996786338969934,1.0007161627865615,1.0025011578621905,0.9938394778767721,1.003507581525232,1.0008392834356623,1.0009897754641315,0.999554613879474,1.0020775368219352,1.0018958354547636,1.0028215391764477,1.0041817365357595
193,2916700000,1.0066888787570145,1.0022904753165855,0.997231862973622,0.9974855246220933,0.9946933322668059,1.0007265426721121,1.0041184394318514,1.001197832539143,1.001763383295485,1.0027558947509305,1.000673372031442,1.009413323733379,1.0002389348247709,0.993184557697953,0.9854160011991611,1.0005504825364566,0.996215858150817,0.9917477563617046,1.002297913252271,1.0020667480517693,0.9965883528200854,0.9995501625945945,0.9979599699422766,1.0049352861052083,0.9903068554376797,0.9957763594132313,0.9993368002441361,0.9990042742215093,0.9983434848568353,1.0028204638860634,0.998528192741309,1.0012028076331423,1.001204460369226,0.9949398369612681,0.993173720558625,0.9945684463795773,1.0044615612548533,1.0013194146544522,0.9977573671498899,1.004636970668654,0.9989542327086679,0.9992549278792398,1.000895666657439,0.998640771466536,0.9999796530371241,1.0009300819506344,1.0038691989213133,1.0045909415029912,1.0019368114042355,0.9982873586434382
194,2917250000,0.9985743434730816,1.0031068535130314,1.0011177134440536,1.0036868639093388,1.0007188469079005,0.9999937034226353,1.0065273644217445,0.9985456177250371,1.0017555930489688,0.996558203826715,0.995229831248246,1.0019253474016843,0.9962113564958979,0.9995742011890364,1.0025544222409386,0.9993034639143838,0.9991539762656241,1.0008431050728726,0.9926132076758667,0.9991771868318482,1.003220138510163,0.9975788066686805,1.0037176301320576,0.9999482180512693,0.9927674666285505,0.9932159749508338,0.9966411505060055,0.997514465056551,0.993922269273565,0.9995496915272141,0.9962082304703793,0.993913683358704,0.9983086093517124,0.998676383382269,0.9924802775722025,0.9999746209520147,0.9997470726378108,1.0029355327577925,0.9987638978345124,1.0002150227001811,1.0017789547596951,0.9989121067846642,0.9914676414105822,0.9949634373517391,1.0016195635915957,0.9962413015074778,1.007044017636147,1.0056777580961926,0.9993408161744798,1.0017349767540833
195,2917800000,0.9994958592829732,0.9940478766477907,0.9983120917331643,0.9915803738826292,0.9990522786044705,0.9986538083066129,0.9974184414530003,0.992454045927253,0.9948811301808548,1.0025565281283533,1.001266151005991,1.0049339756187985,0.9887795400839231,1.0025384856274038,1.0072992127582843,1.001562603149447,1.0044517732790268,1.0036309821700364,0.9988505947685716,0.9982362541569489,1.0025079085127917,1.0006333408457275,0.9996530153264408,0.9923706054847139,0.9957766494888936,0.9970378255649074,0.9976248123446627,1.0027448084357764,1.004975735251489,0.9971595507454495,0.9962480432752217,0.9946007134971275,0.9985352425053036,0.9964242995126904,1.0015648569685978,1.0018020302321018,1.0043263149918995,0.9997301923041662,0.9931805409226447,0.9951485792221578,1.0027010660078264,1.0168267405874791,0.9973578192399323,0.9973957729525842,1.0017581463661398,1.0009320222314564,0.9974214928404529,0.9973617401915263,0.9977083417042406,1.0015688055735332
196,2918350000,1.0021123097390694,0.9972077630618656,0.9941365685692839,1.000611153763253,1.0039006931810237,0.9922750416035149,0.998591974792419,0.9967869570939408,1.004431865858131,1.0034119498321488,1.0056252983861664,1.0045926531322622,1.0011316523197058,1.001346930298426,0.9961434427977982,0.9968998650308967,0.9955080567567228,0.9921193801421407,0.9983381641890178,1.005005639907834,0.9965672326591288,0.99972746640563,0.9967430165127763,1.0004452986223822,1.0022245475946148,0.9922485370151204,0.9942259860287365,0.9952614629343355,0.9974888749931956,1.005665707723131,1.0005669861799762,0.998574540487591,1.0039718326383444,1.0010937886877385,1.0028218051916546,0.9942894458364744,0.9972231288877457,0.9992347532548848,1.0041241920643271,1.0019230173756086,1.0016775749885278,1.0058321742155918,0.9996222804858473,0.9957423178573536,0.9989500698881008,0.9957578838494793,1.0013602464520568,0.9973450552708991,0.9972172353293653,0.9970588485984014
197,2918900000,1.0012492819714685,0.9945579488128379,1.0045574286046521,1.0013748229555037,1.000204506557412,0.9956214254263162,0.9988728806748486,1.0018924185665472,1.0008596804460275,1.0036863373067073,1.0026778289567115,0.9931458323890605,0.9929929588293496,0.9974526655784733,1.001169569731235,1.008679143255551,0.9984436079846946,0.9959104696293496,0.9995288044479073,0.99818748794694,1.0006449285552224,1.003301650830076,0.9924275431645533,0.9954641224375782,1.00135690844563,0.9964919910814289,1.0015178595404894,1.000826463119948,1.0053673186010914,0.9966205218239379,0.9977564394290513,0.9992505298450157,1.0062323437216303,0.995383109313672,0.9968739002164015,0.9962800190249319,1.001533630639834,1.0056170200534906,1.0050072908464596,0.9951736421038224,0.9976571022218762,1.0061459646959794,1.0000431220481079,1.0031929071401466,0.9986730115544351,0.9996719705450602,0.9982354080688203,0.9990461539634049,1.0019231936043247,0.9951645983782561
198,2919450000,1.0008207033059036,1.0064046366770318,1.0009369887155104,1.0003912712175775,0.9991008633686712,1.0005339513923122,0.995335053239273,1.0023613916375502,1.0061617686615576,0.9987202278849993,0.9998070743970501,1.0030912016577473,1.0015628081020442,0.9947148637229163,1.0032464522763758,1.0036096874915805,1.0070154726007834,0.9993834410239145,0.9994130585248183,1.0009832198480042,0.9939170020108056,1.0028179153018957,1.0000379533744614,0.9962262219311356,1.001749995493492,1.002857706418166,0.9990428468041745,1.0011386810066571,1.0011657718852045,0.9955026340898055,1.0006438759805012,0.9964785954567246,0.9972824514560137,1.0034554508542577,1.0024986535256468,0.9945573629561569,1.0030043721537665,0.9973875394011795,1.0022505832498203,1.0064675164932497,1.0044264388727886,1.0006586846882068,1.0014094870539447,1.007249351672513,1.0032366287089978,0.9975805121580165,0.9988229429038106,0.9945119042567143,1.001974392698589,0.9985428109143307
199,2920000000,0.9935858975557181,0.9973882712390597,0.9996124239705241,1.0011608082968761,1.0045568902309454,1.0027421257197071,0.9934331043772293,1.0001692983601798,1.0065913935827406,0.9970556764861546,1.003245426327183,0.9952372467661803,1.0033118950653444,0.9976093716237531,1.0045691578233609,0.9949004687008528,1.0000517249466327,0.9975897152367315,0.9980757943642948,1.0030636720726465,0.9944768994266165,0.999579862387094,0.9966852355135709,0.9999196422463819,0.9951310391469184,0.9977854108015126,0.997939210900722,0.9945337762929345,0.999753551435752,1.0021930474735659,0.9943869221629128,1.0012125482954233,1.0029232056107595,1.000859182051781,0.9989677744125199,1.002440420466448,1.00235636942779,1.0041111629467157,1.0003360331055748,1.0025076262984527,0.9958786926523194,1.0005986433271319,0.9985147153818724,1.0016219827805926,1.002926346326938,1.0011980270203498,0.9989080165690807,0.9992024220930259,1.001670159649745,1.0078547948422343
