,0.0,1708817831.0,1708826980.0,1708827906.0,1708828822.0,1708829738.0,1708830654.0,1708831570.0,1708832486.0,1708833402.0,1708834318.0,1708835234.0,1708836149.0,1708837065.0,1708837981.0,1708838897.0,1708839813.0,1708840729.0,1708841645.0,1708842567.0,1708843483.0,1708844399.0,1708845315.0,1708846231.0,1708847147.0,1708848063.0,1708848979.0,1708849894.0,1708850810.0,1708851726.0,1708852642.0,1708853558.0,1708854474.0,1708855390.0,1708856306.0,1708857223.0,1708858139.0,1708859055.0,1708859971.0,1708860887.0,1708861803.0,1708862719.0,1708863635.0,1708864551.0,1708865467.0,1708866383.0,1708867299.0,1708868214.0,1708869130.0,1708870046.0,1708870966.0,1708871882.0,1708872798.0,1708873714.0,1708874630.0,1708875546.0,1708876462.0,1708877378.0,1708878293.0,1708879209.0,1708880125.0,1708881041.0,1708881957.0,1708882873.0,1708883789.0,1708884705.0,1708885628.0,1708886544.0,1708887460.0,1708888376.0,1708889292.0,1708890208.0,1708891123.0,1708892039.0,1708892955.0,1708893871.0,1708894787.0,1708895703.0,1708896619.0,1708897535.0,1708898451.0,1708899367.0,1708900292.0,1708901208.0,1708902124.0,1708903040.0,1708903956.0,1708904872.0,1708905787.0,1708906703.0,1708907619.0,1708908535.0,1708909451.0,1708910367.0,1708911283.0,1708912199.0,1708913115.0,1708914031.0,1708914948.0,1708915864.0,1708916780.0,1708917695.0,1708918611.0,1708919527.0,1708920443.0,1708921359.0,1708922275.0,1708923191.0,1708924106.0,1708925022.0,1708925938.0,1708926854.0,1708927770.0,1708928686.0,1708929620.0,1708930536.0,1708931452.0,1708932367.0,1708933283.0,1708934199.0,1708935115.0,1708936031.0,1708936948.0,1708937864.0,1708938779.0,1708939695.0,1708940611.0,1708941527.0,1708942443.0,1708943365.0,1708944281.0,1708945197.0,1708946113.0,1708947029.0,1708947945.0,1708948861.0,1708949777.0,1708950693.0,1708951609.0,1708952525.0,1708953442.0,1708954358.0,1708955274.0,1708956190.0,1708957106.0,1708958023.0,1708958939.0,1708959855.0,1708960771.0,1708961688.0,1708962604.0,1708963520.0,1708964436.0,1708965352.0,1708966268.0,1708967184.0,1708968100.0,1708969016.0,1708969932.0,1708970847.0,1708971764.0,1708972684.0,1708973600.0,1708974516.0,1708975432.0,1708976348.0,1708977264.0,1708978180.0,1708979096.0,1708980012.0,1708980928.0,1708981844.0,1708982760.0,1708983675.0,1708984591.0,1708985507.0,1708986423.0,1708987340.0,1708988256.0,1708989172.0,1708990088.0,1708991004.0,1708991920.0,1708992836.0,1708993752.0,1708994668.0,1708995585.0,1708996501.0,1708997417.0,1708998333.0,1708999249.0,1709000165.0,1709001086.0,1709002002.0,1709002918.0
0,2811100000,0.9990805711685138,0.9882495556792945,1.0036940513009238,0.9931761319837576,0.9974759027404069,1.0038199258886042,1.0003327636815469,1.0089999484781536,1.002007366260877,0.992989449755666,0.9937609457912997,1.001463526037239,1.0017321693205234,1.0009713250731116,1.0028236819382264,1.008155927721708,0.995343158317999,0.9997501781358987,1.0036045644316152,1.0038748005572284,1.0016054988047043,0.996503680736225,1.0008855922173439,0.9954921176537302,1.0016019333611637,0.9977814632227517,1.0025844649515996,1.0003053547402307,0.9910216736529888,0.9992836587795547,1.001789973161554,0.9993537911702589,1.005783262991289,0.9964888134117573,0.9970969232612306,0.9990073420523549,0.9971331212967322,0.995897623599755,0.9979886340081625,0.9959597870216808,0.9966416307794088,1.0035024930209133,0.9954668047983009,1.0011509090562007,1.0017385893114321,0.9920464663606242,1.0003351637025868,0.9951708356486771,0.9952930154146455,0.993740038850783,0.9951076502069364,0.9980570445188408,0.9945439011447698,0.9974692025236465,1.0005988751907764,0.9941212118115695,1.0052118844888824,0.9915381900305223,1.005299295302902,1.0040302401175993,0.9945299613998217,1.0006492877206226,0.9938139848762195,1.0042105478714463,1.0006855450767271,0.9958421997024414,1.002566968955775,0.997124864797881,0.9983512642052621,1.0013026554812146,1.0008783056200858,0.9891750548991028,0.9977023970019714,0.9937411387017052,0.9977269617711508,0.9950607054629619,1.004360392091451,0.9992124791941333,1.0006279671889204,1.0043459666870904,1.0002156116919998,0.9967188264208464,0.9985203860743813,0.9990078077819419,1.0034106463348613,1.0064420311135378,0.9969230859727781,0.9949863072126814,0.9923788812661519,0.9977834240096956,1.0039255324608647,0.9980175877584396,0.9996131070654306,0.9941625966138216,1.001510942282755,0.9898274839070251,0.9998744140596283,1.001000974201497,0.9989421096255071,1.0021581156670465,0.9982838773389914,0.9996465927767179,0.9922957874733758,0.9978384699270738,0.9958475867575057,1.0008000501701855,0.9874158670219423,0.9956616011848225,1.0020763936051857,0.9994262743258536,1.001961011363767,0.9993053027189188,0.9983220584705932,1.0027203861125582,0.9998734095642235,1.001472687151515,0.9981775567312897,0.9985519091988272,1.0006859517284097,0.995842399793502,0.9960476882350046,0.9987163270682636,0.9999732746562175,0.9991934837511341,1.0015059406002116,0.9971127017801713,0.9940014298574419,1.001089424314953,0.9965057702009329,0.9998738528036045,1.00024349390404,0.9982136778947773,0.9989613178929826,0.9977668464433411,0.9965759154582701,1.0015345589358728,1.0016067422693575,0.9974189393848457,0.990354671420637,1.000455215387192,0.9950374711335813,0.9968556198149219,1.0056167321600213,1.004346258429916,0.9991786444474953,1.005453514720239,0.9959347880887219,1.0075044491156768,1.0001342847374135,0.9990994977830769,0.9951167594512464,1.0004955835078055,0.9928009406969643,1.0019593382771357,0.9999879298041016,1.000204599216731,1.0013282266119878,0.9945194862294776,1.001337766467611,0.9990231080644374,0.9965116235791471,1.000283916084767,0.9993573861851377,0.9978098728889057,1.0020160830354872,1.0024288440020035,1.0031965757008996,0.9981800834819283,0.9966079866938162,1.0050578570159425,0.9919765467401357,0.9974425615349423,1.004677674022961,0.9962579148223669,1.0024976730960713,1.0045018471717548,0.9986318085630305,0.9977993788708786,0.9962544299629355,0.9983256017384601,1.007117051192393,1.0043830316863789,0.9951348241408283,1.005362599816276,0.9955734702467103,0.9923291324029969,1.000684704958104,0.9952022687964666,0.9941606505180312,1.0005038429928967,1.0032420657925492,0.9962684656743865,0.9894580229115248,1.0048163792926843
1,2812200000,0.998190784264465,0.9950960039064067,0.994165680550237,0.9961577810027942,1.0056316094994786,1.005110810029447,0.9931991502644388,1.001054402591159,1.006670396408026,1.0050229338720038,0.9951554602739004,0.9999728976162106,1.0075303566863405,0.9974994066889403,1.0000205522301922,1.0002521942851363,1.0003269261050638,0.9970464752440023,0.9961009954453645,0.9929327757257848,1.002702828337797,1.0063944660987363,0.99297499388969,0.9971136697334686,1.0045144498967031,1.0024797087000712,0.9993325300833282,0.9946971605266662,0.9972748598896022,0.995448293133156,0.9990403319880128,0.9945815074005373,0.9943488703295571,0.9980174496872686,1.0030088543326383,1.0036503396605054,0.9954756303740475,0.9979021460153986,1.0024536577185295,0.9972430214383091,0.9946554398575906,0.9994768819881735,0.9986342525867083,0.9980505528800161,0.9983382689631779,0.9918957333637808,1.0019043674962338,0.996061399659744,1.003908752005176,1.0061670350583196,0.9969056505449632,0.9997882054028687,0.996726955287375,0.9934472757656307,1.0089606396080308,0.9986562384058016,0.9986084340754089,1.001153651363322,0.995324948282511,0.9998547489772011,1.0036723038746378,1.0032845396958066,1.0002804323761336,0.9992220005980863,0.9980627857761681,0.9979548290850856,0.9960346007215788,0.9918083448413304,0.9995727612043692,1.00145411450258,1.002391115589372,1.001227357414124,1.0023106937641917,0.9983504716173104,0.9911785606857866,0.9985247271530538,0.9957124233627898,0.9985059445910096,0.9988790411774697,0.9955883849599887,1.0003283606327442,1.0024948648475298,1.005556105660879,1.001219396602124,0.9926626721792711,0.9949315691527134,1.003869936860515,1.0007756404574062,0.9945356471985727,1.0003721673822745,0.9941611383787833,0.9971683084619805,0.9944171370504585,0.9980190804496158,0.9870775805511663,1.0038378927315679,0.9997242741981816,0.9908431215136384,1.00085121321135,0.9935828428427808,0.9935352452795488,1.009534564535525,0.9996317653451244,0.9995235431420683,0.9984700127646273,1.0028627024856578,1.0043903348464944,0.9955918365700632,0.994574358548797,0.9969977022764037,1.0026639431096152,0.9990432374245384,0.9980344534161628,1.0059025348318074,0.9969117031477639,0.998277311486297,1.000418060727611,0.9976136944630438,1.00164456588333,0.992846427719305,1.0044586932507888,1.000298095386388,0.9955526373608767,0.9960070322539336,1.0046972413822528,0.995780883778432,0.9977468760364976,1.0006370464714085,0.9922474543135094,1.0049033226383015,0.997409747093474,1.002688892572596,1.0004570259602283,0.9976786231871447,1.0027647647881313,1.0026773083111724,0.9974742123966273,0.9971486343910546,0.9999043154631855,1.0052743477604442,0.9970637461924808,0.994182511461015,0.9952679983043221,0.99986806460264,0.990872128415804,1.0002684986629047,0.9989440114421385,1.001451884256261,1.002211328707106,0.9944690727927578,1.0048925231239791,1.0003879017820458,1.002368070027832,1.0032292050501401,1.002965206523506,0.9947606840819909,0.9984559242275326,1.0004125471516851,0.9982605434877921,0.993904462982217,0.995268441438009,0.9933730520148141,1.0013696198751287,0.9967343546438678,0.998932473037054,1.002434640659568,0.9966600286568841,0.9987332310232976,0.9923521388221104,0.9900545369644006,0.9997485167952007,0.9987506130820201,1.0020158963092018,1.0012015686973474,0.9938968465303711,0.9982558648067413,0.9976303201897324,0.9992678195703905,0.9990287778119942,0.9953988637296507,0.9964044951852258,0.9997768969487382,0.9991657492691521,0.9950943446679242,0.9981568053864961,1.0001197100874828,0.9963835363580006,0.992180285418958,0.9968397080945659,1.0009872767277885,0.9999627490650381,1.00378116243742,1.0055014576267391,0.9954384164100362
2,2813300000,0.9991340852633174,1.0005081734147092,0.9989785196039886,1.007897070795218,0.9989448095590167,1.0006639754414388,0.9982825054011616,0.9953448696874955,0.9995867932266178,1.0041919361818838,0.9972573442434219,1.0031363158836102,0.9968363793646452,1.0013565451208197,0.9992010834710452,0.9917159660393945,1.0019546803780128,0.9991934091169741,0.996609153468504,0.9970047791023151,1.0014993222208823,1.0064594059832854,0.9980502334690203,1.0000457634912976,0.9971188987657849,0.9994629160562083,0.9969995726567292,1.002383600957227,0.9978237089069404,0.9958479499152652,1.00322253076146,1.005772286977371,1.0003827106881884,0.997325802997038,0.9937134936517992,1.0026227012601883,1.0002028594736554,0.9986011165457289,1.0018280538946474,0.9992749846453185,0.9964206852345431,0.9979476640593156,0.9977292050334979,1.0024252452833489,0.9969633800000697,1.0004166138628114,1.0003901146643455,0.9926439420640085,0.9950125683564669,0.9991379156201592,1.0058042795063558,0.9948323976057954,0.9970512243797605,0.9954607228350476,1.0025768281189016,1.003204799970708,0.9940419434899963,1.0016070814915696,0.9960728937181895,0.9982099318464552,0.9982650923212532,1.0055499052684835,0.9975526796508368,0.9972857126862489,0.9961762684589606,0.9984366396464677,0.9968811170412847,1.000099344416176,1.004955639638243,0.9930481455315269,0.9995501486001479,1.0022118811318246,1.0043337175714353,1.000442931928621,0.994372640529116,1.0017924291423859,0.9983393213084019,0.9939841252622271,1.0021705832959378,1.0051231664063478,0.9967581643279083,0.9974104976774826,0.9971617699120057,0.995058307565694,0.9996207363214442,0.9979287007158717,0.9982419255332041,1.0007627808928032,0.998342467630509,1.0028701646065563,0.9974580574480703,1.0016519078961295,0.9997011698559255,1.002740169486782,0.9917029198452433,1.0068934242960201,1.005571457536243,1.0025292119637026,0.9945347270950783,0.9980343985287573,0.9952867477918546,0.9980432566932154,0.9953557103602847,1.0049740868060555,0.9985789135090382,1.0029667343403093,0.9954573678771096,0.9985381609963401,1.0052075048990106,1.0069770248745695,0.9990853456718733,1.0021248327592687,1.0025125596722566,0.999367639942831,1.0035731175043279,1.0014463583301327,1.00894997310533,0.9985807258970416,0.9976907722982374,0.9926337136009341,0.9969561803848818,1.0037545035016835,0.9991385330748132,0.995920731792592,0.9965603531606585,0.9913636680290109,0.9967444965966099,0.9946633193948464,0.993599110904621,1.0005212565088804,0.9938610233551698,1.0001198051986668,1.0051600627153192,0.996201316487454,0.993760538577315,0.9993693610698112,0.9918001854659052,1.0024384635021832,0.9935162438187342,1.0015081482882033,1.0003575929271493,0.9970713817154234,0.9961347253870374,0.9991907171030957,0.9989901405981254,0.9941079200372309,1.0038165178610388,0.9990165593220701,1.0010231028292815,0.9985969283268193,0.9935799012783594,0.998574321616965,1.0008151106653025,0.9955309846531116,0.9992731059620865,1.0004382141463886,1.0043766002643641,0.99119758044,1.0070841101234689,1.0028631327189448,0.9913981862008873,1.0023831899870372,1.0009026820485771,0.9979043337490352,0.9964815447378037,1.0032866163503151,0.9941197297199517,1.0006985334677483,1.0033518269113162,0.999585362595037,1.0024346797821484,0.9918086390566204,0.9955778351737165,0.9990298982185815,0.9960853247397545,0.9953848556310219,1.001665190658726,0.9997174240889926,1.0019642511811235,1.0012266753084986,1.000274162392495,1.0054232882715588,1.0016289878238929,0.9991772936039732,0.9955897535248488,1.0072290260027315,1.0032393315217276,0.9984974323644235,1.0048016092653547,1.0018725201676235,1.002373079611612,0.998230810259014,0.9926679695550279,0.9962898736990102
3,2814400000,0.9995570771808236,1.004322807761777,1.001874603687875,0.9993489105769264,1.0005931524020355,0.9953237454136141,0.9960690477029337,0.9993452896880527,0.9984423271253561,0.9954183039486874,1.0006606084314948,0.9971430538796571,1.000449930796921,1.0024011247406706,0.9951542463261202,0.9977162830593914,0.9985762530569666,1.001382749616128,0.9976398570879396,0.9939877368275959,1.0024894962905693,1.000708160356429,1.007304818976275,0.9997030145182957,1.0009238633559165,1.0005333066373332,0.9963089321907729,0.997671932172403,1.0026425080730914,0.9966573964703259,1.0001213750966518,0.9986840415457549,0.9998419182052597,1.0000729050074404,0.9960583782538921,0.9943841684584596,0.9977437715858898,0.9962184996318949,1.0022861746045784,0.9985847061759406,0.9960633932523321,1.0030339243095474,1.0056112867328317,0.9966074238278978,0.9904800505750462,0.9991356722231983,1.0011717813992171,0.9970005640706378,0.9994110515935467,1.0024483187738096,1.0013486537770502,0.9982908136517882,1.0009513977022861,1.0001820521311697,1.0032742545002487,0.9955021862367154,1.0007540181530075,1.0014833612438951,1.004757411576202,0.996050378069345,0.9976825148364007,0.9964811436245787,0.9914491274229715,0.9944075167357137,1.004509583761687,1.0010696177851008,0.99843020273065,1.0044529613501887,0.999993699158624,0.9957970206841242,0.9935691881795367,0.992143289234043,1.0024413603137752,0.9997064232527177,0.9996166610388305,0.9990070765511473,0.9969863161147151,0.9972871288849869,1.0028281001867538,0.9970429294098448,1.0044331423483674,1.003358077122559,0.9958919738605085,1.0036158101001451,1.0020442988207476,0.9978370509102796,0.9991336113012992,0.9965990065921166,1.0021200312489633,0.9993414946585548,0.9990734418176194,0.9979794552465323,1.0018303657962073,0.9912272973567644,0.99846214700515,0.9967632912123101,0.9911502528794727,0.9963932797598921,0.9915982086846865,1.0008317869831198,0.9993266596199336,1.0040523663524954,0.9936489908084792,1.0061342852167867,0.9925335688030064,1.0030151533673521,0.9992410520609789,1.001442780114664,1.0072453703152446,0.9979146300794663,0.9968129662664494,0.9965706499116961,0.9854767103744029,0.9990740101711447,0.9995266523813193,0.9967768769223295,1.0039242501331362,0.9977572141541475,1.0005940906334037,1.0008191022982265,1.0025001544166576,0.9971456459797285,1.0008797162935645,1.0032945301764802,0.9934185718425668,0.999608130740153,0.9951752730044805,1.0024216941928377,0.9985900108633526,0.9990076658726488,0.9928399155946014,0.9956485812297744,0.998458268669379,0.9996174397678903,1.0056714348484292,0.9984695443310806,0.9996876431728053,0.996750699938398,0.9948910927750243,0.9967576109020656,0.9965170439147332,1.000407578431978,0.9994517136625402,0.9982984972043213,0.9946113228573047,1.0016550132843498,0.9944706395151293,1.0032498162374532,0.9962239633064846,0.9981555187975852,0.9995615702461388,0.997716616246563,0.9993667805617468,1.0021832353331674,0.9924729490827194,0.9970036244653563,0.9908238098521934,1.0028310416898156,0.9984762520228883,0.9953254949141012,0.9986631490719748,1.0076885359449206,1.0043682282611495,1.0020889728684639,0.9965464769867513,0.9978014046140811,1.0015462914236695,1.0038086835706517,0.9991856488008855,0.9977528435038749,0.9978856076330763,0.9932358874228572,1.0040023166676775,1.002730512831652,0.9998633046627724,0.9925756199071707,0.9933695001826643,0.999281173870786,0.9946770364631908,0.9988686243558916,0.9918683223580451,0.9973951662250664,1.0032273909590244,0.9965173751844042,1.0022345119028149,1.0011805259411157,0.9953492665732829,0.9966648882992838,1.0051306607300587,1.0009530630339287,1.0005561802521798,0.99218828625808,0.9959492153535159,0.9936580227916951
4,2815500000,0.9989021911447787,1.0050010927662718,0.9975516793006936,0.9993395896239613,1.0031735514366975,1.000124462494579,1.0063160074841453,0.9931845837781949,0.9998898306809704,1.0018754198496145,1.0005360283054754,0.9969151982029701,0.9957121801826234,1.0015473605148864,1.0053517679431851,1.008594043480584,1.004254706483691,0.9907727599311851,0.993739237495475,0.9964892318636042,1.001795357906067,0.9991443259736723,1.0024878612664474,0.9979385611425635,0.9974434543971162,0.9958952812468161,1.0002573896857112,0.9928475821747793,1.0013523718282522,0.9925003038048412,1.000654324666459,1.0030352171714274,1.0017241495381002,0.9956120649610501,0.9968199184909439,0.9967205543279789,1.0049387045215978,0.9956698512581266,1.009424729249537,0.9891495437484524,1.0056863784187893,0.9985116610651928,0.9947132617030242,1.0010689647821607,0.997245640570009,0.9983886160099279,1.001396152781536,0.9967236546553412,0.9956061637482364,1.0023071939198007,1.0008348107028036,0.9992349007223914,0.9974498779522307,0.9959094218182459,1.0030734999748434,1.0011367222297416,1.0023695862249569,0.9945710821317043,0.9996582036019777,0.9968971910217069,1.0034860129456338,0.9922389278051841,0.9982632169078749,1.0057637175691254,0.9955089565749928,0.9986437020682145,1.0103568456144378,0.9966973096273779,0.9966637397018887,1.000081938063825,1.00497080063107,0.9993904506199736,1.0039100582949456,0.9988058084782753,1.000418497108201,0.9978897433484295,1.0021610340659528,0.9994666791163561,1.004361770091694,1.0064645679892144,1.0007423110355553,0.9976216198039332,0.9962631017126794,0.9939417811927819,0.9973243952580071,0.9995329342334555,1.0081929662580889,1.002223379846983,0.9967402841401385,1.0038005411770958,0.9977472111291544,0.9936839273437577,0.9937397126614228,1.0006779908387582,0.9910070539664773,0.9993421806887828,1.0083977965035709,1.0006045785527742,0.9962637174500746,1.0028977197134656,0.9998536551042184,0.9965957237445755,0.9946522675554554,1.0054875771886387,0.9943704431607548,1.0034503541005204,1.0020636423585105,0.9966199713762879,1.0028598034479834,0.9961889640097568,1.0042183225426042,0.9919784713400471,0.9950291611560714,0.999320573886707,1.0048691505891953,1.0042384979617287,1.0017710504760144,1.0017214091163926,1.002989424378427,1.0031207666970283,0.9915208791986698,1.0022720102736633,1.006618880658278,0.9964985281766079,0.997549344988518,1.0040310811623734,0.9961468697951311,0.990933614098859,0.9983701857600166,0.9935825529328665,1.0007813837600725,0.9991227153864709,0.9966357526837909,0.9929820674002706,1.0002417107234955,0.9996609552739043,1.0016857917727062,0.9979145778984975,0.9912691404857851,0.9949160663397326,1.001484509428594,0.9949914130012724,0.9974830335647829,1.0062867318968438,0.9965827577092076,0.9958481117914042,1.0028806515321433,1.000022325843477,1.0053078202142995,1.0013409568867027,0.9909645853505851,0.9970809122046409,1.0022622372393646,1.0031660181360886,0.9959118359998199,0.9985733403235857,0.9983987672167886,1.002268470607864,0.9983291504110662,1.0034743272386997,1.0003690851428828,0.9997352943047113,0.9976248266329363,1.0062440316038594,1.0024144825683268,0.9969987118845157,1.0001301682349295,1.0050143501995332,1.0056714262128115,1.0070521295720076,1.0029114196105278,0.9972134855437979,1.002444646263615,1.00461339378956,1.005869281322767,1.0002189275250806,0.9930079614089756,1.0082801818230254,0.9957353926339498,0.9999397674759728,1.0017773146915792,1.00394476337457,0.9983784018362618,1.0013388024257808,1.0040134921765616,1.0073359932636086,0.9926629944804951,1.0001868943925363,1.0035713031064668,1.0001479894914278,1.002506373806113,1.004595077758657,0.9955172866067398,0.9976646367415486
5,2816600000,0.9986183264592177,1.0001464736761532,1.0045553961083957,0.9990373796010186,1.0064162664517846,0.994961669661536,0.9959379596209585,1.002807770722449,1.0017996952096497,0.993612544887442,1.0010717385471715,1.0007886220371816,0.9969027756651918,1.0016704264687215,0.9910895099477511,1.0011843272490744,0.9974994474352635,0.9935870771194082,0.9917996659552752,1.000210440810625,0.993922623800218,0.9953989003148276,1.0045365556679506,1.0018525657873738,1.0012039272442843,0.999781767176919,1.0019970607036068,0.9987929401879325,0.994018765727471,1.0009458505485256,0.9961790371098181,0.99610085228946,1.0061198442396766,0.9976028648295302,1.0062463206707146,0.9992099187281646,0.9993502640434084,0.9964676948778463,1.001381193278153,1.0023970977445043,0.9990088706803858,1.0032362405028092,0.993902629522392,1.0055509228149475,0.9958539245969831,0.9945861789876611,1.0013191155672225,0.995936166831917,0.991891869117126,0.9989141142321152,0.9956904844944857,1.0033473316403994,0.9993665148979193,0.998498352899187,0.9972214299285895,0.9962868832902921,0.9971328003172213,1.0000602173572777,0.9994392096469439,1.0001507937465854,0.9966524929268505,0.9986186472732924,0.9970445625663852,1.0008399853853727,0.992281526524807,0.9998346266272948,1.000624338827826,1.000395453403262,0.9976154366301024,1.0023237139422883,0.9955063901850437,0.9910710133770558,0.9949692532765669,1.0036937082209154,0.9971437025603372,1.0017518810226202,0.9967359800557728,0.9973913468043455,0.9950683875788523,0.9982050590947467,1.0031136292851233,0.9968572491970424,1.0054143320687874,0.9923885588669406,0.9938418890849658,1.0014561806338351,1.003694220911141,1.0054888129549746,1.004352694100471,1.004927508162897,1.0037960660788532,0.9976782409429721,0.9944156847373053,1.005360173108704,1.0034533714325555,0.9982780319364911,0.9970249341757149,1.000598895802749,0.9983559264559019,1.006964505524124,0.991873921338039,0.9941072000498826,1.0007032794352226,1.0040872505214868,0.9981151710329466,0.9960108890492858,1.001808539876771,1.0021309739958644,0.9989997596498855,0.9995809660600946,0.996637316224454,1.00391209749376,0.9939761165973308,0.99631115079542,1.006610342697203,1.0003685796359776,1.0009088500975323,1.0030010402362883,1.0096135571992901,0.9991138004257745,1.0017081141127044,0.9935838703396558,0.9978883074307718,0.9966725886636368,1.0018593244483598,0.9936630263165522,0.9939592107324954,1.0012440777924585,1.000127683278537,0.9966343036078671,0.9980977962104205,0.9966888762721517,1.0010388951571982,0.9952731321350898,0.9969921108552697,1.0039223755679325,0.9973389401216909,0.9993314502066706,1.0006431579455608,0.9936138180553719,0.9973301143848468,1.0024431615283895,0.9991497756852438,0.9981045565430331,1.0045746571385965,1.0009937488332175,1.0029777195659444,1.0026548782221532,0.9977081667210386,1.0024423435424032,0.9953117777019562,1.0001221320213467,1.0003610044949094,0.9996098441058446,1.0049677905899779,0.9937345515239312,1.0010218919632217,0.9963824452453304,1.002349766576684,0.9971136848376653,0.9985776623404988,1.0012474440206478,0.9996551188590712,0.9996678144373392,1.0055849412739997,0.9997326227874389,0.9951083985209708,0.9932273829975449,0.999879350058751,0.9970085073441229,0.9936310461328133,0.9959204378854725,0.997932709382285,0.9950797523550589,1.0027487378772262,0.9994930278387092,0.9997242717268084,0.9991753104270171,0.9931043573641362,0.995466147273293,1.005315515209398,1.001069850096233,1.0000239615454687,1.0024106465325646,0.9958275967574298,0.9948553158738249,0.9935140466433388,0.9975215002321434,0.9984660105910765,0.9992491600603199,0.994412119366627,1.002276723477757,1.0008830965867188,0.9971315468815419
6,2817700000,0.999552046008262,1.0022414337123833,0.9983537858151654,1.0035668910356845,0.9978889456118083,0.997218470356867,1.00252782627165,0.9971001448246996,1.0006655257097128,0.9996986622582112,1.0021671095297824,0.9957333153578558,1.0027278769657682,0.9909759585163543,1.0003628707063554,0.9958833406117974,1.0004600809539277,0.9952997780548675,1.0035124527625383,1.0009042577367708,1.0109949638297726,1.0017745176348714,0.9962421296974562,0.9931559996923147,0.9988344998438391,1.0007993274557927,1.0037640295880892,1.0020361592552975,1.0021102290370691,0.9995761036995968,0.9936412066750607,1.0020229792710125,1.0052451080134386,0.998226441334412,0.9957897633728633,0.9974685049356771,1.0016117504214592,1.0083039777467182,0.9975425861916116,0.9945049974795602,0.9970499184532482,0.9962809250669764,1.0024057847327532,1.001214703007702,1.000324704082708,1.001408322838915,0.9991685244464898,1.0036180854261418,1.0050076398550207,0.9987182664854745,0.9962488012231034,0.9984030489507055,0.9890650021452831,0.9975072860455486,1.0041972874557124,0.9964372349325651,0.9991806125302893,0.9981188204111646,0.9972968920597545,1.0017712894250894,0.9993327086969456,0.9950546314443172,0.999450991992021,0.9978059167268899,1.0014375479160815,0.995579996576802,0.9935447738596541,0.997670310931287,1.005816576488194,0.9981610857163927,1.0000241083213388,0.9986264901814739,0.9994397836474747,1.0030969016942752,0.9928727904656418,0.9981866652892214,1.0060657182125177,0.9989827780661376,0.9989554691849131,0.9989481416771412,0.998481838635436,1.0079942156981854,1.0009378509161717,0.9990306470604149,0.9975533598599184,0.9965860616733845,0.9940839503152112,0.9985492567314951,1.0058318393692016,0.9994297858992187,0.9950675462842498,0.9998089997581102,1.0025195546065553,1.0003583763253971,0.9901287557888541,0.9980859659172573,0.9893253205386527,1.0017583146380207,0.998509872954397,0.9994050488831747,1.000787666511824,0.9986847747264591,0.9951126692195035,0.9943996214764291,1.0040534032204511,1.0034318120534174,0.9992858666421546,0.9994005666754543,0.9958810998515787,0.9992154529953273,1.001622020662107,0.9985942334120658,0.997114557425684,0.9938989616676367,0.9975622298473507,1.0007290611624653,1.0003991600666047,1.0055119779768962,1.0033863346729732,0.9995883707865286,0.996497267145944,1.0008852110990505,1.004560925104539,1.0079889549167063,0.9982680277303847,0.9950884038457403,0.9964291694722855,0.9976515507861441,0.9978734728907079,0.9956956791043801,0.9979984254066991,0.9965032328425306,0.9996050641259353,0.9978604271902006,1.0058555429623732,0.9982017800902742,0.9978369123786996,1.001704736082428,0.9941146809995646,0.9993829394313141,0.9961469383857625,1.004473901545282,0.995291060438083,1.002789181236072,1.000709770202256,0.9893423060824764,0.998293248995165,0.996722082967264,0.9982418557699831,1.0023780389257773,0.9964627725227956,1.004203774807698,0.9932430335544729,0.9969016320322892,1.00141129210781,0.9951789846796083,0.9972541994542843,0.9961735074561904,0.9962398906965813,0.9976748536378968,0.9995128202580447,1.0043624602582442,1.0023798577318483,1.0007607408452928,1.005144234430637,0.9991125178166825,0.9980557961567325,1.0023918342201354,1.0044427525864745,1.0059194762410746,1.005501140424651,1.0014330236030602,0.9945038454298903,0.9956793965669609,0.9938452442759892,1.0018340054565322,1.0076144911724891,1.0035659134694934,0.9997245701515394,1.000085055058047,1.0040917933514968,0.9946912475006834,1.00302088798268,0.989977895530575,1.0041996310572314,0.9945111496021953,1.006445920887104,1.0000672892853792,1.0015963447870146,0.9958675256982705,0.998563677111249,0.998128674186774,1.0016001079181545,0.9988991933640904
7,2818800000,0.9988103299135185,1.003194133853629,1.0028504165787444,1.001499564434571,1.0009649142207444,0.9978486964690964,1.0071980633035393,1.0049758335286285,1.000418699286568,0.9979017021757701,0.9922475631118248,1.0034439277456957,1.0021101859162533,1.0079808175553533,1.0020293105267903,0.9989700691494683,0.9949217638464463,0.9911348973060508,0.9995932452540366,0.9946433321057272,0.9991613394787122,1.0087603388025967,1.0013145725082853,0.997643444229495,0.9909840424583366,0.9999884466310072,1.006282046560695,1.0087436799700447,1.00051636523574,0.9995673935911109,1.0036647598288984,1.001189574325356,1.003047683311104,0.9950854109563398,0.999681826365202,1.0048234878622628,0.9996540244895761,0.9959311854296009,1.0038107499135858,0.9929068892455374,0.9947708979004523,0.9989044058911416,0.9942447246181044,0.9951633430994685,0.9987001045455035,0.9949684556418066,0.999206640587448,1.0020600310669316,0.996940773799982,0.9984361894795702,1.0004175067491843,1.0011236111513448,1.0021266173311119,0.9999099993065023,1.0011987152858786,1.0030066495762315,0.9993047120821216,0.9982092996431108,0.9979980737220011,0.9949240842107684,0.9958859037091805,0.9973257090193788,0.9984157482745557,0.9930502548602651,1.000531781008987,0.9943584321339581,0.992060560219293,1.001032487752105,1.0026451741094855,0.9969194476063453,1.0010189195825325,1.0004469071705748,0.9952956027823079,0.9990367420130009,0.9955352491119943,1.0027549272425702,1.0047575007039857,0.9977109605212137,0.9942769669840531,1.0049031922920697,0.9929736380565295,0.9896216527338009,1.004521273408791,1.0037700090557737,0.9901970164513022,1.0066928109039828,1.0044832033442743,0.9966872821383702,0.9988476232023674,1.0009706707046635,1.0029864057828548,1.0009550922636288,0.9977300539116388,1.0015731574042648,0.9942534232064876,1.0015163414890482,1.0001481285160412,1.0028867921773101,0.9940163799053395,1.0023030266327364,1.0001402042448706,0.9937023383153988,1.0009154390383839,1.0023974481913809,1.0012888112479592,1.0030068065294422,1.0005673520007703,0.9995126955359653,1.0075874356918118,1.0041337876024528,1.0008918757269576,0.9943576753519304,0.9980387895180561,0.9971073429126379,0.9996055612612389,0.99973177870917,0.9962339846685954,0.9972147205392192,0.9993095633681789,1.0077472125670308,0.9937592357475873,1.002340347365152,0.9930800848241151,1.001187526742661,1.005508285913126,1.0007048483348349,0.9951651528919164,0.9933161480890077,0.9982311279756317,0.9981689121000015,0.9943998526225507,1.002563066595419,0.99974059936609,1.0091212712343391,0.9957716812099566,0.9976342167666875,1.0040386708044775,0.9955270739288945,1.0061040587551224,0.9978250475240512,1.0042246278772182,1.004843858530592,1.0000119142607744,0.9995448186554007,0.9998239355468379,0.9971899179396372,1.0003100870237855,1.0006495258093617,1.0008755018447868,0.9968873851883396,1.0012267901586795,0.9988318662420786,1.000549032444183,0.9962769138474269,0.9965807331538149,0.9951751746826119,0.997507623389297,0.9941597758234904,1.0012061997494308,1.0007508990589793,0.9979134691544825,0.9997850483937174,1.0009046634483516,0.9949101265102154,0.9981959954888686,1.0015987700342126,1.003235484449948,0.9976933938442244,1.0028349492933084,1.0038854959269998,1.0010326000762066,1.00185707291018,0.9969137801154466,1.0026949741287943,0.9999454885992368,0.9977923504142292,0.9976179186418619,1.003344628998406,0.9913597148525924,0.9975086155857882,0.994951190670961,1.0039559012857395,0.9986512429618577,1.0012824784000578,0.9911995087150957,1.0020454930511489,0.9997098759110915,0.9983985778474105,0.998515975075979,1.0001075635850931,1.0031956304688476,0.9972428473309667,0.9915555742185983,1.001407216753297
8,2819900000,0.9999184746205486,1.0029905956935583,0.9989572003026177,0.9950380642411507,0.999027226201757,1.0014634532006197,0.9982853536298715,1.0056169075831158,0.9928083181527517,1.003689362872735,0.9999162228564126,0.9991771354421852,0.9977691055346436,1.00151133028975,0.9993932432570798,1.0005981918020568,0.9973168280380578,0.9996320971339324,1.0004217572673384,0.9947175886971905,0.9933765419850329,1.0011299309543615,0.9952673926671719,0.993669382365134,0.9963261614264742,0.9983692330536852,1.0058780712268496,0.9957821953718297,0.9980398450438368,1.0030137441142837,0.9977128374198551,1.0054869308839556,1.001168394963021,0.9965242273995929,0.9913511213507828,1.001156728505625,0.9901775343895283,1.0047259668085264,1.0034896761193064,1.0043863845582337,0.9976848965377124,0.9964885071891171,0.997752537729953,1.002391718683109,1.0014566441254127,1.0037340277229012,0.9974377712317026,1.0018222318537624,0.9973613050253873,1.004291961377902,0.995863071653143,1.0000325748191496,1.000674770135915,0.9971178471551798,1.0023386941731942,0.9993653280904874,1.001346317544397,0.9996062411786799,0.9996296783247115,1.0015358276106106,1.0078054271068664,0.991838196399117,0.9998168627190135,1.005185778768176,1.002834359195537,0.996494436911694,0.9941390578535597,1.0022197076142483,0.9973647023539924,0.9982318789699546,0.9974103573693398,0.9951351257578005,0.9985917374411771,0.9974850114475261,1.0008825618583435,0.9969569555417168,0.9939544980273751,0.9999141868174278,0.999571060875956,1.0004758900376272,0.9991678477045907,1.0020551591834328,0.9994151205754221,0.9985976570880473,1.0022599803725947,1.0003759182566259,0.996024148484261,0.9941399965056695,0.9958550837000231,0.989794542813117,1.0014710954307318,0.9969015735992951,0.9971777559434599,0.9978730089122672,0.9918620147611823,1.003416900472246,0.9940323956132141,0.998225690794631,0.9997051456416476,0.9949920908633721,0.9988138345536549,0.9954538980695589,0.9980744685338635,1.0006124577753244,0.9947493893070652,0.9959108316635984,1.0039135185401713,1.0039616563896896,0.9972024265211646,1.0029721431857543,1.006259609691021,0.9925068167487147,1.0036740628007752,1.0000807586395017,0.9909891142399437,0.9972800787007489,0.9965219548946946,0.995972140989226,1.002167815086938,0.9954904857276813,0.9981206144141703,1.005804830491822,0.9976756927654118,1.0010953696919638,0.9924251813231412,0.9978236164328912,1.0038337997089202,1.0032392146827012,0.9993550123198448,1.0026870454556018,1.004109910565968,1.0031789197557752,1.0052429544661046,0.9956196076623105,0.9952226960823175,0.9928409906203827,1.0014402926448132,0.9959625526104101,0.9973471257666509,0.9953984082858056,1.0026109132644945,0.9937462831532187,0.9998716537554981,0.9956092885908243,1.0017615512929203,1.007641287651308,1.0002156958935418,1.0015281402290062,0.9959242008573075,1.0053054791212401,0.9973846779472092,1.0052837988813736,0.9952047736235001,0.9979674938762139,0.9966030733822016,0.9980008694087956,1.0078296626261958,0.9992958914670679,1.003529347655124,0.9997688522548678,1.0025362665832904,1.0013304584850864,0.9962524443363594,0.9923763970375803,1.0011703163396253,1.0013860970725244,0.9976532089485487,1.0070885748689105,0.9979553285890853,0.9965735166287523,1.002602742478524,0.9993908736284561,0.9979226349835414,0.9963152034688457,0.9970406781035531,0.9981889422682341,1.0010651867167457,0.9903446250717015,1.002393048271903,0.9955563018664985,0.9929783281144919,0.9970937825795062,0.9988192133745363,0.9949310078883745,1.0096904051393778,1.0047494902874232,1.001227785251848,1.0098875824603701,0.999505812762752,1.0001471887935531,1.0050936186381543,0.9982019226321317,1.0004156073809838,0.9986030535272531
9,2821000000,0.9982643185073605,0.9973237828504213,0.9989088384928468,0.9950073868762399,1.0013756779984093,1.003855171821236,0.9925593936092874,1.001207039876622,1.0062248711480917,0.9974601191022705,0.993018363621282,0.9961628288072516,0.9916766819971536,1.0031067979203587,0.9935996836137837,0.9984194253812265,0.9948613427669157,0.9956487520225635,1.0009214431229911,1.0033785998756648,0.9982525474944826,1.003811763600365,0.9967590323561972,1.0006308162039719,1.0050541064002207,0.9922285432397834,1.0054244603312357,1.0011549002479667,1.0000922781185497,1.0037771865172442,0.9948548445790554,1.0029163480313097,1.012009523341535,1.0041693731637518,1.0005696279538163,0.9956252985594973,0.9947454195795803,1.0002892160165555,1.0011864717031578,0.9935426654994598,0.9986763912269988,0.9999190644428371,1.0006776393044619,1.000796208688375,0.9997984133276231,0.9938925786931339,0.999903074798283,0.9955001933025777,0.9967367110251988,1.005164376289013,1.004110954637331,1.003897839272584,1.0062360839335587,1.0008711607302894,1.002682417607325,1.0031423334165352,1.0012501873902528,0.9965995004639567,0.9964203491199929,0.9993932962936667,0.9996611400123758,0.9922323250802585,1.003648823198018,1.0011125417789095,0.9989561685392627,1.0047125843709375,0.9962218388437982,0.9997991465866173,1.0042088793464616,1.0033377451346128,1.0036060306574919,1.007876117002376,0.9964930165142061,1.0042459808620292,1.0041480942672332,0.9967466746875839,1.0034089430762698,0.9985082636438639,0.9964783434943264,1.0010623561375622,1.0046957039621893,1.0056292806133906,1.0029277068998932,1.006299067229312,1.0049334932492846,0.9978693099704379,0.9997663105751616,0.9983505973499963,1.0044455175473574,0.9996037621547091,1.0011291718677642,1.001163870766629,1.002596061098606,0.9967661938200918,1.0027574252288787,1.0071151108946939,0.9952949391555597,0.9937213372677797,1.0019734428985292,1.002110050140652,1.000954945548692,0.9993429193699697,1.0026236288797816,0.9988153268089207,1.0016462241212307,1.0050521629279152,0.9983170486264112,0.9952415836000952,1.0022282409675285,0.999544914904707,0.9965794129662036,1.0079784205576714,1.0041578928288732,0.9997989520225005,0.9975864548571514,1.0048514235280936,0.9995740675669285,1.0005109697603063,1.006059376505996,1.0019418073687814,0.993522770522941,1.0007751100158666,1.0016324327991093,0.998831193869315,0.9961589475254057,0.999136422306328,1.004406706814515,0.9974079133473155,0.9950573974962642,0.9977903462587474,1.011147564766365,1.0037389492494402,1.0018369456304184,1.000206804528728,0.9928684370368933,0.9980110651486049,1.0013299662021187,0.9947869493831604,1.001603322229279,0.990830082932541,0.9964985410322571,1.0003317726222118,0.9955824536487953,0.9921784545776416,1.0033986671695383,1.006697792434316,1.0003766293699383,1.0004031594794076,1.002223980914063,0.9917457370459339,0.9957332012128634,1.0025314735730115,0.9921962252851988,1.0014351033585862,1.0021325664864456,1.0010102835825097,1.0024812226508775,1.0072226945619227,1.0010042501363106,1.0010131717325461,1.0081874519028808,1.000224512939889,1.0063010579277243,1.0045114516572966,1.0012580184964375,1.0035357196402916,1.0031457292978747,1.0008936277815883,0.9968795946128258,0.9992428747451225,1.0042386182063987,1.0005247596132616,0.9998619641445353,0.995206023081671,1.000788840924133,0.9987201280366667,1.0002809260363403,1.0075031608939682,1.0013864982775436,1.0002656582052023,0.9954380252862324,1.00414433800833,0.9984019950953894,0.9986902141865377,1.0002481017097957,1.0039207260840775,0.9920830672954661,0.9984227198648935,1.0060591543280941,0.9999238501103553,1.0012846406809925,0.9982319375872428,1.003237893924007,1.0017380273396337
10,2822100000,1.0024967619868765,1.0030480632838303,1.0015668263527022,0.998487071498266,1.0001191562133191,0.9933722863418888,0.9992238079925257,1.001985701675015,1.0034877624965313,1.0014479899301956,0.9903046634016752,1.0036062053026966,0.996969534703563,0.9974058120646423,1.004170980358985,0.9948287942362299,0.9898941107138078,1.0113430194689967,1.0008483932730179,1.0011679077353963,0.9929335185096234,0.9947842781000267,0.9964523448300453,0.9995863258018847,0.9993831632877215,0.9983069637135049,0.997115826069301,0.9907924803356625,1.0104636120899917,0.999785035381652,0.9922398914194434,0.9937079665472112,1.0010638817875968,1.003049892035742,1.002346269025892,1.002782528732187,0.9999790574584082,1.0065891974899464,1.0040348895769093,1.0012671150138384,0.9965950183388839,0.9916593438086992,1.0053599273177045,0.9909636919001622,1.0042062769699263,1.0007358015663737,0.9981876391864183,0.9992593407550195,0.9965811362961584,0.9944032944453296,0.9977341350374047,1.0001584366199958,0.9934608988944548,0.996036194838926,0.9953388579637132,0.9978656376405306,1.00355420260814,1.0031613178929637,1.0053325608540387,0.9995830946200418,0.996034709105918,1.0019671961738368,0.9937804251746842,1.0026485207303502,1.0056872934333687,0.9957576333816693,0.9945852329531101,1.0047815801883981,1.0027564168424166,0.9990553276289404,1.0008899154223738,0.997084185844268,1.0056745088976369,0.9982848929131806,0.9948114568451037,1.0040693296241996,1.0024346824905832,1.0051045741861786,1.0062676507831783,1.0015033370187438,1.0045028407353642,0.9902053586633635,1.0007004132837423,0.99420520456756,1.003552376694699,0.9984489430051998,1.0040100119406852,0.9952937885426751,1.0012237790664158,0.995600053678558,1.0033943256274716,1.005547658166528,0.9971822886729937,0.9928993227912433,1.004925201098789,0.9970950289301911,0.9949171319443328,1.0018550423365904,0.9995073271913514,1.000746391555686,1.0030866825209228,1.0034791689610738,0.9938965739018997,0.9999127541736244,0.9992393080268608,0.9980557381529476,1.0024650235394141,1.00131233203924,1.0029723420086645,1.0065473280768904,1.0051289263901428,0.999998622555841,0.9923776457379716,0.9948010993150876,1.011217425240402,0.996484148042597,1.0019803561905516,1.006073606207703,1.004161892133634,1.0028443410794567,0.9989864327917528,1.0002179510640814,0.996374417782999,1.0039636012585416,0.9967591779061292,0.9989481873689228,0.995557148205317,1.0058847846397758,0.9958400721411268,0.9978678097060742,0.9917120558196478,1.0008354312364744,0.999402055545489,0.9998071202820018,1.007757914025539,1.0076411908418055,0.9981311491994249,1.001933747043799,0.9983272009557198,0.9981124655655235,1.0024181368937424,1.001839003718131,0.9995735696364588,0.9991004942883708,1.0022739473762485,1.001261392649646,0.997184521017092,1.0058707222741832,1.0014723680920696,0.9981026806699079,1.0104772269206517,0.9936290984579311,1.0045048508469732,1.0037433695660365,1.0015404766829086,0.9943498159401265,1.001200391280241,1.005675845327188,0.9908287576295318,0.9993087058741729,1.0023397806482,0.9959390565486281,1.0014957353002738,0.9997580135823636,0.9947427905878743,0.9984603474048604,1.0020339909382856,1.00068015563684,1.0059415521747122,1.0093989505784435,1.0005483311590422,1.0012536084218902,0.9923293700743211,0.9995707485409813,1.0045356145639361,1.0006601326075177,1.0050245273244518,1.004477099133529,0.9982197070842109,1.0077250245753926,0.9945973494765291,0.9962269930710568,0.999427299529463,0.9973261265265017,1.0009208535993148,0.9945146029511417,1.0053793226017256,0.9963661864890049,1.0014770732367002,1.0017244813529684,0.9949775687759314,0.9937328525731199,0.9973164411277835,1.0028198810051572
11,2823200000,1.0023442562520173,1.001018205283646,1.003995097541219,1.002873025808765,0.9973598383230201,0.9963659098739794,1.0034306756719147,0.9960647159512525,0.995439826612874,1.0026151139755657,0.9997015626125751,0.9968117926444926,0.9996231905663018,0.9989263062430931,0.9965105641932229,1.003114466242427,0.9994890923808917,0.9950204870250883,1.0031470985451392,1.0062155710872094,1.0053842808512192,0.9989903452436816,1.0016783777827676,1.000369490984481,1.0007574658762304,1.0011694577753887,1.0000106624467775,1.0073822742557095,1.001128079521281,1.0031525153469436,0.9961427071977803,0.9980180590860702,0.9983138112705356,0.9970643537410564,1.0031157717694565,1.0064418020749148,0.9954981640625732,0.9964693161981911,0.9929436843484728,1.0009270540266835,0.9990230339751999,0.9996672426298149,0.9999018486884406,0.9944169857905281,0.998498504639921,0.9927005734550299,1.005898422949421,1.0004253415651172,0.9950968701948479,1.0038167133359452,1.0003095061622522,0.9981035517906348,0.9943631089003402,1.0003792627441268,0.9954441463270809,1.00127799405877,1.0010017690263437,1.001430517270114,0.9970414207634647,0.9961889265500914,1.004274730419649,0.998896124458821,1.0017584341729384,1.0009150771294513,1.0071965244594552,1.0013767839654966,0.9932484669713396,1.0049097625769803,0.995308932385093,1.0043994460687415,0.9976796334572267,0.9938330112912697,1.0007821078913977,1.0025294327054002,1.003181572033996,0.9946044177028147,0.9941187912180325,1.0123176000085654,0.9985662715811499,0.9986882074384746,0.9984955636731883,0.9965699745246027,0.9946059976122196,1.0054258278147195,1.001852468459394,1.0060715935948672,0.9989392272556277,1.005451815125452,0.9991877124948055,1.0013158802330113,0.9974827995020981,0.9990820378409412,0.9954846664599424,0.9923477264588266,0.9985943661950873,0.9986605520102018,0.999937204361368,1.0044615423821874,1.008802958489044,1.006349761340841,1.0015677405531482,1.00544467214862,1.0009091863750461,1.0008583311045753,1.0017530738069491,0.9965790279530927,0.9996420283180065,0.9998242826400658,1.0029711565975006,1.0000210566831447,0.9957839876147282,0.9977629006735683,0.99264803469259,0.99847748813949,1.0008505042329707,1.0036842636054337,1.002126757855166,1.0053076447492602,0.9993184749130978,0.9953124752144497,0.9991140563585671,1.0008436068561049,1.0042185788449562,1.0005765994123548,0.9977410386908464,1.0019492537418684,1.001787913304441,1.0000261677457674,1.0012433332627524,0.9968965335310903,0.9931366112937093,0.9968920225086255,0.9981109648491542,1.0048481398003353,1.0018632966196392,0.9992003595491313,1.0054552814403472,0.9957750632906258,0.9973659754913707,1.0016607463336342,1.0004990243519827,0.998013900151384,1.002455612694291,1.0021721791087412,1.0005605369464434,1.0021393862297945,0.9987837361804723,1.0041079207332408,0.9954594624302527,0.9992252963434562,1.0024398074186704,0.9916540539189994,0.9913531238051742,0.9987261015377042,0.9975898828491537,1.001266008628786,0.999001264885881,0.995020275713854,1.0021834844416584,1.0013331180029281,1.0023590499081823,1.0009846459417757,1.00202549757533,0.9988084959216742,1.0035683871136443,1.0030387641187881,0.9991567595058125,0.9995590081711713,0.9972463238627289,1.0003193890136222,1.0008548229590837,0.9968601633082356,1.0034609132028016,0.9958233974373394,0.9998988376446146,0.998783533507141,1.0002372267902628,0.9988715071706452,1.0018131803125143,1.0024716812339425,1.0024749370818056,1.0033819658182226,1.0016634886932116,1.001629622921234,0.9974346328661622,0.995968124236783,1.002555173005832,1.0081619551285985,0.9946601225733542,1.0049004651036462,0.9952499099602271,0.998515560860348,1.002990829555057,0.9958589470537409
12,2824300000,0.9993645313229207,0.9968232417850046,0.9960479231695488,1.000684860296525,1.0026743286639903,0.9948730305954988,0.998312502985765,1.0029219719420408,0.9949869956913528,1.000403902123218,1.0049552966018411,1.0053079434839618,0.9950075163876994,0.9974521894756452,0.9993751754062404,1.000529185052567,1.0049279018497275,1.0017040154569228,0.9964143387336523,1.0041064346995303,1.0016001493199955,0.9970203176023319,1.0015491458203907,1.0031240550458886,0.9985269765000045,0.997399812146665,1.0010530073773207,1.0054833863023054,1.000593676270811,1.0012574171733415,0.9936301832981952,1.0010938882611207,1.0038779259603163,1.0018894099807276,1.0010784835076507,1.001322024401677,0.9994869572300972,1.0000041945627136,1.0035619689321855,0.9975613380719065,1.0050444457268637,0.9980103988103678,0.9958414443367773,0.995856467043644,0.9988716950959258,1.006736235354945,0.9967136772945917,0.9973622809757278,1.0016344228041025,1.0025595484631034,0.9988892339796684,1.0004110944624451,0.9896836947382783,1.0001159923931735,0.9999533829655004,0.9988427254522954,1.000841805126412,0.9957911205522757,0.9970014876853233,1.007444430947213,1.0027407541541602,0.9972841416554119,0.9986169415092689,1.0027136882856427,0.9981280654893194,0.9983208052936289,1.0004210481875861,0.9996382885609894,0.9912475436396847,0.9987740630012057,1.0070057533789238,1.0032210643184747,1.002809477625698,1.007900249083612,1.0016611560181852,0.999062613184617,0.9970364541167811,1.007436565043584,1.0000319409771936,0.9928527512650666,1.005289216663407,1.003315645391217,1.0001671262142717,0.9968536387983506,0.9960028505614842,1.0014293035468016,1.0043376768315049,1.0068582248046385,1.0014515792211687,0.9999337821818596,1.0002016610451008,1.0008068598379747,1.0015799186681549,1.0008705913110385,0.9997504367920991,0.9962930060534627,0.9992965735752404,0.9958482532625651,0.9951012213904055,1.0007669065633025,0.9924157803762723,1.0012163771964766,1.001594177343284,0.9960470928686612,1.0018548094750495,1.0023720766518691,0.9992996258998434,1.004204405567503,1.0078361768816557,0.9951689073474288,0.9987399887848195,0.9951482403801282,0.9985802371197628,1.0040629992117358,1.0025262574086637,1.0054226692834576,1.000670495293098,0.9927892724941487,1.0057444330062144,1.0081773691377107,1.0093850305373981,0.9957719833050651,0.9950946677135478,0.99907288547012,0.9955676289832335,1.000094954707724,1.0017167183242224,1.0012676549243777,0.9962516321096517,0.9956180080299806,1.002944574265432,1.001007788004507,1.001687114206126,1.0026633602765707,0.9969920970106356,1.003969268107063,0.9937318562730593,0.993609898069038,0.9946637335004566,0.9960839267709225,0.9974533260755336,0.9978319105040474,1.0003365433995912,1.0040252017637443,1.0022245932767062,1.0008791016027063,1.0023168571131125,1.0025996120815406,0.9996749780547369,1.003729470780052,0.9981975135694825,1.0097067118610894,0.9952860737383326,1.0011435006297764,1.0067836482961106,0.998705976709306,0.9941386852737736,0.9984411148309807,1.0041322882785761,0.9965337460096324,0.9979731644539703,1.0016624336390418,1.0083611909493213,0.9920901402084921,1.0039470949611642,1.0017788589074565,0.9964989190489032,0.9979370585387292,0.993012240864315,0.999653590767633,0.9994153229669612,1.003296842133763,1.0103247360537289,0.9963275324783435,0.9974519524298548,1.0006044104510918,0.9972448094927464,1.0057583947923663,0.9995813530599365,0.997652499881986,1.00349963594055,0.995638133470194,1.0019786746652362,1.0005598323106357,0.9954211359908467,1.0010296872340723,1.002858168733558,1.004294693113826,0.9978756333245253,1.0032309994209863,1.003512091545103,0.9985078951913349,1.0014354747791874,1.0015791445614883
13,2825400000,0.9992117477163837,0.9926850679112211,1.0091791051681405,0.9976189721041828,1.0038208621690952,1.0015826704060844,1.0005254372905732,0.9952085680712064,1.001372166145577,1.0050220740167002,1.0079775338292924,1.0088468542100582,1.0025457154273842,1.002381037361522,1.0056735023029302,1.0009177617380167,1.0000429114649156,1.0045880113453858,1.0030932261236174,1.001710730235537,0.9989665264294056,0.9983314338268268,0.9945684993431866,0.9974663488709545,0.9996067398298671,1.0014152467309774,1.0006773471043673,0.9919844440061765,0.997578591570927,0.9915996871690401,1.0072020485987865,0.9963524030570609,1.0005316651447145,1.0027162847235318,1.000383438051733,0.9923514964992898,1.0025059842683886,0.9943854226331006,1.0010365580346423,0.9934030184091006,0.9988027302362545,0.9987909829555967,1.0011976837471834,0.9990059046061666,0.9976625365260984,1.0015963805282837,1.0033102752192613,0.9961198296546713,1.0002613249975547,1.0063679486658892,0.9976362729701959,0.9961305406853486,1.0031973509462901,0.9953243870437921,1.004412483284399,1.0086610209846563,0.997087422944556,0.9978619937962432,1.0004052724362322,1.0030358666050194,1.00270375848019,1.0009896878377251,0.9985004824918923,0.9973266028107785,1.0019448059559102,1.0088633192098917,1.0011003244541279,0.9966405527601309,1.0016916327572707,0.9990526915851368,0.9978914618569352,1.0078350866233068,0.9988493698365576,1.000131161638244,0.9965636924675033,1.0070013773293494,0.9962954506416356,1.0028554373684617,1.002550336723858,1.000255197800051,1.0037983434701296,1.001014908456107,0.9996378003242226,0.9954926387790124,0.9996462333946695,0.9972439832788158,1.0087234879673548,1.0022915217052648,1.006575798442753,0.9992009014975974,1.0019806728766492,0.9940671778461421,0.9933801708264317,0.9977628621549804,0.9989920507871131,0.9987383750512514,1.0058364635548613,0.9946775458092695,0.9979750495853461,1.001671935812334,0.9999454085213306,1.0011251223024265,1.0085035288832807,0.9939596270101698,1.005873218945688,1.0000207604036517,1.0018164440681516,0.9906698136924589,0.998118131472471,1.008085093985709,1.0063637555521565,0.9976858062286473,1.0028697287683808,1.0003385360356294,1.0032650011801292,0.998356597216815,0.9959468409032447,0.9959968212924372,1.0005515446495117,0.998805053628759,1.0021929655171609,0.9992797895663857,0.99256894438012,1.0046435154510471,0.9979896350993251,1.0036607254764056,0.9997618445958399,0.9978579141325834,1.0052490085510515,0.9988706253542342,1.0009923990189569,1.000475367265007,1.0074068002149177,0.995629879731004,1.0013159771318967,1.0015486788679913,1.0025105199418296,0.9979347691431923,0.9963618946446411,0.9949757832406931,0.9996948450614938,1.0010652687851116,1.0047259084283813,0.9982052121356962,0.9999110561958062,1.0005515149014075,1.00273586453861,0.994797619771953,0.9964496388943775,0.9955241176134955,0.9961426412368308,1.0048001460230207,0.9953336970863594,0.9999874988450274,0.9979511598607758,0.9982549864812709,0.9976146436097816,0.9946461793351639,0.9964469245028345,0.9934397156262738,1.0071209004911141,1.000123141870023,1.005675045183868,1.0005419928853843,0.9993191380188353,1.0022380132359152,1.0047690011755102,0.9975001526221788,0.9962338842629855,1.006877657267782,0.9992909952776663,0.9998642980445495,0.999563545041491,0.9980589694545857,1.0015293082580419,1.0049193510441174,0.992550127281014,0.9949631156508211,0.9986063695590776,1.0000259176867867,0.9959860902381714,1.0033403547734014,0.9983336373994544,1.0069158548047963,1.0041100218263639,0.9917874745861789,0.9958375232885999,1.0068630405998704,1.0049759533419702,1.0002904346823513,0.9980665044904804,0.9957963370040933,1.0039174386740635,1.0044355830971188
14,2826500000,1.0012276513516973,1.0034770721988353,0.995798896645392,0.9983258768718515,1.0075345833769647,0.9957999388534494,1.0057024962008587,1.0019806612437356,1.0009605824516352,1.000541763948554,0.9927691775252296,1.0017377992624976,0.9993990454138296,0.9936161464891762,0.9992912091816267,0.9928787675549878,0.9996344117208416,1.0096978948910076,0.9930446869772857,0.9962758854007575,1.005330718506946,0.9944937021229469,0.9980663981816925,0.9942877904957131,0.9972401488921497,0.9889238076125607,1.0046903547243478,0.9952539575681706,1.0034023077765242,0.9984625124271738,0.9981858257533018,1.0009494104394303,1.002519086348275,1.0013987802647935,0.9923051182920893,1.0039800548707487,1.0006897291477634,1.0003123713154796,0.9960030974475943,0.9994963611055554,0.9943810011197475,0.9953410281760694,0.9930719921390808,0.9959526256880673,0.9932172962207753,1.0007683512197594,0.9933084405580374,0.9975418481634852,0.9980664047835051,1.000363318146823,1.0034093751771178,1.0025664431304167,0.9973642370766412,1.0005262277798328,0.9957273156600206,1.0040860256475348,0.997503180458633,1.0030549400292912,1.0068310977984927,0.9979345682046038,1.003215313552198,0.9956790911076728,0.9947490253345164,1.0019323657094417,0.9971110746889892,1.0031854723900588,1.006837711810496,1.0058456112608394,1.004431384584378,1.0000179420809188,0.9912767656852618,1.0030959261903092,0.9980037900083655,0.9957954203462444,1.0002672671875017,1.0115111750442605,1.0010539947888597,0.9935435872085783,1.0010165469482546,1.0002516703598403,1.006662654324786,0.9989277277178572,1.0022722956478671,0.9935870685026601,1.0003111379061356,0.9960168813593453,1.0025427358665842,0.9991951276126017,0.9991412083000298,1.001401332152543,0.9960869066102616,1.0021417890232762,0.9954120771536261,0.9943229161089415,0.9926435727053001,1.0061140405995384,0.9995496341844994,1.0041922165288664,1.0035914692839278,1.0011215910897193,0.996554239734663,0.9939422901934456,1.0038397562496864,0.9977167345633277,1.0008664306928146,0.9891636068094425,1.0041279208938731,1.005259035255845,0.9936923252158872,1.0014248550057956,1.0008235097901719,0.9954935156308641,1.0005819642270293,0.9932972036506409,0.9985769473337819,1.0065237190941834,0.9964384040069282,1.00638494555743,0.9961476799055798,0.9952845559374166,1.0008603820966402,1.0000456293144047,0.9958053705591197,1.0038903505676255,0.990674108864669,1.0024737555337664,1.0011870066324176,1.0048556082901652,1.0079671151862888,0.9988593729778441,0.9998514975458866,0.9977702036224629,0.9973469547229818,0.9996191606851794,1.0006381453420765,0.9975153636186395,1.0009464473029357,1.000528303387157,0.9956616665950995,0.997530031568945,0.997918573746912,1.0010983710566375,1.0005148508369468,1.0063008147190422,0.9990962128099992,0.9985754284719625,0.9997974579969767,0.9991724017622324,0.9967875640004846,0.9897080377780009,0.9968313683318409,0.9971357556104734,1.003784729333561,0.9976788076419437,1.0039070084381854,0.9996877631119324,0.9991518040422921,0.9997638811068794,1.0037165838805784,1.0016648305108447,1.0024544479279993,1.0013963962799897,0.9942422396180741,0.9998097556384969,0.9996694785196933,0.9975677407121796,0.9954534247729379,0.9966929164281271,1.00513236235606,1.0077950068370183,0.9992100605321521,0.9958649859582022,1.0012588655796715,1.0008662465695795,0.9953349140560648,0.9979621205705,1.0048974196066365,1.0012361982064475,0.9966442872381311,0.9996692362763144,0.9999609702524982,1.0012767012082748,1.0027465162765425,1.0004294150158664,1.001010832331494,1.0035444413600458,1.0072140011641326,0.9956212067290771,1.0033220695221128,0.9993571693616432,0.9983468369244938,1.0001712175820088,1.0013701323496464,0.9934598184035356
15,2827600000,1.0014927850984074,1.0026239804865953,1.001040239951835,1.0051678625517912,1.0011373789348916,0.9981495089163472,0.995909933745593,1.0022624861175369,0.9987161066795418,0.999629952800853,1.0027026936841237,1.0064204637597705,1.0044463524029057,0.9994542698934895,0.9982800571580094,0.9941079247509713,1.0005476758076384,1.0049517055129225,1.0017095379388685,1.0000176825312943,0.9974550857730436,1.0002207621758346,1.0037746358220454,1.001433898603545,1.0015253129263977,0.9969770954327063,0.9954383549753341,0.9985881096206878,0.999924632757998,0.9977558527324034,1.001097411598163,0.9877677504974322,0.9931078665045069,1.0019615902584489,0.9957792121801885,0.9988322713961301,1.0003180821423197,1.0052903761473266,0.998737155871859,1.0063888541424115,1.0034869487832918,0.9973077299935462,0.9999328472716309,0.9999910948829711,1.0031925166026665,0.9997817706699391,0.9990622255462952,0.9961580937406046,0.9990604089606726,1.0018547648945622,1.0026812829221343,0.9993036162845097,1.0048699863318558,0.9983928417334047,0.9986599253294266,1.0026130015579924,1.006019565329362,0.9988518414043716,0.9952844188296863,1.0061195979444026,1.0009495083989566,1.0040963370369365,0.9960177345143911,1.0043397777819767,1.0021856610625866,1.0083246868542517,0.999969036212532,1.0017413947267766,1.0028292642854981,1.0022975734730404,1.0003114808535163,0.99865946455867,0.9905030357875318,1.0041056824737054,1.0024803904079265,0.9986601484157819,1.005612158208958,0.9977642025775172,1.0023383824763445,0.9979136601746693,1.0001123983938325,0.9967160761992124,1.0016416627913114,1.0014137574831414,1.0002182967030713,0.9960302904934462,0.9985972657026355,1.0051152790031976,0.9988962186012996,1.0040052435033338,1.008882861184874,0.9998994720538825,1.0037586603649769,1.0006706014464735,1.0000302040886764,0.9919252454060852,1.0002719710324977,0.9960410366151968,0.9921552277487918,1.002631807906738,0.9994478374301173,0.9945000580981144,0.9977812778296329,0.9999061666849073,0.9944913691920173,1.00376154697765,0.9975303401624592,0.9958263893631095,1.0071077067315999,0.9973043049898698,0.9993287228982735,0.997867994059767,1.0035430138811479,0.9952256775530153,0.9925597037504571,1.002749759144357,1.0019212220101446,1.0019953049678283,1.0041981870578345,1.0101651184731022,0.997074619960461,0.9945167078663965,0.9992418464577407,1.0002876638170106,0.9990973149836445,0.9941325607639082,1.000916527237053,0.995834914736885,1.0015216870174135,0.9975703976570236,0.9960300820223333,1.0019729500617693,0.9989723349592865,0.9949046472462364,1.004216035693055,0.9933428592900304,0.9981797946085255,0.9976952586047343,1.005064671867441,1.0011492780461368,0.9995853697961933,0.9942433661565819,0.9961802941025454,1.0038214178702283,1.002452867596872,1.0004109006236772,0.998302316360456,1.0010457934145787,0.996026651541896,1.0036635202621633,1.0060753146315375,0.9990567642326462,0.9978605980323527,1.000975350541111,0.998748618301707,0.998886410077643,1.0002547013178629,1.006626641305178,0.9901153772428523,1.0012606535321305,1.0002842562727872,1.0021619845156364,1.001046407776022,0.9970884799117475,1.0022644652158323,0.9994797991519574,0.9971397772376572,1.006430695522267,0.9925684833868388,0.994954056587096,1.0071845787290454,1.0007255469270122,1.006558022555531,0.9978800725607622,1.0018507711450193,0.991313874814454,0.9962747425192766,0.9959201056066096,0.9989709768444419,0.9976702692147199,0.997872837656357,0.9968123850903688,0.999917860724444,0.9967794458031031,0.9991686256153077,0.9976542354397439,0.9960934184577384,1.002120637640722,0.9956319536695426,1.001527995940309,1.0038386411678784,1.0010402804587524,1.0005424487987773,0.9988443923841489
16,2828700000,1.0007193472149125,1.0042798202828767,1.0001142144489736,0.9980671815457681,0.9973404414773497,1.0011159723560434,0.9946794207060053,0.9968210991805307,1.0033874219802577,0.9990587924203985,1.0015737498607924,1.0001439839750035,1.0005863528071923,0.9978653167704479,0.9993082333371972,0.997660513490621,1.0010716774475314,0.9998658008214136,0.9960555082549086,1.001547558237506,1.00018273291275,0.9976351364113893,0.9950220630620131,0.996624619100601,0.9974531638358182,0.9992016302944605,1.0017216960059494,0.9997186244603099,0.9999760404615141,1.0037378754400306,0.9972344167439658,1.003297223347656,0.9984099795257063,0.9987575216571167,0.9967291637039456,0.9976888843557538,0.9965338382969919,1.0010225984403667,0.9989764184906459,1.0064241449624471,0.9963248802830199,1.001632896225274,1.004117945278873,1.0014938014602102,0.9990297284346565,0.9919662984777994,0.9940538488876993,1.0062433922807101,1.00652635360089,1.0021306178877432,1.0011602386329574,0.9986095546669669,1.0002727207608484,0.9989788959801895,0.9947603850424833,1.008896926721753,1.0042018540909319,1.0058119805673489,0.998367072228399,0.9991799709231898,0.9988303823562821,0.9997377721732142,1.0049742053707154,1.0018339900244586,0.9986033044888533,0.9960876537019515,1.002832636831621,1.0065931874877372,0.99390400948819,1.002285159564849,1.0017393784735718,1.0029778921054493,0.9974578434158479,0.9961095582096648,1.0015952556808487,1.0038300969459077,0.9982567682235045,0.9928913525945484,0.9971148550678498,0.9994253140760465,1.0072805735083914,0.9992096971742592,1.0084310567689503,0.9911422448485703,1.0009560875640835,1.0025468589843654,0.994037840233555,0.9989772547076485,1.0008565530461866,1.0002074627231707,1.0010040187899931,0.997493722903221,0.9932433763791306,1.0041303099337178,0.9958817297344126,1.0000883202039539,0.9965720835925799,1.0007476755951776,0.9974951950447981,0.9946247545626924,1.0052288605666269,0.9960540115821997,1.0007431697796545,1.001577404340032,0.9980365014283132,1.0041066026535472,1.0030425872058197,0.9941492658204184,1.0026996476957388,0.9921963595571386,0.9971651302917484,1.00806275822407,1.0079661190405915,1.0022488054638607,1.0002387068032557,0.9931101300463431,0.9975027037014268,0.9959979137773799,1.0035144847033637,0.9948330509268746,1.0023279930255584,0.9963893433950529,1.0001429651340858,1.002707483053144,1.0039250683435978,0.9980418244903434,0.997695119688854,0.994112555825851,0.9985696298662149,0.9975590014787457,0.9944674706902472,0.9922834260807957,0.9988789682792817,0.996482717154692,1.0083559164753952,0.9965149321568653,0.9970135784038318,1.0014230470132874,0.9949332894737383,1.0027633842242154,1.0004197135615294,0.9995391821884232,1.0028087149823641,1.0026952088783758,1.0059399318026059,1.0030214642505801,0.9953035317619412,0.9992175753716463,0.9955140414076544,1.0014548221266946,1.000115304956064,0.9999367266033645,0.9946570647597085,0.9951524244323728,0.9992820355755814,1.0013470906994435,1.000675578956351,1.00238259687982,0.9915524866016354,1.0039346856072568,1.000406362706386,0.9930294473066607,1.0043583679742036,1.0021369412868424,0.9966955164144079,1.0050159426417062,0.9918119840032927,0.999190691277596,0.9974884132049898,0.9994335612969496,0.9966786775575943,1.003893822068173,1.0020070494362958,0.9935790571126176,0.9946311176453296,0.9989631383586831,1.0036557987680583,1.0005319730706925,0.9959146837370215,1.0010894846027059,1.0002805225523843,0.9995374803318289,0.9909632068716929,0.9941330032093301,1.0008795525941612,0.9976429387341804,1.0008734304954134,0.9913285034737204,0.9965800776310473,0.9971242406693261,0.9991486272021723,1.00059843529348,1.0061676105295703,1.0000076618735074
17,2829800000,0.9982363715047446,0.9979871237648069,0.9992684017971349,1.000798788372668,0.9907326189903782,1.0016548409098531,0.997415250317342,1.004648577796012,0.9994293298797295,1.0024271850170974,1.0031461060392572,1.003248036252183,0.9982443904615254,1.0001646315352155,1.003670387541849,0.9999049177177006,0.9980857293717579,1.0055249562769992,0.9965691250223138,0.9997650143552596,1.0037813225470436,1.0004975669040896,1.0010374755556848,0.9963891340580954,0.9874477745941617,0.9996943851434686,0.9965075048281598,0.9969976027506076,0.9978233683205054,0.9999284416277608,1.001586315754794,1.0049167812631072,0.9963852795830065,0.9978018710447069,0.9960295941978182,1.001987538838601,1.0089981554539853,1.0026400570710403,1.0032551715966413,1.000257860974151,0.999404417060123,1.0037460186450204,1.0015849826087817,0.9928320043306574,1.0028731417831926,1.0028230797616777,1.0053551544721517,1.0003653687832457,0.9994800956843893,1.0082606159188305,1.0011059910990905,1.0044421083163952,0.9973214202840335,1.0041536829230948,0.9982912078185188,1.0038270939913223,0.9997110296656848,1.0014649477640951,0.9975551038470114,0.9968422711184093,0.9965446099343431,0.9975327667230335,1.00086413449412,1.0016905581488162,1.0031051990123472,0.9977379579820835,0.9992283884429233,0.9999942028737975,1.00520409148079,1.0004852007796528,1.0005654860732525,0.9980219615900608,0.9973839246371945,1.0013546296717533,0.9944941425941923,1.002695461184577,1.0004209547078855,1.0061541071319948,1.0042637678045576,0.9961734843815976,0.9957863515971203,1.0079866448940142,1.006553758405961,1.0011553800975512,1.0039290966864576,1.005740219542466,0.9907136184970271,1.0017462492413283,1.0019067887607171,1.0028353284510187,1.0006553390021184,1.0078652674339612,1.0019575844198674,0.9952076956089388,1.0039790634547445,1.001509438482637,1.0010424067075452,1.003113646518028,0.9969614416716392,0.998312349823969,1.0007159952844789,1.0039451749054864,1.003251761184796,0.9922640361624937,0.9982310512136622,1.0009905695526953,1.004814424397889,1.0028887395803083,0.9969978150274714,0.9978922187938957,0.9983926496000829,0.9988610361396314,0.9991186442902938,1.0050995833154368,1.0056335984329277,1.0019849742217264,1.0034249490435814,0.9960363961039128,0.9998593209342418,1.0001290094532689,0.9989946081177535,1.000676500912857,1.0017359050089605,1.000134681440053,1.0020058034129877,0.9928657753010742,1.0012497422581985,1.003263207770217,0.9968361260176457,0.9959850529156358,1.0016008876941285,1.001292910832928,1.0003177171791904,0.9985337631295825,0.9998120385677459,0.9959767119613073,0.9973604462574491,1.000844255950326,0.9980224259088714,0.9957151452378579,1.003430885207588,0.9926199934207994,0.9940176482934515,1.0039492720273833,0.9968349443766268,1.0003391187468627,0.9990441386820916,0.9997476098110702,0.9983859200512556,0.9958309679745243,0.9964514494508999,0.9966983846044052,0.9975394143807632,1.0051971622335265,0.9972315278977802,1.0008551951095923,1.0002837734214332,1.0050841442719962,0.9933794704379123,0.9993056686195274,1.0090339252227352,0.9927135846547127,0.9915795948735987,0.9920157444736556,1.0060898714032187,0.9954912144625129,0.9977910466208313,1.0010604710632727,0.9990706804820045,1.0006909026093644,0.997564836426397,1.0027294849652237,1.0007593237177146,0.9981457120974465,1.0007275140493945,1.001286627294916,1.0036606269661648,1.0033087823717586,0.9960109237507077,1.0049149952317642,1.004217360818357,0.9996026968679581,0.9982044782144497,0.9978489103659037,0.9921878709318268,0.9972066794430153,1.0037611263928812,0.9971915812021449,1.0010894963622325,1.0053854981011674,0.9964228542561083,0.9968921360083404,0.9908223707398566,0.9885046644573007
18,2830900000,1.0008595558404436,1.0027999538148498,0.9965307884773068,1.0008868056466351,0.999962456849778,0.9954397312888024,0.9928329350942374,0.9962955499966025,0.9985835883157841,0.9971356198353328,0.9991192750393082,0.9914952875225864,0.9987154150925637,1.0003626342430971,1.0026140771554783,1.002754375524461,0.9969416695177337,1.0004045442544223,1.003360094354698,0.9984578393124649,1.0003174091100855,1.0014371297041085,0.997708902892477,1.003081092155318,1.0056015079792313,1.001646326907072,0.995706916440833,1.0041997880938067,1.0046360910850751,0.9956799034997786,1.008336821238301,0.9976592523352713,0.9980011590631914,1.0005571583323667,0.9943244398430909,0.9984818655925843,0.9993527746724215,0.9980340703494512,0.9958632942010978,0.9951934127513253,0.9941888875375453,0.9964252730451717,0.997982806006433,0.9999608166074369,1.003270408109335,1.0011885738032429,1.0059625364607143,1.0000116100774727,0.9946143726255487,1.0071868142714915,1.0020021373529189,1.0034057686980862,0.9983578928347876,0.9990727763614566,0.9957167723189103,1.0053134387475242,1.0040069692755018,0.996889990705503,0.9995284668330844,1.0018938969367073,1.0002106464234615,0.9961391948443443,1.0080341899579481,1.0015561301838987,0.9963655731472265,0.9960509072006112,0.9981806750408693,1.0008089421313817,1.0034191246068818,1.0019430693389415,1.000407385502186,1.0012535292045919,0.9910453706102283,1.0012085292375106,1.0032406578702753,0.9981432988445142,0.9952844505972026,1.0013613413344071,1.0071563169830977,1.0058578837438374,1.00147162158446,1.0076165464605482,1.0014726735360553,0.9992977103437806,0.9975748099640672,1.0018452084753642,0.9950357079705505,0.9956920091190561,0.9985944860395061,1.0070282328705662,0.9973306666626687,0.9943113769160312,1.0098913543611987,1.0032059248376388,1.0019256278880393,0.9987497554176006,0.9954225162289437,0.9944421119676313,1.0013295447919957,0.9958601664029385,1.0002974977057044,0.9970254010765586,1.0049084614332473,0.9971867045631984,1.0048094892779948,0.9944673387324973,0.9970047963485424,1.004304241009993,1.0006678420612065,1.0014337729091056,1.0023700281413532,1.0024685678952054,1.0004216930824115,1.0006536589106712,1.0011009933030304,0.9961114228783925,1.0053597635485598,0.999509722926095,1.004491222259438,1.00322141249114,1.0062217375040432,1.003936956468947,0.9942666565324503,1.000616313973343,0.9988039647508449,1.0037255026530691,1.0020548611407205,0.998915631429186,0.9994678647461511,1.0008385086224176,1.0044796785159242,1.0022639401013667,1.001564206916889,0.9981504643932135,0.996420988813509,1.002403082030232,1.0066742551535084,1.0028753815297293,1.0017654397420677,0.99474551212508,0.9985180562223488,0.9891327545276345,1.0035239722735676,1.0101730110485179,1.0022988154428365,0.9995372754556094,1.0010969916786678,1.000565197441113,0.998039187408795,0.9955511645629121,1.0063880273223138,0.9939407451563629,0.996126708829616,0.9951379690409266,1.004264822906063,1.000145333067511,0.9906512274998914,0.9986856674121826,0.9962550559381717,0.9983900880681401,1.00791121057219,1.0026985058209836,1.004475524665266,0.9899101021420497,1.001420387111803,0.9987948846613272,0.9972188858572629,1.0031027334091231,1.0036342091860908,0.9965202531157901,1.0095425780319278,0.9966909826241866,0.9976103450548839,0.9950685627882477,1.0025119923387265,1.001932390066102,0.9968102251989759,0.9942516089532776,1.0012468158146999,1.0039796396064997,1.0046539269170127,0.9954171598106141,1.0048581887521948,1.0034493802999143,1.0009550029621983,1.0063931561706465,1.0053982993298791,0.998984850813409,0.9979619783204496,1.0040978333428972,1.004347378382091,0.9989184321099082,1.0017296938577471,0.9999297475483415
19,2832000000,0.9976593834383378,1.0018878788849792,1.00137201190515,1.0010656428425142,0.9924383423531782,0.9949079869211738,0.9983249987794459,0.9974382078457172,1.0036428865927187,0.9965352909153868,0.9978054944211192,0.989579666467894,0.9968179462315697,0.9898462791185385,0.999465817796028,1.0030667522988193,0.9916856955816329,1.004290574525718,0.9997116768205289,0.9985280011207244,0.9969835029819824,1.0050510489601951,1.005021376256999,0.9918195683032067,1.0002628812264973,0.9911744156952575,0.9990454895681846,1.00119461078903,0.9977189084532231,1.002752544419043,1.0041998759383606,1.0017563029720051,1.00410680118379,0.9931086441818704,0.9942993179186508,1.0009860874803396,1.0044220444164955,1.0022622912320243,0.9963541452430276,1.0007173902143993,0.9948283109142622,0.9995235202214663,1.004486878070661,0.9958960839082754,0.9953974187091686,1.0004856888702995,1.005554689550246,0.9947568553921624,0.9949450858453102,1.004708346098216,0.9954318044455209,0.9996945153210333,1.0020590967087442,0.996990831253097,0.9968034971660255,1.001193189146517,0.9964879405684474,0.9955261016873616,0.9944851685342246,0.9978565872754385,1.0017760004679854,0.9973652261556384,0.996782437405179,0.9962909517861922,0.9978375295633284,0.997547441900382,1.0050705446588444,0.9993822472037317,1.0078350423179587,0.9987100524907698,1.0022647195237124,1.0007657294804246,1.0000943712452297,0.9976804245174739,0.997082536753756,1.0005187335221162,0.9980831195181035,1.003809852780294,1.0011554437885077,0.995998320430862,1.0006495850940866,0.9961114773655192,1.000389930876471,1.0020887914693148,1.0087932736848597,0.9986995491541263,0.9998766896627019,0.9974069018114257,0.9964090555288172,0.9956803562616301,0.9981941118478403,1.0058005923735258,0.9972889126337993,0.9992358242266074,1.0031312867890545,1.000849324102498,1.004788419491925,0.9976475442211254,1.0000134575938064,1.0015656204653522,0.9932583840982206,1.0042501321177264,0.9958564860302388,0.9959128620048295,1.0077188658568823,1.003561897134431,1.0008672844450646,0.9994025615110884,0.995267583098706,1.0007780890303657,0.993724544087937,1.0017937406722288,0.9944710427692658,0.9922123557756645,0.9957646199741843,0.9962484283429361,0.996118898144926,1.0018180325685173,0.9907337194001,0.9978187518189298,1.0036409794171903,1.0102357239001365,0.995111251024789,1.0032250453636298,0.9945360232084712,1.004820159193075,0.9962250289871062,1.0010987351259633,0.9971888630521192,0.9976024820496344,0.9964232859684508,0.9915863226635462,0.9985318126915654,1.0057678482720263,1.0020827300702062,1.0006146820586475,0.9934289432204271,0.9902174985141836,1.0031814801920875,0.9994773687571553,1.0001280265711998,0.9963882785840179,1.0036068485395153,0.9939844460499682,1.005701554888712,1.003395919489685,0.9961496590595829,1.001688691621417,1.0008759389334332,1.0000328912226253,0.9971588252649451,1.0019760020228299,0.9987802775970167,0.9944612646432218,0.9957558000386634,1.0004008167616298,1.0045055697258765,0.9970819044402733,0.9980588242521738,0.9956565249676619,1.0035044035734035,0.9993608534794438,1.0042852691242623,0.9978301885360668,0.9947766074647598,1.002348364865959,1.0018198560218512,0.9984151997366709,1.0069865745123205,1.0049353048859437,1.008948120691082,1.0021169968377457,1.000245490507382,1.006221635130231,0.9925600366497535,1.005448312754197,0.9997230140912335,1.0007331705477216,0.9990027346415612,0.9973714880407717,1.0040063980672833,0.9946590595591172,0.9961613589210168,1.000390557566321,1.0032283259075425,0.9993762025040236,1.000600269568557,1.0013395624888455,0.9967272127708865,0.9995809055569009,1.0015558842649304,1.0051603062446826,0.9971530567942196,1.0007151671413503
20,2833100000,0.9975916953007091,0.9954858739619846,1.0003676443366094,1.0078589428673028,1.0025425348216586,0.9955988901315448,1.0012242004584984,0.9928517239019534,0.9910574279316988,0.9971581738378236,0.9998949959432945,1.0042484238645715,1.0036143993937465,0.9996973309548496,1.0014783884095437,0.9969956355072771,0.995356559307817,1.0007229311754304,1.004653546434642,0.9989865205919548,1.000159364967785,1.0020285961448312,0.998440554317958,0.9942333848007419,1.0010014040490227,1.005930542940038,0.996640876864044,0.9958426777825248,0.9945945186341314,0.9980711645530074,1.0021606039396966,0.99599114555994,1.0008977849905674,0.9934735220672365,0.999269948536847,0.9949863182247851,1.007646317967985,0.9971482195233106,1.002479190597682,1.0010304685854579,1.0013933010993459,1.0003085350296197,0.9982422834802405,1.002372834201649,0.9940131356501154,1.0037645304322804,1.0001416449887972,1.001250145955071,1.01003003591063,0.9994944156660217,0.9953096643940674,0.9976623095978793,0.9930554163189967,0.9982022296719072,1.0047649282916409,1.0021073843947272,1.0034456554729492,1.0017605798557214,1.0021668716725298,1.0010084820555438,1.0060357266115691,0.9954226039725573,0.9982355353613959,1.0013362762378688,0.9975639754959025,1.0026812323697603,0.9971500535601333,0.9961632198945567,0.9924570938524798,1.0026477436438868,0.9958673694647718,0.9984328750093546,0.9993671388074221,1.000538544077868,0.9970852940006099,0.9931336162941488,0.998013676785987,1.0023278067287371,0.9978210382676845,0.993964888523087,0.9954383553190919,0.9952623173815802,0.9991756765979972,0.9964228620382423,1.000717662133998,0.9959432365683237,1.0005680707897218,1.0009461206180505,0.9993412879613865,0.9955100477864088,1.0001786630304013,1.0047741949454205,0.9985366779939051,1.0027031914056752,0.9979824052210371,1.001833448732919,0.9956495182970213,0.9951205832476872,1.0029878403687957,1.0008308700560353,0.9957703729443175,0.9965398289298721,0.9991982223424372,0.9910861826416985,0.9983856010145399,0.996941059395361,0.9978308794928649,1.0008634482929377,1.005083223769474,0.9973790065322053,0.997505713260006,1.0005972183243534,1.0031800875504235,0.9994872144883191,0.991985623222435,0.9957067724705022,1.0024104153691467,1.004955436774641,1.0045153109941836,1.0022941939469516,0.9991218233288169,0.9991162835967365,0.9993208234305163,1.0003919464501678,0.9978040560368473,0.9975251377036258,1.0007039757311393,1.0028367326706487,1.0017682124383123,1.0029992234322735,0.9946983285618693,0.9928243678507594,0.9994598370328577,0.9994835336381335,0.9994325912197412,0.998899454492206,0.9987735965103098,0.9968170046446475,0.9977808049766631,0.9997371693307433,1.004581183038995,1.0061225785113825,0.9931711248466827,0.9985203325694119,0.9884952296868349,0.9992121671603349,1.000587659419188,1.004593464409079,1.0075584720231574,0.9925657187677602,1.0069728750940607,1.0034990875540364,0.9979366150158857,1.0003884256166315,1.007598405875266,1.0033417548172356,0.9963765783623826,0.9924620733304125,1.0016210350167076,1.0067524188781944,1.0027726345275212,1.0058336482496966,1.0011339477900025,1.0009297317955081,1.0009637835404215,1.0007327710785028,1.0085247453289579,0.9960051124265212,0.9970361064190576,1.0001578743408823,0.9889316478110173,0.9980471458515229,1.0051997414830223,1.0026148792692502,0.9981068031634678,1.0001692024080269,0.9982074768317445,0.9985045681243123,1.0014208250127181,0.9951365777167839,0.9958530610471924,0.9980968065797157,0.9995518912627473,0.9993755967704899,1.0023565376926784,0.9984646598602289,1.000486664154803,1.0037519234756977,1.000591424401801,1.002123017577957,0.999053860979109,1.0022166290209589,0.9988941551206925,1.0043606635420705
21,2834200000,1.0013252890165216,0.9993398686559338,0.9918886264255525,0.9925754511539246,1.0006167901249459,1.003058542920928,1.003863964850064,0.9976944245954945,0.9938876688699777,0.9950037931148756,1.0087548783200193,0.9903973727061895,0.9998826406458547,0.9926537682448429,0.998883955999195,0.9960964136158483,0.9906495068775569,1.0042449018944466,1.0035190390034066,0.9950498842494674,0.9979711242028041,0.9975844031401249,0.9957994425590968,0.9974012886545588,0.9976735404763357,0.995516631878964,0.995875696438038,1.0042958534274578,0.9981532680366426,1.0054028796283494,0.9975008963044041,1.0034958118068957,0.9945385686056244,1.0115780406585495,0.9990329158045217,0.99826006936674,0.9958263597834348,0.9991055496885783,1.0023045137652937,0.9995307630371267,0.9924047013911164,1.0010594590651927,0.9991798967213069,0.9929972677610442,0.9978736305933434,1.0014081891614657,1.0049433533313892,0.9998399146685893,0.9992713896144297,0.9961966655366725,0.9970534485522231,0.9915441346792742,1.0038064058575442,0.9964695815410319,0.9980381118154745,0.9998111215127833,1.0010000761300657,1.0005266032491362,1.0014482242240599,0.995172121575778,0.9969762384874973,1.0039833311149873,0.9989359234725772,0.9961694287591218,0.9988868570607059,0.9964932292581422,0.9994509852424561,0.9974596997853615,1.0016591887118445,1.006735140846732,0.9972788457400168,0.9967635363238295,0.9981983956597993,1.0051484118886411,1.003729882388681,1.0005565154385485,0.9979300875603748,0.9984772635634082,1.0015945010784308,0.9998219860921292,0.9990801767637392,1.0031682247341263,0.9999006741886068,1.0031757424092065,0.9995506608282727,0.997906020844904,1.0049953495663455,1.0014230509322835,0.9974357648056701,1.00886035728703,0.9949479642802259,0.9954538404711107,0.9956774605076977,0.9898952143451029,0.9936691762664932,0.9983387496781126,1.0041153933886697,0.9996336809850787,0.9943163221970994,1.0069484081414355,1.0032819115460823,1.000082023495688,0.995099323291096,0.9977377657273294,1.0025813263911652,1.0004306692268519,0.9988746967492741,0.9999771040557296,1.007488348809943,1.0075811548168123,1.0074186095914939,1.0011389467746925,1.0096237335559506,1.0012745877603877,1.0024046956763548,0.9978824508104092,0.9985972176971704,1.001354253865462,0.9980639890158464,0.9992449004844643,0.9998732476842415,0.9951985777819314,0.9971541502686757,0.9987594653349744,1.0030187794875267,0.994173206031887,0.9968757185767557,1.0002619060666567,1.0026790277077087,0.9997234540245196,0.9948144861882046,1.0055167816579909,0.9998912222506922,0.9960492872598845,1.0045957959738607,1.00565398015859,0.9963302251531752,0.9922724672994998,0.997353865002402,1.0037936312034503,1.0055185186934728,1.0031343136353161,1.0025225786616436,0.999084076945296,1.002704673715191,0.995847460251156,0.9995854406945895,0.9992835861983917,0.9992710933889526,0.9940652286287869,0.9968708219046045,0.9993000557001983,0.995950266603245,0.9993109503138002,0.9920078132759169,0.9966126902269832,1.0001842625725064,0.9925391429897933,1.000678449046596,1.0057158460457063,0.9935913413449666,1.000565130493332,0.9953911263253624,0.9940092086175045,0.9978845276205277,1.0067468807651037,0.991743161796524,0.993212330967209,1.001717813734202,0.9976155294228373,0.9949992902732574,1.0007847108176797,1.0069149647627955,0.9950736721664991,1.001652628149477,0.9973495321023775,0.9972464470470395,0.9966322952491866,0.9980323253347372,1.0030542765773856,1.0024717656472943,0.9951322849587713,1.0033523869475396,0.9974994171501392,0.996837921881661,0.9966266206803589,0.9968347896456038,0.9999996413033178,0.9968353915569123,0.9991052670546592,0.9972710756461264,1.002290264313866,0.9975716099848608,1.0029145274565672
22,2835300000,0.9969871747560007,0.9916554855975619,0.9988846825471903,1.000722201834172,0.997969518764593,0.9930492260738547,1.000957696533936,0.9962551258708208,0.9983525098784584,1.0011340047768416,0.997499677193784,0.9939383596458123,1.0017415365881044,1.0007149218307598,0.9978287739566082,0.9979489070951983,0.999419945136302,0.9997822294129206,0.9952147211112721,1.0036138243732997,1.0102261794090144,0.9948836390970024,0.9975479628922684,0.9977961619466746,0.998748019233182,1.00515734775055,1.0066775590394126,0.9990719153056158,0.998188593750662,1.0011535544620616,0.9993078572384186,1.0008049701480763,0.9981952104852636,0.9972420375164369,1.0045940815555485,0.9985840156158343,0.9897394532717164,0.9953481784527375,0.9933347644167936,0.9978882544540543,1.0025566101784702,0.9989578981914178,0.9952047833338746,1.0020604558723996,0.9975452037536355,1.0003727730933667,0.9971987402819559,0.9965018887688848,1.0008013923721772,0.9976190047146437,0.9958446904504351,1.0003849393535205,0.9970430448872223,1.0000138872571644,0.9958407794130056,1.00154850529856,0.9979950704853104,0.9989877821202297,0.9988322467005768,1.0009956136671117,0.9975313451822738,0.9954486199255468,0.996000712808033,0.9999209998242264,0.9986628853429107,1.0050066328210123,1.0041418253049468,1.0011673883565493,0.9967139033626956,1.0040955901943127,1.0017299150626067,0.99375714792836,0.9976618051661191,0.9963733132683033,0.9920055075609865,0.9924364971528945,0.9976202209180026,0.9958016641182919,1.005832529042875,1.001043466731076,0.9935223821942908,1.001626038423921,0.997976585957901,1.0073199892708844,1.0047525665271075,0.999772453369137,1.005413140659721,0.9987841784727036,1.0015789987974635,1.0040835353841784,1.0030139750529292,1.000951931584064,1.0019321831047845,1.0009928142618962,1.0028603366805633,1.0025647285910384,1.0002136434382487,1.0083942216835382,0.9957859830870412,1.0046166977084552,1.0015929931253302,0.9982012937587446,0.9934211188403357,0.9900309241582473,0.9985387324522598,1.001266340350845,1.0032859830459373,1.0003694334859874,1.0040839126732481,1.006779341727217,1.004250497059128,0.9979336365447163,1.000115199894867,1.0037558500296118,1.000099333660963,1.002540144414678,0.9946534789976358,0.9974075618024366,0.9971018984078299,0.9946281924340239,1.0042477420244404,1.0018404904530611,0.9962731588175131,1.003693515249852,0.9935556012225042,0.9930175591088233,0.998530735003301,0.9998652550767038,1.0006159922601388,1.0080579646845533,0.9972414422004022,0.9962267424964037,0.9960290169822469,0.9992783584971724,0.9992311462608496,0.9970690141992554,0.9960838814088017,0.9994285452419847,0.9981418669961737,1.0019716930212397,0.9944636120264899,1.0020147741142638,0.9999807142260501,1.001038396321875,0.9965444370217056,0.9895532297736231,0.9989118122101449,1.0014075234056863,1.0055543431047982,0.9991344101050766,1.0007428795762991,1.0005311394523955,1.0045061819040828,0.9971025764738407,0.9978443001194137,0.9950963968201185,1.0041674764583002,0.9999412945327878,0.9972752383155952,0.995511057351497,1.0032823098872998,1.001154210763928,0.9992643362665847,0.9976422896645064,1.006089361325556,0.9989061701374576,0.9977841332264016,1.0050650204496892,1.0036400993474333,0.9937111023952023,1.005791512581121,0.9995134132214578,1.0007403165839563,0.9981143793526024,1.0009330932268055,0.9981705843027323,1.009807854391991,1.011337284399609,0.9939900709961146,0.999997610645931,0.9996604266967464,0.996220377737394,0.9965380742109993,1.003778809641326,0.996310737781788,1.0017196066012293,0.9996740022702929,1.0027861972301981,0.9989316148175058,0.9991674126162228,0.9995304500261691,0.9941659019363226,0.9994340321073387,0.9947558862320371
23,2836400000,0.9982947647703841,0.9938167956232704,1.0022909947839043,0.9946950469379227,0.9957125017974657,0.9999042931679144,0.9981722885500097,1.0028154582747764,0.9995687239486144,0.9979457314857999,0.9995521637516541,1.0014172945573447,0.9937954385369285,0.9929318742162302,0.9985179176369525,1.0082871356506617,1.00283004460298,1.0069075041211075,1.0030958984209841,1.0062359784371304,1.0030014009258605,1.001686180211837,1.0000159599035385,0.998110513895124,1.0020238997558033,1.0003036480096323,1.000278310939456,0.9979947063572845,0.9959223777846355,1.0008517344531542,0.9997961387019617,1.0058590057649521,0.9982404834242427,1.0029654079009718,0.9952294691180644,1.0041909944023155,0.996285095909175,1.0014145351577457,1.0110166838495758,0.9973172286442136,0.9918807244516893,1.0069863306283695,0.9955675504156912,0.9979180679369928,1.0068279099038158,1.0001617003441636,0.9993474916109119,0.9974695200473583,0.9952264110403578,1.0023354749061368,1.0000293338862516,0.9954805896318405,1.0101096675464716,1.0024065895185525,0.9978400724499543,1.00295157245691,0.9948006544703946,1.0016504313610946,1.0007487768728922,1.0039733550039305,1.0024788126943676,1.0030741573477702,0.9932442960494895,0.9931110372290152,0.9971898759877212,1.008900325089711,1.0046740115677217,0.9953638254977039,1.000216950103062,0.9971026591008237,0.9982648671513598,1.0008158621735064,0.9950467879839033,0.9949381164795204,1.0000697073665359,0.9975917583104154,1.0041393509379846,0.9969307195191854,0.9970465911708675,0.998285726290137,0.9967319190396334,1.003627718922945,0.9959881997382954,0.9957127864762928,1.001977801904886,0.9916475356639362,0.9920133537716233,0.9977577620100413,1.0025036307981157,1.000122779950139,1.0034659046820296,1.0023785545762611,0.997144153528429,1.0078424932401002,1.006700673807363,1.0065098426026402,0.9946943223356478,1.0030664197180155,1.0055318693063644,0.998639232603438,0.999096013912557,0.9987491533379124,1.0002928392748829,0.996714952164504,0.9991876144751736,0.9994532368685802,0.9960614068292746,1.0021537635893527,1.003527963198372,0.9968813620268042,1.0025682731541663,1.0003670737903485,1.0004495214325912,0.9964613321935454,0.9997390001507355,0.9920802908916149,0.9976193336027612,1.0043859296025022,0.9974952343521807,0.9948911752729395,1.0026137425194281,0.9994961724294357,0.9957862450787284,0.9979892281038163,0.999977260374921,1.0019519952824627,0.9964455008734632,1.0020100668790213,0.9956831992584954,0.9988386137516702,1.0056210180908203,1.0031608813429407,0.9997555911379515,1.0055532556900146,0.9964569397031598,1.0045716705993468,0.9998878200524836,0.9993686270596858,1.0015960302141023,0.9976591694944271,0.9963241013241397,1.0017602095502467,1.006805322153967,0.9919516016434466,0.9960769464307346,1.0008173309765906,1.0018184377638053,0.9973190398432731,0.9992873939681921,0.9977501225422143,0.996452140560927,0.9961709677369381,0.9997401292199777,1.0054916428946397,1.005347206614904,0.998175574994,1.0005074129724598,1.0040254581670016,0.9977602662016698,1.001878569012252,0.9981938663351732,0.9994997583334165,0.9957252276538372,1.0022127195588781,1.0007639504985335,0.9949049486662069,0.999474796634724,1.0038929824738225,1.0043927761648108,1.0074152165946066,0.9994924558344157,1.0001450645479804,1.00030595481872,1.0031980598819978,1.0033312814086721,1.0002982121480972,0.9994291491614786,0.9974031579747109,1.0040468831549465,1.0012273752733964,1.0010383919153392,1.0063860629765862,1.0069715615626562,1.0005856286988275,0.9959274435087438,0.997409403545927,1.004917544907347,0.9994267466681234,0.9922227895179822,1.0025961509588375,1.010260891407675,1.0045741140238444,0.9954203950292099,0.999449810403585
24,2837500000,1.000143520229647,1.0009261027915621,1.0060027783116225,1.0021323133807203,1.0049525587368138,0.9967728026212997,0.9929193401491664,1.00445417304275,1.002090882534366,1.0018828664090187,0.993300054896114,1.003180302816686,0.9949376321949542,1.0007365652951556,1.0016748913361935,0.9984994423391784,0.9950207293056471,1.0046869329738943,0.9949710263442271,0.9935189589411701,0.999924405635555,1.0021638285476333,0.9972263168230291,0.9966722368252653,0.9928363363539646,0.9958104057291659,0.9989098628121413,1.0040867921051067,0.9969678084639754,1.0002385520646029,0.9970604089480407,1.000224120226429,0.9973475099726637,0.9997823518450014,1.0008748147712228,0.9996862012581481,1.0061327009655114,0.9979184799441533,1.0024169424878777,0.9997219110855486,1.010276840827091,1.0030778099947615,0.9999407344816853,1.0060290200280095,0.9990748849008884,0.9983758700083842,1.0018197028988882,1.0023446678925902,1.0044188692133702,0.9946289001050027,0.9919674289726119,0.9970449188635987,0.9985027701835039,1.0007202749469584,1.0010557385313346,0.9973487998235331,0.9977955105903107,0.9990190604123145,1.0022994614613556,0.9979529114396576,1.0063124837445785,0.9974873878555579,0.9938918560817622,1.001902939129201,0.9977535073741378,0.9944245565802045,1.0008295565964298,0.9957535132900774,0.9983980319076754,1.001368697872008,0.9951952983113196,0.9920179397068278,1.001978954274188,1.0000183969716152,0.9978962623680699,0.9949331560790414,1.001844554032204,1.0010221623095439,0.9945335870623868,1.0011562013411373,1.001055554732238,1.0033891999921345,0.9985325702582091,0.9957645905743538,0.994213016118023,1.0047952494882173,0.9983503559420032,0.9930882513564256,0.9997179898174765,1.0040839809413649,0.995759961705078,0.9988880520086824,1.0031832121428428,1.0030696283625185,0.9917384076941103,0.9961205092761863,0.9900108473098591,0.9934904636664985,1.001877628950052,0.9979486976440683,0.9991664972675851,1.0068861892013066,0.9960627244829847,1.005952329183579,1.0019637179785175,0.9994316204131998,0.998623641875843,0.9955916919578995,0.9935766709681326,0.997530451165265,0.9994799898276544,0.9949023076463495,0.9948660883521915,1.001242421070973,0.9927327088426314,0.9988943287013375,0.9894160859620837,0.998497891894528,0.9995674499005103,1.0032955893980187,0.9964098735373778,0.9950941475345475,1.003402532220526,1.0017661616354019,0.9948032526762891,1.0108365975390665,1.0018462138466568,0.9918820631197539,1.0005215866928137,0.993993493818845,1.003474402611517,1.0043438699436873,0.9944176417576387,0.9992777330009355,1.005621476012503,0.9940549888252923,0.996945082211816,1.004138160422872,0.9961275579870263,1.0021385588163767,0.996623136959431,0.9974094745596516,1.0026631711924958,1.0019745766113803,1.0019507257941298,0.9958161475771511,0.9999729425943404,0.9965250370450975,1.0008429534420091,0.997252630734197,0.9990102635325758,0.996404391983278,1.0009266359933173,0.9993207508891419,0.9947660631680186,1.00277440338829,0.999191755768527,0.9967361588189043,0.9922850231481359,0.9981592468179521,0.9924646894270405,0.9976841781925697,0.9999666681828612,0.9975671328670674,0.9995198336737373,0.9963058165711205,1.0008543809608037,1.001499407012739,0.998277930760405,0.9966254670834453,1.000750898598183,1.0019143191133915,1.0026475930055492,1.0025228605606962,0.9934549401738018,1.003454271257713,1.0009257700809089,1.003264324624944,0.9998926192012831,1.0017996944545187,0.9909099997797196,1.0063856861966718,0.9988346243348701,1.0044345157069967,0.9972523422898919,1.0034901426008571,1.0042835659764673,0.9972555848798822,1.0028298834661278,1.0021888393015557,0.9971445772011037,0.995660621887428,1.0028639819146876,1.0006954556590084
25,2838600000,0.9977874686277587,0.9972691262711607,0.9953189713391186,0.9966740033889754,0.9945068244696376,1.0013313762819547,0.9970272418403509,1.000618268600705,1.0017995827634767,1.0036197454695883,0.9945954555079867,0.9998329281591161,0.997465809438336,0.9986189337716328,0.9976830635734566,1.002406011133439,1.0006685266061934,0.9992563531102391,0.9945461305091143,1.0012624307316478,0.9992845976219432,1.000248440019526,0.996738341760692,1.0037896321053703,0.9926659240212709,1.0028605954476117,1.0000032618321937,1.002739995277994,0.9995424080239275,0.9975150939958916,0.9998098404985308,0.9935273479406542,0.997762172656557,1.0023614768359201,0.9957078790008849,1.004397722161688,1.0011736664176885,1.0055773746423229,0.9967332816118061,0.9988973848323801,0.9947865396344863,0.9921291907396874,1.0004338034653792,1.0003118062878367,1.0004010947171487,0.992869475386301,1.0014727539581672,0.9962862428055614,0.9999877408470731,0.9975068823297184,1.0038036628288611,0.9956864221958438,0.9977693348398612,1.0028917521944836,0.9965740997836109,0.9986902890709569,1.0002784020436943,1.000013299904891,0.9979488361522556,1.0011976035478223,0.9967357675814076,1.0009883609615269,1.0028532486198223,0.9958572403796251,1.0026252190630798,1.0001009428981513,1.0038390717740406,1.0037531281046592,0.9970382969552367,1.0001516873329985,0.9996777800371496,1.0009469826954858,1.0087197924139497,0.9969940701721801,0.9982217577627576,0.9939113181423693,1.003311444553057,0.9918242637237294,1.0017757187047112,0.9963494800485079,1.0026570865430053,1.0011720007268423,1.0019314426922423,1.0019815786927269,0.9981120078889875,0.9915342525840206,0.9890143481784015,0.999353719027013,1.003972450663633,0.996668643616887,0.9915957843198663,0.994647417973141,0.9975386131346206,0.9975124647145147,1.0006290570197385,1.002002053331136,1.0030004363629734,1.000702617910256,1.0010318990682618,0.9951923967412711,0.9971028755730248,0.9932160321080566,1.0036389306318465,1.003785306768206,1.0024286815016057,1.0010641851355748,0.9964186700983956,1.004266515339283,0.991736559995015,0.9980814143440163,1.0019096231515259,0.9944124746057236,1.0022542991577492,1.0011770012417753,0.9999678812004679,0.99432055360531,1.002511935041657,1.0032305715142924,1.0043128171039588,0.9975319022764317,1.0017955999281356,0.9968516170690457,1.0040512492127476,0.9996338996188364,0.9982850890580564,0.9986156057226432,0.9965430843135153,1.0004018569999686,1.004618285874422,1.0059377253019797,1.0004875793069028,0.9987735765522252,1.0024371836444665,0.9916544133416313,1.002656425384574,1.006499188297227,1.0012564611756238,0.9999316475906809,0.9968296704254949,0.9963919090749078,0.9971584771503104,1.0005703708705087,0.9956097836230631,0.9995263857441097,0.9989861236106585,1.0017685126548876,0.993410013659524,0.9952685634615736,0.9992375221696926,0.9997491624489977,0.9981691300018786,0.9967515418146435,0.9950233262822027,0.9918740101103198,1.0007806823138123,1.0005271636698911,1.0022359899599016,1.0027728409990142,1.0029906761071907,1.001626356799074,1.0050658188201522,0.9997662805279969,1.0002777204533109,0.9966605878120992,0.9969028749541985,0.9983673595431515,1.0000776185061613,0.9997289915779893,0.9977681385771934,1.0018977628104968,0.9967418962449952,1.0014691635058688,0.9991563570509214,0.9983554895287058,0.9966743906685632,0.995113769610995,1.0010425421278915,0.9955172524219205,1.007539046177222,0.9972996990504642,0.9953476023831069,0.9924932213378155,0.9973188935285501,1.00029344427442,1.003017873547914,0.9911611087103482,0.9943150121087149,1.001817340671422,0.9991261893742106,0.9966042090733033,1.0048160882755752,1.0016474446205341,1.0000195507603793,0.9975596437042606
26,2839700000,1.0006681733039366,0.997488168464658,0.9987404022685941,0.9976816193585499,0.9958939550991678,0.99624362956537,0.9983234183467691,1.0034876901993657,1.0016956531032453,0.9932018495928155,1.0005543965334152,0.9944485356991081,0.9976542110935559,0.9983717376766089,1.0023618701447703,1.004354744953938,0.9974743447253571,0.9926356446172864,1.0039386277917062,1.0048108805437928,0.9965388893494324,1.005737721597613,0.9977227227395463,1.0019433593644713,1.0026594335642405,1.0027621241238989,1.008022779774917,0.9976354027997637,0.993173328665677,0.9952802637536038,1.0018461141970523,1.0057718626378218,0.9972569466546615,0.9998524329996796,0.9982702246941147,0.994085360105781,0.9954702607114345,0.9966047895002121,1.000169070985052,0.9966426455550635,0.9985210697951115,1.0038476092494737,0.9999028117374075,1.0002660624358295,0.9999631167541561,1.00309002499074,0.9994430074241568,1.0004292168662996,0.9966241678151964,1.0020071591704234,1.0055767660980046,0.9984664574485841,1.0016398753694098,0.9973138719930102,0.9959195819747654,0.9981600085639085,1.0029162109399945,1.0007878751047712,0.9989345230191427,0.996558000660351,0.9958353343112536,1.0015357884691585,0.9951463808048688,0.9961211844093851,0.9986594777370222,1.0039829955694723,0.9973675709834152,0.995605399111243,1.0104498250267724,0.9968366287310031,1.000375152679982,1.0004746483366416,1.0064282786591745,0.9958074105538014,1.0025349434874902,0.9955316563333718,1.0003117261166392,1.0057030896394836,0.9962810143015263,0.9962816364336606,0.9991617600316297,0.9981797133213979,1.0063068860161206,0.9940799412462578,0.9971740135047368,0.9983781398348405,1.0009050972974514,0.9942897253885625,0.9977088152099174,0.9957404696891545,0.9902983403379951,1.0036557804452366,0.9983867606762538,1.0069549179056687,1.0065735580760147,1.0055772322190473,0.9931906706780484,0.9955137645931823,0.9960406557590088,0.9896412830013556,1.007967280366751,0.9984391620781605,1.003840828300248,1.0055437688742528,1.0007221938833768,0.9966179383087926,1.0001809008089062,0.9971667459909097,1.001681735668436,0.9999487000538252,0.9997687638611893,1.003469956807643,0.9981860821064308,1.0012345909841842,0.9973176853844374,1.0020573166213471,1.002659579999424,0.9954503892542038,1.0018714066137853,0.9969277780377265,0.9977522608680945,0.9974455986131777,0.9995810559581442,0.998437269189126,1.0018943890871044,1.0036630086187404,0.999491454103212,1.0026073964492304,0.99424505091278,1.0003572838166166,1.0059690363181875,1.001738815651308,1.001779051961384,1.0028177460670682,0.9954674681056114,0.9955705755663065,1.00014021756324,1.0023045673232787,1.0004018010590614,1.0004252961509064,0.9986157146872812,0.9979483577054737,0.9965741603231932,1.0045915807636105,0.9976155002819572,0.9957260338594204,1.0013139609494934,1.0032019061943216,0.9987897216685083,0.9983481410001631,0.99980335926405,0.9985607903937629,0.9974495085164549,1.0035230578885528,0.9982876107860467,1.002196208278102,1.006401337069611,0.9994933341116042,0.9952612748676353,0.9979718756992594,0.9972608894092865,1.0061496147169267,0.997036847679507,0.9983815590156635,1.0051533368206838,0.9998697120851153,0.9978031998395227,1.0045225355546699,1.002324350744973,1.002940225384152,0.9889306295991939,0.9972969423935156,1.0065474260127347,1.0040660739292284,1.0052618716396735,1.0012570244159338,0.9957884267492996,1.0026129512477862,0.9916881593166519,1.0043032715423637,0.9980612200767913,0.9981007278005243,0.9881270304847324,0.9983210055673709,1.0037755474669365,0.9994600582339497,0.9982286273227399,1.0021545827823932,0.9982840329235522,1.0013694870017238,0.9996656382217399,1.0071854423969244,0.9991449194536192,0.9939400926478161
27,2840800000,1.000666533846474,0.9974339388666298,0.9955946782626803,0.9988686831232254,1.000716751512508,1.0022025748110932,0.9993272821729078,0.9993785366034003,1.0031933264282267,1.002056263318267,1.0026809059410353,0.9975291390027258,0.9962531641331754,0.9958003357992294,0.9954594269197014,0.9951527643657966,1.0000790101483379,1.0001868519030905,0.9956971757250329,0.998876213035138,1.0008162762388895,0.9947028228705386,0.9961890331311969,1.000028110707491,1.0034061144604973,0.995708975969806,1.004734654769282,0.9991692953165081,0.9978843897734625,0.9961784216662308,0.9955439497706634,1.0014827932669919,0.9992668030160423,0.9990145028761338,0.995093329627258,1.0014881052962106,1.0019977208127768,1.004466839370328,1.0000858743055274,0.9965810225564966,1.0056006372340627,0.9972462246892331,0.9926549649689568,1.0015792493742983,0.9947084429754651,0.9966531802256542,0.9970469167533259,1.0037098157949949,0.9971451222490658,1.0048132528572078,0.9976375064719416,1.000684373547152,0.9969929573687498,0.9982253132153257,0.9949947833665265,0.996195026201158,0.9945127952220816,0.9926920068627711,1.0007067374699694,1.0027782691006002,1.0004951728130091,0.9997979936573471,0.9968629358489715,1.0081903171159092,0.9948427719273096,1.0033460349794443,1.002918569323206,0.996662564860583,0.9999039250943238,1.0016009914128656,1.0013533451058918,1.000834338604343,1.0033521597956814,0.9980005536877807,0.9954843754239671,0.9974400972725135,0.9953234730219783,1.0027350779371649,1.0007434088294171,0.9926497307973752,1.0018323069882245,1.0027882011203118,1.002777461408423,0.9989915329395203,1.0091824716783477,1.0045293890223628,0.9946942577103113,0.9925806092061753,1.001773795327896,0.9976281526430459,0.9932994007415793,1.0032878221329662,0.9947118346284293,0.9932448178975537,0.9989354409082171,0.9935460871667818,0.9918031359388431,0.9959405593158668,1.0068325688078061,1.0054842840885516,0.9989829605726801,1.0032626857209532,0.9909416422985895,0.9970360664482391,1.0035861786236167,1.0011538147904286,1.0034573473861008,1.0009293098430903,0.9987602852743511,1.0026588477138727,0.9981000610773468,1.003463588709616,1.0001832653059437,1.0007136189437178,0.9998098212198427,1.0044879205643065,1.0005359374009328,1.0009236194567732,0.9942768701626736,1.0019254402002664,1.000262337633884,0.9952911633211217,1.0008992679404607,0.9993373136612135,0.9974879277190087,1.0028126750523683,0.999870526414301,0.9925221529894972,0.9957379114692568,0.9996046941591169,0.9954184473869757,0.9996962688482997,1.0045330914909036,0.9996188520221421,1.0034488121293603,0.9998913281466726,1.0021115954963506,1.0038727459338113,1.0026307792047708,0.9971542163590286,1.0037788576757152,0.997955133246613,0.9957878520147693,0.9946635200993341,0.9970583256117191,1.0040289829683278,0.996154222028832,0.993156601703464,0.9909764022994176,0.9979726552454076,1.0058523858184147,0.9994363496462918,1.0065436177402745,1.0024698554973825,0.9989540191759118,0.9973575006653935,0.9978834654540601,1.0031553059081506,0.9900296488213417,1.0017960015808272,1.0011653174565736,0.9986013195594172,0.9956692010478166,0.9931914347274235,1.0031763613566635,1.002272033336533,0.9960521687467605,1.0028272090677701,0.9951947163835777,0.9932186017138606,0.9969532977142108,1.0020111345047638,0.9946778910903824,0.9955391805027304,0.9946129873955956,1.0000461920360044,1.0017603994441129,1.0032701150247285,0.9976779019215554,0.9991574937683371,0.9989998566655434,1.0058180704240014,0.9983006607513493,0.995179583697144,0.9945755462081723,1.0032937773153552,0.9968580654789209,0.993972386744071,0.9951929927265297,0.997087419323886,1.0002976754030801,0.997093713434094,1.0032973946914416,0.994404566087663
28,2841900000,0.9974198151348581,0.997053850818963,0.9970122217759549,0.995034429027352,1.0048057883402557,1.0025172491819951,1.0013220140353813,0.9946137648104602,1.0011487769578684,1.0029093349081006,0.9925951345695512,0.9976339377155817,0.9970088958770374,0.9965002748133941,1.0005399647983444,1.007832754498139,1.0096429042231982,0.9988586892211953,1.002144445658034,1.0014624115098416,1.0071669084914763,1.0028092113501803,0.9961318594958829,1.0040056925155911,0.9932525749026136,0.995107752046959,1.0021279755182626,0.9976149394306658,1.0007953790068473,0.9980661462650287,1.0060141651536147,0.9993750868248433,0.9974454965154973,1.0093336858555053,0.9984822356333223,1.0011771277668629,0.9991938688945806,0.9946314093460679,0.996830874538842,0.9977130722278027,1.000075772320936,0.9944111908201371,1.0018005597252522,0.9927249312193096,0.998817040650364,0.9955238331171147,1.0018579647296741,0.9934786499595841,1.0025617087185894,0.9978029247247888,1.0032457375431207,0.9928567781267716,1.003641317551423,0.9991684500287994,0.9964425173672739,0.9878317005220743,0.994857170623123,1.0046773769534079,0.9996359930922957,1.001601315853057,0.9934629089985184,0.9994219468605553,0.998851608833105,0.9967133370361562,0.9966506429216008,0.9974950752924447,0.9990132215466168,1.0037531873151921,0.9952136459174817,0.9981604718920969,0.9977925047292278,0.994602080811502,1.0011388575333782,0.9967353026626176,0.9955233648612699,0.9946807352390419,0.9961591939688651,1.0002482197133165,0.9936332535042707,1.0010802097020755,1.003362418022031,0.989900641748668,0.99657142599262,1.002152574315914,0.9955820316403465,0.9984076480533925,0.9974299932575971,0.9947193100974763,0.997574159693855,0.9973070290010191,1.0007624199008054,1.0039996402127913,1.0007354497216467,1.0023216876862648,0.9984357307510907,1.0022080267914941,0.9940235659802301,0.9976272150184048,0.9958506568065577,1.0032143058621839,0.9970213648103322,1.0022822403907925,0.9940430103336764,1.0021425620674904,0.9991937638522288,1.0013067864439713,0.999388818680278,0.9979400681087415,0.9936758233535018,0.9985666950205858,0.9936233096087816,0.9914049767929596,0.9982830934977506,0.9905028022589077,1.000585225735963,0.9983597745590417,0.9959293637098579,0.9953284124564916,0.9933505080179295,1.0020489857291266,0.9952055922313372,0.9958694924033948,0.9992758904695488,0.9934556593188928,1.0015024531679741,1.002029323607794,1.0022467943230633,1.0012814870977458,0.9984965804641696,0.994052950654133,1.0022861643755767,0.9983317357285872,0.9955655196971372,0.997473667575424,1.0016917414111604,0.9992030896718759,1.0037419776474557,0.9983097767742379,0.9979568370254085,1.0034340356529212,0.9966341795234479,0.9964549720180554,0.995819394292391,1.0024489987765328,1.0003709214271397,0.997950154212704,1.0053940590531383,0.9931940795526802,1.0000607559797128,0.9896828617804242,0.9993698022974987,0.9953226474045384,0.997189380215721,0.997667023064503,0.997043930790439,0.9957422078463786,0.9904824562409759,1.0024670614997784,1.007431007736149,1.0059785282521165,0.9919130216187867,0.9976685414876009,0.9910140612834893,0.99987366131389,0.995768630509394,1.0020946886624096,0.9945633855284921,0.9996756212716332,0.9943799021593067,0.9964816720240743,0.9965352102917204,1.0021943774529665,0.9994749014867254,0.995828236102373,0.9965490411901324,0.9990875049918346,1.0079584457995017,0.9985210730026998,0.9978139707950188,0.9994384681442268,1.005782716375267,1.0006119643929365,1.0024306065857074,0.9981329403610042,1.001461571067146,1.0017402340571315,0.9997372072924118,0.9985877129624563,0.9917021404343248,0.9988540297850287,0.9938297322336438,0.9983543605194329,1.0008073445185952,0.9993778072492832
29,2843000000,1.000541551911771,0.9977459590891256,0.9928511660746864,0.9913682387740363,0.9959829162167552,0.9954585658368627,0.99505514836639,1.0030675481788789,1.0016824437947442,1.0026951454552488,0.9939826985666973,0.9967527028592309,1.0095399231032418,0.995634368869368,1.0011640793764982,0.9993580371026027,0.9940575520389935,1.0006015388836187,0.9943353097491637,0.9983124400022523,1.0010827631914696,1.0014791205344813,1.000871457541389,1.0022611463257982,1.0021880238147047,0.9959303320235657,1.0003781848467055,1.0007508040132513,0.9912847607787449,1.0028772626208484,1.006851289242126,1.0056347137119612,0.9966263265114761,0.9968813902919214,0.9954533904698389,0.9944584536446248,0.9974381773058475,0.999919602329706,1.003665726515319,1.0042720511652152,0.9944793895305657,0.9952103751526502,0.9935533399067943,0.9972044846695703,0.9913313439610328,0.9917281215302116,0.9922696888902847,1.0028506360497111,0.9951649328094615,0.9934031949944766,0.9970697217559008,1.004445108367762,0.9967079230098047,1.0084338073097803,0.9976318591489368,1.0012603939753584,1.0039572916269597,1.0008206676325029,0.9973548580753343,1.001461658531515,0.999250833139598,0.990651744961705,0.9977694283123978,1.0096686254734435,0.9959187398122886,1.0031271107637423,1.0037813571368606,0.9941228389734238,1.0035439342865722,1.0017082065746883,1.0052837111238997,1.0026175048954835,0.9934109325538988,0.9985541815859477,0.9918356155484184,0.9999535110527629,0.9994667796254268,0.9933065905137578,0.9985536426280289,1.0056503758476865,1.0029432047809692,1.0019443226675382,0.9955731109182627,1.0046176713406085,1.003681025790653,1.003199050331303,0.9920726205911934,0.9990187359736917,0.9951708358399664,0.9973865681517261,0.995131249916045,0.9935876540269828,1.0003720331979464,0.9998072296224395,1.0018644304869957,0.9885984776824897,1.001965968086706,0.9997415587654729,1.004920747290771,0.9941069646330506,0.9972191065555515,0.9928557528849504,0.9959832204513708,1.0006749864300912,0.9963528540314514,0.9983326431209959,0.999542585247681,0.997550051984129,0.9963278207130161,0.9948195964037727,0.9949514748265311,0.9992502371537815,0.998533681862708,0.9968500469967198,1.001242874808728,0.9900954873417339,1.0043883960646591,1.001197231062341,1.0056438942190995,0.9976697873125738,0.9961539255255383,0.9984877370865664,0.9962289414397629,1.011072919444274,1.0027851611080638,0.9990108919731594,1.004515146988979,1.003346626980271,1.0019693314819322,0.9973790128411103,1.001334273286326,0.9970201296218207,0.9948882285002498,0.9952572049087683,1.0007684170266016,0.9958420362757627,1.0065365952843368,1.0001245122120461,1.0003195303434969,0.9981140895167784,0.9931826899862574,0.9989762437670984,0.9979033962778652,0.990081008697631,1.0014542261090127,1.0039979148456826,0.9989117134241512,1.0024047015169062,0.9999495579326444,0.9916482685147578,0.9991433909971265,1.000319570012022,1.001179606925759,0.9982619468250603,0.9992002713183632,0.9959863547746715,0.9998403779414587,1.0007657079014625,1.0001928010934709,0.9994564958967606,1.0046383263985297,0.9948907978285546,1.002982004531491,1.0014146807198023,0.9960400304384969,0.9958180473491892,1.0041218443993638,0.9981307476702582,1.0039636209729141,0.9958799132084399,0.9999643792131055,1.000653538913097,0.9947798751554798,0.991281441819562,0.9906626661018846,1.0061031833796878,0.9958329739597765,1.0021972648247057,1.004274804405783,1.0001738882348576,0.9996345636986925,1.0008949693267999,1.0018797596631919,1.0025834447360207,0.9927677497795875,0.9943626196608625,1.0012327358249957,1.004678959914474,0.9976556005010118,0.9994325789885767,1.0024223489110302,0.9968645331383023,1.0024831444039477,0.9968595618143297
30,2844100000,0.9979441805342184,1.001007269054722,0.9932026601737568,1.0007797264621487,1.0015935859755705,0.9902543088159013,0.9950123390395066,1.0017371114840596,1.000084643681264,0.9997608788838895,1.0005884176344193,1.0055855230278048,0.9998149973842596,0.9994520020797327,1.00074659753236,1.0012233954352276,0.9927845030551644,0.9976307021676691,1.0009308212630972,0.9994667663702905,0.9951894955699934,0.9937686192283312,0.996451104707947,0.9970810281184771,1.0040845930217426,1.0003873432267891,1.001284621052807,0.9982233533523421,0.9993456046621315,0.9994879345038394,0.9990934570676516,0.9999616429844507,0.9976713884800376,1.0004285570172258,0.9982249601742462,0.9994875638526081,1.0023636226812664,0.9932320073361431,0.9897489437576542,0.9959557147213848,0.9986060499331547,0.9969299055524836,1.002342117189212,1.0008047890484497,0.995290597382645,1.0030641479697682,1.0006192018353859,0.9973809713873297,0.9991924758419347,1.0006472205021402,0.9959925944571206,0.9933701067323364,1.0043463902913534,0.9969690271142592,1.0044777210422777,1.0063715826328254,0.9989750701059382,0.9936148745217193,0.9943606230872385,1.0033306306568073,1.003795423489063,0.9987250947318671,0.9998571806292448,1.0011503553812717,0.9960059602908706,0.9991476293849979,1.0066776768190433,0.9969597356113925,0.9995813335600671,1.001902607043208,1.000026932835908,1.0039295587685304,0.9922677106562476,0.9999398365769218,1.0060828475075316,0.9936502179536065,0.9997221684772296,1.0011849839726503,0.9974161382174852,0.9935471495231983,0.9997527595368962,0.9979640540305585,0.9966602662046591,0.9952865554985214,1.000276008846262,0.9909249974083159,0.9940781585765771,1.0027011605577592,0.9998120320315572,0.998122875921859,0.9982524801167482,0.9974776371474906,1.0061983928965612,0.9988986057393976,1.0111143654286925,0.9974199415579289,0.9928989663468074,1.0018590327735903,1.0012331242623542,0.9955388261525476,1.006502522859371,1.0051835292836202,0.9916371523611279,1.0031256336819063,1.0044761240002635,1.006274245371658,1.0004625298227365,0.9987689213285529,1.0066565563895233,0.9956786843896436,0.9960368637023227,0.9991099176459585,1.0025497971807604,1.0006874333829616,0.9967371046015057,1.004137423747091,0.9905347475097368,1.0026749425375288,1.002745700482281,0.9929053200088355,0.9967886811465082,0.9978249537219557,0.9944092723818418,1.0001494571630196,1.0032722255525177,0.9962089560986119,0.9945491502978476,1.0022725396454693,0.9974192170914729,0.9913923421449287,0.9979923431443031,1.0018636430928685,1.0008629575639174,0.9944327071097079,0.9975437326981966,1.0033550626781071,0.9966297960560936,0.9949887782046513,1.0019531271786715,0.9988018366759248,0.9940692180673775,1.0026727928363908,0.9971139959817007,0.9991160031809293,1.0040129037865986,1.0020969136200482,1.002304430631335,0.9982271803307179,0.9954814097884697,1.000856474515953,0.9948449594799144,0.9930955979864758,0.9988794545258847,1.0040140623747544,0.9955366473762132,0.9992354245254234,0.9945514136616407,1.0061971075203013,1.0076783983483775,0.9926490048479388,1.002425868126526,0.9959561978142764,0.9982692406393967,1.000384811071563,0.9973401014870757,1.0017883358126713,0.9944493581625518,1.0081641526067575,0.9999212712185616,1.0029489052106328,1.000680789367534,0.9979540696891613,0.9989213009579151,0.9989333144179353,1.0012709046913524,0.9997948086069366,1.0002365852875075,1.0015468284747393,0.9971472615522989,1.000540356081148,0.9971519032093701,1.0005598407238083,1.00043095623267,1.0016550967153353,0.994828732937577,0.9958750988311659,0.9965386029472311,1.0036473428422863,1.0036651375914747,0.9906539637368624,0.9952813835769283,1.0043879640612499,0.9968255273881634,1.0044347488638938
31,2845200000,0.9971391632758756,0.9999501568904632,1.0006044996666987,0.9984191132102743,0.9956288186742961,0.9944056030012483,1.0008544153286716,0.9970177111813063,0.9967222504602977,0.9965485235943924,0.9982424396021544,0.9960831866375002,0.9983727494629907,0.9981139937945888,0.9960494955828185,1.0024770714118945,0.9952140336027714,0.9977239860162394,0.994097037579813,0.9981123653123407,0.9980279903559727,0.9966900106108885,0.997250803953214,0.9968515008729594,0.9977857555328745,0.9937493383097996,0.9911758753313752,1.0020946475922934,1.0025261942892127,0.9944361935080328,0.9990485199142402,1.0012696384206048,0.9896670600659631,0.9958714974458949,1.0019623534361508,0.9986236832329305,0.9988823661574072,0.9917463749166272,1.0005261613981844,1.0008474837339991,0.99512714287702,0.9970729399375733,1.0035357919881018,1.0037814988524087,1.0007037916941712,0.9943154411634295,1.0008046016909047,0.9959676016171897,1.001410758636971,0.9970069496232093,0.9982725642548522,1.0026324515632503,1.0028957459400898,1.0005363072972795,1.000402891164023,1.002663855902631,1.0029969576689968,1.0000349275475966,1.0007761910070274,0.9960459553247978,1.0015972020525172,1.0032377447213214,0.9941766643646738,1.0039879342408684,0.9972622904829813,0.9991702591729346,0.9977408098200549,1.0059624385148898,0.9964157313773467,0.9987033811450272,1.0016693251460194,0.9927326394175564,0.9987717415591433,1.0020932741429311,0.9919018332465452,0.9936839768794576,0.9954221309317229,1.0016973714451836,0.997188626302032,1.001093637162614,0.9994614014255908,0.9956566307436561,0.9966210728055886,0.9953047356610635,0.9953804624225632,0.9972441515136742,0.9945045818979357,0.9915933227087131,0.997896355506278,0.9984615649077625,0.9983563627710929,0.9993700708618753,0.996780099584931,1.0070052665994564,1.0013469966977757,0.9957414559654765,1.001522391566902,0.9991851691840662,0.9923342615189644,1.0029918989983702,0.9934921148778635,1.001913217535139,1.0012489420246018,1.0067298955040453,1.0010087140502468,0.9978942925475129,0.997604791308484,0.9993775038161005,1.0015306390085459,1.0006720307452386,1.0021472478742426,0.9982006704154675,0.9966863372503223,1.000104200206557,1.0007532512629729,1.0040278322916558,0.9998508656615309,0.9973587449942936,1.0032085225288434,0.9966306740157228,1.0014377872468583,1.0024699955236784,1.002000325823887,1.0025869524489293,1.0006467112888813,1.0069834094970882,0.9982707296098311,1.0014143678537586,0.9968359159522152,0.9993441240547992,0.9956561789352788,0.9999745944503186,1.0005907872927806,0.9991997730430996,0.9905114678864835,0.9960313626181756,0.9932063226643383,1.0011919868966284,0.9995064158025412,0.9980150266723165,0.9991665100356425,1.0027370136444953,0.9981519386574378,0.9942991824509608,1.001547331865008,0.9949398032294899,0.9966779474873587,0.9969490287744969,0.9999248591902623,1.004842408771032,0.9969420937482395,0.9946318863115642,0.9886776341460869,0.9955511437405207,1.0047412723071982,0.9998661685807649,0.9967492004714165,1.0052186206738172,0.9915612907064542,1.0042830126867641,0.9961123532941258,0.9967464244444216,0.9967643880394761,0.9953455681765203,0.9944708012462092,0.9926438827073707,0.9950853702288983,1.00075980614194,1.0000101985147145,0.9963047316610364,0.9910105681956066,1.00042006037678,0.9952030561247209,0.9998273922794968,0.9933068916988287,0.9960338483139376,1.0047650465341582,1.0025410346697323,1.001256579406957,1.0029314473013993,0.9936763206569688,1.000146100357109,1.0095746169804447,1.0042431360657698,0.9909978653179007,0.9971578007103237,0.9974821144251921,1.0027365205746672,0.9957053985226133,1.0002309317401783,1.0011128679852197,0.9932422030352457,0.9994734322795796,0.9989535799535093
32,2846300000,0.9977672925341499,0.9938388281136974,1.0018977743812574,0.996634028957421,1.0112598317684673,0.9958272478397636,0.9905896117492788,0.9978286636918564,1.0036196314149712,0.9998882454985282,1.003328596185435,0.9968245220747006,0.9975082308004608,0.999613377943266,0.9968212296199325,0.9969588195437362,1.0023949753040224,1.0039486421744346,0.9955323703060249,1.0002850755572787,0.9963198728164644,1.0062816416165115,0.9999912858972323,0.9996486285599254,0.996013900397334,0.9895106947473097,1.0001385218941907,0.9903522569877438,0.9981063116460402,0.9980197256229316,0.9955572633842932,1.001365569489408,1.0027992990206673,0.9958675452691528,0.9957411306525507,1.0048935824565957,1.0003282541808425,1.0001790483239608,1.0026590564128608,0.992233473490695,0.9925926442217087,0.9951858750558323,0.9975036628295616,0.995064206241614,0.9975712148972777,0.9984186227963285,1.0036174463676337,0.9995680143602271,0.9997830909872019,1.0049226489003538,0.9946204671622974,0.9915052153544682,0.999111977956178,1.0009563237918875,1.0003894912007807,0.9964128624925438,0.9912502456948495,0.9992240768951892,1.0034125808726702,0.993703728801295,0.9943082067486043,0.9958029179840854,1.0017198910807361,0.9965439741069768,0.9916081909548389,0.9964138194770645,1.0106179823757968,1.000062556437719,1.0005404595979706,0.9966915768101214,0.9973929358092677,0.9975072512535086,1.0004917965937532,1.0035899101809476,0.9995620991208561,0.9979993190371245,0.994194356054881,1.0007793157540954,0.9969772477659828,0.9939436377066618,0.9962294805338657,1.0017951303675474,1.001021626587885,1.0035856392458493,0.9994258655734671,0.996340733782744,0.9971446967938057,0.9944733695011225,0.9983679969825632,0.9995806716749207,0.9952711281168376,0.9989350755183154,0.994496874247208,0.9994895061579792,1.002139990119595,0.9935840078248221,1.0004232241572755,1.003350154427444,0.9945350418814302,1.0020314698287256,1.001367852510984,0.9980846423738259,1.0004720901529511,0.9994761536141927,1.0018416168020658,0.9925876149031568,0.9961183210330714,0.9929115471091541,0.9968825531101921,0.9917714875979138,1.002281013154251,0.996442264857455,0.999766348629717,0.9953636436855827,1.0033177591985878,0.9983687118300024,0.9901407984992889,0.9933857493471828,0.9965580362586874,0.9971324382180238,1.0005742056043443,0.9997621848016901,1.0005469292175515,1.0036482767646684,0.9959474753923816,0.9960659877057685,0.9947704236001697,0.9897674649163858,0.9952058053160983,0.9992175582265077,1.0002597718515114,0.997396721548083,1.0015087321373783,0.9997688705979991,0.9988976139865249,0.9997861857328036,0.9967342862084939,1.0046281003756108,1.0018124511944257,0.9994475935414163,1.0004642576690892,0.9983961706652212,0.9897433204205929,0.9964476441302549,1.0016101196721254,0.9996688478089041,1.001720998520469,1.002996447474979,1.0056597579504323,1.0010101756511927,1.00139004222578,0.9999189869180511,0.9961645056574554,1.002902001124443,0.9988983283993648,0.9970730919977255,1.0018104217307549,1.0014164412883513,0.9981396849310573,0.9985335041929831,0.9981145970623504,1.0047358779755882,0.99861792433989,1.000307199025596,0.994124893965035,0.9893528012472053,0.9979745241283494,0.999215777336577,0.9969557393313674,0.9898573867454185,1.0007209927705747,1.0006542194466646,0.9958033261128668,0.99738735277043,1.0020796746547724,1.0004896804906556,0.9994210674395603,0.993577345754102,1.0000807581240674,0.9930788960574128,1.0022324133406004,0.9985944331349936,0.9945638905560914,0.9975824953106106,1.0028240263633632,1.0018567040567592,0.9967735488443241,0.995501314032339,1.0020705894665767,0.996335474655992,0.9995459287703338,0.9931123776893547,0.9956651533820704,0.9926537711432505
33,2847400000,0.9969191451795987,0.997528389911657,1.0001350496131294,0.9988058486386774,1.0063694447591047,0.9952242454116393,0.9933929822290863,0.9960334531585386,0.9999922309129571,0.9935447783840997,0.996821444792263,0.9907868244782274,0.989629495871956,0.9977506600032481,1.0025026958260281,1.0024555910900521,1.0005190698704376,0.9990283418913755,0.9972514990155363,0.9978845912313792,0.9987733910734509,0.9988901376243398,1.0017293573706432,0.9942561378355314,0.9923377337812089,0.9996245262899981,0.9964845332602787,0.9896834489828108,0.9886971965466964,0.9956184644223326,1.003113409806667,0.9961773403333744,0.9939660590501276,1.000311392977829,0.9974867385229268,0.9919412968983794,0.9930620549489082,0.9949972179355406,0.9977779255429096,0.9983722505247373,1.0008076156037582,0.9942730855587123,1.00000146065929,0.997901972319854,1.0022261742371088,0.997375255550244,0.9946795129285838,0.9965563316051319,1.0002810236739468,1.0025070794092528,1.0015029374437483,0.9989817270173507,0.9916664678622577,0.9975951573610152,0.9977724116481316,0.9909713036279033,1.0001713932927072,1.0050769542988192,1.0006688255658562,0.9972585635488654,0.9980696033870318,1.0048823969256386,0.9950813018576756,0.9974332154509012,0.9975350624603032,1.0016359378023343,0.9983616553803152,0.9974067172756986,1.0002804981046634,0.9951929753223826,1.0052175192720292,1.0049055305731016,0.9948037705240119,1.0005834403238936,0.997876001605847,0.9938118273894898,0.9997970019921666,1.0019329603842528,0.9893836466167373,0.9991237910701231,0.9949871858762129,1.0009605726672348,1.002070320055072,0.9955273749393236,0.9966320221752154,0.9953617569269918,0.9984475066623919,0.9970766804884941,0.9888411829792971,1.003428390766516,0.9992671583157205,1.0031279151084207,1.0016010195539282,0.9957474279375627,1.003642288460963,0.9959424977331556,1.0010025660010218,1.0034698478685935,0.9895221142685229,1.0018361193322303,0.9937593695292553,0.9971509775149088,0.9965794617637674,0.9963847475015232,0.9921778151981764,0.9900253333174679,0.9911290724794037,1.0017597184025988,1.0000240754527971,1.0049722948946158,0.9954760207394677,0.99186232425274,0.9983548481066948,0.9943918438207889,0.9928730918255129,0.9885572149344993,1.0004132187427521,0.9993052146652459,0.9925116073910744,0.9979919215876807,0.9956592830760093,0.9988181369203712,0.9999081202261277,0.9959610644454312,0.9972651501447356,0.999326139126095,1.002367547994774,1.001686672298708,0.9962697311268952,0.9964212589221305,0.9978858003454695,0.9921500847280379,0.9903877888234262,0.9970355307120555,0.9949362361927123,0.9985128246174938,1.0028463913200314,1.00428356625073,0.9953711722624072,1.0000698290162588,1.00059748845935,1.0011722827496636,1.0045635374730804,0.9969887901567148,1.0016751049070964,0.9918972228938301,0.98864747715112,0.9938452143074682,1.004787778952535,0.9929313349890994,0.9972490213703039,1.001296215498692,0.9985675670731573,0.9938673751027846,0.9984779824212987,0.9950735571760871,0.995733982333975,0.9966264581914586,1.00082843473116,0.9998932246098319,1.005432714042607,0.9915229790299589,0.9946707717038431,0.9972419433400689,0.9967308050802621,0.9890868064962839,0.9956478354891243,0.9929291878770151,0.9970350669814106,1.0045726629651903,0.9960265099488883,1.001902530165295,0.9970085804492012,0.9981113840674527,0.9903345934511085,0.9955819840673221,0.9947204852660351,1.00339789797512,1.0011380236234488,0.9977778228144698,0.9963908654274847,0.9930077006946348,0.9975894449769018,0.9933332845351054,0.9979178271904385,0.9922707995043405,0.9944639951165444,1.0074468068830802,0.9962400237047188,1.0047819662845696,0.9939509491992317,0.9997449680622533,1.000124603575749,0.9962337477797347
34,2848500000,0.9970893757390902,0.9958579034185341,0.9949474256525542,0.9930830249701105,0.997008312136773,0.9921586522174822,0.9981284075728338,0.9976947206134268,0.9941937273395135,0.9986065249733179,0.9992420503918799,0.994579004582232,1.0016991468491345,0.998894828129367,1.000558709346198,0.999521255617654,1.0003193113065159,0.9905939585088063,0.9991475026148741,1.001987004110474,0.9939227358542125,1.0017520146970516,0.9917448056341431,0.996139908568419,0.9959284194067004,0.9991690590062546,1.0014306701687283,1.0069153808900217,1.0043333738157318,1.0003334135466109,1.0014245876964218,1.0012323233728988,0.993989679713764,0.9909535682633013,1.003256815932706,1.006456337528582,0.99502161550857,0.9978842667503954,1.0010087795548017,0.9956992407908847,0.9961066012296166,1.0006561614959364,1.0013504955510606,0.9929853570643744,1.0041656863428918,0.9957575127178908,1.0032172981054557,0.9987836266837219,0.999958931551634,0.9941953262568954,0.998707527927302,0.9969396392826897,0.9968982413933912,1.004305745366073,1.0002799295651659,1.0004934485921888,0.9973560469769956,0.9975559572600442,0.99490377075507,0.9957435744980304,0.9951657944998485,0.9989838257889828,0.996660800001541,1.0024451572398807,0.9974351050532103,1.0021144902520256,0.989296790822312,1.0039953093291385,1.0023207849123916,0.995015532075532,1.0018275206658724,0.9945040770828534,0.9942694231524959,0.9990451807619641,0.9971640934471935,0.9984770645983255,0.990926015161887,1.00134887369141,0.9965378315927662,0.9964064205192974,1.0026013759889385,1.001963230485225,1.001228286190031,0.9988396882234692,0.9937976749216814,1.0052177897886996,0.9949954856074051,1.0003745562617323,0.9937236160782595,0.9958058469188257,1.00102061211853,0.9984290870629519,0.9956003840472681,0.9965236630500443,0.9954766937198779,0.9945700909163752,1.00111719960964,0.9903628850758165,0.9924181035216082,0.9996938935382262,1.000175202151492,1.0019825421238866,1.0031697509455153,0.9995200273245441,0.9976334023503456,1.0005063569571842,0.992484053119265,0.9956118977731543,0.9997371670459142,1.0014545158221089,1.0001947991934024,0.9941881654991702,0.995851678973455,1.0002447808458754,0.9952882347548161,0.9956226085152192,1.0009183513171456,0.9874590359901623,0.9948392196222713,0.9943282057735121,1.0032462158949367,0.9969254584280588,0.9984894972965276,1.001451120222505,0.9910688598841724,0.9944708424250669,0.9993189683292294,1.0025804901675748,0.9979893712104795,0.9981159621883724,0.9924858853943376,1.0019697835561363,0.9976323226526214,1.0050651679600238,0.995074998786119,1.0018589896091112,0.9989371978524876,0.9992959668997744,1.0013728319777697,0.998729251035083,1.0004084047696111,0.9998512421025687,0.9980779036465484,0.9969417181893517,1.0028434376665485,0.9987575823855495,0.9962984349042858,0.9975674632559645,0.9912031807342054,0.9987043756628382,0.9894239247915402,1.0008513814312758,0.9965182444721941,0.9990473483631355,0.9975563492247186,0.9981012846998846,0.9952277244287779,0.9987700950322858,1.0021280134002108,0.9920923719789353,1.0011613369550068,0.9965093509827411,0.9896983509290502,0.9940409507624187,0.9961791544909788,0.9955738276399303,0.9987100094532486,0.9986495917856375,1.000534892988718,0.9940561207693758,0.9958626567350456,0.9994582685293816,1.0014455430918021,0.9958697564622536,0.9992567898536832,0.9991482721690625,0.9951182220924407,1.001559706123392,1.0006323696665427,1.0023646315677963,0.9961684503757264,0.9959016725909589,0.9875360030294281,0.9968893694333922,1.0038432581055852,0.995820341757184,0.9969146532077869,0.9986539085612975,0.9998046479520393,0.9970861617180325,0.9903207959936072,0.9983013864141946,0.9945463028523251,0.999771693892396
35,2849600000,0.9987958988290806,0.9926973767227241,0.9931040718195331,0.9959920847286216,0.9957726700407874,0.9967464104304791,0.9982853123931855,0.9942971377708357,0.994139291973555,0.9976827868556362,0.9996851225837702,0.9972392420132685,0.9973437213398624,0.9932839570278524,0.9973438412973692,0.9990631813788099,0.9921777966895311,1.0026941148287898,0.9980320125244466,0.993575346603519,0.9922534819758307,1.0022357191807445,1.0061462832641386,0.9938321000738036,0.9886665610101887,1.0009575279738656,0.997093832774731,0.9980784050988796,1.0041045037183949,1.0011810096733058,1.0012933261921804,0.9930052163738355,1.0019110424278033,0.9956827547846164,1.0000779534602622,0.9963482262497575,0.9961198216993967,1.0051175147825353,0.9964292376307343,0.9979769144223372,0.9961783947987642,0.9989444230912214,0.9939062977635209,1.002109002838379,0.9956901381334101,0.9956337891084389,0.9954908580589529,0.9978023997413191,0.9955223086510995,0.9933183593433171,0.9967552959763895,1.0031126644565256,0.998616150547987,1.0017612998434136,0.9947306467518223,0.993315305720065,1.0016782188906306,0.9983833841700782,1.0016143550529157,1.0014041391627535,0.9950040563738145,1.001313423141406,0.9964565307266237,0.9952732237443205,0.9914079362347036,0.9958928672139016,0.9976557618079441,0.9936358116193305,0.9972531835228081,1.0046184641076856,0.9967627160323631,0.996509342364887,0.9943454784274831,0.9974903308143904,0.991268783570742,0.9965790044276858,0.9936761453339191,0.9921038260095142,0.9978509153144659,0.996120087375193,0.9897981867062435,0.9979610868271044,0.9969289844912931,1.0036471158458544,1.0042629652877277,0.9970727003093585,0.9944642828244515,0.9965899026299885,0.998102281883569,0.9902242553193282,0.9995269678415174,0.9980991022686186,0.9905164108279306,0.9922087093035026,1.0009271969551685,0.9908622409380479,1.0000924168738967,0.9961564840627884,0.9968834951046172,1.0024544294251765,0.999141510410317,0.9994513219064438,0.9934191500811181,0.9972256961430295,0.9983738892447794,1.0016149616671888,1.00525410120255,0.9974478122416037,0.9918994865993661,1.0026804365863642,0.9926105053910281,0.9967847182615062,1.0031521573247388,0.9949484317356027,0.9902893819109367,0.994506090382495,0.9981811268933172,1.0011556316785524,0.9983886966403388,0.9967160317642073,0.9916986353260421,0.9964355916898998,0.9976506746620252,0.9968562295228541,1.0014432022954534,0.9975607740218804,0.9951238829126376,1.0029517451676153,0.9924980486218681,0.9944056153579132,1.002751990570053,0.9966311956395356,0.9969447832586628,0.9926893586234766,0.9972821331861677,1.0005159119230742,0.9996006764389114,0.9987965150282472,0.9940197708002055,1.0042383850716774,0.9923463239764966,0.9952736913301421,0.995103965792074,1.0012948233779986,0.9928999565057572,0.9961885057326152,0.9999437518391971,0.9975284971558827,0.9992549537472895,0.9976856617223079,0.9966737059470757,0.9956682785130547,0.9961758797894441,0.9925741042122314,0.991902782046309,0.9939597378966152,0.9969909981648521,0.9987549339020252,0.998839631009038,0.9990640070402345,1.0008202830353252,0.9965924726073583,1.0055929560456827,0.9939873326078883,0.9958568458986767,0.9954278796845658,0.9918385193276643,0.9932506921582719,1.0074926632189543,1.0004232012024366,0.998065475812774,0.9915411151739013,0.999494599708634,0.9969494212749159,1.0036404589734274,0.9946335435454882,1.000849838658553,1.0029020973507676,0.9953753009110295,0.99857180326881,1.0020331610487665,1.0097122532342224,1.0013012753230361,1.0006904545739153,0.9980374761491771,0.9910335757815975,0.9949998881838944,0.9903409370767208,0.9993469289918978,1.0059331302791912,0.9971815980488234,0.9978105562285132,1.001509514592482,0.9959476548799863
36,2850700000,0.998094590898163,1.0004456386648828,0.9895115077945402,0.9967749266481908,0.9929897654712221,0.9963816033355777,0.9909691865589022,1.0004986563137277,0.998178040199877,1.004458085320815,0.9976523392617965,0.9964975076395024,0.9980315443674057,0.9955886832173648,0.9964105436093768,0.9952546576218301,0.992642557165639,0.9940404372606578,0.9938489921961148,0.9971499747399422,0.9941794577792602,0.9951084999521511,0.9976214406358261,1.0010684220648176,1.002468905142118,0.9931540947480892,0.9916612560084249,0.9924794255488568,0.9922738974614552,0.9980701876866884,0.995262924592166,0.9958537665037906,0.9933582557631809,0.9961840951752997,0.9978694833856749,0.9936278243390577,1.0064300754662168,0.9965918985773967,0.9970957882403219,0.9945109599654296,1.000121990222931,0.9985270759960791,0.9949165254862707,0.9986672978892984,0.9976272113670995,1.0020664771078827,0.9943488655308258,0.9962143037047614,0.9959368526683107,0.9984789988418663,0.9952607889588231,0.9924808408517508,0.9887147897173958,0.992569414590852,0.9967915546614289,0.9961941208775255,0.9928191400006346,0.9931453460122796,0.9981693547352475,0.996197774867424,0.9982226067625244,0.995588508322558,0.9963151113217062,1.0000499228924713,0.9985387478313893,0.9913755235859845,0.9851074358666835,0.9973135509907404,0.9910493122766967,0.9957186973292055,0.9915891839878063,0.9977643831890491,1.0021930281107834,0.992584452785036,0.9906612748764707,0.9972176583779694,0.99220782873718,0.9943192731515693,1.0030234605648467,0.9955467946762261,0.995338565329484,0.999445334316584,0.9969421362119399,0.9960186743042828,0.9940912964675714,0.9893624937422476,0.993815369090853,0.9993908778537225,0.9904104079229582,0.9946253015285562,0.9950498258679656,0.994565711135995,0.9984807745437442,0.9948679678622764,0.996186924354508,1.0028015794184701,0.9985497322438229,0.9978895511286124,0.9939277862401847,0.9980603539419267,0.9975612117386019,1.0022442600970494,0.9983572242019129,0.9991927965583496,1.0041823918747084,0.995656242878472,0.9959578326330738,1.0024448794052794,1.0013592929670352,0.9956432642791242,1.0019744024510822,0.9909833340125769,0.9914258711325302,0.9905296262110486,0.9899850546703144,0.9948035492001648,0.996370669892459,1.00009815980944,0.9901761202098224,1.0004098921715894,0.9952549409137237,1.001656389751337,0.9990694443295581,0.9911460207560296,1.0020791824303514,0.9879864068036223,1.0037208288761044,0.9903394278952512,1.0004866421871752,0.9991553636050625,1.007378762780161,0.9969354436542419,0.9899106176114907,0.9970534875934226,0.9971422043899096,1.0002282882775775,1.0026879659839443,0.9987867006638466,0.9986078696560748,0.9990385550365706,0.996210266395207,1.0015570616255156,0.9933623256514659,0.9984742397142127,0.9918376429900978,0.9948842661687082,0.9972727528765037,0.9969740086301686,0.9991428466197949,0.9945045583105877,0.9936742194976173,1.0001171376607965,0.9998466567661191,1.0032925098618353,0.998654859389187,0.9980555592289246,1.000932767316414,0.9998701196395275,0.9993863453096687,0.9931749220429756,1.0018822126591238,1.0024308360188907,0.9968514338438309,0.9906452272674187,0.9966771081294661,0.9922183584033863,0.9963888857783552,0.9983032374165662,0.9925118984563746,0.9908971072654904,0.9943935645169789,0.9927582030093149,1.0040537114964243,1.0019660297392377,0.999984746754754,0.9940783611512909,0.988945782949862,0.9977198294110629,0.9945192174947821,0.9946572815977748,0.999169990980161,0.9883485338393585,0.996054885861438,0.999592130157667,0.9974045719614346,1.0005705838780083,0.9942364887575584,1.006089318594858,0.9993353519495883,0.9958533463357722,1.0025111731562568,0.9968335675508057,1.0051675174122612,0.9892455067614819
37,2851800000,0.9947347400825998,0.9962838631302529,0.9938145218071206,0.9973062220632664,0.9925200551980055,0.9986280569953685,0.9992340994848056,1.0015596415054964,0.9958115019254167,0.9960616059206637,0.995108343478548,0.9944058965598048,0.9913089232778118,0.9910287205573991,0.9956249559193076,1.0032791381648152,0.9960347275333862,0.9932165054081927,0.9878591452091027,0.9937441632814038,0.995871860301417,0.996977176335088,0.9963080030284417,0.996452165678827,0.9939343519229629,0.9977427684021921,1.0048817154613114,1.0012894826181205,0.9973609143619235,1.0004405197408432,0.9948669002642538,0.9945972933302513,0.9895387793882473,0.9979740206807243,0.9943406783086277,0.9903512508660138,0.9921151060204423,0.9919814146867661,0.9926579862173094,0.9993307028688139,0.9959763370850689,0.9950238026725993,1.0011089627158318,0.9931913827544049,0.9936506884751878,1.0015405437772837,0.9998798109919985,0.999019760872921,0.9956995961028209,0.997188336534089,1.0068237482305964,1.0017611862674478,0.9968211717745593,0.9991964991097539,0.995240026809526,0.9967095366235361,0.9889460762924849,0.9966501492439466,0.9942618845601601,0.9964290116276735,0.9931402006575998,0.9855190964932083,0.9965281126344024,0.992469024642543,0.9974225553985117,1.000530289187773,0.9964298954418477,0.9956928445721014,0.9950580099261022,0.9955142399565955,0.9952569229152478,0.993062836977329,0.9937562277848662,1.0046445662023025,0.9977043725923532,1.0019656583086047,1.0010426327155024,0.9931671951062524,1.0000150942773232,1.002201072012551,1.0019989973428969,0.9976162214948353,0.9962958341281115,0.9949809621093773,0.9933857316204648,1.0007399205356624,0.9998754905748175,0.998308870855787,1.0023673028434934,0.996639357549084,0.9980884991180586,0.9940934929490989,0.99418137443276,0.9949980919553145,1.003152725915132,0.9954649827033291,0.9976465924270508,0.9927931307656912,0.9990763064860954,0.9958044284524786,0.9935409481693495,0.9913338541980586,0.9920848777554062,0.9990089832813374,0.9934231016566998,0.9934269624297805,0.9973090153395031,0.9930483663154757,0.9995436625984965,0.9953258159334187,0.9948496342335557,0.9907698074149389,0.9903020024029568,1.003562259495929,1.0015972301965468,0.9985626724658303,0.9914401599819237,0.9883500695574546,0.9952731796867708,0.9961087037499824,0.9965919952487087,0.9948967972216257,0.9930283624638425,0.9943297620372893,0.9959253943042652,1.0003682914867456,0.9990141361118322,0.9991140106492997,0.9942666950276243,0.9909587800895598,0.996568597917891,0.9992274320030107,0.9988237399945971,0.9979233761562629,0.9924744864629776,0.9920771595588491,0.9933646918943896,0.9974286400535328,0.9976437398466788,0.9894054046494498,1.003017279231744,1.0029649197137562,0.9921730746945349,0.9969183963790064,1.0034889214985028,0.9988678324078571,0.9995805300812483,0.9903506651280105,0.994857226761682,0.9980134652495725,0.9959653809557948,0.9981684526121708,0.9937915098771136,0.9967709746838362,0.998141835923088,0.9929255088541955,0.9938454525499154,1.005378404124228,0.9984329646368703,1.0042190606987338,1.0040819297554842,0.9990216725232398,0.995614734856881,0.9975087693281892,0.9906720200240533,0.9963438344790464,0.9931965030044267,1.0022746054244298,0.9999284267309114,0.9969641256923834,1.0007068454333332,0.9974587165278272,0.999669639534192,1.0003018885065311,0.995896142438115,0.9949870497982148,1.0002548780470764,0.9962800315045182,0.997644887882441,0.9948464001765619,0.9998572893473195,0.995246826046651,0.9926664369112663,0.9970391013998694,0.997311105142109,0.9990730717868075,0.9937407152003137,0.9969533952487453,0.9972651763288664,0.9929302158192026,0.9941738784763385,0.991259638384538,0.9986365544071646,0.991140336923874
38,2852900000,0.9949441280268714,0.9970262393243949,0.9939988980101602,0.9935171524238197,0.9873753202235384,0.9927161845266184,0.988691119229683,0.9935861659916683,0.9923299586957699,0.9972611547067052,1.001557217962856,0.9887734716737656,0.9895131615296962,0.9972841968899359,0.9979419412676163,0.9929215321304392,0.9914483669695915,0.9965662091295224,0.9943203637367493,0.9926233818340321,1.0005397339247246,0.9956328619854892,0.9899376221704178,0.9887093673099832,1.0012311492266535,0.9920014344447121,0.9892653340414164,0.9954881941586706,0.9995188871587845,0.9918227411269352,1.0007765316908517,0.9970716470276881,0.992663855558552,0.9942906078813021,0.9934290963147464,0.9994865247648167,0.9990648983870565,0.994209663649755,0.9979340852225607,0.9906395020213677,0.9973475046692543,0.9937801115002325,0.9986542551815325,0.9973493681269696,0.989851295920924,0.9914072145232374,0.9910194515593336,0.9918154136745276,0.9957670403274167,0.9909402934660342,0.9972336239656017,0.9961456412527452,0.9959440161358523,0.9961163286451593,0.9950876972846378,0.9896067388748977,0.9948315226230788,0.9999050425761041,0.988344871368001,0.9896567692596182,1.0059671402554016,0.9970270901445552,0.9913235038115338,0.9936371693674542,0.9933873522070241,0.9931182407064892,0.9973074987281948,0.993313491647976,0.9996964629162077,0.9915304834125415,1.000168104567882,0.9984533742924246,0.988964177450974,0.9926966792705383,0.9969186413383987,0.9923925697821283,0.9888131805289895,0.9932468395453622,0.9917689933394205,0.9971485687856365,0.9941826958069089,0.9946282150207625,0.9935440647119959,0.9947380491166097,0.9890503562356342,1.0004583935391347,1.0018574303584704,0.9949009153755058,0.9973383388583007,0.9932787462312612,0.9927935771670915,0.9929825793561307,0.9969975301972445,0.9950245963432599,0.9914786963096961,0.989947888846988,0.9968951859600046,0.9950385469714539,0.9869139747007333,0.9932266233902041,0.9934726613322431,0.9911412669357574,0.9947780549279895,0.9995487434835209,0.9989711615547052,0.9975316452351551,0.9909822445409753,0.9964461088764359,0.9898214853588084,0.9869679135316123,0.9987272124099236,1.0069451984141862,0.9924908271650016,1.0048726788844258,1.0022304484037012,0.9984714350335717,0.9916800326370869,0.983804242290156,0.9928124601206479,0.9990932217269588,1.001883050710602,0.9938558685468517,0.9928881486977023,0.9918354946143746,0.9938293216072349,0.9905654117558247,0.9991239865136226,0.9925248442367657,0.9920269584881926,0.9988517335770943,1.0016397795807856,0.9920361806952238,0.993090242824304,0.9898689296215628,0.9976011188755349,1.0010068206776768,0.9973526856773968,0.9952661157271255,0.9940399351396689,0.9907721744558392,1.000398953314243,0.9995685453944072,0.9937058864748022,0.9972665493200303,0.9954522471222473,0.9917394628250799,0.9912086985175246,0.9909810588520465,0.9993337742541937,0.9941361266403452,0.9923757510417286,0.9997421241978295,0.9934438143229398,0.9935518236586339,1.0025256080306661,0.9993841959583403,0.9969327914574436,0.9973853769373197,1.0001168328118992,0.9965460357464782,0.997454620521109,0.9939219235582408,0.9872877202673624,0.9937815652956469,0.9930221987463157,0.9948698662612179,0.9946487410421706,0.9947139755257058,1.0000830052947316,0.9918498591483489,0.9944197095620642,0.9933000294323967,0.9962435942055411,0.9984923447539661,0.9916049796194697,0.9997382176788919,0.9930315880417122,0.9938254846602814,0.9957669513496964,0.9914860798663219,0.9968114450107409,0.9870202632251172,0.9977162744075374,0.9953656603538692,0.9902570998415893,0.9904118042000205,0.9883801005952421,0.993409990750529,0.9974420729434988,0.9943228667443529,0.9943700300613093,1.0020178009669731,0.9907353145352011,0.9939398063492079
39,2854000000,0.9944709257499448,0.9875166137501366,0.9911410071725428,0.9858499453991901,0.9926265332026073,0.994437694362494,0.9943733515996,0.9920661747570263,0.9911506058665426,0.9882145790400926,0.9929798789758877,0.9908067650506169,0.9941302399511557,0.9935204434448313,0.9868145076500339,0.9961641973433875,0.9876989982200586,0.9921687054128022,0.9928280592648464,0.9910443899800023,0.9981259236444472,0.9947366775940768,0.995243182520665,0.9942271339134149,0.9936472616331378,0.9939080722041731,0.996296579945843,0.9924905619379736,0.9943146779212336,1.0000341554135028,0.991689041286492,0.9957090816390765,0.9945389072028906,0.9901005092287277,0.9996069635222022,0.9893137654366845,0.9861291393072902,0.9960580471282561,0.9934188919692994,0.9941354555073915,0.9970050425767278,0.9900531064939792,0.993538045288255,0.9927581694706276,0.9942995967017899,0.9946025651159931,0.9945907168102318,0.9939800743946351,0.996323372361656,0.9913958653223265,1.0029814042331793,0.9794788756240892,0.9963714988221174,0.9920411045273827,0.9961314822920732,0.9955033694651059,0.9978682435471226,0.9898226733728326,0.9854218289409659,0.9925905276585367,0.9972142725247438,0.9937786280184636,0.9939225031469983,0.9973240265172305,0.9973918832105951,0.9931561079878969,0.9913497362538518,0.9973290106649055,0.9957563942223914,0.9982062476492943,0.9836403862116426,0.9922366036162195,0.9917588049713161,0.9844202226500294,0.9941869069156196,0.9955692203397383,0.9931926367165275,0.9966287897859128,0.9940604596252852,0.9917655038564088,0.9966921667633664,0.9906153008801287,0.9899967263659687,0.9906473631985141,0.9911164529304328,0.993344267872861,0.9890587347028218,0.995415894386805,0.9949974344129386,0.991529137923242,0.9952977801611225,0.9961244133799895,0.9885795554086876,0.9959461410939979,0.9992300254185161,0.9934038987081072,0.9963221734354577,0.9955974076049967,0.9978394527838627,0.9942477826128358,0.9929562518729134,0.9981589276559326,0.9913897659198644,0.9918618446756723,0.9924058370867538,0.998305388491218,0.9992083952206338,0.9920526296272838,0.9930309694369825,0.9978788075022306,0.9935530795935399,0.9904113375911657,0.9893852419424625,0.9876933023689964,0.9957027626023482,0.9958419910714217,0.9924749769120474,0.9922943401232508,0.9906226066873679,0.9999186850821831,0.9896404751459256,0.9945894836635163,0.9951785673297832,0.9985982327249708,0.9916978493705916,0.9979395944478423,0.9881536077489228,0.9998870346518196,0.9936920249265188,0.9916100757877166,0.9907573388519813,0.9956296899384466,0.9899768855920275,0.9906462702175274,0.9948960729881999,0.9970427655636226,0.9908100310380413,0.999317198760051,0.9917725928562962,0.9926456439284482,0.9922797992414025,0.9888350342150592,0.9852092405800112,0.9898792330266291,0.9983522829657847,0.9961717543085624,0.9946702140758138,0.9960453168822516,0.9947499612522105,0.9888927029372289,0.9968050646210898,0.9953387471082518,0.9942581237878373,0.9960119020377405,0.9907331466033675,0.9883475049223668,0.9983751609847143,0.9922820883989225,0.998922151265057,0.9955759202068732,0.9947730748681509,0.9953399860466605,0.9917113774111003,0.9942351284728652,0.9963837503805643,0.99533166434476,0.9867131852608337,0.9960310143705126,0.9948462309500666,0.9944911594569804,0.9946417846065968,0.9896925857464729,0.9898749085452748,0.9979170370232858,0.995740237867797,0.9878316497995789,0.9881651597306753,0.9975400563446586,0.9962258438457162,0.9901356702374058,0.997279112539174,0.98838236356197,0.9945111039458067,0.9891074316219777,0.9959966817842315,0.9928968490954524,0.9928537759830595,0.9908786164792992,0.9956924594394815,0.9935073760984773,0.9889151490152327,0.993175599098206,0.9893608270251366,0.9974932310349512
40,2855100000,0.9912039362956998,0.9945500754661056,0.9940839701153122,0.9971417990576827,0.9901815482816879,0.9856707983284453,0.9941647679203846,0.9864821685776781,0.9902190115147178,0.9980299830425244,0.9846826097360092,0.9911848926823783,0.9967395772241849,0.9918130781151888,0.9940168903215085,0.9951855179364595,0.9909894444646513,0.993966088530957,0.9927758719305328,0.9883351836308856,0.9893417877208234,0.9931858274920838,0.9901400769795061,1.0014118884638414,0.9979876723213198,0.9882542906000524,0.990247591675945,0.9914176810067287,0.9928391538987963,0.9950019606040067,0.9864889517298786,0.9975858489847431,0.9819018738729227,0.990599989098542,0.9959787228873859,0.9970439075725995,0.9941031629148198,0.9946571326281461,0.9966635790495226,0.9945900271207562,0.9917684063378449,0.9938508606010187,0.9925650561395367,0.9880154019955061,0.9937152895355283,0.9919015414816076,0.9908107894563846,0.9952313000673273,0.9937614735106692,0.9850674341501613,0.991636245312018,0.9877672714409083,0.9919721333902557,0.9961339527186592,0.9936642741516882,0.9884614953162151,0.9972431626929503,0.9930999511254072,0.9973746303217401,0.9969443346256834,0.991306657937689,0.9878587957388549,0.994659902887855,0.9927641600366877,0.9912456985196231,0.9923038181495535,0.9936473078710016,1.0006018251879207,0.9925205169196728,0.9877036783423097,0.9996443754115393,0.9943088367090298,0.9915146855358087,0.9950860022620224,0.9911085554660058,0.9906229001885436,0.9879028665132301,0.9948324560524765,0.9860118328614522,0.9923982897717966,0.9918371866980294,0.9880201614231697,0.9946747155426451,0.9947947083287061,0.9970362246977538,0.9915275686729039,0.9926907412309973,0.9889022049716307,0.9925722607240187,0.9934710519477771,0.9988253047424903,0.9973630406162294,0.9939855333760422,0.9950445880100874,0.9910416213295519,0.9929130913486113,0.9925111410501553,0.9841143414272239,0.9976391672320589,0.9985155137594475,0.9968860579208281,0.9894326575273575,0.9902182509326246,0.9945895798447186,0.992540380859378,0.9902415076916311,0.988055185659552,0.9887699201952371,0.9858464942391111,0.9931079221527792,0.9822206378460926,0.9903627984956875,0.993732090252382,0.9913001585890329,0.9873985896175909,0.9887206460790265,0.9876763019915282,0.9911973701145028,0.9901956706272517,0.9930104512914649,0.9903542002468227,0.9962556582772618,0.984817553509985,0.989153573355275,0.9925236268279127,0.9977073101662873,0.988389840682532,0.9878637242010055,0.9975705994104902,0.9925653798066963,1.0012078496745587,0.9876920745281494,0.9892417876749846,0.9895216954505083,0.9941864763467253,0.992697287320558,0.9903870141357047,0.9912933221450735,0.9965509203212797,0.9878939375044364,0.9941879287639251,0.9974347768979096,0.9927927364515563,1.000647946471542,0.9891464665518142,0.99208238420044,0.9977627171012293,0.9905519974975268,0.9885135296534349,0.9940358386828941,0.9886581847704498,0.9853372695736515,0.9965109107153535,0.991170703185807,0.9929406136048375,0.9990580903159875,0.9892066222270604,0.9887235002078624,0.9956008634960857,0.9925586689164255,0.9903496825668685,0.9901459836324221,0.9962008640821254,0.9955246925926474,0.9942988147250658,0.9930685976893556,0.9927248153026207,0.9902473756838126,0.9939748473223035,0.9923152565995574,0.9933531917671332,0.9903369863381319,0.9954934707274468,0.9964281853011479,0.9896432699369188,0.9885067337747374,0.9943970042255206,0.9893509190538953,0.9973652231337418,0.99573132481928,0.9915506481263238,0.9937737409081502,0.9909071474490427,0.9912042304223693,0.9904650111067914,0.9912206265124099,0.9879527542819713,0.9910300685951151,0.9898582500885613,0.9949395843306148,0.9886311175623186,0.986374000383616,0.9889689036054994,0.9973017692619929
41,2856200000,0.9916265898743961,0.9911033601438334,0.9866333479686309,0.9929014040579475,0.9904972564076951,0.9833563092806815,0.995941774681202,0.9884754855907377,0.9953389003967009,0.989546013311644,0.9921230101223408,0.9873813438673729,0.9877998816642798,0.9933891696190414,0.9944552335986052,0.9883995139833304,0.9857563282650298,0.9941796903471933,0.9925057499847295,0.9891650500102461,0.9907040085189123,0.9905055478479988,0.9843928213246093,0.98828940071994,0.9871498591123371,0.983190531398876,0.9900382586854534,0.9908174659826036,0.9842204241922466,0.9808843684953493,0.9861188725177933,0.9863530196619101,0.9899020737401323,0.9976076182811223,0.9953518199131163,0.992481687385717,0.9896020194273324,0.9934450714216496,0.9879745976452491,0.9873849467345969,0.9920256399691869,0.990861665581835,0.9962392269915433,0.9943934726669832,0.9861515944666852,0.9922137970181368,0.9877330095137153,0.9907125957563054,0.9911714528135971,0.9919605132965859,0.9897899933125338,0.9889748664385609,0.9883978813333609,0.9952524404763408,0.9964151187292507,0.9869012996451959,0.9847023738906423,0.9841036175251588,0.9868400101465493,0.9864298638914671,0.986120672878645,0.987263353268004,0.9837737068990445,0.9884189787777287,0.9919001380535913,0.997210692426036,0.9891403583938575,0.9905549462542372,0.9907989539125283,0.9888155980606397,0.9897951578418467,0.9917048466854289,0.9893717412441929,0.9883514565944503,0.9904433388152766,0.9890123603620645,0.9872704279150951,0.993748307722695,0.9925368368256491,0.9905204611724093,0.9877833795136738,0.9932568403875006,0.9976418463596579,0.9925858474421562,0.9963689690362407,0.9931279791989156,0.9882428242277124,0.9879974644509203,0.9933994451539355,0.9906075886146701,0.98842455497654,0.9872098736022188,0.9815232474373146,0.9904347398587038,0.9916066615362306,0.9831424790767749,0.9864264442731796,0.9907146796799209,0.9847497156115073,0.9922488071711894,0.9952940871749673,0.9859572066480584,0.9848953742321583,0.9971929204527327,0.9848420899681302,0.9830473160981671,0.9897618440876312,0.9892431730879478,0.9871223536703126,0.9952316821694867,0.9856254201958474,0.9847744215289768,0.9867884086033583,0.9882312995671524,0.9928881519220261,0.984970928519725,0.9895824669158899,0.9929942036174402,0.9928818113859482,0.9912844747826863,0.9953953513485134,0.987649983783842,0.9922442764157674,0.9877619332840412,0.9964014341759955,0.9880656044022181,0.9888844562071591,0.9842816371337901,0.9906209760741742,0.9852815923649996,0.9922286554953863,0.9886951825941792,0.9844523053567984,0.9925673839396223,0.9861043196651502,0.9900076909447925,0.9902375503636534,0.9952171085683698,0.9921436469394924,0.988450566071315,0.9916508358649212,0.9931012171096066,0.9863278049059456,0.9861449041901476,0.9934282095498175,0.994620014741665,0.9911799773443808,0.9897166777842378,0.9928731750787203,0.9956443873107396,0.9883573828703723,0.989505042560453,0.9844564989127343,0.9880680326460918,0.988721236110499,0.9876843910577395,0.9862984067226773,0.9913224643303568,0.9908408139157552,0.9907356039452786,0.9910063734298482,0.9832225139462706,0.9956793738138063,0.9915463650421854,0.9894741146483788,1.000270746836441,0.9904430808265817,0.980076279493128,0.9885590244017965,0.9879432496728994,0.9962417018522554,0.9877243937318786,0.9909043928784104,0.9900233231040344,0.9908705666800992,0.9964182442076345,0.986701691368506,0.9894867306240858,0.9911365987961929,0.9972750328527745,0.9863483468909149,0.9875479751894188,0.9915967207888046,0.982366073555925,0.9895101472633422,0.9911767779717803,0.9891357944808051,0.9923207275010771,0.990447276247173,0.9904063858379527,0.9911738400116686,0.989078614135524,0.9894931518379143,0.9957112623533159
42,2857300000,0.9886414494182223,0.9921582692814022,0.9844864786700314,0.9890481665108445,0.9932737760543945,0.9859767141257858,0.9909127361577099,0.9870224760446648,0.9891810202507708,0.9842208984324734,0.9854436271212741,0.9934673751506898,0.9861270967387148,0.9881794631202016,0.9894904508442705,0.9871488660725871,0.9960825868141716,0.9883332718028076,0.9875022224223723,0.9907657484328773,0.9919096010718974,0.9876185884489571,0.9865728908251539,0.9847782884564983,0.9878532293734775,0.9862322238052026,0.9871562984000165,0.99183202139376,0.9884928503323641,0.9906508512319832,0.9846584237268163,0.9928311104991869,0.9820786734789876,0.9868896856167213,0.9902795278810101,0.9881770976743629,0.9860158606039868,0.9856955523907841,0.9902050810349986,0.9827177830864124,0.9951749254821056,0.9931788511138703,0.9923411197107362,0.9967674707992762,0.9861316862507021,0.9892365797522125,0.9799814752884696,0.9930029678156738,0.9864000674186417,1.002005185685846,0.986151675426556,0.9889111975125029,0.9984035518432544,0.9945963244668246,0.9903809857411182,0.9914916157175243,0.9902462730167318,0.9905460577708928,0.9880157520163105,0.9903793701012165,0.9872475021153623,0.9868504424244017,0.9851375559122205,0.9908858242230818,0.9853027549403668,0.9896791745127721,0.9832641736529595,0.9882961325339698,0.9875891183052776,0.9836719293373882,0.9895880487873554,0.9853364444891296,0.9873457170167459,0.9868467565216804,0.9844121893103501,0.9915818594335248,0.9882627637530477,0.9904615771442444,0.9903687337789192,0.9820802732809859,0.9947560582965225,0.9821952632187371,0.9946813656256256,0.9875511717062831,0.984050294238534,0.9889375642704782,0.9880954347204909,0.9859873494981682,0.9858928171248954,0.988373597059614,0.987198810199839,0.9888887598629695,0.9882133438322338,0.9893073355527993,0.9858530593752066,0.9854907285449872,0.990863217738136,0.9933466403407356,0.9898314020351067,0.9898188977574142,0.986099364189526,0.9863120761755596,0.9926058007218939,0.9819315937007036,0.9864618195370098,0.9842249892565419,0.9925529115126573,0.9915088520859574,0.9853294999935531,0.9877317900139783,0.9930450693941175,0.9928914565726069,0.9858652045677347,0.9912956112566335,0.994667019674876,0.9903997164356019,0.9843223589019968,0.9906107904294628,0.9955790490738852,0.9890802192261638,0.9869249541518976,0.9952555938063581,0.9808190524989615,0.9897070906996425,0.9894734233422412,0.9868956106753152,0.9877268997663414,0.9833328220355563,0.9907957049331331,0.9926378504740786,0.9879762318265016,0.982030952180071,0.9907673323241619,0.9886678098126812,0.9890148865612388,0.9860523930910231,0.9913103245119691,0.9893343747377735,0.9884595678261082,0.9843795005719048,0.9807840903681462,0.9896837609943565,0.9869939530198146,0.9834422048077444,0.9871578521751286,0.9881526700383214,0.9861710085522032,0.987504279407453,0.9845729335826047,0.9884765115603507,0.9849617955541479,0.9871676839104838,0.989711716341668,0.9880837304865789,0.9940075530178245,0.9888257097006578,0.9885624957862514,0.990858632966401,0.9850846340491525,0.9889734027090382,0.987341663257022,0.9846051630997048,0.9883678617824648,0.9940153127676672,0.9857023924683592,0.99379448618788,0.9957351617658655,0.9874249827252176,0.9834602649812426,0.9941372964466545,0.9823495830924793,0.9901539958461298,0.9828522096957593,0.9841207025913662,0.9891103154580916,0.9876107147107662,0.9865880001132459,0.9909477687451803,0.988203067311779,0.9869395401822147,0.9897789993914987,0.9884931649578289,0.9886909419038179,0.9890637240886803,0.9952557296413215,0.9855359287491852,0.9937910962160169,0.9872920914184824,0.9867312102090451,0.9904111780662966,0.9884636168472094,0.9911592692158171,0.9877916729613996,0.9915133013083439
43,2858400000,0.9860583676561032,0.9817621387559956,0.9856372656259086,0.9871855000739409,0.9882972579718763,0.984371677243592,0.987117230014527,0.9902262826436892,0.9923542440230163,0.9923370889371834,0.9869710736746283,0.9883217997453378,0.9946966569248396,0.9825535888040741,0.9861381202710452,0.9838754186571924,0.9828244533378101,0.9834014320112621,0.9903764920822742,0.9817271825485822,0.9884405222083575,0.9884914768300019,0.9884317704622193,0.9858392716729618,0.9828047726009144,0.9907037714085553,0.9825005684489537,0.9844731376221144,0.9841194265104677,0.9877753116025981,0.9871065225909348,0.986503121447244,0.9889306639781201,0.9875488178392307,0.980666179750309,0.9904928776677725,0.9860882170261791,0.987957012922772,0.9866005050541995,0.9922971243079477,0.9821082207410323,0.9797464430478514,0.9907664907430376,0.9815094777366584,0.9888196323455827,0.9877280382172512,0.9803397617487198,0.9865365179934381,0.9838558063799386,0.988840308916234,0.9915179963673264,0.9847131976994303,0.9850576654115605,0.9880876503746521,0.9817610957015503,0.9909926542937135,0.9855423526396785,0.9839282472559342,0.9828872322908728,0.9875855932191426,0.9854340281850343,0.9798980668617822,0.9821665279457256,0.9924894069638723,0.9955397991902684,0.9914617016662708,0.9879614420387997,0.9859278535754141,0.9832811523323142,0.9900828082873232,0.9911965521456908,0.9793723794620599,0.9864070085769256,0.9915577234976999,0.9825191491698292,0.9915431022973883,0.9873790088635157,0.9871419740772873,0.992791356490367,0.9859984074021642,0.9879867405844246,0.9906002099271033,0.9899354948719373,0.9900430312357575,0.9857131564480569,0.9892951597062358,0.9794832433132938,0.9892713900557987,0.9792128291633821,0.980787064789549,0.9844919742126297,0.9851415045177567,0.9890268715276238,0.9903044476620777,0.9851641155149232,0.990759981418793,0.9922772662180515,0.9900664786743253,0.9911158144766347,0.9886545486110571,0.984301414470504,0.985966448418953,0.9925979380141429,0.9883364121989053,0.9862914661960289,0.9936170371569428,0.9850638644484897,0.987478353073295,0.9904683375603219,0.9822036153727683,0.9840593342175803,0.9886697215312287,0.9829321189193223,0.9911623456641735,0.9841068760807288,0.981553189490383,0.9884321886142652,0.9854820747584638,0.9863450949771495,0.9846510037020131,0.9929057185402433,0.993805323286963,0.9844084917733078,0.9784301485681682,0.9943747879671908,0.9770902224330171,0.9843756025478712,0.9782944728700427,0.9844452311437926,0.9880736594065074,0.9864948807035829,0.982468633733333,0.9828262361535582,0.9822600852219918,0.9866681838577245,0.9886827786138027,0.9855046228441712,0.979643830414715,0.9888627586965844,0.9839629970422168,0.9837688838126911,0.9895160025633818,0.9904631005398931,0.9865662038473638,0.9892711768510889,0.9842318223357494,0.9817988821037826,0.9895580096346769,0.9883111963581994,0.9875531418010997,0.9798967158404573,0.9921586564969511,0.9895891690387839,0.9902499986265269,0.9817452854184557,0.9827806729259662,0.9807418605862503,0.9840389263892861,0.9863661892947537,0.9881213008463092,0.9907351785706185,0.9822354286213537,0.9875072923210553,0.9795706461398785,0.9898018334149102,0.9851636467857484,0.9832355275880025,0.9818316431454547,0.984362161483399,0.9865782968496654,0.9898364802687347,0.9909386801684346,0.9898675780576955,0.982172233812867,0.9861708551346237,0.9853982875242602,0.9867954373524763,0.991457189982249,0.9807981691142693,0.9855219989926295,0.9916765934581242,0.983265812524644,0.9898798932445654,0.9842459105074789,0.9815464636308412,0.9928195891018626,0.9914983489958815,0.9827090885246084,0.9966763879229182,0.9944939570132241,0.9869881626806954,0.9923910482820842,0.9850511970350138,0.9863912728170965
44,2859500000,0.9846893612425321,0.9891846583619266,0.9772194504701446,0.9816126922280106,0.9863238267984181,0.9873501301806854,0.98238748189464,0.9776082100685166,0.9856766826879655,0.984011980113289,0.9868525994536714,0.9851814971788663,0.9915480546788271,0.992515023584028,0.9893339302330139,0.9805287841112623,0.9825762611192362,0.9790300276640562,0.9865031401179238,0.9807301784422123,0.9891810376792556,0.9843645298399257,0.9886632354282958,0.9875988276401703,0.9845465276086555,0.9891982364135582,0.9843626790060633,0.9899813872520112,0.9783054521324079,0.9926765924575716,0.9853206415413471,0.995962428545671,0.9830652702403062,0.9816435329808951,0.9813456284464279,0.9808655883088246,0.9876065064383376,0.9976900090749051,0.9860871945627209,0.9829826427493912,0.9822478477908014,0.9804055526853925,0.9830874830115061,0.9818855621122932,0.9781081270193362,0.991828340978455,0.9869125510659925,0.9864459689581806,0.9833694484805353,0.9862017601880079,0.9757919898244187,0.9846252286475211,0.9882059613446235,0.9775390283889012,0.9803747446086503,0.979868302544682,0.9822341842997571,0.984704871722818,0.9938708992399227,0.983613593449965,0.9816714942017098,0.9798189137745846,0.9845370746377101,0.9890866611379802,0.9866186574324233,0.976772475636726,0.9871636796752747,0.9865806710160405,0.9918826590296153,0.9818771595847156,0.9828164544975012,0.9881387785767934,0.9871249551535558,0.9774418538976494,0.9903412966756314,0.9826265807222343,0.9863807646244634,0.9818353058283321,0.9892398004095738,0.980253288450506,0.9889171152516437,0.9825047372598943,0.9837341371125353,0.984487033293527,0.9843776503337169,0.9820946806203804,0.9804581504379967,0.9861514335818474,0.9813176467313416,0.984095848423646,0.9900390948632402,0.9812334470307338,0.9859347124508288,0.9823004770414908,0.9796281173647142,0.9824984948112012,0.983427936649468,0.9869582022359653,0.9795908324988309,0.9921404121154936,0.9803605744572876,0.9771162790494263,0.9899864361969849,0.9898702984271084,0.9832525573769753,0.9903731266165381,0.989113625642792,0.9954212612600907,0.98506512585466,0.980735758093297,0.9830126844860694,0.9817957388391351,0.9779735640730389,0.9792024859863291,0.9889701429149066,0.985149780684781,0.9881223258938884,0.9895975756002554,0.981186456983239,0.9839122319633616,0.9836254452128039,0.9916419629211756,0.9838391674488383,0.983596296555502,0.9836478127171746,0.976624890290174,0.9834303197747134,0.9796015376939844,0.9746233664371605,0.9856722291100577,0.9850245340867992,0.9805160140326522,0.9791868872143651,0.9844220633677282,0.9895201745387239,0.9849230773606008,0.9786398556756466,0.9854373524785228,0.9851499629972419,0.9861916202907959,0.9785880559269216,0.9869169392498754,0.9824621406597974,0.9877910351004597,0.981703586159933,0.9821211760222205,0.9884636532169261,0.9919130480981042,0.9875746589680605,0.9857972677650604,0.987384428564956,0.986386315514271,0.9807334842421999,0.9784995439131877,0.9841697398147151,0.9840677728430535,0.9884803671756971,0.9854373507696357,0.9850711309817807,0.9867513599257132,0.9831634863838818,0.9866938913532108,0.9886982117659497,0.9860839483427665,0.9836668295511258,0.9827173083449332,0.9834764867357947,0.9878788173023794,0.9824558350894977,0.9784537823236742,0.9825451481324132,0.9809293450786422,0.984738973068211,0.9861382132253784,0.9941466104454346,0.9866153110071427,0.978476682215665,0.9781132107606745,0.979487300765762,0.9808520782249007,0.9869393917424377,0.9785676282662972,0.9858776086010056,0.9867012333311599,0.9905155188733782,0.9780707454285831,0.9916983996115871,0.9792840877479626,0.9844638286921793,0.9798900559089395,0.9804350819474063,0.9839503847416478,0.9855004462990651,0.9813397390495693
45,2860600000,0.9801890801862756,0.9777873041686957,0.9837216066863635,0.9781080471858165,0.980494466940754,0.9861455210200598,0.9782702628002996,0.9836503326017311,0.9855549875613714,0.9789108494304489,0.9827151367928811,0.9861537140644168,0.9771648533905821,0.9795641071143049,0.9845377010026279,0.9821823222622306,0.9788699406754675,0.9743648569781861,0.9860647026682231,0.9856151346145046,0.9797739221007966,0.9829031643155351,0.9839744980255155,0.9792422517093817,0.9787132686760617,0.9859200544916868,0.9793978974367853,0.9804548987279247,0.9835846917825768,0.97810489153162,0.9830124610391576,0.982722394102565,0.9904573573890263,0.9870678903770639,0.9801488276831193,0.9780177175092208,0.988311513691084,0.9860572859250967,0.979550866297311,0.979855530399613,0.9768970045926345,0.9796690661420283,0.9738973098000653,0.9799147441345751,0.9873765321539625,0.9803126595830908,0.9741864059888351,0.9871110180091431,0.9824144966576223,0.9836978719219579,0.984457040995944,0.9811317513260228,0.9861209003215028,0.9744964560141364,0.9822748814632741,0.9871369250464377,0.9804827277450423,0.9747068065591046,0.9758446833212534,0.988467246550661,0.9794410727813565,0.9889724525823543,0.9834932711989112,0.9872442594868319,0.9781612583660316,0.9834050600024566,0.9763480536551057,0.9870014741270666,0.9831652270302073,0.9755151723910437,0.9853918897566077,0.9808903658748491,0.9771620365262759,0.984406809126922,0.9789967385141596,0.9799519063446702,0.982608638326088,0.9794422793392488,0.9773474924562071,0.9788883569366938,0.9814405660459103,0.9803486933650104,0.9814380661384509,0.9802673980515776,0.9791959198701871,0.9785094391449586,0.983132610786789,0.9866851500241088,0.9730737109991635,0.9743588806314099,0.9821443984226349,0.9834551046609864,0.9851296624166997,0.9840220306493367,0.9794553582011241,0.9818581362896388,0.9837934426151372,0.9819272107193282,0.9737284367844158,0.9915937884628246,0.9797128542562225,0.9856962803328309,0.9851350552721649,0.9803596959637465,0.9829649151363112,0.9784854221461753,0.9809175402864406,0.9791771739573998,0.9832539498566047,0.9796102850086966,0.9776777770617048,0.9833519584767426,0.9834929029552804,0.981890854843492,0.9798830969030428,0.9773399350293427,0.9860370798604878,0.9849638717466422,0.9785857935715558,0.988642240187965,0.9799462780039406,0.977408352833866,0.9810051467324589,0.9828633991614328,0.9787411322912889,0.9817860180534753,0.9768693097848319,0.9816574793108654,0.9942039114275876,0.9872540156556716,0.9809747671877,0.9856316823102799,0.9793439005441595,0.9806829329816539,0.9768079449127611,0.9814393393880252,0.9824251847839828,0.9770766734095294,0.9773372006960725,0.9813579273812622,0.9781718524878443,0.984497715759405,0.9837666396459285,0.9741671007914152,0.9763922069814079,0.9841618400449202,0.9785073193052732,0.9782302437560408,0.9884809157184021,0.9797034505045599,0.9815762804340925,0.9814540969420196,0.9779326778727268,0.9762052560752484,0.9781443528911873,0.9852202552314846,0.9791345082210259,0.9815696053789091,0.9818016060450703,0.9726469181927447,0.9811738726493915,0.9778794384087396,0.9774299904051373,0.9825850982292461,0.9800995841620445,0.9767265017575746,0.9824077063896062,0.9783602128376998,0.9790535266094463,0.9846611788865359,0.9744856526611042,0.9842135895923875,0.9865616848286134,0.9826104025473624,0.9740198163514503,0.9736756445671649,0.979801126886065,0.9806791430777962,0.9747599567720876,0.9852215049923204,0.9820811935423209,0.9811305693953433,0.985265632846672,0.979201416441384,0.9860566023627481,0.9757828312688183,0.9846018027676579,0.9821393921792461,0.975582091872021,0.9808575639240632,0.9757688048076298,0.9819859675637792,0.9838526092104753,0.9831556231256817
46,2861700000,0.9806008394243187,0.9841632535784111,0.9789106516851755,0.9788084621134178,0.9844734907482785,0.9768625706176299,0.9790602449296972,0.9758918069316916,0.9774880532596025,0.9817769861015055,0.9790668494963353,0.9772316808636442,0.9823292999946356,0.9784728130880191,0.9790171917811886,0.9761712834908054,0.979754952680299,0.979448826569901,0.9789641595557025,0.9772216918679546,0.9771281936929905,0.9793359095836991,0.9788582084875537,0.9792540788986098,0.9812976083576749,0.9762324198522913,0.9798845781766019,0.9753686062826006,0.9775147914076896,0.9733169134684798,0.9716889545892193,0.9773002326110666,0.9753042748323356,0.9803251907363218,0.9743824507854997,0.9802184962156438,0.9738754478573127,0.9745668414095993,0.9785269814122548,0.9701604321327636,0.977257754294153,0.9685621189562149,0.9773208003468109,0.98509043412399,0.9785275000969327,0.9766141725452144,0.9800365828183404,0.9769577038828415,0.9727907523607966,0.9728223051327773,0.972982764816418,0.9732953941424864,0.977316710022673,0.9730201691163551,0.9784695138903162,0.9858096501492786,0.9851831267440393,0.9712121922365015,0.9808503358273934,0.9802689437088218,0.9831914830259042,0.9800108917797551,0.9749580225653641,0.9739184384862166,0.9821362019235089,0.9796728653052222,0.9787583733698907,0.9725231106188063,0.9848610631813708,0.9744114289049348,0.9812557905367363,0.9794533651037565,0.9699188238269476,0.9852211808389651,0.9816134970813923,0.9774280100270201,0.9768216287629164,0.979095974427153,0.9821573438525715,0.9716384700207636,0.9740842112168909,0.9817380782236319,0.9743992301363551,0.9763228779752295,0.9726574996335905,0.9794305695170925,0.9732219618134423,0.9737217784111071,0.9744924326162555,0.9730927238057674,0.980509319385114,0.9716188009929618,0.9794035217456498,0.9804508327683571,0.9847197635740598,0.9797532882205862,0.9842229455108591,0.9817399186911246,0.9731011857229103,0.9698226332810311,0.9757987922614988,0.9837756875452706,0.9777816988946222,0.9784379755835156,0.9785168275800196,0.9811422708165128,0.9861478001562616,0.9742352079895908,0.982891643856705,0.9777262912995207,0.9716301135366299,0.9823749707714662,0.981762557938466,0.9792210060746876,0.9765505537360752,0.9821710848583587,0.9734413597030145,0.9819388807727979,0.9750105133027461,0.9766781692342386,0.9788202477486184,0.9764731246982543,0.9808883352114137,0.9778017017772702,0.9741531842662526,0.9721030571903133,0.9734432581631458,0.9723119587323299,0.9759727423328398,0.9771313372049205,0.9762735562403221,0.9760291654636981,0.9758514363491064,0.9779833894904297,0.9725483507780408,0.9846723367635478,0.9748904940484763,0.9810318023433972,0.9798806760244011,0.9793300456515396,0.9754072917564577,0.9742339765032393,0.9726040525329259,0.9780510245348063,0.9796147219980414,0.9872038786776972,0.9827100541929806,0.9805837425459937,0.977510045770804,0.9771034455693443,0.9810475918217447,0.979360519400612,0.9840187970815348,0.9734509297860452,0.9850313753078687,0.9802802143880652,0.9694591791733024,0.9829353968422558,0.9760980625676908,0.9743442745703417,0.9761268222256502,0.9771029346886578,0.9707537127502893,0.9747112039139718,0.9714221156086327,0.9771553032386265,0.9785212777018444,0.9750484135206986,0.9802670981906756,0.9743134509999855,0.9715791640880078,0.9751407375054514,0.9824336087373229,0.981188975523676,0.9742123610194794,0.9754024210851063,0.9744272961691365,0.9780418406470517,0.9766102317532199,0.9729973660540648,0.9814431201928986,0.9840886930898571,0.9794190694001262,0.9794810312481211,0.9833092530793847,0.9807476479096687,0.980380774878802,0.9828546826444605,0.9793617395666956,0.982819784213312,0.9762374135462015,0.9822469600934369,0.9750432395435991,0.9757931046311722
47,2862800000,0.9725948900121077,0.9802591590672285,0.9765906361575941,0.9742910783278842,0.9679116373482086,0.9747955405451948,0.9787377632030265,0.970146353007722,0.9816584912526973,0.9835866606725306,0.9750649654447047,0.9719677980016584,0.9730769210084116,0.9790988301639391,0.9775157280508103,0.976288170912127,0.9806906665214282,0.9791282245510743,0.9751726548267348,0.975825702284141,0.9713007871692076,0.9792880477611803,0.9707928223635016,0.9767672005262471,0.9766264831491062,0.9728307528234335,0.9652806386206956,0.9766462136956596,0.9757109549550096,0.9742074568652193,0.9757736470119169,0.9732902617497486,0.9735679541882655,0.978059049259195,0.9761094583197585,0.9725307910287481,0.9711393996987409,0.9731539676024054,0.9742145215738403,0.9717208487285676,0.9736815285356406,0.9690752985887551,0.9727877243263385,0.9722230743159638,0.9845730788780365,0.9784691419193308,0.9780937559560773,0.9729519678356456,0.9696371953658046,0.9733545050766713,0.9706235107298664,0.9710613019670961,0.9697377435788993,0.9773272043586778,0.9771359582326261,0.9744826198946991,0.977036339261473,0.9784681615404933,0.979170770904651,0.9732748764273269,0.970902465123625,0.9723029491355731,0.9787202667355825,0.9724772442502612,0.9728140820334701,0.9737501313249883,0.9712525468158395,0.980209282547769,0.9767126966331433,0.96402900780585,0.9785070335504896,0.9773946569667931,0.9707525700329447,0.9752346870759823,0.9730112241746175,0.9770855548322293,0.9801296256228164,0.9750578422798671,0.9753936577452681,0.9738041166871501,0.9678793578268513,0.9692725061447197,0.9661332050865873,0.9689072034643922,0.9737820401352592,0.967591089238,0.9807811928119367,0.9813321598625684,0.9757828958901298,0.9786880312156563,0.9680021462115205,0.9688196828818226,0.9769802939318876,0.9752177923790499,0.9736456417542606,0.9729316008768082,0.9722085980796916,0.9738755833104936,0.9725055256626194,0.9671937217655038,0.9732603923255626,0.9754855235838334,0.9754510983194036,0.9795726312673695,0.9727912131011357,0.9731702291544546,0.9703114861874349,0.9787305012112584,0.9747351636829407,0.9742120021987639,0.972630105511868,0.9724554730206104,0.9694108330239752,0.9748603922836716,0.9762051533935703,0.9710164657223269,0.9709292391172685,0.9802145552605872,0.9750638751255332,0.9724524606219784,0.9684983031900294,0.972732777256844,0.9709790969468075,0.9745931109170519,0.9770626959971513,0.9793870732451282,0.9722820240570461,0.9788998336382492,0.9766993639030194,0.9812640286451256,0.9772990846332335,0.9703773543829135,0.9747159367460302,0.9778365481083783,0.9710619519988629,0.9785087457834457,0.9739145332048655,0.9744752067271143,0.9768724371075266,0.9782787469935397,0.9737465426988036,0.9799086184507916,0.9743521046301599,0.9731565274222924,0.9748681754990959,0.9684202773554696,0.9662343014541913,0.974771992518224,0.9750072711592308,0.9692177709945838,0.9681550783040973,0.9771737189379394,0.977382685558413,0.9784608760007647,0.9729321817704287,0.9739825675427394,0.9713403219750153,0.9731390792444979,0.9747582067299186,0.9751907154258102,0.9754709888472104,0.9735459917580435,0.9739378091114126,0.9712685635705967,0.975144021395475,0.9739572294042327,0.9715105293729224,0.974654323203756,0.9791336347009616,0.9749805957012722,0.9747120716103245,0.9735741629883798,0.9782370968813597,0.9800999749892136,0.9730693969288334,0.9742413441598892,0.9740642871778219,0.9779789085900155,0.9690152810081997,0.9694141177991863,0.9773118314851486,0.977032065731398,0.9715281328466348,0.9759872875736393,0.9791400259512426,0.9694242369806522,0.980169775678844,0.9736849186371564,0.974713791810162,0.9755583045104218,0.9732970749784202,0.9761936089419885,0.970223805309828,0.972876684451238
48,2863900000,0.9708041990062698,0.9747743680775344,0.9730605074698068,0.9739957361290352,0.9731065645447475,0.9705851048577614,0.9761340770012054,0.9728048930184918,0.9726195211323737,0.9742514698130567,0.9779826472946652,0.9718533299954213,0.9693290770347769,0.9753811555999438,0.9743223067422543,0.9793862774973985,0.976667751130899,0.9678831942347914,0.9755771204794814,0.9708326982856313,0.977481151300395,0.9725582922877765,0.9705317162375809,0.9712708488207784,0.9738506868020063,0.9768909149144,0.9693056687324553,0.9685775495562141,0.9677621043486483,0.9713034333927909,0.9656915809472312,0.9746455743599421,0.963828444436431,0.9643051551815658,0.9812069600924881,0.9777597200266963,0.9735349012274139,0.9681443832520132,0.9707246697297315,0.9681164350108555,0.9646074508174062,0.972998405135754,0.977098251434161,0.9717981194727002,0.9746912899344357,0.9727630175672854,0.9712200235812558,0.9726825807353486,0.9815107256496151,0.9718440482536449,0.9700521518834497,0.9736621241076169,0.9731348197831561,0.9693270132639021,0.9642389035743514,0.964287459819548,0.9652306346677254,0.9677586841218964,0.9631189738574971,0.9641566580549827,0.9732975319594939,0.9686963913541186,0.9724883982052923,0.9721212138586945,0.9760814648441837,0.9673234773796299,0.9694344174944909,0.9732862582766622,0.9689061781484198,0.9702847366541103,0.9726061931274776,0.9697816513039859,0.975382429639106,0.9670244162101426,0.9668866914978549,0.9706518403797838,0.9735196624121821,0.9773604376463391,0.9666379533288597,0.9700698317455029,0.9669756213362842,0.9775208349675397,0.9680060819827352,0.9706513726618885,0.9700245674301627,0.9712518053740962,0.9724385716429302,0.9736171608524851,0.9658944905626407,0.9751839725531409,0.9671283260345214,0.9769068449050156,0.9674032304923821,0.9686384059334124,0.9648364523827947,0.9718016965639628,0.9706683467297922,0.9768391039334373,0.9655078322816253,0.9674611553077515,0.9746305847298443,0.9711892120474869,0.9713089913437548,0.9804605823983034,0.9697705256227931,0.9698224056071544,0.9743407193680518,0.9671918890236167,0.9711075145848049,0.9795415704901719,0.9772565877653085,0.9759612915206892,0.9664796133605285,0.9758702657517239,0.9720252705532694,0.9704386435884718,0.9669546841838601,0.9686247864814759,0.9752863616153656,0.9695165584125919,0.9680996972035357,0.9758155750665413,0.9706789455666117,0.9673554979617511,0.9683454833877737,0.9639307854381156,0.9751372722978875,0.9660479787370958,0.9600183024350651,0.9693418673324499,0.9713054538087632,0.9707330635208091,0.9691648962690319,0.9694244941854453,0.9662743849304569,0.9705642056891332,0.9662493066969005,0.9716078348477861,0.9734737788930538,0.9706151648502744,0.9727466264154772,0.9688409194873375,0.9755392604045843,0.9674425873132327,0.9725473146346229,0.9678923717053509,0.972213405953611,0.9676146130365577,0.9685489079741968,0.9663001191100637,0.9742344164797063,0.9705663805682411,0.9802471875024443,0.9662803243517324,0.9647964375596335,0.9761905059193509,0.983181221969287,0.970596043720871,0.9681732139522821,0.9724574803906724,0.9637568397504674,0.9738477566581001,0.9670593327727988,0.9703936402875212,0.9729289704188713,0.9715672340957949,0.9689021752362827,0.9771726490824479,0.9647635796143399,0.9767163072052862,0.9661850207023853,0.9752870506047564,0.9690966087280547,0.9737398745167567,0.9729726791108994,0.970797218111276,0.9679415401841533,0.9734811837289465,0.967254574082861,0.9755146138289725,0.9742976843067735,0.9718251553673837,0.9707975197005669,0.966460027746097,0.9648703252793001,0.9700229832289955,0.9766752653231165,0.9707150959286132,0.9679993692739182,0.976665347103902,0.9655733835377047,0.9696974625194608,0.9663794333704537,0.9626576932754397
49,2865000000,0.9707853633189929,0.9616344847218518,0.9648693696518975,0.9679206615450576,0.9661656066501861,0.9732595962195756,0.979779536083712,0.9636128157530206,0.9660443134623208,0.9667946239228703,0.9698301918296136,0.9779484494220263,0.966119858622029,0.9724912861591312,0.9713101680095263,0.9719170558781081,0.9768887227079354,0.973090234438415,0.9677549204617856,0.9679754377892054,0.9655854101639882,0.9718067729158641,0.9702722035145283,0.9700161073350243,0.9595267838196178,0.9634414671708529,0.9753861475348914,0.9645067856813286,0.9717324540148418,0.9617980799126729,0.9660578455553077,0.9714029016303934,0.9712825602452281,0.9612975546225506,0.9666286463710766,0.9695805067301705,0.9645180218732885,0.9664919523703421,0.9790558857521897,0.9720915989632153,0.967188438034784,0.9693803644318633,0.9688039828357381,0.9691852856939411,0.9715619331812135,0.9743923370787998,0.9710157594877172,0.9658371712819661,0.9708931733315549,0.9670794107940094,0.96621778064683,0.9696439448796523,0.9732853060396768,0.9756862786815365,0.9710924701370288,0.968965437681438,0.9715431835516195,0.9651093546385,0.9736704016775325,0.9718407768347019,0.9737629134381982,0.9668984796918152,0.9718784879841366,0.9643721241851129,0.9680303632692627,0.9734359169726651,0.9742634461572959,0.9737940674666082,0.9714196077061875,0.9659011407118617,0.9690146541174035,0.966738587682039,0.9680697080555595,0.9777926082963925,0.9730306178314281,0.9674085072699218,0.9726956706773529,0.9709231583100819,0.9693186006345786,0.9688633465174878,0.9664339662189209,0.9637155149964176,0.9721717632092017,0.9735974323274336,0.9632752850945313,0.9729625661026398,0.9685468694564422,0.9657807203667121,0.9642769415352324,0.9678057828877643,0.9654669934254602,0.9695277779732465,0.9691589004613221,0.9742267058138042,0.9678211106246812,0.9669107337277897,0.9690406727475114,0.9731580212948054,0.9698698842530477,0.9733052158875606,0.9615510681414718,0.9618942620389301,0.9760191416782698,0.9737147872951916,0.9715589696090031,0.9731556945615157,0.9601814427593611,0.974762192000695,0.9655722305136148,0.9702603389978703,0.9646330390655894,0.9700962979212624,0.9668279630516252,0.9607991239202146,0.9674343256303719,0.969702326419334,0.9585470357083933,0.9677960909888997,0.9690776298739546,0.9691630653058868,0.9675538123273082,0.9650697451576752,0.968323730747679,0.9722131360285231,0.9682950044824454,0.9727710968711668,0.9705963061529713,0.975323612289646,0.9699819935586304,0.9668868834237307,0.9661637424609166,0.9715107746505193,0.967876786282337,0.976293662300808,0.9682806297908145,0.971637170876496,0.9672163510568931,0.970574433213529,0.9649566477622272,0.9674996915403126,0.969017046026644,0.9689931744668759,0.9726673822251188,0.9710806578191531,0.9709996958574852,0.9660601248429083,0.9713674921121773,0.961727674650292,0.9711604026299868,0.9711856965908634,0.9709618319494333,0.9671862774633606,0.9638485645627101,0.9698102347522686,0.9669428496048347,0.9696236511642442,0.9650371351127398,0.9690247174628915,0.9682876723576525,0.9695315848239763,0.9663776280100967,0.9755827546930638,0.9650767441845183,0.9671368431248702,0.9730284638072914,0.9671463140894401,0.9690359500567964,0.9616927115938474,0.9700376574726607,0.968530834742623,0.9714375487719455,0.9663292323905976,0.9749321511047269,0.9641743654546052,0.9663379058525273,0.9691625717974055,0.9678071503164841,0.964831317241138,0.9704997982538345,0.9618198561075291,0.9691792252717419,0.9704767040210727,0.9697917637071336,0.9754918594480596,0.9670621331491935,0.9667764522591954,0.9704979032614025,0.9672470984122568,0.9640257389900724,0.9730150092627929,0.966815290397134,0.9640753588568284,0.9639405090763907,0.9636277824278688
50,2866100000,0.9704439114876748,0.9736556228513468,0.9728032123871468,0.9702991779847759,0.9763554124458035,0.9700411879738171,0.9782622956867889,0.9700390626450088,0.9700139606812164,0.9711620771676086,0.9679483572876662,0.9696171535832616,0.9782195424564111,0.9745402496555969,0.9757258005304608,0.9810620602057347,0.9687891660668595,0.9699222175378198,0.9676583841803488,0.9710907501362859,0.9686183815013268,0.961248853682983,0.9772089906567917,0.9737314425427597,0.9659922972649629,0.9734676489059283,0.9694408076765537,0.9690310340706887,0.9695075978059382,0.9804393820662296,0.9703223315617453,0.9684029969861685,0.9656914074912537,0.9642602914243046,0.9762628751536387,0.9669462545891998,0.9734327244025065,0.9737942805968199,0.9806130198959017,0.9709390420820284,0.9762939597315542,0.966976499115028,0.9715235627298665,0.9697971558282522,0.9687600775768664,0.9736883349917117,0.9681260588419947,0.9750482639144262,0.9677748563888378,0.9644991745178938,0.9730594278229212,0.9697381250367342,0.9764226557969349,0.9650506204354625,0.9632696934455025,0.9813924152342763,0.9652894015728122,0.9657652851571229,0.9700208839994428,0.9684829308490773,0.9710539737430378,0.9712132269020426,0.9725275205006151,0.9670999810440143,0.9681092387489623,0.9652871450444764,0.9720884355044939,0.9681518765657458,0.9738014865702888,0.9689284474190001,0.9751801349696737,0.9715898529948236,0.9662457680481624,0.965517314942908,0.9697231063535632,0.9780302582708358,0.9719467668800471,0.9695003720307604,0.9730909969518634,0.970162459277601,0.9734645318633479,0.9727385436210692,0.9693541840316496,0.9620627026612677,0.9752569863791687,0.9652730286518909,0.9660026035249671,0.9697303728507868,0.9743785187906082,0.9713622442529734,0.965075353659357,0.971999607052502,0.9679044135141003,0.9709921396702573,0.9708789760034255,0.9644836190921289,0.9661168738264854,0.9738328860281156,0.9686492138799333,0.965837335837651,0.9598542034118687,0.967742156473792,0.9654763109539879,0.96746605445863,0.9650468106275488,0.9725989671863353,0.9664216004319917,0.9734099421797732,0.974927214636799,0.9687699436969527,0.969409595619014,0.97638858872479,0.9709444784981028,0.9794774695822057,0.9704470718218113,0.9747353613255852,0.9691755493419564,0.9668734229082073,0.971782682722702,0.9666203295202084,0.9746497185007049,0.9706478817538252,0.9707687567337229,0.9691660527782998,0.9676735552577513,0.9710536388995735,0.9654668655026968,0.9744953937841107,0.9700072791268387,0.9734105276033097,0.9650648167922304,0.9731101015641288,0.9738293962322705,0.9673235466828086,0.9610054401329623,0.9685472226568592,0.9719162095690954,0.9704972298362077,0.9734983569757065,0.9681023384543672,0.9711191429761211,0.9671323513147233,0.9611019611166178,0.9658423703137624,0.9679602077521543,0.9707060194706497,0.9686968961888779,0.9679658666197697,0.9720378086035228,0.9657211699240744,0.9689641568192296,0.971662077700778,0.9757077158689161,0.9699745294852656,0.9675855904678398,0.9732057844540697,0.9798610059519618,0.9681896458312634,0.970767794016704,0.9733308806870834,0.9717502180745404,0.9763359332450006,0.9658028247406506,0.9732840154297716,0.9753193266655872,0.9688402885049017,0.9717983710831042,0.969997287063167,0.9684726176103424,0.9661352868210789,0.9697794439340358,0.9744411649474729,0.9637327693742935,0.9716868562295944,0.9704338238398817,0.9728657396606787,0.9735162927836079,0.9669120926635331,0.9729685922249581,0.9750543640457706,0.97308208429593,0.9676140661668639,0.9729669456083673,0.9704570741447531,0.968353465663753,0.9777032909402078,0.965908127890548,0.9717030416629195,0.9678029598543046,0.9766228853337394,0.9773378661405874,0.9682150095001762,0.9696773745637011,0.9636027478733946
51,2867200000,0.9751492043758547,0.9772151046629619,0.9771693162298117,0.9777628192125803,0.9752106842284847,0.9821320812729667,0.9743138734812874,0.9759811609164067,0.9775789369513744,0.9760696318992971,0.9791031381583665,0.975632126990699,0.9761989270556871,0.9701196187960974,0.9739767314096277,0.9735036858525088,0.98061003261709,0.9738669959350146,0.9777616572473705,0.9752647967022914,0.9752771789632502,0.9725955602335201,0.9738470890224633,0.9737272135058538,0.9763685156992583,0.9748274060218167,0.976902311036611,0.9751682606419908,0.9752717478071469,0.9741666169596243,0.976934168309963,0.970724213049948,0.9734543421188804,0.980574844325615,0.9810858494608017,0.9786801294563084,0.9754954977941667,0.9709811092246329,0.9768321894572056,0.973716945267952,0.972413752245712,0.9741609506799989,0.9708062437415513,0.974860314586747,0.9762848928052572,0.9703561527212143,0.9707648402254089,0.9749000604614227,0.9694687021157442,0.9776151195746676,0.9788020007168623,0.9781413412964736,0.9737531410131485,0.9743659892503982,0.9721877882255714,0.9736716815848349,0.9743571688861536,0.9771118736357717,0.973222482251361,0.9762631975859851,0.9763105320923705,0.9760694134944932,0.9710497702186945,0.9786541054460184,0.9748751506610921,0.9785584502352292,0.9764662009040969,0.9808912891180303,0.971422478934641,0.9839585746493974,0.975853031627065,0.983318398630913,0.978042752568936,0.9748245853967961,0.9727725493799944,0.973997375921461,0.9772303718047872,0.9703884524356114,0.9715839264042259,0.9763530829335083,0.9744983994682119,0.97737970645161,0.9794378308523031,0.9741360854365697,0.981780802418051,0.9742349862863202,0.9759457949698991,0.9833742822108815,0.9859204606628911,0.9797839196188739,0.9706274486603154,0.9764851537843977,0.973517424273651,0.9709727894546536,0.9832383067061021,0.9784977770197144,0.9735775938189819,0.9716779228533725,0.9796372571666594,0.9787700042957511,0.9739292731596291,0.9724653803046012,0.972355885252094,0.976396087307313,0.976552531123948,0.9735344735939877,0.9768558608252534,0.973382007649937,0.9766625527786402,0.9765391351505781,0.9703009437409308,0.9848601168560219,0.9789471047774521,0.9737980567780264,0.9720907077753299,0.9759179409769438,0.9762526802386992,0.9766609361237578,0.9754351500822845,0.9761564296506416,0.980954818169265,0.9760860057478139,0.979569873802502,0.969212884640166,0.9721626656849822,0.9816409724983971,0.9730133856650166,0.9724215702844013,0.9760719514095091,0.9818392991211503,0.9799723167125877,0.9763825298497749,0.9786393589511877,0.9753955788504952,0.9721683208510665,0.9750379243363095,0.9725392276644181,0.9786603086987258,0.9756753453972081,0.9725069079318158,0.9737691150440944,0.978909595646045,0.9747545010439937,0.9765720902612245,0.9699592455948856,0.968539439682363,0.9758291627512684,0.9778462612270942,0.9758746965385395,0.9705764664972545,0.9771970761129477,0.9715905328529134,0.9777020868498181,0.9757511899706321,0.9698011146989951,0.975740439889533,0.9810311525433693,0.972326879408632,0.9756371293566156,0.9717570419340392,0.9690748154030617,0.9765752258945363,0.9759367230439181,0.9734974292075232,0.977008585683538,0.9746367353666291,0.9771623669010003,0.9743059457270802,0.976857451499879,0.973839704041183,0.9681122873008732,0.9795150153192812,0.9736225007898606,0.9726121802682005,0.9736753853294262,0.9696173755465144,0.9836156271890854,0.9749747516496999,0.979457414214731,0.9756858382216362,0.9759394335056671,0.9783996565591058,0.9697451869650046,0.9794112114406796,0.9861129456172121,0.9747535433683655,0.9789942553057525,0.9792166696768854,0.975544078807405,0.9781086726172562,0.9725813697748201,0.9706625203510075,0.9771229437497173,0.9692104510570261
52,2868300000,0.9799705479582629,0.9830506648954557,0.9819945693763686,0.9747717241765325,0.9889986289188811,0.9858237783898417,0.9858113693918262,0.985009848265342,0.9785148636014095,0.9722649774345666,0.9793945387249801,0.978184227385532,0.9759971499990541,0.9823254034284621,0.982217307727274,0.9825037651475137,0.9814214885009651,0.9803386167364586,0.9845123542595036,0.9748384811206079,0.9784375211697229,0.9799866822772482,0.9823672586960251,0.9796351843217165,0.9793775610181121,0.9852981715745347,0.9722415827555891,0.9798928597148876,0.9816568395464599,0.9767566839895896,0.9882796076834269,0.9858894817238878,0.9842653843636755,0.9778300527607094,0.9786414596455283,0.9820543261928567,0.9788783257246996,0.9733393504001944,0.9788516961713222,0.9738613757572956,0.9801623602223548,0.9728800560717868,0.97806971065757,0.9773460586223289,0.9822807892161965,0.9796830684908161,0.9860700247365624,0.9865742949252148,0.9792613307032666,0.9767889291630318,0.9713516941946148,0.9858023140205204,0.974156335985201,0.9778857357939765,0.980633286623204,0.9787636271817873,0.9828239660520222,0.9841192994591245,0.9855173864470808,0.9788100798749383,0.9803949828830661,0.985085165946921,0.9834047064859819,0.9770616495194159,0.9846748453067828,0.9889871109554081,0.9759070533464553,0.9837579131518047,0.9851094423081491,0.9797727111647133,0.9695865334836117,0.9740308885045535,0.9788548896487385,0.9815634303828673,0.9827509358635901,0.9777911685591671,0.97538274591987,0.9805533855591619,0.982158612698665,0.9775313656870804,0.9818962734684362,0.979749702053353,0.9792585077046693,0.9824743079993011,0.9756689963557315,0.9828337833622541,0.9837770484765119,0.978846636391318,0.9831690198486667,0.9801421362747644,0.9776279999947036,0.9801159766734053,0.9770659483758014,0.9876837107600448,0.9786207094196574,0.9800009873931543,0.9728935755772284,0.9750508148354389,0.9805460899922268,0.9841346887907282,0.9822547879389847,0.9707246960940729,0.9808301419373152,0.9780325922501769,0.9795648812276235,0.9790194320207126,0.9822722274805684,0.9785698973956088,0.9795180308514589,0.9858441553993985,0.9826260312027398,0.9810402097861446,0.9758776633934377,0.9740762238038057,0.986009660633562,0.9743146383510825,0.9773214727980087,0.9825535337665908,0.9850285297587194,0.986517618498297,0.9844590882952591,0.9796920932021677,0.9811938122625983,0.9837743517733948,0.9876951456430972,0.9899773620116412,0.9779589745568402,0.9805228532733925,0.980120964696035,0.9809391358190923,0.9798299367492185,0.9762604167497447,0.9791285078395149,0.974623867858986,0.9770278254256405,0.9882051697187928,0.9848346956830907,0.9861411314588994,0.982270880673058,0.9809239453195575,0.977441310371298,0.9816770411199718,0.9762455172253865,0.981147085639447,0.9752339620291588,0.9813968898452045,0.9773131337930735,0.9799929382328036,0.9806505435453052,0.9819446973102361,0.9819653634987343,0.9796650473797246,0.9813533784870957,0.9747083355860923,0.9801839944470435,0.978469001071332,0.9766782336690415,0.9783359187712529,0.9821655592335161,0.9801420553365069,0.9779033494266026,0.9777267416284413,0.975170058412345,0.9851651425431637,0.9781538040954182,0.9806755576736566,0.981831511195744,0.975130458701756,0.9782647717956122,0.9804559818802921,0.9872489151186696,0.9801954633701843,0.9838910284737445,0.9836217639491959,0.9787240300135759,0.989293152692165,0.9824523215863041,0.9788365310722819,0.9757071558632079,0.977376417616689,0.9796874242110184,0.9792777085407547,0.9765034202487637,0.9790750588013912,0.9839430169704783,0.9738490346783243,0.9834315659288092,0.9810180376600605,0.9771290625903729,0.9800191089103747,0.9805317693267551,0.9873858850850018,0.9792073668209456,0.972315156554105
53,2869400000,0.9770249433398077,0.9800705383441904,0.9789437568197161,0.9746368704841848,0.9810883988225162,0.9726194405868236,0.9762955069449505,0.9760347120843149,0.9792075479380414,0.9740711371334654,0.9800112437793462,0.9767657071953137,0.9779035024398272,0.9755949751788918,0.98089662335877,0.9737629137375098,0.9775355415083987,0.9828728005736199,0.9788276096872407,0.9696959085126039,0.9779632719317986,0.9771446410353305,0.9793755583669845,0.9748631393831355,0.9787174338296529,0.9774654861394145,0.9771519952628164,0.9779598078091435,0.9721948217690146,0.9767735057212912,0.9789172596138654,0.9756121176721756,0.9861209967308148,0.980074567636068,0.9808158783886023,0.9780162070972231,0.9878581481422624,0.9816564285744621,0.9736532070880928,0.9776119979288656,0.975927113304373,0.9869136235594084,0.9728824071781251,0.9843802790771882,0.9774575821782411,0.9816112261419472,0.9745690753316493,0.9769270239869252,0.9739639190732937,0.9733281276457724,0.9729155866196995,0.9806096493218006,0.9775502487470142,0.9787562412760992,0.9793536124390061,0.9783068278497997,0.9800259604586367,0.9769556825849858,0.9798065660428281,0.9769225888838888,0.9766202783381689,0.9784444056761408,0.9750512046389784,0.9825091773823699,0.98196204368503,0.9803409763705772,0.9896835250659899,0.9759169324279767,0.9833046908971429,0.9725704221956878,0.9818291320687311,0.9722241349986345,0.9746599667764865,0.9787122318558864,0.9808828279807759,0.9790995653189366,0.9752537990476351,0.9730240838251022,0.9733802420392998,0.986869322330468,0.9742519184462649,0.9838967309177613,0.9758655966006379,0.9793071762389077,0.9745615879677694,0.9774567595106929,0.9804236220245722,0.977490989795842,0.972515928284647,0.9782239281591113,0.9762896766534852,0.9812822511256468,0.9776865687359225,0.9794723090441962,0.980676886400393,0.9803034982835819,0.9846162146559386,0.9786236311418632,0.9750067135780858,0.9759016147123398,0.974556596626849,0.9721978079244837,0.9758728083569482,0.9726219344238317,0.9863939910499361,0.9773422477559763,0.9751914024365214,0.9841522981216335,0.9771906224534815,0.981152487206977,0.9858080546362679,0.9764361084248538,0.9851487577107179,0.9820217606567937,0.9716197522859389,0.9789489304625028,0.9749089603022935,0.9750369029573004,0.9836051200692049,0.9739547402220701,0.9760720735718535,0.9774093484838857,0.9817546014646555,0.9810887840740511,0.9760355484551503,0.9869628791456647,0.9768239656482062,0.9786683423535358,0.9801259470205979,0.9786423473527567,0.9800006254924595,0.9781429069360941,0.9763160555068245,0.983081512391526,0.9706495486032959,0.9780209837007829,0.9844272369146297,0.9801988317322745,0.9809261000643511,0.9858472759998711,0.9748348728497357,0.9821069551858375,0.9765239703439107,0.976728191580992,0.9825900968503378,0.9786875404801494,0.9831894818424373,0.9758429190173262,0.979151152729204,0.977991626468155,0.9761441226863594,0.9781070819230796,0.9735286888079192,0.9860415283103714,0.981392270549296,0.9834829341612081,0.9802959705089765,0.9786329983822653,0.9838509715897708,0.9803373767723449,0.9719283307759943,0.9754471346971074,0.9815523241141281,0.9757635885142838,0.9778682785364771,0.9772946974834191,0.9755167534902462,0.9775845542825741,0.9748883236429485,0.9842295222908638,0.967426091697355,0.9815699672805048,0.9794062545251618,0.9712167971364238,0.9762343384574028,0.9804990594755016,0.9812298251464573,0.9776614899940592,0.9889095431045126,0.9728512265439699,0.9822250533492185,0.9786559733814268,0.9809764340683681,0.9720059056532849,0.9764475055294647,0.9788013534970601,0.9771206041504421,0.9767864599751953,0.9801711492140625,0.9832615243738998,0.9787048466974226,0.9763127552428645,0.9783134977729901,0.9803786186680302
54,2870500000,0.9741066937416604,0.9769004874239464,0.9754315081716332,0.9698499286142518,0.9752851831029667,0.980151803451177,0.9731703153843224,0.9738936162838101,0.9759957410473117,0.972564658779203,0.9724541273418386,0.9686715986867186,0.9705275944074848,0.9784504319238867,0.9789334435991005,0.9765644712657789,0.9714020788463525,0.9719777095205787,0.9722214250964409,0.9732638586134584,0.9719506665168334,0.9709933613852838,0.9670196682038339,0.975017603210901,0.9712249131377851,0.9768696667592187,0.9670721082140602,0.9626960584946636,0.9742421811663253,0.9706622119094317,0.9784235602484639,0.9725015808744705,0.977299773823024,0.9731444839643846,0.9740195061881065,0.9645302983700416,0.9670538876484238,0.9775637397968466,0.9736236069184554,0.9803705632445567,0.9734325206207346,0.9775441454008301,0.9709592490325816,0.9789422381425393,0.9775046175985496,0.9661766999215137,0.9737228411353503,0.9710383560964444,0.9732222455216587,0.9725305572618597,0.973575906520096,0.972655858445522,0.9700322925520333,0.9759840457882129,0.9767385216792392,0.9735932525633397,0.9734528381896108,0.971749024040826,0.9802837529289684,0.9769913248205269,0.9752257086370804,0.9747196620862765,0.9733232763141482,0.9783519497616654,0.9703789301694793,0.971450615978329,0.9746849202515212,0.9775994682178317,0.977199373887137,0.9748757555683514,0.9668946694271828,0.9723755287110251,0.9671916626358974,0.9727610549581567,0.9753371577991956,0.96808616246217,0.9694225914776641,0.9667618816773843,0.9708710962134257,0.971510528599846,0.9733438851190127,0.9746613177041622,0.9752338945761602,0.9786628752644766,0.9782302974095197,0.9707571029390768,0.9764338895088834,0.9717645724108582,0.9668836463635062,0.9780805754046608,0.9763332305847148,0.9712955883797221,0.9771947551899207,0.9753842947189293,0.9723971690960252,0.9738204526355306,0.9831535492214312,0.9666543458590223,0.9776192794613987,0.9791036857294004,0.9708784135059555,0.9720435604817541,0.9723123510481833,0.9771728604733174,0.9738115793375249,0.9700973223189995,0.9705478632724768,0.9715127438314858,0.9740049849338717,0.9729515061737268,0.9760932707022976,0.9724067538144759,0.9747307189757731,0.9681576658918524,0.9753968246977904,0.9700864672517648,0.9657320699520665,0.9718728394571999,0.9683822324713643,0.9717821565560728,0.9766180442301702,0.9714558439855507,0.973451302701113,0.9684102899923759,0.9710525005981846,0.9793312326675321,0.9763220926982303,0.9655323510114202,0.9763538781297577,0.9638636648288458,0.9722513218688459,0.967695394782956,0.978164050099853,0.976571999348082,0.9702037230289962,0.9652892576683956,0.9730354967585434,0.9729540056377084,0.9706421013816454,0.9715871477222694,0.9729558968713969,0.9658814691292359,0.9679319515991506,0.9757783352591273,0.975078535647815,0.9710897250207948,0.9728845061104548,0.9734983009435529,0.9690418303237859,0.9710088809050618,0.9741987511690348,0.9682522991098466,0.9691109377870973,0.9697214368088422,0.9743543411804196,0.972907734601156,0.9721611948377917,0.9696985457656009,0.9705373846954934,0.9697134037155712,0.9700247693914251,0.9730974028316699,0.9710595229386956,0.9755178374679473,0.9813958508135342,0.9752099931464615,0.9671236083977452,0.974343015548782,0.9654051134055266,0.9751972553615204,0.9744593101259211,0.9713400821460101,0.9691482162796502,0.9678227434599318,0.9689782295896003,0.9751452745504924,0.9722039522629312,0.9701604662577215,0.9766178980661081,0.975763568278872,0.9816177141346921,0.9659111136072517,0.9720757658529932,0.9717282385592131,0.97304995934234,0.9702414765775014,0.972229438908591,0.9670462206024318,0.9639171045816698,0.9669350958950573,0.9764250303053204,0.9766105099809435,0.972616231093105,0.9718363902006589
55,2871600000,0.9706529372421324,0.9740500942941249,0.9671420691265432,0.970156410876613,0.9748326674195155,0.9621229921647595,0.9752485345788633,0.9649200053774042,0.9714667910848297,0.9687024026757193,0.9660985236619507,0.9678391815182936,0.9719669940802165,0.9742223888265042,0.9691700844942668,0.9650961890205066,0.9730023100382115,0.9646878212012928,0.9702582885156616,0.9640454087004635,0.9729167254077786,0.9690755124867718,0.9733539839608834,0.9725434662175123,0.9716459838139824,0.9691686110979162,0.9676295307927997,0.9671885898379476,0.9691978581465829,0.9635660830981286,0.9684213420761203,0.9685196943086188,0.964179284440542,0.9698672521294011,0.9687211138191335,0.9742386656809028,0.9794964603203287,0.9601807978126548,0.970335545085424,0.9681046661011894,0.9618827475927824,0.9615883565095669,0.9659524654153292,0.9656694312961743,0.9635569267404196,0.9712595764887653,0.9691549127796808,0.9674361732331964,0.9688631258126913,0.9634745565692084,0.9646943589471538,0.967711947634723,0.9675687829611802,0.9664390626406746,0.9615156418913435,0.9697891118547853,0.9756470333892,0.971223495633794,0.9680399695512607,0.968659939373914,0.9745405810734814,0.9734130135319551,0.9709976420524183,0.9678473907959825,0.9661095962312518,0.9683673122375538,0.9659957088172582,0.9705330844252553,0.9696163441871951,0.9644496835928973,0.9615392318299246,0.9783096126929157,0.9700367406355266,0.9729768176831414,0.9632950308005829,0.967918593527948,0.9696910238385221,0.9694224991066909,0.9695445069962652,0.9668758077342984,0.9633844854006962,0.9672849044492835,0.9709635090359737,0.9723094530983443,0.9659563465462561,0.976950272846297,0.9647434179941001,0.9684996888571556,0.9626177134319169,0.9684664120230032,0.9691336881444199,0.9736580500502957,0.969629708173445,0.9710919579345656,0.9661771814737035,0.9640998472851815,0.9728174899020428,0.9657775131925915,0.9686683446531477,0.973990730005911,0.9704195171059942,0.9750976787227728,0.9743429308309747,0.9683199901184046,0.9704957070542399,0.9726411737505305,0.9663217645275163,0.9712472498108455,0.9759788063037915,0.9719030509195987,0.9714493878839608,0.9706281292367915,0.9667260396582987,0.969662702818313,0.9721951496355323,0.9683663630227414,0.9717426971526045,0.9657286366252417,0.9634360856142841,0.9664602877927909,0.9734922932334812,0.9734042830414698,0.9706811080720883,0.9700539842385294,0.9690837554649717,0.970156477576276,0.9702380513056345,0.9655087244959275,0.9658109013360484,0.9768703615035667,0.9686307344002889,0.9678395260122664,0.9647751879475119,0.9719641119105781,0.9752373094450557,0.969173566943174,0.9658281261413644,0.9704850103631024,0.9623399634018148,0.9668275672599476,0.972834877206199,0.9731603268515853,0.9753937223492457,0.9743088444973621,0.9655446420807862,0.9639627490227084,0.9673402343180453,0.9763679928198286,0.971440143677438,0.9669714201958677,0.973003538397208,0.9751078206028273,0.97401633338737,0.9692821128053517,0.968852044778219,0.9654684161860034,0.9663954494287641,0.9721492871132602,0.9705961882237976,0.9690597167207342,0.9621775465936319,0.9630005537363391,0.9672507500246852,0.9762806323999985,0.9678533653877736,0.9668270769182427,0.9737104599852081,0.9684598381490291,0.9615932115556837,0.9709301281221722,0.9647315238466324,0.967244642205255,0.9716337404311258,0.9715737926067848,0.9726582293179201,0.968612346874111,0.9622874243410279,0.9589418450401627,0.9683057877635433,0.9749588381278496,0.964760134687947,0.9751160563985961,0.9635368264285197,0.9735569623391767,0.9710249562567487,0.9708829578575815,0.9637125570355082,0.9747950735154998,0.9765729114698202,0.9677474111268856,0.9660638092354357,0.9664088326391275,0.9607121929245666,0.9710022169182607
56,2872700000,0.9682153355460795,0.9691804502995126,0.9657463507138306,0.9643884888079232,0.9687435624070961,0.9712561677431503,0.9717622116759613,0.9709770940852585,0.9699212929367168,0.9701156206473597,0.9729190976525158,0.9635851667124504,0.9752721061298746,0.9719740994745574,0.9792239246577917,0.9624525330128472,0.9738828786669895,0.9722275101181772,0.9711231741591136,0.9702592229662542,0.9745252243165149,0.9689164425995259,0.9650029950659352,0.9709637960564719,0.9703112573895737,0.967155969413858,0.963733046949999,0.9616656845402373,0.9710170424727715,0.9645311727086504,0.969797046390017,0.9648311146229321,0.9654012258417244,0.966350119056821,0.9571024393659993,0.9716243903169923,0.9711522187701279,0.9701732811193792,0.9665493414389279,0.967468359373611,0.9655021594594971,0.9742980915598428,0.9690084226098205,0.967175292922448,0.9753680065524571,0.9675771504746414,0.9717340055505382,0.96679476089857,0.9609013173058126,0.9664303089200817,0.9746639055700171,0.9690276070025826,0.9730117992618076,0.9634127415068499,0.9691222371717443,0.9723023681505446,0.9766598270445124,0.9682685247894274,0.9710202022168913,0.9671506762922241,0.973452975969077,0.9698135943476355,0.9672221845678217,0.971777014189348,0.9709163026530748,0.9660278495033978,0.9797436934525343,0.9701534529995854,0.9717610899168132,0.9721902843467961,0.9685301653471354,0.9743712769904038,0.9716384830321785,0.969298331599208,0.9712818839684515,0.9729431440877031,0.9753484484897426,0.9676338759141305,0.9717835423804553,0.969150562921994,0.9696131301979414,0.9748070711669159,0.9686335504674234,0.9696656353320382,0.9732349742073583,0.9630523285925514,0.9715844199463638,0.9661459557996023,0.976336504549088,0.9736652678226005,0.97375251714537,0.9691888082156476,0.967788122139934,0.9681561888247342,0.967317654180797,0.968737710618307,0.9667282365708538,0.9710765006087441,0.9700883325703045,0.9714303361007365,0.9704070776355599,0.9692371322638186,0.9691479897501958,0.9621811125320172,0.9750421206447666,0.9689103420528187,0.9738371118663394,0.9598981107988634,0.974223184897976,0.971411009003619,0.9744169125304339,0.9644208052409279,0.9731607056963798,0.972069537551071,0.9662306191334767,0.9722930268285261,0.9713602720310912,0.9698931958984608,0.9668524923033429,0.9701188942982408,0.9708857193360391,0.9699492988045774,0.9709981988318163,0.9638429126203499,0.9729687207869712,0.966197483994739,0.9677984999974195,0.9754592399514375,0.9726776167116968,0.9690136040125734,0.9764123992642522,0.9659879529767189,0.9711379786881558,0.9710164797562016,0.9755941719086401,0.9685019646335148,0.9738861844047505,0.9712185935452783,0.9734470476808877,0.9614009106821394,0.9718312296788758,0.9686971378303716,0.9671786457013177,0.9602343832769343,0.967844959811285,0.9695401972782858,0.9694455918660086,0.9662053090695114,0.9681645171061378,0.9654695419356556,0.9689659283271733,0.9715309009053344,0.9701305937506711,0.9724147089882447,0.9664232086927995,0.9716508872695365,0.9727310177128273,0.972975506673654,0.9708676089123253,0.9642977637623799,0.972328237982911,0.9683854763132519,0.9724147112539279,0.9696653375221159,0.9730794139760391,0.9711179278945951,0.965425444296685,0.9660658217155753,0.9742477471223637,0.9663421463098789,0.9740921181554966,0.9713258069523059,0.9705681595078,0.9662716211592226,0.9653150988355346,0.9702740928926111,0.9656107234027477,0.9696216097054831,0.9694349955361264,0.9751510776750951,0.9706024175686999,0.96887263532755,0.9693576782957479,0.9690827988410143,0.9719666214865311,0.9660924449744669,0.9703794204577432,0.9797553068714332,0.9734651227817495,0.975227502009738,0.9659903350418945,0.9667235480524563,0.9723379474964882,0.9660455991960575
57,2873800000,0.9747251294109986,0.9793614063210626,0.9691764068692792,0.9710734657237573,0.9714407509176428,0.981407261196785,0.9726254755514495,0.9732881608286231,0.9757320430680188,0.9736278811430963,0.9740276733336426,0.9730441109855433,0.975692097630616,0.9784689120417617,0.978333841798019,0.9631555575045143,0.9729796649557476,0.970295711178369,0.96855258380982,0.9713168006990495,0.9728743549590204,0.9727960264020511,0.9693911460624302,0.9724881923671587,0.9683419711822925,0.9712976021844171,0.9747323944570568,0.9748206866872541,0.972378435048743,0.9718834738365945,0.9707023683886536,0.9736703934839867,0.9701507776688595,0.9791292416095114,0.9741074355464538,0.9712058453721594,0.9706063779243466,0.9754025768841268,0.9731834780847068,0.9738527914944235,0.9693884769376148,0.9752918789248088,0.9714340688502907,0.9719867049073408,0.9709294669145917,0.9759040214848109,0.9731387438409423,0.97114122476526,0.9732363523954517,0.9728968352156994,0.9666062711742333,0.9741445543049467,0.9682758574261061,0.9774681194506714,0.9672807681217367,0.9745739300803473,0.9748147857788383,0.9693715472934274,0.9666809456796543,0.9773137261290398,0.9733454149823296,0.9588860237546484,0.9725428981773273,0.9865184086099642,0.9698095957611295,0.9716808171014808,0.9700937461562514,0.9750609945272813,0.9702893597496858,0.9736522688939659,0.9730728760459009,0.9644942359848784,0.9768463964428975,0.9750535869407577,0.9735844187115726,0.972217824978811,0.9686035569427122,0.9671697504705657,0.9744347619457732,0.9712953829506132,0.9720349659660655,0.9781187844768787,0.9713654641214294,0.9741257789586202,0.9688231416631516,0.9746314655289724,0.9745609969841718,0.9757482230287474,0.9751454389728913,0.970507231158238,0.9716597359914613,0.9789981543253611,0.9678778226166324,0.9702704796835164,0.9667493303331716,0.974353869626389,0.9632427040317607,0.9721815455660056,0.9741733962049657,0.9765974277122673,0.971626710253294,0.9753388745683953,0.9707120633628074,0.9688755975877841,0.9774697893416113,0.9754808568387385,0.9723475535868403,0.9677767767146754,0.961303384730417,0.9791036052147737,0.971294333478029,0.9661944431485983,0.9699446651028554,0.9703866694429726,0.9664455200993063,0.9714132993093242,0.9717443782761169,0.9711372553751185,0.9717693298314053,0.9773533074749515,0.9732372004723626,0.9731836440210642,0.9739013365798452,0.9708827358697684,0.9740834334784908,0.9750763030146132,0.980412354469303,0.9760584163047717,0.9684053728474719,0.9727601770703362,0.9722161819790281,0.9714299251946074,0.9775117724180197,0.9750786921807151,0.9705294126588954,0.971081689615016,0.9700910856765961,0.9710928357699105,0.9700148242329818,0.9681767706053278,0.9691754057939871,0.9666665764956833,0.9702449896557375,0.9755529244665988,0.9650847866515236,0.9676844305316701,0.9686810195020676,0.9627479815044533,0.9728855153734196,0.9747750129096802,0.9702140514915252,0.9720037163458485,0.976926200012785,0.9713522416535989,0.9683747678355924,0.9704565701129169,0.9739453023348967,0.9716486599390673,0.969190255117527,0.9691986780711918,0.9652848623265659,0.9723366123507902,0.9723413679474735,0.9684458197052787,0.9705986499745834,0.9711465847148596,0.9702420157663744,0.9733634311619709,0.9680376400365119,0.971256603070177,0.973551790084285,0.9746678573714579,0.9758628811987236,0.9728827164406344,0.9707723618198035,0.9734247693641843,0.9682250157074787,0.9684258012221693,0.9719546322444255,0.9718524207313806,0.9674000729596662,0.9684323818993611,0.9704637976309176,0.974067217527532,0.9711156284485101,0.9676397963314527,0.9808979080348185,0.9711416654834039,0.9702586889491286,0.9681321762358691,0.9740267926236968,0.9729596430029582,0.9690212751153023,0.9740301479859301
58,2874900000,0.9772862926511965,0.9751532643426287,0.9754721762184061,0.9731497046103631,0.9746214202649494,0.9775302701438956,0.9740825712618411,0.9770057306090736,0.9807445442776905,0.9762434783426773,0.9752677366551806,0.9772257251864072,0.9750032388007152,0.9748725176873735,0.978764546173676,0.977700849934542,0.976389918471678,0.9754258751356097,0.9801650148706765,0.9759353242387023,0.9748283541545143,0.9776385143121461,0.971172950977175,0.9808615251396363,0.9820179875166388,0.9695170089122539,0.980168563479155,0.9750522545206657,0.9791297285510577,0.9738721366144446,0.97517895511386,0.9846599137261162,0.9798497648267992,0.9736375893859786,0.973370964682334,0.9720883878167855,0.9770451611680233,0.9709862381830476,0.9734375729194946,0.9722542914517067,0.9671395976068667,0.9732547520416126,0.9821693599838188,0.9802396094194075,0.9802669648233675,0.9774163542487063,0.9711070943630283,0.9732685400786071,0.9741566141513701,0.9838179678275205,0.9785186208791711,0.9730408608495897,0.9761762699679328,0.9749569832090769,0.9793181301737461,0.9717949191392051,0.9713356616074968,0.9752919444901759,0.9785946195573241,0.9858342123776326,0.973874209788084,0.9741349493018343,0.9745380437659631,0.9776825938471999,0.9671012176854453,0.9713083122903495,0.9787496578609763,0.9723896831329165,0.981651353604923,0.9746374038505113,0.9760344793627509,0.9761346033668095,0.9744326396350841,0.9730194900268735,0.9694766231681391,0.9741819844448929,0.9777106680612578,0.9866161389095375,0.9821207387097752,0.9763784699302994,0.9786487765061437,0.9719876689400925,0.9796750228938209,0.9764667050953141,0.9723681885253641,0.970409991052567,0.9650520402278336,0.9730723333710742,0.9701973360356901,0.9783354504695497,0.9805897700144646,0.9721682672908163,0.9759195117693903,0.9765648539208996,0.9754918642664557,0.972536922746011,0.9752176997094026,0.9739353109307731,0.9735363146621204,0.9777391459934057,0.9824061988198335,0.9756501667405003,0.9778502427127358,0.9810744577407502,0.9715728576026498,0.9759587721856042,0.9740956205491247,0.9746713270606998,0.9805575646535036,0.977901703281441,0.9795027426945285,0.9741182941259816,0.9717140431148736,0.9707367401155351,0.9717967985159285,0.9701506985860817,0.9717642088652327,0.9818729368759115,0.9795650871373991,0.9833008420861443,0.9747700751013311,0.9780273502077825,0.9752521435604119,0.9747658898602576,0.9776503759611028,0.9789502659365156,0.9725026804425944,0.9747657594909688,0.9780726578621715,0.9787621585139781,0.976525415129576,0.9705961598189004,0.9746964530583843,0.9745323777714872,0.9706428717088973,0.9698017771917792,0.9793331186296607,0.9835794153778354,0.9824936031575046,0.9724031768905096,0.9768283937098886,0.9715976846436257,0.9803570190347981,0.9711595056515677,0.976288925647765,0.9767110299077929,0.9765040900816336,0.9842202010667028,0.9736191042421252,0.9686836776914455,0.9775830763755454,0.9839925466873836,0.9768605287954429,0.9763038739880079,0.9712851327748576,0.973385645727706,0.9788723841189421,0.9737946144409123,0.977275095373422,0.9761459239507998,0.9734522934822794,0.9739476916623753,0.9777641514147689,0.9747276679228887,0.9757874965643899,0.9767649886608165,0.9795584605192058,0.9705193698657449,0.9809436103719935,0.9818983410067007,0.9700410324472826,0.9702356890048771,0.9779577915146564,0.9708133216619808,0.9723984601668308,0.9796583167144145,0.9806046423589684,0.9725391981489464,0.9763278118978401,0.9794919600379844,0.9746476318633356,0.9808142943331031,0.9818464095062196,0.9765462079279852,0.9785259496262271,0.9742057589735538,0.9760441866651216,0.9807469723490436,0.9745924447758924,0.9753647066104958,0.9824973690837971,0.9833255838369555,0.9757762579770553,0.9725871074016122
59,2876000000,0.9799669316971142,0.9760652333785644,0.9748839726212493,0.9752267531268823,0.9777907972716983,0.9820898573111269,0.9771790075239626,0.9822756227191134,0.9841981727712802,0.9837857640777131,0.97948969548267,0.9774556025669613,0.9724713136205956,0.9840693857917278,0.9805671358965918,0.9752976911199999,0.9809404685922338,0.9800411515040336,0.9815119496608198,0.9803638591379181,0.979944445488341,0.9775754178001704,0.9791603887767832,0.9795867966777076,0.9823013861319992,0.9832671378362308,0.9759035666005081,0.9771085472737832,0.976276605356862,0.9753487743334089,0.9842145003153208,0.9810333538989365,0.9817220503526026,0.9743741779238212,0.9779005831261164,0.9767258507797473,0.9777088949310102,0.9800778760479303,0.9786488553171339,0.9778828297107054,0.980753589280017,0.98192278404712,0.9735437853011609,0.9849091111096028,0.9755635220468255,0.9815053386339923,0.9772512061148829,0.9815956933876442,0.9772525179478199,0.9788991823914037,0.9793948256001233,0.9839064415133911,0.9832105167679438,0.9828071751875457,0.9850121509439221,0.9815275725040032,0.9842581566110162,0.9767629147641762,0.977932362717313,0.9808140611279295,0.9808376351912358,0.9777853962856565,0.9849384414404675,0.9797176002338259,0.9778085973949511,0.9788586638131352,0.9793369479719796,0.9845335673007787,0.9802445955027109,0.9778664714903031,0.9773903296348464,0.9770847295614151,0.9778292760346549,0.9744862450149812,0.9785490358796949,0.9738360839422651,0.9808295005322026,0.9786468762905438,0.9794508322577629,0.9835029713883348,0.9896920713986624,0.9822777986641394,0.9773724223621915,0.978647834966547,0.9774914377172036,0.9753659684486913,0.9735170596968894,0.9771691483507846,0.979300494614185,0.9769097124486512,0.9813215621822867,0.9778465330889673,0.9779529378386528,0.9803440956565652,0.9826343608455143,0.9736569784019329,0.9763862932506684,0.9719980250424952,0.9887682498445229,0.9808382784143879,0.9776820558275925,0.977639372403221,0.9792633594691025,0.9784272788834493,0.9773342590410761,0.9797883330146591,0.9796045444609217,0.9837437377612988,0.9790981308188654,0.9753010355256602,0.9757279960032044,0.9759684740494486,0.9818134256483226,0.9770587228025349,0.9823581664862591,0.9803111383832094,0.9754802441837286,0.983785514956401,0.9800338224976536,0.9735447334213161,0.9763669585866217,0.9781976391688181,0.9757588333639662,0.9695738912223847,0.9752692815549212,0.9864392519247482,0.9841915456239417,0.977640051863802,0.9795729455579584,0.9713875993864647,0.9756602312517056,0.9817949099123444,0.9820454198399909,0.9817654191506354,0.9784306843363645,0.9788576098383961,0.975990593735288,0.9802123016880954,0.979609323250423,0.983528628536805,0.9779987880684349,0.9848151610114367,0.9818681616354897,0.987299751190713,0.9755737410790546,0.9758621736945643,0.9800034365617176,0.9724215989897452,0.9751343291569334,0.9833383262339226,0.9760523234596908,0.9738451481099127,0.982635416987847,0.9808405273772498,0.9832597152047045,0.98554878789721,0.9801855407206505,0.9748235792869142,0.9779174096690827,0.9731425670241918,0.9871239570930145,0.9790029957302889,0.981080379440204,0.9841396841681121,0.9816928368168383,0.9827498765277896,0.9845093309511999,0.985606837071295,0.9803206586879286,0.9752339199395587,0.9797381291537252,0.9840790806627877,0.9771026797193637,0.9789938354237497,0.9845436608965854,0.9771702781387522,0.9812822211481758,0.9801691492503967,0.9806879122122912,0.9766322042213587,0.9789169296463178,0.9749334610351978,0.9764140108073187,0.9853898793197307,0.9730512355162323,0.9806428261570549,0.9898211027455515,0.9758394280227097,0.9721730256564864,0.9816519267135347,0.9824133859502374,0.9805039468297289,0.9834959209904189,0.9817981211690252
60,2877100000,0.981453398794918,0.9795666602047635,0.9818291101102833,0.9881270007559707,0.9801810582438581,0.9776330984160909,0.9802780038044028,0.9761843491818345,0.9779748022122938,0.9842952863471497,0.9847658623390267,0.9856723201659766,0.9851305816404348,0.9797744372556596,0.9856873968290738,0.9799539132984376,0.9820283556284066,0.9790663775262274,0.9832694069930978,0.9836215902430312,0.9872809043644231,0.9841418368383905,0.985276670956163,0.9826646658260135,0.9816559921304999,0.9812634223283138,0.9818855318324825,0.9817238048058146,0.9831835165687778,0.9902283591841726,0.9823527028228958,0.9789216405318314,0.9851042314074676,0.9795702171166814,0.9802793249132075,0.9816652156907474,0.9866069903321442,0.9762657734170928,0.9814269382831917,0.9816311500721225,0.9773241128277863,0.9797181497374802,0.9856713616372266,0.9844857495428231,0.98346140184123,0.9736501565774002,0.986778096971087,0.9804642984367863,0.987410989222043,0.9831614032615238,0.9828687784376036,0.9742986042867746,0.9888872556236774,0.9795747227394196,0.9773588624210416,0.9831029865130703,0.9836389008930125,0.9828574264770686,0.9844219436555613,0.9808083079486616,0.9855242922114591,0.9789242703024663,0.9909872654190452,0.9799710316485091,0.989937352114413,0.9858091695390078,0.9871619075083558,0.9828646703737395,0.9853865938038444,0.981010902717595,0.9794167344743543,0.9801226522715365,0.9834056631805953,0.9863523362864026,0.9873421292026244,0.9851088982874352,0.9849707996279912,0.9836531976544072,0.985169230290453,0.9892292515560575,0.9835461411306191,0.9827772057899392,0.9814130729253939,0.9876983114778979,0.9843872146677465,0.9865678653158303,0.9786458670263498,0.9810836919969124,0.9821001782588983,0.9816240928871024,0.9795297940871173,0.9856751163230408,0.9819329014778838,0.9834119568367168,0.983851750374765,0.9909521791442196,0.9840142839633487,0.9817633426499436,0.9832818403007207,0.9718225339022105,0.983396005220365,0.9871352147697081,0.9818325754837792,0.9852448399171081,0.9796422040376291,0.9757496688053328,0.9908534290408072,0.9861405865834899,0.9761949151230723,0.9851206003721001,0.9772861777478743,0.978422240201781,0.9797369110545137,0.9853426857595461,0.9798645528349219,0.9796787514059737,0.9839939688268083,0.9760999687427121,0.9833985880986383,0.980683674218309,0.9816451821981094,0.9882228103692591,0.985422569184569,0.9842987525903781,0.9801096899680519,0.979855381343392,0.9845876611141469,0.9798784184028194,0.9802744296412185,0.9805995128722765,0.9786234799450598,0.9814953266547928,0.9847511222353543,0.9805266831061056,0.9829463881749539,0.9795622177638008,0.9773977288417846,0.9815326664126676,0.9758976260421,0.9800803930158356,0.9837947332404614,0.9818767107958684,0.9852523981422242,0.9738679879789707,0.9760988884329834,0.9829293228854857,0.9797096759314773,0.9803895194809864,0.9815781984339876,0.989612320517349,0.9876471254241331,0.9828126421691193,0.9762533143678366,0.9823256883078971,0.975717068193257,0.9753193972735196,0.9791473036552656,0.9764626742024918,0.9832762147215208,0.9907909632812949,0.9833316969495023,0.9748713491571995,0.9831113370263916,0.9913911374800464,0.9829009649442444,0.9884908294175953,0.9819792585476776,0.9779747341159579,0.9839293723012026,0.9799601199518991,0.9800447854179344,0.9830307827795702,0.985470364844521,0.985467516871821,0.9854975465655373,0.9839601172672467,0.9788777624090477,0.9813325681068279,0.9748808678593508,0.977421284388104,0.9825569502496918,0.985211965558642,0.9826157646061648,0.980076707825951,0.9822875148352502,0.9792780268666675,0.984982492016998,0.9849391516369707,0.9774523192498819,0.993076737816727,0.9883859565130818,0.985045911365059,0.9762114571368916,0.9853336234414388
61,2878200000,0.9871840293964406,0.9895590727163226,0.9896660833006906,0.9772443259180496,0.9852998446655993,0.9925922611935077,0.9909995012016534,0.9786511197878109,0.9892122629009097,0.9909297829350803,0.9872497797678976,0.9848753066125532,0.9894474432957939,0.9807150637778288,0.9845056428511044,0.9876114491576318,0.9715869174386506,0.9774453263224093,0.9844622550342707,0.9890101245442161,0.9833714680083652,0.9882986115823607,0.9804531471590859,0.9860825626161176,0.9825866837111378,0.9876834308470042,0.98554569792749,0.9821019763969838,0.9815651926170321,0.9851954246010997,0.987368419139637,0.9817087365889451,0.9837813781274238,0.9829091234183126,0.9856870355548676,0.9867963916673238,0.9803878542955441,0.9815756041408336,0.9880442029470851,0.9914615586982971,0.990792583692918,0.9768784472996912,0.9868207289779093,0.9803037966694482,0.9798541589836262,0.9858858203451938,0.9878801590359666,0.9868346625890232,0.9864566694232267,0.9911517000808873,0.9833652086510848,0.976413264579753,0.9863185019820979,0.9854522204310958,0.9892476466642636,0.9875343415006428,0.9903344668288779,0.9860814143057095,0.9830764119099401,0.9827829204784744,0.9859096929658445,0.986337186616591,0.9863264915997016,0.990958987520303,0.9801630470867078,0.9849556614901747,0.9857365192761937,0.9814786855361161,0.9931802348643683,0.9851508562215482,0.9852546933559907,0.9825264795204156,0.9838213206595874,0.9853462665531038,0.9872854407522231,0.9878375803656017,0.9765252227437979,0.9842893637944327,0.984047462118019,0.9808129923449358,0.9868134793501245,0.9782716816332231,0.9796070162228862,0.9891347897096361,0.9850664582528177,0.9867099615648298,0.9854634956544199,0.9875369364923121,0.9828392270441999,0.988998462450973,0.9785740904234247,0.9863789820760649,0.9903771197146409,0.9878102025598364,0.984741322139686,0.9871113621127762,0.9867951974611091,0.9824353345287489,0.9830757909881065,0.9874604904184985,0.9798511827126309,0.9778196884357581,0.984548901886903,0.9792512817512908,0.9768171426321673,0.9853587986561403,0.9785075589185133,0.9855517488488349,0.9782524107540777,0.9783477939714841,0.9862455509934677,0.983179450728154,0.9865980854057838,0.9758614711243645,0.980764374700864,0.9861073238467399,0.9858343464785573,0.9898546989267244,0.9845025041857218,0.98482997238665,0.9862669351825349,0.9792192645980832,0.9842589307638879,0.9874515331428522,0.9900619845564645,0.9847790277747414,0.9944567725253843,0.9867218070081497,0.9886904947668763,0.9888858855279977,0.9884031456841508,0.9756020053529997,0.9876187610794177,0.9819520018236361,0.9910091058417706,0.9797761532167746,0.979029382890102,0.9876992668968848,0.985550497557377,0.9860822352246668,0.9924661182761271,0.9744425392694287,0.9889342274215265,0.9848275520287313,0.9874303637300775,0.9866419806564867,0.9839420316199945,0.9844936765264398,0.9833001749574867,0.9908403752291434,0.986560255244491,0.9810038282782135,0.9796536711538822,0.9834540400295583,0.9831019505657909,0.9820396344210024,0.986870275499727,0.9862475875467606,0.9863883007576802,0.9890217098250084,0.9756140193780504,0.9761983995220593,0.9870391759864513,0.9798665395830508,0.9842646928610156,0.9817148729253371,0.9834320295680117,0.9875688398120155,0.9863089220381549,0.9797383793129724,0.9902369093044989,0.9851708370587599,0.9863224235735925,0.979699536659639,0.992040955481912,0.9861167654882436,0.9783173667213777,0.9803861911696508,0.9842911845122897,0.9834072011789684,0.9826192494727036,0.9884854696333834,0.9826624865447858,0.981836252900005,0.9860199501217359,0.9811915999915402,0.9919653822765385,0.9878565406950943,0.984170408937008,0.9816867832227495,0.9834182406165347,0.9734605998013092,0.9884841162950079,0.9876395522713315
62,2879300000,0.9898791452182989,0.9895561922490415,0.9968817531620492,0.9882472368995844,0.9906766915701622,0.9895229074374148,0.9845848643529443,0.9863998710820282,0.9917296791908599,0.9875309649163861,0.984071789582491,0.9867640694709267,0.9924308525119169,0.9883092855189218,0.9900995161597099,0.9835068291533937,0.9882084525231507,0.9829656543957842,0.9869670608509029,0.9796304096580554,0.9824520212617035,0.9917688451178881,0.9837081102924095,0.9812048455771022,0.9850573131963676,0.9842481629981821,0.9869162216611581,0.9864870881947608,0.9882896877728563,0.986798407091535,0.9933496057262372,0.9874269359906307,0.9908644535425609,0.988279893438105,0.9832951186918724,0.9816005512352656,0.9877349956537805,0.9920992450137839,0.9908839278811169,0.978091959355002,0.9887454712966894,0.9792597259769581,0.9824595463479149,0.9814388099264241,0.9896940601946118,0.9871831599585481,0.982237475439813,0.9812046117436324,0.98419278207388,0.9820789810678096,0.9880612444663118,0.9888261786586269,0.9874415213464506,0.9875558990574521,0.9879707275422811,0.9924721996317619,0.9904948662948609,0.983338171629926,0.9811424737836175,0.9846241065556387,0.9868080503290619,0.9883396449673346,0.981389930265073,0.9895361892247216,0.9820943949170121,0.9930998350332931,0.9864111905372485,0.9858102525791902,0.9812196103724725,0.9857272735519625,0.9963298323680887,0.9827267256417592,0.9898453414491188,0.9881532661099209,0.9856069915156485,0.9836423046556896,0.993063973027271,0.9824450349125408,0.9858601183225607,0.9843266257831986,0.9848679646677614,0.9840698076187697,0.9877267182282424,0.9906794794908135,0.9923104633133242,0.9899555772755207,0.9828718704942009,0.9837302237012752,0.9925667712879629,0.9905328305513391,0.9866472474684626,0.9911939015810864,0.9879378676923309,0.9914510578263453,0.9879418106967762,0.9835583318773793,0.9905165546469523,0.985043355561846,0.9828089495455395,0.9860600741977587,0.9856384147222583,0.9864861774855705,0.982772456293168,0.9849154030647189,0.9904851695864123,0.9849849737378846,0.9867399306048392,0.9839044651150626,0.9882489860247464,0.9876314395071065,0.9833690790729717,0.9835498873704825,0.9837661148393654,0.9881861177129426,0.986111471421765,0.9853392257169562,0.9856024006566595,0.9892676822864407,0.9844027177402844,0.9886474033664814,0.9910253785638966,0.9845014765461472,0.9819650412605031,0.9897355758546826,0.9833551234767234,0.9933641994615142,0.9860334528171517,0.9864482150601029,0.9842824007544759,0.9908172725997296,0.985301062412853,0.9876174499767206,0.9856369374646915,0.9909154088756099,0.9828415742855594,0.9775509344737461,0.9849366099807608,0.986778345612292,0.9844904563603055,0.9927971783153097,0.9970587786295584,0.9844229331075766,0.991041380700993,0.9828069782749521,0.9850542123088176,0.9842415399767405,0.9884800209344321,0.9901377852894767,0.9883892378941596,0.9873279486815038,0.9880957157771282,0.9911805153855012,0.9861021546422288,0.9854942260798274,0.9889840529046064,0.9845658548012975,0.9812132342257297,0.9838633511775831,0.9894707374267853,0.9902873527957319,0.9829143053166234,0.9887252937918607,0.9896730143263899,0.9904152425818848,0.9881075852987905,0.9891157952601188,0.9856990900078993,0.9855145081513202,0.9897599177919789,0.9899095156674134,0.9901298533091862,0.9852015168933534,0.9898348975974697,0.9806647917757149,0.9822854110200637,0.9834989656511927,0.9911954109747849,0.9838989263635232,0.9863626189402531,0.9830732479983285,0.9862226178848067,0.9831919719400253,0.9843775308787448,0.9887137651740965,0.9858631749694294,0.984775600463922,0.9868660236309766,0.9874760316654176,0.9901706247914818,0.9896189629955233,0.9909530087702216,0.9833234935058746,0.9911462676499343,0.9785663239935943
63,2880400000,0.9899663547189034,0.9847253844500357,0.9829650055819902,0.9856216902070729,0.9924616253299433,0.9900385032664004,0.9860858560509126,0.9913081975393422,0.9894830570803637,0.9895985331477437,0.9980107889175406,0.9910102247180328,0.99714790327588,0.9890048168276188,0.9872146673046226,0.9866684600103258,0.9845209012029096,0.9892681552341607,0.9934075881818023,0.9843884676830879,0.9865444393518723,0.9875444961858686,0.9812217223469267,0.9857352608109126,0.989803973811141,0.9920634326779955,0.9923259838069497,0.9849901221213323,0.9912986827641835,0.987549950673873,0.9947046941840606,0.9864273404130033,0.9843150551118921,0.9886147050937785,0.9862460070801836,0.9897429532433306,0.9933269321180686,0.9896594771697149,0.9822755266254769,0.9865199541365655,0.9915444794666333,0.9934233257997106,0.9902558443140381,0.9881001604665651,0.9919092774584233,0.989253221115555,0.9837748533673463,0.9813522434247343,0.9828374186926072,0.9942106767837946,0.9862240190390162,0.9887039156414374,0.9805665456856172,0.9924885469122047,0.9956407630470718,0.9943428051300005,0.9899516038274501,0.99040583715722,0.9886319604108098,0.9808702692701275,0.9924118199371524,0.9826402094416707,0.9912387318537798,0.9825338741856633,0.9883373443435364,0.9929699493247199,0.9870619252802351,0.9919714374958435,0.9927692511505737,0.9916364365929558,0.9949218062841343,0.9880545807202321,0.9901859380203872,0.9876090521541643,0.9908208989691435,0.9890354161084414,0.9919277951394709,0.990809396436437,0.9913846117368935,0.9916890525724686,0.9853271990039397,0.9835434723728197,0.989674287776342,0.9858111355970481,0.9872259038847687,0.9885082292088025,0.9875998313526897,0.9850975563170932,0.9858565351995271,0.9880872401647016,0.9896288048512286,0.9834453291975688,0.9938791701806113,0.9948667125444625,0.9879315863037309,0.9893717860775278,0.9895664494744584,0.9856674771089206,0.9892745380413127,0.9888870926455516,0.9840158919616014,0.9896208450498571,0.9899410066432265,0.9895332780741292,0.9824382272877535,0.9889979569485128,0.9898999415395067,0.9839264406272572,0.9936409575644759,0.9878186522872999,0.9916964464740247,0.9899677082925804,0.985710296474914,0.9893487176565495,0.9837505449566574,0.9824530589243212,0.9788239424583487,0.9879887838363856,0.9925642204484043,0.9877652357733145,0.9923620959947853,0.9870507904133412,0.9879277922456003,0.9889653970597548,1.0058402465535374,0.9866968550160815,0.9921286851178363,0.992684061687823,0.994421992300532,0.9878039585094537,0.9884962768915873,0.9902312581200524,0.9881559268797176,0.9823246803874424,0.9860796268468374,0.984455060520394,0.9841766563496801,0.9937199707055553,0.9945005482643329,0.9855231870532514,0.9857181121740539,0.9981459686278936,0.9913548828237424,0.9899295622255304,0.9864875580698262,0.9844522569978597,0.9875293438671071,0.993069899358762,0.9883435565650798,0.9878056963177582,0.9935459749278553,0.9881277209477981,0.9967236865052074,0.992030498925668,0.9899501788059327,0.9917366711689267,0.9820142616669639,0.9930229334721205,0.9884188279106214,0.9944558940408559,0.9827514609854874,0.9911392552218402,0.9844796502038408,0.9903586673689063,0.9926185612558246,0.9894056596909168,0.9887873622830152,0.984416373343631,0.9811455234341264,0.9995244221585697,0.984956752116337,0.9835291306142188,0.9841099309306215,0.9848749979469339,0.9852565421969308,0.9864873192568225,0.9865386228612257,0.9873632910431521,0.9887848438707305,0.9937442530693992,0.9893470939875899,0.9934347404306417,0.9829157376006488,0.9808319636349266,0.9845425758703003,0.989427198782415,0.9973368005005593,0.9823811436437468,0.9880504874977025,0.9895716428973858,0.9955315701983739,0.9846784314045034,0.9843531593706282,0.9975351931963403
64,2881500000,0.9903837116943663,0.997013147555786,0.989258651764083,0.9964136629959309,0.9872877953047021,0.9910809109221286,0.9990072060653866,0.9940907933451959,0.9849924444560205,0.9902955555681815,0.9895091069787371,0.9901119076677821,0.9847858977903101,0.9946480547016506,0.9955924345078152,0.9925134725568896,0.9973267856511949,0.9939619204419652,0.9882767164748772,0.990058537498496,0.9919161433108663,0.9906026866540499,0.9985399945025208,0.9933374495064183,0.9863955097362419,0.9934226074922513,0.9930610871645188,0.9835283634243368,0.9959446606868007,0.9906396085263953,0.9911694509564386,0.9903269949468346,0.9889252871343063,0.9890443077120632,0.9877470881701907,0.9913875231530402,0.9963695998897432,0.9931177945568272,0.9944448105776994,0.9960659297127897,0.9953440802430763,0.9897887400667202,0.994240301494062,0.996908989503427,0.9923034313315127,0.9861996107866801,0.996866261923912,0.9915835463622905,0.9982967799853115,0.9933020419942827,0.985401362188142,0.9974007110136068,0.9939311451290799,0.9900542160263431,0.9906709479741719,0.9911914345539548,0.987862463232387,0.9876276775628045,0.997044127565709,0.989434757022786,0.9863158164600374,0.9945452324365346,0.9948625250761169,0.9879823385743749,0.9977259619051994,0.9876347959508281,0.9898916901985136,0.9930499996559187,0.9938539863543272,0.9909262605469961,0.9887968339624327,0.993575635042786,0.9885601436344658,0.9859986439057651,0.9878540931269518,0.9922953104063039,0.9908762926245328,0.9902348522912209,0.9879254796445649,0.992573061358384,0.9921292495021999,0.9863152337611827,0.9923284031214096,0.9824954062091115,0.9915232164345057,0.9893041543803376,0.9986539753990746,0.989763226587066,0.9884826568320885,0.9870960760148241,0.9972130985565291,0.9849752156734636,0.9929231390119676,0.9907306056417271,0.9896932988304474,0.9884779574377474,0.9957593207376284,0.9864041958663187,0.9923081820464958,0.992409606651336,0.9882221164286148,0.9907734626419279,0.991679665476208,0.9942086332136146,0.9899381145191967,0.9888561358711211,0.9929320576748794,0.9856870614153285,0.9889067374530217,0.9890737899321086,0.9858469272754682,0.9877707934405505,0.9898236046671846,0.995794375537944,0.990021902965839,0.9816321171369314,0.9980857584821817,0.989479457431195,0.9888380761507506,0.9903473881818705,0.9883830862216073,0.9851827841675191,0.9929699325658872,0.9937608052986241,0.9941272450546761,0.9876240998218808,0.9913780513834436,0.9868121456917963,0.9924993075688884,0.9885148056027488,0.9905280995740127,0.9901037157178466,0.9922841089979544,0.9928305067582401,0.9937111416037548,0.991035684625038,0.9914856332628291,0.9866885363774475,0.9919802844571316,0.991513763710788,0.9904960825451143,0.9904526207606887,0.9812893567873113,0.9967941217110349,0.9883393738533156,0.9862630774311406,0.9938596630945995,0.9869421962446999,0.9957124765568898,0.9953419102608116,0.9884037816765335,0.981473617417619,0.9896083787983646,0.9934141428167488,0.9988888792259484,0.9916997044254361,0.989685224780384,0.9851736355759112,0.9886475153111773,0.98999034407422,0.9923169691951332,0.9920781672525015,0.9853469522742136,0.9864627072694179,0.9926994026586446,0.98209768940881,0.9912794639726765,0.9899794331375568,0.9884438211087822,0.9907031706781955,0.9881202939122458,0.9985744802235829,0.9898134657175548,0.9913727614122615,0.9901290880316311,0.996288021046788,0.9873529497835459,0.9821499583573473,0.9873019384749432,0.9888724904256067,0.9903666864429282,0.9846523780572113,0.9916876595602583,0.9906964267232816,0.9929446023456495,0.9883427029489076,0.9897386426095499,0.9881282467046694,0.9891152354493339,0.9986700974168214,0.995633517254107,0.9973222486902127,0.9879767619673017,0.9845343276257045
65,2882600000,0.9933849936653655,1.0056984897242602,0.9885409028992035,0.9954764665779567,0.9886411419618838,0.9935863828903948,0.9954454360203506,0.9891839495411897,0.9934635301830108,0.988788196148699,1.002745138275267,0.9953988393178069,0.9903660513130293,1.000120199765677,0.9924240500892186,0.9946257048034275,0.9888022083576781,0.9945401807737014,0.9920410520396735,0.9900536090969498,0.9928452975851442,0.9900875923230069,0.9885487064001677,0.9963753909405041,0.9894346606413965,0.9857190421224636,0.9880191399355883,0.9918487270369547,0.9930667624665257,0.9937084650850143,0.9888739081650727,0.9978956634071405,0.9932496488703697,0.9881880506535229,0.9962434400775716,0.9960246058190187,0.9898974624193349,0.9887655010236225,0.9842344832113068,0.9904443169082319,0.9947471372751581,0.990043345916382,0.9986883461433063,0.9927498848547841,0.9880492535688947,0.993316149806697,0.9873911888569055,0.9974911883316242,0.9929297936380058,0.986771053422597,0.9875809991437406,0.9943858880591688,0.9899212807224487,0.9861550096919256,0.9839295398752913,0.9899181724609027,0.9949784102376373,0.9878997067149807,0.9988212092699902,0.9931556258740624,0.9915872201121894,0.9902739690070902,0.9920907931687568,0.9922155975406335,0.9939858900185986,0.9851356795583739,0.9906320354739543,0.9962767914850325,0.9909164552974415,0.995602267579824,0.9919241279559713,0.9945680716972681,0.9882386754544815,0.9947891900388033,0.9949464916996664,0.9952684908719738,0.9994649480496952,0.9950146393026527,0.9965269034923596,1.000367731902399,0.9925578846647934,0.9919233448913751,0.9883741430613465,0.997183600096038,0.9891004244352185,0.9861122161947263,0.9924641936365449,0.9919026386238363,0.9901896047572202,0.9892341886461178,0.9877893858063792,0.9962463513619998,0.9973117399069136,0.9956403886922679,0.9944296007741452,0.9910291784880166,0.9896624161853339,0.9942132217682925,0.9999125528994345,0.9945551621412874,0.9955918508938066,0.9889666026948077,0.9899042285623375,0.9921651915392833,0.9906868726587922,0.9907698662152773,0.9950557787260209,0.9933294370362774,0.994966560275788,0.9918546018087038,0.9930762852748473,0.9895291921156733,0.9923085076393767,0.9966102898506609,0.9895425842908523,0.9922573451173624,1.0047539864493402,0.991771676254359,0.9865234379940978,0.9894177005061301,0.988927847223467,0.9866393556411444,0.9910468921201964,0.9968654662972591,0.9888847755400791,0.9935764653415048,0.9916185815989436,0.992695847271071,0.993322261195084,0.9859562213204941,0.9946781686086046,0.9982961038616619,0.9899089246292051,0.9945433813507182,0.9933020208923754,0.9930280965125947,0.9949151243405218,0.9937331680510854,0.9890310115274382,0.9959802675384881,0.9914567144003382,0.9944872712508207,0.9938441304391712,0.9830154847499717,0.9972024308493952,0.9930785746253439,0.9890230066397991,0.9861412856830623,0.9955482042021525,0.9880709463434322,0.9944771262560469,0.992465763853782,0.9911330595126377,0.9958093987981599,0.9948901224727269,0.9873551513186918,0.9970128870946404,0.9926553210942074,0.9889837718599296,0.9914055476318842,0.9952304334392593,0.9919588991247767,0.9936087010898029,0.9953807288806722,0.9909882962566394,0.9913711368397945,0.9905021245022405,1.0015709894020366,0.9950067506218473,0.9958534368691707,0.996199181118851,0.99625984342805,0.9912434865655599,0.9950119808773601,0.9924926173030607,0.9900502047865887,0.992299232338076,0.9952284622550128,0.9951314006909627,0.9967419580553836,0.9943451068357024,0.9854423221583389,0.9961235367784885,0.9906018932310718,0.9858025109960866,0.9925046032554642,0.9993774498432267,0.9913307381284361,0.9959200080975944,0.9914872308423583,0.9972778782272969,0.9899828887791574,0.9903610370530104,0.9920947481456163
66,2883700000,0.994138225913612,0.9899513314819556,0.9912644741236427,0.9962212384723335,1.0000261333366147,0.9992738385452901,1.0049742452139838,0.9948252650248016,0.9981303595823825,0.9883446376820642,0.9931121564368055,0.9927096517470034,0.9848453426262546,0.9897903467411339,0.9945348461254389,0.9876696872166658,0.9934725190178479,0.9988216913285627,0.9940353770418585,0.9954830782847514,0.987253117889289,0.9874715006591097,1.0077771146871402,0.9950834601294932,0.9978348853559073,0.9896595160647704,0.9880071374016818,1.000477893100543,0.9895293707695875,0.9960074442760232,0.9925137979512155,0.9956445546811135,0.9995025569713331,0.9959147497343126,0.996181419555005,0.9929533698656032,0.9935662239905189,0.9980235965100122,0.9972936452306741,0.9971219288694609,0.998186334874175,0.9878631139206953,0.9885737519461735,0.9861079780624988,0.9883877845168701,0.9929787280005572,0.9956782856139721,0.9972499457050289,0.9952456478459487,0.9968757800611515,0.9958020466574169,0.9925697010589334,0.9963666480635662,0.991500650135043,1.0011144328865031,0.9938608364394138,0.9923335007195436,0.9932440165288419,0.9971414000939345,0.9982605830081503,0.9951724767907056,0.9896028576882632,0.9913454982201353,0.9937045388103646,0.9895613120497554,0.9929604516361844,0.9928982093579136,0.994219509054198,0.9880843668658299,0.9924977925308547,0.9924731839259168,0.9922349602630981,0.9927357651314443,0.9842215257401007,0.9886473671593269,0.9931628904960069,0.9939131706593474,0.9879866731905117,0.9948656667140535,0.9931335101792949,0.9926109996075463,0.9915267218066648,0.9962719284404682,0.985936314299803,0.9913704247465038,0.9926044282698198,0.9967119605532927,0.9925336389899295,1.0020722766652854,0.9912180553247932,0.9908007458162533,0.989008186293544,0.9935970616866366,0.9937272560150537,1.004677809744475,0.9935563007443597,0.9980416790860359,0.9873150360113787,0.9969503606465918,0.9950854987816783,0.9944783400784006,0.9921532983933048,0.9946096204964273,0.9927166125535862,0.9881645761410353,0.9967845252434385,0.999195337021534,0.992108095591444,0.9898748536669988,0.9968557977182835,0.9838539576331865,0.9956101449088074,0.9979453115593193,0.9884718415207794,0.9920956620564989,0.9960727253119075,0.9912194600352966,0.9924181604982565,0.9961343322213948,0.992464246010016,0.9919231994120845,0.9991284337304722,0.9957567829775767,0.9964788586227551,0.9939522850560062,1.0000400063790045,0.9899511730168329,0.9950139044874062,0.9940789581758641,0.9930214353951602,0.997596276521408,0.998307551758853,0.9970229366842505,0.9976786247389343,0.9937859539629942,0.994672507606046,0.999447762108702,0.9992599214927967,0.9974682971343612,0.9983605219785044,0.9924913184447541,0.98177784843077,0.9944062305755389,0.9992556548226453,0.9895361283521308,0.989642057453964,0.9942645135844764,0.9926743501502014,0.9897641268064721,0.9909714908876585,0.9892075945385324,0.9956332974523456,0.992343243515658,0.9858906384583378,0.9860610330307549,0.9943704827868304,0.9995436809530933,0.9942866314858616,0.9972722827331778,0.9941539914013223,0.9975877827739901,0.9923902146135349,0.9961114353182454,0.992743946211484,0.9912562289317978,0.9942722360078988,0.9878579448162107,0.9956976011988837,0.9928698803193223,0.9911440121003114,0.9971275957454301,0.990388835024044,0.9951472712271331,0.9939885490143987,0.9968708732437422,0.9923393553233597,0.9935555630779304,0.9962144594091801,0.9909662151722066,0.9909267532233832,0.9940475902074692,0.9882321113815479,0.9968262672460598,1.0013006628608307,0.9892600592712396,0.9982493126188977,0.9948857269663661,1.0008494153149667,0.9999238962662027,0.9958599646326821,0.9905584820699805,0.9895029352306455,0.9950046453260654,0.9983662700366571
67,2884800000,0.9948980575334375,0.9942756217502817,0.9913863336579753,0.9945039347784844,0.9974014598125662,1.0012739344438524,0.9930046071094983,0.9902301771526392,0.9979162314709432,0.9963465908721665,0.9967633491084177,0.9950279934007988,0.9963804478831262,0.9922419725921743,0.9968661356562332,0.9969084815070608,0.9926473287150078,0.9925326566577237,0.9912616600682719,0.9954660798775855,0.9998610617270542,0.9958899905336892,0.9957595828504495,0.9914141988538485,0.9926045433601142,0.9967471243671133,0.9965774966918951,0.9960423609108208,0.9969203998846559,0.9903728298027824,0.9932886009306596,0.9942943402959199,0.9963854344293288,0.9990617799195398,0.9967519870401029,0.9990207170231297,0.9922004808445959,0.9925692156226733,0.996370560000698,0.9983746555806617,0.9965940957941959,0.9948164929998873,0.9914697782414136,1.0019889665582655,0.9985176504478817,0.9967654220099638,0.999041874334212,0.9821021229667016,0.9915817232582456,0.9873390171738095,0.9913726672354887,0.9956147450759602,0.9899654507704759,0.9964534018806325,0.9925266900464956,1.0030378895946657,0.9952441236357121,0.992439024839406,0.994753968142537,1.0018604541256952,0.9987098063922537,0.9903860413978697,0.9950913966306599,0.9890611351421315,0.9961583088450104,0.9991511592976879,0.9957865320565852,0.9895936585931255,0.9888243876160129,0.9902544186690165,0.9941297230147449,1.0009330003039707,0.9962000574343985,0.9895084424953914,0.9958123289187754,0.9898135385040435,0.992348603588155,0.987705496009265,0.990858333424838,0.9933040379525678,0.9969815743679112,0.99385406323723,1.002433711284981,0.9955133509360344,0.9937875801568392,0.9995912692063563,0.9934539445655481,0.9994266818722272,0.995580341271403,0.9962575960005611,0.9978554730800908,0.9935166916025684,0.9968817686724027,0.9954443482488151,0.9982617658265246,1.0014686704655231,0.9983022707875734,0.9951425324492571,0.9858419867428223,1.000090126903478,0.9984094609788741,0.9976846295008516,0.9971242914937235,0.9897586645625865,1.0027700613092152,0.9934624262794802,0.9971330452158252,0.9964311583073349,0.9942719241577688,0.9925370711523075,0.988633177942343,0.9907247720510014,0.9947407667806254,1.0050835058217846,0.9924908912693462,1.0070754165981066,0.9932267655750341,0.9974184733366449,0.9966205146803918,0.9979518271934847,0.9971577360186025,0.991531834756599,0.9977712010487406,0.9958645484594003,0.9999265300522773,0.9975298213309188,0.9927183285566032,0.9963837064676373,0.993323249130048,0.9920699515715091,0.9920579380146982,0.9944456201076297,0.9906553834156575,0.9860345085107839,0.9981614960522752,0.995819871220443,0.9961715365559918,0.9909797433572792,0.992773679277099,0.9959179128094169,0.9958357333595442,1.0003105055483015,1.0028615677867385,0.9891908040691854,0.9937776691654407,0.9947983801307717,1.0006302158829374,0.9898567245464002,0.9923391957668062,0.995801707571718,0.9915381767510135,0.9951017517831965,0.9944443048890805,0.9996186162642999,0.9910463484858916,0.9991917083429214,0.9905170878468711,0.9938807275620032,0.9912399937340316,0.993949438255276,0.9958459161653265,0.9996043660845928,0.9957436723804335,0.99387725804886,0.9908553191033256,0.9968055853545091,0.9976065021802203,0.9964898480023471,0.9919987263844281,0.9914093932983887,0.9953374249920267,0.9923234945893475,1.0046084029260052,0.9977472501454474,0.9957877765542487,0.989280682794627,0.999590047007336,0.9880759539776185,0.9903268756785693,0.9938748706410042,0.9924511201856133,0.9911307040766053,0.9934837576538958,0.9921642571926511,0.9944748136637097,0.9948205171210434,0.9838732852370711,0.992965364304532,0.9948115296585643,1.002214285545768,0.9985877903095266,0.9960060187344268,0.9874424864634338,0.9948715470713014
68,2885900000,0.9962238982192805,0.9938865135843812,0.990098588209828,0.9954101803366475,0.9975955902235925,0.991909818269921,0.9975010343366958,0.9956147068192204,0.9909409273026112,0.9899646919205265,0.992870806844466,0.9939825540891014,1.000768544719935,0.999702114130102,0.9985583766801305,0.996431834414017,0.9936638118019068,0.9979145077970168,0.9955988507172026,0.9941478465308627,0.9978891492114428,0.9985149063039808,0.9906923720982018,0.9983653965006427,0.9962092578695863,0.9973669861650846,0.9939887513777107,0.9858984865820607,0.9971112814919537,0.9946423632813116,0.9896061669436632,0.9978234661702562,0.9939561988281375,0.995813906949664,0.991317743876375,0.9985470946564248,0.9983607140314694,0.9915267193154292,0.9972521674583307,0.9935115214110193,0.9950149532509635,0.9976572152394372,0.9938241751887671,1.002907254527924,0.9941514894301728,0.9894695201087408,0.9979311982919423,0.9917001516123334,0.9915682630656018,0.9970692422715973,0.9937828086378145,0.9919648726850907,0.9947716167868943,0.9912137856936896,0.9965283892643666,0.9876072994532131,0.9924738406270076,0.9922024355321349,0.9932962469663001,0.9963307719394093,0.9996328394421008,0.9995618869240366,0.9910002293315201,0.998397002511971,0.9885602290196305,0.9866091978709861,0.9827724174935069,0.9939255054064658,0.9929405223207423,0.9943829768610023,0.9933019481570411,0.9906535423526426,0.9931807971419945,1.000192852545403,0.9930679648073835,0.9900484233445505,0.9999223459185818,0.9923340437033222,0.9995813488890473,0.9905198192623637,0.995877688953343,0.990089173264601,0.9937263027648553,0.9957029243301017,1.0000962496791415,0.9957696174541211,0.9987079421403601,0.9983381488209773,0.9985097731390004,0.9851632339250769,0.9924648902123953,0.9942993051670644,1.0005406791803744,0.9947715491312692,0.9996970395790795,0.9986032412200943,1.001183546615646,0.9969531303203626,0.9946124258326566,1.0010614204916122,0.9983136897155235,0.9969297737630749,0.9987321278538881,0.9856987788623044,0.9964030424897545,0.996407474881004,0.9897094459887871,0.9923135922700631,0.995994324858039,1.0055359244539122,0.9997263561506758,0.9912002671268983,0.9994793594734555,0.9937976115073593,0.9866885693266336,0.9976275504488329,0.9976732260697274,0.995295219120163,0.9988697719128228,0.9951703546607346,0.9911915819916961,0.9927372065017614,0.9996591600858317,0.990329443109546,0.9902206209388358,0.9980078244129199,0.9960168315393174,0.9972556496695982,0.9891652242574417,0.9965741206305438,0.9999849774629798,1.0003044254216111,0.9939969338185042,0.9966778332646129,0.9949230564410201,0.9921783276273972,0.9920017745083122,0.9914840781717984,0.9942602577852958,0.9961809749845666,0.9909421531064194,0.9936909806911908,0.9953235461115006,1.0007888918556256,0.9986593232200075,0.9949082228321794,1.0005392190823874,0.9901291338772499,0.9965695303578198,0.9924153707863161,0.9989883266330565,0.9918734945045685,0.9923321392264938,0.9977938405892093,0.9980109060010659,0.9969556493266283,0.9983761431604262,0.9942032200111142,1.0006339469392918,0.9917010813700164,0.9998260595734891,0.9931435967327347,0.9948486441428321,0.9881599399991883,0.9955011897531826,0.9919309253810111,0.9937764554944217,0.9911957142724853,0.9998000853170413,0.9931293875661322,1.0012917288183325,0.9947689257538564,0.9955559371291381,1.0032430117012483,0.9911829672079672,0.9912218281620472,1.000907759510504,0.9940661467363585,0.997190379641982,0.9913030789166134,0.9963280666331156,1.0007897083350439,0.9975583298288626,0.9924783450642946,1.0015656933349288,0.9960180405260226,1.0029570376016845,0.993529379247652,0.9865568005768208,1.0022945124269913,1.000760241286049,0.9945652060673965,0.9930201774582523,0.9972512841002767
69,2887000000,0.9973801798922937,0.9915065704366772,0.9916122789834672,0.9977233097566373,0.9969906464518411,0.9997897328915336,0.9893075928922083,1.004956731974325,0.9927792445790592,0.9915492671241077,0.9955244468793355,0.9928593655372826,1.0021908458349638,0.9973742336298109,0.9983992457898602,0.9999303399139728,0.99393793642901,0.9937353905857909,0.9973659841762641,0.9929629999168434,0.9980280288986335,1.0020312687272714,1.0028984545100406,0.993197563964439,0.9936896912746089,0.9929448270771996,0.9965434620933823,0.9967842301087766,0.9906885015300747,0.9941963184596997,0.9976319512279692,0.9958731877168835,0.9951706984129342,0.9936489166240168,1.005771269131996,0.9954198009858912,0.9967141458298481,0.9979243259811099,0.9998920798210978,0.9915817895787034,0.9987515815666426,0.9926592300286442,0.9932588061318194,1.0037208337476,0.9924186931750489,0.9964825754649094,0.9972163599071426,0.9989762075653863,0.9994334884841195,0.9995233954474756,0.9903911581090558,1.0021602647109855,0.9936202500707993,0.9962512370610398,0.9966722889194608,0.990698593390344,0.9955566638314042,0.9932537511468238,0.9946756764496978,0.9962508155843857,0.9949672331595275,1.00015894881183,0.9896902176782528,1.0003983889567507,0.9922955140026929,0.9999350354306767,0.9969978943323633,0.992032157988771,0.9945673863308846,0.9973122337615805,0.995521399468593,0.9914886742078249,0.9949867538587882,0.995316104056439,1.0013701528045136,0.9946738275767594,0.9994925220398393,0.9880415566750655,0.9973141860981055,0.9950546948880781,1.0000074137391382,1.0008798612947665,1.0060635235044404,0.9933840194965055,1.0017485499033099,0.9914901476003237,1.0018449641607645,1.000082424591691,1.0019006227451823,1.0007772896590397,0.9950694866718428,1.0030612085586428,0.9946623855051631,0.9947923422452987,0.9999001350494539,1.0011463386298256,0.9967893859411255,0.999479458569038,0.99437270429684,0.995684789493595,0.9926315217714947,0.9963920720053852,0.9939408976852491,0.9969431120825795,0.9918274518772392,0.9986849345610531,0.9932676013119796,0.9933103597093647,1.0005793744802567,0.9979250161512364,0.9959126331625281,0.9975029848966401,0.9928999869777259,0.9943369624594305,1.0002150590686913,0.9974263732811905,0.9970535545526578,0.9932422348314105,0.993725861914258,1.0021446221126247,0.993108616197306,0.9974543355815868,1.0036858543893092,0.9919143533490851,1.0023501120873994,0.9976702718630888,0.9950991981549878,0.9948749670945278,1.0017985336067614,0.9990882516649363,0.9886163941557562,1.0052192162351055,0.990502378248302,0.9915038792193902,1.0052636253078617,1.0018166866823301,0.9882856190024737,0.9966245299963206,0.9926102757940483,0.9934726946193954,0.9948357057414209,0.9940758591774942,1.001714685369659,0.9926351508517971,0.9913404445407996,0.9962525150905434,1.0005440844493438,1.0021180221700063,0.9935228189114844,1.003351139163317,0.9991337051928219,0.9948586664213065,1.00061280777709,0.9995410661713393,1.0001148899424581,0.9986327877133601,0.999414379380348,0.998952417226536,0.9899071802473032,1.0013257233746293,0.9963845560900865,0.9936722766645137,0.9908703019280646,1.0000693058041756,0.9926811488810372,1.001293225815849,0.989533482332191,0.9937241739516045,1.0020402119709682,0.9993586268871651,0.9977173424504752,0.9997933133775009,0.9962980814944905,0.9937113839091651,0.9885024593399976,0.9960464711120368,0.9885172937768885,0.9919163251512424,0.9903947973254507,0.9890806563342603,1.0026353273077178,1.0005423699846283,1.0040048898300034,0.9870921475888734,0.9914557092775066,0.9907795869832111,0.9949779144448454,0.9922025894336992,1.0001792375308651,0.9964911708852653,0.9996081307947041,0.9925361272509066,0.9908980762149588,0.9994527998086189
70,2888100000,0.9983694719357948,0.9990101678194372,0.994156911952067,0.9980347350685135,0.9951556786817998,0.9942948819914416,0.9968574152617783,0.9946178361012351,0.9963144036810311,0.9983390108125165,0.9935968026944888,0.9938801565800369,0.9946587667876094,0.9997918419693266,0.9919355971972239,0.9947543316936033,0.9892032792400005,0.9998860328654677,0.9973884242118329,1.000448673381695,0.9903931167010989,0.9922676068619586,1.0024324487080414,0.9981753144482477,1.0027420663333664,0.9975407336874187,0.9888204404986877,0.9979438881343136,0.997187722324685,1.0038625818556814,1.0015759999924772,0.9968884471573963,0.9967391982356179,0.9944032312621752,0.9970866302738091,1.0002185337671368,0.9922478293071111,0.997207358191285,0.9982355037412658,0.998128622522897,0.9911612241512222,0.9896871948913213,0.9957089573793216,0.9994907714045838,0.9938996377889344,0.9965126833401515,0.995749622841564,0.9992243988372933,0.9977662201455071,0.9980528008997311,1.0016979181537513,0.9948905894291842,0.994581135679691,0.9963355000897194,0.9961477880525224,1.0009823910286944,1.0050138268246416,0.9993047276319219,0.9974405049174832,1.0000610986441025,0.9969883267712251,0.9965012377418936,0.9970473908773179,0.9944474557814361,0.9933471823977634,0.9939910855722232,0.993322319688934,0.9929924462915969,0.994091358643878,1.005308139948814,0.992554236652278,0.9938560627373547,0.9919720141656371,0.9930824371411631,0.993502206069709,0.996378338216013,1.0036553123563454,0.9980657056947596,0.993265311218126,0.9957869622482507,0.9950145088762213,1.003750293597535,0.999711073547274,0.9952692745130871,0.9980383551476995,0.9961723023099571,0.9928263104796603,0.9938570561548762,1.0036225532333227,0.9977222549460001,1.0023368284040557,1.0015186889951846,0.9954092840409873,0.9986848048726934,0.994095921514043,0.9990521600507711,0.9872825155708383,0.9984821635827414,0.9981038115917664,1.0049430311497811,0.999868550896369,1.007019228220848,0.9955394604252209,0.993037706924986,0.9953955546391501,1.0007763906844158,0.9923944435355354,0.9942833256625402,0.9999274776473398,0.9958455638921649,0.9993290697260596,0.9871820582826009,0.999979216342076,0.9922139175701497,0.9925520739958141,0.996917658064631,0.9965083849894868,0.994443052103951,0.9979300442219742,0.9936459297126363,0.9989048829053765,0.9988369804921224,1.002728675186053,0.9962860897028141,1.0007342127488126,0.9941629502824614,0.9927890653379877,0.999499784042117,0.9931321495110537,1.0011574376233996,0.9882175916501194,0.9966857417773433,0.9941664527895143,0.9949081669952704,1.0004715940494757,1.0018546199722846,1.0003446651041672,0.994712288538525,0.9984443473133268,0.9937939623331159,0.9896171016522196,1.0021331238488396,1.00040830183287,0.9964749533992316,0.992665186669264,1.0085527660341729,0.9984119165837207,0.9947876412418502,0.9910408751749081,1.0001138195983095,0.9921887331003626,0.9994171351885562,0.9914210474695639,0.9953183631785748,0.9946059850746441,1.0028471157093983,0.9995301265691006,0.9978774413840144,0.9919686877456546,0.9908930980410932,0.9955412324953455,0.9853106040926874,0.9942537569194287,1.0006060132599057,0.9915469654702475,0.9945830445298479,0.9931007439935953,0.9999347350964721,0.9985808810053738,0.9970438297579296,0.9856851438051016,0.9983832611865644,0.9982124279074888,1.0005407561542197,0.9998715937347813,0.996573408803868,1.0004814229944423,0.9968186452500273,1.001593431043617,0.9943590738087604,0.9992560970378201,1.0026668408148036,0.9938571084991165,0.9995332546176349,0.9984841157590819,1.0017112329729152,0.995433790452554,0.9972190203125834,0.9989539581762812,0.9994717356290221,0.9955279260840795,1.0016637032878117,0.9980902165046901,1.0007457697967408
71,2889200000,0.9960571281924858,0.9953899390529073,0.9896847738692651,0.9985845604704002,1.0028915171970432,1.0007386237572602,1.0009460786833437,0.9977625454042227,0.9912459353492274,0.9931518340754903,0.9994134833097086,1.0002110394786354,0.9959606991792793,0.9925415205110302,0.9965025227554057,0.9998390591892039,1.0075168219583823,1.0031144208506413,0.9967203935777318,0.995121795663179,0.9961048813722951,1.0033747609808397,0.9964722590837304,1.0005859400081427,0.9997675101218819,0.9966053158816685,0.994155648866175,0.9999210636075064,0.9937637884959474,1.0010825175739573,1.0009863624985182,1.0034788767502074,1.0046870719865315,0.9945462687105607,0.9994652708453013,0.9965541058250641,0.9930236710825969,0.9970894741981047,1.0014798974585275,0.9987436009093981,1.0049845205276169,1.001687491166435,0.9909166271666137,0.9970759911492606,0.9993231429198073,0.99892313532467,0.999117307881024,1.0024702446576814,0.998216079675786,0.9943398327700258,1.0009488626002845,1.002529726690859,0.9940587875476012,0.9974821296248375,0.9971652852227578,0.9963475642011297,0.9995774924101961,1.0096871649281556,0.99719809483589,0.9974361956138215,0.9983199441001539,0.9939741909752231,0.9966623579117683,0.9996395064434302,0.992694255462664,0.9987282436432425,1.001500809917526,0.994292673027257,0.9943264694141193,1.0005492506154898,0.9975536812182879,1.001122136295694,1.0052647006574085,0.9909346220394522,1.0007733813708117,0.999788008225409,0.9974922899806763,0.9936465399018498,0.9963160227996267,0.9930582250588766,0.9960523543151817,1.0029938235899294,1.000568596899275,0.9979031250613148,1.0003396642078048,0.9968777696658717,1.001179298214077,0.9996178454065247,0.9982772383703962,0.9959661937112072,0.9939638780087489,1.0020442132478096,0.9982499076953643,0.9972373179907178,0.9978558048219383,0.9971355410175926,0.9946006705374911,0.995785665839079,0.9973661103217608,0.9983845046657671,1.0052985513179415,0.9946016758408647,1.0040681077844877,0.994422342441152,1.0015817954512722,0.998696225993362,0.9952923658517934,0.9917344475242218,0.9978780408566899,0.9971457994342114,0.997009396802713,0.9983927891192206,0.9954328166085077,0.998029190369828,0.9963973320872266,0.9974299349696663,0.9982259939379124,1.0008128912859195,0.9950873440722938,0.9975751278923299,0.9959898801460323,0.9959115761102589,0.9969648608959925,0.9985427152897373,0.9992655726112002,1.006150245250869,1.0016693771924627,0.9970554209408704,0.9943183985439139,0.9949345062314481,0.9960821911474352,0.9983712150626584,0.9954661652850056,1.0000779875860366,0.992033486873039,1.000985096713118,0.9956091495199506,0.9997246715941408,0.9981732135916749,0.9983284129152256,0.9895951999510183,0.996774736503356,0.999794751253329,0.9994838285716482,1.0011756705978765,1.0069767258889368,0.9934805644818563,0.9925432362180511,0.9983287989642051,0.9972173541817679,0.9927033532546538,0.9971786016759182,0.9922056243274298,0.9987782354867264,0.9989289511600838,1.005077466790877,0.9951341340396855,0.995795675561617,0.9965397374414131,1.0008724366072086,1.000553396985108,1.0049153993454882,0.995417633711611,0.996661072766039,0.9991740324906119,0.9934181090754911,0.9961391034814643,0.9992008317217853,0.992447429030536,0.9981452328445096,0.9967675688508276,0.9984831976687848,0.9987667371746619,1.0011414093504547,1.001574946026665,0.9950222745262688,1.0013299538846665,0.9905271837808617,1.0001361157197879,0.9981532576000491,0.9923920982895009,0.9981053926296278,1.00258540597797,0.9946794618208955,0.9971830357566893,0.9932393903251182,0.9959227075731313,1.0008278881279986,0.9974605284320226,0.9979893531591881,1.0001699376517341,0.9953627072722765,0.9950006988646032,0.9898505006598084
72,2890300000,0.996226375807368,0.9944664326113928,0.9924167671131611,0.9941551072966813,0.998115700870108,0.9978723686518296,1.0017534357589224,1.0031708444128808,0.9988463052198964,1.0024764469126188,0.9961465707850595,1.0020748342629524,0.998423087255547,0.9990584606936489,0.9977909384338155,1.0046663839156835,0.9887541219625764,0.9947454135246405,0.995177366083087,0.9987000156770828,1.0003211264523195,0.9985721961601789,0.9951628075866189,0.9984379319034076,0.9954106597537296,0.9953102782554554,0.9976721307155831,0.9912700437686369,0.9982896099622862,1.0028306132425693,0.9947152130693443,1.0021038238649338,0.9995119708852722,0.9982531650723159,0.9941634337336959,0.9972767433875968,0.9929368779898236,0.9901107844747624,0.9997596963336769,0.9972240725245183,1.0031517126923208,0.9994792193106832,0.9974821288977934,0.9907294774485984,0.9946226612812696,0.9955423075592337,0.9933775017294718,1.0016469423410121,0.9956159504942665,1.0003438565451162,0.9959179024961416,0.9939551291509027,0.9976657996294238,0.9979901869350678,0.9996568441510476,1.0064062550917934,1.004997249744161,0.9974747474550253,0.9956887246092054,0.9979956811825076,0.9995711299939599,1.0006397469705788,0.9919435507375888,0.9947149811146787,0.9958470665685074,1.0005525655275258,0.9978521826079054,0.9998100340240571,0.9891685836402008,0.996038897407652,1.004922415736266,0.9925950200074611,0.9958369333074013,1.003518399667631,0.994175710602408,0.9980577804170246,0.9905769079697028,0.9947799212662572,0.9939705349293092,0.9901157769800998,1.0052230687270076,0.9887725403675395,0.9955914786407913,0.9956595384256589,1.0039955811816688,1.0008859905949679,0.9969491300530033,0.9998325184111625,0.9924731777085072,0.9886853230873449,1.001159842014769,1.0014436735994816,0.9899369403572743,0.9978264658282631,0.9967176409393509,0.9942288408550826,0.9905735286205283,0.9988320044689177,0.9935908338010457,1.0023590615782738,1.0061285337343944,0.9997120610175588,0.9963351611383185,0.9910165849008618,0.9952212467230317,1.0011813897829447,0.9954567162464569,0.9956031828324012,0.9977289128385837,0.9966414769955434,1.0065890506884316,1.0017510824599574,0.9967018807798751,0.9987264117716755,0.9982620866142083,1.0052255757912503,1.0013455602488441,1.0044613436060215,0.9917039649710327,0.9952430439375325,0.9937920296987508,0.9984139354128408,0.9965769138913583,1.0002139603216134,0.9954446241826803,0.9987236878679863,1.004294818905077,0.9974078420758706,0.9997107885133844,0.9959935251798112,0.9967477714679362,0.9893823095561487,0.9991205936300137,0.9989025238424217,1.0010356816070514,1.0025595850989926,1.007197911877676,0.9992888533366707,1.0007191591858207,1.0032006025828266,0.9998394695189398,0.995130460611658,0.9942991471152295,0.997993302991238,1.0038786897507335,1.0010381123325731,0.9977456178203402,0.9938681575302403,0.9978805971532956,1.00013315835829,0.9966371900701014,1.0037472405419423,0.9930918629333932,0.9989595588644049,1.0003988656933749,0.9932510888422993,0.994660123850212,0.9989910800842271,0.9960066905958802,0.9977984143140599,1.000095941104262,0.9956545842701376,0.9948678093808805,0.9903293251810202,0.9994312738820705,0.9998825963603966,0.9988177371318153,0.9879325921998039,0.9942070994537785,1.001088111309508,0.9975270464542262,0.9932159211213313,1.0023573854824597,0.9951753372424249,0.9968565715159586,0.9980249776709619,0.9999443306366307,0.9980966274351423,0.9998989532501266,0.9962774200717611,0.9895668136551539,0.9969507647484489,0.9961827001664519,0.9998617483641339,0.9980602842222772,0.9941412051596992,1.0024586836436038,0.9937916601258887,0.997675072618721,1.0043334811457834,1.0016584008936609,0.9927037709376597,0.9977578335908847,0.9953433430928247
73,2891400000,0.9978591059591352,0.9946368205683587,0.9986881208417268,0.9967842508392867,1.0042183802405247,0.9983963012115963,0.993768382199742,0.9944073563182417,1.0021417689126635,0.9948946910728766,0.9955124107364386,0.9971913159142072,0.9976047032714543,0.9981187382361176,0.9890520958459876,1.001709200721355,1.0006077016031432,0.9987674324587466,0.9896588270840757,0.9992695427836048,1.0001053952831702,0.9971886272103853,0.9970425610629007,0.9911065215716252,0.9993166565424153,0.9985721326203476,0.9979258932458929,0.9901555956632133,0.9969350802656605,0.9988078691663632,1.0029909413583138,0.9937621540832522,0.9965796573655412,0.9936610123728475,0.9984773150236843,1.0004955198722085,1.0005295664618288,0.9891431328386188,0.9935904188590609,1.0007374334886567,0.9999885408567801,0.9999240539848732,0.9937968128350213,0.9964862984135726,0.9987977333880237,1.00141330204228,0.993336875580059,0.9976085257740293,0.9998862385461335,1.0129113454716934,0.9976365510746958,0.995939098167421,1.0020771770737613,1.0016108240379717,0.9865588914074628,0.9945777405321514,0.9965235063609018,0.9988102860670126,0.9982343518813526,1.004748881840055,0.9970420823439263,1.0005379242043153,0.9961779895257378,0.9966542889474647,1.0031294988452484,1.0019146007370174,0.997001758641724,0.9978118302218192,0.995727686413018,1.0006179674888713,1.0040973037241392,0.9973173784079495,0.9963485796213651,0.9942604926743718,0.9990687059023872,0.9960098355193774,1.0015629544960738,0.9969770582103347,0.9991564857799713,0.9926995718541914,0.9980741102965315,0.9959039479197831,0.9999590278222122,1.0028111943824924,0.9969740651799335,0.9957243699303404,0.997921211612082,1.0030306346987474,0.9980050261539114,1.0021046972056886,0.9982856727538396,0.9997038930527069,0.9971630527376026,0.99805070126296,0.9992551592233815,1.0024393503905744,0.9979797691426137,1.0045270647753604,0.9976397991494642,0.9993338310427101,0.9975513148669063,1.0003038225622536,1.0029328455062638,0.9987417543687641,0.9954929201995107,1.0000226299721968,0.9940448073329998,0.9948317529934022,0.9959398139534659,0.9975914421196987,1.0066637256732192,0.9942422436015895,0.9964452027654445,1.0007996550957736,0.9934931253365786,0.997875237447002,0.9981815706237053,0.9943248150671795,0.9953890045827973,0.9976370246100288,1.000729884052455,0.9930777568054281,0.9973920286527032,0.9999575099140403,0.9987402051450481,0.9952049345432603,0.9956216007555202,0.9953160786603334,1.0016388941701182,0.9953981022684144,0.9929727218286324,1.0010901537953905,0.9941398079332492,0.9955933816847682,0.9979137380489776,0.9959640362772638,0.998616889202889,0.9976243788403584,0.989657930787113,0.9897486059205668,1.0055597538855825,1.0039762978534088,0.9965045410896297,0.9965025642512316,0.9998488019470498,0.9987095528051255,0.9978551093571815,0.9992767973071499,0.9960731039430318,0.9988217271128591,0.9972599042427417,1.0041026948597267,1.0045103295415294,0.9986838852476374,0.9967644708495309,0.9995325373295826,0.993076894458077,1.0013802420707183,1.0021796358457367,0.9988002409624199,0.9923849730371788,0.9977053208253884,1.0021675920986735,0.9942448146237588,0.9993595578087723,0.9958873807477366,0.992883697420192,1.0009096524427827,1.0069344835461818,0.999759310891035,1.0049986061493572,1.0031653245436916,0.9988036099833745,1.0010583127017347,0.9987254627333031,0.997193271960287,1.0028653849593652,0.9949914578490561,0.9977786096788024,0.9878853044359427,0.9967841714783591,0.9957737810445759,0.9948836843572184,0.9926081747353623,1.001719768232805,1.0024044853659753,0.9966687296759636,1.0014021392355372,0.997884064967865,1.0016428837234388,0.9976368708895703,0.9976958120016022,0.9996386616340519,0.9966485991758883
74,2892500000,0.9990981565986714,1.0001981717109076,0.9944846641428163,0.9961420746466166,1.0004039383718033,1.0004142772416702,0.9965718587742687,0.9925897574249816,0.996696218370412,0.9988031818467105,1.0026684298069537,0.9951171190586339,1.000089887158989,1.0027397159918985,0.9959627406199278,0.9944464425473465,0.9949781957758733,0.998658130757938,0.9977649261648148,0.9957625475745341,1.0031905259463425,0.9958282282387652,0.9977996993533439,0.9957447861935822,1.0010251872972524,0.9923688504698563,0.9984684205010348,1.0025180677638639,0.9989387408480975,0.995233415616173,1.0061543563864388,1.00146344012596,0.9993837925631833,1.0041699536460411,0.9955588767768716,0.9988427861237739,1.0003081341946716,0.9993987097894349,0.9915277855718804,0.9979451212732451,0.9935507955846098,0.9925535715230628,0.9966871998528701,0.9887434608766268,0.991361595211978,0.9963752310873173,0.9980946152768595,0.9933778419601736,0.9943287511926795,0.9962559074004156,0.9930435630777715,0.9947593821785832,0.9960549060888264,0.9975459054621701,1.0025777453650677,1.0010057618495476,1.0060022959574573,0.9946342727073789,0.987023474569782,1.0006784364793764,0.9997012759753278,0.9961541828895275,0.9936673092019391,0.9955867360045677,1.0024671977717992,0.9993730981640699,0.9957761853158064,0.994614287459263,0.9916611668746486,0.9956785828558625,1.0009599535157638,1.000919384093927,0.9982638040924225,0.9971448725149022,0.9973439792306212,0.9971488792752673,0.999132001711309,0.9999765799150618,0.9972181801072711,1.0049553220729452,1.002877774269329,0.9992237627901084,1.0049849734159204,1.0045698014330515,0.9974006608515078,0.9922514821153773,0.991379922509842,0.9979492091774784,0.999292702717654,0.993681852259579,0.9973745126117733,1.0080630716498926,1.001809576010228,0.9906621238791697,0.9937635453102744,1.0011586699102724,0.9898007837822018,0.9971439913873231,0.9955251959662709,0.9937451106069999,1.000382051455619,1.0007805874386697,0.9987841192168232,0.9994307453539526,0.9949918957652433,0.9982092353453822,0.9992809627869681,0.9984880111445366,0.9934371581261454,1.0056075529682202,0.9993343364685234,1.0037970741688218,1.006595742125229,0.9969211142065852,1.001767007275471,0.996837020118105,0.9943089257170847,0.9971273934697343,0.9950482425324406,0.9862031511943388,0.997358685483528,0.9970805075213931,0.9980995592880719,0.9932402934993066,0.9948351506161586,0.9998201871677833,1.0035021430429243,1.0010156481095025,0.9937898129172413,1.0026728035668486,1.007719616641857,1.0009845654517817,1.0011702503898434,1.0014755380385636,0.9943363793345135,1.0017679955254848,0.9955034246420752,1.0021132317418808,1.0024109792617397,0.9967733227104992,1.0041371755272297,0.9958175191404036,0.9961171903153114,0.9915848062530003,0.9979932897718974,1.0047995873985232,1.0021681576082249,1.0049929636074892,1.0012174007197003,0.9968828173736889,0.9938706476703542,0.9953996162621616,1.0000117324487339,1.0006596719500274,0.9952066488332976,0.9917179141701957,0.9966741217000361,0.9960208219810622,0.9986490051890647,0.9968760801998225,0.9973485859442878,1.0001563506875943,0.9952547715914389,0.9999256018442292,0.9940885386346799,0.9971510838347122,0.9996409706212153,0.9941241260145441,1.0002368490089717,0.9954798139734609,0.9956681816328454,0.9981133057881761,0.9997689414981475,1.0010332581298198,1.0071750304262521,0.994274148084515,0.9995046796693076,1.0029231612132838,0.9971881211939329,0.9963138258915443,0.9964931237492992,1.0034864239249948,0.994457038310962,0.9984608801822602,1.0014084096601505,0.997299038050463,0.9959354259796642,0.9934466762242427,0.9972809680890918,0.9968830716165438,0.9982864261938383,1.0007342929132066,1.0006723604218983,1.0059396329371342
75,2893600000,0.9984452507627665,1.0044103524955628,0.9975745355974466,0.9964792242279233,0.9971788237571987,0.9961596819073081,0.9916366903522148,1.0046613063687069,1.0031787369074547,0.9956013597952257,0.9977146947647312,1.001362470960053,1.0010158209566433,0.9994503275778277,1.0033572464503964,0.9958871423907144,0.9978969289606453,0.9959652831984592,1.0014783715073217,0.9945950392783186,0.994552115132115,1.0010742435204927,1.0030005127936894,1.000657018126292,0.9972025065100973,1.000403110211349,1.0047965278828441,1.001850881318633,0.991247194904964,1.00115417463516,0.9972261016520976,0.9998021217628569,1.0009124885589027,0.9995792507837167,0.9949378699086103,1.0007255315672832,0.9962227774778873,1.0012266048041332,0.9968598569535352,0.9986560741354591,0.9963294279070151,1.0002246335898552,1.0085148398871269,0.9963442071684094,0.994736938408707,1.0002478966692223,1.0016599477690689,0.9976274050802884,1.0059774810816176,1.0009502568867332,0.9911607370553086,1.0031950275613633,1.0026238059419694,0.9930465072187319,0.9998302228900606,0.9914770844536501,0.9914670502626349,0.9901548268694315,0.9981794135357631,1.0031963638590222,0.99819722549738,0.996899480181916,0.9925477666880901,0.9965408933469472,0.9961569330685119,0.9992431778264649,0.995353006697565,0.9907682941196462,0.9983406917857293,0.9991799146626015,0.9984300715115114,0.9918149372740424,0.9996146128056415,0.9992712678735616,1.0000110900029913,1.008938285660573,0.9999185599198681,0.9955626085829459,0.9988557413524933,0.9979640482104675,1.0024681522118204,0.9906444134487268,0.9988099894798076,1.0112243397347864,1.0007762113193261,0.9976386666805409,1.0012714537289498,1.00270347916199,1.0030903005165015,1.0000828958799584,0.9989851812240252,0.9971835906127228,0.9995939844684907,0.9954574566146687,0.9985601175673126,0.9991326133707678,0.9990867687081474,0.9931708993496602,1.0010996181509757,1.0025104821410986,0.9969276756766284,0.9916418160680335,1.0004721518882724,0.9981180498937212,0.9974064768487066,1.010073828218953,1.0006861152740107,0.9956192556724961,0.9955622523427086,0.9992343287628005,0.9912921542471409,1.001517919411204,1.0074389285524217,1.0021452353590772,0.9895278406633756,0.9975937283193055,0.9991106255640897,1.0013678996155602,0.9968723775761679,0.9986906918481523,1.0033956201627396,0.9980790193362425,0.9988126938299078,1.0002894839806584,0.9982943553539723,1.0006614775252953,1.0023797960785548,0.9989239885814183,1.0009422011063767,1.001063643126088,0.9922720261967577,0.9954862816995044,0.9983579604604985,1.0019985981127364,1.0027020798766029,0.9981418066644195,1.0000291510180919,0.9972567461842433,0.9919569777538697,0.9968748508862183,0.9912468818145495,0.9934068870210315,1.0047000565134774,0.9984431089463904,1.008968713888817,0.9918143429742428,0.9992722197747171,0.9983983848383312,0.9992293855449598,0.9932639412993197,0.9939376388817599,0.9986512694333856,0.9961878739786891,0.9907173306453302,0.9922440309259245,1.0003777411495014,0.9998141199431689,1.0001637718187526,1.0009112233620714,1.0041098200826413,0.998209908809508,1.005945999030654,1.002303047203348,0.9970959614491526,1.0000733689108219,1.0067521199457736,1.002390652943219,0.9988126729583527,0.9927733099544874,1.0016601467397859,1.0080177397987529,0.9968291161752858,0.991882458414198,0.9933337402374761,0.9986584148761032,1.0029730889371313,0.9997843308385728,1.0023772261856663,0.9956981748946451,1.0020010079721295,0.9915498448975131,1.0035484434497703,0.9964026035603446,0.9944495506809472,1.001084426554622,0.996735162752864,0.9966798639383745,1.0018393430675003,0.9956260756924622,1.0017515830492574,1.000332205765564,0.9998708771036106,0.9898161118469079,1.0067668993773649
76,2894700000,0.9976128808560407,0.9987869039331351,0.9997374934082623,0.9953543188264298,0.9950420356364859,1.0015553194039697,1.0047343437146385,0.9993577115861335,0.9967181073795863,0.9958217910178911,1.001566957360621,0.9963270675095762,0.9935791270156215,0.9946575912234235,0.9971843851017372,1.0015848295006025,0.9954491407918878,1.0004118741685524,1.0005777860943705,0.9952144037344839,0.9987702455730464,0.9993371418340684,1.0027603222670018,1.005069856652667,1.00198413408916,0.9948401416538363,0.9999581406305884,0.9950246455955393,1.0009694072562498,1.001502544040757,0.9997402617572826,0.998880589938476,0.9955039993159086,1.0016181140278744,1.0002497782362216,0.9938288663082618,1.0041550685122353,1.0045750946092307,0.9995686089498189,0.9951890590481082,0.9981542925716206,1.001334002586243,1.0042927687471424,0.9927811473533845,0.9974545220211669,0.9958668421781331,0.994057778174356,0.9936180938333138,0.9955137344119968,1.0040777204124185,0.9993418156389375,0.992128983182528,0.9912252189761295,0.9945562728712667,0.9961908200086046,1.000079992377197,0.9949905965215151,1.0005607935258434,1.0006327424505803,1.004370426443033,1.0065211562505978,0.9970907055203642,0.9988369821504375,1.003481313892122,0.9977916518094285,0.993704884044274,1.0012951601127362,0.9986673674370405,0.9985640183007574,0.9972383905448686,0.9978000024752568,0.9974531065167263,1.003443544795335,0.9934750952518139,0.9969385545947187,0.998755172532735,0.9974186933739634,0.9950191076432902,0.9997275075498072,0.9957642161610926,1.0038743192943635,0.9887632104786194,0.9925644644423691,0.9998057201383587,0.996571429690117,1.000075298622536,1.0003643833558795,0.99925585443997,1.002117060537331,0.9945105469071167,1.002390061726675,0.9967442844954867,0.9996733213347095,0.9956096940898559,0.9919975922611183,1.002176035023646,0.994001685831469,0.9932511009558077,1.000346911728896,0.9954850071697507,1.0017609482013632,0.9985924162965955,1.0015421452013498,0.9891113212806482,0.998760571048767,0.9993538871521699,1.0070674684715317,1.001135576217312,0.999327129579508,0.9928674124118453,0.9908924053801663,1.0007372934272651,0.9990806253437067,1.0034595970618811,0.9965402914548296,0.9989893842788172,0.9985463713761666,1.0065813819931138,1.0058048371432933,0.9973539422308797,1.0013853410338407,1.0067217701718363,0.9958647643126641,1.0026608426288848,0.9998832215341368,0.9988604540750269,1.0048111271051694,0.9984133688950187,1.0004574659116423,1.0035483210624259,1.0016680004478595,1.0065788488834502,1.0002358245141167,0.998777597824583,0.9970922075812438,0.9989724752270058,1.0053655014160294,0.9980230419769565,0.997428581897612,0.9962432239645352,0.9945142003223122,0.9974720931864631,0.9963729427567952,0.9935805328064695,0.9975831344545782,0.9999566037312917,0.9923908972629849,1.001014234633042,0.9973461305799477,0.9969740409849838,1.0017395029192746,1.0001091769597819,1.0016100266719246,1.0037136409940801,1.0041009436169885,0.9957768427172501,1.000354159040492,0.9955893914613947,1.0006625389892545,0.9976161093755296,1.000087439063333,0.9993251697088174,1.0001543463145568,1.0013011614430085,1.0044275158115095,0.997943406227359,0.9952384464825534,0.9962166539486408,0.9942471698788844,1.0024579451175852,0.9988624671564442,1.0044436250427198,0.992920172882483,0.9994015829292265,1.001257549049589,1.0017591650454736,0.9954638411080603,1.0074051076727857,0.9943707898869051,0.9925091198379251,0.9928129930557623,0.999209312371965,0.9989767213190145,1.0010862740777153,0.9961066433303172,0.9986780059795412,0.9963152432417332,0.9958479857924668,0.9963623347000415,0.99057625591645,0.9969766459117924,0.9944112419105839,1.0002323707389142,1.0015925941204626
77,2895800000,0.9985905654675928,0.995960947735537,0.9960339679697724,1.0012812778488693,1.0043500618259396,1.0010733806322363,0.9889096499032295,0.9996846048636459,0.9978152100849036,0.9927052104900883,1.0014547068706656,1.002243910924327,1.0026660339583897,0.9899185291690273,0.9955512282169334,1.0036778330628193,0.99720823877258,0.9980477608796205,1.0031270060580442,0.995361696558366,1.0049726947813937,0.9942555735454717,0.997086134349093,1.0007629321624454,1.0012292654348316,1.0020365530723774,0.9949112988733726,1.0030851224003512,1.0038521462522774,1.0027262335930385,0.9992077796032114,1.0034949265503132,1.0015404608982468,0.9921567700128265,0.9950625430751969,0.9925779080942715,0.9961234070640805,0.9999824635399078,0.9969432452727697,0.9964806336753803,0.9934527201870481,1.0045961484390042,0.9978500022023269,0.9973331578064242,1.0042861129092326,1.0029279653788636,1.0007823352265632,0.9961170664715284,1.004656191465699,0.9947021807100355,0.9974891835655129,1.0055007331090327,1.0009503503216353,1.0007155275952415,0.9972426725662351,0.9980243934191821,1.0039355201789304,0.9971150112575508,0.9914809281223944,0.99308038182366,0.9993772995545916,1.0003053411074099,0.9940992221928819,0.9983371028246524,0.9931530956022536,1.0034853941860735,0.9975541317650011,0.9972473512435304,1.0015983275201628,0.9976155274764859,0.9941968661451898,1.0012458028264684,0.9939130446314165,0.9987953466723535,1.0050329538091511,1.0111754045124315,1.0063215118576172,0.9947250109950041,0.9895025165063092,0.9992289458746149,0.9989799411567994,0.9981258092142743,1.0022059187488497,1.0016990751855792,0.9938132184248125,0.9948279457625817,1.0012248191429247,0.9974487658762798,1.0015576741774552,0.9957982034966629,0.9991517607403351,0.9939180607151181,1.0047087992001702,0.9953736238182228,0.9966576957481332,1.0002177820284497,1.0015210681088553,0.9984054595707779,0.9980942844270456,1.0012496865622271,0.989696097051024,0.9995923055292696,0.9990477386364613,1.0038436191621098,0.9953114536635161,0.9984751316161838,1.0048950458481654,0.9919526825667463,0.9970765023238874,1.0049113739998483,1.0017590764726059,1.001156691335962,0.9979620473041004,1.0002088140939698,1.0037066247774693,1.0068754601261778,0.9959499086825928,0.9987433791866327,1.002330959158192,0.9929531455252795,1.001393002331705,1.0019597389918202,0.9937323250773524,0.9987531035423589,1.0012808873062664,1.0042135972562176,1.0025353312483358,1.0015926215955797,0.9912060194969758,0.9976818918300266,1.0047520121849343,1.0008093878047892,0.9993457915949,1.00198710129476,0.9989080428685655,0.9988337953012942,0.997079279788514,1.0014521399686624,1.0068564908045443,0.9960359665168718,1.0028129140297348,1.0047212506511627,1.0075175626894224,1.0015124575781957,0.9952586825967216,0.9986268847513031,0.9904031909392836,0.9992032082468777,0.9993870146655387,0.9936243237305193,0.9980861601073843,0.9955562207792252,1.002902382864739,0.9998271925297638,1.00426927596914,0.9950448075719798,0.9987259895795573,0.996286909637993,1.0009673385758864,0.9955983244591216,1.0093944587552963,0.9960186701415246,1.0025644489108245,0.9983108940584807,0.9963697865442673,0.9936327307804563,1.0039113689289494,0.9952796111455884,0.9989465537208756,0.9953025957047661,1.0021967364743996,0.9959805445351821,0.9960615285473052,0.9961857676986641,1.0002995996476562,0.9950902524090851,0.9993137065498368,1.0002172086722783,0.9962165213077289,0.994422934510424,0.9926340623147193,1.0043677068442165,0.9974787394309814,1.0015663950022513,0.9940033975950429,0.9934594850007128,1.002638736424415,0.9931597297995659,0.9956700670379515,1.0025579895283823,1.0017156928377615,0.998487116884283,0.9904199005524081,1.0024980158419348
78,2896900000,0.997655559983399,1.00406175045943,0.9992849059145248,1.0038710899567422,1.0032170561056748,0.9956651255661076,0.9950668267307892,1.0005440762783822,0.9957758547005803,1.0017146142802373,0.9949009930278475,1.0017055751528086,0.9996436708975788,0.9993904590325517,0.9979644699897993,0.9931957156853953,1.0018948965104835,0.9988670587015172,1.0043205010503693,1.0058073005778283,1.0050432420042372,0.9962948381573389,0.9991287712274649,0.9970984613041836,0.9968754269203124,1.0015555377186935,1.0008175288282677,1.002347448539831,0.9928459280967672,1.0008395230306635,1.0028440025102416,1.0013241476410002,0.9998679861303688,0.9987737291634011,1.0052000853995904,0.9988648570670041,0.997328493424119,0.9970954075701964,0.993763053504156,1.0007767517379333,0.9985235366946372,1.0033539511254421,0.9995723710958442,0.9999804114090123,0.9996012780323679,1.0013492248096545,1.0012201334051691,0.9991515105172437,0.9983960135509572,0.9975242521506111,1.0010104675838707,0.9994785930580292,0.9961638462152941,0.9987855666283397,1.0015046084937347,0.9969916811586457,0.9930019539314369,0.9945390058935655,1.004568904852694,1.0067844669494845,1.0020419652097907,0.9995710592189222,0.9897763949256307,0.9991949232879355,0.9991293819321997,0.9955927171655913,0.9996059976941524,0.9991241245642607,0.9956973859071117,0.9960691227298561,0.9942977342612687,0.9971315610507179,1.0018556242729484,0.995953060488042,0.9971875661615557,1.0063848907489363,0.9963776620475552,1.003558822011296,0.9984357904247215,0.9968088034963853,0.9982044432612228,0.9989726094850196,0.9999804985305054,1.0008769357855927,0.9986525413977874,0.9988722005843095,1.00191144880896,1.002055432114946,0.9947749659375121,1.0065438824086612,1.002913824558696,0.9991027196672766,0.9982106103122688,0.9995800972918398,0.9958467937753048,1.001481947465162,0.9986540069193581,0.9946308061692725,0.9995475980828448,1.0001907848168465,1.0024119726899805,0.9979330279810856,0.9940971810271128,1.0002850596186912,1.0024812797776896,0.9957582345074746,0.997282332091973,1.0039394493395015,0.9987282793161234,0.9973845236697967,0.9881900146116329,0.9924809183446863,1.0027329630691957,0.9922584005361269,1.0067998935303777,0.9974835216819039,0.9919839424507215,0.9956774459107007,0.9963385478537322,0.9985257601861537,0.9919702879317988,0.9953260583127976,0.9999757319738776,0.9983130558516708,0.9911689568194284,1.0045566895227038,0.995676391603743,0.9985213924200911,0.9946108283662444,1.000614953390748,0.9906390874434867,1.002096009268645,1.0071469924213474,1.006471107252786,1.0046535997317305,0.9966193838953441,0.9928944768919377,0.997269505219428,1.0019672492553309,0.9952036409054634,0.9987048678019964,0.9961400876255251,0.992045142927607,0.9934664476679651,1.0005994781382181,0.9962671574737983,0.9973754571649849,0.9985267309316452,0.9955615332633991,0.9988827874336089,1.0035890884411474,0.9950514193973182,0.9881540618744159,0.9995898866270855,0.9958670071303233,0.9970324691669941,0.9965576461060295,0.9984704293288631,0.9944327799152269,0.9965515006097284,0.9992293992673807,1.0003694625628505,1.0030604158531529,1.0011098814762962,1.000070000512586,1.0006501999211572,0.9934634551447059,1.0026158938167071,1.0006930969234047,1.0044517970615228,0.9941553114209309,1.003145770349779,1.0005104225979151,0.9982881176040326,1.0004867103358115,1.0025685755177403,0.997018283655826,0.9999515121367886,1.0055275247096918,0.9991839521742137,1.0019603234779941,1.002368964578929,0.995130793312201,1.0006734896850256,0.9957467251156101,0.9964933723731176,0.9952782287894101,1.0027224741498124,0.9976355391645597,0.990785201328854,1.000911712649739,0.9992361266811012,0.9971678107201601,0.9970930517841111
79,2898000000,0.9980045249618816,1.0021684777979032,1.0048191348865005,1.0080360953610588,1.0005664240366916,1.0019960186698151,1.002991305836186,0.9947660429971732,1.001066657932526,0.9935903607299014,0.9953471113857181,0.9959638387430538,0.9957330302580508,0.9959484907214161,0.9938358590299312,0.9952277128825564,1.000779332484952,1.0030134765311067,0.9996925400402477,0.9990337373428023,1.0000971378296735,0.9908447245584698,1.0026208468964275,1.0024198068485222,1.0060519441096916,1.0035031896813487,0.9988794598787344,1.0005029289233118,1.0009160346033619,1.000211720600911,1.0014741869100605,1.0002975044676028,0.9966915390168171,0.997604411845547,0.9933480740037218,0.999788746997687,0.9926329157214775,0.9977391247264863,0.9933210649575508,1.0077429969103198,0.9969910575667446,1.0004900754059125,1.0008042087514644,0.9938525516167368,1.0039197785343694,0.9972973662653422,0.9954309864368542,0.9962115982984968,1.003826602461215,1.0052551827206744,1.0013578349591972,0.9980408123869583,0.9974606912106995,1.0023608646244098,0.9999115955927735,0.9928865365934705,0.9988638298332382,0.992903365845081,0.9980650578859455,0.9977905887833971,0.9965869634273642,1.0024498195087785,1.0020458014158997,1.002096069326563,1.0005376185846,1.0020224712214356,0.995227682672122,0.9956381006118005,1.0011646717411404,0.9998533791988131,0.9989572179132169,1.002653424011849,1.0011577098152749,1.0063996827549377,1.0036259827528295,0.9993240950679168,0.9950980475444782,0.9964708229116723,0.9929474444414672,0.9985145400399625,0.9965557342411955,1.0052380515777746,1.0004972121202622,0.9954383079838742,1.0017131801144863,1.0016712469611881,0.9996999420252237,0.995737168135295,1.0036606175166607,0.9952613940816928,1.0004189672826822,1.0012225096741767,0.9893698414488211,0.9998073631096612,0.9988220102427393,1.0024267288391968,1.0006532963030232,0.9948622835045743,0.9922621802574628,0.9983015527442881,0.9991815579276501,0.9976187281821544,1.0028336007765462,0.9995977153944576,1.0038368689416102,0.9928787820051879,1.0034991297336997,0.9976945124538835,0.9953666971083462,1.0052200440799792,0.9966504505680209,0.9977469865180362,0.9921807188717505,0.998721019492858,1.0003019197935263,0.9990886360619852,1.0022829512123925,0.997287741886552,0.9954813612817475,0.9953577883058795,0.9999607577800766,0.9979404520831245,1.0052666546898703,1.0013314944942948,0.9960162674054858,1.0042778395911,0.9976265965788951,0.99681256388057,1.0001475972184177,0.9966311356420149,0.9971849594022356,1.0005513904648256,0.9988348616800813,0.999601400046899,0.9969086614819527,1.001393601888726,0.9949883088869148,1.0004672441552218,1.0046753062510947,1.0022226924199489,0.9954558331834101,0.9969024748431048,0.9977342122022644,1.0006570177440186,0.9987146034083869,0.9968207547659532,1.0009502044177858,0.9961175329461166,1.0008041426969911,0.9991389760088045,1.0001631970708795,1.0025718825165726,0.9992464977909893,0.9997154767676036,1.0029815062842065,1.0055747378798519,0.9973119321759645,1.004356377521948,1.0016297003047343,0.9954987506974667,0.9973605772176648,0.9999482428077775,1.000928992225776,1.0050516383365635,1.0021029925937432,1.0004258498313756,1.0082499007499195,0.9998718356256072,0.9989161511427145,0.9980804465623068,1.0030931503631753,0.999614188540448,0.9942366699446971,1.0030793205609203,1.0059390652227338,0.9973499579058671,0.9920288324651748,1.0032238352451468,0.9990093972669009,1.0006478746351688,1.0047566497651244,1.0020613529465987,0.9998169607298312,0.995817192625147,1.0011791706359905,0.9990830818946322,1.0034971071372887,0.999722200623968,1.0039212348122908,0.9985440190665127,0.997935098706886,0.999303581330979,0.9963897666352527,1.005277284373554
80,2899100000,1.0001962521223482,1.0015475037737256,0.9974054554883961,1.0005248926654866,0.9907772638968768,0.9990276632617212,0.9909492411190499,1.000431409534723,0.9959710900384596,0.9956773492344094,1.0002593736069996,1.0001240761425592,0.9967271699156539,0.9961714722313921,0.9922305306125494,0.9997441951727775,1.003893921508421,0.9987253027209789,0.996187707375395,1.0002585760249905,1.0090056970709358,1.0043463167210134,1.0041910037543749,1.0019329130585413,1.0035395706956978,1.0059240681950907,0.9896401553441373,0.9956609538391646,1.000910684126831,0.9962810404977143,1.0002214444022393,0.9958287843802799,1.00048669463031,1.002216070269732,1.0108789233870132,1.0063219737373124,0.9993217186662374,1.0011171077339445,0.9994983708319136,0.9962676220979013,0.9995782997826128,0.9939510618535183,0.9990760577520748,0.9979777782372077,1.0045732958694213,0.9942871054609628,1.0042080098541337,0.9932382111510989,1.0019005576650886,0.9957693948135534,0.9988149174933767,0.992821164488375,1.0057269384195222,1.0007531458574366,1.0039410086367364,1.0044831600170294,0.9952260861325438,0.9925909419837139,1.0008251031638755,0.9974835504123898,0.9964548444662386,1.0041135500037246,0.9941633890210281,1.005861116617676,1.0002813313970738,1.004422994582093,0.9949590847525822,1.0008146181798696,1.0014894500937876,0.9968902953695535,1.0010027701872073,1.0046846093644966,0.9961449206722857,0.9991300945907177,0.9984012538325807,1.0023798982422132,0.999395638034302,0.9987789987313201,1.003192411649385,0.9949332976477824,0.9933472506373234,1.0013559976037698,1.004005490040553,1.0010204032222945,0.9981379965984486,1.0001388604769454,0.9977488071253168,0.9999620739562695,0.9970089944276609,0.9978604727415027,0.9943446574724282,1.0015159288462023,1.0034645246935971,1.0029461896479879,0.9971775189669577,1.0046480455062714,0.9959214549807252,0.9974673146909312,1.0021749198253531,1.0002724925516453,0.9934853530273433,0.9899795746991888,1.0039714184885278,0.9970987356443033,0.9945851722445608,1.0035069563224652,1.0018704012019986,0.9964280187863676,0.9951309084773994,0.996521331668721,0.9945228261184342,0.9917755413431815,0.9939096507666916,0.9961818108107734,1.0013736525471577,1.0000128476198724,0.9998994512517524,0.9979858814203196,0.9948440602817405,1.0011433954067772,1.008919006451598,0.9992336818839556,1.0016147316797275,1.0040194109574407,1.0000123909402554,0.9897811169598832,0.9933871720257689,0.9960626574877611,1.0010572898365608,0.9905434025520603,0.9982222419824534,0.9946076435630739,0.9984453484891042,0.9968487490058113,0.9992969358848772,1.0001177755020287,0.9972528638573427,0.9977592814291264,1.003261471381228,1.0031617737908738,0.9920951904856247,0.9955964266130259,0.9970988953231043,0.997135167105152,0.998366489709871,0.9947172053773404,0.9988007589837402,1.0001295021178587,1.001806877044471,1.0030580192229064,0.9956773579654884,0.999962704650037,1.001326619596802,0.989262268157653,1.004581199078558,0.9986218942778581,1.0001557431465764,1.0039253823549603,1.002445903335669,0.9918187627756092,0.9973376822575502,1.0015917063397528,0.9972914500836444,1.0036339648589359,0.9998716571092756,1.0005022566314425,1.00392585735569,1.002146388749962,1.0043767909031498,1.0037335564281709,0.9987999463888251,1.0007623599787308,1.0044024761725947,0.9960559638011438,0.996749089779676,1.0006852232317258,1.0045658007529583,1.0084488467345158,0.9994559291141042,0.9961382531149796,0.9956845478630415,1.0065245714056952,0.9963240987119778,0.9996219643359752,0.9984408620256824,0.9895321876310629,1.001536895468337,0.9982944286212452,0.9924925547308474,0.9966138641423865,1.0037433893077907,1.0018655662635243,1.0009601480401131,0.9952226899433445
81,2900200000,1.0011724942803697,0.9971972414541832,0.9979954006351482,0.9992651754462816,0.9970092037166381,0.9989726256028704,0.9963636576560605,1.000217325959507,0.9976140824469616,1.0022051038823216,0.9963970790428187,0.9991572549348894,1.0007624549396807,0.9933221178059,0.9972006046471498,1.0012984345361202,0.9995485814932265,0.9991311222472783,1.0018891760693465,0.998191287269918,0.9990145976926754,0.9967823400685749,1.0022624569815508,0.9979590772121768,0.998748604800538,0.9997163517156742,1.004556838963986,0.998295371039316,1.001040630704112,1.0021863552833927,0.9978129881746995,0.9962783492418338,1.0004871807950184,1.0000528872787753,1.0000502976406649,0.9964203357459495,0.9987101804510269,1.006667358830553,1.0002786966948358,0.9983167390825758,0.9968932518117575,1.0006194565062632,0.9996916495866621,1.0025943951086314,1.0021170726982689,1.0027145862246702,0.9936432301543924,1.0026542242220442,0.9927108916194557,0.9982828432548311,0.9953122893736029,0.9935776017287911,1.0020408075599332,0.9979796941651441,0.9972313842396731,0.9943463215627006,0.9922646540415923,1.0001335718083597,1.0059711912640281,0.9971297124056638,1.0020403978099603,1.0023738070959993,1.0015532807537149,0.9985616560900475,1.0074017936326913,1.0025542125095748,0.9982475735150484,0.9935535942653341,0.9946926350214487,1.0109505607819051,0.9983734909953518,0.9983478307554855,0.9954171719657317,0.9977891995153924,1.0045735889954237,0.9932599176673524,0.9928420224763692,1.0021692430540998,0.992776799161835,0.9948664300210943,0.998292589465194,0.9908272378955004,1.0005517484671007,0.999893900392574,0.9976475614416753,0.9870375656749376,0.9983711125207988,1.0005026625592606,1.0015298763067753,0.9998574226983549,0.9985094051270762,0.9901191912229531,0.9962032160770711,1.0002833031113887,0.9952683414780648,1.0004204162302996,1.0023435119509503,0.9998533484248978,0.9996236639872671,1.0014332734394216,1.0021143668171089,0.9970454330026196,0.9942408243649649,1.0004146250501365,0.9994748305227278,1.0012064525527156,0.9971362964118625,0.9993326464309918,0.9949277924738579,0.9974776294330736,1.0028937407513354,1.0001281430651676,1.003773990885871,0.9964301953992041,0.992960807474733,1.0012275611375492,1.0007862911377063,0.9942736752300283,0.9999765879670307,0.9975082532489942,0.9893136114046606,0.9993466755490487,1.0024499104928437,0.9955261379970844,0.9981334251136134,1.0024159841764908,0.9931061170305323,1.0028798336238793,1.0065657526601721,0.996708324151726,1.0036791688436693,0.9917375252084437,0.9967022392768415,0.9973490552701769,0.9953529198134565,0.9981493708161743,1.003398435515374,1.003673935417961,0.9961318857362035,1.0039730400796052,0.9981772316556433,1.0033190222649897,0.9953993078786988,0.9923047717466714,1.0010030206603817,0.9976112878587564,0.9919398656440176,1.0022013393324802,1.0010927543057278,0.995398653521447,1.002430330753024,0.9918835822233748,0.9944517081444373,0.9966770789015543,0.9946837672512652,0.996926667162299,0.9966076770999056,1.0026517461184543,1.0012199418898908,0.998452389198235,1.0009318073808553,1.003831103081688,1.0020694550825961,0.9968296730807539,0.9961820214889148,1.002583226561896,0.9937370795040552,0.9949651184869415,1.0040209106106395,0.9958204573088428,1.0031944295651551,0.9975150237267113,1.0001875881690994,1.0089617188808484,0.995159982968103,1.0111686073295383,0.9990414541648892,1.0022593495001346,0.9916322369974166,0.9981601656886434,1.0056557912520545,0.9939391617823381,0.9989896712959606,0.9964684437602899,1.005167198476544,1.0018444434890674,0.9968884427038129,1.0027393321908302,1.0006276253630364,0.9951807891202427,1.0005769331582441,1.0023349316118246,1.002331382476124,0.9927363227927896
82,2901300000,0.9980363705177879,0.9967630486381613,0.9997754139544667,1.0044349830810853,1.0033787444704902,0.9962331333745286,1.0034674187439896,1.0020537199453252,1.0062377060189496,0.9983432358361379,1.0000715042653927,1.0032455545480126,0.9957744977455425,1.0004309206526503,0.9980390742904313,0.999670919438478,1.005143055443068,1.0005350276669485,1.0021816678707356,0.9988622333463397,0.9963594682683155,0.9998665553409626,0.9986505544232326,0.9986409887426672,0.9971824282079392,0.9970510854661668,0.9942226153015781,0.9984390753495849,0.9997688230770096,0.9933325393163139,1.0036159520815275,0.9975823487163298,0.9991830753652805,0.9998853342801255,1.0001904173478897,0.9991431674611498,1.0058818403000158,0.9926184820642452,0.9999494581883622,0.9978245775548876,0.9922027847696951,1.0026997816252625,1.0009033862940917,1.0012435383917866,0.9974088379454423,0.9982402008958067,1.000843564431018,0.9983893404640565,0.9977841003874464,0.9988471931350799,0.9950134516665717,0.9984962664365182,1.0018186613750324,0.9997885032419632,0.999046759474335,0.9984412471787981,1.0006841771989017,1.0025156588638744,1.002271681398717,0.9992997516367244,1.003683011574494,1.0024157954433135,0.9941596758577818,0.9988492529193228,1.00196139875568,1.004165446147649,0.997469122801533,1.0003344759917345,0.997702352063352,0.998046063255567,1.0014258363745088,0.9951578276782445,0.9964720418849212,1.0032811978866112,1.0010240810954936,0.9985024989240282,0.9974981320691592,0.9931606694378776,0.9991627116594612,0.9975062289928613,1.000392568001842,1.0025679633237297,0.9982319210668352,0.996533134577309,0.9996358577296041,0.9990137297192357,1.0000248923012576,0.9988336920835029,0.9971714551082734,1.0019278507844436,0.9997465598053757,1.0002223493251894,0.9954781038134795,1.004538225513537,0.9984932642004558,1.0042431647643493,1.0033340711925287,1.0019632137314618,0.9954220436136347,1.0037965486001463,0.9946145767407049,1.000308144452335,0.9987762209493134,1.0027872307089722,0.9956381588795425,0.9910425554500616,0.9955067608615652,0.9998365372764688,0.9970557099230793,0.9964555439492395,0.9980266998042118,1.0016399922604313,0.9962942138371834,1.002800622623023,1.000084747077346,0.9964546794980428,0.999839613933417,0.9985025438917994,0.9974201768561108,1.0005810334721112,1.0021266146136714,0.9975414595623104,0.9921851126936311,1.0001041586188706,0.9985599073881376,1.0014017904711487,1.003073795092586,1.0017580095992955,0.9969310669307615,1.0023763489067,0.9975163612702941,0.9975268227060059,0.9972238290693521,1.0053279714977699,0.9967941267261408,1.0038410630140742,1.000070560851429,1.0058554100286243,0.9990187156382878,0.9948282298396738,0.994456576473126,1.0005241353816618,0.9973353620555566,1.0044626047991005,0.9983332409739566,0.9987665462374293,0.9948112227144692,0.9960829648276003,1.002470655418144,1.003827852234558,1.0013267188700266,1.0007597089654976,0.9995417071053052,0.99830481710584,0.9993128491925323,0.9929297051018993,0.9979512310203512,1.0060982771913616,0.9992174557599647,0.9997266692390168,0.9984473740435408,0.9956224907432645,1.001197621418634,1.0048009540056375,1.004872068844027,1.0012083378634113,0.998120971172799,0.9997389781376512,0.994465224077504,0.9973456409565707,0.9969677130297199,1.000511620956148,0.993683984821572,1.0044783294641841,0.9979853031764895,0.9957506450822111,1.0000975003614285,0.99884478851662,0.997889324808438,0.9949282941535611,1.0048222656529513,0.9942789517595065,1.0025613094207424,1.0030261175110429,0.9979738107743451,0.999156625781349,1.0020514930307352,1.0045825175492584,1.0065780470381591,1.0010761571701938,0.9930029615705107,0.9959426710098327,0.9943707693603429,1.0024066342268858
83,2902400000,0.9983185075106572,0.9961096666922677,0.995495236084762,1.0024285516534122,0.9964185515607431,1.0013819940683746,0.9965905993517509,1.0039025617694357,0.9985115281174262,1.0031023924339975,0.9960412388981019,1.008477459649061,0.9954550316690521,1.000539530285333,0.9997766925262102,1.0057206136676236,1.0000992349918452,0.9962328705619917,0.9982374200444906,1.0027614625496308,1.0025429911175758,0.9953790147304237,0.9996762298616806,1.0037461770517186,1.0062091526442638,1.0025637968157564,1.0006196479999663,0.9963827383684217,0.9960960098503573,0.9976361560599277,0.9895255728376442,1.0020571645070548,1.0021950852804606,0.9988059604137484,1.0061849155502671,1.0027564811541378,1.0024522564088307,0.996974204493623,0.9998318440145894,0.998065853840483,1.0028722562553363,0.9955845515272498,1.0014122226799638,1.0027096030014004,0.9981414126863932,0.9942504238008311,0.9979395532527597,0.9958108524531446,0.999087790897304,0.9990478290794313,1.0022197907548973,0.9967555781545993,0.990509292210366,0.9988817086274563,0.9963596007360771,1.0006749684634997,1.0066038236546166,0.997779211279118,1.0031361454799228,0.9981315334022113,1.0002069554798818,1.0018401545974573,0.9941422581470791,1.0014547283677253,1.0017899393650564,0.9971694548345341,0.9892176302532201,1.0002728181938634,0.9975741871138668,0.9967551633985117,1.0025309770523558,1.0021405181107983,1.004082754733853,0.9986169032292395,0.9959503888193308,0.9942127221259279,1.004850845420755,1.0052071967732048,0.997499445500365,1.0093608420475664,0.9925037142658756,0.9980855630400854,0.9939072204625966,0.998577997957663,1.0080577910428972,0.9966808718113399,0.998112503995862,1.002534484103492,0.9979918269012714,0.9939266738726921,0.988691815876761,0.9964919091417804,0.9950693172573616,0.9979210398657209,1.002246207119581,1.001409096653147,0.995982132148571,0.9995292517115703,0.9991274920851402,1.000721570017498,0.9971975238156628,0.9994854293488364,0.9998154984132606,0.9972074505759579,1.002869198585572,1.0061221384489107,1.0006034064795912,0.9973058668970091,1.0026943637460066,0.9954198363804311,0.9983330257194731,0.9977655803423602,0.994135676179288,0.999370698416652,0.9981939165307123,0.9940092768714412,0.99657289365014,0.9910046595378155,1.000198871989021,0.9958491854886101,1.0043649414806064,0.995558266305275,0.997628110623925,0.9985698836735896,1.0008913822768366,1.0010558170830526,1.0024125020767578,1.0006794881215446,0.9927671404336618,0.9997218869420438,0.9995507191059556,0.9951156463754102,1.0028768966262223,0.9968933119327116,1.008427266813142,1.000604258313898,1.0003268606276274,0.9984430483071542,0.9972716188412425,1.0041234431023895,1.0062706604734117,0.9994045926767569,0.9946683656807926,1.000233417612713,0.9993914522865922,0.9945662568524525,0.9960256396371202,1.0042816256127622,1.0065516423256904,0.9981389741415228,0.9989566047997066,1.0025971753832887,1.0021023719157442,1.0005663168689736,1.000160185176995,0.9975050739160571,0.9962335092067132,0.9943587376025349,0.9956943037020712,1.0022326722302892,0.9968157780665373,0.9999940177402085,1.0015942897319952,1.000623461462689,0.9993482171146322,0.9981334097230573,0.9949089676566517,0.9999418571028603,1.0012752044399393,1.0002392942862213,0.9981297693623635,1.0020284287939283,0.9989252563941032,0.9952927027708702,0.997238366865855,0.997792999990535,0.9979365673331702,0.9991059004962003,0.9995980980080179,0.9988429671918528,1.0031870947723207,1.0034008232079163,1.005305073084256,1.0015644753143003,0.9997732347702826,1.0025899505305882,1.0067284563587837,1.0005199968541039,0.994880062311181,1.0084882850440906,1.0015267971076338,1.0005940348614524,0.9994457272103455,1.002198694356065
84,2903500000,0.9985413309462944,0.9985450506310448,0.9989986635683192,0.9985090319515457,1.0061046690118536,1.0035530138398168,1.0039287553134304,0.9984990963051974,1.0071704999364113,0.9992886469163924,1.0027000921651268,1.0012056103223914,0.9971742420619809,0.9995847838935552,1.0020657587395077,0.9992603115670863,0.9951088768813527,0.9967909122139915,1.005568052916513,0.9944558011941352,1.001540359151763,0.9968421231246193,0.9995562850759349,0.996467537176693,0.9939660314639234,0.9964968227842138,1.0051342968483579,0.9983052394853331,0.9941810726747442,1.0001258304060348,0.9998097448391108,0.9955186845983646,1.004439781406332,0.9996203435884312,0.9997552333224878,0.9924309193707269,1.0011678855375707,1.002499686636433,1.0003944860855059,1.0043775207624857,1.001059849379529,1.0045431479528426,1.0063379158523726,0.9917883988849446,0.9909115565316757,1.0044862215754158,0.9962692979204324,0.9945729778265765,1.0035024088566562,1.0040655420274263,0.9998862595011706,1.0007135713723347,0.998427390736194,0.9953872889668759,1.0021204486919624,1.0030996178572191,1.0018101217669109,1.0044790419504201,1.000592938761977,0.9998789280687544,1.0017850654582559,1.002063042607989,0.9942593470810407,1.002505801188057,1.0020601150466248,1.0055489846192047,1.0032263069862744,1.006052610380674,1.000320934379175,1.0012204729827026,0.9998473668851009,0.9986288858842671,1.0024399134044573,0.9971707785299102,1.0067395719779364,0.9960547585998935,1.0026549964858102,0.9965831872215513,0.9928277185602238,0.9992771495668001,0.9966429190714444,1.0023359197295048,1.0043826005028722,0.9985928999763357,1.0015097099687351,0.9970330417223078,1.0022426270183753,1.0022727673927045,0.9971346593971498,0.9949842605585211,1.0000789534118615,0.9973131478008591,0.9981960584217635,1.0000288335562681,1.0039165155801106,0.9995278739105924,1.001294580860588,1.0045267627633387,1.0005048711560296,0.9952256791342522,0.9999624949985213,1.0014729560636775,0.9975728835571801,1.0050884394193347,0.9971127730293863,0.9936688520140529,0.9980704894024917,1.0003761466531043,1.0021752072342984,0.9894020367141659,0.998390201429604,1.001817412892581,1.0104546902115847,1.0062191544013737,0.9980859533404783,1.0058495313071127,1.0019346255566204,1.0008500965471814,1.0025061543018547,1.0003238388522564,0.9998087707330199,0.9887807018651369,0.9980162694983306,1.0044052771709802,1.0081673750922426,1.0019946847528614,0.9996890652100265,0.9857982127010605,1.0041605243973308,1.0010828320324465,0.9995672979961456,0.99906472518933,1.0032064723566654,1.003456765555627,0.9969753425138191,1.000582238529331,1.0004839856987184,1.0013187529199556,0.9931275948497297,1.0011725971531755,0.9972954200189542,1.0034778736444963,1.0070301502612802,0.9946581386441191,1.0004089806402408,0.9973204987944237,0.9984080859293145,0.9968717749677858,0.9953049999622217,0.9974252390469401,1.000280770634754,1.002639150522284,1.0066321135405794,1.000311845751837,1.000099305283976,1.001944943382042,0.9986691898289256,1.005369253702249,1.00136331019833,1.0031210450945214,0.9919293423582597,1.002542542089285,1.0031105193125196,0.9987450141244605,1.0067369319330572,0.9988839687884387,0.9995603809857623,1.0052559273352937,1.0012314441560646,0.9967795815649678,0.9984337711346488,1.0013419414462956,1.0053505202118966,0.9996937928000096,0.9958885386775739,1.003336683576288,0.9947654004470843,0.9993110124960145,0.9962686120299084,0.9938701142547062,0.9963315304164632,1.0010747255180013,0.9985042020834808,0.9977579343742264,1.0104306617959666,0.9987731156134722,1.0001815949078778,0.9968367096026389,0.997325711982954,0.9948112909447955,0.9968438532100801,0.9982548144303087,1.001901078134053,1.0037319910314426
85,2904600000,0.9971013864150519,0.9995324752517317,0.999611811222425,0.9967702456606506,0.9984335752033414,0.9970099082338763,1.0057262977139083,0.9958708944361914,1.0024323289014379,0.9963745046748744,1.0022604504350676,0.9971467731921929,1.0013837762639357,0.9997569114381395,1.0061970498870514,1.000134877048813,0.9978823764359547,1.0003381656539567,0.9988077148796475,0.9932293999304855,0.9999566806903405,0.9943151631453131,0.9982243644340677,0.997788622884081,0.9870230800929731,0.9953509408596216,1.0053701445523155,0.9961263759025358,1.006430313639837,1.0028834369199893,0.9994274457793674,0.9949094617298925,1.005102354403341,0.9976251809834935,1.0016627648817165,1.005723683330786,0.9969461763967703,0.9984071356224218,0.9996464995631245,1.003257336147477,1.0020490151720305,1.0038751430123922,1.0044481710008657,1.0029989766617375,0.9948465730594975,1.0023059593803074,1.0046691676466715,0.9980658405410457,1.0091680485655994,1.0031024188982856,1.0002086749071024,0.9963146747172613,1.0018360071464956,0.9967847098262632,1.0026739811981225,1.0069210414057865,1.0091651061692872,1.003264225824365,0.9956629706850775,0.9997932613458738,0.9944643358172433,0.9974697651476272,0.998210917520658,0.9994431743453602,1.0013915330572745,1.0035074705032083,1.008091980648523,0.996297801921267,0.9957301794364232,1.0019294203802769,1.0044057998481106,1.0074738059589032,1.003212221675182,1.002988611160235,0.9998053288981695,0.9959032034965761,1.0010169666923714,1.0021840159556408,0.9951092048538072,0.997858947545061,1.0013239301092105,1.0005554362277063,0.9989958663821381,0.9946557678083688,1.000251408875088,1.0080284449818677,0.9976641240550179,0.9978739289437889,0.996509420431848,1.005808513950537,1.0012569515564913,1.0037179298250265,0.9938105578984108,1.0016097080947475,1.0020933055302905,1.0029005362537955,1.0026667614546085,0.99512030525888,0.9907055757156534,0.995449382766344,0.9995257592449317,0.9984720949786074,0.9977686275309542,0.9988636832289259,0.995568021938101,0.9974675536524,0.9991099585163077,1.005054266821931,1.0027282436726226,0.9983517726772136,1.0058567102378457,1.000006958980333,1.0115299102151096,1.003777432868284,1.001739135626398,0.9945644767537123,1.0051216889339258,0.9984169193622444,1.0009950227559847,1.0034378668120985,0.9963890063283553,0.999402187584706,1.0022609639519926,0.9986328216659405,1.0028333050872795,0.998004550236975,0.9965856631851628,1.0055957315656443,0.9987545856558673,1.003507423558744,0.9999360286367028,0.994896856933049,0.9991527483074681,1.0045574181745949,1.0039848370207343,1.0023894532811874,0.9994047960821002,1.0020534346021484,1.0015964821150425,1.0002781294520666,1.0066059722383618,0.9914536730391117,0.9978619753105443,1.0001847189414992,0.9952511313481199,1.0035611321960853,1.0018182215564795,1.0041932907083284,1.0024643851030761,0.9972224653371943,1.0038703184885607,1.0000280139842121,0.9994020981155575,0.9966527607536334,1.0021121563956699,1.0077115087073205,1.0011538272672926,1.004729426636684,0.9985195112826404,1.0059555844200117,0.9919842529606346,0.9994487180798084,0.994786546553999,0.9979163153092441,0.9980964229756358,0.9972955196005392,0.9997277545898664,0.9999005086467077,1.0034145288520486,0.9968380496925688,0.9989170771904201,0.9938695980779549,1.0034643756215094,1.0002983078896255,0.9990633360667932,1.0016473374994945,1.0029269989516791,0.9935704250327596,1.0024858493973183,0.9958863417837606,1.0070715602021674,1.0017505809312863,0.998831337625156,0.9983207194624387,0.9966283289218711,1.0067312520538325,0.9920455380758613,0.9956421959540724,0.9964229177702292,0.9969317741699957,0.9950456676002433,1.0011418865476878,0.9974242395076552,1.0022724581187366
86,2905700000,0.9989976921294266,0.9974257234233251,0.9996511456896509,1.0037722009907326,0.9988398700661126,0.9997905920015664,1.0006970043695198,1.0010674333445266,1.0039666050498295,0.9952833446211592,0.999277607735971,1.000145742514331,1.0004722236716341,0.9989453210963493,1.0030324900269818,1.0037601115405894,0.9940287710310995,0.9944424003577371,0.9969576400706748,1.0044425845200038,1.003059838675999,0.997878074291856,1.0047499638493984,0.9988432773052194,1.0008244711622882,0.9999980108845785,0.9984806180122531,0.9984378777863556,1.0067488866814807,0.9964675854201633,0.9979050971839464,0.9994227571987238,0.9990152029147049,1.007086019486267,1.002837300947812,0.9988452608356942,0.9998064275885634,0.9953627621645031,1.0004401495691189,0.9987509186571147,1.006967847580922,1.0045325783277361,1.0024056040324183,1.0003596934145849,1.001780283923195,0.9981311175334218,1.0072221420442513,1.0026305573785197,0.9967355802506571,1.0039199374830639,1.0016614342545371,1.0023138118605264,1.0056450744228524,0.9996486807981925,0.9956690458238382,1.0008746994488686,1.0046740359867117,0.9957524974651127,1.0054856022544418,0.9994017887684045,1.0063323374169268,0.994243312015739,0.9950497724599136,1.0021219347333536,1.0008365084180562,0.9978952089910447,0.9979871458252642,0.997261476822555,0.997302639568198,1.0017760660811899,0.9961249158187154,1.0091108249226097,1.001088427700801,1.0066867458715456,1.0063726836574867,0.998273565800997,0.9964256127614008,1.0046111780359155,1.0005053342850767,1.0061163000556594,1.0001297413324692,0.9843578517442698,1.0005116253730804,0.9959015533212018,1.001472662483082,0.9994902565927812,0.9913607707023416,1.0047586838294633,1.0043585075483898,0.999277952538722,1.0021337193022908,1.001667954964826,0.9935978353166875,1.005227880616522,0.9981296235245898,0.9970947629662469,1.0034711614533078,1.002928764020372,1.0011477583974002,0.9989820241486341,0.9977448500898147,1.0043676933853771,0.9956884166643414,0.9956087603019627,0.9961682440332829,1.000715299675949,1.000518390622161,0.999353517859198,0.9979103604168466,1.0022175893519383,0.999110386732089,1.0078866031112979,1.002812503993837,0.9974802224078084,1.0026847272486112,1.0012310560927722,1.003420653749057,0.9981118552739555,0.9964922973331363,0.9996894255805195,1.0014752314854607,1.0005318923491309,0.9964448270617274,0.9985639534617253,0.9938771014305056,0.9983846996102566,1.0011287270936344,0.9995220586922553,0.9970464447443852,0.9965248423449516,1.0017189544829632,1.0016501763976566,0.9948183163425489,1.00198071712319,0.9971079988196697,0.9991320955424497,1.00117857769132,1.0012289458711885,0.9948429361184147,0.991470417015527,0.9998185873190316,0.997135580583922,0.9989218489924343,1.0093837642384387,1.0026847602214546,0.9998475559489723,1.0001055929488794,0.9985540842332146,1.0020026944636018,1.0076721547497003,0.9964319859267446,1.005951752142757,1.0024640443736912,0.9996919897269818,0.9987276666449546,1.0038463771229622,1.0022546598528725,0.9965687562655937,0.9933420832409384,1.0021476831073584,1.0005374318857894,1.0072232742400389,1.0016793908743644,1.0032246372137978,1.0049776495137959,1.0015847742070523,1.0009343764873428,1.0085181744276932,0.9909201090126774,0.9945618301640068,0.9961892064986594,0.9986758615676269,0.9960812920758654,0.9939009878716142,0.9974669947856916,0.9958313872194005,1.005673858348504,0.9954992409792981,1.0017607947823037,1.001969992693581,0.9999921860445481,0.9989753132410123,0.9951024061212242,0.9947097998482243,0.998929510147868,0.9958623360794475,0.9972007926469273,1.0033828499705413,1.000306974061083,1.0048914444663135,1.0067546212915923,0.9982889165664129,1.0021634305290206,0.9991383533683038
87,2906800000,0.9994858748295283,1.0037109417145267,0.9945321265885242,0.9995038749169695,0.9958549723821076,0.9962765121570705,1.0024012820704453,1.0020561917158792,0.9992268206724714,0.9975629192493876,1.0016217459059982,1.0027782880007243,1.0056613266312444,1.0036318804491922,1.0001149142827848,1.0000240763467163,0.9987863714522215,0.9978956450623884,0.9974813447300628,0.9932562405818546,1.0046409164386716,1.0002760984705148,0.9921560854483302,1.0004621954211397,0.9986445907475933,0.9967376344447497,1.0006349955413676,0.9988566231702535,0.9979856861728672,1.001786282597501,0.999455544604838,0.9904059864392382,1.0027925114676772,0.9900246947593928,0.9987103337120982,0.9959227406093651,0.9960571407802576,1.0057565432794353,0.9992244345414005,0.9952065865990334,0.9989844709935025,0.994491889728003,0.9961383147946655,0.9983211959496909,0.996159894430156,0.9992421953981152,1.0035562090756003,0.9960775063381702,0.9999075779859459,1.0022603235570908,1.0052150767328938,1.0010167904704512,0.9998378363835593,1.0041358281074015,0.9909647922848236,1.0012580949218177,1.0004051961474314,1.0031989216457264,0.9994572256627766,1.0053203413158736,1.0035692334249016,0.9984604444951488,0.9988996126951343,1.004099387900623,0.9934145684584124,0.9975525795418099,0.9982828632600492,0.9992776784512057,0.9980999564331486,0.9997963876084356,0.9900751645302719,1.0004549687779818,1.0066125648320186,1.0000544185643259,1.0031725197003232,1.0002681852135333,0.9948399543336892,0.9983712179990857,0.9999644196235905,0.9994610825994764,1.0030626994053111,0.9998377763397995,1.0011738011782492,1.0020506957278508,1.0054492226123941,1.0035313545344062,0.9984987882568054,0.9998484285386111,1.0084152981468204,0.9905511964900893,1.0031335834842245,1.0026979027307577,0.9978430330246217,1.0070441327091773,0.9971245251099726,1.0006497242476813,1.0001220218743934,1.004812904750073,1.0123130888148215,0.9945996265434515,0.9991794381981813,0.9971107817867645,0.9914555801508593,1.0068696106700834,1.0007951691510777,1.001043514657033,1.0012212883651692,1.0053108606862775,1.0014729899806338,1.001952589050254,1.006756740597686,0.99809788557699,0.9995383756987241,1.0023551741704948,0.9955585042961982,1.0003293824714292,1.0046200547013078,0.9975676274489093,0.9925915094981236,1.0035086420321857,0.9918633057660174,0.9970802043836599,1.0042907846624591,0.9979166323542561,1.0019983761123061,0.9954849826339417,0.9958862178902956,0.9988292620477519,0.9995154067925315,0.9969269071249186,1.001913441222145,0.9976977747450027,0.9941273121530806,0.9995858128916102,0.9966457400957424,0.990724876550315,1.0067389580829136,1.0056268165434998,1.0032533422871381,0.9993042537105126,0.9989977860609397,0.9987459926942132,1.002356721278639,0.9963218184223722,0.9954333628068099,0.9968905355948168,0.9984687625611609,1.0046470202292097,1.0005315791749587,1.0046502668661061,0.9987776271189541,1.0022064865698055,0.9956472177851374,1.0004905935585213,0.995600381269316,1.0021444752629551,0.9988667958910162,1.004869255661026,0.9970930249984622,0.9951319317125156,1.0025165135748646,0.9977569311564659,1.002188872440987,0.9993353622379816,1.0031219578180042,1.0027871401979054,1.0008563203806855,1.003902005866005,1.0027064819644878,0.9988887892732798,0.99564250594913,0.999923930405749,1.0007969175166946,1.000810170164959,1.0025429768488214,0.9959626232818825,0.9991429138784579,0.9971691524740758,0.9952811431494546,0.9979375960092336,1.0038564562985373,0.9977159792855727,0.9979531223393663,0.9989377032690454,0.9992744330169147,1.0084738801482773,0.9962831840028329,1.0060549714869358,1.0041543783062572,0.9960684781189936,1.001112810220039,1.000959519739195,1.0052453869978881,0.9967983866511548
88,2907900000,1.0001277252719123,1.0020126235806905,1.0009518839833134,0.9987146245619538,0.9986679792347599,1.0034819074656247,0.997383053400886,1.0031608985618616,0.9897607686276976,1.000998379058955,1.0036030115440044,1.0062356614542287,0.9955877953486634,1.0034306092985033,0.9984494801309735,1.0034518679370859,1.0024673772013324,0.9972813175562834,1.0040139824379917,1.0002320411340881,1.0075445553589293,0.9993389023613721,1.0026532635746968,1.0016835863301825,0.9861508417117226,0.9969042720436763,0.9974756044069035,1.00163002204879,0.9969302455994403,0.994988740914079,1.0067339720504707,0.9934764583843,1.0008111979811412,0.9899817508321921,0.9973812114604945,0.9939625699290818,0.9945884403678784,1.0022478071169745,1.0022132651813755,1.002037703252411,1.0016524161094682,1.001309546870476,1.001022620110221,1.0029256662889623,0.9932544738570644,0.9999285394363117,1.0011648735076815,0.9991656315433365,0.9977800854351035,1.002330190788735,1.0036677876421625,0.9995713826125842,1.0008829517273476,0.9992970584479709,0.9980297376687355,1.0085635446501362,0.9996905795306451,0.9998063246510647,0.9980007939450046,0.9995807692018336,0.9945675979093839,1.003419492177889,1.0034512063528227,1.000965993037572,1.010166199472491,0.9972314276120045,1.0011751211683366,0.9932667037362329,1.0034285008987673,0.9942583558815281,0.999438662295987,1.003071954476396,0.999352256266971,0.9975713437761736,1.003213663529585,1.0032578751854544,0.9974639578312496,1.0002020122641009,1.0052241061857201,1.0009740739311885,1.0002085260987914,0.9997480165786418,1.007508531004496,1.003514179565002,1.0017966362593078,0.9902173782792509,1.0001505871533198,0.9984711411352838,1.0018753215252145,1.0006195340515258,0.9968150533932086,1.00153578096682,0.9928315992980438,1.0034080421132676,1.000575888463166,1.000438445347992,0.993027486738854,1.000485246201074,0.9960803207887781,0.9978680979871228,1.0016178068556236,0.999276649920592,1.000789662504143,0.9993787804900519,0.9972696005961297,0.9996245946502814,0.9959095851036661,0.999391327467625,1.0058463430339417,0.9987226516071618,0.9992609730134948,1.0009190990124333,0.9997217949763163,1.0038281922202703,0.9974535585757034,0.9929465088942366,1.0021990131466472,1.0003934162600094,0.9966746740150281,1.0024277424479775,1.0010034947535538,0.9951457103795331,1.0064983145359572,0.9977008376603275,0.9981735559312723,0.992696339110669,1.0046627526010925,0.9966961903531603,0.9981987279665576,0.9995108619746798,0.9997414913966607,0.9916790916308299,1.0018025602376355,0.9987939510140923,1.0008023927089538,0.9991091980934104,0.9953240612603964,1.0032914237914068,1.0021390017582952,0.9968287925483287,1.0011404689570893,0.9951525999201175,1.0011772563515777,0.9993464479847347,1.001240842756707,0.9993295275131676,1.0016499083934773,1.001203047471626,1.0039605829196294,1.004206622636971,0.9969496725776741,0.9988165512225663,0.9981820321232243,1.0057321839895685,1.00146036245027,0.9964252025410593,1.000711084557295,0.9943795976026685,1.0052222124283288,0.9945255343818337,0.9984498255368666,0.9969523807922245,1.0002150968688273,0.9989084348106099,1.0066076815066105,1.011108554707454,1.0062444433533406,1.003143129517847,0.9926253633929226,0.9994606291433844,0.9962260140437845,0.9957346195353739,1.0044997945628529,0.9990410918111117,0.9945855156068504,0.998951477104345,0.9933827881570744,0.992606450832645,1.0027811871397727,0.9981670386747216,0.9969251702182249,0.9969362321537041,1.0019679105929777,1.0068291630599937,0.9992990389973209,0.9986676176793076,0.9997785490560502,0.9965448799109562,1.0051484992101722,1.0037563292989335,1.0055749260012257,1.0010535808053511,1.0050361706240907,0.9949212780142171
89,2909000000,0.9984674366068429,0.9987215388221921,0.9977583243121462,0.9974201128771042,0.9981541525395088,1.0006151013555395,1.0033376055208876,1.0012491810243773,0.9948119986534298,1.007191783640034,0.989171218560967,1.0009322164253998,1.0004524087715394,1.0012592384539178,0.9975520932909682,0.9989190362321189,0.9943981135397667,1.002871579322719,0.9983643617569451,0.9959259479724895,0.9973895609529645,0.9984804019496173,1.003022863854251,1.0002405643034074,0.9952609953167467,1.0093055240887379,1.0137447147085097,1.000640271267717,0.9968471954510286,0.9999057127893831,1.0036927886880334,1.002112517715489,1.0022583683859332,1.0021702433978497,1.0006534265243425,0.9956793551124634,0.9942288360277506,1.006802482923636,0.9985938468179079,1.0047401392392372,0.9981534458492397,1.0043737513101256,1.0049960833756502,1.0006422772898131,0.9966015541226289,1.0005970974001468,1.0002815992056697,1.0014329317723807,0.9942683395705398,1.0037200763741352,0.9936985520576646,1.0010810756385238,0.9974986750912056,0.9918233989520175,1.0048195051184794,0.9976011173050311,0.9968041502732117,1.000135297285056,0.9991028393207921,0.9995796565167634,1.000220342030005,1.0052427468770873,0.9944000801236281,0.9981655823050841,0.9990743289255453,0.997699794892215,0.9957878750655876,0.9986092045537083,1.0040326539772488,1.0039310545478353,0.9955338559111843,1.0083422662936974,0.9957347226509056,1.0032561650055092,1.0003958601433507,1.0037799665316551,0.9985720071477603,1.0035115957881697,1.0001294425123088,0.997059947522795,1.0004158633486082,0.9969900637377639,0.9987082733305612,1.0006377978825223,0.9967882908900121,1.0032374133113489,0.9971401249694405,0.9963941329898018,0.9981946159619397,1.003173453211594,1.00251079241445,1.0048123668449902,0.9990638262775311,0.998746867324422,1.003799923301085,1.0031729474980242,1.0032014036063206,0.9970827332905563,1.0019473162157833,0.9983082306772721,1.0023876798607538,1.0006618815632333,1.0049497809469845,1.0023889764636813,1.0040345874612344,0.9975262738067651,1.0053257723337023,1.0007464376004116,0.9977402203965416,0.9987897326037778,0.9990756866162324,1.0041043625162132,1.0037121090640937,0.9951178458554248,1.0019862310552923,1.003030274284058,0.9993153192637195,1.0028125295594894,0.9990442533819048,1.0045262056300002,1.0015334971807497,0.9994729678620831,1.001415787510908,1.0045781697779514,0.999896157849778,1.0046031756948892,1.0003244780322402,1.0022123144130395,1.004118484487236,1.0054576564885231,0.9941188211670086,1.001128474835812,1.0004291455678778,0.9940976614514482,1.0002397183306115,0.9966393467151631,1.0033089469946317,0.9942155523563417,0.9973513980229772,0.9969766056741587,1.0055389437489217,0.994687566660569,1.0009404082342672,1.0015186064855486,0.9944635392964013,1.003648012378714,1.0025923949440771,1.003721241500284,1.001301637427695,0.993122827631675,0.9911891376617109,0.992949010832402,1.0003285055138744,0.9980466734621724,0.9984394765371472,1.0056938806796079,0.9951022351023308,1.0065422051605575,0.991310798300405,1.0025364608196694,0.9957395057879538,0.9976961179022179,1.0032749389636648,1.0023403587645776,1.0036415203770186,0.9977973018791749,1.0041655835740542,0.9900758293466607,0.9990510683831996,1.0025640683042496,0.9934565095457718,0.9976954462366403,0.9969846182042522,1.0067773247242997,1.0010850784626222,0.9982819999800421,1.0013619057882817,0.9948496063511525,1.0015978385941635,1.0012354042661242,0.9945614898825952,0.9972283025023271,0.9916858489229415,1.0043885123565837,1.003475921494753,1.0000413310660814,0.9970007954734871,1.0031511873784118,1.0025254137710906,0.9937146672436327,0.9969302120736578,1.0032243901626103,1.0043865771143754,0.9942384650002053
90,2910100000,0.9998397342597486,0.9903552385050562,1.0046929387450456,0.9951379172864746,0.9961775747057007,1.0010124470032147,0.99710563718898,0.9946729773303159,0.9946870405470435,0.9995465675901676,0.9966749861284576,1.0043378414531008,1.0012791674140864,0.9997084361346257,1.001728361057582,1.0024288825895924,1.00257144170969,1.0065590972833178,0.9988097098720935,0.9993064076097841,1.0038306247395563,0.9977951021590449,1.0030682075308992,1.00145852689634,0.9977884048608474,0.9973229490496548,0.9976038157448527,0.9996610329363579,0.9966866751445588,1.003676427667682,1.0021912818591625,0.9926565278023919,0.9977095697237611,0.9962440701691521,0.9930999950382791,1.001316994358103,1.0031168160151243,1.0063278839605916,1.000838394327299,1.0014505631394832,1.0010503007735712,0.9957646507371839,0.9987524855833869,1.0019243955502413,1.0040878180870947,0.9986524845893545,1.0048526539237452,0.9927676610912431,0.9946410117610796,1.0006150703766223,0.9993113393753208,0.9948652399872826,1.0074744143488792,0.9996535857958063,1.004529278211572,1.0002223335779092,1.0020094399208912,1.0038546553686014,1.004828521336916,1.0004856681193195,1.003870032381848,1.0025817444449263,1.0001077158477396,1.0020989162070264,1.0041408664762692,1.0007200168464319,0.9979867809492307,0.9972143423070396,0.9958559722668249,1.006368333303681,0.995828628584057,0.9919188747510002,1.0020422191158485,1.0018106721835207,1.0010776367896175,1.003129207160804,1.0028295659848012,0.9970422791386155,1.0069510359169804,0.9963335717698822,1.000006496292751,0.9978471976005592,0.9996654343875854,1.0070498875212788,0.9983046932032127,1.0037176664355467,0.997911255042221,0.9946603437042523,0.999868063732531,0.9963760221521611,0.9930989089204819,1.0044314300999364,1.0007038140667532,1.0053110690199678,0.996094649264525,0.9981177378705764,1.0027242557356408,1.002512673148105,1.003523932508265,1.0039588840573987,0.9944504895813954,0.9940433226357352,1.0037973698238405,1.0002422228028842,0.9967098971691963,1.000587372804031,0.9962905460990656,0.992358491338881,1.0020318919606208,0.9905028155412334,0.9986160947812461,0.9987918037175448,0.9873947425934276,1.0029063402148437,0.9991140670212498,0.9970890798503451,1.0051671819243875,1.0035558985895359,1.0004781445991406,1.0036093068889709,1.0026224820975265,0.9994400123919717,0.9953270593436577,0.9986963660843305,0.9986606312662731,0.9980085965637772,0.9949768894265066,1.0007804809587266,1.0039988866453045,1.008644403484853,1.003928212099891,0.9976188922654948,1.0022759841688726,1.001088128069264,0.9963513887918638,0.99916587884314,1.0045420127096032,1.0028073074469672,1.0017430099874292,0.9987961133943887,1.000294718211383,0.9967066539907977,0.9943121646823204,1.0090672738485829,0.9980205840622693,1.0020036527071363,0.9993817511215043,1.0019103130172742,1.0014583327566196,0.9967092338569524,1.0107717020334663,1.0023307125641967,0.9948401490946776,0.9978268575114682,1.0031323725556727,0.9952323659715377,0.9975411770409915,0.9986681211982338,1.0025084888778546,0.9984451747069502,0.9980558092090571,0.9937419743107463,0.9980866975319597,1.0057823527862038,0.9942818567295241,1.0034241744060295,1.0051106698752017,1.0013399690209928,0.997520721248879,0.9992017277848795,1.0017302486879978,1.0002558958448828,1.0033114008604826,1.00390106210572,0.9940376939327097,0.9941909125417583,0.9927696255368402,0.994570352864912,0.997943405426685,0.9971523411114099,0.9997605481995313,1.0000128483411093,0.9982829720246745,1.0090796176709094,0.997508120148347,1.000115830032488,1.002308522452522,0.9946706297679374,1.0016367175105771,1.0019739296644141,0.998495201628701,0.9967098124558238,0.9993592262595002,1.005639051746053
91,2911200000,1.0003836535498518,1.0009358138442301,0.9995037795406704,0.9993830038326219,1.0002802837922402,1.0022434961710929,0.9909662557716201,1.0022153605317579,0.9995744966689168,0.9965325776580364,0.9928428538298661,0.992828525732257,1.0018038392697846,0.9986630138895236,0.9995948781940008,0.9993446641953315,0.9975028896610556,1.0019141012307862,1.0000242010022937,0.9980705111559304,1.002561254434173,0.9974691281149507,1.0024099361021548,1.0009905192393787,1.0000016067034634,0.9962292164971552,0.9947715300442936,0.9940181682812214,0.999074634384536,0.9997842166883201,1.0024071474216196,0.9935289975226795,0.9980934268650643,0.9995466276390007,0.9965546258494463,1.0075400661154323,0.9950185403303844,1.0026021717971405,1.0027918012098296,1.0034273184603326,0.9978036887034923,1.0033369397034053,0.9977294970038788,0.9922485067635521,1.0047315096922669,1.003085878244292,0.9952779378232225,0.9987490830404383,1.0007599803396356,1.0004314639530898,1.0032134948423264,0.9999283242605487,1.0024601854525739,1.0018336168203668,0.9989642925738731,1.0036871618737593,0.9968697232806982,0.9918937150339644,0.9971581379676363,0.9960002979893614,1.0008809633915416,0.9994158886515989,0.9981972933742486,1.0082687430520312,1.0055578838335155,0.9942712711637672,1.0028196288148918,0.9947508213294376,0.9964818028153934,1.0071801613810845,0.9948657948424797,0.9976735588635675,1.0019986738232702,1.002008049405145,0.9977552220818213,0.9962532674886483,0.9985184559699734,0.9976063855200931,0.9972767122976194,1.0076948093564846,0.9985944341087843,1.0023929699274647,1.002491456914454,0.9992637466189649,0.9965026458906896,0.9936986566116889,1.0000835158467856,1.0057682012221099,1.0013571873977862,1.003674968402354,0.9974848806419677,1.000752629259983,1.0012543576325952,1.003792258820107,0.9966772954009532,1.0009951097733925,0.9959778218780373,1.000988935307126,1.0030984762275732,0.992129462810186,0.9980617615388465,1.0032742707897462,0.9984666738053161,0.9939601249658591,0.9982083058107953,0.998407298171164,0.9988514358481422,1.0022371385989866,1.0028164563146775,1.0049575318165138,0.9977577656822357,1.0002439390366564,1.0033456429037153,1.002614523240348,0.9965165327727893,1.0074055197462368,0.9929540870354574,1.0014941608815187,0.9903121533843079,0.9958249310435445,0.9989625565481721,0.9967938757728673,0.9989445114477944,0.9978476919741549,0.9987378424143135,0.9975614592119657,1.0002479416107752,1.007128302410624,0.9967713647493568,0.9972577990153861,0.9962344221587085,1.0025148510333033,1.0025132773334922,1.0028297377831148,1.0046832477075205,0.9950227847795372,1.00448761286161,0.9996473052623958,0.9951150244840583,0.9973374723482753,0.9999167979108309,1.0002328881861702,1.00014619233933,0.9997185573986413,0.9976355862715557,0.9986144551741697,0.9946623257939282,0.9941324459613349,0.9989785689625414,1.0022602409403278,1.0000378332074256,1.0014829415838373,1.001426818834649,0.9916774803858094,0.9958216043857254,0.996929523179147,1.0008382994226526,1.0016701841616558,0.9971031490626616,1.0002789088008777,0.9975688622687412,1.0073124791177976,1.002911109517508,1.0026664882675143,1.0009816799003242,0.996176473228219,0.992887159035627,0.9999639809379075,1.003224444167182,1.003238562705776,1.000160196488965,0.99916802788569,1.0050025270155099,0.9947566344231236,1.0016549865063034,1.0069276111267926,1.0087573296416255,0.9895510578492962,0.9977874601580965,0.9896362634948196,1.000407146266367,1.0042856222655,1.002646629125689,0.9994372807451801,0.9928640678829737,0.9993296696568758,0.997127322362791,0.9950868367403184,0.9992699884759649,0.9998602436886481,0.999923943353963,1.0133407102811034,1.003553191420728,1.0036935638695013
92,2912300000,0.998496305629559,1.0003850450566167,0.9989047452744225,1.0027277324004056,0.9967075671657082,1.00245342843542,1.0021204407788775,0.9923142382218568,0.9942106908925679,1.004257163859381,0.9978367660870765,0.9923551873141336,0.9995179188062752,1.0012760192552457,0.9962463868698861,0.996523794755362,1.0012646319881278,0.9988493064497421,1.0016064162429952,0.9994845281894343,1.0025765256688297,1.0010524458266674,1.0042583619606658,1.0029641276835204,1.0055143161938531,0.9909737271896177,0.9982673638905293,0.9983824528439849,1.0038303176802301,0.9985682861061886,0.9921909647465978,1.0001675018946496,1.0045303533253664,1.000652623217637,0.9984592790840668,0.9946385883249831,0.998076509829707,0.9964049269930123,0.9968926539627286,0.9961051958168443,1.000126048509063,1.004714773162666,0.9949489624796807,0.9996727637831178,0.9987147169519635,1.0019712178489533,0.9955766033658054,1.0030675490980594,0.9941544558825273,0.9992313079660677,0.9975534923723668,1.0017420379426192,1.0046368221344972,0.9974897819645007,1.000508384544944,1.0061216373311266,0.9995951534088415,0.9977147280381888,0.9994842022268224,0.9963657424953435,0.9974076579904788,0.9995690370681282,0.9999998754232562,1.0003603071157456,0.9982633196081195,0.9960510150777158,1.0058781867447018,1.0052834315832313,0.9991990282211296,1.0010381361088283,0.9931180869103947,0.9941846745748439,1.000971684540675,0.9977225009950228,0.9958109555770569,0.9970055461655919,0.9985772825719519,0.9956738455714328,0.9992231304978018,0.9956296362186615,1.0016920733405854,1.0016335871817459,1.002602532898601,1.0004189755353365,0.9924885224100181,0.9957872258750476,1.008877628401883,0.9935430669738449,1.007035557217648,1.0006971063132741,0.9989563178212202,0.9998262782010752,0.9942173816783706,0.9969258170407509,1.0075216496204167,0.9958002589692957,1.0039900991106325,0.9968564217087227,0.9880949978844367,0.9995754465308968,1.0046345771270144,1.0020101018432777,0.9985323990389534,0.999338577855846,1.0028264596553966,0.9989578061746571,0.9999795676063252,1.001399243921947,0.9990687188262399,0.9998950202543873,1.008585413218331,0.99696908430974,1.0023787861011795,0.99774626280352,1.008178814426718,0.9996802519458353,1.0048675810884349,1.0067527942494738,1.0008080914698478,0.9983494019339082,1.003347098866627,1.0038034155253428,1.0040636105598353,1.0028514898440803,0.992127150342572,0.9969475906950772,0.9943568179895621,0.9936317197942729,0.9972200939367376,0.9945530431661874,0.9954348502782833,1.007752739606585,1.0033226063712908,0.9945913648292125,0.9983688278046755,1.0042756704759237,0.9990595507372745,1.004006957783037,0.9951671680944613,0.9909995792116707,1.0026021306177046,0.9945476999927598,0.999326162617801,0.9981924963700178,1.005418436733473,1.0011142218609543,0.9978063663134603,0.9944032206796811,1.0022877483841686,1.0076901489811294,0.997995611193508,0.997217081636409,0.9985043920824705,1.0028390360124413,1.0003849580137374,1.0014151128448285,0.9902277183869123,0.9968148531992002,0.9943723429028662,0.9964911850301569,1.0035504174455614,1.0011548917811985,0.9963441600824713,1.0004354263006738,1.0006359154397764,1.0099353953198003,0.9942697380816676,1.0074951667200878,0.9957016608066733,1.0014994907261978,0.9989241148832011,1.0027720783125815,1.0012075954520976,1.0000737370902801,0.9939769725801668,1.0038812141113125,0.9998297350901209,1.0030046676985138,1.0017865711623832,0.996938252158785,0.9995579638463578,1.0034932052647434,0.9954975460230576,1.0080060152549897,1.0010328106141226,1.0032244687001861,1.0063691495117533,1.0006816257628977,0.9960217609063595,1.0041291866352144,0.9997411144389157,0.9954678393428165,0.9994448826595325,0.9981124894672784
93,2913400000,1.000955528048559,0.9969542803246998,1.0044479525834085,0.9973134270196384,1.0007823114322802,1.0027827154342297,1.0045709770978295,1.0004687219762027,1.0027876797413813,1.0008442562953124,1.0024412616507057,0.9918897677055154,1.0006928629196976,1.003782088498901,1.009329025295486,0.9992660849455305,0.9984144010373284,0.9997442491351126,1.0087582528927053,0.9950255754277426,1.001818433870554,1.0017795857733152,0.9962899152435486,1.0000151735832428,0.9940493418231093,0.9966129376365147,0.9991499752157869,1.002157516094525,1.0012340244870312,0.9992004380972229,1.002060650345507,0.9961413783459929,0.9994256325314567,1.0015995097292956,1.000456112988519,0.9972568965892777,0.9939812817413279,1.0052611151973916,1.003231715128128,1.0006901632483691,1.001682939477337,0.9967371720698528,1.0031310012209078,0.9925346091104198,0.997042548277684,1.0032971341797847,0.9930619002883949,1.0016577034594918,0.9984939852639151,0.9952173972561094,1.0005475078731427,0.9993467690368883,0.9972070391486174,0.9952403953080916,1.006344173104955,0.9968130285688428,0.9966591547016036,0.9985959555055804,0.996230790856536,1.0047253645502945,1.004875920069393,1.0037773409404234,1.002127747837411,0.9963098822794462,1.0080055438228037,0.9992316742705555,0.9958242544081849,1.0021681841632468,0.99911230301062,0.9943113936337244,0.9962435482728434,1.0025957216471126,0.9965041283733901,1.0022743578183737,1.0028312536841766,1.0042436559825296,0.9974494692561386,1.0072921756654947,0.9941718886597273,1.0030193391039888,0.9934645859339026,0.9926376395984505,0.9932588065553535,1.000724549580021,0.9944570849637311,1.0028004482788366,0.998676928034646,0.9956508039385105,0.9939106289066196,1.0018742979626425,0.9954191834061683,1.0068823223220498,1.0018420617224244,1.004659190317537,1.0047654360235863,0.9955813474930577,0.9989360130642976,0.9946827180304427,1.006737947507988,1.0058904573518392,1.0030775035750807,1.0035139844452214,0.9966803764215494,1.0004328398852185,0.9938747334757566,1.0013490891790071,1.0007935648439594,0.9930082065895086,1.0023541559331386,0.9901016910694709,1.0007393106663554,1.0057207875567933,1.010195524440692,0.9878395424091779,0.9961585028104937,0.9946804624538116,1.0030756278045947,0.9982231889059033,1.0004270415166021,0.9953107979816253,0.9989346220356794,1.00029939143217,0.9954239446750589,1.00112450606195,1.002919547652535,0.9948553804141641,0.9970417069546348,1.0061088093600052,1.0010593653257394,0.9951891462115331,0.9973654710412649,0.9988562367770712,0.997023815969088,1.0033640172973377,0.9992231387135598,0.9987415803997614,0.9975876959722842,1.0035436428718083,1.0018310376741115,0.9909320695061138,1.0034275101243075,1.0025524492199804,1.00443593534561,0.9972201137503602,0.9988567696488125,1.0050219812962873,0.9946887965502693,0.995409046591221,1.0003403683696934,1.0010154263890283,1.0024211901470583,1.0026675009176866,0.9979364040430768,0.9976014886804406,0.9922841202792267,1.0024745641920894,0.9958513293539243,0.9941590589832799,0.9926264965117418,1.0000211850292284,0.998723236701215,0.9979904665869611,0.9967130100131311,1.0015341853584618,0.9986624385099684,1.0110648963945672,1.0007997237169832,1.0005415144843692,1.003963892343409,0.9989122433173155,0.999520338364993,1.002739287604971,1.004194303412343,1.0134791216264083,1.0029782117700328,1.0091599673906653,1.0033418446679627,0.9869607223261272,0.9960655078873515,1.0101050965128988,0.9949323396544156,0.9953570508889091,0.9998080870636742,1.000936835847871,0.9986332368549704,0.9984431293037683,0.9995848002359483,1.0006601450212897,1.0070853767774999,1.0015659037518998,0.9980619472776553,1.0021534044362599,0.996550700398735,1.0027578638645045
94,2914500000,0.9997168691954033,0.9975862124905184,1.0000793464129778,0.9991115850697924,0.9989738633295259,0.9929941547721679,1.0036698236637664,1.001913429693782,0.998573125167238,0.9969591267241003,0.9984412703311519,0.9982907730026866,0.9956650294612284,0.9967570164776632,1.001888494661913,0.9994678303544607,1.0001394650080326,0.9937429224934108,0.9981710682824998,0.9990889625752929,1.0015277291695106,0.9974559503653769,0.9979881988999257,1.0057947197678814,0.9965336557877009,0.9999023431678993,0.9944037225273175,1.0030882598561093,1.0006655112219585,1.0027286361109058,0.9963325281156412,1.002656562416416,1.002100900257333,1.0016299406048943,1.0031544113249986,1.0026719002464424,1.0011156971409023,1.0026000809959372,0.9970384590579866,0.9944434387805294,0.9994585748031753,1.0076620195813553,0.992044715766399,0.9986442603345312,0.9990076790582858,0.999230621334512,0.9952478167991555,0.9962350873603601,0.9927893204454693,1.0000695752106237,0.9966817241388787,0.9960228458224928,0.9999702331312257,0.9976948990854158,1.0013405989289241,1.0025858171850033,1.0031220062645387,0.9950908710410122,0.998242857360802,1.0030790011062665,0.9973870673665464,1.0033630656818744,1.00137631841533,1.0041842307382918,1.000461251022655,0.999217845255382,0.9998545380859412,1.005041419777146,0.9979497154618117,1.0012817560626621,0.9968378509207232,0.9994488516236291,1.0000614329891842,1.0053023665388774,0.9986165355897954,1.0040331070092914,0.9951784688570019,0.9974252105596413,1.0028798213830459,0.995518545394724,1.0084092675387712,1.0025451803803458,1.0029993660250962,1.003039596308784,1.002721368609217,1.0009169942004346,0.997599287426052,0.9992081865666063,1.0000556628664736,1.002240631513576,0.9974429303738017,0.9958797591601874,1.0008870745605245,0.9955925293766884,1.001987896160208,1.0033061829960153,0.9947292477014109,1.002815611874152,0.9988586391067346,0.9967640607185525,0.9983926884813829,0.9998829618677871,1.0043887383311814,0.9967195639271632,0.9995680832778706,1.0031533470261416,0.9939518405133475,0.9956586730325204,0.9960127163929539,1.0033881569211118,1.0054652025636717,0.9983380003564241,0.9993633061055898,0.9986648477374587,0.9969661035355251,1.0010993152079906,0.9963590220828102,0.9976064124135238,0.9980671925614613,0.9992496924262259,1.0034248161699195,1.0075283696480062,1.0006613812409018,0.9944133662524762,1.0053124909844342,0.9906505590848436,1.0103670388221664,0.9953023071613394,0.9958125658569456,1.0057655773311946,1.0011413143939587,0.9966831494524699,1.0091619045196467,0.9947182465542993,1.000376046356019,0.9954154266770543,0.996431797807386,0.9949547040733357,1.003895428857881,0.9941644532645196,1.0047377516541938,1.0036547561732956,1.0007571989413055,1.0006537515430818,1.0008084633697403,1.0061612690334771,1.0000658908781308,0.9970468420106415,0.9969129933525505,0.9999200788434378,1.000058356284883,1.0000014641704913,1.0070924912431112,0.9930967217319913,1.005633029961609,1.0046318759996418,0.9947185967145388,1.0010973180321048,1.002485790238101,1.001589470983478,0.9929296586509805,0.9957054305551105,0.9921381443248837,1.002641412189151,0.9947363405875395,1.004091700974524,0.9980381461452381,1.0006483080050141,0.999537661914753,0.9997761444223643,0.9999645289549265,0.9992071468973742,1.0013391077817504,0.996057910328353,0.999775624692154,0.999706799875877,0.9995401475758222,1.0047601788400575,0.9940724108101572,0.99222678221471,1.0035211779725541,1.004273067590284,0.9967649971734199,1.002751960457695,0.9991701859615872,0.9985230610330879,1.009356644126265,1.0007638587328798,0.9993177529643285,0.993545352544492,1.004636281467663,0.9990858206388536,1.0056302664795818,1.0004459175238747
95,2915600000,1.0001533140793155,0.9990504197030442,0.9986479198656926,1.0052051060512892,1.0004369028350808,1.0009581111928938,1.0026010182960419,0.999277081985245,1.0019681046587885,1.0041305621311518,0.9970536719494774,1.0009758560396838,0.9991830504283015,0.9934190295617953,0.9957626952473201,1.004670431157114,0.9972755018076946,0.9983233094035013,1.0026179557340602,1.0010140795976412,1.0030037310388913,0.9949280061864995,1.0006750063811403,0.9955899035863558,0.9970565250168846,1.0042079153674799,1.0010759712785,0.9995859936449822,1.003106716947677,1.0015662581427787,1.0007403221556008,1.0035406831613578,0.9939045669584199,1.0004719258359476,0.9963055730856839,0.9954604635523554,0.9978176867744623,1.0041961374073178,1.0081974987914741,0.9959711416999216,1.0021585860009843,1.0020931056739966,1.001633395449195,0.9983783929111654,0.9933714187675073,1.004000433848673,0.9977041465757782,1.003043415269379,1.0054864895360693,1.0002557604209714,0.9984012634565655,1.0065463186398187,1.0005397862781436,1.0038802029075065,1.0031527378169203,1.0042658166897187,0.9987011292271435,1.0004801958721585,1.0015020240915216,1.0014418941176213,0.9999238566647505,0.9956105946822457,0.996223973126137,0.9965208655099794,1.0011141089898241,1.0103249188376326,1.0013112270177853,1.0008552522728187,1.0061515968663728,0.9955275618842111,1.0014072702297188,1.0012560448749344,0.9981166702143998,0.9917618586994917,1.0019792070795484,0.998029352621473,1.0012967884834831,0.9987102153167055,0.9957178037740576,0.9979886922985761,0.9985990830738689,1.004241120629793,0.9978337812118556,1.0035644426297825,1.003470973428138,0.9986704914519633,1.0016894841916975,0.9967316946617234,0.997732869352464,0.9986453214173365,0.9985976468671975,0.9974325414281789,1.0036493191569724,0.9950144262922991,0.9930076954425414,0.9996236139795692,0.9966287449576212,0.997389835697561,0.9951162419342922,0.9967125271774462,1.0064740770868206,1.0002541678717416,0.9990456034094646,0.996220796654683,1.0042457454272853,0.9958668936273036,0.9993894367368453,1.0034698392654084,1.000504668578692,1.0032165552596006,0.9965675273512229,0.9996036385366854,0.9978645327337534,0.9995845779348604,0.9948680712336112,1.005059927708903,1.0024311976475415,0.9995723030208473,0.9984145784356903,1.0027629555917252,0.993144935266211,1.0043829995383189,0.996713835851052,1.0022030215777493,1.0109148424641943,0.9986815982586437,0.9956854086035929,0.9975552162009209,0.9995613108893722,1.0062613082805287,0.9987434346732201,0.9977693953507355,0.9940799882852283,1.0011880032875626,1.001028539728238,0.9984024421521193,1.0003787082935531,1.0035815559089911,0.9974933044503047,0.9982587315127672,0.9991791518789043,0.9993988438980569,0.9993193335717809,1.0034612208399494,1.0008200577175363,1.0042213858444744,0.9989768998072216,1.0027055717987494,1.0001335437830041,0.9966778571015953,0.9966265217172227,1.0080497852418457,1.0000110064106928,1.0047667589966358,1.0076019941846897,1.00356144242296,1.0023761023688578,1.0017789100510495,1.004843248216469,0.999229033615362,0.9996325625577142,0.9955385488919405,1.0056424550078775,0.9980869548876169,1.0064139562722443,1.0009384523732914,0.9998956245754813,0.9989971955961313,0.9974169625843966,0.9954483775033813,0.9983731603295238,1.0013411231512588,1.003526360842948,0.997495405280202,0.99270694065591,1.0008513479463756,1.003242065446751,0.9959413103179868,1.0043245973934432,1.003863132914362,1.0004784913574636,0.9947457812240803,1.002839493345103,1.0023632787256007,0.9991460661892085,0.9993060663642439,1.0016498640754163,1.002548992715176,0.9975482387139082,0.9988462504573314,1.0026748866693698,1.000991073587329,1.0073877968280425,1.0020287032885555
96,2916700000,0.999665807567293,1.0022353006772824,0.999977758801085,1.0048690655902566,0.9957891699654623,0.9945499131837855,1.0039285955990478,0.9946025243210574,1.0000631306115535,1.0012405839614527,0.9965322903251685,0.9915547693812351,1.000664491251417,1.0084161620757246,1.0062802211683757,0.9982767389507806,0.9987023421123256,0.9958421735476686,0.9992798554983788,0.9994885212251706,1.0020482032239486,0.9967468254664735,0.9949434197259551,0.9936175620632374,0.9960396351857593,1.0060766813551432,0.9945792759739508,1.0017690813936901,0.9993888098533352,0.996382780402434,0.9921628622203977,1.000162634578757,0.9911227002952689,1.0056904623273517,0.9980806127588366,1.001448800291068,0.992500147468032,0.9928120277073527,0.9967755081673547,1.0047193797747256,0.9950822073071746,1.001767542756305,1.0007021502421416,0.9981107035894717,0.9957552016080469,0.99472606246203,1.000411808207088,0.9993786200294231,1.0040294967646555,1.0038583079227026,0.9988734989584793,1.0002998792970097,0.989771564166161,1.0101425303378522,0.9979966243030073,1.0000593285460735,1.0006775004891924,1.004116190290023,0.9913601918723608,0.9951651839623056,0.9998187333011787,0.9956331251518371,0.9933135555539471,0.993327979407112,1.0054377526030533,0.9990176706078724,0.9873473346334941,0.9977929651602413,1.0022753500953263,1.0020218138663395,1.0046772300457047,0.9932024510932272,1.0015767264616164,1.0025879180923305,0.9948504836301428,0.9981510385171695,0.9963590365704842,1.0026842147104298,0.9942621988045784,1.0018943560423113,0.9997932933319632,0.9976309260685516,0.9979058109687776,1.0030997348793005,0.9938320461735467,1.0058165689639902,1.0026642529273821,1.0034296487706853,1.0009602381920402,1.003172459202866,1.0060842454085464,1.002939895298452,0.9912008242550037,0.9994320435627645,0.9957294316333805,1.000768004576069,0.9967086670893432,0.9957278227872883,0.9997964986639761,0.9961505554066337,1.0039463202830312,1.0008051708138785,0.9996278072949567,0.9996992354990942,1.0008639503546721,0.9897143976747799,0.9980661511012529,0.9985637098999887,0.9937239348894705,0.9973778049482667,0.9993415291728956,1.0025053495680145,0.9951303199772418,1.0028613954062007,0.9988399953227916,1.0002762399883205,1.0002579588355154,1.0032824720731697,0.9929967963374849,0.9957537960273468,1.0065700978479095,0.9992140648646403,0.9995178252962776,0.9945749070118644,1.0049100651510636,1.0039191835385635,0.9988962709638568,1.0052591347758852,0.9990614836562384,1.0034706681453247,0.9958568978309714,0.9926047271224071,0.9976694730898176,1.0002886579673398,1.0072963209332308,1.001009214221974,1.0043919275498352,0.9998686854648525,0.997910309660653,1.0035205211558569,1.001910640447039,1.0065900282034872,1.002903902849063,0.997739824434196,0.9967701113826481,1.0005947957937802,1.0033910022710573,1.0070822340996926,0.9972150900904664,1.0042697142582035,0.9979435755190582,0.9969375418163957,1.0055936612157728,0.9943367159652962,0.9959008746598947,0.9972301438669402,1.0035995448585768,1.0015024271223116,1.005693350517943,0.998406852518957,0.9955565893815324,0.9997044716966826,1.0096079079101727,1.0008964183350975,0.9975164897747,0.9948186054192214,1.0028457432326308,0.9931433254158292,1.0041016773142628,0.999995647274033,1.0045853644805316,1.0020738023398834,0.9974118901504135,0.9999513381509707,0.9910823363450477,1.0023282129662447,1.0046592655746018,0.9986646348931306,1.0006775800390786,0.9989289325569277,0.9914863994310884,1.0020209228467856,0.9969192966067165,0.9987266585951532,0.9975004145817268,0.9995235323062558,0.9984070760175662,1.0081137630229728,0.9956871270310441,1.0045762624840835,0.9903373651635899,0.997706557257564,1.0057604860150071,0.995501572339273
97,2917800000,1.0010180654892207,0.9962166643742026,0.9974902362732205,0.9987985823230497,1.0053685280246527,0.9994936962372261,1.0002342078790214,1.0031778414328207,0.9997250501061103,0.9982944250805783,0.9985284040493408,1.0078194263014135,1.0026455654352644,1.005793924946805,1.001777391385356,0.99658203471084,0.994049124390525,0.9985271524823568,0.9962471608696337,1.0029568328649217,0.9976662041275902,0.9956914521404613,0.9969684317625126,0.9988967287808004,1.0055393583701444,1.0014113140545948,0.9974907109576078,1.0032225561636183,1.000900792649966,0.9925157993854693,0.9953045987439549,0.9962409783457079,0.9968584647126407,0.9989220751898121,1.0049573870993251,0.9989004112715123,1.0020904272608893,1.0073607545310463,0.9967868822153104,1.005278671079415,0.9992272201700129,0.9996310761308327,0.9936716281657348,0.9940824010672346,1.002036062426045,1.0002936000854319,0.9944036176802582,0.9994696081822103,0.9968685149074515,1.0063621635125841,1.0033143649326324,0.9973367660330023,1.0015580602257526,1.0011728160617204,1.0057562842901084,0.9990351605372728,0.9978367813371564,0.9988099878392691,0.9993634414480703,0.9965631687778601,0.9948615394707803,1.0037652713065535,0.9974203332911831,0.9994657094349435,0.9977831245970127,1.0004211283940612,0.996154809711011,1.0006084855194688,1.0007540629499083,1.0015811596777575,1.0029499666657586,1.00275255328658,1.0089662587073938,0.9993531731814697,0.9987101745399681,0.9977130681468779,0.9991038163173,1.0031393837016354,0.999847006333262,0.9987581192687621,0.9945756296324016,1.004658222736994,1.0046445485011795,0.9944280559807378,0.9987453683493696,1.0003849292021347,1.000651092642357,1.0059190305851111,0.9968821901417038,1.0069275018255792,1.0015368240702307,0.9973343305991915,0.9978839133492998,1.005826949887113,1.005903326073251,1.0052062167145503,0.9951283457852865,0.999861071158571,0.9970101429145484,1.0045383811927602,0.9982146052085001,0.9909710960679728,1.002341910493722,0.9995720789916654,1.0074535571634626,1.0031057223609152,0.9951549958182991,1.0018881500521133,1.0038149887126941,1.0019784700421166,0.9938902275992627,1.0015317681307396,1.0042467458600166,0.9961775513714054,0.9998378642925758,1.0031619027409844,1.0005658484430107,1.0012668176378914,1.0015337158564073,1.0044876257308832,0.9988849080416041,0.9923673055127603,1.002385051729879,0.9950316242251843,1.0034449514244932,1.0003523225347897,1.0042408343998563,0.9984465048591364,0.99470073897081,0.9974187114189343,1.0037800237597763,0.9965035721394165,1.0060911490449806,1.0050353629118252,1.0048775800597984,1.001664241217786,0.9908122372224389,0.9982431281697746,1.0011103792846747,0.9967175890926907,0.9991432879627277,1.0052809302938226,1.0015392346485912,1.0019263613384424,1.0019142211476904,1.0061232255158523,0.9952803206754995,0.998283474501456,0.9995229256143326,0.9961664766744043,1.002933511213434,0.9997823310091142,0.9972249131161873,0.9996223309983799,0.9980056102011758,0.998604413339777,0.9952486202820371,0.9989043085302453,1.0031642206396132,0.9976070109576541,1.0005997476276185,1.0001877795856637,0.9963280848156066,1.0111507903719872,1.0033112546058918,0.9994287235011692,1.0033244439713893,1.0052401279191947,0.9996788750104911,0.9971117373368309,1.0000728604926163,0.9928811125940648,0.9988019012585942,0.9989729325438518,0.9992980819945232,0.9906586699967622,1.004269403843287,1.0004885739780585,1.003595540245472,0.9935276391452637,0.9995177825321061,1.0031578982747942,0.9992550633410213,1.0005936225365057,1.0024938008667583,1.0004230951868267,0.9974422557656096,0.9926321247105931,1.0009691989485887,0.9917209602164099,1.0102300979048489,0.9957592162131326,1.004333935935166,0.9974243576424219
98,2918900000,0.9992237689335403,1.0033575950666302,1.001149259111693,1.0027752565468604,1.0039653884341286,0.9985788626057802,0.9965705099157048,0.9988329958605348,1.0019428173575236,1.0005669026533877,1.0031984370257225,0.9945737119865171,1.0004333540401797,1.0004539570040851,1.0028275957179629,0.9960501700876316,0.9933300680512709,0.990068856031476,1.0026196270863297,0.9920690819387736,1.00104437801449,0.994951514310076,0.9994777636377516,0.9980919830737932,1.0004758256115387,0.9975768802205521,1.0023272910650844,0.9990390264569396,1.0006368126317022,1.0003819982954423,1.0028605401554798,1.0040318359551457,0.9982605777209753,1.0026323518493558,0.9996528744695542,0.9966957986915945,0.9985066647845371,0.9999672476514612,0.9932257362872761,0.9967685478685392,1.0055008565525108,0.9984510263379944,1.0008313792592667,1.0038852375005098,1.0062837362181205,0.9991916995685023,0.9939990337143761,1.0051944797616963,0.9994050212358982,1.0002897985094996,0.9958669597676757,0.9953195479290257,0.9999668082156515,0.9926360574436909,1.0050891208035913,0.9899832614612737,1.0074215161705837,0.997855565361662,0.9999129319390748,1.0024192086552253,0.9996504638273066,1.001891998730359,0.9985658544481049,1.004289397602105,1.0004808211544232,1.0035680532691882,0.9961347938237382,0.99696648087898,1.0015543693335862,1.0032312845255018,1.0021332333496316,0.9971317256888361,1.0113099059326112,0.9993390562121277,1.006282401056005,0.999856913499148,1.0048987788788932,1.0062641967539248,0.9970678630534439,1.0003152104618418,0.9890889114608258,0.9952476146015773,1.0035972927432601,1.0021908680361438,1.0032321586243607,1.0053293888263932,0.9952375400895449,1.0043434138503569,1.0049860908807422,1.0028537931230617,0.990523922541612,0.9970123642943564,0.9967316943750318,0.9917979600958394,1.0016308937726237,1.0017949669043653,1.0049529513355908,1.0023091560744162,0.9964019064054355,0.9977584968062283,0.9989629614790995,0.9971408875640884,1.0038200663127648,0.9975343786887897,1.0026274321740787,0.9990863935282657,1.0131426570213122,1.0016614474527834,1.0046118316241766,0.9995694487028761,1.0016281325138423,1.0017826246985153,0.9990912741006216,0.9978385359448486,1.0028934926976882,1.0001383692480996,1.0025153038952324,0.9987061903027801,0.9856923734003061,0.9939225747323114,1.0008262944879853,1.0004177879907892,0.9932186075984066,0.9991318315785298,0.9995268199621034,1.0013879731915207,0.9989529046447979,1.0033836018471507,1.0005848589756647,0.9991932418410399,1.0074697766093035,0.9982202777556597,1.0047607509028922,1.002693200295218,1.0018724478382741,0.9966226205583548,1.0000388094559798,1.0011887259236016,0.9974315210640285,1.002139986135864,1.003071160482593,1.0026317407978815,1.0007087361275155,0.9990548052659078,0.9964889531408819,0.9992366013749134,1.0031682564731734,1.0021371543912123,1.0022942160887758,0.9980108895276207,0.9997985185774341,1.0005000252848029,0.9940206208866833,0.9975433448392087,1.0009738405185054,1.0026920624162774,1.0045768555671362,1.0011305631285983,0.9932637227562721,0.999348507810052,0.9983384006172712,0.9980132247491593,1.0039998372158814,0.9954263225165169,0.9998762601352734,1.0018080528458793,1.0051154234411588,0.9969960831921133,0.9964587620198924,1.000509357579391,0.994259109098306,0.9898449316390552,0.9944727824951343,1.0004728978144117,0.9950988214437517,0.9946531222541438,1.0124556053699887,1.0093591214370972,1.0024850384231503,1.005184840574325,1.0012382815786753,0.9946160573644838,1.0023397443453994,0.9987900904494272,0.9933527548480723,1.0023920736342762,0.9992256088199044,0.9949077373660818,1.0054518079606523,0.9978281173464858,1.0066212356797692,0.9951199749368914,1.0055150876861627,0.9987539710233122
99,2920000000,1.0015845973707176,0.9979743870186143,1.003880027815717,0.9999256433424405,0.996139548733224,1.0036282338771014,0.9937729234409043,0.9967892521864232,0.9959960714786731,1.0009244394446593,0.9978136629597661,1.0074467364856625,1.0000592203330096,0.9971303353384036,1.0001575704800516,0.9977613509035373,0.9971497013510954,0.9940625167025895,0.9965435613320336,1.0019865883497794,1.0025627772028114,1.0053694764069474,1.0010658261905265,0.9965735484802895,0.9969130784181407,0.9970752005897588,0.9952990583711753,1.00012195028529,0.9943369976860644,1.0025420658175463,0.9985669820969765,0.9913000781041218,0.9933618788906079,1.006788743088043,0.9962872267982665,1.0023331551774872,0.9996922450452495,1.0006205843823943,1.0005904028705754,0.9946479512058627,0.999806845844075,0.9984623083750891,0.99992920317269,1.0027514288585728,0.9980604368044338,0.9994406856584662,1.0044199114372276,1.004043062292989,0.9993929381033966,1.003316155296528,0.996334458758395,1.0015531563447695,1.0029481879866282,1.0043572985429148,0.9985277951248613,0.9932052647585138,0.9996950129363952,1.0013930015751475,1.0048375534666378,1.0010972842818395,1.0000131792666673,0.9981828194927866,0.996162917671378,0.9957593398483401,1.000323524435013,1.0049672667955942,0.9931721860212329,1.001974117523101,0.9976268179972644,0.9993430069483696,0.9968310109346373,1.0027236860332145,0.9951996197399952,0.9977751565414794,1.004484194178337,0.9957900079541507,0.9999339554868668,0.9969132134049026,1.0024705642651175,1.0032669197930537,1.0000636869225665,0.995972723780418,1.0009928282539835,1.0005010970209816,1.0018049551930004,0.9962800427291287,1.004518783020986,1.0012479997767212,0.9999859947979122,0.9981809446794365,0.9956825885420932,0.9954069757077795,0.9995592466143471,0.9953171959411786,0.9990515825844145,0.9996109213234261,0.996471411518565,1.0019380120342756,1.0049268103197089,0.9990760874350473,1.0036498507318115,0.997578294196957,0.9980187646215247,0.9946976995145864,0.9997839507824695,1.0047119093081804,0.9964179544742834,0.999116916995802,1.0063496966720007,1.001432033545043,1.0000962513480394,1.0004049812562132,1.0018403412713495,0.9991701388668591,0.996797222721282,0.9927497719927487,1.0025532405397182,1.0008027586619213,1.009144333766041,0.9978213463548535,0.9995384278393156,0.9929419831131296,0.9963240212743887,1.00124397392442,0.9930042523873439,1.0009235581562106,0.99562809525285,1.0000349718440016,1.0065092456218843,1.0033152063813693,1.0043576955328677,0.9992824363277548,1.0039653480372503,1.0030985973510138,0.9999490486797924,0.9974016772690314,0.9971845034713199,0.9962102393825785,0.9985593490854351,0.9967504176414478,0.9992476037403962,0.9994720078906576,1.0065548626177039,0.9998194183549802,1.0036291332488174,1.001181870496036,0.9999784170495999,0.993914925827046,0.9989975256770605,0.9922956387801011,1.015347607441636,0.9993962863794879,0.9969134668238487,0.9985595172688362,1.002527708307321,0.9964313283972108,0.9984192763001931,0.9994391213969692,0.9973099332750299,1.0057801610874313,0.997182672684599,0.9994844510431493,0.9947675791624879,1.0050470431624436,1.0022724598807455,1.0042785497202984,1.0043246163809578,0.999237748572192,1.0013861459121602,0.9970924190523189,0.9961605522904824,1.0012697730129798,1.0108379534375773,0.9961331072319227,1.0060691395943324,1.0033939029372838,0.9965535932522328,0.9985840738563538,0.9924107604953768,1.0035144674193286,0.9973448158542445,1.0043645449041172,0.9976602474277337,1.0018982519295179,0.9978357708961375,1.0064603133738155,1.0044742993193363,1.0048081569723732,0.9968111635205699,1.0023744098226488,0.9902648796819902,1.0033829212059808,1.00141437880648,1.0019661318787851
