,0.0,1710556955.0,1710560587.0,1710564220.0,1710567870.0,1710571503.0,1710575136.0,1710578769.0,1710582412.0,1710586045.0,1710589678.0,1710593311.0,1710596952.0,1710600584.0,1710604216.0,1710607849.0,1710611490.0,1710615123.0,1710618756.0,1710622389.0,1710626024.0,1710629657.0,1710633290.0,1710636923.0,1710640565.0,1710644197.0,1710647830.0,1710651462.0,1710655104.0,1710658738.0,1710662370.0,1710666003.0,1710669636.0,1710673269.0,1710676901.0,1710680534.0,1710684172.0,1710687805.0,1710691438.0,1710695071.0,1710698711.0,1710702344.0,1710705977.0,1710709610.0,1710713251.0,1710716883.0,1710720516.0,1710724148.0,1710727789.0,1710731421.0,1710735054.0
0,2810275000,0.9999377800823538,0.9988264321693198,0.9923679508493332,0.9987828352713415,0.996119617561048,1.004348592649879,0.9980158465080956,1.0002160376053715,1.000423858358069,0.9950320626846585,1.0016281126577933,0.9982822320049672,0.9975056942112404,0.9985739670903753,0.996456921188559,0.9985957369491448,1.0014626962909938,0.9986634885866752,1.0035760642936131,1.001435819898199,1.0026760681856457,1.0039326897980594,0.9995351843022287,1.0015902107867294,0.9958641705667641,0.9997304219884438,1.0002656899285036,0.9954058108082355,1.008462095723754,0.999565209017607,1.0023234787902926,0.997776064141043,0.9954038303455979,0.9946458852172491,0.9983829799839804,0.9910495803143804,0.9954345529344597,1.00394925228065,0.9967096447252901,0.9973453935278757,0.9983117285786838,0.9971610481392761,1.001179544932071,1.003776811897086,1.0004876038721395,0.9985886188635301,0.9998753252528746,0.9969984421819206,1.0024649007200674,0.9948927617430752
1,2810550000,0.9989529959389983,1.0019857415843858,1.0015057389469684,1.0012534116156075,0.995536912577481,0.9984249224219168,0.9991458626181369,0.9936039047878993,1.000811007593407,1.0009835071658093,1.0023498067151033,0.9970725309939229,0.9985534009064839,0.9998222004558939,0.9998123501954469,1.0002732573669753,1.0011006663725317,1.0017208423526671,0.998447573546487,0.9999581347652694,0.9990077409038103,0.9979766889757119,0.9982076276095564,0.9996770241210888,0.9961891291203689,1.0030068260010294,0.9984164730401877,1.0045172524879424,0.9945639438411853,0.9974072806787695,1.003729111770587,1.0010286630322678,0.9994268090386583,1.0023165830158882,0.9948262460542487,0.9973696518513918,1.0013280450614408,0.9997032771129083,1.0010979666244186,0.9986012846894594,1.0039592723183297,0.9990799495401412,1.0035227465640617,1.0040544500427915,1.0002756886663653,0.9967198583379807,1.0006844434939917,0.9976748375405344,0.9980138234380362,0.9994207166542302
2,2810825000,0.9981844899618464,1.0002459424229753,1.0037022762279915,0.9995406987310149,0.992280589001127,0.9945562339097489,1.000683039673592,0.9912066409966235,0.9935189460274348,1.002884389975503,0.9962696950120287,1.000393709158453,1.0026386152540638,0.9969529467753457,0.995949986155419,0.9966230873297437,1.0019432460550324,1.001639182563739,0.9931928056794737,0.9963379096972629,1.0014564732580047,1.0004023501800283,0.9990716663145647,0.993671533559314,0.9975792383350729,1.0013682068496659,0.9987455299165734,1.0030601855652264,1.0033825004373922,1.003191215635276,0.9999255174547106,0.997007163255179,1.0010296492018487,0.9957745076932266,0.999384576093085,0.9953947516050269,0.9996136266152812,0.9977995640044128,1.0007944249298344,0.9952450534464069,0.9963407816085393,0.9948541631141427,0.9942419399248779,0.9984268876802654,0.9996006093698324,0.9978327634672421,0.995130438825351,1.0009521169568785,0.9976219444362882,1.0030486576957662
3,2811100000,0.9980161747739273,0.995955915953045,0.997628466593452,0.9989951738720708,1.0007200611470257,1.0056249953307153,0.9975126648519351,1.0023340053548297,0.9950527105994692,1.0005554284826859,1.002243419935726,1.003748996661191,0.9977869945590695,0.9977372144280091,1.0024836043838619,1.0021180542337436,0.9992643448257463,0.9957423522934825,1.0028572145477783,0.9999046635163961,0.9990105839487567,0.9966096013592035,1.0050877083309595,0.9934892774158396,0.9969573177517416,0.9962615955160556,0.9982528180197058,1.0005752128494745,0.999945707496976,0.9977710932691605,0.9943176574251144,0.9979746798265492,0.995966759664599,0.9970705425837375,1.005818088822448,0.9971630563688899,0.9994223497114022,1.0012297482028005,0.9995246922154463,1.0029877483519738,0.9959762198954735,1.0005954443180824,1.0007195313778445,0.9980413799096216,0.989450019441842,0.9965068275546267,0.9961844623361542,0.9974105287802951,0.9946035307083676,1.0003343027551779
4,2811375000,0.9938324538702955,1.0023981277887075,0.997849901002746,0.999459464532052,1.0024102669409738,1.0039715011313135,1.003241916755909,1.0014904420127442,1.0061398801211778,0.9959669264330522,1.000976644666103,0.9974537648030841,0.9998732902660219,1.0019956525290408,0.9973531336973138,1.0028093336424317,0.9958946993726029,1.0007800539920002,0.9948045460487279,1.0038860920898214,1.0005477826827665,0.9991118703204165,1.0055626862439284,0.9987045131197723,1.0022122621231941,0.9974984782028707,0.9951899316474381,0.9985600532909864,0.998700866025363,1.0046468277013922,0.9993687734738669,1.0030095551122595,1.0030714003017798,0.9975078027322607,1.0030171185129604,0.9964461730952616,0.9957152875546308,1.0032481669757674,1.0024320645952114,1.0009474339385656,0.99754221858804,1.0031395112681545,0.995642335186503,1.0017814914558625,0.9999008848218803,1.0010999659499018,1.0015875363653897,1.0023297710205077,0.9931027821785116,1.0059045593178706
5,2811650000,0.9999040309574232,0.9981843660088916,0.9991072739901042,0.9944844327823528,1.0019240197816253,0.9987104896668632,1.0008146139694718,1.0000307194149527,1.0036528654239862,1.0048336273998995,1.0013848391843267,0.9944670006487559,0.9991724820583122,1.002864888540319,0.9970292446269962,1.0014013588633004,0.9990863469188784,1.0016755575336111,0.9963550877442439,0.9988097050789185,1.0017637768967051,1.0006276674018406,0.9999200177410045,0.9982596950233257,1.0007040816334067,0.9992886391254036,0.9984194914828767,0.993446826661166,0.9907219819462342,0.9965415911908574,1.0015203311964644,0.999553795067053,0.9961033011931599,0.9992756903016158,0.9938850098193642,0.998939926999224,1.0010134287720596,1.006498210701499,0.9954266686134262,0.9933035326073765,1.004524179059637,1.0030793378416232,1.00140933676911,0.9989918781990922,0.9993376327924319,0.9958133958361561,0.9956190647710281,0.9979179887956344,0.9970374303960241,1.0026114446422618
6,2811925000,0.9980162200179037,1.0016943485623013,0.9980184393412432,0.9992406781748746,1.0005038337901857,1.0001683217839994,0.997370607308379,1.0030879872330742,0.9980817381099668,1.0030020749641202,0.9954578918733903,0.9974891526806887,1.0019518522514173,0.9948616887675514,0.9952678572734526,0.998915866197726,0.9965116749311249,0.9995071415782013,1.0018125918208036,0.9950624113125922,1.0019109398047559,0.9992781487775851,1.003007418027706,1.0002437179187622,0.9997102870194502,0.9966968844307271,0.9978796919742994,0.9985574608213453,1.003865287904173,0.999455435007236,0.9974735700656088,0.9975645463809634,1.0021724792701965,0.9952496076531703,0.9963916663239349,0.9953233287096873,0.9950639002348047,1.0013902998142457,1.0008909370135564,0.9991350223990121,1.0009079193395227,0.9995063874098326,1.00330721686593,0.998840544579713,0.999709591384796,0.9962965098731671,0.9959616427153104,0.9964627266672926,1.000451157191645,1.0021607629656515
7,2812200000,1.0006708196025011,0.9962382178840913,0.993564725552843,1.0039788748914071,1.0003765698111398,0.9937610065141337,0.9932241254996423,0.9975444934021053,1.0012323607135567,0.999608457081749,0.9965227634582846,0.9989913158494174,0.9957224722571216,0.9983912224554986,1.0001906385827957,0.9981246458824397,0.9976039627842003,1.0025506299088525,1.0013836771569653,1.0021358132608227,1.0014828115043,0.9980850048280706,0.9981368895198377,1.0007810680427405,0.9983325174963266,1.00624451687448,0.9980008678551797,1.0013273036879158,1.0049608703187702,0.9980455904440829,1.0001043713132813,0.9966951470064318,0.995314493805231,0.9996871465252213,1.0048106747381007,0.9993862457035266,0.9972820192064549,0.9971172989816337,0.9993037984680744,1.0051177255549129,0.9983901841470526,0.9999751594851239,1.0010468689568417,1.0016387585967461,1.0025267075209743,0.9936938366951981,1.0033209562367194,1.0000329896511815,0.995780331574779,1.002085505045342
8,2812475000,0.9958549882790625,0.9988675377390345,1.0003757243391476,1.0046223446631704,1.0031977777302052,0.9979076414227497,1.0018278079575715,0.9952645388273529,0.9943146738040209,1.002923871399027,1.001905997875681,1.0029336546374872,0.9990759799650372,0.9934799362976526,0.9970624690165061,1.0001745286115624,0.9945114138205294,1.0011961178495297,1.00429614986229,0.9948017603678524,1.0014779451164513,1.0010779141679864,1.0104427475344335,0.998231777753443,0.9952817818389156,1.0064700779039781,0.9988703081783429,1.000887770603024,0.9961580966411621,0.9986567294722959,0.9944317165162433,1.004570302129265,1.0042122791441401,0.9943873670575215,1.0028309449940078,1.0044440487292134,0.9995813885610106,0.997284282331139,0.9957959708301393,0.9912208712667573,0.9970275270927689,0.9942190213108889,0.9940892223390814,0.9961812817318174,0.9998756245026615,1.0010923447748534,0.9981003377127116,0.997161637959422,0.9988172715902512,0.9952823086516484
9,2812750000,0.9996887734411363,0.9943099490507895,0.9959267699015514,0.9984078997098453,0.9985475726287865,1.0007826610700885,0.9958332328680775,0.997970268533589,1.000905005311121,1.0014672446755728,0.9981490451767094,1.000676300484085,1.0035121852622317,0.9978611442000601,1.0010664909829459,1.0022902153635427,1.0017970022146296,0.9978205126437046,0.9964226801616642,1.0008791740674803,1.0021186970178992,1.0034130695517507,0.9961321480367514,0.9959865051069576,1.0011821140683612,0.9963672126346342,0.9998183553578744,0.9974403410684558,1.000353645322628,1.0004143587448786,1.0018664305219394,1.0049412817580154,1.0003174050012633,1.004868921910707,1.0019006878754362,0.9956633019962092,0.9978412778006294,0.9933034634364851,1.0034896893689391,0.9994229269781609,0.9977621655393456,0.9924656557197451,1.0037559305060766,0.9963789539005579,0.9924494763989812,0.9984116981029282,0.9997645215009334,0.9958232930283553,0.99296002401165,1.0027104800403308
10,2813025000,1.0000651914880188,1.000473920742939,1.004344578751289,1.0001641485530117,0.9957981403642235,0.9971263705718745,0.9934915530836118,0.9986808798233989,0.9982740584772086,1.0001203374443906,0.9955346216129582,0.9979592762324763,1.000492736757127,0.9922998864723409,0.9948074748347953,0.9995132838431621,0.99767749718402,0.9965985119823458,0.9978405569448241,1.0041078912724237,1.0038469512937336,1.0008512399369793,0.9972581369859447,1.0028833797571408,1.0062511839949957,1.002439875194916,1.0027997919066565,1.001683663880653,0.9976779668367121,0.9968955305588162,1.000630857044937,0.9976472471943637,1.0016268164833935,0.9996359705134766,1.0018296442009258,1.0007027383487315,0.9967217075976335,0.9952799058195335,0.9946623063830605,1.0022054780222043,0.9965570882840177,1.0050453975161315,0.9955203319606256,1.0002509602995524,1.000359872838447,0.9982070129856833,0.995034145080456,0.9993717110956254,1.003649998477483,0.9987943142216654
11,2813300000,1.001531411708963,0.9974169712655967,0.9968533493206969,1.000575508295138,0.9929418121324092,0.9981641270188112,0.9989334022768672,0.9996687383998147,1.0013464920186192,1.0014859426706577,0.9965535618755177,1.0025998958551536,0.9991155811443505,0.997070406218021,0.9984820620710703,1.0029979816179055,1.0030890651436906,1.0011805054820282,0.9954278180596016,0.9997872205886846,0.9966102554108847,1.003263984577619,1.0024489302296304,0.9993939692273573,1.0008065814676765,0.9957420807181987,0.996230907746753,0.9995860711189009,0.9964799451670274,0.9973957295417103,0.9944087284103251,0.9949807143058438,1.004413513580877,1.0002300999480722,0.9950191495252193,0.9986577409190706,0.9976643224096629,0.9965036881540879,0.9971126792854783,0.9999039425147802,1.0012741361741166,0.9969542580330256,0.9989706744183475,1.0019765485328334,1.0048429817284406,1.0005285892151674,0.9998197672340525,1.0046328837572505,1.0018717621457032,0.9967239886551142
12,2813575000,0.9963824663893169,0.9971673814842857,0.9923618006233696,0.9957504002904449,0.9981698617077474,1.0039718359531256,1.0030116116787433,0.996246710792224,0.9992683682172594,1.000211073192499,0.9954052567000702,0.994431665104046,0.9969014703621262,1.005350947216779,0.9974816133200523,1.0010710627586012,1.0004809748215169,0.9991359789061581,0.9992587912134794,0.9968139523466416,0.9967031957339599,0.9977476202497697,1.0049471847653717,1.0001855841398424,1.0037100972750828,1.004102254230097,0.9970245020633611,0.9949492207339297,0.9932556452714688,0.9984284725853706,0.9997376345236341,0.9959252206775036,1.0007071547566433,0.9930065380041668,1.000844343878339,0.9986495116936434,1.003570345383631,0.9991653154438107,0.9987235642421366,0.9974187309442005,1.0020898838122423,1.0008953515492207,0.9987602564963647,0.9985948066073618,1.0009946406379537,0.9946520638955892,0.997000600340715,0.9963789328359961,1.0004263407321023,0.9940531070113483
13,2813850000,1.0036138523138096,0.9933466490191017,1.000502553026567,0.995055980354194,0.9970581031889129,0.9991858725135303,1.0010292381716883,0.9967293488410799,1.0057013768095084,1.0004427272790546,1.0013216531803277,0.9958756781235507,0.9948983486405034,0.9970433954075184,1.0040410929759116,0.998436244720146,1.001617288934389,0.9982476161761789,0.9969360650414373,0.9998620431502792,0.9994390779794905,0.9990745512052608,0.9952254103032999,0.9955617326006263,1.0009810739588882,1.0058232183178957,0.9967670727171396,0.9995083293828652,0.9959163962119215,1.0036445361547333,1.0024995837050583,1.000975198912555,1.0032545258633898,0.9933392790878129,0.9984904054981966,1.001130962887098,1.003338565779986,1.0028079594607486,0.9989068773935499,1.0001448703963813,0.9972978822284212,0.9999288050092267,0.9929079744469155,0.9978480415052094,0.9994623382570073,1.001042753262779,0.9962808479158759,1.0014453619738846,1.0005586366769896,0.9959680706774852
14,2814125000,0.9986232697469406,0.9956192020545614,0.9996584017329229,0.9982507737696018,1.0014737908117182,1.0005097276974209,0.9953822583735376,1.004264992159409,0.9936615287246366,0.9972401663264432,0.9995293099296186,0.9959703249772924,1.0026485150925064,1.0036231795844783,0.9978851712008961,0.9987636547235105,0.9980536659730044,0.9994767729697146,1.0012509679639903,1.0016517332835015,0.9978347831098684,0.9966400680285735,1.0014218213305357,0.9937116293131217,0.9978323125758796,0.9980017681249281,0.9997548682701493,0.9962092972504153,1.0013711448038813,1.001026932781871,0.9980428869827399,1.004541868528536,0.9978936278408855,0.9970188611429607,1.0019773210349374,1.0010021044612123,1.000174958538657,0.9972008079021077,0.994848808109072,1.002982030802009,0.997564961228246,0.9985040767716405,0.9989818171054591,0.9989819507938386,1.0038320813131234,0.9963492441075258,0.9951497641864167,0.9992095736124008,1.0055958840306318,1.000629872354398
15,2814400000,0.9999727727149218,1.008318692215715,0.9990360043915696,1.0040116652888624,0.9988903449804021,0.9970119400120732,0.9982712358656178,1.004669941337321,1.000155976984183,0.993160458620816,0.9966857405464002,1.0055401937296093,1.001238987479245,1.0021500065080056,0.9979247832906363,0.999877307638424,0.9983347391301632,1.003457818875788,0.9970234462892502,0.995894550767224,1.0001184316803409,1.0008523607839341,1.0039587156714784,0.9987853570318747,1.0009677820085194,0.9949641820324517,0.9982899101094672,1.0004125588591937,0.998266411567159,0.9962927040637077,1.0003473284601914,1.0035281815632076,1.0004954083827224,0.99503317618812,1.0019355482849581,1.0021299012176652,1.004495252109673,1.000096683336189,0.998286177110084,1.0066416813699095,0.9957029620680421,1.0035882484986351,1.0020742971437657,0.999951064771626,0.9985595521531241,1.0019130245627206,0.9956258202220092,0.998678627295642,1.002675307749592,1.0023583896133659
16,2814675000,0.9966534114398188,0.9984455182993024,1.0024716397527764,1.0000102408264542,1.0026762032194905,1.0007998591111265,0.998837989104798,1.002438076738844,1.0008115508170201,0.9954778571003778,0.9965333289689011,0.9953904934202913,1.0010307040467747,0.9921354347457826,1.0024355718603422,0.9973683702756985,0.9981686923853283,1.0023903745317286,0.9982475925777348,0.9946829929545652,0.9996400451862039,0.9996609503203372,1.0036694655290712,1.000606377528543,0.9959586853339235,0.9971132424846182,1.004559230682665,0.9983461248232225,0.9981372734898312,0.9987270529925751,0.9983258861708421,0.9970751538143765,0.997882922507072,0.9973421680678497,1.0015366380382633,0.9948612126247378,1.0033487337485143,0.9986084709903318,0.9986988266324766,0.9993588537298365,0.9958537166998298,0.9995557896810885,0.9949411285209978,1.0006796506337543,0.9967631813982716,1.0028768352405637,1.002485399710414,0.9966149772725911,0.9958464992571894,0.9981415413755237
17,2814950000,0.9990982663335751,0.9991851853050694,0.9992063358802521,0.9988270253654654,0.997489940140491,1.0041551922434253,0.9977553365256213,0.9983843852993318,0.9972859869371832,0.9997007076385676,1.0047604420135434,0.9994318452784247,0.9999157085259823,1.005665892380039,1.001753675693834,1.0016033181716273,0.9955329816707986,0.9999485800476406,1.0023861713513427,1.0004148984418995,1.0007486362698061,1.0002751372491738,1.0005500444527213,0.9956469259329958,1.0012777676569515,0.9973838894109652,0.9980177693487641,1.0024517346981547,0.9981588907098417,0.9988846753171932,0.9968251305687836,1.0033528246926064,0.9990727378332508,1.0011576917750775,0.9963522387161713,1.000464256126532,0.996608796022883,0.9972318991332519,0.9969236558796987,1.0010921170378901,1.0011672389910409,1.0000725282481355,1.0011858313619353,0.9974723141754749,0.9988677457223265,1.00500566841188,1.0008625974235732,0.9953537630734135,0.9969231708907822,0.9984176671305874
18,2815225000,0.9993586627894713,0.9953051132968115,1.001229630348586,1.0022493949282631,0.9935390402263885,0.9941509644175137,0.9970678710160329,0.9967289862968564,1.0042697831896985,1.0015691421522512,1.002564830500964,0.9998928385967857,1.0017733890951797,1.000643871869713,0.9929347167991605,1.0064748553200416,0.9981806121338601,1.0035687620052194,1.006924106490992,1.0004502607722356,1.0021920563448208,1.0001499628868296,0.9984843309236632,0.9964739068421471,0.9991676440120401,1.000012421101193,0.9980548412938313,0.9971713004580824,0.9931435222905813,1.001433936745043,0.9964110391146275,0.9993798377253226,0.9976514768015549,0.9970849400015959,0.9931282463368709,1.0018480229710027,0.9973730574434593,1.003073597532446,1.0011835313190864,0.9972606607800558,1.0015133894346326,0.9986890397886586,0.9952155810046852,0.9933097148540183,0.997354498196257,0.9983511349267254,1.0000863449506778,0.9939681003484706,0.9998255065919383,0.9977522509584903
19,2815500000,0.996283443021037,0.9972988265333477,0.997023920386221,1.0016712205552603,1.0001699760515668,1.0078306173915008,1.0056494658771058,0.9998521985892608,0.9948995287336078,0.9973365971279674,1.0027578967138835,0.9982539965358783,0.9991309373270637,0.9958882543135786,1.0002096581534752,1.001889258162584,0.9987996565636086,0.9997379061583681,0.9971493118067565,0.9977690054622557,0.9946573131937235,0.9939106575261424,0.997751308026683,0.9957527356520423,0.9969570432354491,0.999688982870761,1.0005421561559242,0.9979867815424934,1.0003223364442417,1.0035580039965168,0.9983980063740215,0.9970596976711439,1.0028072396374899,0.9969221125855605,0.9968774513562405,0.9973479891389658,1.0009562000009669,1.000430959463625,1.001535308831042,1.0029386513023224,0.9970690144005675,0.9951137003793327,1.0021813067206067,0.999313228392031,1.0014545740824006,1.0004121447012435,0.9987553097801564,1.0019478689278918,0.9994219493570801,0.9949105176618583
20,2815775000,1.0001215120321505,1.001604534078139,1.0042207350000274,0.9991874657546933,0.9972231450668183,0.9960393981899868,0.9987378933122725,0.9941135204980703,0.9982133777932244,0.9971342863425073,0.9991647649656897,1.0012811305635487,1.0003406687496188,0.9975631846718015,0.9982545366190393,1.006078753540124,0.996475844191542,1.0011561395137778,1.0038489952419911,1.0029743366709594,1.0000285089241632,0.9980377577038496,0.9971607210911292,0.9984135203078662,1.0050237914408664,1.0041650022447994,1.006047807027634,0.9910778521059248,1.0003880715698914,0.9956675529367557,1.0021031194274241,1.0037110279064774,0.9960914591977965,1.0006704375606195,1.000855589666924,0.9959466539346167,0.988059496013138,0.9971882072866343,1.0023126976856986,1.0069148412733473,0.9968295271522212,1.0031386586453748,0.9999342220601212,1.0064810735458358,0.998610357571578,1.0016088675552433,1.0017006289163064,0.9973233094839771,0.996224185075701,0.9972678282139722
21,2816050000,1.0011658382448836,0.9994688552118539,1.0031612623221358,1.0003564399313203,1.0010329287241,1.0001748578954284,1.000727974303254,1.0000789650222284,0.999646021995517,0.9951458089628143,0.9973356496471447,1.0022855389815608,0.9996107659191819,0.9963907506177853,0.9995339497969798,1.0043922973853945,0.9964469233855152,0.997829442222124,0.9963259923974247,1.0028964837135068,0.9980233196805463,0.9986084306373856,1.0028849087503016,0.9988613006360818,1.0008439566400724,1.009530778813949,1.002802915081961,0.9986648455386968,0.9952532343146023,0.9997897481609505,0.9951649823094266,0.997994664204947,0.9958381095125344,0.9986741754371722,0.9944164049460431,0.9977091453905967,1.001758662443699,1.0013287854880493,1.0028016978588978,1.0028954129546546,0.9960068914157043,0.9964833769703061,0.9996047590733058,1.001212029920155,1.0001780488163194,0.9964977776090892,1.0001876850374032,0.998058710279134,0.9979977275040168,0.9962039366487014
22,2816325000,1.000114067381101,1.0052517616827912,0.9965794745712879,1.0037339224137574,1.0027933616973943,0.9995868546674747,1.0070894740737844,1.0022053691925414,1.0012282215298405,1.0006074043069249,0.9937964712320827,0.9984014767037008,1.0053796562974937,0.9980920476188655,1.0008556060412526,1.0039366488676023,1.0008996541831525,1.0002926819140594,1.0002660499519387,0.9995905783215006,0.9999985243725602,0.997374582761602,1.0011850783191731,1.0055760004580347,0.9976931375017201,1.0007980434015156,0.9954803332858747,0.9997576170856242,0.9998460819252757,0.9980855303096522,0.9990896001941012,0.9971341462342233,1.0010462393411197,1.0019073191586636,0.9946418769314642,1.0001058535766099,0.9976799279219919,1.003270703615663,1.0005406477896202,0.9976792081518069,1.0014449840032866,0.9986188820165075,1.002707733226447,0.9950930442578091,0.9984154811645578,0.9980306040138542,0.9962591534862143,0.998366110082476,0.9951281171061612,0.9992537895809155
23,2816600000,0.9951979894236845,0.9983366497446928,0.9993540184107604,0.9999007873069666,0.9998419954812201,0.9994575358213056,1.007062370026527,1.0039708605256925,0.9987077420493146,0.9944960516429819,0.9988142137953098,1.001990252520881,0.999853111652783,1.0045115687667634,1.0013122005521504,1.000565200459867,1.0008666427937318,0.9994798244320341,0.9951413082213013,1.001597971734507,1.0046552720233564,1.0027510723438693,0.9979745548986694,0.9986877150100368,0.9987805407703876,1.002858250700183,1.0025870546742959,1.0024427752626957,1.0016221742517297,0.9959674733317132,1.0005205249487699,0.9961985470279171,0.9918014026703855,0.9959023049633463,0.9989932064635786,1.002962685620004,1.0000358129120919,0.9989452539348838,0.9996087772814424,1.0031368687027333,1.0008790166086894,0.9986938806207122,1.0005218643974023,0.9982617195611168,0.9951638470336376,1.0020620046362505,1.0018512846259071,1.0035654694770133,0.9969620622622858,1.0012423142054439
24,2816875000,0.9996876439791663,0.9989978376149506,0.9999660217733015,0.9992990738207096,0.9997918785855984,0.9985594440389726,0.9958492657002419,1.0007589590712755,0.9987601485151072,1.0035349714113624,0.995712327544151,1.0035111844155589,0.9932827377504228,0.9997141322485235,0.9965841213075646,0.9959743769894006,1.0001820874321523,0.9978578388200817,0.9989223383788612,1.001691215642893,1.0029527275785801,0.9980545102817213,0.9996113366498282,0.9986256634547025,0.9961248774913487,1.0000806512397282,1.0019682987811303,1.0031995384255463,1.00104989947553,1.0047115523701282,1.0001043234871636,0.9986618812169334,0.9973969912882048,1.0017571664542395,0.9967270947777515,1.0025772572446925,1.0010639839213373,1.005119025172726,1.0013409752599347,1.0008659839585001,1.0056432154864396,0.996935823669532,1.0026449609349914,0.9993499788485861,1.0028683945003294,1.0006595242361098,0.9970181374792408,0.998520175269295,1.0034959883473724,0.9991778604240807
25,2817150000,0.9993956903197275,0.9952803578643743,0.9954488951709295,0.9964910637722333,1.0038845442109048,1.0006791784662177,0.9997196214172441,0.9983497880692822,1.000252235039359,1.000225173163909,0.9948416169751831,0.9982017074124471,1.0018545419963183,1.0014676520577792,0.9983993109563646,0.9993895728859851,1.00272126773781,0.992921083072194,0.9976098005327785,0.9917796126128617,1.0000251345253768,1.0012643316858651,1.0015297270657089,0.9953979522417152,0.9935208805087645,0.9995681324485248,0.9995376707790056,1.0023713345009646,1.0009342006578976,1.0010190138408996,0.999518512656195,1.0048389817921064,0.9984856018973745,0.9947614416397548,0.9986244572347978,1.0035646601945165,0.9988827020515052,1.0005399045069283,1.0034781421578687,0.9943516690066273,1.0015510868817132,0.9978518555401119,1.0017164216746977,1.0005246337048275,1.005223939805073,1.0054959715099538,0.9938463470461862,1.0016365766837263,0.9981255456522331,0.999754833745232
26,2817425000,1.00425238524576,0.9958565512460342,1.0053674922484883,1.0010391245049195,1.0002880884986745,1.002465070280627,0.9958105797014104,0.9967576119261876,0.9991541893823869,0.9999487775782246,1.0000245703183361,0.9975978590376369,1.0021885882518606,1.0000996544439313,1.0001656853081253,1.0006820353304673,1.0012819425666715,0.9986643578291117,0.9990834379308187,0.9950556201020626,1.006173910906965,0.99893646758873,1.0026939251987692,1.0068883542671598,1.0019186713587411,0.9978329307913536,1.0011112908510547,0.9967632458372777,1.0010709074616904,1.0021255371645732,0.9987350442299472,0.9972538010148637,1.000804535944659,1.0062125622263092,1.0001649727749655,0.9992214874570715,1.003789247007827,0.9999885204996066,0.9969782620223834,0.9994502223210265,0.9999393703999808,0.997534279347454,1.0024184687180073,1.0063408196932475,0.9996399134892892,1.002146747361611,0.9980351866178764,0.991398322327342,1.0002492655165782,0.999425729378852
27,2817700000,0.999867432654525,1.0001593287625001,0.9981676583574018,1.0020852520288492,0.9986160025490636,1.000197055613769,1.0009874829180958,0.999240596745609,0.9995800161427303,1.002926363302878,0.999269636415678,0.9998999070508188,0.9971488478758562,1.0037514118938973,1.0010638497959325,0.9991627476655911,1.0059515865642559,1.002364725572283,1.0080761718985993,1.0020370612560419,0.9993852304137846,0.9998135471470546,1.0000232058381844,0.9983899074465508,0.9950382983868722,1.0032246239681026,0.9976365505462931,0.9937887031983641,1.0015287793319516,0.9996175702088788,0.9990857438493413,1.0064520227902762,0.9996022264565304,0.9994859766392793,1.0035077142145237,0.9989834060892868,0.9980167148454973,0.9978973346275789,0.9955944486353777,1.0012461750603685,1.0052102462911725,0.9990285018525261,0.9955620341048406,1.0002733528687846,1.0007527724086471,0.9986532772138746,1.003360855425075,1.003229123773046,1.0019109474003867,0.99792589982248
28,2817975000,0.9961784664774042,0.9993657432452357,1.0003817898958245,1.000562824569739,1.000958776341937,0.9974982218731622,0.9938977400737841,0.9967486327342147,0.9967744894899462,0.9993196021634941,1.0003829518620324,0.9986396989187979,1.0010007595152812,0.9951071484306172,1.0073061382511816,0.9987555459585632,0.9983377629878765,0.99366121844228,1.0052385974572313,0.9983501543228578,1.0028557559711286,0.9989418119594891,1.0022710656809923,0.9995240636706395,0.9992864058005831,0.9992255589611071,0.9986453448743786,0.998619055920976,1.0021947242833262,0.997451103795448,1.0013283112853548,1.0024742530312554,1.0029286700538511,0.9936041636531374,0.9987748080492772,0.9993350738559003,1.0002159612727888,1.0024943331786222,1.005569578201622,0.9990317630006914,1.004030901240707,1.0008028272178413,0.999556067799336,0.9996758324429593,0.9939895674793203,0.9998627242539745,0.995410744045449,0.9963229395700531,1.0036529230820126,0.9992679055415405
29,2818250000,0.9964993574337456,0.9959354176124814,0.9975860118091483,1.0052845894417441,0.9985811120439595,0.9929630089498791,0.9966122041170836,1.0027062754201181,0.9974112880789274,1.0025633591795646,0.99999433353817,1.000829006645915,1.000074047946605,0.9978499073839805,0.9996720422733288,0.9976844215784376,0.9953131508793724,0.9933156360042962,1.002143698882194,1.0008213853088428,1.002383549655999,0.9980626333818043,1.0016882785096732,0.9970128137965157,0.998084156624011,1.0038801959525405,1.0081999109620838,1.0006886668561856,1.0041093486925108,1.002374993871788,1.0003371036795514,0.9948667067464337,1.0024968046403482,1.001807118132343,1.0000985162606284,0.9973305368067154,0.9989930731248396,0.9975270348301679,0.9999464330696856,1.0017796675152448,0.9953932550989341,1.0005707034000917,1.0048058283997725,0.9997699327302256,1.002710662925035,1.0008048085514611,0.9981010292438947,0.993972019607182,0.9995086401937043,1.0042765482000193
30,2818525000,0.9968450361349385,1.0013668246911123,0.9998056466759189,1.0021475412587328,0.9998551268058701,1.0006391440686933,0.9971468609398659,0.9993497260217243,1.005765629045245,1.000832973145024,1.0011445503555692,0.9970173488349908,0.9978007295447231,1.0026270381978486,1.0014764656073187,1.0009507891371912,0.9972993862642564,1.0009685972175666,1.0015594442254838,0.9984654653640506,1.005287186909949,0.9977206587964549,0.9964854678292197,0.99541482902182,1.0021998800591991,0.9973539271331012,0.9952032164245389,1.0045262478097396,0.9985459227033491,1.0083151632462415,1.0033963037930975,0.9975104531884145,0.9982922179458272,0.998961511961018,1.0020004757424443,0.9942277001907023,1.000323456613503,0.9925008881138152,1.0007863336340856,0.9982868920627279,0.9969581037337445,1.0011762378225693,0.9995454058711717,0.9982454859084136,1.0046108148026667,0.9991064128354813,0.9979954654012716,1.0009790918657133,1.0019596114251603,1.0019155453111963
31,2818800000,0.9967184677354691,1.0005522398942917,1.009007217979584,0.9954128814446411,0.9954000761247036,1.0027147976055224,0.9959586311604355,0.9968766128112808,1.0016911256250478,1.0052767438715908,0.9962068930405914,0.9977795781520834,0.9996850594224167,1.002919793823916,0.998083011629817,0.9996270468566096,0.9998193498191216,1.005753090486049,1.0008372717753662,0.996266739064655,1.0020766674199675,0.9974003989770449,0.9976142782046163,1.0000290768317681,1.0026321687206377,1.0018335623699453,0.9994518727217263,0.9995614348889263,1.0072116352826663,0.9985541503378268,0.999127101987131,0.9977261413908262,0.9997767512887347,1.0016618228446181,1.004714124271185,1.0017185181314607,1.0059874000228701,0.9961786620505255,0.9978036348969054,1.0000676115553504,1.0039915229683596,1.0026032381600543,1.001829205740615,0.9959751915818535,0.9998461469095691,0.999791509852319,1.0017218522361058,1.002516141406309,1.001419325296205,0.9996611532457259
32,2819075000,0.9962669448361937,0.9982881182771404,1.0014329964825202,0.9976841663435351,0.9983244095717506,0.9996373138342196,1.0039566512556515,0.9952858831894161,0.9987489197208952,1.001169286090421,1.0005461176430788,1.0030027253028342,1.0020855711340537,1.0025804767614073,1.0026025562578746,1.0002005721150997,1.0009398431040493,0.9976818043659258,0.9983826787107944,1.0002107934398006,1.0064000762889556,0.9992348370348781,0.9995338823989368,1.0056534474987484,1.0033829881948542,0.9952658744166206,0.9989625904177428,1.004268547149375,1.0035343970701318,1.00092385360699,1.0002975501798104,0.9959772572012872,1.0042245094956648,0.9968051075069171,1.0048465551949413,0.9973934702646039,0.9997699904160314,1.0029387558627951,0.9977272622905259,0.9991492352908136,0.9968574703929464,0.9977383046652828,0.99984564798585,0.9954371506069294,1.0038592483314435,1.0014902311809981,1.0002062615998482,1.0013455433404501,0.9981026935043676,1.0036314581715267
33,2819350000,1.0035005105447874,1.0009607804913259,0.99790495255292,1.0013803617815584,0.9985867228599331,0.9999967256379876,0.9987547562241765,1.004860275079407,0.9992612325864891,0.9983774667733153,1.0020597457801421,0.9961888953879972,0.9969347666162427,0.9967040571866083,0.9961741035694385,1.000470445156667,0.9996644874713441,1.0059118481379439,0.999571764517303,0.9982378350084348,0.9975921901152606,0.9952791222055042,1.0022167469122518,0.9991764379955,0.9998500372140805,1.0031685836963289,0.9962482798894104,0.9979909370319646,1.0006415831662618,0.9981895752099703,1.0027910497167858,0.9937898614108132,0.99996178583943,0.995710609156352,1.0017970607961535,0.9982328160914337,1.0029293115524598,0.9998115350996446,0.998934089533688,0.9991803824165011,0.9971559412289505,1.0010548121857608,1.0065107127472614,0.997496213620261,1.002122414228654,1.0041982706607433,0.9930775041235561,1.0004444466609734,1.0027052517858828,0.9967174894004146
34,2819625000,0.9969831060823211,1.000886498026801,1.004103162955542,0.9979609845784417,0.9975951302464408,0.9971052128832034,1.0018767326876479,1.0015214893079425,0.999097607025904,1.0031672421258673,0.9991157699362611,1.0017961371958177,1.0000221455823577,1.00195034244517,0.9960655239649013,1.0007879411789298,1.005622381473761,0.9999457271840441,1.0070941082842684,1.002923165902216,1.0021124135352495,1.005015594547082,0.9946766874566147,1.0033864593768436,0.9996191781178763,0.9972546719260253,1.0025906475152166,1.0039677191972616,1.0003186081843807,0.9971292613796975,0.9972449901375289,0.9954618919969208,1.0003269512128203,0.9998330468841725,0.9986815621697654,1.0011199580370775,0.9959536908284051,1.0003419024176596,1.0057839921788083,1.0035294543347255,1.002674185208936,0.9991742900459679,0.9979090367415938,1.0009456834782648,1.0030809714271867,1.0034283719884696,1.0013231106716565,0.996686005655315,0.9988384527164751,1.001665978823865
35,2819900000,1.0038689596653676,0.9982840691167885,0.9997823943761709,1.0074892188759481,0.9949922253628238,0.9980275310233088,0.9957331942884549,0.9941130614626875,1.0013971877062942,1.0022746142412646,0.9984954714595221,1.00061874822639,0.9990126608471113,1.0075150785797276,1.0003270112914207,1.0017901093797095,0.9987114707201385,1.0010153646466176,1.0013268891019576,0.9977591936985772,1.0009694171081172,0.9996706803892406,1.0029359386622303,0.9954756337980961,1.0014865685382819,1.0059293639382045,1.0019898862636714,1.0013045187699483,0.9995991486715236,0.9971511839119765,0.9973550828306497,0.9961815103365581,1.0001818927263588,0.9971128879524601,0.9992175787052114,1.0034022042394104,0.9976853016566145,0.99915502230092,1.0014769450789844,0.9907598852228722,1.0065176807151763,1.0016632322673733,1.0004145128798176,0.9984011006705664,1.005297938386013,0.9988714100744301,0.9946798554591931,1.0037538827869383,0.9987070629615488,0.9993870064490038
36,2820175000,1.0001988234787103,1.0030161195797394,0.9979065875099568,1.0003183421762702,1.0015544924648425,0.9985426118742107,0.9952207918735573,0.9970929715052176,1.0057030694562288,0.9950076523459379,0.9978334534734209,0.996255070284146,1.0051010993715912,0.9985824553958927,1.0002369507542446,1.0044366768928676,0.998961034712664,0.9994468863695664,0.9989666173735682,0.9987025537868087,1.0032844504844807,0.9979767974403779,0.9999988084057393,1.0054241700926183,1.0039934065746605,1.0002474734401434,0.9938964461927475,0.9934661936293784,1.002158372812481,0.9959132843371296,1.0005961065002353,0.9981774577693778,0.9952058438820185,1.0012123911018567,1.0025877086475035,1.0023430578599892,1.0029233241033075,1.0029809065264466,0.9937130451438394,0.9989972885284334,0.9946143291813562,1.0022446696885547,0.9973921080611678,1.0035615806555318,0.9965732397662876,0.9988866336060511,1.0026335426712916,0.9965238908707599,0.9980020450021048,1.0004987137660402
37,2820450000,1.0009063783350454,1.0005578411414784,1.000040844930618,1.0021351907740486,0.9985193423042409,1.0046484768694754,1.0021654589448699,1.0008154022118594,0.9961732565127506,0.9985968090648069,0.9987207943055697,1.0057779921848962,1.0034433103495055,0.99741088768657,0.999172389155059,1.0011931038310113,0.9967903467151539,0.9989816819785106,1.0011536954772993,1.0005958746828008,1.0008575418360492,0.9988775384541614,1.0034068978527673,1.002760906055232,0.9932665472525994,0.9975035956159958,1.0013238321510525,1.002887604430453,0.9994560880009726,0.9992434922911333,0.9993307588113454,1.0041946454640895,1.0008396371983246,1.0008479442154037,0.9948561597775963,0.9928274078670396,1.0012166006205916,0.9990830802593891,0.9979209034669465,0.9900743536731719,0.9974730409791692,0.998558969867869,0.9993889685534504,1.0064728771531255,0.9999869871282078,0.999144174376148,1.0019169506588477,1.0005645567759787,1.0031291623683134,1.0029417907550948
38,2820725000,0.9983692746047681,1.0050748494920243,0.9998143226463472,1.0003233658925126,1.000922540452011,0.9927378891387652,0.9986485188373464,0.9994948284639535,0.9963432335405129,1.004065917806874,0.9954968799637458,1.0032866914073655,1.0008831866641181,0.9984027522375685,0.9986866406311046,0.997552655133973,1.0001221447965132,0.9961840057391843,0.9999105871025763,1.003634456092472,1.003596484662479,1.0048298794631818,0.9975809893712887,0.9986969565501076,0.9988954192365423,0.9920747001791418,1.004071384799856,1.0019117928993722,0.9999243955272573,0.9983011540897889,0.9953240730831251,1.0052670390000586,0.9998890184105311,1.002458173425259,0.9974240552923881,1.0007356565553092,1.0033210040733411,0.9950368562942817,0.999236827260206,0.9939561161959766,0.9996296700542431,0.9976231829628346,1.0035436620741822,1.0005905998289006,0.9974444990059836,1.0047999974870088,0.9979197599389291,0.9948860541423358,0.9957179094557106,1.0011036925505867
39,2821000000,1.0043731308831083,0.9996660642972401,0.9977062672303145,0.9965877996430791,0.9963192864963977,1.0023367702059913,0.9961864990303068,1.0026047721428517,1.000052931075681,1.002564329941862,0.9985172122253512,0.9979182352280664,1.0016782665301773,1.0026808537136263,1.006037636465399,1.0006827200153172,1.0060620953279302,1.0048442028013151,1.0030094919451946,1.003361072225318,1.0018956618640147,1.005992016468178,1.0027133137933648,1.0015370681171365,0.996325152567901,1.0069183804023556,1.0040069515555579,0.9945087845429261,0.9985505132411839,0.9948856803039757,0.9978189745701466,1.0018983247394129,1.0027361400518853,0.9967926016044603,1.001724229885313,0.994741127601324,0.9976777296973898,1.0016470789570964,1.004081889818018,0.9967171304931914,1.0033710129412792,0.9953823707873458,1.0000203764007658,1.002327690895844,0.9993382982654146,0.9961402178146067,0.9995216530042569,0.9987574816410346,0.9975678116871918,1.002540282855087
40,2821275000,1.0037650660922204,1.0041160230789608,0.9983355510409114,0.9992043727704409,0.9974374348328645,0.9995495512981574,0.997014797151152,1.0044854012898192,1.0056659379572197,1.0026169227321926,1.0001941770739444,1.0075235578308004,0.9996544118486861,1.0025681737532746,1.0015532040354864,0.9991235967497416,1.0024158989768572,1.000526752506005,1.000826238631931,1.0011081074920896,1.004441566776036,1.0025537796715893,0.9993645495621855,0.9973501580099082,0.9981647360074605,1.0022515047945988,0.9946974325331793,1.0045951228976608,0.9928751264839514,1.0061533096088748,0.999480275658453,1.002991101616475,1.0056606043694065,0.9999961264762529,0.9977817627429197,1.0036254680847314,0.9982347121543431,0.9953322156461373,0.9957732132838089,1.0002449761563421,1.007529035576266,1.0054003743469655,0.9978900071198382,0.999358123617238,1.0014241076094812,1.0027075364671445,0.9945253501506089,1.0013629592345221,0.9932827144664376,0.9937293750292909
41,2821550000,1.0027342874540506,0.9939859024613998,0.9989197876581571,0.9997699263885602,1.0049747078660498,1.0003025552357003,0.9966880251805637,1.0008521272008597,0.9972254537997893,1.0046485235263416,0.9989200113458562,1.004457512975969,1.0032782759750392,1.0045731217278362,0.9994833962903374,1.0004531256818772,1.0051100676360945,0.9987433890171669,1.0046654350473476,0.9951978187415125,0.9948024176456027,1.0037176148264824,0.9966397935222973,0.9965259131461893,0.998378594105942,0.994699105878537,1.002486623681841,1.0037292773302,0.9988842071752982,1.0003955086770888,0.9951497166171654,0.9996903850152999,1.0036137037134703,0.9978871812629277,1.00162733560114,1.002706850766567,1.0025210205911361,1.0006982138258855,1.0005754561579137,1.0020619811242562,1.001934945465654,0.9938758510885822,1.0020153151091975,1.0046167114017517,1.003198501281218,1.0025936952283088,0.99465814284896,1.0033807533931518,1.0013368755105883,1.0027416631844919
42,2821825000,0.9993287953153506,0.9988646868182556,1.004169339984402,0.9973072518890259,0.9992246138791266,1.0102939604957313,1.0007101189714553,0.999182665147372,1.00480999689877,0.9972263247281077,0.9975423533234288,1.0000039517105868,1.0011244803740311,1.0064952468085648,1.0007997462735867,1.0003538394065925,1.004660968665732,1.0013477116063654,0.9969355299662955,1.0020125416509011,0.9930896288773399,0.9972090024916732,1.0030979856364126,0.9933268101058335,1.0014096198976974,1.0006453941569793,1.0026292034527948,1.0000720986429865,0.9940618538017902,1.0001455112783255,0.9932150573242299,1.0005205220241447,1.0074459346452003,1.0031567911908894,0.9971467724959295,0.9994903312028042,0.994115075894711,1.0050793569285936,1.0004394866838784,1.0000512047083925,0.9981928427692689,1.0040488981433113,0.9990204851070936,1.0010201280285722,0.995723637180115,0.9988517787873168,0.9999444909542655,0.9988067939996065,1.0021418424673254,1.0018804120160643
43,2822100000,1.0052726135779382,1.0010343480947377,0.9980436891444711,1.0029152450774022,0.9990029616603431,0.9971012867468373,1.001331304120705,1.0031329222070413,0.9992403549645135,0.9969090126777878,1.0012700305536588,0.9922983719262916,0.9948084504338824,1.0008779760894841,1.00656944357872,1.0011010226353634,1.0036629752241883,0.9998426721190748,1.0003373453754802,1.001403266692397,1.0029218546483547,0.9991589521374038,1.0027276834159644,0.9974077935980541,1.0027335073449437,0.9980072721822046,0.9983995419393685,0.9943145408856696,1.0024317329370975,1.000105071087094,0.9958602117134654,0.9993959349579857,1.0011537574122358,1.002276362322066,0.9960837363877693,0.9997611863663411,0.9990343574769613,0.9991716734576277,0.9982719570367937,0.9985914767709655,0.9979849379664121,0.9963013528327797,1.006823919464644,1.0053749560314527,0.9994543385652783,0.9986207736425156,0.9965615323433175,0.9978302302552043,0.9986989516531871,0.9947660341768925
44,2822375000,1.000788069219364,0.9963688930047162,1.00290831849496,0.997079459770305,1.0015588894467837,0.9985220151136169,0.9954936804320518,0.9938717311871348,0.9973794520606543,1.001998033151853,0.9983283806209958,0.9966745846987891,0.9973710799374842,0.994403315190676,0.996620595075036,0.9996246665141147,0.9942802104005257,0.9971780720768268,1.0013030116042734,0.9969850180168556,1.0013864453984573,1.0008764419592564,1.0027886790432055,0.9978614233598316,1.0039361293211164,0.9993814461542818,1.0026053960838788,1.0050574028319343,0.9940106375851001,1.0007670133023778,0.9995391271296649,0.9955346364641727,0.9984003806840881,1.0000893474461487,1.0010001254404828,0.9983358829156779,0.9992432789590989,0.9923264397504756,1.0025463620268684,0.9986013156749106,1.002744884087863,0.9965863402266721,0.9993976323929433,1.001227577956501,0.9991287911716528,0.9995560061525571,1.0045961958279475,1.0008565388338315,0.9978473448778238,1.0004429432875117
45,2822650000,0.9945631596029972,1.0013485523231112,0.9983618171496971,1.0040743338486633,1.0050858835150418,1.0021579217913785,1.0060222149155282,1.00204432044899,1.0007127985086843,0.9945980759968588,1.0039233605758668,0.9977597226959548,1.0028095108947845,1.0059009962466599,1.0018147064663965,0.9996430217160499,1.0059611542504425,0.9995371067834343,1.0036574959491085,1.00133305048725,0.9987863471126001,0.9962785278667515,1.000572513407207,0.999638179702862,1.0020721542637276,1.0059106897960677,1.0039126349146468,1.001896818630686,1.0051896230151494,1.0012216864747019,1.000294476618434,1.0055516395867528,0.9960341131702565,0.9984901954420489,1.0006784994806182,0.9982299368815912,1.0016478876186183,0.9992477456803222,0.9988460375766354,0.9973724189290655,0.9977945725146401,0.9967922921239039,1.001054093896678,0.9984076367426851,0.9990533707144341,1.0049185608013105,0.996925692048263,1.003133388955164,0.9985829284481196,0.9995559797785498
46,2822925000,1.0039075060392852,0.997243303460926,0.9954232667145276,0.9937811277830589,1.0075211325936215,1.0018537091730098,0.9999955345653311,1.0029844104801133,0.9948556190513227,0.9990849375148031,1.0036219150522483,0.9961915761836471,0.9981928992722834,1.0069170126848057,1.000903132140894,1.0009995497208903,0.9990534699806759,0.9962650258037099,1.0013258022415397,0.9992917923966409,1.0029549380962164,0.9967856859417692,0.9967997854636941,1.0023597006524227,1.0048207929077044,1.0013447876971409,0.9956178307173931,0.9975848367543132,0.9993378871969624,0.9975737376878677,1.0009410453438132,0.9984257902123245,0.9970596500207273,0.9964031625728403,1.005489871250988,1.0026073600953622,0.9953895048153745,0.99999118754369,0.9950485794697932,1.00144995862849,1.0004910986157365,0.9972616901232456,1.0010800318013486,0.9972985526097595,1.0001057612953939,1.0053422036162079,1.0007285489240956,0.9969739595122294,0.9982217796942179,0.9958293126900175
47,2823200000,0.9966633333341035,1.0048912235177234,0.997130948388512,0.9974642687026226,0.998481453206326,1.0018095081316605,0.9979796833817803,0.9969783641705575,1.0064584036662287,1.0009180708706702,0.9974623510529715,0.999722678995771,1.0016903958040195,1.0000970120676231,0.9937398897339471,1.0005990665948146,0.9960051568226095,0.9991854684549782,0.9969564598700029,0.9999906282906413,1.001351785908735,1.0008092083891291,1.0018534297157475,0.9987279602541458,1.0026726459196453,0.9979882058569901,1.000258517799294,0.9987057207819133,1.0025064145501659,1.0027843657574007,0.998463522876205,1.00458494025308,1.0008305895260257,1.0008364256321802,0.999503789619566,0.9989317438665881,1.0054933503434447,1.0008188657630754,0.9964971411147262,1.0038557045225165,0.9998752988816425,1.0021493849478829,1.00045491895235,1.0020025378527397,1.0028710630924222,0.9967913415781702,0.9984894460701709,1.0044305887388498,1.0057210428050662,0.9977909214195361
48,2823475000,0.999699956882007,1.0011637985236614,1.0015942831439562,1.0000263146076935,0.999707027765276,1.0029969890870256,0.9983038342422107,1.001488491473866,1.0024669962416535,0.9969173706553327,0.9953964304809823,1.0041941329274342,0.9975692070591957,1.0001050868615053,1.0007094795246403,1.001430011135132,1.0034358088016646,0.9994566297663655,1.0042234240925287,1.0048469914391969,0.9978322649495422,1.0004840700973128,1.0048299078081444,1.00059843715037,1.0012469315916688,1.0015540062958657,1.000085355315037,0.9998154396637344,1.0001107158163747,0.9963140976792604,1.001002248877788,1.0013112504329378,0.9990533647017037,1.0032468135985635,1.0000077978034718,0.9960584246108236,1.0037659239705325,1.0024817186240862,0.9928453827598669,0.998349142657846,1.0074032261011212,0.9994608542066217,1.002798207016755,0.998980251227415,0.9995690118329871,0.9973621710585547,1.0025606752906886,1.0028466824364448,1.001812108150498,0.9917251112751021
49,2823750000,1.0008313781061424,0.9951209300621063,1.0009203465060266,0.9953107091644473,1.006586809536312,0.9976835203308884,0.9995790312283087,1.0020408290253733,0.9977197135562333,1.0016568321371013,1.0013011575807458,0.9974523472569352,1.0007601050310422,1.0012837926258338,1.0007452394061793,1.0020823144459692,0.9974816415047086,1.0063953640281351,1.004338321198522,1.0018849967603098,1.0018018388925696,0.9982246144955665,1.0019231152097239,1.0067745686777778,1.0040715226421264,0.9985320029739138,0.996451033103964,0.998499253511961,1.0015307328887861,0.9999744330685089,0.9984568168330137,0.9975815636136051,1.0017772971670353,1.0020277630844348,0.9981347774404762,1.0010559657608495,0.997707740952301,0.9996269781994401,0.9989221769487239,1.0007944607500574,0.9996721190481976,1.0005803958107669,0.9994507049263316,1.0015726174656667,1.000280933540088,0.9972354791564929,1.0038263480503833,1.0046465892926233,1.000440235542141,1.002779643547659
50,2824025000,0.9934408642000118,0.9971948827909641,0.9987686930867953,0.9997606287034739,0.9975340057281695,1.0022749197946867,0.9995220823352955,1.004194726923329,1.0044012177579744,0.9981341858487776,0.9987404378189161,0.9958379391891531,0.9960138146219547,1.0019656982199898,0.9986557456179823,0.9990058717751139,0.9977904771081891,1.0020284302515043,0.9974620409914466,0.9977214552837662,0.9969596184689649,1.0042579303130255,1.0036937022283328,1.0020415846806332,0.9963727509134521,0.9994197915438088,1.0011490428714478,0.9959253190492804,0.995268675850439,0.9984215970895376,0.9996411829501459,0.9985444056581246,0.998916683459147,0.9958553608844078,0.997192218208647,1.0024584112725479,1.0041633455994041,0.9990185268715325,1.0023679908987537,0.9973576727923185,1.000550680547398,1.001979671696448,1.0007074176413615,1.0032556599374982,1.0050421368839135,1.0012976494747645,0.9970903939348017,0.9998869788713615,1.0011903928309163,0.9986096215846648
51,2824300000,0.9979215295464667,1.000167011113947,1.0041258399294464,1.0007369166491578,1.0057982691648255,0.9997256923060351,1.0005119185895741,0.9998703436336586,0.9989560190888981,1.0071190257427372,1.0007902016177377,1.0055539852909092,1.004803275896396,0.9979866914651462,1.0050107931722274,0.9999342644060588,0.9970395332320251,1.0032628361896982,1.0026786165600445,1.0048516431038244,0.9925084063805952,1.0017943627105874,1.0020559605448738,1.0030792313166388,0.9955114367983477,1.0036818356364487,1.0022414029871765,1.0009413859139118,1.0038082472627758,0.9965688508026249,1.001936153517191,0.9975172620993491,1.000697839973166,0.9958377564774005,1.0071598995541662,0.9996432412785,0.9932632150085384,1.002609494976722,1.0003604589376227,0.9982826459736337,0.9958309520739357,0.9957545704148584,1.0053762764938052,1.0080129984804131,1.000052440756461,1.0030569825478484,0.9998824108489099,1.003245998059189,0.9962454868061589,1.0015288250447079
52,2824575000,1.0010632696078843,1.0009828616448142,1.0019866840453286,0.9959368281333535,0.9987868475040983,1.0036608353548997,0.998066247419107,0.9998483404207374,0.9920405396705224,1.0032979601873133,1.0055160660400413,0.9971884116911005,1.0031913999094713,0.9989656168133312,1.0029687127694877,0.9984459584865782,0.9982689457106085,1.0006467905302188,0.9956679280549044,0.9975868853078161,0.9987009532868216,0.9982677058920129,0.9970617364044083,0.9984969534545558,1.0015836312899415,1.0048843315816889,1.00003278533064,0.9969903521240197,0.9991997040587088,0.9974890049627183,0.9970793682973426,0.9956520681523535,1.002702174790024,0.9940509658407679,1.0018993456490242,0.9963063532934547,0.9991285745277004,0.9973168693418032,1.003082748476672,0.9988785444554944,1.0006555362320841,1.0003938607707357,0.9984770069295522,1.0009093876690895,1.0026332641332703,1.0027800286074526,0.9936207263154168,1.0012879391831657,1.0045739088602468,1.0007753685241254
53,2824850000,1.001697584886281,1.0031565416848423,1.005263684271573,0.9954241254250243,0.9988071393099964,1.0022535864816409,0.9969446777112232,0.9961512906614458,0.9958761026455175,0.9979239661984819,0.9977185837469975,0.9946907238676177,0.9902112138207824,1.0040635775016333,1.0005586134970845,0.9970497268586541,1.0004379313354506,1.0016639976184019,0.9930361045914786,0.9990839378694922,0.9989270716381281,1.00438505995381,1.001665979284536,0.9983918624777463,0.9986728365508172,1.0026814642169557,1.0001325019251344,1.0015120776286968,0.9978998978440433,1.0028284854725968,1.0015443098832244,1.0009482318214418,1.0003860792099724,0.9974177658388126,1.0009701675540021,0.9983569224716865,1.0003838906007008,1.001435968084752,1.0046058663895927,1.0024236813280885,1.0049529122399088,1.006118803547791,1.0033532514871868,0.9979517179413504,0.9993377682980723,1.0011704123795238,1.0030787119426368,1.0016095508233502,0.9992903196778484,0.9970864176305507
54,2825125000,1.0028070437305987,1.0004311629995377,0.997351996254156,1.0005386954311222,1.0008260329302974,1.001214134992859,0.9975931170068407,0.9996619139143179,1.0061117473352612,0.9936801072542351,0.9989621692516686,0.9979606954994288,1.0040956567689474,0.9966967158813546,0.9998482218673744,0.9994029957489675,0.9972331521436264,0.9973411592363924,1.0045898316535815,1.001029421403483,1.0003319248591909,1.0045251864181581,0.9948176972968485,0.9990032165719847,1.0031570197457065,1.001858534268901,1.0017228720121556,0.999805981309221,0.9992680297713402,1.0016020691785052,0.9993375631501029,1.004406500741993,0.9985318169570416,0.9987473516246176,1.0034214326728317,0.9984754486706957,1.0029049288924843,1.0027376300383952,1.0004659110201286,0.9992174616052119,0.9975313779054167,1.0017106333618133,0.9981343544806323,1.000717945872906,1.0010598319082789,1.0011393081021343,0.9966926962781241,1.0029498051334969,1.0056209363104323,0.9935457035784929
55,2825400000,0.9946346753811678,0.9961951352992474,1.0022384202500838,0.993182112945424,0.9989263930505679,0.9987319264303476,1.0009497966018726,1.0024740321650614,1.0013139046696933,1.002033532147061,1.002588068758995,1.001722620433757,0.9949651463853774,1.001158486702913,1.0003030625329603,0.9982663776318594,1.0034252357713371,0.9961532680792983,1.000419541791122,0.9963693465760037,0.9939188233326373,1.0005191166987568,1.0067032321329088,1.000684131384022,1.003843050255807,1.0004867911416087,0.9960855471669088,0.9997197060397688,0.9996130703520132,1.0006949155978673,1.0018841823363434,1.0016778408792852,0.9957019719724943,0.9998950266601201,1.0043972079572563,0.9987962733499728,0.9996158855224899,0.9974866801440511,0.9948636562759975,0.9999108533747513,1.001814721024942,1.0034951034077122,0.9991757052124328,1.0008222864696306,1.0009771360534143,1.000996136987723,0.9958623308057095,1.0039236629827029,1.0036701742282224,1.0037084152410571
56,2825675000,1.004380242760071,1.0074772326970576,1.0009703053969197,0.9986508579847636,1.0016732149705923,0.9978685086327068,1.0000097490237687,0.9991548770750831,1.0055540187140648,0.99847633849382,0.9986806976222042,1.0021729358762055,1.0004924642874402,1.0012672641139062,1.0031795631835605,0.998396957475104,1.0020865167558253,1.0015665844208614,1.003052465226614,1.0019154354581246,0.9968346135711578,0.9993583947455391,0.9975592449678113,0.9994673849394898,1.0031855725490257,1.0005623306434241,1.0007076774614927,0.9949924215400995,0.9992997789031444,1.0013059097624661,0.9978182866820808,1.0043396158577078,0.9999953159612212,0.9951977798662257,1.001362640850168,0.9974895834402762,0.9957302197735955,0.997350438024901,1.0029429480140493,1.0012335799348067,0.997296225103668,0.9963830632161995,1.0043485601475368,1.0003993747594895,0.9971709185458625,1.0001974565574292,0.9986119970083648,0.9975942627757645,0.9989105113993888,1.000012682283787
57,2825950000,1.0009686529148483,1.0016885319064497,1.0003475974692966,1.00450016474269,0.9982677020842035,0.9945686238110292,0.9997059809818993,1.0008945802905302,0.9966400682057167,0.9974355793653645,1.0026775735685396,1.0003760650294289,1.0025486536796044,1.0011526755330538,0.9971457556001818,1.00247208452382,1.000884659208699,1.0006802985566363,1.0032389603583256,0.9922029051553164,0.9994243963387078,0.9977773605105819,0.996689115706589,1.0017082277228033,0.9966350994616796,0.9943721843539844,0.9977230945704684,0.9965267511087045,0.9984781380693006,1.0038272639480792,1.0017196741600014,0.9949111139039457,1.0072239563532932,0.9997410659590367,1.0007090225934607,1.004804145066581,0.9956881698765232,1.0004878531315602,1.001761027266192,0.9976143542800917,1.0012793235491961,1.0029514917864424,1.0009463267171286,1.0004535203734093,0.9982095767506854,0.9937543331868669,1.0014202620579264,0.9991425396368371,1.0005243141160463,1.0011970138705897
58,2826225000,1.0002834097920212,0.9967311947712846,1.0014722410691146,0.9978870715041022,0.9998487968573165,0.9960381122868637,0.9978513430229877,0.9954389239865762,1.00268512876989,0.9966140209467123,0.9994018757204348,1.006472084839899,0.9988969682578402,1.0053278191775508,1.0005313249046153,1.0002133950781804,0.9979620168368631,0.999489807278933,1.0022709459331953,1.0045522269028824,0.9985764726478285,0.9991250970249889,0.9968819374466057,1.0021683858075405,1.004390857778863,1.0022294830152407,1.0001195507220453,0.9988640238465678,1.0016606320591708,1.0009403015125602,0.9989104941320732,0.9965840903470407,0.9998604175024615,0.9983146452362758,1.0003432020511906,0.9974260160169637,1.0003816544392452,1.001115387916731,0.9959987056473782,1.0080043126845468,0.9975866136045528,1.0042739336515618,1.0026693283837906,1.000376261723433,1.0050144669966932,1.0013925199960596,0.9964064129460424,1.005780339777849,1.0060732160052142,0.9983974801834847
59,2826500000,0.990972917708536,0.9979019374701121,0.99768773653331,1.0010175339848904,0.9986281842405248,1.0003552867556589,1.0014363745126547,1.0038434271412329,1.0017263342839802,0.9985578295105874,0.9987146315965367,1.002507699678291,1.0007060739060871,1.0003590290621107,0.9957167938326495,0.9959450446340886,0.9987358928007013,1.0000073453984033,0.9965984998098061,0.9956966622348276,0.9942492805552909,1.0005829321400594,1.000294771619724,0.9941552963403367,0.9967680255125883,1.000051012706494,0.9993229059879639,1.0027236798093746,1.0005331679363754,0.9948796386925784,0.9984296283581038,0.9967095245719402,1.0021206549176995,1.0019976737218454,0.9987775448663192,0.9939331922983524,0.9976859045038983,0.9954349868715477,1.0044036752704886,0.9972032491187731,0.9980482455347915,0.9990228625165744,0.9935033221843768,1.0024317059281047,1.0000037663992372,0.9947266412157061,1.00150101181703,1.0029231000398076,0.9988689093849477,0.998130838270405
60,2826775000,1.0009939286531242,0.9986389137760526,0.993735508045279,0.9916094888268059,0.9986291410951279,0.9979378531659826,1.0032200587247482,1.0021484397475424,0.9999761733199674,0.9972334167907898,1.0015312393231572,0.9983824863865196,1.0030543072025055,1.0039053721193387,1.0002445849050063,1.0021535515577134,1.0034300242169627,1.0063626728460273,0.9929840290939008,0.996781916807831,0.9983274644603739,1.0020932419659068,1.0015813976056263,0.9939821344524731,1.0017696361709179,0.9986736642431867,1.002188967352034,1.0018875114831145,1.0027347314666566,0.9954384513552275,0.9951006037386192,0.9960548398030508,1.0025319718596928,1.004560445705167,0.9947622928361515,1.0053177342055064,0.9977726028344923,1.0023878043329961,1.0027145508934707,0.9989152950476471,0.9981749099617785,0.9999413218981429,1.0049022513052714,1.0036082301489129,1.003290928695249,1.0019819544850417,0.9983970659118074,0.9996099268840589,1.002403502202232,1.0001861573036874
61,2827050000,1.001131041293465,1.0054195885880703,0.9970571849935487,0.9974645278754376,1.0040366762402804,0.9977098243917591,0.9975818809523009,1.0039277553013521,0.9997561700655475,0.9988724345174188,0.9980048167047352,1.001805687747587,1.0019286619867873,1.0018381019195508,0.9962028589591233,0.9995729736697576,0.9987621523186846,0.9983250476552289,0.9968458091301022,0.9952201342345687,0.999456040514958,1.0033762734971954,0.9951083795295388,0.9975312647894211,1.0023002638934695,1.0038155727442344,0.998342642194474,0.9974648894153032,1.0006263966204794,0.9976353648290855,1.0002157952688797,1.0001120657805216,0.999700706645616,0.9986995050416152,0.999987456341184,1.0017982510118881,1.0023551215859356,0.9981818079660807,1.003091219820041,1.0022119009093848,1.0057437433906349,0.99722689413208,1.0013015265727434,1.003987839503322,0.9979835051117406,1.0010254492243602,0.9964879320944343,1.002739432324197,1.000450659791355,1.0010348727998535
62,2827325000,0.9967482254428771,0.998496474039267,0.9987599691358569,0.9955052896331174,1.0030364742665052,0.9957120884045495,0.9986436081108365,0.9972437142357914,0.9969273097724896,1.003885110518225,1.0030632959657633,1.0049181373752112,1.0045564250561552,1.001976765587645,0.9981997854043695,0.9969613789409909,1.0042506054297236,1.001332747858069,0.9989964386237548,1.0004884702027286,0.9987904832327062,1.0070689168434632,1.0000061887047056,0.9976270514297655,0.9968656216484227,1.00175152190883,0.9994580150253686,0.996866024946972,0.9989012979480766,1.0014823616940425,1.0050838888387814,1.0001695584402628,1.0014973737423107,0.99782355892315,1.0036034569597347,0.9994186337145803,0.9952476760508607,0.9986665141603333,0.9999327690869361,1.0031214459139766,1.0014817182372617,0.9990373918193122,0.9990771813680916,1.0011191166983417,1.002764388516241,1.0041098358521297,0.9978640693611808,1.0000861238944871,1.0024532064119331,1.0026810530289798
63,2827600000,0.994679432378522,0.9953826284462608,1.004918940778109,0.9967191808493308,1.0001312890135503,0.9982629656082027,1.0014155476868773,0.9955572253469565,0.9990789094549127,1.0015269410150782,1.0007339963398554,1.0072261391412547,0.9982442221952249,1.000508802370017,0.9999304731717724,1.003400277188845,1.0020485203106204,0.9958624049808807,1.0020099937897613,0.999682290947385,1.0023044943965884,0.9989618766185107,1.0006145033654985,1.0029759580259707,1.0016822162400068,0.9975075175830731,1.0027310286462372,0.9998092264624947,0.997454250382162,1.0008760398538639,1.0001282244950878,1.0040999755041458,0.9942952527206748,0.9967353775074389,1.0012241792509906,0.9982024522068411,1.0049226027371345,0.9986530550512179,1.002028607728024,0.9976899588634044,0.9960279808213975,1.00066754303104,0.9981817161670756,0.998842987434887,0.9986317976462848,0.9975979759275854,1.0000576877050071,1.0034466350197169,0.9980178542143239,1.000397303282529
64,2827875000,0.9988276132792235,0.9980866616338053,0.9973686728878789,0.9986295096683483,1.003472699718297,1.0013812228010361,1.0062526363208475,1.0007072580853484,0.9998055276740755,1.0039521601646606,0.9958805090621687,1.0013081314088152,0.9976969368132357,1.0049740282572688,1.0001084237408884,0.997215527924199,1.001680994503568,1.0003392168562655,0.9980115487201565,0.9990792802719729,1.0015268352289675,1.0087798090234112,1.0021561449456027,1.0068918736414356,1.001901632981775,0.9963244501277649,1.0058549627059339,1.004788751054633,0.999784206080008,0.9995812797611997,1.0023414857007935,0.9989071362137792,0.997224764418654,0.9973203555867719,1.0011827216520095,0.9998841084337581,1.005385988581012,1.0021132152062502,0.9968670035195656,0.9961854914039966,1.0019064341875579,1.0013100100513328,0.9978455552426192,0.9991996505662951,0.99443591115798,1.003234104402289,1.0005767342826255,0.9971640007767716,0.9992436362603028,1.0005858591984347
65,2828150000,0.9984630423955659,0.9998869087509626,0.9988301688629728,1.0056187964734227,1.001105156259018,0.9985025701246999,0.9988433967448128,0.9929097821188709,0.9969811081202858,0.9996402626312205,1.0000821356722431,1.0032674557983126,1.002747839214046,1.0056902482026233,0.9978450114962758,1.0030601409448892,0.9959395899934367,1.0001225437770687,1.0016848637210456,1.0015141741321218,0.9994472698076663,0.9997740395354001,0.9988465222730415,1.0057801889583753,1.001206465620631,0.997048297872279,0.999915050698101,0.9977907029434417,0.9998156059149983,0.9950623489390211,0.9939707988890332,0.9935118876948523,0.9978412561918326,0.999390135257216,1.0032208855097906,0.9979007530281652,0.9961057670663905,0.9973099290518755,0.9987659748706841,0.9993770056076414,0.9989914208997708,0.9989987248427584,1.000317057553117,1.003124967260867,1.0026007392300842,1.0006642866683766,0.9984534737912111,1.0000045635228358,0.9968071260797797,0.998295990886688
66,2828425000,0.9959398678237167,1.0039288542411315,0.9938713012010914,1.0013414669870773,1.0011336424690007,0.9978086620073419,1.0001827263760668,1.0018993550291033,1.0026784818851189,0.9959260593077407,1.0002100874949085,0.9995325925271307,0.9995001262185133,0.9924722732267232,0.9992937286859617,1.0015231828690772,0.9963761756885401,1.0040802355351097,0.9979016931571348,0.9984304301189802,1.0004182926584706,0.9959557324019557,0.9989125558542026,0.9955142184672342,0.996327892893987,1.0000063726874195,0.9992880804625464,0.998124180879764,0.9923426129884956,1.0078360504466337,0.996116249327962,0.9959010232829751,1.0003798377797528,1.0042082989105592,0.9985174227217315,0.9989708131824464,1.0008846070456707,1.0005293592588087,1.0003910401388263,1.0006131041345525,1.000313746580477,1.0000287221305806,0.9973515532766498,1.0027398457766852,0.9946970372521869,1.0014030001616174,0.9990037562623313,0.9972299329676501,1.0001940080220384,1.002176051117156
67,2828700000,0.9997850251845619,1.0017001510413663,1.002534265563254,0.9989036568766981,0.9985031059282151,1.0018512728071793,1.0030920034356823,0.9986859389339301,1.0036150482454254,0.996283313779828,0.9975729492837705,0.9975727260997972,1.0059305510159686,0.9961482670026746,0.9997013972566828,1.0007956760073755,0.9974530647847782,0.9953768515225643,1.000417754834415,1.0013037185110025,0.9972438829693306,1.0005374290324889,0.999005316323461,1.0009624891258644,0.997850869251697,0.995539049479871,1.0050685370956185,1.002726466893828,1.001331011565711,1.0014288359663897,1.0041033773452832,0.9987924622368879,1.0017131323570376,1.0022517755283222,0.9985279396274946,0.9960232545982618,0.9951262765389086,0.9992155440400833,1.000417409834138,0.999436513128791,0.9978383942350877,1.000699478654008,0.9986450704139372,0.9976071766494108,0.998808251819688,1.0000299029216237,0.99733958597507,0.9908584612620214,0.9992907295699124,0.998605206621104
68,2828975000,1.0026180633871444,1.0006834857527844,1.0009366893780645,1.002268879158252,0.9978586935920585,1.0029536726693373,1.0035430313550062,0.9999693190542585,0.9961677522590179,0.9974360347062625,0.9981506787412187,0.9993979328803773,0.9992253840074625,0.9970868935599115,0.9983976113467169,1.0025433130264068,0.999924056840534,1.0039215914573312,0.9994169345196455,0.9986479382347418,1.0032646386144646,1.0041040471078453,0.9966441434508688,1.0013616737664777,0.9979509515787433,1.003063152534006,1.0004650451300685,0.9962053352511085,0.9987289867599035,1.0047672706395898,1.0019456624590666,0.9993706468094996,0.990759309516646,1.0011305693304016,0.9971246963038645,0.9991212554571609,0.9960696416729833,1.0031403188934225,1.0053793715840562,0.9991904392003128,1.0037469607554816,0.9972667265678,1.0001347448898756,0.998706838117139,0.996964081650107,1.0011366760111031,0.9964907178566736,0.9988655795346738,1.0000635916363234,0.9976495838448545
69,2829250000,0.9969024810564637,1.000114084287562,1.0026892990258196,1.0011401629679297,0.9992947710711827,1.001036540885244,0.9988220807104323,0.9969539018518172,1.0010332891126574,1.0025685835024851,1.0025848382374947,1.0003401202635995,0.9941772889567153,0.9961150447992351,0.9980043540940067,0.9969179358558755,0.9970069328269756,0.999861843890152,0.9995222973515,1.0043112234154947,0.9991052312795844,1.004702480902942,1.0015241846591068,0.9983735038425945,1.0012206744625938,1.0000698125449285,1.0036560260669967,0.9959298479029818,1.0004251270824118,1.005013390745781,1.0002002568935437,0.9999712659854477,1.000375269050011,0.9964997604529846,1.0018237931283942,0.9935275755288822,0.9998347256923636,0.994123790835622,0.9985877253348229,1.0011932646574395,1.0078011609051734,0.9958965309173725,0.9970974719376036,1.005121609595946,1.0001176860201455,1.0047916158830654,1.0014103105798549,0.9992370046262112,1.0003854587571397,1.0016029719457042
70,2829525000,1.0034051364958543,1.0050003264504197,1.0017422586680966,0.9966659561635363,1.0010509837470682,0.9968452429222918,1.002197184699241,0.9991692462170504,1.0018284079716302,0.9988357154871088,1.0000342613666207,1.000879334970909,0.9986821248276591,1.0043432887976393,1.000848747835821,1.0031618070908395,1.0016302378735573,0.9994914564830515,1.0024458389954902,1.0059696708269226,0.9981003515810011,0.9970496946940315,0.9988312119593689,0.9990978931943174,1.0005056162501327,0.9999743900298743,0.9998762931742294,1.0018303328500515,0.9941705724758566,1.0005693261065525,0.9949109626996656,0.9943181850256857,1.0012408923804612,0.9986972016475073,0.9975331069110214,1.003573855738011,0.9975751756495422,0.9984195449232303,0.9996922432231875,1.0009411819710001,0.9987920606097017,1.0031884388873664,1.0032983218045768,1.0029653885571084,1.0000998071108314,1.0006428706407775,0.9942042994089821,1.00144971685814,1.0072422495816153,1.0013489179190393
71,2829800000,0.9996274873179272,0.9986865670460036,1.0021829366212809,0.99766726099631,0.9959040906597946,1.0049478225030959,1.002026602978223,1.0040160945735659,1.0013784040650773,1.003485029819654,0.9991078896383613,1.0017754166902109,1.0044106494350484,0.9975806197985126,1.002004354008387,1.0000212521710488,0.9983791071929737,1.0039407467107107,1.0012896783644214,0.9946664839785717,1.0019101461317192,0.9963890015726856,1.0031560532991588,1.0024671797864286,1.0017562926720067,0.9974067434274587,1.0014330484950118,0.997529093897015,1.0048722540364312,0.9980216779461519,0.9993136560961017,0.9991403277947154,1.0000362296328158,0.9965449942101519,0.9990436210516223,0.9987361995940174,0.9988288146856679,1.0038179550906434,1.0002953447817922,0.9934603303040874,1.0011331189866868,1.002053312780843,1.0022340602787085,1.001881997651513,1.0022848890502527,1.000439911534294,0.9934442356643799,0.9985378438298701,0.9990878160076327,0.9956253411046163
72,2830075000,1.0034298395100631,0.9959881930822473,1.0039904121586318,0.9988076669486246,1.004014168647088,0.9981035100960521,0.9965857382111506,1.004989717422633,1.0000311640360753,1.001191760410772,1.0007523314933715,0.9975584924428478,1.002633537745917,0.9974631446533404,0.9978739128558897,1.0002715690552773,0.9936899638530796,0.9975518428428912,0.9942970999071864,1.001348821636521,0.9974720910973909,1.0006245792149238,0.9922627678442415,0.9973662533179307,0.9987366045416745,1.003634841545384,0.997889256013745,0.99904858889016,1.0000288175844199,0.9980013868124143,0.9968044273012371,0.9994753315670792,1.0008188451210638,0.9973352231988964,1.0017925500733136,0.9977533256841216,0.9987934276571266,0.9983981967005809,0.9945409277784962,1.003741830100251,0.9988424786344178,0.9995966541494917,0.9992228069336847,0.9976939125606967,0.9944511916112416,0.9944479601216645,0.9961265686493579,0.9984903393757599,1.0040134202707596,0.998031125541681
73,2830350000,0.9973443789208307,1.0002626260698537,0.9944538257294779,0.9932800446775484,0.9997535001222797,0.9989879971769595,0.9996554630697153,1.0024946806272708,1.000487426961863,1.004023969958628,0.99870819383349,1.0029389918832625,1.0010741180450795,1.0023439196568715,0.9989753433967571,0.9991690442444903,1.0000507760831716,1.0022758277867665,1.0007532908590957,1.0008842637085416,1.0008535118398485,0.9958781281758814,0.9988798340572149,1.000920567507193,0.9968312925167476,1.0061156156944886,1.0045122063727305,1.0004694555132785,0.9975371547777929,0.9983010301683664,0.9971222308290203,0.9999127666993995,0.99920183380347,0.9992375125188839,0.9989163598317242,1.002482162687242,0.9972033989610565,1.002629087706732,1.0011088752123685,1.002352861753194,0.9949182275044502,0.990735419560065,0.9977196668392737,1.0011207244665157,0.9940803120398195,0.9990465121110065,0.9975264625625204,1.0051366855980812,0.9972891642672705,1.0025146885445142
74,2830625000,1.0053222542880782,0.9950211543395825,0.9987081058682925,1.0010002797404443,1.0058407552332533,1.00066930801842,0.997214807155944,0.9948718799291433,0.9976088847492659,0.999253920146411,1.0018904657624552,1.0032402733232886,1.0002097711964932,0.997820336469343,1.0015147508551423,1.0046504136831131,1.003994499935575,1.0002994064980737,0.9981702845598067,1.0036205946994918,0.9991346206292591,0.9992101577155211,0.9998560049085082,1.0005188828266005,1.0013831103810986,0.9946993092426353,1.0027425775928631,1.0020985061088286,1.0004711802680795,1.0009078652596504,0.9981031362628643,0.9966559198412072,1.0015485813844305,0.9967029231054727,1.0028305088094185,1.0014025914047409,1.0026826731443448,0.9970804883097035,1.0002653426114019,1.0054893929056725,0.9970074050130339,0.9950311415940273,0.995078767988987,0.9987954068655304,1.0021013599931932,1.0042111273766217,1.0048929680053271,0.9943017677523424,1.0034980861027936,0.9948078909669467
75,2830900000,1.0036663146406377,1.000988891976366,1.0003592941656363,0.9979613776009646,1.0011944696550146,1.0004550773954608,1.0050238370968962,1.0062855723998343,0.9941507722201338,1.0013188389091146,0.9976220029973079,1.0015929476784307,1.0004511215965561,1.0029978468486673,0.9984195094956884,1.0033484331139964,0.9971645041955679,0.9984090170165302,1.0002680504562063,0.9983781714170438,1.001318003280582,0.9987313594481176,1.0009369949253095,0.9948500662366633,1.0006352369210212,0.9955465272270666,1.004876229007559,1.00648989796065,0.9980846508775226,0.9994189936751011,1.0025434219892246,0.9985623517397588,0.9967580063767625,0.9990528934366016,1.0006265888039072,1.0027858761908683,0.9992083445466406,0.9988504001922074,0.9975353470810927,1.0006885352924935,0.9954193599477195,1.0010013688606991,0.9989819977184238,0.9975232184473227,0.9997991580202777,1.0022891418119226,0.9986579617065439,0.9994253590342572,1.0089375898187847,1.0002378269912946
76,2831175000,1.0004060704486764,0.9995830368655657,0.9983591499119032,0.9975846919494736,0.9998441808518508,0.9989606840260647,0.9970184265325639,0.9999663315748211,1.0018430221303,0.9984324528813754,1.0046995789498543,0.9982454068812493,1.0026933083050726,0.9967123783587518,0.9954554240669309,0.9986416791204359,0.9967831268446673,1.002946040944016,0.9962433889692832,1.0062260671413903,0.9971099242198689,1.0045626726626413,1.002942709092192,1.000370323018418,1.0019755046686245,1.005243369312002,0.9993501939136731,1.0049657596968093,1.0019584968433533,1.0014015418810576,0.9975589746266165,1.0031497883735359,1.0006133878345025,0.9993998497076348,0.9957343381545526,0.9952679989519623,0.9983670969942923,1.000741883524778,1.0042605003043112,0.9992499084314101,1.0014243672270964,1.0053129335775746,0.9934615899970604,1.001653769223808,0.9981950919116307,0.9964299610986562,0.9983711083546016,0.9939201248911539,1.003197264658935,0.999304038375991
77,2831450000,1.007881096731707,0.9985688175993833,0.9969629913727373,1.0015138901108704,0.9972113446948329,0.9930753181787374,0.9960714404014487,1.0048507185021194,1.0007423720027722,0.9997903965611602,1.0017556005349422,0.9983748857497581,1.0058160864079302,0.9978209582841482,0.9970588602130893,0.9944049904148927,1.0015752278773824,0.9962480287799311,0.9997445463623758,0.9953416534471289,0.9948749068978142,0.9960038000821565,0.9982453353169709,0.9922496289554245,1.0031661489187729,1.0011921163349617,0.9999901943375998,1.0000784198274872,0.9964213427504398,1.0028365095835532,1.0040085619317116,0.9992826013724658,0.9947213668578785,0.9978833867614038,0.9968435572442118,0.9977967674786254,0.9999804098749583,0.9952723651535187,1.0012633458303364,1.0010288859940824,0.9995414523011734,1.002539631314238,1.0004616756082265,0.9983815601839029,0.9971908113879203,1.000682182315691,0.9969006225397063,1.0005065867947356,1.0010918420141284,1.0027418268779615
78,2831725000,0.9985645707554296,0.9974395115952973,1.0002500766813696,0.9957984938597535,1.001928372877528,1.0007053131719112,1.0020859470669872,1.002175005844799,0.997387504781744,0.9972864883830206,0.995978538780487,0.9970411093590827,0.991723886366447,1.0014625588757025,1.0034224870930708,1.0011980909266354,1.0017655102648153,0.9986733201295669,0.9980745635675272,0.9954549985044451,0.9976032724319434,0.9945488137740338,0.9977022434307987,0.9980927736084668,1.0032548515332567,0.9973083652919413,1.00067267576592,1.0018634112863274,0.9999715903531445,0.9968929019909473,0.9971409067779401,0.9990712514813319,0.9989845961896123,1.0000381134713852,1.000352525022782,1.0017273568600158,1.0010134054917288,1.0005565750272576,0.9946908019751314,0.9964081837825426,0.9944195676417428,0.9991571324698184,0.9970472484599198,1.0000204209481796,0.9999294867137699,0.9995047554244116,0.9967209432761237,1.0020563993819158,1.0025299946404762,1.0013162149251182
79,2832000000,0.9947533084644287,0.9991090600680531,0.9997957408074113,0.991274957636619,0.9997590187050258,0.9996349465403008,0.9983989236879207,1.0010777321766404,0.9974836781678778,0.9964468368086021,1.0038476986355547,0.9962994524771214,1.0011352715598418,1.0009129395440486,1.0002770113767006,0.9974946454052924,0.9986541788336372,0.9938054128459541,0.9963972838722611,0.9946999897557056,1.0047736400454912,0.9994029792164637,0.9995171171238086,0.9961161978323317,1.000916818550442,0.9948113634755371,0.9949337628597024,0.9959816720606905,0.9983898617064386,1.0028705171236345,0.9983003246953103,1.0005161718535671,0.9990820275414857,1.0009075323608587,0.9989509421600379,0.9949747784180634,0.9972107822650417,0.9964683170209844,1.0006269999904225,0.999031832810092,1.0055349705497412,0.9964793931523405,1.0063340258846156,1.001969412509939,0.997963040722368,0.9963073123262428,0.9915467485929179,0.9992676767798554,1.002265760188091,0.9980561615315042
80,2832275000,1.0032151762513908,1.0009247264767773,0.9972832840500839,0.9982816037433256,0.9984109429739617,1.0022285480116,1.0059146150790605,1.000004014991451,0.9941973472164436,0.9994900458806814,1.0056310817494645,1.0006984203036176,0.9985509786166143,1.0020033905848011,1.0008541208666988,1.003669686761373,1.0003057629468386,0.9953451065823341,0.9989874649590147,1.0035016738571267,1.0030513661518026,1.0007572677867171,1.003815989943476,1.0053091865140873,1.007862951547505,0.9987921223912749,0.9951418908641986,0.9977980933004964,1.0009529086435152,0.9977501507601109,0.997444243984965,0.9957899747335887,1.0056403152900895,1.0023744511266177,0.997799226875016,1.0028198561919863,0.9983188947700457,0.9980713983442151,0.9973948378422381,0.9994725675773175,0.9980963828027345,1.0029490455397612,1.0029481212138573,1.0025351751269562,1.0012958879756337,1.0007859235183953,0.9984185944209399,0.9997149041866664,1.0016562568883198,0.9999857952039372
81,2832550000,1.001624642083974,1.0013265249846715,1.0007692513210105,1.0012566994813867,0.9952852620339032,1.001884647039718,0.9974245173556419,0.9992429463773905,0.9985030628312245,1.0022459390528016,0.9978857900525043,1.0010618663394648,0.99564067669205,0.9992475084049164,1.0021510808418064,1.001780618307619,1.0000333192845,0.994114099000401,0.999959159905997,0.997107445575453,1.0032480429559316,1.000009991595446,1.0009398244563137,1.001941145731155,0.9997097355042733,0.9960763937275864,1.0041626338095624,0.998471990796263,0.9996293482406188,1.0026315244719008,1.0080832402830922,0.9997086075409554,1.0020740275693025,1.0020565755057016,1.0011061711233593,1.00219515624507,1.0026079415561027,0.9924241951662738,1.0024674852807742,0.9949973796457438,1.0020243428561988,0.9963348344172035,0.9960040052032688,1.000510111466164,1.0029232284550444,1.0020487173599522,1.0011680056382217,0.9984777788130453,1.0017297764170872,1.0032277793718276
82,2832825000,1.000183333029816,0.9991396584841611,0.9964524550916327,1.0025575376852556,1.0043740755407307,0.9972816234010792,1.0014656749329305,1.0072206611159125,1.0012852027797816,1.001212118992474,0.9946005910356401,1.0079380373668396,1.0065292091347315,1.003634796676447,0.9989867153372101,0.9981088364456698,1.0054358558055128,1.0043821364304446,1.002852065710802,1.0044798186392605,0.9937301138766547,0.9899786019742548,0.9990376408511872,0.9989613831329577,1.0011467026865726,1.00267594224319,0.9999512039870296,0.9949608445514728,1.0019455974980735,0.9949332376839907,1.006259833290146,1.0027864989689037,0.9934963252516185,0.9965130273173036,0.9989394732961526,0.9996416357632282,0.9994440670417699,0.9999940903941058,0.9991188506422449,1.0040101294952626,0.9981485201771269,0.9992713606004192,1.0007488701394414,1.0001337691819412,0.9989534021066142,0.9996934009625743,0.999994926689502,0.9969011724915574,0.9998276379171035,0.9984668260331111
83,2833100000,0.9961101946980974,0.9971732915791122,1.0009712617909305,1.0014698813597207,0.999800645920691,1.0024061373486484,1.0014954050737315,1.00314579971964,0.9976944629446387,1.0037640327008945,0.9980854168230674,0.9968534531472215,0.9967616460961106,1.0013696891938912,1.000760361721323,1.002044695913956,1.0004829236655362,1.0014862108701585,0.9952216318227873,0.9971490411686111,0.9969710693661089,0.9994152414390067,0.9998400136250433,1.0043373691324553,0.9974004416914724,1.0058771654145837,0.996728300132011,1.0018847109978986,0.9988443372457619,1.0040832034994616,0.9986054448461769,0.9971618404492385,0.9960849199644874,1.0010709205436195,1.0003384511682654,0.9992554165167861,1.000078927156342,1.0002168776485894,1.0021361293170215,1.0020971438565995,0.9983907692606842,1.0043190509610604,1.0003072156590491,1.0052618974754577,0.9996415848082575,0.9998709672935099,0.9949192699187346,0.9974767437758331,0.9969794511260379,0.99862628010847
84,2833375000,1.001498290515188,0.9996607897747102,0.9993864940378949,0.994354416953003,1.0022259968852525,0.9944136019923969,0.9996048152554939,0.9988535574469786,0.9979884989813447,1.0011672370420492,1.0033691465439476,0.9970767858789719,0.9990849167271088,1.0003104699231227,0.9935191486082955,0.9936514551030868,0.997372729268797,0.9923031174593209,1.008520793721201,0.9938901006657515,1.0005220672602686,1.005965596356704,1.001811610999909,0.9997539276473988,1.003542202311642,1.0015845932656133,0.9924254966519149,0.999931132307939,0.9975223079662532,1.0012674679236118,1.0010746326283904,1.0050342177113447,1.000157809235284,0.9989036206797729,1.0016596152595074,1.0049648490645529,1.0021646282984449,0.9987225301173126,0.9970150016774175,0.9956947023401681,0.9982574309821005,0.9982475518254804,1.0014704925867204,1.0065546381920765,0.995167227775888,1.00460688695287,0.9987303971018235,1.0045111046248574,1.0002235941780055,1.002158059805221
85,2833650000,0.994695588467511,0.9985757755260959,0.9979984484369983,1.0065007193873916,1.0046115906424962,1.0041238766574339,0.9975452177596349,0.9970999708898894,1.0008621748423763,1.0029901157210155,1.0038871378681635,0.9939654871429212,0.9952826591292964,0.999951857336696,1.0034682193922062,1.00261364901282,0.9937021494364185,0.9991742975534464,1.005739776523366,0.9975523021680939,0.9973913603629937,0.9986652384953606,0.9974668755765402,1.0037776614343268,0.9999967402793042,1.000184063859548,0.9972784371628967,1.0017400338913744,0.9987781799109575,0.9949194043203321,0.9971553396917305,1.000883932836527,1.0034539609937392,0.9953317356717969,1.0009812210603115,1.0025659307042603,1.0034494658206774,0.9999035374878289,1.0035720730320616,1.0009546725646585,0.9992470893330643,0.9948908834510799,1.002194550176066,0.9973774553563527,0.9985280504224974,0.9983942764264538,0.9995707639546619,0.9931285822473527,0.9975352016571453,0.9980468362702496
86,2833925000,0.9972849512009767,1.0039716878878253,0.9989342138949887,0.9999556980687476,0.9952633847588841,1.000514870300522,0.9997305740811739,1.0031347735215426,0.9992574996822967,0.9987117653170814,1.002994005200402,1.0023434299830503,0.9975744860323331,1.0034221255574194,0.9976416848240831,0.9986866049920838,0.9976691489663064,0.9988005148164191,0.9912786387742604,0.9938444188945866,0.996643258596834,1.0023218986777394,0.9979734491996065,1.0032199358503389,1.001067412496487,0.9985415589634047,1.0000635091369987,1.0005324697679179,1.002852417953312,0.9974231177222778,0.9997861076372183,1.002666979200522,0.997719881229208,0.9968778063824549,1.0044380757511484,0.9995292839699433,1.0056792090516067,1.0022764423999546,0.9961832958121634,1.0041075502653243,0.9970441407747561,0.997709107261517,0.9990157451493045,0.9999600947644588,0.9975312870571738,1.0035947712297904,0.9999245335966082,0.9954459917133434,1.0010836349645023,1.0021289194436152
87,2834200000,0.9980724220182119,1.0030980907847935,0.9979958730253815,0.9982580121928497,0.9995363356336099,0.9995898943628369,1.003175438501074,1.0022985663895343,1.0014814982228553,1.006459836884967,1.00361166699401,0.9993237864465828,0.9969122650402976,0.9988509917135074,1.0007721935408962,1.0019182482382778,1.003977024901669,1.0026388896051142,0.994242419340615,0.9994643940750965,1.0027255159019048,0.9970486401142747,1.001884573400472,1.002910099800699,0.9960153258737294,0.9979726845413882,1.005532425392908,1.004286231342924,1.0016366205274805,1.0008453160072444,0.9993287382495012,0.9983424089106051,1.0008383362010194,1.0006012893391656,0.9984943667278672,0.9981804712040659,1.0000449182345383,1.003780149518409,1.001830732638398,0.9977682638365654,0.9992430427292943,0.9998065183608431,0.9954940161891743,0.9981024029393895,0.9986720428175061,1.001086588345704,0.9941913802302623,0.9999219013748177,0.9999015874370311,1.0002503008283126
88,2834475000,0.9949305000504061,1.0013593385571762,0.9987337344536109,1.0059362978880302,1.0022212927149787,0.99955694787067,0.9952062110399852,1.0029316219199453,1.0023305837669263,1.0019930463640416,0.9971993379639862,0.9962239635859528,0.9999805501549178,0.9995414430240976,0.9991661952927814,0.9972237380999719,0.9997926269246369,1.0008945096308164,0.9999151560536472,1.0004251759840626,1.00225917994946,0.9982667386003359,1.0000373070370376,0.9981029197749337,1.0015873392425383,1.0060966608163895,0.9999432165792033,1.0002740377180768,1.0014546484032236,1.0030570612908016,1.0040872692068972,0.9978258325732144,0.9974269218000129,1.0068257060086863,0.9983703365496622,1.001847242139145,0.9978465165172385,0.9988240197947036,1.0032942727520107,1.0015395814892087,1.0001757147891728,0.9962339840376928,1.0014730813026596,0.9985954997128277,1.0008691591204275,0.9949268768102042,0.9998910190771062,1.002881229758463,1.0020118067526254,0.9975741973851994
89,2834750000,0.9994942975292818,1.0011053077477774,0.9937371852573152,0.99753916162719,0.9981905673202531,1.0000992297192697,0.9978957134006674,0.9991414093564176,0.9998120581238283,1.0031605499938037,0.9957704460568191,0.996923624579185,1.001304565050754,1.003035738898432,0.9998715606993214,0.9979590555353078,1.0049851747705587,0.9988533716326824,0.9967074659816043,1.0001166580953522,1.0041306188365648,1.001209200297878,0.9991838437594093,0.9963733770682074,1.0012969105776468,0.9998555605144244,1.0021442698735454,0.9981427453005697,0.9972921290927815,0.9988952828558295,1.0024368041133898,0.9996649757097417,1.000994036506843,0.9999509870103606,1.0024834809026042,1.0016741561883284,1.001267331112622,0.9946621256689556,1.0048379228981876,1.003042859438411,0.9997292843619024,1.0015581299450969,0.9980835230019242,1.0019691136970217,0.998229811562137,1.000750607176067,1.0017556252834532,0.9917184752016498,0.9978536027068649,0.9985627809778946
90,2835025000,0.9940701098358812,1.0020776522728259,1.0029808372043636,1.0015387724242786,0.9974241744053982,1.0069418422054721,1.0003421158757775,0.9986389139037285,1.0020706908455208,1.0017502947200085,1.0003524140401567,1.0033523571313219,0.9979028157151706,0.9964316938824486,0.9957813707818157,1.0016154424098271,0.9998438913112699,0.993898018205425,0.9989113775907084,0.9989610457971873,1.0050440573716304,1.0037614179524,1.0004736204526696,0.9959931183613868,1.004932624299265,1.0007089586672957,0.998162407416773,0.998311071231061,1.0006953024588134,1.001533992899444,1.002691750591598,0.9968621212716526,1.0020617867776165,1.0006071947439052,0.9970887882095126,1.001673255989258,0.9931779718110236,0.9989476881579725,0.9948368368306544,0.9993714166558706,1.0047153382116558,0.9995078369615179,1.0019097866781004,0.9978135384656779,0.9961515650068763,0.9983930144099475,0.9981826459485179,0.9969650300557452,1.0038964052632329,1.0033718183695943
91,2835300000,1.0001010051304793,0.9985870981233562,0.9970843326540212,0.9957236458416628,0.9998744155551325,1.001553486157239,0.9990649314532748,1.0006911085740655,0.9987506324338035,1.0043604092919376,1.001618419772741,0.9994272540046333,0.9951189743793166,0.9996724227223783,1.0043284309887688,0.9985804789779499,1.0010624267627481,0.9959166275868006,0.9968092068896789,0.9946101284221669,1.000674453375367,1.0010995073972355,1.0023123927668784,0.9944901554631532,1.0000798420306176,0.9998691575855303,1.003280682671681,1.0009855350479717,1.0031591136005236,0.9977789182961736,0.9998810770183192,0.9983039566038288,1.0002410262905734,0.9971014742954682,0.9934460917325574,1.0008250123556732,0.9992910284198648,0.9992634191221068,0.9936716513353373,1.007851105255881,1.0007652429709875,0.9973143406463467,1.0030598537840303,1.000677384514537,0.9993275654231604,0.9955541992373731,1.0018278519466883,0.9987049486070628,0.9986256707643073,1.0017831701663593
92,2835575000,1.0042366155255118,1.001713827922601,0.9982642924915425,1.0013650142166508,0.997960192876387,0.9960732445699214,0.9998655197034616,1.0005684142793403,0.9928079991544975,0.9966346738954782,1.0007407368753536,0.9989298153623458,1.001462456054499,0.9992768123007931,0.99804212636631,0.9961414830360684,1.0017925933242604,0.9951265392621966,0.9960789346899396,0.9958057166620637,0.99604926094148,1.0023076817995191,0.9958886521636405,0.9977800434878915,0.9989789495697504,1.0069013500270103,1.0020931587309767,0.9986962919934106,0.9973837162915411,0.9959101805409722,0.9982795486378733,0.9973719976960796,0.9990706888288872,1.0010772721838446,0.9990273250576308,1.0011880509433737,1.0017011351445562,0.9993013602324597,0.9999859533537874,1.0011490362192255,0.9993810058047146,1.0039815402319572,1.0051401155665038,0.9997733573437635,1.0008248678239735,1.0019488679807032,0.9957757746629061,1.0028111640821897,1.0002619312070573,1.004303177337532
93,2835850000,0.9979620793797944,1.005598425041626,1.0036203984605938,1.0028200744273958,0.9995488790811285,0.9991060299311882,1.000327441261612,0.9969045037112074,1.0018946149835775,0.996878979126315,0.9977676293926501,1.0024377696856746,0.9923969135144086,0.9957375580046496,0.9997742731685644,0.9989852707431846,0.9970676244791572,1.0043910794185607,1.0039972477903616,0.9955505224516498,0.9957209691499125,1.001004155057295,0.9987523167875947,0.9935905819151749,1.0006521723155228,1.0010213415404114,0.9992841702106812,0.99925814506687,0.9990023933104387,0.9914261904569622,0.9972558566228545,0.9938964055536699,0.997446755405082,0.999058042291999,1.001431126207099,1.0011297619628408,0.994808828394583,0.9995343115872544,0.9978591492032612,0.9967470141226216,1.0017935403650942,1.0014607389426597,1.0052722366887796,1.0043266319042612,1.004301499129349,1.0034079217400989,0.9978961648173239,0.998388018849043,0.9972491363085351,1.0012881918550607
94,2836125000,1.0038180329086859,1.0042107130393179,1.0003057540858644,0.9981920576696554,1.0018178532838682,1.0029266376962547,0.9946821556277753,1.0033921488468878,1.002833019884355,1.0018054889513028,1.0042244674330074,0.9986488822320425,0.9988796787450721,1.0012400582149896,0.993511586074087,0.9981826815650546,1.0056336776164678,0.9981990664554058,1.004904500294054,0.9991387141890286,1.0046417937974865,1.0002567021504898,1.0007873415806605,1.0024408920534515,1.0002045275454472,1.0039711074898374,0.9954755655472567,1.0020795545183223,0.9964265778173581,0.9960963346261874,0.9999294178653094,0.9985814370490653,0.9995685894179817,0.9973944543675423,1.000421815576911,0.9968816719583083,1.002258333237101,0.9979341466197721,0.9991351660134443,0.9971150496093698,0.9936394236484721,1.0014712155255112,0.9985312396300416,1.0028423451796333,1.0039106045523247,0.9938963831037259,1.0008568618934317,1.001406173819711,1.0005583605207056,1.0010721233432758
95,2836400000,1.00297777993173,0.9964095114115142,0.999409590674169,1.0043358410720944,1.00519783296135,1.0053648838241576,0.9982276181688229,1.0008703290000358,0.9966118487045964,0.9986644113060393,1.001822806696605,1.0016357441771229,0.9949049528396312,0.9979499653184731,0.9908888291987997,1.0006565492447765,0.9991967101857155,0.9986113107697185,0.9986932536373971,1.0044984156702066,1.0011265718228535,1.003787487457677,0.9983635086042618,0.9952915876293017,0.9983239917450915,0.9999249724921666,0.9956585435662432,0.9980481401599129,0.9981393223193981,0.9956128150711584,0.9998000137935953,1.0002561610731981,1.0017931448929003,1.0008035637787278,0.9961401737940464,1.0038595614688683,1.0011734712597815,0.9982203950423483,0.9974534908110207,0.9970426188596689,0.9965049752711438,0.9973800075431661,0.9991875059534064,1.0015521710362245,0.9963219723824354,0.9965701417501142,0.9955565680186554,0.998461430849217,1.0020253748020223,1.0001200034584166
96,2836675000,0.9983982386219269,1.0025349105639383,0.9971465837452739,0.9999180782029503,0.9962933221211254,1.0036644170639983,1.0015687641004982,0.9952785074103025,1.0008702643586949,1.0010783668916556,1.0008829788401032,1.0029530628922818,1.0023066668298448,1.0005763655534161,1.0000464879610276,1.0032736470979575,1.002191123471081,1.002882336179544,1.002787884754255,1.000734264881885,0.997476645324308,1.00142920438162,0.9956626523063011,0.9990698314699059,1.0005191759982373,0.9993197201395728,1.0000853977463502,1.001247580680384,1.0011534910243725,1.0049296532184337,1.0036981288196205,0.9953863250716791,0.9962816342500889,0.9973707037601023,1.0024560191538054,1.0024432066606888,1.0031240118940163,1.0023243676797549,0.9920462064193492,0.998633520973661,1.002076690593247,1.0015355805672064,1.0056006075251145,0.9939427368436474,1.0008648099994573,1.0028051882606506,0.993082783096227,0.9955294167194021,1.0033346439981918,0.9957841102065922
97,2836950000,0.9996422144150444,1.0008526512289826,1.0032761783023842,0.9947911040821282,0.9994399467564882,0.9994240796403414,0.996959975159187,1.0029488724825164,0.9980634466316054,1.000877580967304,1.000238693896696,1.003333623446777,1.0021702669245625,1.003065164389487,0.9952641875472892,1.0009963359357072,0.9894540946425069,1.0000247958533703,0.9975923985261356,0.9988283459442068,1.006348020765716,0.997975358997877,0.9948563038708784,0.9980882217425183,0.9978672823000007,1.0017227914751425,0.9973969691869189,0.9980784849658184,1.0021160100679662,1.0009040787306898,1.0006292249014672,0.9958729140407772,0.9960058590100115,1.000238866403246,0.9934989764092169,0.9966439805366001,0.9980554053949807,0.9989878368527284,1.0053697892833284,0.9971306599688273,0.9991591940061783,0.9932426640176648,0.9979906684914572,0.9978796911091148,1.0020657883239668,1.0014313257787948,1.0037324371958871,0.9958685424697307,0.9973037492233927,1.0047690361631907
98,2837225000,0.9937422233530668,0.9940289003702186,1.0032542196312364,1.000261106899216,1.0017432305452587,1.0010406231068063,0.9980192967917829,0.999570859894604,0.9967523262090527,0.9989806122060613,0.9989245494728475,0.9990522921055984,1.0046954396386152,1.0011079035124604,1.0022998837591401,1.004923577000679,1.0011757316952021,1.005244106315642,1.0009960381626393,0.9952631858850435,1.0062786764798832,1.0027955196290248,1.001662732786191,1.001231453330907,1.009106037851234,0.99706679265711,0.9994584967745552,1.0002869601217117,1.0000196772922836,1.0025910470814878,1.003181437150822,1.0028599157064195,1.002438618491242,1.0032466263157105,0.9993614295573284,0.9945614906210095,0.9954692297364769,0.9936934879526187,0.9951430982110964,1.0005005150750672,0.9977077037659984,0.9964260786873306,0.9977754760915816,0.9990479741758155,1.005518317564785,1.002729347038771,1.002824892553876,0.997249737410487,1.0004622198643538,1.001726155116342
99,2837500000,0.9986169722319752,0.9993763620896352,0.9963826703623061,0.9999061454853383,0.9985310920255229,0.9999998774839322,0.9981661375646196,1.0002179007596372,0.9926577123271322,1.0026663150222663,0.9970753212462009,1.0003336901634436,1.0031586044207206,1.0000659367580582,0.9935309222647468,1.0015765375543146,0.9973498104607049,0.998959270218818,0.9982728094915035,0.9973217807593548,0.9944618327723227,1.0049885091716455,0.9995643107446268,0.9995051360480313,1.0020572911609869,1.0010589604759992,0.9943195123070395,0.9968856447904193,0.9988741793835451,0.9983421799545207,0.9983590075210429,0.9976282018869727,1.0009004027894997,1.0012135249657619,0.9997264409528522,1.0013693106603674,1.0034863092701036,1.0031445208042746,1.004081463895683,0.9969572788316967,1.003662196930341,0.9988192832676464,0.9995822778897195,0.9985988201568159,0.9969810717395219,1.0026275516199035,0.9957612677377533,0.9965413060653994,0.9994783029954195,1.0008758035903427
100,2837775000,0.9982197944451833,1.003426141407064,1.0000669996819873,1.0004721246507138,1.0024944464388452,0.9964069214397047,1.0089190103810137,0.9975422466585944,1.0020864697546876,1.0019070446286855,0.9999308139916631,0.9941221108004112,0.9990261265134627,1.0000172686635949,0.9955417868418431,0.9957841547345732,0.9995878314118216,0.9960046130659433,1.0011490927379278,0.9977075617336291,0.9939230014163748,0.9968253096974226,1.0034552474827707,1.000178332784172,0.99868557149771,1.0002798665927148,1.0024882616155455,1.003990991079142,0.9961744555193787,0.9987526410260156,1.0039771770912616,1.00419753282467,0.9976676500076587,0.9979522517383618,0.9931448237640982,1.0023426712812167,1.0037987094490852,1.0085156335142809,1.001414494132733,1.0002841582390634,0.9994602902110804,0.9992311657610881,1.0042817985469867,1.000839040274092,1.0023283514984085,1.001998765013043,0.9995970117999288,0.997267040710316,1.0018001660459688,0.9987633910403871
101,2838050000,1.0005952729546226,0.9983838973370702,0.9997621180550665,1.0013635635659832,1.0016993517191701,0.996226345560487,1.0004678482426876,1.0018686807662607,0.9978872586826008,0.9942255670062315,0.9970277530581528,1.0034500466467726,0.9958191485059815,0.9970922985512733,1.0002318182857357,1.0005548887876943,0.999631367989095,1.0003332175142454,1.0013107181744598,1.0021224107220725,0.9975053127269239,1.0042351086372066,0.999453950389072,1.0039056231553958,1.0009386310922344,1.001731759558857,0.9975953680605227,0.9987134700262144,0.9916424302520404,0.996666244541556,0.9999262337031231,1.0007630673926824,1.0030584400272173,0.9974724920832491,0.9983187119698096,0.9987069405051496,1.0003432568159096,0.9956958178779726,1.0025144324577453,0.9994299366511387,0.9996404891910345,0.9949620819188436,1.0040287685516,0.9953641052196571,0.9963244334342263,1.0014096063343405,0.995860069423561,0.9946484213893456,1.0005795693193427,1.0000340375403614
102,2838325000,1.0007880152762039,0.9974047757001825,1.002069096705948,0.9957224435701467,1.000681639006093,1.0010809090473018,1.0036156228062991,0.9943140633814622,0.9988545622124964,0.9998556813065335,1.001305090941891,1.0007805607666926,0.9995091535340181,1.0018218929801743,1.0022574085993736,0.9987381233048154,1.0006409694909344,0.9997787054330566,0.9970222024902919,0.9953208362514311,1.0026423840185945,0.9998569200466066,1.0005668494376012,0.9989231255933765,0.9985502304920922,0.9961737926323543,0.9961079660611373,1.0033686713533352,1.0018040655960172,1.001467097223227,0.9975334747962218,1.0039239986316824,1.0064012452494568,1.0055447858322848,1.0041882510128066,1.0000231612215693,0.9981424276928583,1.0032457300744413,1.001167750764137,0.997716991604256,0.9984335524400606,0.999907106267302,0.9983545000705347,0.9994842094732453,1.002826535757601,0.9988986072622084,0.9975992087853578,0.9947292185823767,0.9972926093984904,0.9963107295135987
103,2838600000,0.9965609499192595,0.9990060749823656,1.0012643358551867,0.9971221823726373,0.9998928147682166,1.004307741814491,1.0034872200588465,0.9977951851685696,0.9966217773870963,1.0030842645842535,0.9997870280285008,0.9964849003315153,1.0043255458757736,0.9997420946388815,0.9983433500588038,0.997662531200794,0.9968584358070645,0.9961356291627457,1.001995222038926,1.0036919195081209,1.0004006449459184,0.9991480042795144,1.0001303422061216,1.000766303025216,0.9968624627553972,1.0053795935095702,0.9938329655255804,0.9987331810078123,0.9965590254398,1.002345184498381,1.0033122427639543,0.9979325548933303,0.9991152702279367,0.9973006727529068,1.003735592679926,0.99889335827506,0.9982512448520986,0.9958185064230618,0.9979431468683829,1.0047537119171341,1.0021096491213521,0.9964405299569683,0.9974895073760484,0.9978602040971317,0.9955318039772917,0.9978022261612489,1.0001075273494326,1.0021435313353875,1.0019865966945143,1.0012940874086858
104,2838875000,0.9946864633533867,0.996199119060282,1.0014661177920927,1.0001671101355438,1.0028724721559907,0.9996705485797155,0.99600145610589,1.0004240711927441,0.9964880872543971,1.0013008446739093,0.9955626944175232,1.003702090953238,1.0004094009195885,0.9963917907729615,0.9971437597066226,1.0003555547114162,1.0063939114151361,0.9976837818717145,0.9986674894130311,0.9999099570841864,0.9987023385328735,1.00169955498301,0.9981254154653696,0.9978684540725418,1.0047105554319904,0.9982613225105265,0.9944541199082984,0.9968804521789042,0.9991124626908804,0.9998984057059072,0.9978258270037218,0.9975273380055288,0.9997963983891013,0.9983759477086033,1.0009802097804774,0.9967099634235695,0.9976085173981466,0.9956965421455525,1.0029083547801572,1.0043413786372348,0.9969328257421736,0.9954445150454049,0.9976245494085854,0.9981448345738643,0.9927286146846653,1.0005157527736117,1.002371507946953,0.9990532778925599,1.000802724323421,1.0016773257648675
105,2839150000,1.000260241375756,0.9999830337059258,1.0006331832775899,0.9992487907812158,1.0033391504175757,0.9951761242056559,1.0025306898216952,1.0022407168447818,1.000775362316002,0.9982460324735215,0.9951191530604538,0.9959537285312645,0.9964493387224382,0.9948500300218336,0.9982838179354444,1.003279295939624,0.9951887784323737,1.000388230220299,1.0020463595607296,0.9978497276717314,0.9989058172203142,0.9948304269510716,1.002597075293442,1.0058283420536809,1.0031608377510686,0.9966950973658244,0.9999849819407376,1.005248853067939,0.9993591207734209,1.0019837674268122,0.9987298461413252,1.0045906605392647,0.9951294282768679,0.999345889766781,0.9958299799763148,0.9970796343498151,1.0023713535051368,1.0007609756107172,1.0012270469566027,1.0024073656611612,1.0030185739422524,1.0006898816917689,1.0004457777471853,0.9980707578904477,1.0040812843787152,0.9996342646513793,0.9944355756120644,0.9966729999687182,1.00042974221356,0.9957645276299812
106,2839425000,0.998997823456605,1.0016835171918312,1.005356710790022,1.002642531166232,0.998421955369045,0.9973131037684527,1.0016146225723486,1.0006709357439798,1.0005329428643766,0.9968017318628453,0.9979468335125123,1.001786934652397,1.0011589677782646,0.999200469795593,0.9934774591060178,0.995681026614863,0.9992279139291255,1.0016369585242961,0.9970759586458422,1.0006372763065627,0.9975939952494081,0.9982459813544591,0.998271639754095,1.0008710938331888,0.9965899601762249,1.003616403571784,1.0023322892077058,1.0033844173462738,1.0046500657735307,0.9958714850560327,1.0045918886849106,1.0019836190801108,1.0006676644929853,0.9962357554767729,1.002115860712031,1.0028587549856498,0.9971381744231134,0.9973312460732707,0.9994346674562511,0.994960614810718,1.003426417418139,1.0050277090400337,0.9998637966017676,1.0036703811594747,1.0016887049114538,0.9982317846697973,0.9984119231862001,1.0019226974701905,0.998990154256445,1.00022245980916
107,2839700000,0.996768740577729,0.9991762368167522,1.0002644443052557,0.9988621697138754,1.0013044091825871,0.9992994768178235,0.9969390357712119,1.0005138461023446,1.0013883268473311,0.9984458965729562,1.0008559997382447,1.0001538535066317,0.997539907486438,1.0034542756623699,1.0005011616798807,1.000157810784912,0.9998632665698222,1.003449678014406,0.9990497831959408,1.0034104571388345,1.0026391478983834,1.0067623109596522,0.9978137304510366,0.9993125722771318,0.9966013399540828,0.9967532039871813,0.9989968188769299,1.0007828599536757,0.9992737470385155,0.9963848282389034,0.9961961335799833,1.0035711275840513,1.0027914511518392,0.9958277672547013,0.9954055926923926,0.9997815376180347,0.9975345445126789,1.002708088146592,1.001039063378963,1.0000011108649545,1.0014934750428959,0.998131426241305,1.0005981830892297,1.0029191843627914,0.9913709158856892,0.9929932522330817,1.0013497459620495,1.0007126706490816,0.9934083862639287,1.001579355558819
108,2839975000,0.9952199735351008,1.0017767079655147,0.9992241453468619,1.0056649648852864,0.9989702296197258,1.0077060182079878,1.0029441830723682,0.9984680336007322,0.9966749626665289,0.9976906502249058,0.9947159421401665,1.0025880628898753,0.9971733046358394,1.0024467951994536,0.9989276025166763,0.9931754648577571,0.9981374990991163,1.0014565798727795,0.9999564284083208,0.9990245928918007,0.9964357213956766,0.9925670645231174,0.9961924129157647,1.0051768592186605,0.9986448061038646,1.0017722919402448,0.9990605715971972,0.9990809876288819,1.0025875320437307,1.0005021681136896,0.9982790536009046,1.0025016692653237,0.9984051968370357,0.9962780454546126,1.0005106061805147,1.0023015979287944,1.0027153263107826,1.0025553127743327,0.997855335512045,0.9964628478419315,0.9957495002594843,0.9924305862088765,0.9943931663033059,0.9991357912416975,0.9959691521835672,1.0041948298115515,1.0026727021380837,0.9971274428936521,1.0040842189333932,1.0016727047825267
109,2840250000,0.9981553251228688,1.0010094843248636,1.0063418116487852,0.9963373860188891,0.9994760293662398,0.9996444459708049,1.000762385547272,0.9996630452713856,0.9986904370169134,0.9962271364505038,0.9969909161548,1.00533828253766,0.9958151136641752,1.003149323611508,1.0032464237414291,1.000700450136257,0.9996004031818386,1.0020827328851214,1.0020575311532913,0.9984360762371504,0.996538566489674,0.9976189215906405,0.9992240098816078,1.0014339730321322,0.9966742438722968,1.003683648362599,1.0004791707485137,1.0011255814142022,1.001280296435421,0.9958059401999991,1.0017309375779333,1.001775168801504,0.9919881853044532,1.0017502130341207,1.0009384437879287,0.994071509180648,0.9982595555358071,0.9977344136557459,0.9994564179328284,0.997831473859216,0.9961723100375495,1.0038884726858026,0.9960069475897892,1.0019529720518543,0.9969710855947416,1.003422557171715,1.0038958342596793,0.9990379093891039,0.9996753374756084,1.0024267731795893
110,2840525000,0.9969601116355,0.9917534660342247,0.9966459170220436,0.995735207294207,1.0002304081718736,1.0034306018522992,1.0010829654595679,0.9987740709635957,0.997311762476258,0.9980240963825912,0.9962007993196783,1.0009375801765774,0.9949952183433118,0.9943475980671262,0.9980698942327629,1.0013010333701553,0.9893717252046904,1.0024372339519825,1.0009890079912918,1.0018649137138234,0.9985697376241643,1.0016459794702173,1.0025461209512785,0.9974728028972794,1.0022837182684898,0.9926745764194027,1.0027948128751967,1.000531958300326,1.001202213791309,1.0003838587910894,1.004070687416204,1.001061568890536,0.9974639877720746,1.001249605906992,0.996228875802784,0.9981458541094932,0.9986019900827389,0.9980810828943737,1.0005465905960147,0.9991286730883928,0.9979024656381307,0.9993807210880424,1.0008665767773008,0.9922547196568072,1.001149199746181,1.001502876555568,0.9960987187018737,1.001204556331394,1.0036553873098233,0.9951256308945924
111,2840800000,1.003679473159082,1.00339501603073,0.997515526600441,0.9963145169707057,0.9970752278892498,0.9996817393539661,0.9964651146181371,0.99979920287327,0.995350456224502,0.9971606259891668,1.0031440936412723,0.996774058947937,0.9942714930753729,1.0009441126498837,0.9988700623716511,1.0024180553933537,0.9999421184757339,1.0015173193887994,0.9984862404135818,0.9976217807964325,0.9980108545998028,1.0020307621461368,1.0078383059004197,0.9933633712672454,1.002188259878961,0.9986302343170561,1.000921656505233,1.0002044404442316,0.9979927538890627,0.9966840583036884,0.9980576442371111,0.9977485060477599,1.000583871763575,0.9968340012234492,0.9978669010462008,1.0018096771044336,0.9951521092139214,0.9966553208079197,0.9944241347260323,0.9999422919564945,1.0014684589535778,1.000291604591903,1.0025675538073553,0.9959440017550059,1.0001281673567792,0.9942291074708075,1.0027167532504637,0.9957868243050393,0.9983991493757058,0.9914467627648564
112,2841075000,1.0024567457494165,0.9950810772684214,0.9978430890500481,0.9976004005065109,0.9979508882718662,1.0033357683608566,1.002446354996658,0.997407924153592,0.998675431815447,0.9981101093302831,1.0001103959982103,1.0032523086815686,0.9975035434864465,0.9982103586433354,0.9958435631561599,0.9959869458031623,1.00000224237917,0.9968974357106838,0.9973034087334902,1.0016630767952035,0.9981598954722134,0.9995072115894856,0.997877705759498,1.0003773882467404,0.9945528269061853,0.9981925783252111,1.0014071783873233,0.9996044759616013,1.000708767805891,0.9982635050667867,0.9973084916864609,0.9988979430256729,0.9953138836422063,0.9976263915511098,0.9977670179739625,0.9943874716271469,0.9988287221488147,0.9963815120687475,1.002211679851965,1.001275182694657,0.9965923636291683,0.9974745609476695,1.0003206267137672,0.9990790708832413,1.0018690733683253,1.002627312145247,1.0031956475672081,1.0037523146377574,1.0004698458850236,1.0039604108112268
113,2841350000,1.0068296162522432,1.0014370095167564,1.000177658680458,1.0008216866922004,0.9987329089359706,0.9999333491236224,0.9961443080594149,1.002151644008695,1.0061481362028788,1.002497427255805,0.9998797531826656,0.9940099076205677,0.9984766253110692,0.9974981944698541,0.997822397872785,1.004331112679691,0.9976208674340952,0.9953063085410174,0.9996403479564548,1.004117326608146,0.9952479854168784,0.9991100112600628,0.9976748686136451,0.9989779136662096,0.998792300210943,0.9996056315330151,0.99847714392222,0.9975327939014416,1.0018314197072615,0.9965146502095097,1.0044032233002556,0.9958255414552815,1.006606932366274,1.000977683887519,0.9987451527358744,1.005107023040913,0.9955232378075435,0.9998573809206519,1.002847110974715,1.0023533397850464,0.9998194154609745,1.0017475847659023,1.0024799037403496,0.9980195087035055,0.9929799841012423,0.997291135261568,1.0003613635244544,0.9987081683258481,1.0014727592247055,0.9945833758754776
114,2841625000,0.9988930651716963,0.9970374519126028,1.004712405860365,0.9937239749605226,0.9987523238877308,0.9989626004386413,1.000484154016784,0.9970989052780244,0.9988288907915871,0.9963899390138353,1.0006868794216854,1.0000367529368466,1.000223275392634,0.9966683397102735,0.9997770105169089,1.0018770915812514,1.003322739244013,1.001034312306193,0.9983412106472932,1.0011731359025184,0.998535481366985,0.994752435800116,0.9974944184800295,0.9985360271040477,1.0014497857647748,1.0011773812543578,1.0029044688475173,1.0004806323972575,0.9991420298989532,0.9958842295470804,0.9970709221992488,1.0010232057238486,0.9979049019462803,0.9932173334492298,0.9969563399389355,0.9919601613336476,1.0003263846859844,0.997363146017842,0.9998701035567069,1.0027123276213223,0.9939383216820107,0.997930490601796,0.9997130962001156,1.0002847965042208,1.0000341562268824,0.9960169836066745,0.9898078892340412,0.9989376759664199,0.999878737189048,1.0018670517529635
115,2841900000,1.0005461335098171,0.9995234366657602,0.9996943835103203,0.999003803528226,1.0012956144126748,0.9956220674683939,0.9984086554980693,0.9979438835909229,0.999589235342051,0.9980927362586663,1.002616465590429,1.0019267588321614,1.0015205552893025,1.0007403359339575,1.003183502790238,0.9999060415065032,1.003489837473598,0.9993677645760426,1.0008310097556674,0.9985401257653924,1.0052647638363472,0.9955005331401531,0.9978180299900105,1.000973932791345,1.0022480693243236,0.9975375921130575,1.001464642197453,1.0016921992008552,0.9950506124186044,1.003498916076637,0.9989219083285399,1.003681019780596,1.0061004184523463,1.0021452284727825,0.9966256595862267,0.9976586256319027,0.9988409285229537,0.9994891667179062,0.9987857229287647,1.0001170829497352,0.9990202766947109,0.9996225907688563,0.9981585938784466,1.006841662391519,0.9946321005848224,0.9995226295914619,0.994486985017873,0.9980192753812704,1.004703500795503,1.0011137250076088
116,2842175000,0.9989446265037615,1.0004340333141384,0.9937866298247982,0.999242819919758,0.9994275314013534,1.0031304205805547,0.997592609532218,0.9993074108000158,1.003092495170338,1.0022405274498296,0.9943682821375488,0.9975358970634244,0.9986093274091635,1.0022416516301833,0.9965352852369462,0.9976923676852343,1.0039649552158125,1.0036465268354497,0.9977918430259821,0.9963912132263919,0.9922345102548972,1.001917393105684,1.0004158560202028,0.9965363733190702,0.9931048786641092,1.0011953022835671,0.9959873924031013,0.9964323483112376,1.0010103477851524,0.9966729467441203,1.0027570151686163,1.0037204729293792,1.0017518790115945,1.0022250770480323,1.001807373695432,1.0045163995433832,1.0001855722498112,0.998986298597157,1.0047196108458127,1.0024629207368587,1.001399352345789,0.993136224588534,0.9967737928469964,1.0014312749344496,1.0017313181568648,0.9957143485755654,0.9970247684668957,1.0009684676259545,1.0005852908434474,1.0020437951193644
117,2842450000,1.0026746123378025,1.0000312812459085,0.9947473026732767,1.0008143678948185,0.9987676445150515,0.9995525080641858,1.0027680037451665,0.9927608490472906,0.9988038701057895,1.0029899075463609,1.0006623918837063,1.003060757403213,1.0022861592245857,1.0018338460072933,1.002786495291094,1.003667426872999,0.9958107336482944,0.9990053096670298,1.0004087490940383,1.0008395502761809,0.9945741950579864,0.9974426674982381,0.9998150756248048,0.9993563506409654,1.0039885499655548,1.0044159067950544,0.997343330014428,0.9940116312239962,0.9986053939165868,1.0005153787796266,0.9989024297348316,1.0048195939855284,0.999304126765863,0.995482578867256,1.0014087373164648,1.0003034468279346,1.0011311790556723,1.0008644358427907,0.9985375843712142,0.9977118247577895,0.9962081412346975,1.0030056750264842,0.9992448728314618,1.002419819602622,1.0019958388965506,1.0046218320398645,0.9963060638495197,1.000796148746095,0.9984042817612723,0.997904695146703
118,2842725000,1.0047828510304455,1.0004505608108585,1.0004909326995297,1.0003789491306312,0.9971566953991257,0.9958013085402188,0.9981908461434338,1.0029993648301174,1.0024012730961138,0.9998689831546363,1.0004170991798274,1.0026491974881633,0.9989083215501797,1.0002949841994644,0.9989880688594601,0.9966523080116227,1.0008939342018008,0.9989816372426862,0.9944798626559065,1.0017396813170119,1.0030858801734224,0.9990852602860936,0.9958381203007813,0.9988949359045455,1.0040390118425655,0.999776899927373,1.0001602937608545,1.002869796426426,0.9990956099191699,1.0004240484662752,1.0042916405788287,0.9949694432721434,1.0011358091405322,1.001360120406788,1.001557979860669,1.0008114063266191,0.9981452638770482,1.0002963121933046,1.0017711517399257,0.9982062005321584,0.9938674709704747,1.0004453077201,1.001639032712561,1.0012135969283749,1.0007557442764816,0.9985660041575687,1.0029835732309471,1.0074962310794962,0.9974595115527464,0.9962262682262709
119,2843000000,0.9984845603530097,1.0040153221741142,0.9972398290161383,0.999221841907947,1.001479313415009,1.0051795839741122,1.000285619618591,0.9992112247426532,1.003619358849213,0.9975014789514685,0.9978433820528269,0.9995698928065475,0.9962224063635221,0.9980133942756205,0.9958072506970729,0.9982780224886465,0.999450058189634,1.0026759905463254,0.9975741515397224,0.9950333886800954,1.0052243466975632,1.0005658603748109,0.9956733767598813,0.999395906151111,0.9966899001589427,0.9976348996058713,0.9983903835903292,1.0022640476637894,1.0054815271711286,0.9978109722090621,1.0018750108842078,1.0015620709142978,0.9961998395705206,0.9980499467801124,0.996523065623205,0.9989515565255701,1.0046951128289316,0.9983173762656486,0.9990651461706509,1.0029558232197489,1.0017593557386562,0.998080066964425,0.9984867071189941,0.9985812287921736,0.9934828897061949,0.9993364126275502,1.0007439941140364,0.9978967131012239,0.9921813384346589,1.0015314336699128
120,2843275000,1.0012841980317908,0.9982966556325517,0.9953763166838224,0.998007498675371,0.9991181363461977,0.9988706150187373,1.0014703397812503,0.9982741811675535,0.9958423129113817,1.0040195925340707,1.0006566272016084,0.998499146879839,0.9988957234048106,0.9972827833515948,0.9969840044936079,1.0028614330386065,1.0030046449680399,0.9938432891656281,0.9983159271655443,1.0053627742358737,0.9997859245751971,0.9955403008998872,1.0033647567480435,1.0018859225126673,1.0001283691729748,0.9963550626472801,0.9991358756443526,0.9992596310148395,0.9964202599953264,0.992021685968172,0.9969314199912611,0.9994438972183711,0.9944085021732146,1.0034353337037185,1.0003323461172442,1.00290961902368,0.9991872600030844,1.003725679190024,1.0008128165418608,0.9991716070122661,0.9984825558515906,1.0026196481763578,0.9961995159536136,1.0020826826744518,1.0039420342521264,1.0004276915264492,0.9957943867638925,1.0026904523888531,1.0050428163758893,0.9990782012951172
121,2843550000,1.0023379845460834,0.9993612778861364,0.9978787889353985,1.0010201323711347,1.001734087906627,0.9947023532054373,0.9991491611963812,0.9934021611371994,1.000319521296501,1.0039956467448794,1.0004755940492438,0.997736022922178,0.9950219264509123,0.9995172065510171,0.9981028656857155,0.9952203055298274,0.9923757708037335,0.9965664714288294,0.9985044886395782,0.9995299138451765,0.9986502576846983,0.998871520896635,0.9965042622952587,0.9960346863167182,0.998025794552273,1.0007938040260325,0.9966111418704338,1.003685341535779,1.0032731529342747,1.0027047065489596,1.0021255805244202,1.0003354258432275,1.0032360753293887,0.9973479803005351,1.0016204527960486,0.9960138533671854,1.0006790681887991,0.9996224555671703,0.9995684308062751,1.0004571618482914,0.9991628965378754,1.0011395189286754,1.0013129596106571,1.0055861758860392,1.0013683099837707,0.9996164139408212,1.0010295885778961,1.0071910892804512,0.9957287140494687,1.0027518684170074
122,2843825000,0.999464498695821,0.9965913414675349,1.0018714693904855,0.9963170024420687,1.0019414589056586,0.9984765602951968,0.9974891731716481,1.0011089827814426,0.9952940688029686,0.9987315518035874,0.9979672823852782,0.9972970395864611,1.0007805149187645,1.0008678551024586,0.999487401869958,0.9956738454440737,0.997832492399026,0.9937098796660794,0.9903120161563105,0.9999404813927931,0.9994300371440847,0.9979229008936161,0.998738103081991,1.0003995949985605,0.9986315538971319,0.9976202542046201,0.9987724713250252,1.001402596252023,1.0075124727214972,0.9974687324071905,1.003444306193128,1.0001263204257196,0.9986121006075601,1.0039227564707796,0.9989062456980271,0.999013735793646,1.0009199845614238,0.9973178619259948,1.0018998214892003,1.0013661583062214,0.99846715075757,1.0036533418794937,0.9985136295601503,0.9964977053413557,1.0009337206722164,1.0029864183117851,1.0007990993869482,0.9990973405228847,1.003777067944393,0.9984525621208447
123,2844100000,0.9964277833275783,1.0021180743787805,1.005705540681154,0.9934828989046482,1.0011743879609853,0.9986211219453165,1.003691416022724,0.998959201704829,0.9954196369720413,0.9981494451425065,0.9941180712323023,1.0011611463989087,1.0009324350082172,0.9956117616238569,0.9995611512184028,0.9993764394309559,1.002096027264354,1.0008611717623346,1.0009449855504085,0.9981307081164738,1.00376101921915,0.9966772846362583,1.003194896951231,0.99858140081308,0.9990167971471737,0.9973548956615538,0.9987049876049869,0.9982331861039572,0.9985056428166734,0.9962560393245239,0.9999942316788033,1.00029879459902,0.998801228033997,0.9967019475410525,0.9997219855278513,0.9987837132649081,0.9997453357717687,1.001443689526754,0.9993455889423766,0.9995520342108466,0.9987668526026774,1.0042352111237376,1.0023850818172482,1.002235830855373,0.9962762761581101,1.000045404512243,1.0003359774463836,0.9987991994271729,0.9995731088368929,1.0024333145748923
124,2844375000,0.9979419688138488,1.0010033009993344,1.0003807931754933,1.0010897078413354,1.000847240963737,1.0002672980548408,0.9982916945150033,0.9967578983368424,0.996893747256667,0.9938337064395423,1.0019616347198732,1.00087090856328,0.9979049118681862,0.9964664389937596,0.9990516370962093,0.9980720703275321,1.0058895782930672,0.9969388288852254,1.005152121858685,0.9936220850830694,1.0025305324385032,0.9973290987830548,1.0036519166702305,0.9903370545973726,1.0028428457810588,0.9988984979886109,0.9958480135682245,0.9964810987387529,1.0027841929408143,1.003782179031401,1.0026160923907161,0.9995343826240892,1.0024694580346125,0.9996357286820244,1.0029779901819356,1.0010991801512708,1.0023997273306735,0.9994932383771673,0.9969686622759341,0.998923845414754,0.9982365113688552,0.9977426368100404,1.0043416216065462,0.9918668342463315,0.9978524788964598,1.0036485053972521,0.9999476103919674,0.9965694570104789,1.0027464664098638,0.996625238923464
125,2844650000,1.000173602536598,0.9972892704905396,0.9951538253161732,0.9963572198930448,0.9971243686060581,0.9970147679437966,1.000991733768935,0.9961626007969335,1.0027138204924884,1.002564373998301,1.0009226324717755,1.001641677420158,0.9948762454768947,0.9971272798317315,0.9995700196942348,0.9996426338236787,1.0040900819093144,0.9978794045688628,1.0012643826338832,0.9965969053187614,1.000279586094171,0.9979425961897824,0.9995124692717918,0.9979633938149474,0.9984021771372329,0.9964928014609876,1.0015108444916885,0.9993844118584816,0.997743679335404,0.9996366831698893,0.999947693580323,1.0008002651316383,0.9961431066866288,0.9980944257877824,0.9990143097973481,1.005729407915598,0.995850020498044,0.9919164849036394,0.9964199797529405,1.0036578567906755,0.9991396131662273,0.9988366289010151,0.9955270684362892,1.001319815952905,1.002727499714524,1.0021540361696843,0.9933917078252406,0.9985516238198903,0.9976784025486061,0.9952863105054669
126,2844925000,1.0026671289804574,1.0000944966123784,0.9938775186581386,1.0035815584280043,1.0002397067704933,0.9988483783624515,0.9986934703709672,1.001465187565545,0.9999290297210607,1.0027453182727963,0.9975919688102017,1.0022107479616549,0.9993974724684389,1.0001045182819304,0.9993899620045987,1.0002681622578689,0.9979878823461236,1.0012401996393252,1.0010580802916842,1.0002275012773705,0.9995492587031499,0.997942729553491,0.9989038789572038,1.000520146657627,0.9996483952147845,0.9981173312187152,0.9930833265542475,0.9941502248533544,1.0026866649388788,0.9975091069417942,0.99734188607446,0.9968306832736542,0.9993678058696668,1.0006607470837419,1.005224331766781,1.0032582815938498,0.9966302419719894,0.9975369864067288,0.9974858729991949,0.9983731848024548,1.0000537893946113,1.000674625304798,1.0028678728225757,1.0017958739210895,1.0001725303777225,0.9983966784751028,0.9989996972340734,0.9968103749492467,1.003388820781657,0.998556425481132
127,2845200000,0.9988842507341378,0.9974711453483364,1.00086116860314,1.0018512278409597,0.9984097979302343,0.9961185288374557,0.9968053205029684,0.9989874534145651,1.0013840649053662,1.0004187024498676,0.9984015540842635,0.9953976162147402,0.9968587656892816,0.9983989303482153,0.9989751738395741,1.0023456443451564,1.0021997812509063,1.003184859999196,0.9991933133246403,0.9987465796347693,0.9974013653304863,1.0027067507070362,1.0064467502141043,1.002360529896825,0.9999019202185678,1.000797427699346,0.9994218223746159,0.9992682255613828,0.9984934316781802,0.9994667008593349,0.9989138200943085,0.9939909829456132,0.9969114775773834,1.0006248394231916,0.9998472774650892,0.9985625585269363,0.996510539755082,0.9954781483575924,1.0001030529304429,1.002015809755655,0.9987792002961724,0.9956898649869935,0.9992710453977773,0.9948683793905382,0.9996580049851947,1.0015219531632649,1.0015614200772363,0.9997801925450139,0.9987156699731923,0.9972523053122482
128,2845475000,1.00146387299675,1.001014011348581,0.9981303574340442,0.9967108428649425,0.9998233395011606,0.9981984762986575,0.9988146496498623,1.0013668126407897,1.000229150777692,1.0021328474625917,0.9956470059800079,1.00003869357149,1.0003277240679056,1.0004725030089332,0.9995288344556993,1.0005656119958959,0.9990885595922592,0.9956745337467503,0.9993279860384562,0.9975351446867573,0.995677201284917,0.9983825581865735,0.9980442975118334,0.9991893354526098,0.9979148684783747,0.9993484163796872,0.9995443023681546,0.9999983826390831,0.999123748540796,0.9979035103994817,1.0005125073886507,1.0019963834548062,0.9976626621117908,0.9971162148704711,1.003818070665491,0.9964450434311972,0.9991524083000825,0.9965959441029328,1.0002496991137373,0.9964956515219465,0.9954448951064658,0.9985173759436322,1.002599269591393,0.9970724390601932,0.9987959464287866,0.9931956080772453,1.0000081344847411,0.9986189205765936,0.9988065376900632,0.9999781869887276
129,2845750000,0.992805385627272,0.9998157313582787,0.9976163049915999,0.9993316454764793,0.9976318542601905,1.0011388962423693,1.0005880420256437,1.0005306339259843,1.001611029790796,0.999452936770333,0.9964343798026828,1.0037954753384766,1.0019203117491884,0.9993655217459845,0.9958937246849766,1.002979406798702,1.0009191916104099,1.002653259578458,1.0026511541692869,0.9974359397602461,1.0025772757606748,1.00508970329993,1.0042855225163252,1.0004080922768437,0.9991714892699834,0.9990422323437528,0.9934664144619508,1.0007361190040513,0.9948073423442436,0.9980559324360564,1.0020986643371959,1.00316513951823,1.0005862089265058,0.9949618475124364,1.0000870950795793,0.9951955795150039,1.0015745628763502,1.0009824766343312,0.9931379633304074,1.0011818721042025,0.9987130022251954,0.9960587549647311,0.9980913763711557,0.9960865977142993,0.9984940595386086,0.9957206643950381,0.9994724204344458,0.9997613351276913,0.9998871775127945,1.0067909736341778
130,2846025000,1.0054465426985808,0.9987157252791011,0.9979703132090513,0.9989844803532534,1.0007551129521335,0.9964221876739744,1.0001717971914468,0.9952489275339721,0.9934653007986403,0.998179386776854,0.9946566134860002,0.9994619881674459,0.9974470385911504,0.9996762337236533,0.9971235059697598,1.002411609786051,0.9974421074166709,0.9976939321174857,0.996529884137084,1.0012622981504877,0.9992776780121295,0.998490830790394,0.9990760520885139,0.9980477573947297,1.0012362121924898,0.9964701710694659,0.9941574146810548,0.9966659912800596,1.000476286778459,1.001819796366539,0.9960752344884053,0.9992405769782775,0.9966393743520239,0.9976327556952777,0.998232963226955,0.9994353286226184,0.9925947744339186,1.0005783504075616,1.0023317357702093,1.001496940594254,1.0009437033404796,1.0032008226405036,1.0039151530010861,1.0004423976466623,0.9969967473455796,0.9978423695932839,1.0022305110938368,1.0054394322096583,1.0031923403693142,1.003620632186888
131,2846300000,1.000748444848194,0.9924184868016964,0.9987031466302474,1.0001764073272574,1.0019937388558127,0.9991524498818237,0.9959057883849696,0.9984183053039827,0.9968737507492824,0.9974832295078184,0.9954027235600902,1.0009234221823848,1.000083633211047,0.9960219322356263,0.9964218332940588,1.000356395515366,0.9953386220286168,1.0028003359660183,0.998943520519659,1.0014378828719717,0.9982415309264077,0.9951298608570152,0.9982614504227639,1.001623310061861,0.9996418611036316,1.0026772503507355,0.9961900116951727,0.9993065763990809,1.0004394109884749,0.9947973781075827,1.0014671761845946,0.9958137949457645,0.9972652717303538,0.9919732809344242,1.0005234282705455,0.9967076127606622,1.0005009027317928,1.0013240324709922,0.9948022176584438,0.982368656576091,0.9969873670103743,1.004161076936419,0.9971160050726543,1.0028203953929866,1.0031390666312614,1.0006683437936936,0.9991051549710063,0.99520419381804,1.0090461085343059,1.0027009518569798
132,2846575000,0.9923493210599778,0.9969491268590186,1.0041792612054157,0.998265512663669,0.9915158407571217,1.0006613083709928,1.0003735511669867,0.9942029030347707,0.9916050641808396,1.001779998087773,0.9925489668536265,1.0024058787780914,0.9938924720595502,0.9975977935089504,0.9949679968720987,0.997786327422238,0.9994459132481182,0.9954904738699959,1.0026299417614108,1.0016041371178777,0.9984055614091008,0.9961496959043697,0.9986418250364214,0.9985583857019831,0.9990233780528273,0.9956867404234524,1.0032460337848434,1.0004899861244585,1.0048018430978662,0.9996653441701032,1.0014955862590031,0.9950879749328605,0.9971040614280023,1.0003152076335413,0.9944427217894848,1.0027183031012294,0.9957420650443731,0.9992195888780914,1.002275427370614,1.0030156183372279,1.0019929830271634,0.9970048921291097,0.9960305082349229,0.997786454242002,0.9980541129572433,0.9981769735195363,1.0005669045977041,1.0077821795350168,1.000572456095329,0.9928987670913167
133,2846850000,1.0032450834803333,0.9981623780603767,1.0001277340602877,0.9985989898787303,0.9991383553902131,0.9997173199189179,0.9918019994664785,0.9929872991005706,1.0040168300053014,1.0062495437547423,1.002440594875686,0.9959578545715368,1.0000426843785275,1.0004048435955764,1.0108207400972449,1.0008402393020737,1.002489008223567,0.9990322665560354,1.0022347388120265,0.9999149823291774,0.9958153685895595,1.0006630760489346,0.9998917455013807,1.0011192070708956,0.9964734786281608,0.9955465588583092,1.002179377265837,1.0011233291395802,1.005144883273101,0.99479305497622,1.0024949687947442,0.9931287674440783,1.0030854811330563,0.9989842142611677,1.0016339077415153,1.0014596221940464,0.9990037650707131,0.9977511350431995,0.9955509883449195,1.0019982483108754,1.004280334425741,0.999197800547616,0.9961050537818164,0.9924614406929122,0.9973032347751365,0.9939454121346437,0.9980267319606708,1.0019269886747346,0.9963368586705506,0.997807426671141
134,2847125000,0.9975882683416911,1.0002150212186018,1.0024894931361314,0.999304650787588,1.0042549400236611,1.001562883240135,0.9967963212609833,1.0032988764758621,0.9975155864289671,0.9932734400206937,1.0035385868805062,0.9998182963556406,0.9995235045067468,0.9962646703423784,0.9969532230961923,0.9944295523331594,0.9978963870426559,0.9978839409100463,1.0035395500140885,0.9982739229546106,0.9963078269744172,1.0021016234456688,0.9991785966514173,0.9979529435424335,1.0031005287587165,0.9976910247221359,1.001793441200418,1.0023454246793675,0.9923877423702413,0.9980650201030248,0.9994563756770226,0.9992333086486908,0.9916359462979106,1.003024228488421,0.9960994459762156,1.0009369743144725,1.0007739999022087,0.9972373317896133,0.9954322404788014,0.9997528165375016,0.9981868644589655,0.9988777913161095,0.997547208071716,1.001370804005106,0.9992343891898327,1.0008156710795442,0.9978311331504301,1.0023742462142289,1.0032499449054306,1.001118177918974
135,2847400000,0.9932163547493438,1.0014748039684014,0.9939779871833311,0.9926121916152029,1.0024634166387822,0.9954165450639186,1.001627146511353,1.003702569374918,0.9962529608708526,1.0032718817768629,0.9947214536999165,1.002273514705149,1.0001470931564402,0.9959970549054947,1.0035503910055215,0.9967637597409148,0.9934785668436933,0.9980607610733702,0.9975187353946363,0.9960839949165725,1.0045249619166148,1.0003966663038149,1.0014056816775454,1.000094732710895,0.9979447887660329,1.000040146665548,1.0016426249818324,1.001050258665653,0.9956925577373925,0.9924041810971805,1.007519585002371,0.9981808420250915,0.9918409999189755,1.0005899628580661,0.9969115036051893,0.9955184707972221,0.9969786246111169,0.998335537927336,0.9983202261543058,0.9992640993327924,0.9985651785403841,1.0033085940246935,1.0066670448837247,1.00000544176116,0.9985322302861667,0.9961365234594476,0.9961172785531254,1.003902992431877,0.9963556219625558,0.9988867535004304
136,2847675000,1.001485799872146,0.9996438721902332,0.9929960748164242,1.0013400581137157,0.9990671754490175,0.997497621820749,0.9994828252663127,1.001777391143371,1.0016591578038603,1.0016657691522428,0.9960819546868853,0.9949827467237868,0.9985915500845557,0.9966057958659184,0.9997517066257904,0.9987686706816452,0.9995370337775815,0.9991917808893193,0.997936605447613,0.9958234681263288,1.0008574279729308,0.9992808661747701,1.0023227984359249,0.9985242658392768,1.0032674145809428,1.0001508992964003,0.9933244549956655,1.001276794618322,0.9957020226925425,0.996817349171362,1.0016650296320795,0.9982336083666372,0.9990623400219574,1.0012608481206327,1.0042611587121415,0.9984649748131572,0.9995943084565349,1.002555990647347,0.9941867666067092,1.0017112933422923,0.9899951290282061,1.0020161113414159,0.9975501130208392,1.0008573630977353,1.0018963054695968,0.9983842719217836,0.9975636422721273,0.991466566047029,0.9978546193006779,0.9968817758273124
137,2847950000,0.9996430356600361,0.9979305905491003,0.9988646191704238,0.9988175997322355,0.995756857008207,0.9964512990186184,0.998606206940954,1.000614724228915,1.0053131667600015,1.0012774862988356,0.9955313374138914,1.005387885986742,0.9952485375873781,0.9955500357018828,0.9995323251439859,0.9957687261420686,1.0010040329902081,0.9964262783114908,0.9904928839010799,0.995060417876942,0.9971543079850876,1.0015324843923041,0.9971117766844525,0.9988276700253431,1.0013772199664777,1.0035983964983102,1.0015208978746082,1.0010944650623326,0.9992631032874971,0.9999142053971262,1.0028464216718849,1.0023918067185005,1.0018773494856814,0.9983360222945772,0.9934958152269326,1.0011918484886246,0.9979921308857238,0.9977874611679425,1.0034578795085392,0.9996175618191793,1.0016028189052486,0.997887868421652,0.9995921768857947,1.0056868948003859,0.9991051051639811,0.9990842782813869,0.9943263800641335,0.9999452118668836,0.9991812288019503,0.9969089229829661
138,2848225000,0.9966657341698212,0.9925531244739837,0.9995673468522924,1.003035707507949,1.0029413642002714,0.9940228690165192,0.9989953408268984,0.9898378282753834,0.9995779420760008,0.9975548086530106,0.9976361813025623,0.999762051428696,0.9992634863660247,0.9953167662363819,0.9981372220519436,1.0042751837859725,0.9984902557845321,0.9991049934052308,0.9982744214380277,0.9950310865813374,1.0012259618338577,1.002730048070309,0.9961987725968801,1.0005537483911813,0.9994901016876041,1.0044319484811188,0.9954208282566975,0.997384027780787,0.995338156004209,0.9982852581173524,1.0022645841771285,0.9977921396853628,0.9970644094344173,1.0037989206014175,1.0058554785449505,0.9993871597242344,0.9963246866706899,0.9978265361365221,0.9962329576695362,0.995231242479309,0.9925384087304986,1.0009802046633425,0.9970677728079753,0.9981837285115652,0.9960260411621361,0.9974935409836697,1.0021770980560818,0.999597750079133,1.0008479518732432,0.9893182358979103
139,2848500000,0.9983765082706608,1.0024444973037463,0.9986969757694363,1.002525886893197,1.0027241623553773,1.0025228696645154,1.0020569485822408,0.9977645703130144,1.003983238005917,0.9953111758801173,1.0006035721026298,0.9992189405379257,1.0022117509125668,1.0034539315363231,0.9947432204121909,0.9987831490537558,0.998920189866022,0.9986984365170737,0.9963247830008869,0.9979816690175892,1.0026342306467684,0.9986916885952691,0.9995973601339628,0.9986814644691312,1.0014329226065006,0.9998891461784026,1.0057868019564455,0.996932990557943,0.9975696434787574,0.9995924206654208,0.9995218063449178,0.9999532178090478,0.9964320903997439,0.9938403169349374,0.9983746302981484,0.9944175821004976,0.9974262910714324,0.9938322533476538,1.0011827960571311,0.9965318152012421,1.0017494585825428,0.9979837186325078,0.999864621129029,0.9953250873178253,0.9985355835077845,0.9949656876141166,0.9981072363672665,0.9963831702624679,0.9971253134375548,1.002826940900035
140,2848775000,0.9936667362826628,0.9962834685180117,1.0007346363847112,1.0012836491629127,0.9927753521885585,0.9963077125294229,1.002539224646379,0.9985339150653099,0.9984174969439615,0.9966319738693081,0.9960209148861466,1.0018515397626961,0.9967941031410854,0.9962382236806373,0.9924171069979769,0.9960416790872181,0.9927272509264846,0.9968703357949197,0.9987060447490566,0.99237709842199,1.0009215201413295,0.9983373676839026,0.9976562239242444,0.9997986977712479,0.9956147337858104,0.9990813430468743,0.9984679861771639,0.9929057926223157,0.9982294227865308,0.9960527126050012,0.9992839327379021,0.9949444541741197,0.9985866316501443,0.9990319872125525,1.0002042465458172,0.9969498464272153,1.0023924726211626,1.0005295555156302,1.0012691862002865,0.9930682146289593,0.9964459508356839,1.003766036337088,0.997587629129232,0.9981780058394006,1.0033851110923706,0.999515955519427,0.9970998507897741,0.9959857118584637,1.0021812160594674,0.992458534716177
141,2849050000,1.0065778394111091,1.0030710757308248,1.0009209767556007,0.9959367289166159,0.9995534726352944,0.9984217454892746,0.9989027015852837,0.9945767332608489,0.9964458893520035,0.9990204802065282,0.9959804958185494,1.006122278367815,0.9994416743034944,1.0010290772717436,0.9988863730126624,0.9947078945637601,1.0019703911382263,0.9971133384416205,0.9980674831779603,1.0017054528579141,1.0000322306325347,0.9984901907973651,0.9931793054033908,0.9942066080186832,1.0002664992764103,0.9975375759450988,1.000398325331253,0.9985523204943326,0.9951418624063253,1.0008891925175734,1.0035639406518506,0.9955895667725252,0.9922055731809507,0.9964845153780675,0.9946193408397503,0.9987843526294568,0.9939565484987707,0.9955191279269693,1.0006124772219145,1.0023307077985064,1.0025275547743426,0.9994647601346548,0.9987792699763438,0.9985927178560635,1.0005108384914145,1.0011741518025365,0.9972529252880373,0.9977243373580834,0.9969030351166944,0.9972904230812121
142,2849325000,0.9979887430492872,0.9927948346677786,0.9964352386613864,0.9994759056017758,1.0027508410715933,1.0013371120334214,1.0015871148911855,0.9966389881279434,1.0037273337029984,0.996263211313946,0.9974141304649484,0.999138542852561,0.9972919104894972,1.0001177495193734,0.9933281852935751,1.0045818837225358,0.9977998537580264,0.9938159205828707,0.9979314752921837,1.0035128308823815,0.998431539793987,0.9945600486001325,0.9950499929948904,0.9978959534214714,0.999865657200261,0.9977672974282746,1.0000073014468502,0.9987658675995276,0.9998179922685563,0.9954630866207351,0.996408257328017,1.001795242504368,1.000146233197642,0.9997715531160332,0.9928793651359626,0.9949029864381369,1.0034523030330325,0.9998810487992676,1.0005103635796408,1.000331882164226,1.0003438603003534,0.9968146710191008,0.9951480164946102,0.9968244682652072,1.0013714109195397,0.9968930463496123,1.0006273997748245,0.9973964771611935,0.9953878653414773,0.9975548599394739
143,2849600000,0.9995697078926807,0.9997287186452587,0.9980790255989294,0.9969268759885848,0.9940975109474333,1.0020068628457652,0.9996624891953397,0.9997162263153385,0.9983213029641429,0.9927043848360134,1.000258198318027,0.9953285743089015,0.9989944037139957,0.9993820350933245,1.0026626831024832,0.997957458719906,0.9983096267567866,0.9954682747242526,1.0022728832180112,0.993323071961423,0.9987050890992258,0.9989316416890418,1.0007296132529415,0.999281435832256,1.000019763270726,0.9934530658684586,0.9969489208348433,1.00562681363744,1.0003025928892992,0.994790898126911,0.998130331309353,1.000772381140239,1.000024871615587,0.9934252146073924,1.0023267205644801,0.9996055258065906,0.9984057390507861,0.9979981431075581,0.9980926449118879,0.9990904010419611,0.9976721869297019,0.9977815503891945,1.000318483047004,1.0071233675605746,0.99416618110221,0.9970835818018499,1.0024046058558158,0.9994014406062299,0.9956598653846594,0.9975907013403144
144,2849875000,0.9915299482971165,0.995995268202406,0.9955702013285432,0.9967326067571249,0.9994096186803403,1.0036809061775434,0.9955307812544257,0.9960252862509613,0.9962778372782383,1.0006671251989552,0.9984843415934317,0.9962200637868879,0.9990566271618181,0.9932326696778234,0.9996268021310734,0.9994581399423699,0.9909600939044827,0.9970388369840982,1.0023278469602788,0.9994878722601171,0.9974024591571141,1.0014591670943065,0.9993367022383378,0.9988671350623711,1.000498994530492,0.9967856470008908,1.0043161527626296,0.9949433309692343,0.9999003735538909,0.9981587662196202,0.9904959921722756,0.9991529992258406,0.9946771816136682,0.9961606311357549,1.002470652854658,0.9996721771986402,0.9965148996066782,0.9991894583882991,1.0013173912713849,1.008114785366685,0.9930083994053048,1.0010455200943595,1.0002159435724187,0.9970824162544232,0.9965028519221757,0.9954832369403872,0.9955584922510062,0.9989978772260368,0.99795496095685,1.0003396633856758
145,2850150000,0.997055521481149,0.9999031344089307,0.9934520234177343,0.9976300670381171,0.9931050309260309,0.9955950861314534,0.9975374734766271,0.996263634725861,0.9973095483575581,0.9997422602032258,1.0030779882502854,0.9984519216135384,0.9987241843952185,0.9986461077450871,1.0007561919817212,1.0018085935765115,0.9971694849328983,0.9954265433170574,0.99324400266467,0.9949252335747873,0.9954967895837615,0.9951449093874236,0.9963927772051325,1.0017040624587135,1.0003410981381489,1.0019147401542499,0.9959394296913877,1.003551735007896,1.0007216685636988,0.9938159088036305,0.9937594814825697,0.9965425867275154,0.9981656338070278,1.003117461538129,1.0033003743703255,0.9958359498570032,0.9965863513339981,1.001931316505016,0.9975445228285797,0.9973231315280436,0.9991639503559149,1.0044252778024347,0.9987082789088368,0.9996262363351273,1.0074632306881441,0.997141446962026,0.9983871345064267,0.9951000259263811,0.9975434714765276,1.0050242694394411
146,2850425000,0.9933682794322931,0.998896805268957,1.0035953920406595,0.9981503845160473,0.9963922704873638,0.9964524230833169,0.9950488007333411,0.9941656281775765,0.9974197393190875,0.9935151134485308,0.9996336022232634,1.0033333270067575,0.9948797825487168,1.0029145009330855,0.9977236353358852,0.9935458717262886,0.9983315608863156,0.9966782537666711,0.9980566768249045,0.9980659490275091,0.9936411571873207,1.002490769780739,0.9989899707435282,0.9911930408454013,0.9980669974290558,1.0017201768971662,0.9981071733939978,0.9985441607176674,1.0005239205376275,0.9919194333646906,1.000623190785484,0.9967916405841999,0.9957046531930954,1.0020906077526486,1.000006422357236,1.0007178036690982,0.9943922441909036,1.0077344982026941,0.9933115215571275,1.0010604332869875,0.9938402780840841,1.0043969434889413,0.9986371907630011,1.0000652348931929,0.9939341008000315,0.9971813311772014,0.9997219258658496,1.0002803372696978,0.9929530000866572,0.9982178167443185
147,2850700000,0.992944968698354,1.0010032800994857,0.999054814573003,0.997431718614481,1.0004174208682188,1.0026849656637167,0.9987650713537213,0.9986833605008861,0.994834659044597,0.9931818975239806,0.9962005319593105,1.0020866188081603,0.9975990726171725,0.9978606435247515,0.9986859951107674,1.0015669816159691,0.9944807322482117,0.9980139505941199,0.9971548913518246,1.0048599921663512,1.0004800235698337,0.9985937933115832,0.9991020881292636,0.9925109000029567,0.9998455695775562,0.9995280252727529,0.992266469412754,0.9940125235485616,0.9991008927590234,0.996941343582318,1.002446960500811,0.9993186739926105,0.9931596998262892,1.000453742638423,0.9938229258206319,0.99768884536166,0.9960588767084531,1.0018791954985962,1.0031410222535442,0.9961477052897574,0.9955892319680061,0.995108194301485,0.9981140281547568,0.9954487246563185,0.9907930037817914,0.998962387892962,0.9988047280833046,0.9947040972601993,0.9979274177754007,0.9997678153731366
148,2850975000,1.0037910835941637,0.9975001476903937,0.9965061107807979,0.9971983653396418,0.9988506824741924,1.0015219793075123,0.9988186616818189,0.9966595410241677,0.9968904530996775,0.9995247901039684,0.9959841473230768,0.9971900745116887,0.9951257412192475,0.999828412320636,0.994670109998842,0.9957528185916309,0.9925946775794633,0.9964682610373029,0.994314593933669,0.9952234375983771,1.0006581755616064,0.9962101710517203,0.9993654014029341,0.9930872925206325,1.0040377994585155,0.9962728827874457,0.9971424752397045,1.0033723084985384,0.9959652867554677,0.995682402020743,1.0020604288011759,0.9985169142495428,1.00141525317619,0.997727489147544,0.9982722537763364,0.9967890840755766,0.9975088153990891,0.9961391098604474,0.9971390293780767,0.99236438776551,0.9954899398092438,1.0033179578141405,0.9982344200417419,0.9999874466714727,0.9972303838478038,0.995081562064866,0.9985837282859241,0.9968307701157872,0.9995430792698694,0.9996421713398336
149,2851250000,1.0001438731446382,0.9971126130791113,0.9960486720162516,0.9944095088243329,0.9992280850110684,0.9979982409638712,0.9996591048561672,1.0019869450420442,0.9980101011377264,0.9986610889079657,0.9950146555883695,0.9961929219233076,1.0018909241317278,0.9986173334274862,0.9961072996796646,0.9971744641403283,1.005123744584238,1.0002597686304968,1.0017997054395071,1.002795925545123,0.9991375044232342,0.9971806321892612,0.9968748505709373,0.9991800749385203,1.0010840110636205,0.9982612324016507,0.9991944854767077,0.9977761002796125,0.9958459007551584,0.9973537619077774,1.0026960009008676,0.9997516461020132,1.0016628776436134,0.9940137494621875,0.9957719308885497,1.0011767469155828,1.001478472882396,0.9953599515942538,0.9912120976462533,0.995860853169614,0.9981403551554152,0.9916624265557651,0.9978306973114599,0.9974909364177191,0.9992474253075007,1.0052319227964135,0.9939073762806703,0.9920325951430404,0.9989766400461754,0.9970180111251844
150,2851525000,0.998623935365653,0.9949062509065218,1.0010142827054505,0.9963069597410311,0.997039562103519,0.9976895841147556,0.9997104237993725,0.9975732020946345,0.9964975201472699,0.9980791083671811,0.9930333491963803,0.9949835048592753,1.0004390692884535,1.003453373055686,0.9963433873803769,1.0007831987739098,0.9940135470572184,1.0016915193530267,1.0013548244189379,0.9934020389556603,1.0035909073485938,0.995509569194399,0.9952957021903334,0.9997137504960691,0.9973627142240661,0.9999590513032625,0.9957312149932579,0.990879169979373,1.002359423078342,0.9941552452191195,0.9993528047633639,0.997176589292366,0.9933778189390502,0.9967255720892956,0.9926386365507154,0.9975232335729245,0.9988359935693254,0.9983782915415532,0.9987962061793509,0.9960041404853442,0.9984760660151799,0.9942576596637974,0.9971061460484694,0.9895416594243432,1.0041384846155874,1.0014946970305576,0.9962097518481731,0.9996437342938314,1.0018897370028481,1.0045195454805127
151,2851800000,0.996088623006547,0.9964144381964202,0.9971011372245835,0.9989185654682176,1.0003424626389679,1.000157539082345,0.9977782742812281,0.9908885794360174,0.9951458122922837,0.9995002147520018,0.9984356409787085,0.9992588746448117,0.9907974508515938,0.9951583262936403,0.9953950467806402,0.9925034659209686,0.9969702992069995,0.9942591367129888,0.9972919853269642,0.9988979790388022,0.9960157024161318,1.0014204875366266,0.999699297885151,0.9986857873787596,0.9950755129451558,0.9999549286272825,0.9911966784472621,1.0004641366495621,0.9995087600228179,1.0007093105468667,1.0002936470153567,1.0002037928984913,0.9947646745949799,0.9967656271595077,0.9940565212818436,1.0045715990571158,1.0010363038707526,0.9962102397415173,0.9959611815301097,0.9996192883757492,0.996129431882372,0.9962449249672546,0.9967284942953096,0.9925985176303314,0.9938642828882692,0.9973264734975814,1.001984102144343,0.9939891031659974,0.9999865867763096,0.9990111315352562
152,2852075000,0.9947712801496313,0.9944286298283095,0.9975151749074558,0.9945353705930419,0.9971383466664054,0.9960593010292261,0.9965777609575105,0.9967208212684393,0.9925941903790365,0.9935369544124001,0.998068790359551,0.9956046266279566,0.9973508438658016,0.9989435721102174,0.9975133578906651,0.9953772495325313,0.9979075478430467,0.9979459780730315,0.9927778585099418,0.9974775580218493,0.9961680361572245,0.9986233571806025,0.9950443407479591,0.9945341842754507,0.9939777718899713,0.9993516354593994,1.0006313830079758,0.9995173143783859,0.9967969405851191,0.9978714651814712,0.9942303574327936,0.9961522454458274,1.0039942446474552,0.9963055603969003,0.9975694396150476,0.9930318055365608,0.9940662611724592,0.9979956803515321,0.9913709517329703,0.9975537911768705,0.9980606098207241,0.9942720266777108,0.9974374566453215,0.9976221799490222,0.9984592150087237,0.9991575248971843,0.9985476933997086,1.003272977486199,0.99722846089245,1.0030868499512988
153,2852350000,0.9943011250072133,1.0017206212867016,0.9950868005349761,0.9974894687669645,1.0018160082813314,0.9975976078369954,0.9958586006260934,0.9951120563789679,0.9986478877688907,0.9966429772881819,0.9978233171781825,0.9981206938500036,0.9920965835957088,0.9978644252826415,0.9964208557470977,0.9979137282036596,0.9987653027415552,0.9985983538350464,1.0045173061796677,0.9965909388796187,0.9988465747382611,0.9942378999554088,0.9990956930010029,0.9980473945896492,0.9976058043296062,0.9946358317018162,0.9932614196664478,0.9988742039428702,0.9987120548579144,1.0026261087032324,0.9999707440782223,0.9951111168408929,0.9918779956059264,0.9984862014354031,1.004182979768622,0.9980081538261701,0.9927381825448303,0.9997105170492481,0.9931651473232768,0.9946497266912306,0.9923135287094329,0.9987843122669434,0.9990678120343797,0.9933299290410847,0.9959901977337159,0.9970117194780126,0.9954817736035437,1.0018724483273316,0.995226313331572,0.9950737525788897
154,2852625000,0.9985818885032862,0.9967894631274277,0.9966494541367451,0.9949958195666119,0.994325423294859,1.0018770776472632,0.9952150075220698,0.9962190903323943,0.9927302482332602,0.9989123924827569,0.9987453605025581,0.9961733050184678,0.9951768970060693,0.9967135631039243,1.0007676841738222,0.9986391912512671,0.9973627816621523,0.9931991061007588,0.9991388116578506,0.9957719025243685,0.9990190543764823,0.9925694800935081,1.0012281972085384,0.9996627988365197,0.9944928384031952,0.9963256296527907,0.9932604864089589,0.9958486120032137,0.9993535629629581,0.9971093452141003,0.9968982258147558,0.9964021711328379,0.996806504268911,0.9949025012477432,0.9940553206683556,0.9911319795250493,1.002049610321344,0.9966874312176599,0.9963893206425048,0.9958871635444956,0.996817397645421,0.9948034598008441,0.9957809307707965,0.9980523887569888,0.997267267689771,0.9916909777401298,1.0020469182104195,0.9962659503675253,1.003764699168361,0.998742807944822
155,2852900000,0.997229700902691,0.9931589229012263,0.9938319233936508,0.9938457738725718,0.997375074632129,0.9912751614340455,0.9998895177016456,1.0001268476453848,0.9959665649781049,0.9901468370452932,0.9960661005576854,0.9992886927654702,0.9950454919564878,0.9951016299627327,1.0019040078808317,0.9945605161056106,0.9940394292063315,0.9946462956411503,0.9967286670834777,0.9950714887305554,0.9950932547052763,0.9969768547251932,0.9917133050443275,0.9995557741208343,0.9945339135319696,0.9971958767226955,0.9983459420693589,1.0003891739314783,0.9933642064174638,0.9939096813470245,0.9987054731387616,0.9933892115436077,0.9993740220249047,0.9959948078103952,0.9907858135638042,0.9933546148151687,0.9952577482169275,0.9978781214010426,1.003110086452242,0.9990239848842288,1.0039143871360903,0.9935585918261106,0.9934911195951553,1.0002524225582923,0.9980275074214867,0.9967772267147835,0.994662171328565,1.000805881993776,0.9997988325656374,0.9912233668762773
156,2853175000,0.9962704188308444,0.9998825095263731,0.9967311227156903,1.0014874435669803,0.9978922055870404,0.9949240043653753,0.9996038286398363,0.9939307428998921,0.9959409107635064,0.9984259104585745,1.000008627272228,0.9972185692197708,0.9946984812748989,0.9944661957706667,0.997547816426501,1.0012409394859025,0.994996734932797,0.9959123132916889,0.9987141865197848,0.9982962073804553,0.9956213988420233,0.9996028243546697,0.9967108701931787,0.9905150255291567,1.0005775422103145,1.0007952759789231,0.9938458349683981,0.995778197065978,0.9981710713515083,0.9949748823020835,0.9904653822811559,0.9953132802337488,1.0005329088705714,0.9978414572459872,0.9937952830879768,1.0009315367104246,0.9964349563063598,0.9958150745310912,0.9956813803434368,0.9908761526882811,1.0007768359492777,0.9971543642836679,0.9943555962517401,0.9998875121151964,0.9945632645250335,0.998621224096225,0.9999976451531722,0.9953358767899193,1.0008142654268657,1.0008345660523188
157,2853450000,0.9955777360259436,0.9951734055612155,0.9979554068330038,0.9938501383155749,0.9975559124826819,0.9921856349957328,0.9999534925995961,0.9940485769644198,0.9927755069931364,0.999857688216864,0.9970844182552786,0.9930694873675071,0.9958312981796371,0.9968158536181854,0.994119869855498,0.9984600285301798,0.9998534790245786,0.9971406999682484,0.9956313192264822,0.9965876216727036,0.9945344136803119,0.993659731881067,0.9947736046413279,0.9974573932047129,0.9965834994277911,1.0013662989039336,0.9967484008345022,0.9995419795359837,0.9914875837920206,0.9982548655319382,1.0001316948874357,0.9975004918769454,0.9924884727872313,0.9950554010425184,0.9963596491802014,0.9979552496833585,0.9944973315756757,0.9974246097911759,0.9955157256191921,0.9929007382542374,0.9962833767370246,0.995849436174387,0.9952690762494454,0.9938263146132684,1.0043713509001888,0.996056108595275,0.9965598845130604,0.9931632556594772,0.9983816891495857,0.9997504376708946
158,2853725000,0.9958184634459711,0.9987282278011884,1.0017760353348326,0.9913947457230893,1.0003084958261332,0.9965488553152648,0.9969111926015617,0.9948080556332729,0.9894300797183554,0.9950529088718887,0.9950292439125149,0.9976192958762429,1.0014681707486892,0.9989061529478501,1.001002867965121,0.990644143616081,0.9944328321798496,0.9978254397447396,0.9959359393769331,0.9990026259588876,0.9919200248509031,0.9995140433785864,0.9995846019642338,0.9970404784964274,0.9982126420864876,0.9954198494843809,0.9936543865591214,0.9942467814327701,0.9941951017982634,0.9953400862524988,0.9940855664129381,0.9991210674303947,0.995232737415507,0.9956569250066762,0.9973985375452196,0.986475259845341,0.994008700963014,0.9959198936524316,0.9890439625635341,1.0004011198778815,0.9988642847184178,0.9896170483951183,0.9953021744645181,0.994508030163091,0.9995688326319695,0.9927089485230248,0.9955384045818502,0.9949441400212692,0.9939458816647726,0.997054341210307
159,2854000000,0.9933170096648615,0.9963575838862374,0.9945043457750039,0.9989511324078474,0.9930263923538589,0.9959431238409492,0.9935336634234457,0.9953471513416023,0.9951655482752276,0.9934248861441559,0.99232548986344,0.9940481513502752,0.9930476157815015,0.9952977469595271,0.9946531428580517,0.9976298101219163,0.9954838059267027,0.9937925724448777,0.998115611070767,0.9918573983059106,0.9987332045889707,1.0010671605818169,0.9892912679043819,0.9927482433739524,0.994457582596236,0.9970744018497878,0.9930193475144814,0.9964440439656281,1.0018942504927928,0.9914290954107813,0.993660069087876,0.9999582754663672,0.9960385749171007,0.9932991502881958,0.9967960937857859,0.9968828580949128,0.9924992610333973,0.994726720242626,0.995611827343912,0.9996705996490833,1.002431291771826,1.000478631468742,0.9938312966462621,1.0026056950389048,0.9903804642171696,0.9962964726669102,0.9988272075364311,0.9935328405724916,0.9994640221818677,0.9966946283844229
160,2854275000,0.9971349608398697,0.9930367014812485,0.9954090896870703,0.9977282899090268,0.9924331033047525,0.9953448043236099,0.9936776714633336,0.996558786290364,0.9974086025880473,0.9944849322926052,0.9943816325816366,0.9925736535456051,0.9940458402065958,0.9952343151037575,0.9928609660608366,0.9967726955241628,0.9987148773312311,0.99691056760135,0.9971275580250716,0.9993495141292899,0.9905579233978841,0.9953295621063544,0.9975371127626534,1.0016738732701327,0.9963525492565414,1.002763970297594,0.996934894716259,0.994736206397439,0.9934360234126133,0.9951108221505283,0.9895492329919048,0.9942609133128043,0.9968392746317144,1.0023089119209008,0.994456371411221,0.9915617927286647,0.9942469982832578,1.0008063919791688,0.9972135586778721,0.9969561170212928,0.9959155773853297,0.9989994829983799,0.9917769620792082,0.9984391167505116,0.9948162265663847,0.994740755380907,0.9927434704880608,0.9955829727579043,0.9926120272755351,1.0022955435636651
161,2854550000,0.9945491946031978,0.9968396902724447,0.9963564961982663,0.9930147953791681,0.994971917428812,0.9979531445407133,0.9925291963815009,0.9962611090778879,0.9932959867231468,0.9973079589472271,0.9990229922627137,0.9930172066956795,0.9982187596069291,1.0007114283238145,0.9950183633098286,0.9947145962983136,0.9959264192068994,0.9954613327489961,0.99317600328263,0.996667115426842,0.9958417721510023,0.9992505652948357,0.9981235123330945,0.9945689465946488,0.9973806531645156,1.002102663826585,0.9958263561938754,0.9957349966542273,1.0005734811955584,1.0016685962076106,0.9961699968351683,0.9991399284762615,0.9936151069727742,0.9908919621988509,0.9908923857050015,0.9971617241711714,0.9960255631527343,0.992797373053521,0.996758193462628,1.0008910542908322,0.999353858068643,0.9995959149285151,0.9946555538982582,0.997306750368256,0.9952587229951966,0.9931698520055747,0.9962141296840921,0.9918998594202276,1.0064281467430747,0.9978726696427579
162,2854825000,1.0008024026213027,1.0006932743084445,0.9939806887076886,1.000494264201956,0.9944589964844912,1.004101648166223,0.9999526967114802,0.9974296430489867,0.9977923418592868,0.9939747561380052,0.9882245191638631,0.9915045623594287,0.9924020525048399,0.9999192827677967,0.9989472273343585,1.0013159112400272,0.9914362614614314,0.9968866545951219,0.9982187890003728,0.9967746814763556,0.9933705770902114,0.9987601816296074,0.9923168419689843,0.9993064315820095,0.993555855247306,0.9970549814771795,0.9965206000040743,1.0000600829920914,0.9927808763394881,0.9982480324422999,0.9998321075186934,0.9945605237433922,0.9951844933641725,0.9931603466381345,0.9940651528714921,0.9982712009881745,0.9961550031034384,0.9950138089568301,0.9926327072130771,0.9974635303072326,0.9867692945804657,0.9947080009751479,0.9933749970281628,0.9912299510717445,0.9975813326579979,0.9955651542961529,0.9994871922428619,0.9988967485182031,0.9978354493383067,0.9934336302609419
163,2855100000,0.9961946078063119,0.994144063514135,0.9961780017988927,0.996480094018298,0.9939632887107333,0.9988485455140774,1.0006437629728024,0.9992093668199448,0.9985118229627633,0.9959874252406803,0.9910033425974345,1.0008181215709944,0.9927909630887798,1.0020155946888336,0.9965091502948965,1.0004338116141478,0.9929982987293331,0.989788098602052,1.0002891253171005,0.9948997312309023,1.0022188610193168,0.9884754504532461,0.9925801038855366,0.994980032520727,0.9953962053812712,0.9972621258506802,0.9959986706006388,0.9977064857342176,1.0013430150583373,0.9903483929785366,0.9969923211572301,0.9972821112942563,0.9939813558422355,0.9937469679883918,0.9944472852633841,0.991733565522516,0.9944493746254865,0.9929308278653661,0.995556630954742,0.9935933905097075,0.992387532603967,0.9979980023013854,0.9930584668161866,0.9909403960594945,0.9948975187134264,0.9961983501293777,0.9993166470906446,0.9966718994538473,0.9954108016100462,0.9959777973190317
164,2855375000,1.0015902961339829,0.995535824366182,0.9961580305728653,0.995632385285894,0.9962530751436166,0.9931125352905692,0.9892998608229068,1.0000983217410786,0.9946768266101287,0.9939578234427262,0.9957440439441387,0.99289484979119,1.002086230077702,0.9941773858239937,0.9956307388728788,0.9931443024195178,0.9916188361307529,0.9931728948105385,0.998541805933931,0.9932946942785551,0.9923877708757733,0.9925699586301667,0.9917255628917256,0.9945735458107673,0.9945821455204679,0.9944687699092709,0.9941279787703099,0.9963013479870856,0.9918472711478592,0.9914440031575924,0.998258416681106,0.9929183603990522,0.9999058400507497,0.9948083049473474,1.004530011752545,0.997166528028648,0.9921304897958845,0.992953109271253,0.9949021374009528,0.9943652247092444,0.9977545006255443,0.9886239523699908,0.9976189281243754,0.9873547474876161,0.9980386662019173,0.9998902016084064,0.9990516137089851,0.9983256419486739,0.9968648146408909,0.9987793156740467
165,2855650000,0.9911750650572241,0.9963941326527477,0.9992000339519003,0.9931169300047404,0.994586433276283,0.9975937179150198,0.9945073206732296,0.9916521351555756,0.9980101885324438,0.9897710192263125,0.9929060068648647,0.993247363374951,0.997518183556015,0.9990122208633617,0.9896477894947088,0.9953461074886628,0.9959424336553614,0.992332496681064,0.993732509237524,0.9963544903416783,0.9946169258353663,0.9944209931213472,0.99838113197848,0.9914412758058944,0.9992433978814845,0.9941029886616047,0.9941310419707718,0.9931872815580571,0.9984739696129866,0.9961011352309169,0.9921146289437934,0.9967721165531752,0.9947377947047984,0.9943457901795497,0.998541707109185,0.995213469445175,0.9907655065922196,0.9945103935358754,0.9921220146224996,0.996175220316153,0.9952438610338081,1.003103950910132,1.0020706661354675,0.9946506645574043,0.9918250068691432,0.9945252738845353,0.995221000847475,1.0032671096239814,0.9948817699622621,0.9949085754092247
166,2855925000,0.9956597685004457,0.9955070545802551,0.9931108276169461,0.9955019224739932,0.99249460291416,0.9933543467787367,0.9940243979193395,0.9926972770219634,0.9987095179453076,0.9963269367631493,0.9976381078295534,0.9958226116796983,0.9911140603588665,0.989907760005789,0.9971045411647769,0.9905283755433674,0.9853259898923101,0.9933675912906913,0.9893170213078949,0.9931749211070824,0.9934556646962139,0.9966346362903582,0.9917438910875711,0.9922452620805098,0.9888633692732084,0.9886683554344228,0.9918506532557846,0.9974870182369238,1.0034220117971173,0.9931594500756104,0.9929810094079239,0.9932960352128543,0.9879424058162616,0.9945696530818414,0.9956411291962763,1.0002377764979595,0.9976589689500837,0.9923577029700164,0.9940840922964116,0.9900886043782947,0.9956376415195229,0.9910579177363236,0.9952834704222701,0.9965029819857765,0.9898852232562327,0.9967713771759299,0.9941980853723466,0.9975242226635204,0.993085426823702,0.9929274487298743
167,2856200000,0.9969933514305226,0.9943629044352656,0.9942924566204178,0.9945067135351372,0.9926362239948285,0.9966054765523884,0.995297553511764,0.9952397907873788,0.9932290105876236,0.9957763064571489,0.98967644651835,0.9934834818114832,1.0023890307764505,0.9956440600022064,0.9965737594847202,0.9906035559333775,0.9969531034479605,0.9938762422575153,0.992520618088331,0.9967895169858163,0.9894642736719101,0.9998889472017253,0.9907312203027708,0.9963267973723847,0.9956293275884607,0.9987827111344181,0.9926193349404663,0.9930397994352769,0.9924543473247044,0.9905450955863423,0.9985105624966631,0.9937597080558956,0.9937842915402081,0.9951930940064873,1.0009756097076967,0.9940567723781923,0.9931447806423123,0.994056055120373,0.9930687795233126,0.9897246910674595,0.9971910712012975,0.9954545600196295,0.9947729578539221,0.9953472110436645,1.0002407201328143,0.9932738932805169,0.9965312017907517,0.995934709982189,1.0010379406035832,0.9986217212903852
168,2856475000,0.9901210947797684,0.98745528596669,0.9933234115851387,0.9895958055726147,0.9909449282815638,0.9901752320655921,0.9958262157266845,0.9925927457640245,0.9909591217943238,0.9969388319161312,0.9956491570309801,0.9941218035598101,0.9953872218071428,0.9947175278330626,0.9964602256730926,0.9957199562525408,0.9960137090426898,0.9966357083290494,0.9923670543279665,0.9930262654052687,0.9948424332135627,0.9924074531429161,0.9990889071457055,0.9884394459773181,1.0001716539333916,0.9931776377218888,0.9960862907767993,0.9941877967115432,0.9933237565536595,0.9975148473152492,0.9916768585710731,0.9961888732541525,0.9953011399179471,0.9945571608158671,0.9911139559830315,0.996202443725745,0.9960060781424918,0.9876120140682101,0.9910388852473768,0.9917192423020218,0.9893988327506066,0.9957895133665505,0.9925903749525936,0.9997270581184922,0.9904890461321962,0.9926258635613563,0.9941629318839902,0.9890825096279422,0.9939909721546323,0.991690232784452
169,2856750000,0.9942574009336281,0.995552917454639,0.9948004248391402,0.9938474822457729,0.9935503609114172,1.0009698118925299,0.9898000955505296,0.9923673814821234,0.9934638413660649,0.9966308842639483,0.9919212103796696,0.9948095958146834,0.9879641588690308,0.9931163167551899,0.9929792001125427,0.9969361725395475,0.994353980779986,0.9912896876633749,0.9897544096044277,0.9919293991583583,0.9880992910581149,0.9942898347462487,0.9923272093485848,0.9872900506090725,0.9929410341468823,0.9980710196725258,0.9944807941912517,0.9963227273837356,0.997403178832127,0.9917495725005465,0.9911653205394959,0.9924649203867343,0.9965753265182753,0.9941256882938885,0.9890255090826231,0.9910340364482069,0.9938399705562153,0.9933502017687794,0.9922910615377415,0.9943518067189023,0.998360312069989,0.9947181663793512,0.99500411543881,0.9928530608575417,0.9938704094565721,0.9980574718778978,0.9953169419655651,0.997063901292837,0.9967140432484698,0.9927182310297739
170,2857025000,0.9927348428712086,0.9925409463072306,0.9876024847940681,0.9967339812561692,0.9943171931852616,0.9966423977740753,0.9910056624523228,0.9886270578694787,0.9966102861014772,1.0002532365525316,0.9919698327846395,0.9920343848153399,0.9989108849706801,0.993307847493673,0.9902306809349192,0.9959935278820835,0.992683152535635,0.9979040174378038,0.9987715939177335,0.9959074107288524,0.9937910130006532,0.9941223132916082,0.9978403591072478,0.9921998700597037,0.9932742721005156,0.9917913685524337,0.9946401855427036,0.9930605988934254,0.993293252583026,0.9875166782985628,0.9896635589960349,0.9888673356789746,0.9956071476098683,0.9921226568125381,0.9933071049307164,0.9948598019568573,0.9973000961915446,0.9979654779560666,0.9921208841554346,0.9989906283536255,0.9958379789509327,0.9901134268959737,0.991402588215194,0.995734512311417,0.9946609372539127,0.988917351735187,0.9921671250311342,0.9963699251169701,0.9967225254088511,0.9969031181631447
171,2857300000,0.9942765182002306,0.9921763888842018,0.9938339120944782,0.9968569546726737,0.9922670311656729,0.9895895563161938,0.9894259866450892,0.9948951597212887,0.9949600767047528,0.9928248142120345,0.9981553686391149,0.9896282783569078,0.9923740434614647,0.9942168307557202,0.996750190142519,0.9987886066793206,0.9905373964656765,0.9890272889114856,0.9971538086442095,0.9952021263973442,1.0007637220169343,0.9909289438047255,0.9930550672789779,0.9923312095400993,0.9974285093317393,0.9940511932299846,0.9909354152953638,0.9941736583852219,0.9957969355870995,0.9931358153027139,0.9915734268325216,0.9905533704779926,0.9931831873955081,0.9907506093011317,0.9899693657349189,0.9912442246732295,0.9925890623181002,0.9971626039271011,0.9985038077353473,0.9960188426362806,0.9972899062787951,0.9917720050475912,0.9914453405719239,0.9930032212880222,0.9990553321039477,0.9898839451723328,0.9928249220811544,0.9888242424976175,0.9978240459706375,0.9890500446230864
172,2857575000,0.9915416547906404,0.9960692668383182,0.9958884437601238,0.9959582260898212,0.9942836991500715,0.9973552416515801,0.9915878802166469,0.993443146086109,0.9915334614054401,0.9890191481910429,0.9995442463189215,0.9920215789254571,0.993118233803908,0.9944360249297532,0.99324699412972,0.9901044164591936,0.9928347197714374,0.9941527571041834,0.9930755150369847,0.992643576649034,0.9902870441524303,0.9905174722034894,0.9888493403213228,0.9924342635477794,0.9889181423180626,0.9914136086501228,0.9960483704361297,0.9952716991010984,0.9987027006165079,0.9929525718372663,0.9936993310653939,0.9934936505739115,0.9892851463813805,0.996280636016948,0.991178939354156,0.9923788107287355,0.9951657008486277,0.9925124204307934,0.9951341515948463,0.9922635409884011,0.9913421535175623,0.9948517147988073,0.9945682930432647,0.9928068557984022,0.991006438786938,0.9862986960377305,0.9975879482526416,0.9868355422023875,0.9914878660781223,0.998165630859485
173,2857850000,0.9932661020151328,0.9944268308317953,0.9875250255111188,0.9976275433223925,0.9955032456244416,0.9960497054535079,0.99075886700135,0.9944047715271009,0.9978552809747355,0.9951408047519015,1.0008881719208442,0.9871743469300501,0.9914075205053022,0.9913912682654225,0.9895554534129157,0.9934892733084619,0.9982449375515289,0.9943777547647004,0.991892353099645,0.9913331236310537,0.9881443571821026,0.9975153339002977,0.9921891506645467,0.9978837698763757,0.9951459579656879,0.9903081802111493,0.992203027690215,0.9900266751374226,0.9898848166917753,0.9931524304633956,0.9906196435212523,0.9914956322732281,0.9883409720026729,0.9866369862636032,0.9939215282156841,0.9896004722879832,0.9960790366399287,0.9915570156972788,0.9939407142351039,0.9888075302766481,0.9934778907726766,0.9920170129991872,0.9884464697076155,0.994784959696807,0.990201105346363,0.991318453718739,0.990372387865076,0.9932269859574274,0.9945149650922195,0.9868934919600818
174,2858125000,0.9886605232935256,0.9924511036463776,0.9942770192042772,0.9893898436102178,0.9974792999500038,0.9950558648242794,0.9927568739811631,0.9912284883807131,0.9941302622665893,0.9921656444946174,0.9862636441606808,0.994786189021517,0.9903377064245915,0.9939821639911491,0.9937785798639264,0.9883257027887912,0.993210403817324,0.9951090621859939,0.9922741688834094,0.9941154283318367,0.988934451976844,0.9927685093235229,0.9926396739122318,0.9917847633470608,0.9896634915951309,0.9895694225231987,0.9896149938301627,0.990156039342057,0.9932595731329388,0.9975610023725477,0.9883008725578963,0.9965450162358801,0.9952047632192702,0.9916456909982937,0.9967628991243791,0.9955438058214031,0.9914658285672339,0.9947824330631665,0.9953234444792093,0.9891017090601921,0.9871176713796885,0.9931677858780086,0.9891829029651873,0.9977354643490238,0.9909319978525359,0.9931633272101288,0.9917729404643821,0.9938566310971158,0.9943520449021249,0.9937590218391408
175,2858400000,0.9924915702114641,0.9875709583505767,0.9962446268633046,0.9911910577086385,0.9917905835715201,0.9937082509811581,0.9933777837385208,0.9901325268541321,0.9905380586776548,0.9941124445786192,0.9893235145817634,0.9900477179122811,0.9897335968968191,0.992719388166033,0.9904660794296031,0.9900768184105075,0.9883001094726961,0.9983667882107331,0.9953352675628029,0.9909218630736901,0.9952916868405837,0.9904032142443345,0.995423338883216,0.9919318762447237,0.9939015606132698,0.9960360114341179,0.9862908383063653,0.9916124302878854,0.9944987081961949,0.9883731615101451,0.9888798391523946,0.9878642800191076,0.9937255411200663,0.9953643556555429,0.9907922869588139,0.9919430587775838,0.9918884739425371,0.9903276373154637,0.9919028651490466,0.9915918182743542,0.986929532424753,0.9899066725838932,0.9932168405526032,0.9958600237985367,0.9905617939900097,0.9918142326904572,0.992764205635648,0.9896607968640245,0.9884473831985072,0.9938456159386164
176,2858675000,0.9903469277628336,0.9910789497274769,0.9924726846912477,0.9949679175766815,0.987116208214556,0.9931515356659641,0.9913058087666787,0.9922455603374015,0.9894618717139271,0.9888100990833323,0.9841752769462324,0.9929936088403737,0.9862118861895972,0.9906498643536145,0.9851532051263929,0.9908184289936932,0.9940211883540456,0.9856505602761143,0.9941953450735207,0.9890531718936896,0.9955580959105379,0.9931967964416589,0.990948498347048,0.9894206707993338,0.9909519334300331,0.9954922595903658,0.9929326264482443,0.987466200414922,0.9829142731263563,0.9907002784516655,0.9854262775515622,0.9931207977891824,0.9937059708038098,0.9929813616746335,0.9908284752649636,0.9875354380089127,0.9906455330040059,0.9913025138308511,0.9927429634009289,0.9943236093976925,0.992022932851187,0.9966318755669933,0.9929134791978192,0.9939455017101353,0.9924564200920741,0.9918573385706657,0.9887425690908328,0.9883925788443952,0.9942373925393474,0.9914383346421507
177,2858950000,0.9933118133888371,0.9934390925040035,0.9912613952925474,0.9911252750954158,0.9911205382544285,0.9947357168839156,0.9920490185038681,0.9904365711609997,0.9924862094785728,0.9908977396092409,0.991932131284143,0.9907399922197563,0.9878498891285655,0.9949505221168341,0.9886840964876096,0.9931192063572473,0.9870813401196141,0.9948375292034818,0.99194859206967,0.9914631037477989,0.9994787756297132,0.9874925080367324,0.9896275647958834,0.9890345809599397,0.9938865736279252,0.9910195897681792,0.9903208011231959,0.9925322379353826,0.9870591182677736,0.987723030167033,0.9918817145479368,0.9949160069975533,0.9917624339724136,0.9937597387052802,0.9958640720140877,0.9935133165716429,0.9887956054932467,0.9926116843260333,0.9937222643551069,0.9944817617899636,0.9893624426763851,0.9923786348338908,0.9964700509379973,0.9894482148843705,0.9913353840655577,0.987798432631093,0.989164749287255,0.9864957617157862,0.9870919743833408,0.9934279539765746
178,2859225000,0.9863460384435465,0.9883273990823744,0.9893113180812234,0.9917367698609927,0.9914111224386775,0.9875780001319543,0.9926925111949781,0.9885545283937178,0.9915002355444701,0.9874678275413643,0.9901976921027111,0.9923711672591804,0.9905894597751228,0.9838837892442773,0.9930845765691123,0.9860169597296561,0.9907205345680322,0.9905109795298292,0.9825517706993475,0.9945692541642908,0.9915542359488204,0.9946270389418401,0.9937545478750187,0.9839551461302958,0.9920830424285213,0.9924121340638815,0.9928265497152241,0.9883090486915775,0.9903491915034386,0.9897477193169517,0.9884300988684636,0.9915541107525727,0.986486772560533,0.9880096748577851,0.9880095936559664,0.9957954945156083,0.995347432647859,0.9873211612541838,0.9892494993350052,0.9890972248810187,0.9894230340624676,0.9907459846735486,0.9929947346362271,0.9879365358177792,0.9865474478133597,0.987503731472355,0.9884080493302462,0.9915101295736822,0.9935800325073139,0.991239241746335
179,2859500000,0.9912392904578963,0.9938557636614394,0.9863937276414749,0.9875527326350855,0.9909120498611371,0.996795924616627,0.989101899473773,0.988325208161153,0.9961782874257807,0.9897053124091348,0.9885100366545407,0.990076280423869,0.9910979381103394,0.9896471425021324,0.9874875742230813,0.9890199343381917,0.9937033259771654,0.9974657283683647,0.9902554727097067,0.9908102222088325,0.9899526508921515,0.9928440877325936,0.9846024690770574,0.9882963563923296,0.9873764755673314,0.9901059355450278,0.9887267817256306,0.9904378261577286,0.9914269980976674,0.9924926445266903,0.99490287085484,0.9905051972413128,0.9902114517813072,0.9952445915348822,0.9906649911641566,0.9884504419035571,0.9919530592146547,0.9928336225515095,0.9893612564510248,0.9933385090658086,0.9909920024932033,0.9960643654272466,0.9937405775550329,0.9912160619967262,0.9929601647673798,0.9929646801252073,0.9848824345909415,0.9894431415191853,0.994007563876688,0.9924870502472629
180,2859775000,0.9868737190082665,0.9853320573691309,0.990184632398172,0.9933632133858529,0.9895538952660486,0.987100596886164,0.9946122057205737,0.9873501203110266,0.992657654713532,0.9875630816746264,0.990006561012328,0.9874066238603871,0.9953122401538749,0.988814079363636,0.9969100570875915,0.9878727794234036,0.9910697191359736,0.9893507099648183,0.9872672657934137,0.9878774358679876,0.98517026923081,0.9914381476193829,0.9895130828900279,0.988366315702306,0.9911837117001961,0.9895005041567154,0.9894292417776889,0.9898446816169559,0.9853188163291654,0.9901984829159834,0.9901970357328447,0.9922311592227357,0.990091852284278,0.9898645710543419,0.9930532374922706,0.993160183128556,0.9865792231130477,0.9911512472978253,0.9912239803420816,0.9884784419618672,0.9858163844711677,0.9895970904248225,0.9870633044682531,0.9912906425650002,0.9903988708119361,0.9954268709862648,0.9847344490463322,0.9893667349633075,0.9896451317183114,0.9874186836702641
181,2860050000,0.9894744472426915,0.9906781551901112,0.9929673974687997,0.9882473982801592,0.9977652321223536,0.985529813297044,0.9902100950083847,0.9877171854771308,0.9883583803038558,0.9874725043268937,0.9925863021982361,0.9899311206702939,0.9937321858126171,0.9890963096675944,0.9899346341951383,0.9919399289483782,0.9884854048853245,0.9890584527818365,0.9906660395127312,0.9891659002450841,0.9895825949376061,0.9849420577770996,0.987321860982464,0.9868481545861787,0.9875054493825268,0.9874534091784043,0.9875523716471231,0.987901773133249,0.9914043707643068,0.99001570892626,0.9875577844390936,0.9907462294186826,0.9909353686024506,0.9912436077811952,0.9975816011306291,0.9862924841752088,0.9869899026422215,0.9923257422003738,0.9868318921890258,0.9903328954401454,0.9921545911070695,0.990457391725214,0.9895104335305585,0.9861055398278431,0.9875910394257956,0.9877657798442812,0.9849236131980356,0.9970712368625346,0.990505294864509,0.9911748814378765
182,2860325000,0.9897801455349953,0.9857876065164389,0.9906964611606652,0.9906355835370274,0.9879373256269927,0.9926838502293446,0.9896736038810069,0.9878806994684073,0.9935449257811991,0.9889688802724467,0.9864065178238383,0.9867957721865407,0.9876132012555539,0.9874644484031132,0.9901451832430722,0.9844215124837628,0.9921975881452451,0.9869202161470064,0.9898263916289318,0.9949162666201034,0.9845757000743299,0.9873853421092771,0.989659482360498,0.9927643611237962,0.9925028533873256,0.9933854687625863,0.9870198867300592,0.9947571264542622,0.9920136242989394,0.9883232896570315,0.9897378765389391,0.9892512690583584,0.9885101289456198,0.9884955299689767,0.9910679608983873,0.9908847370619195,0.9923316664155759,0.9889195333816613,0.9931555080000494,0.9832742061850767,0.9875923632259546,0.9882877563932444,0.9886416496790124,0.9856702939105731,0.9916620128741329,0.982119348833681,0.9878167882561008,0.9888153052112123,0.989826200924497,0.9891455439618222
183,2860600000,0.9896546585075712,0.9903897796131468,0.9883930922809452,0.9941826516426975,0.9939631546862042,0.991025542560423,0.9929081530455474,0.9917554813254673,0.9942098896028708,0.992312124805661,0.9963096201799717,0.9927425328327333,0.9895169873961113,0.9917602028803759,0.991173102771215,0.9900831865063977,0.9887529307946631,0.9864247680915136,0.9869498407514342,0.9887244088229924,0.983282780267909,0.984326399846511,0.9851626732574705,0.9826908104516189,0.993606446896896,0.9851835370186285,0.9876393096124989,0.992220325832941,0.9921287363424409,0.9836721702345298,0.9864248244317004,0.9860273150328829,0.9906558048162031,0.9907795957870605,0.9811025863547352,0.9911530884114418,0.9901897663330598,0.9894875028685408,0.9892596024035004,0.9903300227594913,0.9875321018883615,0.9836552596928347,0.9892535896820823,0.9886051912901324,0.9890773016385423,0.9863425960287754,0.9882365305824634,0.9854022840477573,0.9938416108299636,0.9848702229665371
184,2860875000,0.9913958622397886,0.9876877184325088,0.9864405559318844,0.9878474890885219,0.9846544902816918,0.9839264759397066,0.9922789508072323,0.9924525835842739,0.9890501592367772,0.9820091441266736,0.9887885931955459,0.9879993339625033,0.9923591989385053,0.9857941395117029,0.9894380811620822,0.9851568263032296,0.9883033368661175,0.9866047267724699,0.9848822703295818,0.9900097411223613,0.9856576521384387,0.9862073205896398,0.9903284805981291,0.9886827546757331,0.9903338586679764,0.984957711609172,0.9872452496576807,0.9900965332983649,0.9897042051094744,0.9888885374394273,0.9900322523689012,0.9870120863896047,0.9927484436570676,0.9872700625165304,0.986513078847041,0.9898762700760941,0.9861569457135875,0.9849193368493409,0.9868150075255677,0.989354836073875,0.9868414216954461,0.9906380836778458,0.9847890535477042,0.9895041654797421,0.9880141932845188,0.9870016053164451,0.9900850570788143,0.98638079707431,0.9893204351886057,0.9858551355466507
185,2861150000,0.987624816166703,0.9849797505587677,0.9879188746780014,0.9861102029686297,0.9899551404911229,0.9889482251208653,0.9860462876399346,0.9904743704007116,0.9910814071661479,0.9898424521383583,0.9883233009572816,0.9840814693943148,0.9890606233588747,0.9813411377652994,0.989598127630043,0.9903105114392499,0.9878294862119517,0.9806380809969867,0.9799204478573192,0.9911940552355837,0.9912906806512367,0.9883529474776316,0.9882947384682195,0.9869515595184998,0.9880630105332044,0.9906337450865148,0.9847657690948242,0.9845908755668203,0.9938921816544998,0.9911494387886782,0.9892203231732006,0.989854771116193,0.9874772669945028,0.9942873539641651,0.9854097941802943,0.9882334790730865,0.9830675969395818,0.9855742121941595,0.9976936270339968,0.9875319170448799,0.9842308647535202,0.9920042023336697,0.9865545895807285,0.9903583542898957,0.9886651081192894,0.9900967517460278,0.9871438321819974,0.9889304734333947,0.9851829166257497,0.9877953506483526
186,2861425000,0.9865287549142862,0.9848136812932996,0.9829994054865631,0.9891661343562003,0.9856822879913703,0.987715664108725,0.9798056827874033,0.9888311320036056,0.981914294182448,0.9845406482534809,0.9846208771411248,0.9892331450193748,0.9880767731911931,0.9849789876300917,0.9918860025362771,0.9811543026194063,0.9891691130567748,0.9927570504193516,0.9848509198441842,0.9902446648865761,0.9890731069457862,0.985519208739046,0.98425508385204,0.9925209302708701,0.9884716911836247,0.9897537072584883,0.9916055743573935,0.9875401051404092,0.9901087816648737,0.9915010131286092,0.9848033289488791,0.9916997152050842,0.9905995225526495,0.9829041082282286,0.9865837056286988,0.9862583193644562,0.9836153416449614,0.9885520675699438,0.9847595323670494,0.9909348050498994,0.9845479451750864,0.983529537624844,0.9863745280187152,0.9887690710376685,0.9856017714424432,0.9909135314818359,0.9871218159424566,0.9873877622382873,0.980338135602642,0.9830823001037832
187,2861700000,0.9856099061151747,0.9855326414854719,0.9876429906259664,0.992283158561222,0.9925415697715197,0.9880578011248717,0.9898265774467369,0.983101977585777,0.9833816354050371,0.984120568978353,0.9856849189077732,0.9887189159158771,0.9907250135505016,0.9874880020239406,0.9874130586487295,0.9871929980755733,0.9874558598460057,0.9836689408792837,0.9864681564473297,0.9908257408342089,0.9875759212595884,0.989864528597659,0.9848818025683187,0.987658502477389,0.9884453306303235,0.9818932841931223,0.9941428599101301,0.9832985825673788,0.9886546486838852,0.9893883941712575,0.9830834711210024,0.9836065225343834,0.9857112520419777,0.9860497933131555,0.983668695507523,0.9864416760505206,0.9899985597185893,0.986754810513376,0.9897341436575371,0.9874413217000245,0.9863947643675718,0.9851145915896241,0.9837106260345624,0.9935715391610562,0.9884897381745054,0.9854266813588187,0.982490198658307,0.9912036172773256,0.9808026393879482,0.987860514401227
188,2861975000,0.9795586224191513,0.9867668250812028,0.9840113365585288,0.9858816137691143,0.9810253846381894,0.9853031744591929,0.9862227463385327,0.9855897963094297,0.9898545580274305,0.9835275767444787,0.9841559663881729,0.9890671015397136,0.9865977555832269,0.981634785531304,0.9889148437632864,0.9818906600749853,0.9949580777147884,0.9872305847299111,0.9863870672250794,0.9835541970365717,0.9949100889890313,0.9823302221895454,0.9838444541142012,0.9862651719459364,0.9836334048014698,0.9867505036985903,0.9877876161724677,0.9840549008730658,0.9896775439961598,0.9858671771248156,0.9866510055427387,0.9881668759477444,0.9821723723744753,0.9863254745256651,0.9836777058182959,0.9875302955272651,0.986917809403391,0.9817477317844222,0.9887091285387902,0.9846555980330904,0.98836242545403,0.9839470286361588,0.9859896735113527,0.987059406771851,0.9887355962946333,0.9839952338860525,0.9875215616284704,0.9900286877272337,0.9855331479753152,0.9886142548997197
189,2862250000,0.9877331666393993,0.9859294873414103,0.9833986649783136,0.9849585412023709,0.9876853067686919,0.978391428833901,0.9902421122117503,0.9836518722046388,0.9877846271603591,0.9865987576144021,0.9888758916392139,0.9882760501619098,0.9848955453647257,0.9822626825673534,0.9848893162830125,0.9820390427596299,0.9879995636536433,0.9839060090658479,0.9875484261685992,0.984190154748349,0.9894792810468039,0.9882402862209776,0.9849887826224926,0.9829470449380541,0.984074383369273,0.9849103267442155,0.9853643619825233,0.9876040331514196,0.9827253939157775,0.984556432468524,0.9895298002652865,0.9849204631531048,0.9801327073938363,0.9855886700006887,0.9871898722015638,0.98060711158486,0.9857440945626081,0.983051526316591,0.9838484567076926,0.9866135831015508,0.9858797311247283,0.9867996886232393,0.9898339358556377,0.9860950674540226,0.9850118882241985,0.9818964485405752,0.9841804113209707,0.9818856497055531,0.9873498954412256,0.98241972081775
190,2862525000,0.9842898048186992,0.9851209089152431,0.9814335562648404,0.9799242097823758,0.9803282061987895,0.9826941096496632,0.9838477993681753,0.9815082380703144,0.9854817284038025,0.9852985896618911,0.9829810403737608,0.9887211541862522,0.9877673954585426,0.9874580021271001,0.9882284145559074,0.9840260914422452,0.9907398559380922,0.9897199595217702,0.9871532602102274,0.982942723076407,0.9838526264319237,0.991216177978572,0.9851790362449021,0.9839889323865608,0.9889595731166438,0.9837869141725699,0.9840240491950593,0.9835464451269402,0.9898120167840591,0.9863956524957688,0.9864605388988352,0.9870471239811802,0.9876035039544201,0.9812697157495511,0.980251074876092,0.982063572617026,0.9861862383947103,0.9867138275874388,0.9831567659702267,0.986504721885523,0.985538361798731,0.9842021204143007,0.9876443134369577,0.9870724006130371,0.9813241016604671,0.9892168657707939,0.9841928179028125,0.9901630353956609,0.9894268182053468,0.9872587202074132
191,2862800000,0.9872174426053915,0.9835009020691715,0.9929492081686623,0.9868134593990353,0.9893862366582947,0.9843772531591559,0.9802510221712728,0.9896635762101285,0.9828744344619404,0.9798205158074887,0.9871929949138875,0.9796582826624606,0.9856746376469935,0.986179774081083,0.9850808197667712,0.9846070310904691,0.9897089951232763,0.9821486102530548,0.9847480230633544,0.9850175033628763,0.982345162683738,0.9837103539701076,0.9805582143057209,0.9769466602950201,0.9851536720497936,0.9816381314832759,0.9858417196169045,0.9847645024071378,0.979864546880414,0.9841105014811685,0.9870774000491485,0.9902439977484323,0.9854085995287811,0.9792742934959299,0.9839037443201722,0.9860559611403017,0.9872212152662581,0.9900589704873426,0.982756445727932,0.9883510072129954,0.986790459620977,0.9866552938959492,0.9814181683395825,0.9845351803549378,0.9842793760935344,0.9816653355079901,0.9844534948262877,0.9838778577935012,0.9833160028322786,0.9864658619762429
192,2863075000,0.9818264360963547,0.9831163796560882,0.979017162240521,0.9828155627074154,0.9864464461829184,0.9903480443108159,0.9863340932070052,0.9821500511133685,0.9846651003017131,0.9853236878616195,0.9807710514357146,0.9939290472835735,0.9865341726852012,0.9836664054361894,0.9830322494786794,0.9824199846538724,0.9858918450140293,0.9803193404211789,0.9839473282351029,0.9811424228151906,0.9852067482732283,0.9802237189065484,0.9853823079700829,0.9842755896674014,0.9847789412259764,0.98543342180751,0.9815824804829147,0.9853050314328251,0.9849004920552371,0.9878887892753346,0.979451276014209,0.9838475751898471,0.979885206220377,0.9800976409264746,0.9834677774746645,0.9827259450812572,0.9829352464448755,0.9819956033484463,0.9833368149056169,0.983736586916961,0.9848774871598827,0.9860126522085606,0.9806015873740611,0.9843474378363535,0.9819056102657501,0.9835267357931882,0.9884613717739391,0.983857029243726,0.9865902944489449,0.9861252625183247
193,2863350000,0.9864778114962077,0.9798334286238093,0.9795349365389303,0.9865189901479864,0.9902294602618283,0.9854011550790552,0.988414541260782,0.984588056898666,0.9863272122152278,0.9853654192149517,0.9777867400834133,0.9822125791948798,0.9856241836026254,0.9836447896191178,0.9802304537217357,0.9851657694144662,0.9859067139670442,0.9823232540047871,0.9859637157215599,0.9844708371819769,0.9819983818920497,0.9841604525922942,0.9816775582502696,0.9866889995582538,0.9802777027109838,0.9830562312005866,0.9809735121574095,0.979788407987048,0.9845528980779956,0.9883004615878959,0.9821460672543484,0.9876245009704228,0.9848228274103388,0.9811205280109241,0.984195376844902,0.9830857428742988,0.987572552591069,0.981787363186334,0.9837255425059799,0.9767076410017436,0.9809416296931371,0.9862475443013059,0.9859376486415229,0.9820838534730677,0.9839904349354808,0.9839655457602303,0.9866719994898753,0.983089471816832,0.9802054697443557,0.987272443083693
194,2863625000,0.9831770248608727,0.986509468431799,0.9802352366648261,0.9833835365670873,0.9871589014114285,0.988427748553027,0.9869088922251325,0.982627858780706,0.9833969223580598,0.9785374767254538,0.9832200327627841,0.9787175665122027,0.984246155343802,0.9817977772359691,0.9806840343213585,0.9863642842080371,0.9859897308771741,0.9910893154051862,0.984336601907362,0.9811081589069784,0.9757426285109081,0.9825198665896786,0.9853662823590975,0.9777195138561858,0.9822660979573861,0.9786170396890435,0.9825665258190746,0.9837043671362873,0.9874448055485192,0.9803416944554029,0.981167992704099,0.9803775577407007,0.9837957297443081,0.9845960092588899,0.9829753652723856,0.9865393221359335,0.9869172145789558,0.9842437197452943,0.986038157236151,0.9802150221722769,0.9868959945737055,0.986499058390682,0.9805388438806231,0.9806640731496226,0.9845886092342444,0.9837586489714777,0.9852582219549948,0.9841568047515379,0.9823894467307093,0.9828807928555221
195,2863900000,0.9861821021889269,0.9848228099780896,0.9865491289623172,0.9776110741620954,0.9790099519430323,0.986038161183971,0.9840344136223479,0.9819980936967502,0.9849229240399416,0.9843384742429169,0.9858492681060413,0.9756723623014214,0.9852727150207523,0.9843336206677247,0.9817567656047012,0.9862107165362082,0.9847451332684334,0.9867715377572414,0.9834053664089084,0.9849133940310121,0.9795224716928964,0.982169170403068,0.9804667068531707,0.9860009597518344,0.980220622759752,0.9801943864243001,0.9777090910610484,0.9785486002531366,0.9847771757674089,0.9784258026755992,0.9827629449278382,0.9778553212145465,0.9774893536517134,0.9850143509645041,0.9832242408297485,0.9845492996633615,0.9795671615458491,0.9767330538765524,0.9794603583382726,0.9760777420642858,0.9831673285953695,0.989383877597852,0.9818317804752741,0.9790418831560852,0.9831041187769504,0.980271688879329,0.9834859754713011,0.9806151617158868,0.985101199567975,0.9844921457756589
196,2864175000,0.9852689109464372,0.9795163289032025,0.982568156178886,0.9841522279664258,0.9812493528399179,0.9856524378529168,0.9813102362215239,0.9847057611478277,0.9752865065229365,0.980695187944983,0.9816726964893399,0.9788859332971779,0.9826741897394312,0.9809968674610539,0.9844276009960847,0.9845221147757797,0.980295018913885,0.9853040656237376,0.9818102415856003,0.9849489141380625,0.9780862758510541,0.9815675347667148,0.9809456623151812,0.982438246785829,0.9851811096525545,0.9793070964185813,0.98616231279408,0.9803580202346891,0.9878052648066054,0.9814323873508635,0.9807376072564845,0.9834306149517836,0.979997567080743,0.9792811363472528,0.9791255164390971,0.9799733404839485,0.9838431173690588,0.977763385261349,0.9881769205054158,0.9754678162881758,0.976550213944592,0.9806562511575634,0.9821636133277987,0.9801730944613747,0.9759777758777257,0.978532931621222,0.9835673693437018,0.985876856243336,0.9797394191282931,0.9851901910750206
197,2864450000,0.9789774541742264,0.9841985429442999,0.9825920286603744,0.9848574255795497,0.9807345486242146,0.9891627165844116,0.9824621066809219,0.9851061764465944,0.9841440696582855,0.9827167007411103,0.9866754321213012,0.9819370493459507,0.9845373789997306,0.9814521251545041,0.9848045030554089,0.9812883405075936,0.9745792709971892,0.9784769484773347,0.9795675882236827,0.977658668384445,0.9833303624831125,0.9805530260999193,0.9804513294918514,0.9843604588974191,0.988974331127161,0.984089521758001,0.9875900848575496,0.9787943488555457,0.9879158639747797,0.9817092410366396,0.9797114685450483,0.9790993420647012,0.9898690439036497,0.9809524063107694,0.9788609760156648,0.9765899867671284,0.9777026591594707,0.9780338309811059,0.9830458545238551,0.9861433509851959,0.978091172892847,0.9916032021878954,0.9805164847888724,0.9832124994405173,0.9833666501585691,0.9807869172761047,0.974846931183227,0.9851007087620133,0.9814651252205311,0.9792421277172877
198,2864725000,0.9806743639328628,0.9834687142096457,0.983354829009281,0.9806501303793069,0.9848772108109651,0.9781411752082281,0.9806919316023651,0.9760696650805779,0.9860459618386185,0.980900757864252,0.984052425629914,0.9777313623388975,0.9843758498365808,0.9861295204204563,0.9850571941829144,0.9838029658867273,0.9815665116486235,0.97807285535207,0.9856544672277315,0.9768611614695293,0.9802079040896704,0.9718927215853831,0.9791149179734103,0.9781794071418358,0.9810288132685417,0.9817880515368633,0.9802932350550025,0.983837296396021,0.9772185170888225,0.9779581495580706,0.9828361980479188,0.9824401198026842,0.9822768992087734,0.9822066625234881,0.9819116205282932,0.9835845754302264,0.9827982553213965,0.9802851834563177,0.9824204431973583,0.9851486268532972,0.9829907884129487,0.9799012650076032,0.9865217152039044,0.982932401864234,0.9796287551551056,0.9816849187688738,0.9848129860028034,0.9753389954404122,0.9802253333821398,0.9866305281221996
199,2865000000,0.9824674582882755,0.9803444968355219,0.9764638765925646,0.9808243190160418,0.9845681557333815,0.9813159939013242,0.981749101077733,0.9805917557681947,0.9793734864170724,0.982139451645463,0.9861390240876613,0.9835130356401766,0.9840040184454779,0.9781151796282591,0.9821961266588569,0.9850041526197729,0.9825087520148482,0.9779332676369974,0.9840352500366528,0.9807717273483934,0.9832691848167298,0.9861586979244089,0.9827893901394161,0.9810786920474672,0.9893330283176845,0.9808855179372685,0.9843127162926398,0.9825694672863579,0.9766843020322312,0.9813831618616947,0.9849348051664892,0.9771396858250868,0.9874362857930497,0.9820423496176371,0.9789434546842939,0.9755591163112881,0.9824397275203626,0.9843084429978947,0.9866238933723493,0.9823698196170758,0.9776569950478381,0.9848983784469649,0.9782955993262714,0.9784303518283245,0.9807621251951261,0.9788310312908725,0.9787476815103225,0.9888845513649969,0.982766619802136,0.9810468081608171
200,2865275000,0.9823781395104073,0.9822145244836076,0.9844153436808937,0.9839150408972847,0.9793872656058582,0.9866464886852545,0.9823492464088422,0.9836092276698984,0.9825451507579639,0.9829579140009463,0.9836550291076641,0.9806581280714475,0.9798684784735822,0.9883890195769737,0.9820236678002594,0.9813560259600218,0.9851326905529729,0.9791762648369805,0.9870407912112944,0.9850522864523482,0.9826045011038572,0.9816252202028939,0.9797383834007803,0.9829138253329748,0.9850073111325532,0.9808169308607493,0.9775288091753631,0.9765495654481235,0.9795706232687098,0.9820565930031209,0.9810255966226156,0.9836850080524143,0.9850877576731624,0.9839877618397326,0.9826017012148839,0.9786480268667349,0.9829824369840241,0.9801447983435306,0.9780340050443621,0.9817665228629979,0.9809026592996802,0.980959419583507,0.980029006124777,0.9805252865559879,0.9862139584563722,0.9834841352840137,0.9841945867275057,0.9835874784713501,0.9828730549499504,0.9777647813636209
201,2865550000,0.9848890134713858,0.9778195012036757,0.9916941452483956,0.9796296762754417,0.9809410286951066,0.9820846397345511,0.9812104636792236,0.9831041800439505,0.9798975385141178,0.9830094185098311,0.9808598835672595,0.9821417383011825,0.976538577467369,0.9788805051785522,0.9806159127538467,0.9864363410939444,0.9826364787059574,0.979193473669392,0.9828304386477151,0.9841395985218614,0.9807329844266639,0.983268628237444,0.9819149639591073,0.9830648144691758,0.9840072270995507,0.9802325839595148,0.9799061676738304,0.9819182932195405,0.9831853391576283,0.9860753434408319,0.9861884676740614,0.979657228118424,0.9875040090800189,0.9838398145623786,0.9778278450900741,0.983913969127412,0.9859277696276149,0.9783278590261589,0.9787881353368959,0.9834100073965774,0.9823518739064167,0.9859879920195784,0.9835120520166373,0.9830903946225525,0.9811640616510874,0.9791494178598968,0.9828031071453054,0.9851036212112858,0.9848897579610922,0.9837345296823818
202,2865825000,0.9861829504266398,0.980326783375816,0.9871662571466648,0.9836145308029286,0.9808063199375143,0.9832346202728255,0.9866438420147539,0.9854264607131322,0.9852068901104344,0.9846102356189516,0.9798661227168047,0.9813912032585357,0.9857163366685402,0.9863967677743224,0.9820204684067452,0.9832732443281375,0.9879936884751249,0.9820185170191357,0.9839753465248725,0.9833427482395655,0.9785959367203859,0.9879086922743969,0.9885602835751027,0.9822059687231649,0.9814794013204996,0.9761253377377022,0.9826854470491155,0.9770412017829002,0.9861402897072428,0.9811771297084283,0.982247303391144,0.9844278020707516,0.9750417268368533,0.9793219476310601,0.9837471654965387,0.9850279836674808,0.9826449470831646,0.9804144992565931,0.990373678950574,0.9768053936671106,0.987017075097673,0.9832637703193159,0.9845368146245644,0.98012445502532,0.9834703846276748,0.9836147967869215,0.9812001436173715,0.9847503202216802,0.9847904875716393,0.980042129757977
203,2866100000,0.9805903463659267,0.9847804463739565,0.9831049321961214,0.986077787092324,0.9863321202478401,0.977939155369062,0.9933358341766517,0.9859188419001784,0.9858676844042696,0.98209794651932,0.9900078840654069,0.986403832363592,0.9821025483240527,0.988694045679582,0.9820141445342176,0.9851706131839122,0.9797870158383777,0.9924130350962991,0.979729987557886,0.9821267508702525,0.9871098561774327,0.979585341517179,0.9842981402394482,0.9821567415098164,0.9802730814758395,0.9807852634071591,0.9865309016233738,0.9823297685676394,0.9831121242686044,0.9835137045969037,0.983192186101041,0.9810826042995838,0.979258201220337,0.9859147240383745,0.9812236812634129,0.98790069656561,0.987624571246101,0.9826425784399703,0.9852882856683358,0.985155374749418,0.9847880390347499,0.9847430952410626,0.9853138700703735,0.9813499707278925,0.9822582999412715,0.9812727590321941,0.980402649238352,0.9819641668754922,0.9775610521573602,0.9836361559584615
204,2866375000,0.9867818684093943,0.9879312586335196,0.9803755345416542,0.9887520431854796,0.9861794158420593,0.9798800586928076,0.9834449262846591,0.9835293691095605,0.9815135564620273,0.9901374476290837,0.988230073082047,0.9874522052358468,0.9797305395531488,0.9824242500955579,0.983147766485036,0.9867848104501172,0.9814312283718211,0.983134370820687,0.9787024905857126,0.9837349990098739,0.989186777514575,0.9807271756610094,0.9824571758781397,0.9839486255334656,0.9866061359604649,0.9903796327465032,0.9815843412710986,0.9862810067461186,0.987879612434275,0.9862049442496723,0.9819946376842961,0.9804408187765137,0.9868490230917729,0.9813192174071905,0.9827262439187686,0.9849990792505094,0.9825641919321774,0.9840633983174322,0.9836946117637387,0.9833428020312369,0.9857738891858694,0.9844259328346235,0.9776989563277313,0.9826419642882552,0.9803778730054199,0.991397102979049,0.985662541382255,0.9770415922192905,0.9859832950419015,0.9862861791800273
205,2866650000,0.980802665591765,0.9908248126676558,0.9806002964097833,0.9854462994932465,0.985529098829227,0.9842594440053725,0.985786095901587,0.9893971050502093,0.9880893852532266,0.9875376038356207,0.9859084025262148,0.990586017377857,0.9843501478011418,0.9859890780296122,0.9912545553137732,0.9868261946042152,0.9864285238625172,0.9939848988363674,0.9843234251297063,0.9905384716196984,0.9801211994279168,0.9814548165123462,0.9897465295324502,0.9864144069727776,0.9831190924223496,0.9835200933347387,0.9840348805626181,0.9857246744387496,0.984242087886131,0.9900260885367332,0.9811555529181935,0.9839807204265668,0.9825402563060265,0.986398341508753,0.9822706150576388,0.9828221140986287,0.9820917923461039,0.9876120176336598,0.9912250721806887,0.9840522052937475,0.9825263967351187,0.9814977686923257,0.9843652313527763,0.9871959350225515,0.9840339826164471,0.9831339735153336,0.9876298742385188,0.9859030268439323,0.9853013864199575,0.9840396341584511
206,2866925000,0.9912078268849039,0.9910303395697332,0.9855284995140242,0.986745785750766,0.9882448512974684,0.9813724309163214,0.9824849905453589,0.9875677499115256,0.9855770316958092,0.9899040168151197,0.9838710719598281,0.9884819346983094,0.9834540172385793,0.9871983241879949,0.9857099579703955,0.9879887031211438,0.9891834260510786,0.9845199580398175,0.9828888207740071,0.9899572604721172,0.9906321821114761,0.9862534917789139,0.9880156596975007,0.9858591009674111,0.9877440153876683,0.9846797794078389,0.9897198526659479,0.9804215296009973,0.9876708271467478,0.9850308573043647,0.9836775812883611,0.9868857121434883,0.9865391763623936,0.9893392378275357,0.987099063669183,0.9857221347606762,0.9895030575720968,0.9849219393707719,0.9854801023468265,0.9850553180543238,0.9869310077752754,0.9868976849452586,0.9881979884299156,0.9852526838420768,0.9852090201160815,0.9841422414844265,0.9811896357271651,0.9934722257937854,0.984603304239616,0.9889715638982924
207,2867200000,0.9834615912103895,0.9875183135991391,0.9885219389970025,0.9906823688125096,0.987291577063106,0.9892332755726218,0.9911704787620365,0.9835635856644916,0.9850825285679521,0.9893638499566927,0.9839614474738686,0.9863644547197973,0.9852421138627918,0.9887003722564466,0.987845752566475,0.9913404007335159,0.9948960864402605,0.983225966885075,0.9847273559176446,0.9869842949348921,0.9853863151766121,0.9898746803428278,0.9882775543373205,0.9882192866331321,0.9869207850049834,0.9873186015313129,0.9864397739129365,0.9889708438750918,0.9830655457564228,0.9871072591046409,0.9852495841158957,0.9877641771521962,0.9897875948736357,0.9867804086919509,0.993396801121884,0.986948064394543,0.9828464150117194,0.9837537269699154,0.9909341627420484,0.9830960517965337,0.9785608611761646,0.990839847815863,0.9802385738090378,0.9878068053911416,0.9905782069143388,0.9822081540691916,0.9872316301642322,0.9881974186970232,0.9811319370508851,0.9892164891667968
208,2867475000,0.9902185402030831,0.9864497615697897,0.9808313894521152,0.9848680334598803,0.9903126484615726,0.9828235285315814,0.9887397117389077,0.9821436619283,0.986826410870027,0.9875160384791933,0.988111795985567,0.9812860061844842,0.9892622329487897,0.9940117450655097,0.9900999557725721,0.992111800416168,0.9886094313302052,0.9891587865602581,0.9918054841499517,0.9886382232670349,0.9895913897981298,0.9819217955355857,0.9921124468921866,0.9810626758115699,0.9821032991752384,0.9871877221543177,0.9858153092491692,0.9904057824551251,0.9886037629391791,0.9825922871437117,0.9891331889094012,0.9935649265221432,0.9803449612107179,0.988216628055175,0.9926646500460674,0.9847431030935091,0.9849643365117592,0.9893203007573489,0.9929054532724244,0.9901267182418343,0.9822122131045092,0.9875294500039911,0.9926935855274452,0.9871682856001334,0.9880964545465446,0.9899332310087771,0.9899001264231296,0.9821338870799913,0.9834945991145132,0.9893606314609888
209,2867750000,0.9912515997654,0.9900803551251792,0.9899660092899826,0.9872979650978164,0.993158554008419,0.9928336857307967,0.9894423699021688,0.9966727269947003,0.9938931269434201,0.9930679726885713,0.9869419338008142,0.9843955834422295,0.9891081569616577,0.9864425501311628,0.9870569957886041,0.9932564814051323,0.9890160145098438,0.9832403423220057,0.9916176301687964,0.9854694914606232,0.9932640174738451,0.986366388815441,0.9859723394322035,0.9927402813482333,0.993711601691621,0.9894653101291211,0.9920274501600913,0.9838959940364188,0.9837678120364952,0.990421295917314,0.987461157584566,0.9897129368043602,0.9938278121928386,0.9898507466409517,0.9854092688974954,0.9870161704353062,0.9871136894016249,0.9862843722894317,0.990447474720275,0.9898004221977641,0.9857703154273835,0.9905942247437749,0.9903914515070388,0.9902446899719123,0.985434482125408,0.9863809026520982,0.985951896836683,0.9890476467009834,0.9803793062378858,0.9878558387848837
210,2868025000,0.9864667281391685,0.988041128395775,0.9869053684246215,0.9858205341650554,0.9921773788884289,0.9879321480297553,0.9852427114218724,0.9891937277178569,0.9889920950197152,0.982661059161194,0.9903070807644793,0.9894521551923707,0.9896728088782459,0.9905621891221305,0.983174108690985,0.9860420831375503,0.9836162788977513,0.9857375840279937,0.9872560743995613,0.9874564829812451,0.9899401537210575,0.9853087322936089,0.9881131626794104,0.9909200591341882,0.9860368673532255,0.9901780216060712,0.9910475834397282,0.9911327186171826,0.9832737109798685,0.9884458098605845,0.9865106110921823,0.9866612337944046,0.9896562787427143,0.9930200665885593,0.9871880917222247,0.9864086651208992,0.9866463810486199,0.9883329602354807,0.9877525346850105,0.9894817472785006,0.9907020932756372,0.9905549452919464,0.9908165513779558,0.9888018238315243,0.987794747849158,0.9872267830986611,0.98832181147795,0.9876182160076284,0.9870904887157776,0.9858545347502267
211,2868300000,0.9881414572143149,0.9946411628812364,0.9867681147862954,0.9881601946468177,0.9927679583020866,0.9905279027604579,0.9844912199937501,0.9906572517116568,0.9856753676301041,0.9862789857897751,0.9862215914194369,0.991385361929395,0.9844286797388925,0.9886036336917235,0.984819180226459,0.9950959590644765,0.9930641368843275,0.9879884892415671,0.9919402070727247,0.9858422319518,0.9890383056324358,0.9895904881134159,0.9882911361954112,0.9901178473952121,0.9908232234814671,0.9868065393775474,0.989406278870999,0.9851133807093839,0.9866202849085968,0.9921092056332049,0.9853404991136712,0.9873270103325293,0.9842715484002366,0.9880080231747504,0.9912836754281149,0.9888150204050166,0.990743386440438,0.9886272638105748,0.9923867526228869,0.9834431998510277,0.9902240148275214,0.985481717666878,0.9862397493940384,0.9834234688058892,0.9925280165022953,0.9843428200990971,0.9843108390848032,0.9912082944562728,0.9866981287852472,0.9880859360506759
212,2868575000,0.995171423563718,0.9846913734510481,0.9903323646031286,0.986009349696036,0.9907425369626793,0.9858913994846634,0.9883360073211633,0.9851755054398846,0.9879789628645242,0.9925834925434753,0.9858407110122722,0.9898234439546866,0.9914334716705258,0.9900905045527678,0.9981437049386744,0.9843845916550196,0.9901462964179056,0.987076950438135,0.9893386625028804,0.9858029759165047,0.9892508577252822,0.9914754607440281,0.9928130278535602,0.9898970630076351,0.9888791794342624,0.9896191115924674,0.9920358052877724,0.993543208835324,0.9966970402425676,0.9888325952930962,0.9846874188758211,0.9906297712751866,0.9794001523187181,0.9907926978304641,0.9875396732880679,0.980780050367572,0.9850948963831513,0.9906931866402974,0.98561836461569,0.9872448943976568,0.9911024807252474,0.9903417020384826,0.9881587607081754,0.984392043358211,0.9833453442967154,0.9874402309117043,0.9840265484433449,0.9884550241165003,0.9884353178617733,0.9886375410831912
213,2868850000,0.9801610422603415,0.988795695438679,0.9887737401834608,0.9863933966063525,0.9890616985269435,0.9885569828630755,0.98704068163972,0.9815573487073611,0.9929031197411213,0.984314035548857,0.9823708144023544,0.9912084344105564,0.9878177981898586,0.9881202873036606,0.9835629474541636,0.9897148300933455,0.9889581881095648,0.9860024446477968,0.9889222378741874,0.9904355995721309,0.990909669323489,0.986180126273135,0.9837918671836792,0.9867255647555192,0.9860805244241244,0.9877625179889729,0.9867266062147738,0.9847524159751483,0.9879492180259745,0.992723078655677,0.9913211861920315,0.9867424634639754,0.9851680531177731,0.9884015157812593,0.9837043869515282,0.9845849720263442,0.987569880453221,0.9897768748437915,0.9873836384970115,0.9903895657856044,0.9856294294187831,0.9859248567247508,0.9852527115163578,0.9839207155798929,0.9816485031065588,0.9881730211178296,0.9874484069435949,0.9887513976327552,0.9822829787820347,0.9881127910967354
214,2869125000,0.9890764836295406,0.987754899846682,0.9838542872362208,0.9925401591240464,0.987962511872295,0.9810346969417317,0.9876824259390794,0.9884857453346763,0.9904744354565892,0.9879531907189832,0.9869528883430629,0.9902663981638993,0.9853015196980862,0.9876396201855889,0.9888850543577776,0.9812640378233481,0.9808485498054567,0.9937030037295159,0.9895006350134317,0.9852990944068931,0.9805514612858945,0.9864300169450544,0.9920730562181032,0.9889277943647894,0.9904667850731581,0.9875795683880797,0.9858049763713561,0.988229800379707,0.9828780714391849,0.9870348481741856,0.9883338192523483,0.9819216901186906,0.9859222549399691,0.9851925350065209,0.9897462911768946,0.9862675528341603,0.9849993505444495,0.9912796558879421,0.987292784469073,0.9864702102046448,0.9890161837096719,0.9873436585133226,0.9833888272753067,0.9841774218020414,0.9933361971570672,0.9865608443577049,0.9833753926321919,0.9871517231547747,0.988031991083132,0.9906218670393654
215,2869400000,0.985782288738662,0.9892304534185835,0.9861715114506845,0.9849911260258797,0.9874958384783281,0.9885930260559053,0.9917317234838625,0.98683918328447,0.9785196172435819,0.9898148486568051,0.9811889963461192,0.9848771111558785,0.9824576085056574,0.9892820074921198,0.984539710359885,0.9908512374521085,0.9881512945504123,0.9952358678843007,0.984733865314782,0.9887783146477228,0.9851390071645558,0.9928478925138655,0.9820582306812364,0.9853954869373416,0.9896461098724146,0.9830543931681556,0.9837586858824912,0.9870979329912835,0.9839531287957992,0.9857254389195999,0.9883188500389091,0.989985473669916,0.9840244421564321,0.9849059170485662,0.9905846280350561,0.9834030271003197,0.9872217127492805,0.9845056221431945,0.9844962993838362,0.9853635072728523,0.9833741070746352,0.9834687674729118,0.986828722680414,0.9845176801075305,0.9852771003105956,0.9861029408920262,0.9869033485846104,0.9824427433174632,0.9838847742550726,0.9843817407805974
216,2869675000,0.9808568308315296,0.9875465913225433,0.9871745355641,0.9838283043296847,0.9843527090977644,0.9820535320887266,0.9869118090678708,0.9838968656299079,0.9872287184569675,0.987214004587891,0.9864379885713699,0.9877758044656636,0.9890965651344313,0.9863495600216174,0.9842079152099052,0.9874985682975095,0.9869930969369947,0.9844852186525114,0.9898795282580628,0.9864737952743114,0.985110545390772,0.9857932590106481,0.985322685351278,0.9854007602653908,0.9848353822537266,0.9819134194744918,0.9801799133293911,0.9841620787568272,0.9843963678658989,0.9857073045061079,0.9830916697937699,0.9835642410792107,0.9811591953519235,0.992165782017181,0.9862925312439536,0.9893984456040446,0.9844380244467107,0.9921161539903459,0.9860069992925965,0.9883132251839932,0.9872653900195344,0.9879820564255252,0.9849112666066722,0.9879393780531813,0.9816320666956488,0.9844506286199864,0.983491577950296,0.9886928517898859,0.9827899165956732,0.9846834096279036
217,2869950000,0.9881418297595753,0.9852686471061026,0.9864146963878745,0.9825897311585244,0.9850125741807971,0.9850639630654036,0.9808359593753633,0.978842563431971,0.98397152726268,0.9864944276468831,0.9781351013583413,0.9921456406452209,0.9854843984769903,0.9799563897857203,0.9788254086325192,0.9846707978619622,0.9838602298804379,0.9876253255680143,0.9918000679417851,0.9835768473432576,0.9836051544669243,0.9851038140224019,0.9847415299949843,0.9819717518777858,0.9857862152138555,0.9825840931647437,0.9848641459318496,0.9823925998953139,0.9873523208893878,0.9853863431875923,0.9862611262821772,0.9836818515748186,0.9800299725511765,0.9873981599599345,0.9852693255409144,0.9904007121601432,0.9862759122589474,0.9789010129351302,0.9846789139052481,0.9823738838630907,0.9814398609966543,0.9809154692603347,0.981260635743447,0.9876420543794713,0.9922761612406069,0.9810742156648672,0.9847363525304683,0.9826407387590544,0.9858891392758765,0.9832669834647506
218,2870225000,0.9821491619140388,0.986940384968739,0.9861291609052465,0.9852567684416468,0.98770957945916,0.984736652047215,0.9847246409271821,0.9826511376207766,0.9847354440514027,0.9794023059409603,0.9846919985321053,0.9860088654606088,0.9853313871503603,0.9812105431680884,0.9853035568725098,0.9841145017961226,0.9842815095407528,0.9844688186514986,0.9868191374620403,0.9825304865353457,0.9843096703676149,0.9869720454744776,0.9870618875747772,0.979855938463399,0.9889981903375803,0.983707005770835,0.9836520692490855,0.9818071811695147,0.9852349103098653,0.9896798046407306,0.985139288157547,0.9840324271007178,0.9864410162297649,0.9794579805012199,0.9846493163491571,0.9819589812676341,0.9808747336871038,0.9829724526619288,0.9838399079851462,0.9849729318076869,0.989454224725888,0.9777024708781094,0.9860021968557325,0.9856214227669263,0.9807357839888106,0.9828716586804708,0.9833350112248204,0.9825242244718969,0.9818981221158057,0.9780803261668668
219,2870500000,0.9887327843747291,0.9857149384982272,0.9818147492511915,0.9856672867166041,0.9859992842514281,0.988152129167483,0.9820811010285158,0.9792217043465355,0.9812363853296554,0.9814526894077837,0.9772797216203637,0.9836410090668788,0.9841193963438317,0.9821508432126395,0.9820859650124197,0.9867030989605138,0.9844062606931788,0.9847990696090315,0.9791062671165264,0.9867008713779819,0.9848755093513494,0.9812657759267033,0.9806717465071485,0.9879190560969797,0.981929070704723,0.9819353396506171,0.981032631013316,0.9842930708211042,0.9843823358121163,0.9830300272529789,0.9800122968898869,0.9875976705620146,0.9781068651096627,0.9811691895443733,0.9804748404990011,0.9833087004730005,0.9888954113370232,0.985119613698765,0.9881842872312326,0.9845792364347098,0.9800360186618088,0.9856662036544354,0.9874131606028,0.9854449741930682,0.9807650475294959,0.9805913689470896,0.9842354225582248,0.9827583414832115,0.9824232467775946,0.9839584594975941
220,2870775000,0.9844983514101353,0.9848772297802958,0.9852243670460917,0.9795633382845678,0.9780517530495119,0.9830840239064448,0.9799202277560243,0.9784791112950095,0.9828032522765761,0.9827120470237439,0.9801677636712276,0.9853739512436037,0.9838287673042992,0.9867997123693868,0.9851446435472753,0.9854223724643929,0.985958938400762,0.9791474809875441,0.9823067244252626,0.9822413717159783,0.98446749263191,0.9855714693423606,0.981745949617381,0.9847167353251225,0.987368966057227,0.9834111815899261,0.9849796820141008,0.979874033193748,0.9802184696711654,0.9781313010942816,0.9831118849423527,0.9859386017729912,0.9837714796273901,0.9810684718976269,0.9903229534964276,0.9852709224753798,0.9847839319000314,0.9830977926917895,0.9868200424264311,0.9810062031019269,0.9824134042853553,0.9848361605016663,0.9788236971244236,0.9846415286406721,0.9850678979026117,0.9808981817952412,0.9835059224087712,0.9849801748481928,0.9901141973065091,0.9752090015782434
221,2871050000,0.984904270396242,0.9835956259753468,0.9830426004179244,0.9817508900191159,0.9791569282511474,0.9826855762202462,0.9830668079446832,0.9815310572977688,0.9845623532133794,0.9835731827610864,0.9780975135097921,0.9841401896543346,0.9817760206768184,0.9814885957177457,0.9816061624552335,0.9843569545178612,0.9792790566902256,0.9836842519306236,0.9844066441809955,0.9782169659265724,0.9839422525718914,0.9856484606110708,0.9802908587860653,0.9800055171320593,0.986824641986015,0.9769266027870986,0.9855128377887356,0.980968193608486,0.9746896862161493,0.987294275555134,0.9840261906115906,0.9761718714968299,0.98423883432398,0.9818291898035586,0.9803714592671676,0.9844331354165212,0.9832091526892344,0.9799266331518371,0.9802873561836378,0.9775589345293914,0.9814991572459064,0.9745654308929103,0.9794439027894668,0.9816758404414724,0.9756816604785958,0.9800500671145911,0.9750581640187256,0.9828068119537915,0.9809693241637266,0.9828805471375729
222,2871325000,0.9883740943156568,0.9837211103041168,0.9867815240030519,0.9774848405965879,0.9775099842532355,0.984098852472452,0.9760807533287595,0.9786370808420969,0.9811414763259985,0.9807406484265309,0.9818409082843554,0.9817283182489728,0.9837241981240307,0.9818619320591458,0.9810108430444745,0.980209802745033,0.9839449223915367,0.9838049388054202,0.9803422997456008,0.9840585274852576,0.9792240086078677,0.9824114080044735,0.9835232521459785,0.9808008757252255,0.9872970960800941,0.9838994627464145,0.9807239852679003,0.9812872562590962,0.9841257280361625,0.980999835636886,0.9796905808884642,0.9836864869890651,0.980967618814556,0.9851831498390345,0.9828568891752207,0.9781427679311794,0.9865631944852583,0.9868530886039941,0.9864077005345574,0.9799558794216658,0.981140576859874,0.9823780557713933,0.9834718020940516,0.9811128512822704,0.9761041813186014,0.9775242045108715,0.9869638362173493,0.9807485431104592,0.9769102667579358,0.9795004079744828
223,2871600000,0.9790449987439238,0.9725544006569597,0.9814019728419769,0.9784488890212962,0.9781439407127531,0.984903978894515,0.9831802030484191,0.9811613463012482,0.9824640538714072,0.9801554615767457,0.9781459706210819,0.982228851628367,0.9838533960033113,0.9837850653376964,0.9813285523186922,0.9833697160379742,0.977033979894764,0.9855671276798521,0.9815447910184795,0.982384314122675,0.9854479596340667,0.9834992484780525,0.9787828008922351,0.9800362370038753,0.981938478840188,0.9870790520345063,0.9843475700242257,0.9812237533560123,0.9872341165435128,0.9794012528549031,0.9862977157942681,0.9820149458549717,0.9814236027597398,0.9763533062100337,0.9800890339994004,0.9850028531425923,0.9820321403563838,0.97814536686828,0.9828527287912342,0.9769765666160504,0.9794139567359588,0.9839427588241655,0.9847951111270499,0.9811159585846079,0.9886818958543634,0.9787095122984262,0.9819338960469374,0.9758590290903418,0.9821021645669743,0.9795817129189985
224,2871875000,0.9853317517785187,0.9810368583584581,0.985061824249115,0.9801328128722668,0.9771648470537548,0.9780679195044029,0.9819539313017095,0.983216042539296,0.9793395370743717,0.9809532494961409,0.9807959364603746,0.9756606696158615,0.9796981973848806,0.9821452200965913,0.982204700201644,0.9833460981565223,0.9760208921417375,0.9872289568820164,0.9796126007054415,0.9808658606842862,0.987734345035716,0.9829966970436157,0.9814676120605648,0.9824304383927914,0.9835513175691822,0.9811263408792287,0.9831261870999934,0.9816937493320524,0.9820434126610875,0.9812583977493241,0.9764584362003292,0.981892086258934,0.9838560093128338,0.9836613104829494,0.9822632713780881,0.9834393837860402,0.9805101538815317,0.9764622550323157,0.9805473374227834,0.9830296258626791,0.98188699370609,0.9797156184815069,0.9889626627191773,0.9840167773329235,0.9861811239191158,0.9861545856900286,0.9931197586599432,0.9844588040252628,0.9817873968731209,0.9775645686079769
225,2872150000,0.9849690155771744,0.9808410773925265,0.9840321642055361,0.9799207532320728,0.98027839593745,0.9837779171390003,0.9811383298126258,0.9801264261386297,0.9807290638873996,0.980088920903196,0.9817960022712204,0.984015263675777,0.9790055083825656,0.9782378356170535,0.983967161905422,0.981289725417695,0.9801338631407425,0.983970849038657,0.9820606509747561,0.976892459142253,0.9821845284881462,0.9809512181735722,0.9792690685024517,0.9834634606591516,0.984990374272072,0.9788728119293795,0.9805808059428431,0.9820938685825044,0.9812579658753587,0.9789607235877427,0.9868532703217273,0.982762950734026,0.9764512668280947,0.9816890924191167,0.9831718099226237,0.9812215801254857,0.9882190231855659,0.9834446287909562,0.9820343883939222,0.9832798774554916,0.9769893210116062,0.9762471444479152,0.9839413196751147,0.9810389825566811,0.9855089295359963,0.9777190360946528,0.9845601853478935,0.9833804007972233,0.9811851070644405,0.9857835741021118
226,2872425000,0.9866254427904024,0.9863128118829606,0.9847744999826411,0.97962595108723,0.9849543347572215,0.9812291404417992,0.9850010998927456,0.9767247340379592,0.9831831136051966,0.9812065595076827,0.9845740715871418,0.9817239225179915,0.9800181123484923,0.9794394761668691,0.9875756782997028,0.9776733338964905,0.9849039117353947,0.9805429935851177,0.9842044944775802,0.9795703619521201,0.9813338100483772,0.9820218093787436,0.9845340306227378,0.982183591678174,0.9795351189747163,0.9821946932803077,0.9801756288875698,0.9877723943440341,0.9788705440082097,0.9827300552722014,0.9818037863973392,0.985846019208874,0.9852488800637689,0.9923458516771808,0.979035797410445,0.9787814326401028,0.9805424060910679,0.9888570350784313,0.9825626709085108,0.9822371659084189,0.9806910395482743,0.977467080343767,0.9866249711019243,0.9906574216586411,0.9846280408865258,0.981988333761491,0.9856019813647922,0.9791551197510874,0.9898216262737851,0.9856135265249953
227,2872700000,0.9889064845952434,0.9768544813002077,0.984644077469406,0.9812943447604654,0.9862650912252336,0.9813046252497564,0.9809524169190152,0.9839422287862795,0.9811786247243347,0.9882171192282692,0.981711614567077,0.9875322227908823,0.9803860881971588,0.9811342122204554,0.9867859012421832,0.9851676241274184,0.9797772837431871,0.9809204152503835,0.977902631510211,0.9804794266289719,0.9815214464567161,0.9791290232604288,0.98192324385715,0.9826635854163629,0.9784339479187361,0.9835066225811996,0.9804396450835331,0.9811830979296814,0.9840472196164005,0.9799177691539654,0.9760462578801422,0.9856352186145745,0.9840255100558065,0.9824090180806944,0.9821294052629314,0.9810053123582503,0.9795785568245509,0.982945980080104,0.985882681940312,0.9841425868989949,0.9808541237805661,0.9831473060598171,0.9851387249600739,0.9782946205409887,0.9800803091527908,0.9837922130244438,0.9827958617238362,0.9804435819685516,0.987222123462897,0.9865351329242588
228,2872975000,0.9824545640632859,0.9837262303311973,0.9847726418254951,0.9837406387403566,0.9781997621337473,0.9821356042212129,0.9817439307680156,0.9843406880029245,0.9794934483304366,0.9809475913299041,0.9807514660291867,0.9847052604566197,0.9767949202261449,0.9798557459871161,0.9804452507029652,0.9809994687220417,0.9823804538122981,0.9773969601501078,0.9795144131005805,0.9832877121520134,0.9837487856085555,0.9807453779609066,0.981997696954229,0.9831527018498128,0.9826203657345834,0.9852219399591452,0.9826464099970672,0.9815566685410948,0.98420535369372,0.9795979849629203,0.9794124304384065,0.9814965873462601,0.9839464052847434,0.9801539370660235,0.9846778655434978,0.9877270773659717,0.9885901943507029,0.9840905689331042,0.9857449501299064,0.9847422228914303,0.980726900553696,0.9858011994393521,0.9850148671753628,0.9797151964747659,0.9836560751634787,0.9834278732109781,0.9817880180530018,0.983551091170591,0.9842705236165366,0.9841170143050917
229,2873250000,0.979770155928559,0.9805650705733866,0.9808630385440857,0.9794829033823448,0.9852370354602444,0.9841263502938258,0.9859343847259793,0.9797753803228413,0.9831808585433662,0.9819830137342535,0.9817666068558812,0.9829534173160897,0.9827610991902886,0.9864769238222598,0.9802073730896498,0.9827539060916317,0.9844858928555373,0.9828468416192742,0.9839736045857245,0.9793904736160238,0.9829153750493922,0.9897317522027984,0.9817510149157895,0.9832995525489899,0.9860497751843724,0.985569930154359,0.9874339071233449,0.9848153064641234,0.9868047413309387,0.9834600840097065,0.9809532188008919,0.9792794496306486,0.978656640298139,0.9856846110619378,0.9843663931020257,0.9869977789482608,0.9877617275873802,0.9869044069035778,0.9858946331921208,0.9818277978759022,0.9868789095170474,0.9859665639943516,0.9875493611846079,0.987238367732697,0.9821200972861938,0.9842627075069645,0.9855920949610831,0.9850778708898993,0.9871498724883557,0.9780488032298585
230,2873525000,0.980472632098436,0.9854910654472739,0.987826780285229,0.9900288548145303,0.9882951018803817,0.9832112804828916,0.9846352220439729,0.9746222625989223,0.9858183758408923,0.9846650996480465,0.9859890950071483,0.9819422678848778,0.9829191767584554,0.9855792091454987,0.9808426065194341,0.9882472336078483,0.9871361327698246,0.9825730447628674,0.9856442966393467,0.9915581829424487,0.9857757119335535,0.9896099443160716,0.9906603678956429,0.9823735163967721,0.9802315876420096,0.9846331740254525,0.9864065935746803,0.990378268595618,0.986580106719125,0.9858961376397655,0.9787797606511286,0.9824039112593654,0.9862647561746575,0.9888417993243244,0.9872941575617916,0.9848484959841978,0.9859575204743565,0.9847036445362605,0.9851374707880758,0.9858074895870733,0.9812104657417267,0.9842745114567633,0.9893264145867665,0.9821595548472781,0.9863054754494207,0.9842235064396699,0.9866714194527969,0.9827543756123994,0.9811212057801126,0.9882062958933633
231,2873800000,0.9838227490376927,0.9819346184350543,0.9796100507901371,0.9805798511380244,0.9797198078372278,0.9847004205438279,0.9858961241063215,0.9846856379368788,0.9885855754564647,0.9829755665214568,0.9864123854735773,0.9848063702329453,0.9890965483099052,0.9860573253559103,0.9897139956162855,0.989423107939654,0.9870008480639215,0.9796148324923363,0.9909456279644401,0.9841296479697087,0.985287634522909,0.9831724308338189,0.9831089143129194,0.9828450350200801,0.9880294181206039,0.9804658975063304,0.9859332443264324,0.9847849825298362,0.9815570782849692,0.9793261645377586,0.988703067264759,0.9886805926884562,0.9827389116250705,0.9880544254011225,0.9834137697694018,0.985654942924587,0.9859246225526022,0.9863809700073182,0.9844461168899458,0.9810828542710857,0.9817942854461682,0.9803274692281835,0.9807510559087739,0.9863531252405544,0.9844093112350756,0.9898578778005427,0.985543097673713,0.9849648983184227,0.9848466443414541,0.9808948596478824
232,2874075000,0.9837017525614553,0.9868064003802424,0.9832294833083356,0.9830173418856897,0.9830868426592867,0.9830178917677109,0.9797307263835598,0.9894363346667688,0.9857175754103079,0.9831488206405063,0.9863818222925632,0.9860888716938649,0.9876913745183047,0.980437500454837,0.9811246966382683,0.9874466977825092,0.9822880752665452,0.9875027664311959,0.9859666255018865,0.9814282261017443,0.9852524017379836,0.9863579401011608,0.980331017905095,0.984689994625703,0.9873701430340013,0.9836641724016276,0.986881197676413,0.982574011342008,0.9870786100855177,0.9893615353938037,0.9845764650472669,0.9796732265595716,0.9864340710996937,0.985891988391715,0.9882810545870768,0.9840456106739349,0.9849070778812329,0.9826948994487328,0.9855242324149914,0.9841806432825293,0.988097830238512,0.9834074711303863,0.9816142753972242,0.9875394352963255,0.9868674690834414,0.9876601447970083,0.9865807440696268,0.9789274176535941,0.9823599253765737,0.984041693975064
233,2874350000,0.9861009855172519,0.984505166898137,0.9892176534842371,0.989293916370346,0.989724486986795,0.9856612483770234,0.9869248388402371,0.9839217177953147,0.9823715832334907,0.9858644840380586,0.9856688582252235,0.9853911077319898,0.9827304307811165,0.9931179418876875,0.9790675537112712,0.9907017497114594,0.9869884079261658,0.9862438297676179,0.9822427358642996,0.9935257167170303,0.9861946824659404,0.9887628953881354,0.9853655494535559,0.98646133461325,0.9861088260654163,0.9859103533465063,0.9912969617555736,0.9828915663484844,0.9883504687772031,0.9864566942774393,0.9848675765883808,0.9808159526094578,0.9821277819096326,0.9851018727143911,0.9844410728783742,0.9832411470350059,0.9817394423435025,0.9785277251197942,0.9861070119873508,0.9849881591380474,0.9883380117717895,0.9823013604956697,0.9907879039917716,0.981817587044131,0.9850972226486732,0.9887880996989863,0.9862948357661461,0.9876989257121773,0.9897763284503701,0.9881605370405872
234,2874625000,0.9879418014135327,0.9909560237644169,0.9888729963248429,0.9858551284559749,0.9855763882034795,0.9895740110308892,0.9877122785156187,0.987809588190888,0.9845948252934392,0.9845691806108765,0.9853315236525274,0.9845611428353861,0.9854306346273066,0.986587997870818,0.9859715477468084,0.9893761711597926,0.9922386463921161,0.9873806992741612,0.9819379568896508,0.9892434821333229,0.989620729904674,0.9853502895368305,0.9891346277074528,0.9890693002240324,0.9868103681507383,0.9874863968261207,0.9895053300087605,0.9872219204727352,0.9823876924600138,0.9880574936824434,0.9857365883055349,0.9819253748765124,0.9859472887882796,0.9870817233382098,0.9848387213823077,0.9930544816757746,0.9849331388777938,0.9834437681269956,0.9825603044585307,0.9831881069592042,0.9891884367678945,0.9847118615311377,0.9853588108946069,0.9888867853150219,0.9931637502768251,0.983493664169835,0.9879709347735567,0.989329093591666,0.9887879052663124,0.9865985472088874
235,2874900000,0.9891794160590182,0.9840506421140092,0.9799091166638056,0.9862541116508875,0.9841648496469924,0.9892212338845378,0.9927006264626125,0.9893123027948331,0.9891564227054563,0.9889924349670545,0.9851885680501812,0.9866641952191421,0.9824183247095012,0.9891102909407267,0.9850444089780929,0.9918782354975174,0.9838047150849256,0.9863108588009176,0.9885276523788887,0.9899646777022548,0.9859776668187495,0.9929292723465316,0.9910004279754386,0.9893796302756621,0.9844504583965663,0.9820786648705409,0.9863595810128445,0.9873102839006752,0.9875196628935521,0.9795740056262013,0.9903716463737454,0.9853733465247716,0.9914411525339352,0.9919135648093386,0.9884795938476386,0.9883378941358475,0.9836597717639538,0.9852460254551827,0.9886874154329462,0.9845404398043239,0.9834361207510874,0.9894302638555513,0.9921388285958989,0.9823246222340796,0.9822326289423363,0.9882853768482677,0.9860693094049724,0.9845416562126049,0.9898701317311855,0.9853597422459258
236,2875175000,0.9886697187214074,0.9827302727010196,0.9880808918055198,0.9880192246478541,0.9919993153440488,0.9803106810041475,0.9862192999292669,0.9905377385513982,0.9929529090312275,0.9834606016826026,0.9827784813102427,0.9796328577548712,0.9837707185693824,0.9846398430902584,0.9881372755942309,0.9797245873605822,0.9892264013821558,0.9825979270333943,0.9828690456796553,0.9894971181950639,0.9874032244081807,0.9877397956753747,0.9900486490651711,0.9898535498900632,0.987458783421765,0.9919068969739021,0.9890604074936151,0.988873525162832,0.9825697379294548,0.9917720200699054,0.9882748785486283,0.985462957186756,0.9919017710086442,0.9855644456621041,0.9911533360896069,0.9917612445250247,0.9817462313198276,0.9861796574420761,0.9892318961985267,0.9866558318043693,0.9912210987448831,0.9893844012978842,0.9842575795752883,0.9863018480101547,0.9893281839290579,0.9907766295963506,0.9889934379220446,0.9894757955102405,0.9867793255503168,0.9900628439706334
237,2875450000,0.9891432396618466,0.9876450718554319,0.988652721796042,0.9834372553372985,0.9833219844878044,0.9830988241157427,0.9872525684849365,0.990406485303836,0.9845345205187107,0.986227229910283,0.9883851305290515,0.9903461693778876,0.9884679793266306,0.9867785464860702,0.9887614928011216,0.9892141245048696,0.9878417456817777,0.9882187875426894,0.9845015718769076,0.9866281904652361,0.988464589605624,0.98779499495667,0.9891028630613213,0.9907998880291773,0.987746787105859,0.9860484056179405,0.9911317937769064,0.9897853388106033,0.9832035503437314,0.9926290737775487,0.9868044647904946,0.9852621153049723,0.9867388989565449,0.9899737819570898,0.9897459962106565,0.9904061006438084,0.9838468350706095,0.9922652852945621,0.9843899644370613,0.9851864107480461,0.9852624139526605,0.9860806802454967,0.9879076289992675,0.9876018837521399,0.981405264259869,0.9822813110205189,0.9859932622227751,0.9911473363413452,0.988584698091496,0.9854210808318564
238,2875725000,0.9937946202708585,0.9892197179938436,0.9938336407053623,0.9875173538315267,0.9941638732870061,0.9896097935428926,0.9902096090783992,0.9913475790974976,0.9886402236579228,0.9877307763765993,0.9837351271465254,0.9958362688058946,0.9888973041767517,0.9876337533602009,0.9927455690407346,0.9870227253675604,0.9904998663705513,0.9850623349880738,0.9876819886131541,0.9956483255053689,0.983011649780239,0.9903376652560046,0.9891400541965274,0.9877325472334267,0.9916452736688562,0.982931656590474,0.9869699509161934,0.9910037800646909,0.9906755312455486,0.9870608231426767,0.992128362585836,0.995234046749953,0.9806774901971756,0.9878881779903224,0.9934001268710078,0.9824084698370195,0.9851823100715875,0.9868280706268658,0.9897920956374128,0.9855904097494566,0.9851012533421251,0.99394840320494,0.9925457596741232,0.9881603518322952,0.9877744303152719,0.9844394054691727,0.9831213794737195,0.989693385808993,0.986077715300304,0.9921678039417676
239,2876000000,0.9868588152206441,0.9886192478716234,0.9946819130625074,0.9882992102785806,0.9850385689289335,0.9857734999666093,0.9958310199556468,0.9864459437383283,0.9931398442481819,0.9943742536311238,0.9886298744467568,0.9948993844723837,0.985723139890951,0.9890121448213159,0.9859465508015608,0.9889968335327725,0.995851164232976,0.9840408108935824,0.9920330184794476,0.9932613919309988,0.9847561134596355,0.9860765899240673,0.9872455091670307,0.9895854049437344,0.9835480969640515,0.9873722489208956,0.9907284877228598,0.9908695925302379,0.9907312110865358,0.9863563509442693,0.9917731002969098,0.9883205194693371,0.9879859525167312,0.9882211349393923,0.9825051316424894,0.988809793739294,0.9876660305119391,0.9855617758542208,0.9893110233325968,0.9905527848123994,0.9927277517079637,0.9899967955903253,0.9825400735308686,0.9860756423086909,0.9856315487705599,0.9855480095545932,0.9848504447688603,0.9921830281790074,0.9915694480469961,0.9898321556564375
240,2876275000,0.98693124078918,0.9878656072276298,0.9882933254069817,0.990316699045333,0.9897750911785248,0.9886897319638681,0.989471545469719,0.9865918488823929,0.9897928933376524,0.9862509731379437,0.9911743080416245,0.9927519418294469,0.9916877079378683,0.990627510055856,0.9912634827012908,0.9907601462460282,0.987126733264301,0.9891524808843498,0.9899282755876276,0.9953236341729789,0.9934448536245507,0.991030179650013,0.9881876697037157,0.9926711910771487,0.9886461452994096,0.9882361397262664,0.9871484898095554,0.9853257388931035,0.9865189440208176,0.9910398881579051,0.9884939214174305,0.9896244957408524,0.9942463308602348,0.9904120825457235,0.9897101169867304,0.9885153350728596,0.9887687510914301,0.9872946332562629,0.9880452048856232,0.9874788814297023,0.9930308330849278,0.9879362997743424,0.990475173071204,0.9905495710704817,0.9933269043134451,0.9861469332631148,0.9912025657814983,0.9890617231922341,0.9845547098989305,0.9903636805438075
241,2876550000,0.9860529421264109,0.9948528519730753,0.9907932947352579,0.991000185463117,0.9895068762953612,0.9925628957089045,0.9931194014030023,0.9882630303146054,0.9845661267364727,0.9897475066692797,0.9888815990850074,0.9916022723117132,0.9884613657611574,0.9858095027693027,0.9857538918875512,0.9913842765689848,0.9896721215838712,0.9834014951904327,0.9967974875900303,0.9839265289104281,0.990347340438612,0.986043208087462,0.9898668833846828,0.9859719699087549,0.9927750312498632,0.9866125636070708,0.9860063080604323,0.9870643120797575,0.9945655850757646,0.986956108319049,0.9920605193988542,0.9925328471405725,0.9945013905363359,0.9867135935438645,0.9909267264266522,0.9873497708451262,0.9907715652086567,0.9894690153667827,0.9939237815158071,0.9914824678413405,0.9854074663830495,0.9902735091668253,0.9835432353766848,0.9869032509468024,0.9961221099431825,0.9946341783469257,0.9903906234956964,0.9907853370686229,0.9905669491433005,0.991085877927679
242,2876825000,0.9888151607653662,0.9849748547005724,0.9815303134013887,0.9925217249866066,0.9866968287098261,0.9817697967557095,0.9909614995200814,0.9866527998857225,0.9923623168072175,0.989282541593888,0.988738770225951,0.9891694507681773,0.991163260578375,0.9911994919541536,0.9882394787026422,0.9856231083661539,0.9863321883583142,0.9852576115895582,0.9883998273444975,0.9914199428713673,0.9914205772315523,0.9894408495471038,0.9870102070413048,0.9936738229894593,0.992036352547165,0.9872229779486735,0.9931297300994053,0.9891118020479815,0.9905924909881271,0.9892845862300473,0.9910355028176914,0.9912174520231721,0.9950366461570187,0.9841768893606188,0.9966343397811824,0.9839950199535705,0.9860966483612852,0.9836285449868281,0.9882129781567196,0.9897911482767563,0.990137077341689,0.9883775820894103,0.9855117594531616,0.9850564103782813,0.9960455133400493,0.9914401061841412,0.9923752439087027,0.9886169934122617,0.9843236715319853,0.9934285794803651
243,2877100000,0.9918727313157762,0.9891135610307102,0.9878798746929789,0.9878469866099889,0.9921679345111042,0.9870902431456334,0.9903647878519699,0.9885901265907979,0.9892045639994936,0.9878647624319815,0.9869926777559481,0.9911914177311311,0.9927114979142491,0.9922663004806945,0.9962462681490118,0.9872157982788978,0.9907481272125761,0.9944273040440319,0.9916240292737247,0.9955210404355603,0.9854207229104424,0.9888967922384756,0.9913038714632826,0.9844150020811084,0.9874940739350405,0.9946985279284931,0.9948150559544008,0.9883533702109051,0.9911678241113022,0.994811360631968,0.9879279600573911,0.985267148486503,0.9883242101442591,0.9833446717739481,0.9908680354085767,0.9867242854974975,0.995509588364335,0.9925507116814976,0.9918851047045947,0.9894330162858024,0.9896853874219753,0.9920952988397524,0.9877099093588575,0.9812628333500071,0.9900497029966925,0.9904502788390072,0.9880873049869551,0.9925682900258387,0.9913417627997096,0.9838786478241385
244,2877375000,0.9892505883265346,0.9911984654532627,0.9896437100828124,0.985653669840298,0.990534927904,0.9836879473875197,0.9907578962666386,0.9923150131819172,0.988527163378831,0.9872790165171578,0.9883355044096696,0.9912791515030616,0.988046113140329,0.990159087740055,0.991234014008058,0.9872340490880238,0.9948056290389812,0.9919217962918515,0.992068482748545,0.9867459277731352,0.9910046620636166,0.990775488337265,0.9910497130521194,0.98504524898727,0.9920329454158259,0.9937194283127117,0.9926642306743038,0.9881768921773395,0.9835254048223105,0.9903307185981349,0.993896136758683,0.9875350599005216,0.9861019987173167,0.9925858421452618,0.9936879845007633,0.9912314262099703,0.9882902166016851,0.9886662587829497,0.9898282239428687,0.9906273919562162,0.9847429127125213,0.988057223506195,0.9940835470630556,0.9905539350182911,0.986611362059962,0.9897206583685365,0.9905020944200801,0.9913016724864517,0.9894692577860853,0.9936955540908404
245,2877650000,0.9889380840140046,0.9971376495819354,0.9916545059525609,0.9863300056886427,0.9901232498953302,0.9886107420846999,0.9939197250419691,0.9932132982635251,0.9848217826360952,0.9896353955046924,0.989179643849234,0.9900602213102616,0.9897256283465379,0.9878347913443212,0.9990828810975133,0.9888465763125587,0.9915388677902651,0.9934241474847592,0.9867498996071707,0.9936163756096104,0.9920318733978724,0.9859928699744258,0.9866195379988361,0.9914033521687562,0.9885633080311913,0.989260600242121,0.9975173929957065,0.9882502969255161,0.9887511894242856,0.9890947144559981,0.9914538395478012,0.9914591407693193,0.9914746665167521,0.9947334224904721,0.9942828103336959,0.9937939848435818,0.9933032440093383,0.9895387897610143,0.9857490423197642,0.9897389718974893,0.9919254500146433,0.992298164087953,0.9865164741700094,0.9958170749995274,0.9824058760076231,0.9902045078122048,0.9918633202699015,0.985061463107758,0.9877700298859718,0.9924482322756758
246,2877925000,0.9949616076829244,0.9898563163293377,0.9892559049911155,0.9967915365820756,0.9907577500853053,0.9874031268583442,0.99375131680894,0.9869177565761229,0.9883710062708682,0.9875640730110206,0.9833529490361604,0.987570569384036,0.9907917472182538,0.9877101648442729,0.9916703265922717,0.9949269934782927,0.9926876500652959,0.9920848142923434,0.9878003491463057,0.9865105722596604,0.9922307240615058,0.9910341485673833,0.9944295544173539,0.9916326633235807,0.9872863062085799,0.9947208210441554,1.0005815914976481,0.9916496219501799,0.9870731706970888,0.9896761737404747,0.9920275034823316,0.9919864197036445,0.9926420482774738,0.9941874786432964,0.993269513800615,0.9893648093872568,0.9903437651254454,0.9902658405886616,0.9872528303911164,0.9906877084882589,0.9970890817539158,0.993647585319957,0.9931115676223384,0.9919235144180337,0.993492038298178,0.9977482022396296,0.990706288236815,0.9945172159170701,0.9883669520315519,0.9910973056401331
247,2878200000,0.9951043512326949,0.989723062165477,0.9955077311667397,0.9937058266633891,0.9961063844019747,0.9904571755844486,0.9912024834006173,0.9925284906521636,0.9976916595847882,0.989570235617671,0.9897819411916939,0.9952866091974484,0.9884108343957817,0.9895202035558978,0.9921889070768352,0.9882651089187245,0.9935518113715671,0.9882278569675818,0.9921127778423675,0.9953579106599533,0.9951967432884901,0.9878932248610575,0.9938286404402318,0.991023995268026,0.9843980062315246,0.9910563297187869,0.9980469849214906,0.9934110923967415,0.9938064569796814,0.9939678780968764,0.9900709851636709,0.9932163053321248,0.9909590830925257,0.9904345707739811,0.9924838857764696,0.987639937364131,0.9956498677279979,0.9959109259473227,0.985115926150717,0.9910184827647128,0.993530188374457,0.997368977611031,0.9921703036587947,0.9869542384830166,0.9880514507547244,0.9919881499536847,0.988767845937881,0.9919348707358154,0.9989127719314722,0.996468460440488
248,2878475000,0.9906517249182033,0.9955888528970415,0.9938475890460349,0.9932111489034641,0.9949904986520743,0.995226806940679,0.9938136077447427,0.9976343562117539,0.9924292829349791,0.991238202685648,0.987020490818277,0.9906819901340593,0.9904464449695446,0.988115113285038,0.9949033715664761,0.9909819679183705,0.9871428548412537,0.990266304086533,0.9877462609806067,0.9987858481678976,0.9923896234947214,0.9948729094323095,0.9912955634882212,0.9976251641205389,0.9950142844693622,0.9907660875031952,0.9890930206470973,0.9901689098677993,0.9925779168208102,0.9878827094274943,0.9916278788297174,0.9933581209544894,0.9934255307008082,0.9920645022073775,0.9929828298396294,0.9925049736498838,0.9940186833818518,0.9968255135243647,0.997581017090421,0.9927561075347838,0.9939717833574685,0.9944354517801188,0.99251740820572,0.9883975859836139,0.9903276884052237,0.9951858043695289,0.9968905373983563,0.99626372880887,0.9926306973535695,0.9906667487010528
249,2878750000,0.9954142396786316,0.9936329570966904,0.9902714100034605,0.9893607295878227,0.9843240996398256,0.9891411124796996,0.9901031444079303,0.9923114989693993,0.9953162642173811,0.9934203518969253,0.9952023733265446,0.9923383720545156,0.9882526820187525,0.9944238807612469,0.9942998738761457,0.9900554158344166,0.9856714870924534,0.9919462242267418,0.9959764763243816,0.9912193028006396,0.9938254533509147,0.99567150858641,0.9918798056144685,0.9896835165465073,0.9931257746171702,0.9934125110120672,0.9887775644417091,0.989263752310485,0.9903452398928697,0.9929730951189712,0.9935181729184768,0.9886790632587267,0.9931685483189582,0.9940179077058925,0.9949199637978483,0.9937208995717013,0.9922748609613267,0.9938053342983781,0.9878840453737635,0.995884163679329,0.9859705276042261,0.9921891702509893,0.9909031506149596,0.9945859618091071,0.9862108443314502,0.994809602106043,0.9933298895520342,0.9862308475965903,0.9886022693680727,0.9870214108462807
250,2879025000,0.9941494507349056,0.9908382666229254,0.9972419661535762,0.991535457920767,0.992667832862283,0.9913221893661514,0.9913667066983364,0.992740584989774,0.9893464846000196,0.9914687273358754,0.9974560961935516,0.9884156635427362,0.9925737987471427,0.9899219020340949,0.9955998389880878,1.004964236151167,0.9909798223320999,0.993234316315244,0.9931238597124504,0.9896357993672318,0.9939207978892494,0.9854265609120679,0.990611038403814,0.9894000715401198,0.9936980153803606,0.9910376675046626,0.9931644809287248,0.9929617684984,0.9882887695047393,0.9880997797370045,0.9952532204941706,0.9925881524221701,0.9949242769197925,0.9925684329075058,0.9920966743777135,0.992015117389761,0.9917828331555738,0.9924343707128007,0.9979737466335372,0.9943707481665072,0.9861648936428107,0.995464454968288,0.9904054016186944,0.9933989607546521,0.9994353671803939,0.9955692199689682,0.9939161621422544,0.99390287101324,0.9936869909841957,0.9902388922540303
251,2879300000,0.9939424582524506,0.989742343875333,0.9907722799478496,0.9928017054021093,0.9913679225971175,1.00024456514721,0.9919547166258471,0.9935620044190118,0.9920711884626783,0.998978665628243,0.9958632896874655,0.9950525027080188,0.990008914746556,0.9938225299880323,0.9960786134027932,0.9950957688504145,0.9937898589381261,0.9994574192347813,1.0016034065092378,0.9923662062548501,0.9958986293491819,0.9960165308677761,0.9841516505830616,0.9937954593581678,0.9904115069061165,0.9957909259924483,0.9933273031997473,0.9917733497234715,0.994194578737537,0.9916555671941242,0.9945201654445189,0.9943747406512038,0.9920955223102342,0.9977425261386149,1.002074350851532,0.9910649286426707,0.9911089686190336,1.0012267701003308,0.9896928626396615,0.9933696589879403,0.9935144965504427,0.9969287085010795,0.9975308711045542,0.9881917826135505,0.9938506594633154,0.9946892429626104,0.9847111562269127,0.9889809966949904,0.9889040265054548,0.992322516978078
252,2879575000,0.9965408295599121,0.9900112052670251,0.9918555247253379,0.9966157033106949,0.9932383079849701,0.9976726163821639,0.9902311629925109,0.9967742422110378,0.9968758858371427,0.994057330779322,0.9904288399219613,0.9954147712068091,0.9954691484680342,0.9908394760587774,0.9951586550390409,0.9922829165744355,0.9901779871900086,0.9913129565506776,0.9918346006315266,0.9978328230277989,0.9910544865110182,0.9986262060656316,0.9972390767932907,0.99213021525804,0.9967034218915016,0.9947399147098805,0.992551578724631,0.9984393940002212,0.9908772972760652,0.9922979108074531,0.9908806628305264,1.0003056484905077,0.9953547889169627,0.9905720612941813,0.9928286089813166,0.9870043749321779,0.9888833054434492,0.9962957121033897,0.9930797800802985,0.9905056299333038,0.9970102428632506,0.9921290829605803,0.9911240199555565,0.9978879587665973,0.993411343486023,0.9937023544733898,0.9933575241619927,0.9936873396317838,0.9902935376442012,0.9907093262430506
253,2879850000,0.9932037174237673,0.992940264101308,0.9908489665843865,0.9961548817671082,0.9924459679864969,0.9963245485724176,0.9934018450718417,0.996246824282614,0.9985441842751299,0.9980188324979632,0.9967476192538169,0.9964490002482642,0.9962825814530941,0.9970853664628772,0.9910563970128317,0.9939730691644828,0.9939294604145008,0.9900135601531245,0.9925055703327893,0.9896214906174678,0.9948527786560654,0.9948412596456333,0.9926375233956671,0.9947340646166499,0.9894021695533668,0.9980886792880713,0.9942072088555931,0.9956970497988437,0.9935651386619255,0.9950760000855218,0.9967016856264425,0.9897382525634031,0.9956648467537632,0.9957940234212089,0.9937896994715278,0.9853324824962585,0.9915947598571722,0.9950188284463536,0.9949039934006415,0.9951537674070111,0.9892231191698092,0.9966258839770349,0.9956721672619219,0.9878985575205986,0.9943711605663623,0.9960989149740813,0.9986054799048453,0.9919990578292798,0.992839869490853,0.9933718061516014
254,2880125000,0.9929121020118948,0.995525927084366,0.9892887886311943,0.9955837474748777,0.9946753500624863,0.9929810560093764,0.9947858071050351,0.9917124270523545,0.9985020686857687,0.990303068089683,0.9974099441905161,0.987019853725176,0.9900606995026339,0.9973799799406653,0.9909886030488892,0.9885489196466803,0.9958485688120571,0.9899571421325388,0.9941849379447899,0.9907616067110749,0.9962781039912044,0.9913614881103384,0.9901801055710735,0.9964771682628643,0.9917775396001367,0.9932546544873521,0.9884238682906261,0.9950523339116437,0.9979328657026846,0.9952323653127749,0.9938276434225908,0.9900121951810343,0.9935693456685364,0.999340147796115,0.9894657012435284,0.9966427481038163,0.9932743513120119,0.9929299913594093,1.0009299590189893,0.9902641496324351,0.9931106088059912,0.9930620459439459,0.9960545954196728,1.0007348180310502,0.9906120463537998,0.996484747664148,0.9946289430263828,0.9985004846317143,0.9941329172515359,0.9892491215714573
255,2880400000,0.9993603103080761,0.9947087125430363,0.990255218215467,0.9958049727382619,0.9941339785411558,0.9962884569553634,0.9917224324750662,0.9874131228581552,0.9953962496685892,0.9966251609365322,0.9908390688018452,0.9940697393386837,0.9909253711528471,0.9954156106012284,0.9891146943154281,0.9924251380376901,0.989091118589794,0.995237958015612,0.9953000266644624,0.993563286967399,0.9873546843690847,0.9943231923349296,0.9918608603082945,0.9890461170778135,0.9925735695361857,0.9952581251294961,0.9897423955349525,0.9918869314449391,0.9948466010664067,0.9899058694136993,0.9945612127931124,0.9933147045966513,0.9955290761369718,0.9963821289075169,0.9886731155409261,0.9957136384048393,0.9945511198948996,0.9924951077272308,0.9953640218299539,0.9951994801394921,0.9955787156422459,0.9933604097559837,0.9924126235487002,0.9942345969198522,0.9949784741825463,0.9966696521952544,0.9947942228970645,0.9923446907125546,0.9974009082586613,0.9878907591808923
256,2880675000,0.9987331891782407,0.9962438921289357,0.9996182478418503,0.9969532810351389,0.9992757436147253,0.995038402736493,0.9879128771036879,0.9929832393009134,0.9948937604890673,0.9941118374301895,0.9927685292524068,0.9939493170035839,0.998198273457541,0.9921176762033865,0.9942747017887508,0.9963727708941323,0.9958583950589613,0.9917919066982875,0.9905470129189087,0.9920628295118911,0.9929168839244583,0.9958914654854121,0.9979976285415632,0.9945686799984904,0.9976255196473255,0.9898623837495301,0.9890800984459683,0.9948214664558885,0.9934379953211846,0.9926380953300539,0.9960066314187982,0.996900794820597,0.9923468781521303,0.9963526160014027,0.9963331828384581,0.9922372234124495,0.991776469846065,0.9921129048455097,0.9904317706580843,0.9932601080284666,0.9916099941749094,0.9907282184553268,0.999650688145465,0.9950268140557923,0.9941381299330344,0.992651515499405,0.9985482781978915,0.9969235747723016,0.9925390020518927,0.9962111191922496
257,2880950000,0.997210812317883,0.993818300520258,0.9900139893370881,1.0008957028506762,1.0030184824734412,0.9973940097764218,0.9987221750235403,0.9915546554156373,0.9981291995251684,0.997556806204172,0.993361886113272,0.9950323348698171,0.995328901006461,0.9970938629343185,0.9947628154101781,0.9922763120326192,0.9938756855830009,0.9928068018306098,0.9999492901771964,0.9957339543661149,0.9874593236338526,0.9917103120336098,1.00090929214755,0.9884136115212641,0.9920866605460564,0.9919347225693909,0.9970127677881737,0.9931343948164554,0.9911758425134235,0.9918912244277546,0.9984702343348503,0.99784539781603,0.9984331792699935,0.993311058733895,0.9947789618292333,0.990823206256415,0.9925957329946001,0.994799055903114,0.9922465598834689,0.9893712170524276,0.9926148044089236,0.9922344695006701,0.9921901304173737,0.9977832539608519,0.9948491157672444,0.9935780635076417,0.9950586433971896,0.9919753522319282,0.993483243786942,0.9945876126645656
258,2881225000,0.99903158069705,0.994078169356823,0.9908797782203749,0.9984600536346498,0.9947622886922934,0.9963568215984274,0.9916718289900457,0.9903522587289014,0.9901781407002531,0.9936811823696127,0.9953795020937329,0.9960192779643802,0.9948462388509717,0.991422424962127,0.9919079696182368,0.9957519480267576,0.9920935263501218,0.9906567021226429,0.9892068579858113,0.9928615403300223,0.9953612865214146,0.9971796052879128,0.9924330473133021,1.001475808408273,0.9943593598859906,0.9956452241839905,0.9917901809700241,0.9919360343899583,0.9915010402738192,0.9938762520277804,0.9933232629423706,0.9904570163811202,0.9947088284880937,0.9957046960028526,0.9908004660169208,0.9939405927941759,0.9954641886505841,0.9964608036122803,0.9972234994599328,0.9899020010231792,0.9905739066959294,0.998024762558687,0.9898697980032629,0.9956762564128164,0.9908734585296853,0.9987255357996327,0.9935081077015586,0.9922771591740234,0.9949396374910227,0.9949605701874727
259,2881500000,0.9924154179801123,0.9956378339930613,0.9922664045798232,0.9958811472201298,0.9945765118258577,0.9971849370362693,0.99556629606507,0.9894566819652764,0.9932300595984742,0.9935990455017687,1.0011840830945882,1.0010327814462892,0.9944443088396755,0.9950938542561982,0.9956841384733544,0.9953918053212844,0.9936016217774934,0.9954005964186506,0.9954909147407248,0.9895028232918024,0.9948251108058102,0.9897415958955446,0.9940289500186299,0.9912661757137678,0.9959891882105313,0.9944074880225352,0.9926446941526503,0.9920246964043106,0.9948427269259054,0.9947164256201083,0.9890170332117565,0.9932022839176463,0.9938819137010924,1.0002466948528024,0.995731018274492,1.001470617180605,0.9977129807107931,0.992310386370501,0.9974439300120694,0.9974293662337336,1.0045535080476724,1.0000924757736713,0.9979061185371585,0.9938889834672128,0.9929373578838575,0.9900833626748583,1.0003716372039237,0.9991329730962051,0.9936516372434308,0.9988633130469264
260,2881775000,0.9913457314768764,0.9928579649810647,0.9938552169189573,0.9899255534736932,0.9960985615606506,0.9971869007128814,0.9937989700890605,0.9967016557228122,0.993364319651723,0.9895120387944071,0.991553984458112,0.9946966640920024,0.9870316129877011,0.9971796294272749,0.9960794675142938,0.9981947905229526,0.9945373394742489,0.9924471059270343,0.9977722310629513,0.9934930993128142,0.9914020386799971,0.9946080159811561,1.0012487317433243,0.9930223638441119,0.9976352411796932,0.9949588707100016,0.994568826692519,0.9946199901803647,0.996719651082454,0.9962958956983784,0.9948620907575518,0.9973704868991148,0.9921639910592847,0.9970774749885596,0.9981626507847048,0.9982120659093181,0.9941025380355069,0.9943248732896387,0.9881974512246007,0.9957535107414157,0.9987684604849847,0.9936496318287005,0.9964237289796078,0.9924927095310637,0.9976131131202427,0.9951549100712203,0.9904710718423168,0.9973893550165011,0.9972870283241959,0.9974329573394687
261,2882050000,0.9990817757662611,0.9991218085424339,0.994252793751181,0.9988918537893413,0.990265106513893,0.996676990710662,0.9925463867370435,0.9988598914035879,0.9923255512106302,0.995061143356849,0.9931791934127029,0.9943252295582603,0.999235202792415,0.9918396207157412,0.9893036058685837,0.9907508750744991,1.0021510575947072,0.991901745428208,0.9930928612200358,0.9944185609981664,0.9994120475759793,0.9986344154765244,0.9940136000194832,0.9905397788264318,0.9994536004955483,0.9955595922131543,0.9979321027678756,0.9935903069235628,0.9940916037466382,0.9907781648227517,0.9960422009835715,0.9916157716615565,0.9957729021979094,0.998646799138156,0.9916534841111262,0.9990049239800255,0.998401468002914,0.9942818426483532,0.988285334963767,0.9972797406426646,0.9944295774982808,0.9986037725825128,0.9933900619701026,0.994830240719195,0.9959356594784865,0.9965098691188478,1.0004907274507164,1.001186535959857,0.9948383507250181,0.9913752472775585
262,2882325000,0.9973143307792532,0.9940075611584414,0.995845724801786,0.9930155520243514,0.9971233369535174,0.9951624081276013,0.9916399812260641,0.9953767340841061,0.9939138771065501,0.9935091338134586,0.9944800088613773,0.998078280366211,0.9941843801643911,0.9971174601521617,1.002613205324971,0.9942891331991188,0.9970622057869694,0.9916611408753413,0.9995681635203763,0.9952833303555273,0.9938710195722384,0.9977888122614409,0.9938253952059789,0.9957155048386355,0.998019408232363,1.0008658215650141,0.9912203360671381,0.9977512046252967,0.9965260494858512,0.9921840226188172,0.9943059918607341,0.9992608582171731,0.991410002746357,0.9996975539509153,0.9971381605805439,0.9935940610408152,0.9974488818289532,0.9954911164549256,0.9995914775104038,0.9978562975535252,0.9982058275816845,0.9935178902160705,0.994631088596747,0.998042855067269,0.9990684071665008,0.997409782414965,0.9951707507079172,0.996744989345576,0.997680027172684,0.9953406362965426
263,2882600000,0.9974143767123541,1.0002307014942295,0.9938784371138555,0.9970379210232765,0.9931718838536854,0.995617874046082,0.9949822165278448,0.9978832208388511,0.9933337735086023,0.9971498238206573,0.9974554315239079,0.9949130671859,0.9957907262276338,0.9928794459720535,1.0001511461296406,0.9940659192734226,0.994956580501901,0.9993652263947146,0.9912248825534459,0.9993643541788695,0.9944977135058551,0.9961037511276536,0.9944566062255806,0.9945766161191391,0.9968599940728634,0.9928436914507844,0.9937579808005702,0.9986838108338048,0.9944142580296766,0.9946023128520979,0.9961573386862794,0.996762901508017,0.9945335623285086,0.9945965706029012,0.9932899620000261,0.9924028774820981,0.9951506271591967,0.9906859433251635,0.9942835038702371,0.997683109169603,0.9957423075645268,0.994779724375457,0.9989114438085389,0.9991281761154347,0.9937188123266463,0.995084360815943,0.994994933280949,0.9979304300336,0.99632561383853,0.9965113257502203
264,2882875000,0.9947553246812181,0.9961384989385033,0.9959568475444045,0.9971157222096334,0.9912719108423655,0.9980357398715415,0.9934049074723463,0.9977281341645995,0.9977970946259872,0.9972159225133802,0.992782568125054,0.9971809013528992,1.0039560971675385,0.9957946614223687,0.9922153808131774,1.0021695050698125,0.9939516729963003,1.000547941345024,0.9942653261588924,0.9999941849968779,0.9968309329353864,0.9951276019188595,0.9983211852600714,0.9963245394912129,0.9911983893090317,0.9962819535116433,0.9992254975780751,1.0014950678296193,0.9957012987351936,0.9947299876060858,0.9938701040756419,0.995483584376822,0.9959429375736023,0.9967764479949293,0.992892835970693,1.0006011048302332,0.9934341368645728,0.997953487242837,0.9939963642709463,0.9948115451355761,0.9995778414196888,0.9944727306188501,0.9973464117415197,0.998053056798254,1.0032497628843622,0.9953004528597151,0.9993878613641418,0.9958408285845,0.9951260886021154,1.0011158421608195
265,2883150000,1.0018296638086186,0.9942993847363707,0.9977620552972897,0.9947357696075574,0.9914238991206784,0.9982700390019719,0.9944149448922333,0.9936095179358232,1.0013300886606442,0.9962502477373649,0.998250664864143,1.001218686077791,1.0024475629135803,0.9953714687203866,0.9975508595682819,1.0004426861215254,0.9905515100880585,0.9933241766468109,0.9930619594388783,0.9984707532600259,0.9955100550918842,0.9946024099404817,0.9983150086759904,0.9981204842915444,1.0007566848850107,1.0034798020970073,0.9924510973290619,1.0014292013419135,0.9951134994330395,0.9933850760251876,0.9959683813041148,0.994345001378782,0.9942804719005978,1.0009812606771191,1.0003484066787232,0.9962772410091284,0.9959796164208651,0.997527866852754,0.9995188990380413,0.9950898183873436,0.9954395989156315,0.9961000121355701,0.9972692743220528,0.9960990146661814,0.9920118106291925,0.9982385067919035,0.9957538321984388,0.9951938795268769,0.9951652042183057,0.9950165247325805
266,2883425000,0.9970479160400214,0.9986541484333313,0.9940138538929137,0.9974443656044399,0.998974873014284,0.9952378561050427,1.003748369275055,0.9933233370398253,1.0001088092469719,1.002217183671571,0.9978172319052057,0.9996013315098338,0.9930920964878768,0.9962700605861505,0.9971302521940082,1.0004322230368312,1.0014465891954294,0.9958157125401047,0.9976043269136161,1.0006541461735958,1.00040874303781,0.9974711216683112,0.9968981634877914,0.9957547894259994,0.9970016042401654,0.9964511845312286,0.9939472902006969,0.9990315877381349,0.9999125232146907,0.9999356995285738,0.9951885097236666,0.9942363429056059,0.9961250489839216,0.9987091031552198,0.9981264188047267,0.9989002903253276,0.9936192169498295,0.9985839290144602,0.9968431731382751,0.9915275207138422,0.9999691477176421,0.9955656510448179,0.9925673276943879,0.9997512261377469,0.9941133557675782,0.992866143837825,0.9978181225898445,0.9993386277955263,1.0003530310110644,0.9953256010485986
267,2883700000,0.9946350607238558,0.9952755203545055,0.9953664846352022,0.9951006464341808,0.99477809843257,0.9963706555890757,1.0022095263441777,0.9968015479775194,0.9984707069050951,0.9955799102975472,0.9979705548248414,0.9948071168582852,0.9995737330665886,0.9963708685282168,1.0027605898280445,0.9955392180280661,0.9977599169982396,0.9942704992086543,1.0009954071873535,0.9947198418081705,0.9975193845382507,0.9976390270393785,0.9927505857305733,0.9930923917761086,0.9945705926240522,0.9988840467695242,0.9962013785105347,0.9947426002875096,0.9946441589558758,0.9941802071915488,1.0027369428604263,0.9953602750432404,0.9988798742728495,0.9911796328982007,0.9945967920485002,0.9962501518887856,0.9927100023972308,0.9983929611262718,0.9950682577151925,0.9941464790331535,1.000418154318595,0.9975393234952252,0.9972179607586322,0.9887741417869205,0.9940188451764264,1.0000893937757322,1.0006581702319282,1.003721491833123,0.995710518270291,0.9936020126152738
268,2883975000,0.9981198404759671,0.9947511805660328,0.9984290405127632,0.9993565178237428,0.9900114353219068,0.9995216454717707,0.996845301674196,1.0000888497060123,1.0038453225109074,0.9935834587202615,0.9947137443273152,0.9944570113131477,0.9982784896828614,0.9949828946547948,0.9969444690193839,0.9918602386485781,0.9958175893453116,0.9948760695197815,0.9960495105985343,0.9972684377306604,0.9977269394294193,0.9953873885701967,0.9935728830829261,0.9986387351371677,0.9991587579110831,0.9985220334193234,0.9952208785832785,0.9968857387502458,0.9970844019243776,0.9933348050163707,1.000434352132334,0.9984888529884064,0.9917733154572108,0.9941887084385848,1.0049890311010126,0.9977008701019,0.9998372433127318,0.9958519571895734,0.992089748165165,0.997422509837069,0.9999557824045531,0.9936841452530039,0.9975722039082157,0.9974827893046866,0.9989869575255114,0.9963336877481557,0.9950246145357915,0.9909270401548615,1.0023329317379504,0.9985037171829769
269,2884250000,0.9982538151842997,0.9964250028024497,0.9959877859628561,0.9927606892808344,0.9919199716838456,0.9986638774815513,1.0018624838302417,0.9919676731386156,0.9927290467333196,0.9943833229339014,0.9936897734695928,0.996130273878608,0.9959876254606997,0.9938286655811884,0.9895935528857495,0.9967711405369319,0.9978166551823067,0.9948596873252364,0.9999551990166685,1.0009646737316351,0.9984887408879407,0.9978416241615772,0.9940851996640023,0.9932290295092345,0.9928420152096407,0.9981336521496845,0.999365234037464,1.004180307595262,1.0015551713850497,0.9950903931578633,0.9893995760130525,1.0017811408453927,0.99513935633987,0.9959254079350142,0.9958104661638495,0.9997448468135984,0.99369186954642,0.9966330120998707,0.9919643990492574,0.994246151506676,0.9984686371815837,1.0015827293403627,0.9956139683475463,1.0036531587001696,0.9974034226657971,0.9975028449033642,0.9964547237468268,0.9973877566636838,0.9986406265231205,0.9975700193512973
270,2884525000,0.9978297177228149,0.9944378065767702,0.9950230605777629,0.9958628847873932,0.9970879344361618,0.9983424370770629,1.0021679946182143,0.9969721746194691,1.002759726077288,0.9995503258242325,0.9995408457221014,0.9915370968308302,0.9919737047429881,0.9926067218722182,1.0008471238261287,0.994939466106303,0.9917112529554356,0.9980640837037387,1.0041929888176484,1.0025666598327474,0.9985436361232226,0.9927718548071685,0.9974620025137093,0.9931228954334664,0.9939539470382627,1.0031048146142152,0.9974543246278045,0.9945568636973404,0.9955838673141051,0.99766673145817,0.9977298213935389,0.9944803482455132,0.9953855137835063,0.9904729003537047,0.993237331561558,0.9941060960924561,0.9951316356790874,0.9981886200386314,0.9944533052821741,1.000186633251061,0.9995531913233932,0.997344553880738,0.9978825557621162,0.9964402801714998,0.9970688230196859,0.9927756841728007,0.9995508774947784,0.9926889673249021,0.9940969479707287,0.9930964506316013
271,2884800000,0.9932274660929046,0.9963464855848746,0.9969397610482016,0.9950501818557818,0.9968634919390224,1.000812702522647,0.991193891696736,0.9977888629380495,0.9938041020277278,0.9997887809979235,0.9981503431975676,1.0031354767649057,0.997286226230487,0.9983352467270816,0.9971384063710714,0.9986079478400457,0.9929700279109006,0.9995146670973281,0.9963956356917918,0.9963382552866903,0.9946008308907723,1.0012788748643981,1.0002415126708046,1.0020641629938596,0.9978643569087696,1.0004103930751995,0.9996361040670572,0.9973349792059011,0.9992041129062366,0.9939225959442066,1.001820461030619,0.9961639967386821,0.9999335408164239,0.9994152685798466,1.0000771980466987,1.0005735232354767,1.000540195223649,1.0027030458661355,0.9956328113688491,1.0012154991227498,1.0003489391066978,0.9994158385020971,1.0042719391195865,0.9930178955550384,0.9995961080537101,0.996565896053893,0.997556853505708,1.001389785453637,1.0044472407261762,0.9938219897309183
272,2885075000,0.9976903531797655,0.9970007045888405,0.999052208607932,0.9964909997994683,0.9975014778058031,0.9972056631274465,0.9980646891353584,0.9939188081189227,1.0020161710621889,0.9992819557032478,1.0005860403935498,0.999869352745528,1.0004867584659962,0.9986060771948493,0.9978619347617239,0.9947178493841653,0.9899150898988157,0.9940366685125911,1.0018255398708145,0.998339188634385,0.9976044583392852,0.993932288436661,0.9953289114618744,0.9982327215372263,0.9979669016409496,0.9961825853519183,0.9993352717942987,1.000719266510389,0.9998588004735239,0.9974331803591767,0.9986277325345767,0.9943482034028472,0.9994491267851038,0.9966061455089839,1.0013842173984444,0.9980545705860969,0.9963684054212029,0.995212974929736,0.9998543304307741,0.997387388069598,0.9890287656298791,0.994009965806166,0.9987494296062869,0.9928337265122761,0.9973277515335055,0.9954187386319429,0.9980174929357625,1.0001822498602082,0.9988904179117919,0.9962322297932784
273,2885350000,0.9950016718887087,0.9974974955664959,0.9995319879923792,0.9963005354009092,0.9996684145781135,0.9910828128928284,0.9973360259107753,0.9980195489655019,0.9992232697747052,0.9950176877004854,0.9958519024094994,0.9939747008926975,0.9965584440120104,1.0001664150794933,1.0054597149614242,1.0022608526328467,0.9961088519759215,0.9997254427099029,0.9976905947007683,0.9985943421423081,0.9993630014854313,0.9947145166148298,0.9955457060145461,1.0021951470770747,0.9942781264783306,1.002776775140786,0.9973222127750256,1.0000497325277518,1.0037760260529107,1.003052912421477,1.0008382419588049,1.0027252402787892,0.9934396205251099,1.001426111245563,0.9923664617902511,1.0017150942046742,0.9951731632065676,1.0027124416939404,1.003139751918298,0.9911721193556297,0.9996228615615921,0.9983896392711379,1.0015473130343346,0.9985891607983879,0.9995941751845439,1.0021523890301611,0.9919442790623375,0.9924274547440488,0.9967253573860916,0.9958886816047477
274,2885625000,0.9979972920931658,0.9956857010648533,0.9964076484457244,1.0038425095915615,1.0010273541117856,0.9986115944703167,0.9951512032840052,0.9929593463957923,1.0027324875665093,0.9970437900782075,1.0063207437478694,0.9965979713313763,0.996983509902203,0.9963153751625298,0.994324734132677,0.99634988915447,0.9979198147370643,1.003113454153535,0.9892658334586859,0.9958851976261538,0.9988111751408383,0.9981901730223022,1.0044834803122793,0.995516163488399,0.9955641136846861,1.000819870515344,0.9905720418644547,0.9964427412535568,0.9975945968332252,1.0013983695850663,0.9954311278022329,0.9933806426983635,0.9933469142804184,0.997263205038309,0.995772630942264,0.9998427596439464,0.9958514344903019,0.9980099570272343,0.9969607627211038,0.9962114524109762,0.9959811717214393,0.9971932174905247,0.995227749283589,0.9983940977417861,0.9962785940614476,0.9987519520464594,1.0036540672102392,0.9920868648868871,0.9961407391617614,0.9990893948967137
275,2885900000,0.998946679389503,0.992986241237673,0.9998457449639419,0.9963219798305946,0.9983470821739054,0.9958509074070016,1.00127803104158,1.0041162405058757,0.9982066567259651,1.0018728426602077,0.9968432928829913,0.9937596497033906,0.9966321354936317,1.001066845612959,0.9958610725133163,0.995616756748224,0.998820256477864,0.9970134084520537,0.9938889851253866,1.0001580831180754,0.9946644480644463,1.0020800710248041,0.9948900114167931,1.0014907398076198,0.996664600135267,1.0028798602905487,0.9996237752649226,0.9981413091897694,0.9928792885736348,0.9910395643197419,0.990216970227306,0.9991667752168442,0.9974590618579182,0.994614042690342,1.0004132035758795,0.9981756315258759,0.9976809924790614,0.9979419228395798,0.9988194043699109,0.9939257496483951,1.0000950489653126,0.9945054513031268,0.9972352102772023,0.9971288380726421,0.9958224558308787,0.9977856053565108,0.9940235473912321,1.0026834613193882,0.9975483329799087,0.9972256618060051
276,2886175000,0.9949350378774816,0.9936840890795834,1.00026372386981,0.998323788935925,1.0006102910996089,0.9999977509392594,0.998630575488088,0.9963453902281166,0.9967819778270196,1.0031766504697668,1.001164272694303,1.0012057433320667,0.9979795805320326,0.9944001279632951,0.9974380490489311,0.9966177285748512,1.001144137615076,1.0009253001311365,0.9975472052905802,1.0025297812297103,0.995934018208848,0.9992574423834684,0.997083086139632,1.0026452679667264,0.9976197543203805,0.9969006943373877,1.0015065787566666,0.9926844677948281,1.0028148158623895,0.9963098686219655,1.0009847627462136,0.9976312759516484,0.9957977690287151,0.9964751444152915,0.997668591791573,1.004282845774236,0.9997788489428491,0.9972265522597504,0.9983862797078327,0.9946611501103513,1.0002989059063445,0.9995948157809424,0.9984734980052286,0.9978996575331104,0.9942090534486033,1.000297039872132,0.9960868359893573,0.9956062276265829,0.9961445838797179,1.0032573010695938
277,2886450000,0.9987348928428791,0.997130444011382,1.0007649750724434,1.000844539594792,0.9981492825981286,0.9959856733847983,0.9969216363929506,1.0035490330305643,1.0025380264014052,0.9986722175922241,1.0026580829009046,1.00011766102132,0.998578677405935,0.9992967501777625,0.9976587278482252,0.998746816586469,0.997513045799288,0.9967323136014135,1.0007431101458344,0.9970976017430042,0.9981156366268628,0.9999610554339056,1.0001808254622118,0.9984169156134175,0.9933022536242394,1.0015638999275107,0.9975647657103306,0.9972067706115001,1.0030165343156752,1.0010602670047528,0.9964740052679929,0.9949336623388819,0.997150476235868,0.9967262785565056,0.9993882002888961,1.000120886124274,0.9950785764416519,1.0019006306446028,0.993545175919549,0.9986887823220304,0.9970236543394329,0.9992449888856711,1.0014963274833355,0.9972459883821514,1.0016093277667117,0.9952020056524928,0.9976790312690494,0.996148378250959,0.9964931653678195,1.0030408179054322
278,2886725000,0.9984414670862738,0.9970764584577688,0.9966425067333075,1.0023283525555462,0.9982542664355746,0.996712931803542,1.0023102337117873,0.9931816566374991,1.0012345106316856,0.9991750330301506,0.9984609083780089,1.0017617816923752,0.9971925990965107,0.9959721994573286,1.0003536282386822,0.9897184085736095,0.9974542975841997,1.0008496574095476,0.99726740454206,0.994730859353834,1.0007218459164477,0.9928240332809631,0.99967333412276,1.0017713956976368,1.0038157628498856,0.9899609312055304,0.9989314226977377,0.9962444821886656,0.9980582138351866,0.9994664197996921,0.9973623371806206,0.9967009888658074,1.0039373568033583,0.9955242239413308,0.9970050313133549,1.001856667858172,0.9928274094478744,0.9993754252575671,0.9943491459914481,1.0029095607778622,0.9951621098546997,1.0020269940050928,0.9938336175283102,0.9966478578654107,0.9978626993150167,0.9965142960818036,0.9995752846033806,0.9984873921099963,1.0003119367028355,1.000041125722025
279,2887000000,0.9967962200909994,1.0058806374120388,0.9962429892340814,0.9942851361976572,1.002572307720547,0.9961003110591731,0.9954530558924642,1.000003058335859,0.9955089994875891,0.9967507745003034,1.0039286028652947,1.0028990794706487,0.9976937379197102,0.9974129084083587,0.9938862378020931,0.9974212541049821,0.9995126791337908,0.9971645731174924,0.997403713173295,1.003481412761739,1.0003275023852198,0.9953294185152627,0.9987183900225091,1.0018962351246472,0.9985902684048773,0.9971544669892318,0.9936331894515831,0.9935976770866883,1.001307447123279,0.9966744869083595,0.993426143293944,0.9947206708547045,0.9936738636656071,1.000743552007151,0.9995983977350698,0.9973397229002627,0.9955776671752983,0.9986212601180933,0.9995198421601303,0.9998051229373562,0.9991166370400506,1.0012721836583098,1.0002535092529927,1.0015861792005398,0.9974085628413363,0.9911839347579273,1.001576056034801,0.9959042721898965,1.0047670472209718,0.99644481207075
280,2887275000,0.9981252599346987,0.9961622290758774,0.9969674583836802,1.0015499547378233,0.9972493953080434,0.9932043587248721,0.9990862567063088,0.9940943820971039,1.0000613373777458,1.0013506636811857,0.9947485142737484,1.0026582770585655,0.998140860026784,0.9997473049442382,0.998439586798849,1.002640171589677,0.9979930982447447,0.9974261982677227,0.9995262829833815,1.0008817954569416,0.9970450131040833,0.9972468691553458,0.9970145449852351,0.9952172567929105,0.9949506201963364,0.9986993451542618,0.9955947082466642,0.9952611477856186,0.9936659298312404,0.9968408418469717,0.9953995634982137,0.9986431091932674,0.9944516519853757,0.9979308964227315,0.9966839498120622,0.9991420787000448,1.0039874743734503,0.9998939544355235,0.9957167430487841,0.9980444293860361,1.0003098752606092,0.9993203410677506,0.9945916452923745,0.9971235420981347,1.000927885026511,0.9983387055788511,0.9982929841411244,0.9961071933263485,0.9976281012963444,0.9973975603019613
281,2887550000,0.9956717365632339,0.9939386859572088,0.9979807855900629,0.9984078532482099,0.9992295432399511,1.0037250653029277,0.9986827311331095,1.0011863397444414,0.9967055519006052,0.9968913862700494,0.9984597943579823,0.9990334833940459,0.9970542244374309,1.002428793975664,0.9991067429120988,0.997807686313822,1.0002353953347156,0.9970054476129999,1.0036145043417743,1.0043018668525578,0.9960119450434018,0.9983141909832914,1.0027862412821336,0.9960449462417298,0.9972661206173721,1.0005323150514631,0.9904796374466518,0.9945885601890951,1.0036490265037574,0.9955960040969848,0.998022612510283,1.0015943375405636,1.0046520783629462,0.999498940144884,0.997295517912311,0.9967982738138903,0.9976195459884964,0.9962091665758411,0.9918942347889463,0.9972282194944128,0.9993524927035145,0.9945818428747717,1.0011704861350608,0.9930080447949563,1.0027204881142915,0.997101844802284,1.0037066002506794,0.9985039617605489,1.0016405751174315,1.001477636987954
282,2887825000,1.0040756693894077,0.9967977010949709,0.9995558287479415,1.0016477242519848,0.9974661438639698,0.9993301884769461,1.0014148815042654,1.0046213180445691,0.9967383752826382,0.9995004849503958,0.9972769250763154,1.0013620712474334,1.0034997546109001,1.000329517938473,0.9973552780146031,1.0016304624315957,0.9994005312933765,0.9939751461972228,1.0053155366619384,0.9974627719213836,0.9968427815591983,0.9975450261401633,1.0004090212138421,1.0016960042680039,1.002046252734448,1.0012540510088552,0.9959315854741023,0.9973921825255935,1.0006322423094978,1.0004485048890779,1.0014491601346691,0.9970399978410108,0.9955167842490384,0.9976370396128499,0.995305536185774,1.0003718418752046,0.9962020148311321,0.9960836459356065,0.9929324620504438,0.9970904150816341,1.002460496323481,0.9999107991573951,0.9991678308719802,0.9946521702358375,0.9994605847702629,0.9951564994297715,0.9949296844266222,1.0020155141094786,1.0000243751249684,1.0021421732277191
283,2888100000,0.9969240212624185,1.0041757790475296,0.9964568857842103,1.0006905453777428,0.9991243592088731,0.9970708730075757,1.0011340313403125,0.9966960260211435,0.9982695387565924,1.0040613289627924,1.0015923589900353,0.9996382894642714,0.9982938990938894,1.0010014871577553,0.9949305604388717,0.9994129891758411,0.9948337793351959,0.9947078699763302,0.9967626706369648,0.9979908169387468,1.0017225087838741,0.9971401403098382,0.995625029837409,0.9939191716108444,1.0057683258445893,0.9991010213950309,0.9935427805533777,0.9992992139089443,0.9981391111965847,0.9963895721063337,1.0016714551089376,0.9990022041666348,0.9995938138412253,0.9990132102283431,0.9932234547779133,1.0004166420985927,1.001785980404047,0.9963625603401682,1.0015456170248729,0.9970219616066415,1.0035881793493,0.9970384182226509,0.9951814620092687,1.003463785577196,0.9970494896517198,1.002986093113383,0.9968223322835785,0.9990809139889195,0.991740867871695,0.9965377992766842
284,2888375000,0.9957089488035571,0.9980405096461525,0.9984985180721244,1.0022149270226668,0.9995326725368546,0.9968679049828623,0.9980258791189527,0.9940669802738862,1.0006715591597388,0.993189073317243,0.9955743017233447,0.9989578657302921,0.9999972332309811,0.9997747148087986,0.9959072425698122,1.0019102443600771,0.9967867473364738,0.9934101442319068,1.0005985152118502,0.9987546849365103,0.9995993696307601,0.9978413276176039,0.998654164950076,1.0033936746161312,1.0000126045652185,0.9933255771394744,0.99983398787772,0.9991216078263546,0.9984303858704308,1.0027867832730768,1.0017827949963365,0.9973029770476447,1.0022546892924662,0.9926097533888241,0.9977178332790296,1.0013229893619375,1.0000960796733256,1.0010177987663924,0.9956216441345596,0.9969319590062501,0.994974696824354,1.001008226968594,0.9951331302891933,0.9978250572440829,0.9996174792307989,1.0030129591866008,1.0026797760116577,0.9961731211564087,1.0005230429629053,0.9984943871842877
285,2888650000,0.9920506699329267,0.9966009327400083,0.9981138930446228,0.9942926690447217,0.996606921201402,0.9935101276344442,0.997758149603012,0.9982802147577414,0.9945952769090722,0.9980233728027769,0.9941572518532859,0.9975111850468352,1.0048151554782203,1.0002253640611602,0.9951859880822173,0.9983562043849848,0.9971302748084369,1.0026963221270935,0.9999466352305498,0.9989265382520206,0.9986128487418315,0.9975638510069714,0.9938884468015599,0.9970820320930422,0.9919187328937431,1.002596463679956,0.9995301149710857,0.9995108528850155,1.0008448301434392,0.9994345192184976,0.9929852974700796,0.998229759094375,1.0035954010670138,0.9948480608460479,1.0010498631690719,1.0001308544908196,0.9962944210762226,0.9985936286769774,0.9969705463426908,0.9937043219262742,1.0040298458614545,1.00947127202072,1.0018160458804168,0.9962436740756597,0.9968743567669397,1.0013682816711769,0.9931160304906982,0.9972896446227826,0.9955837592282596,1.0006119999337075
286,2888925000,0.9988889067346911,0.9926104027653192,1.0002156900680976,0.9998772702918315,0.9973941178257666,0.9951659262739253,0.9982640832978473,0.9967473823966932,0.998837385409839,1.003703298452467,0.9979588065874254,0.999675358048717,1.0003003167503606,0.9979657977122934,0.9974485414110018,0.9969179639436442,1.004384333423973,0.9966788065784286,0.9955482596107892,0.9971519930015504,1.0016264950159226,0.9996390345062762,0.9979566383506673,0.9988307605914322,0.996276120229841,1.0005372590883073,1.0004148766990018,0.9990325334064258,0.9987975665947263,0.9995045061524818,0.9969000424729004,1.0012765231872216,1.0003578423517172,0.9999804908587145,0.9918715208480515,0.9998380406875585,0.9972875955395873,0.994340943239916,1.0005796542552217,1.0029126732975582,1.0063110423718595,1.000431889627734,1.0001618149392548,1.0002905387911554,0.9961061270564469,0.9990958293896094,0.9984902524863035,0.9965423562839353,0.9982287764544802,0.9933476919394271
287,2889200000,1.003079277587093,1.0004527057313577,0.9947619746657063,0.9998515467106844,0.9978393645945723,1.0009887305171818,0.9991876072793547,1.002784635952178,1.0018157855467984,1.0019314047614973,0.997074514045287,1.0026982841097607,1.001364306591175,1.0055750912033363,1.0035952425157642,0.9979511027500886,0.9980707571128924,0.9972949001382037,0.9965735192460967,0.9995726605093537,0.9953948181672,0.9997825247342551,0.9995317675108283,0.9988006453365785,0.9976008054179666,0.9946621101060946,0.996390636813267,0.9989270075384437,0.9965664083512175,1.0023499200861898,0.9961531728497053,0.9971558543365289,0.996263580542543,0.9951409586972205,0.9975025801113113,0.9959193497255435,1.0017212875014039,1.0012222718706267,1.0028029045025304,0.9946428704112803,0.9982063115724057,0.9944777676615093,0.9989212936405639,0.9978125413390583,0.998593133731293,1.0048038637385817,0.9982886191580215,1.0026393246587066,1.0024018547405404,0.9974289387832908
288,2889475000,1.003757969528249,0.9995376393274894,0.9962031063650373,0.9935468012873214,0.9952498550036686,1.0043782188565304,1.0015551705870438,0.9943804137194668,0.9981798511283347,0.9955428784521075,0.9963858365975131,0.9976876890437443,0.998243895109418,0.9980926694224227,0.9971907819874342,0.9966480166233426,0.998482394492681,0.9999580483332369,1.0025401604689117,1.0009087282383706,0.9976217021922436,0.9992496752617193,0.9972449321709197,0.994566457138773,0.9938278877092321,1.0088173294526475,1.0082559037632546,0.9969999519433949,1.0029741410572743,1.001037252382731,0.9974542548306768,0.9965409847791123,0.9997293061188843,0.9918421181018527,0.9998866685802653,1.0012916631155866,0.99913875300978,0.9970576674117582,0.9975992409561156,0.9954173881457345,0.9989641069033176,1.0050446986790662,0.9966967771570896,0.9990500192003369,1.000178413512605,0.9955156800858698,1.0004778644290155,0.9964658533447851,1.0038016783570287,0.9944512486102176
289,2889750000,0.9996912530050628,0.9967528937419193,0.9955212588306644,0.9995209385495091,0.9955060151786493,1.0033001454604147,1.000163145895979,0.9981521743089264,1.00318015352464,0.9985016957318724,0.9961344671471614,0.9987273726634808,1.0016096617616708,0.9979129372187362,1.00270599645632,0.9948905861206409,0.9971742002273752,0.9994555873994202,1.0024688621654934,1.000744658257246,0.9943840687619729,0.9974584595629968,1.0004536531812522,0.9989087473600652,0.9942131219310801,0.9948514838809803,0.9984299799302458,1.0009469394863002,1.0005562089034525,0.9957073078110124,0.9950028302384891,1.0023518871769432,1.0012705379639282,0.9995596028780204,1.0010177818391346,1.0035537645185815,0.9982272914482443,1.0012669773064187,1.0022826957492692,0.9933695907871352,1.0008687706760264,0.9945683684727239,1.0018203158811454,0.9969434611274226,0.9973352467981376,0.9979079675469805,0.9979679546917853,0.995465236654554,0.9964183736845846,0.9923534789509247
290,2890025000,0.9961302762141503,0.9981558559827344,1.0000565900497345,0.9977259717948489,0.9962731854724162,0.9964410303115024,0.9996244663508627,1.0025060422146568,1.0000189467411464,0.9945111739872465,0.9927110035520614,1.0018606966097154,0.9989884087455123,0.9919809213575347,1.0000616233629847,0.9960862080648932,0.998114995094451,0.99905204450794,0.9959326442946725,0.9971113118092322,1.0004564213350606,0.9955157827185425,1.001495766853837,0.9986054241393574,0.9998101338900807,0.9942198007632911,1.000447199682129,0.9987899948819883,0.9948711834069199,1.0029983502696853,0.9992827398301379,0.9935709188806507,0.9988761990759478,0.9975663584477493,0.999795472781584,1.000479183577945,0.9999529468744693,0.9987867816316295,1.0010445144318534,0.9971537908660595,0.9982708338147472,1.0010405847497885,1.000743476388789,1.0029451263972988,0.9965629806814916,0.9959802506841674,1.0036680864724288,1.0008656594286034,1.0008036103419629,0.9984078821825
291,2890300000,0.997794400450632,0.9994754350044913,0.9972845499027313,0.9970187801814595,0.995791308160709,1.002305863794796,0.9935487354391288,0.99287633495697,1.001176047552951,0.9978534032745006,0.9946195231232163,0.9933608287444714,1.0019691858778306,0.9941382054307824,0.9984069330646981,1.0028769189611464,0.9989906910644388,0.9958830643171255,1.0047196036803574,1.0020305919812136,0.9982125954685951,0.9989011279022971,1.005615222327208,0.9950597062642945,1.0049120335113257,0.9937926532426148,0.9953885664277646,1.0035604738726478,0.9924384671222963,1.0033852950350277,1.0001436508709822,1.0008816301726107,0.9977440971941065,0.9939904157142728,1.0014593056906385,1.0025395857480455,1.0016259108058083,0.9940539998531981,1.000644836859456,0.9983828159675336,1.0064129987681145,0.9992062086631612,1.0014655485713269,1.0022071401100219,1.0004419336101744,0.9964522273743452,0.9930149312642392,0.9994277967187433,1.0016307501557733,0.9985912655855266
292,2890575000,0.994105022634029,0.9995045669284549,0.9996909960720708,0.9920621103142603,0.9984072226703211,0.9959765928767023,1.0019668372523394,0.9993027978785154,0.9970041545141628,0.9968089303468873,1.0064914429302032,0.999061211487668,0.9985253059196907,0.9992539780054881,1.002018939543184,1.000990336167131,0.9972153632382036,0.9996394171378494,0.995837170414123,0.9966759255365669,1.0002904125473013,0.9998167907152727,0.9992774135043332,1.0005807340364272,1.0032199824825703,0.9970181612780945,0.9990034450783597,1.000335811936142,1.0043343410761925,1.0014836977150992,0.9987148158773473,0.9971737064459841,0.9960308207711427,0.9970443959631535,0.9991238069125608,0.9943876091469036,0.9931970629996392,0.9982061797240693,0.9986051707091698,0.9918114467860596,0.9975632365755647,1.0053247541836003,1.0004990611267042,0.9980509654096968,0.9968174623788097,0.9972371144127069,1.0038423948094304,0.9960056378460967,0.9932884095817045,0.9977779840720612
293,2890850000,1.0010107237951862,0.9950079724161534,0.9953891198298959,0.9977871131790997,1.001042094412421,1.0030461794217131,1.0004289094677608,1.000907857134897,0.9990579252504119,0.9945159986126189,0.9986679500587895,0.9981299177791231,0.9957600158924966,0.9999564554310367,0.994264793624628,1.0014627426741152,0.9972700444126268,1.0033752716379831,1.0010771991691922,1.0008272325628889,1.003061705891913,0.9941883344858616,1.0007972356007686,0.997280622267869,0.9980427841771417,0.9991653972079475,0.9993620636875232,1.0025007614983854,0.9988567101176292,1.0020596598954743,1.0014976866341425,1.0014950564282923,1.0043986946952734,0.9970971580990776,0.9973657435223429,0.9994383322633187,0.9983691831110894,0.9969142257538098,0.9964486709848411,0.9985700635515674,1.000718308621634,1.000285337732088,1.0002344847201494,1.002036354034963,0.9973489411278434,1.0016599399245294,0.9992820358520019,0.9989142521702588,0.9943792923072862,0.9974600304509057
294,2891125000,0.9915304909629293,0.9950484522837243,1.0010441945578266,0.9969639415180498,0.996674987727792,0.9938555340834787,0.993100077681366,0.995695983284102,0.9963712354415766,0.9975615835437682,0.9954969838791587,1.0020198659812198,1.002669127171268,1.0052634461475893,0.9990425826440213,1.0020664394899372,0.9990617244852927,0.999406015201732,1.0009553385113221,0.9971684675150426,1.001921210370476,0.9931859640697589,0.9967036090709218,1.00088329476611,1.0004533302702858,0.9986357560135642,0.9978031814672937,1.0004412365726028,1.0000266921959742,0.9982462175430412,0.9970922232448217,1.0015481617697282,0.998903458455632,1.0004949981124982,0.9980876028301054,1.0005035729847274,1.0018061069257735,1.0056512521494163,0.9955321267950077,0.9995029352044271,1.000794258694245,1.0038182937917512,0.9967829881238146,1.0002331563165345,1.0003431770060354,0.9951618522080473,0.9938173355810279,0.9990328916682024,1.0002748447455476,0.9944800026976435
295,2891400000,1.003663997033111,1.0005428635639089,1.001564428697628,1.0024552450386313,1.0006525376977753,1.0001137415056023,0.998611671416257,1.003794608773383,1.0010110818341682,1.000838097044391,0.9990661955816136,1.0029437091365123,1.0009484583831008,1.002670931814164,0.9993145824926811,0.9986145012378,0.9999695177246904,1.0035086846957275,0.9940771486249111,1.0012394577005095,0.9983025134263699,1.0027154258467066,1.0013135596511014,0.999891982396447,0.993499551771201,1.0031777976148184,0.9987923138534391,1.0020445885337723,0.9989177388821869,0.9958297033617562,1.0024250835616177,1.0026079909821586,0.998014955047559,1.0017173700204842,0.9984861507541383,1.0015769644183385,1.0000597341990582,1.0071841854106394,0.9983543100585842,0.9986311486003302,0.9999837552046409,1.0000806290256319,1.0019431944166917,0.9935162654412599,0.9993402817940505,0.9933506985629206,1.0005877379897843,0.995086174598451,1.006914931995672,1.0019079632627343
296,2891675000,0.9953616941480514,0.9985564254256223,1.0045767944986839,0.9970775940686518,1.0036624439619175,1.0031315687245717,0.9964504633517928,0.9960513642258614,0.9968558748901011,0.9975221130371102,0.9940612229723635,0.9983452384467586,0.998383661800024,0.9994465212347853,0.9968055926695744,0.9984103727372827,1.0001709462274275,0.9961135895838419,0.999678844229444,0.9957962002087516,1.005185648410333,0.9993688128605643,0.9956741933781994,0.9948391856488521,0.9953159432926798,1.0019761159946514,0.998739704427476,0.9952545667751641,0.9972582630243431,1.005568391080778,0.9985440104462213,0.9958002400486211,1.000915330893881,0.9962668130526685,0.9949066011693509,0.9949932076103598,1.0005527597709236,0.9968286272488363,0.9987014783164752,0.9996489206697774,1.0010738564633015,0.9953733647278673,0.9985519474777742,0.9929447140072816,0.9976434291961216,0.9911171656644137,1.0003408749554499,0.9970939827233036,0.9896944748838916,0.9983643887484255
297,2891950000,0.998284269937834,0.9989080249651938,0.9961125235986007,0.996259789630642,0.9968138456775516,1.0009381044747048,0.9988984575190469,0.9972545614841607,0.9940421676081389,1.002607866971095,0.9967901812176477,0.9986088859874596,1.000991236909632,0.9992693834917539,0.9936679641264751,1.0013180129579684,1.0009474332044679,0.9930616048173375,0.9986094879396322,0.9943771626510515,0.9990450852556851,0.9963176232620122,0.9986122046607375,1.000260411306287,0.9913707531430972,0.9937082960692775,0.9963215501090346,0.9947577076294272,0.9984943503956114,1.0004054822592419,1.0026783186074728,1.0035912828773876,1.0004529130198774,1.0041265129508725,0.9963296847196156,1.000802161754886,0.9969360724115248,0.9970421207094985,0.9981765137712248,0.9976065581296134,0.9997684594179564,0.9961084920225028,0.998597734479655,0.9953927772699702,1.000322611648224,1.0036227193001883,1.0007312826750387,0.9965627698456763,0.9971491335067836,1.0008611177040028
298,2892225000,0.9969113946105874,1.0049498193127142,0.9960003897974913,0.9941598449848443,0.9974386193476191,1.0058365897722499,0.9936080033044291,0.9938814379200775,1.0041425619197968,0.997013010532401,0.9935764608193434,0.9985860908407973,0.9976558624009472,1.0045311890292452,1.0029203050765956,0.9983842331991866,1.0004135299580363,0.9959763662073303,0.9936906841725521,0.9980001160242727,0.9987775047651708,0.9955874276927582,0.9979071351032744,0.9993937926784743,0.9994878535431302,1.0045768568287257,0.9970213750139026,0.9958550369031888,1.001699488891435,0.9925558649657718,1.004791884018655,1.0038776090506314,0.9979400065812795,0.9963372147236365,0.9953194076584516,0.9956580117122585,0.9976632012969804,0.9991264574183288,0.9980972343308752,0.9961302970457125,1.0028231894063881,0.9949126990641117,1.000287931601272,0.9921816713907309,0.9971664205222438,0.9962782493619561,0.9967068495884963,1.0003981024432638,0.9999059602490808,0.9915214513203754
299,2892500000,0.9975264318178211,0.9948020572602606,0.9996999415609918,0.9995459511644097,0.9980842849529736,1.0017357205982385,0.9983167176665185,1.0008593336419984,0.9938802375114008,0.9972858578317348,0.994838006328677,0.998338245142051,0.9961057708143324,0.9959971299334406,1.0013248890469348,1.001033953825379,1.0010124933752467,1.003530711880065,0.9989420632514078,0.998717445212227,1.0035352325188578,1.0004151291819487,1.001381051388106,0.9954552879133081,1.0019619896232175,1.0029513826428442,1.0019679714641236,0.9969251123003172,1.0074062433348205,0.9964685153943789,0.9928209364866301,1.0015171410799035,0.9973442315651597,1.005226280725936,0.9996474432140758,0.9995263177911615,0.9981582080026138,0.9986956598930374,0.9921252425783142,0.9972182056575098,0.998972152089778,1.0049055026241058,0.9968126617337828,1.0024446044361204,0.9986011304897933,0.9987472458485505,0.9979848276584503,0.9983635594940651,0.9939412251414639,1.0015746010053705
300,2892775000,0.9972014222900081,0.9991361731248766,0.9952101710376351,0.9975203214791041,0.9919394110568756,1.0001288879507952,1.0050427414349012,1.0001567204828168,1.0024342813602802,0.9950010756214801,1.0007866539081542,1.0004720356299652,0.9993399821152872,0.9967082080471868,1.0005046915028635,0.9980701081673964,1.000994041847557,1.0029791438843922,0.9985568609115004,0.9978734044055084,0.9935704534044799,0.9923582042105326,0.995268607870507,0.9930713671279198,1.0008069010062306,0.9980591626611417,0.9973765947864424,0.9965855912764982,0.9985238317520982,0.9900497391878288,0.9982967077658864,0.9971939856217737,0.9998494422823675,0.9959389572658174,0.9971074101003455,0.9953388327090377,0.9981495354115407,0.9957156159282243,0.9937701789788622,0.9944527093766696,0.9968003687325833,0.9984409379912681,0.9896600604841976,1.0052169546060037,0.9927247001432212,1.002728606274959,0.9970613934011285,1.0039721616333843,1.0024829426232178,0.9976306103263608
301,2893050000,1.0001314788202615,0.9983808939525777,1.0015321681218234,0.9970810262912844,0.9950327717685493,1.0038819832013897,1.0004950318882222,1.0020291684422946,0.9989173913259838,0.9998445057862886,0.9938173072595697,1.0068566520226145,1.0046998267684986,0.99758345607005,0.994958570161213,0.9991357012486262,0.9964775709067965,0.9986519066671524,1.0041660360887186,0.9997854605684013,0.9964158762090667,0.9990290716761376,1.0008336037660506,0.9960063226019676,1.000237813485912,1.0002969849580208,0.9983932784139834,0.9982462959994945,0.9963649319337375,0.994474816218224,0.9952105783747202,1.0005048897473101,0.9991188258108716,1.0026746724571443,1.0032307706583439,0.9975463878840025,1.0006018428631693,1.0019067331236058,0.995193470117082,1.0009662754163111,0.9984684198916483,1.0057284029829023,0.9970793881783325,0.9973990424144841,0.9956551416647589,0.9978159009474606,0.9985261335869089,1.0026023198247034,0.9990868080571998,1.0045984418507792
302,2893325000,0.995852893547578,0.9951266951982991,0.9981022892966195,1.0021155582058063,0.9946762271126198,0.9988603964079537,1.0045539525083165,0.9994404516286258,0.9987161426373288,0.9995044122559776,1.001695566104775,0.9963326723733265,1.0030012184279125,1.0046514796880104,1.0022380958043795,1.0078022120188748,1.0011186863650545,0.9993522441728987,0.9968464420513384,0.9945940934741054,1.0041504432694333,0.9999320398530335,0.9994663994971962,1.0020637935058707,0.9977214206919248,1.001681866870502,0.9964909233359299,0.9958081020376646,1.003710982457767,0.9947679731372049,1.003162308679062,0.9966068641516781,1.0000288814740927,0.9956213422842403,0.9982300769616111,0.9967938339799665,0.999690990617343,1.001506963478751,0.9993226120154909,1.001899577875962,0.995901178472295,1.0009467106716972,0.9915793288197151,0.9985948612568876,0.9989178441430564,0.9967512904733391,0.9997729200858546,0.994374260814077,1.0031081923812983,0.9951494521376587
303,2893600000,0.9986019305397053,0.9995948850039886,1.0015735174787463,0.9981236887047246,0.9970754619715914,0.9984383192857518,0.9991241514385557,1.0003917309483021,0.9992099437540678,1.0031142007920528,0.99989529565527,0.9965592271452777,0.998779188726981,1.0044926691154779,0.9966450476659839,0.9983384521087738,0.9961462931777201,1.0033495294940966,1.0012380268561853,0.9987776265310945,0.9959711169397222,1.0000726494611363,1.0024535309058331,0.9991926154043794,0.995886516634711,1.0020715527355095,0.9999084674127671,0.9977390530377145,1.001847426003285,0.9953826697342996,0.9977245001225304,0.9981310548452257,0.9981436305097872,0.9935615007272309,0.9962155809649093,1.0002800778264487,0.9984503797610099,1.003283605338779,0.9928678459897691,0.9971678716461602,0.9981482023045426,0.9987168323365082,0.9960682979065345,1.0003212490507087,0.9963538634710213,0.9989670966741935,1.0022843845445766,1.0013532119397164,0.9981870782432197,1.0000664214344162
304,2893875000,0.9955632765991228,1.004013442453864,0.9982746488974145,0.9933462676967102,0.999083977797491,0.9988039829478758,0.9946185297163496,0.998753945304677,1.0014724536496944,0.9989944355377997,0.9980945440684552,0.9995861644091725,0.9986043101973251,1.0049582901243634,0.9986785544050483,0.9958670348804713,0.9989047105684186,0.996132078660388,0.9965056911253576,1.0009635268535555,1.0007387328139181,1.0028386996202516,0.9973825165192378,0.995880595522781,1.0045873092319326,0.993945116451006,0.9959913697555866,1.0081060530530348,0.9998148831348003,0.9978272653254889,0.995387047376894,1.0002032036945234,0.9966409140497735,0.9937190088139587,1.0001920543784022,0.999214509009941,0.9993384948981472,1.001882601977067,0.9961596736099312,0.9991929677568953,0.9961840740707786,0.9970813486584065,1.0007236008408327,0.9976472346615967,1.002979473723368,1.003759065247452,0.995273307729885,0.9970972643431956,0.9999626304652331,0.9990896653104562
305,2894150000,1.0023870787006195,0.9980132783297491,0.9967667686052191,1.0026413194624137,1.0026442692668902,1.0000821749242594,1.00287716139809,0.9959613406795496,1.0036907152243577,1.0020793546543443,1.0037552068514195,0.9994195001172491,0.9938847640732156,0.9992634977082565,0.9950769104180177,1.0033576210807202,1.0011063459685852,0.9984958322095521,0.9999137871326006,0.9965095724827561,1.0010926840123742,0.9946551440826463,0.999413060060274,1.0015495187470924,1.0040082509515742,0.9923787913374251,1.0006637663836009,0.9994423802021197,1.0020701276672759,1.0033103987189718,0.9978131190887803,0.9975058979273039,1.0032844806704193,0.9971082982996532,0.9976447420668677,0.9922212175503093,1.001011533987351,1.0015877292831081,1.0038714531371387,1.003159704442698,0.9980024992444474,0.9968264839484594,1.0014638934395788,1.002339916143623,1.0002461804201466,1.0038804151934373,1.0031570311665732,0.9965252809819753,1.0036469467740736,1.0010111289768182
306,2894425000,1.0014539845701305,1.001308589749486,1.0000727250323787,0.9938704286323755,0.9973168293618181,0.9945951391118047,1.0011459280256956,1.0003398348899277,0.9988776637822838,1.004770776650725,1.0047438517093454,0.9943387882087799,0.9947568926871208,0.9927547188113405,0.9941754921772733,0.9966661810690439,1.0024066435079666,0.9950869679397187,0.9981163329810756,1.0000432136218895,0.9980205620845248,0.9967504754770071,1.0004625207518956,0.9975468451013872,0.9977853326968668,0.9971729418422979,0.9978373823415583,0.9999498911310479,0.9975440298531733,0.9959534825265828,0.9968169667429627,0.9954926507474606,0.9962161731349267,0.9952245805495873,0.9989154680876453,0.998799658251652,0.9984210322950047,1.0020313195771307,1.0020894887687282,1.0044149152649573,0.9990430593254366,1.0000151377141604,0.997668662504738,1.000930927442495,1.0016849486670127,0.9991876115781009,0.9986695409031687,0.9935222817099298,0.9968071194242972,0.9978127002666168
307,2894700000,1.0047101752544714,0.9980886888429576,0.9994901218511054,0.9999369111988803,1.0009432592930896,1.0039193059768243,0.9961585143469137,0.9993044034158195,0.9990235770629433,1.0078042486255023,1.0026836605071199,0.9992822931738926,0.9993281607665828,0.9978862035328913,0.9990543395189014,0.9996321901689567,1.0026288003182482,1.0002656237373435,0.9985596299420204,1.0013200655664105,0.9970420737260021,0.9989329708798125,0.9975670614389424,0.9973546472523843,1.0023068469777436,1.0020889206955588,1.005855966094281,0.9940481470729541,1.0011198540369226,0.9991990956976636,1.0004645672286898,0.9949255397462672,0.9979845105953439,1.0038147188668365,0.9984621894672782,1.0032695742566586,0.9988900886595021,0.9987253810385627,0.995240469195038,1.001976895812933,0.9999175233368666,1.0025597062087301,0.993307795776644,0.9966518295966307,0.9961715033140588,1.0007111131718125,0.9900389245573177,0.9970293126430091,1.001769825454535,1.0012555886726648
308,2894975000,1.000425048502548,1.0049397118070742,1.0028768506787613,0.9988656861019468,1.000855929300709,0.9974855362764359,0.9935993075058354,0.9998436421705904,1.002811478122284,0.9945504669083741,1.0001786375372965,1.0000037396943326,1.00274070503144,0.9919038731896396,1.0009150139562046,1.002871087059658,1.0057037248240275,0.9952732953011373,0.9998465460880553,1.0025767134717583,1.0031293509071877,0.9961310725629565,0.9970263996704644,1.0014158333646017,0.9997567289300131,0.9976023051946982,0.9980937218153383,1.003419751996365,1.0019295596109916,0.9991799078556057,1.0035367698238515,1.0001685450357478,0.9993593198596046,1.0014233452622636,0.9970994588151076,1.0072755412473975,0.9974934774815317,0.9979157045063174,0.9986230756671404,0.9973714507319433,0.9991723657612689,0.9947240810015971,1.0038104760924689,1.0001989133705853,0.9983200442174992,0.9987273963681114,0.996963879652544,0.9967809206426029,0.9988533925507918,0.9997586967567674
309,2895250000,0.9932832440373074,0.9992743076640873,0.9992599814254626,1.0008479709892288,1.0010470850055142,1.0000307111060989,0.9944401365512364,0.995280767044066,0.9981901076685629,0.9980803580196711,1.0039764616207612,1.0040925975402393,0.9999313697086643,1.0028285935388117,0.998489098059888,1.0044909188874673,1.0016989387664448,1.0001258477918205,1.0009550305332424,1.0006271738414598,0.9999200444368015,0.9993616541809743,1.0005672107117132,1.0044742545122147,0.9986249178460981,1.0049729687059707,0.9945722908897352,1.0015316653186583,0.998959305435549,1.0012861285490593,1.002464854038804,0.9960778838541501,1.0021308251369923,1.0028849266591247,1.0032218321742956,0.9991710077525259,0.9981329057797577,0.9992038537511427,0.9956564584996493,0.9957069344304362,1.001189889496744,1.0023678080145373,0.9990361020554128,0.9979332278335039,1.0029904125157125,1.0051398580972477,0.9957521938085157,0.9975202399314655,1.0006502812002578,0.9978706446732422
310,2895525000,0.9965831845886458,1.0075038416288296,1.0011871546610343,1.001042626870576,0.9984767315926435,1.0025737620453055,1.0033213318539633,0.9991429870826808,0.9976029619895602,1.001151173107439,1.0046222593790686,0.9997845206890867,0.9919212177223039,0.9988802264008517,0.996850999404265,0.9980265687027233,0.9965401469447126,0.9953556605358302,1.0054120573804868,1.0009543876256475,0.9961169433721293,1.0000092060069006,1.0025790546885542,0.996383883941014,1.007006945713476,1.0022869418953853,1.0022557892140669,0.9968929146090137,1.0030528566687755,1.0026026312931993,0.9959491187049744,1.0001617132755432,0.990761655061672,1.0033006768711918,0.992943503898667,0.9967363669789561,1.0000531870571616,0.9965291066029499,0.9977829858354231,0.9929181802982655,0.9898572712181297,0.9981673615167287,0.9939224963413332,0.9993436051774313,0.9968679318148246,0.9984220341817898,1.0003005757928702,0.9968706354864968,0.9991322330582885,0.9969831163650762
311,2895800000,0.9969621411174885,1.0021052859032846,0.9995491738710288,0.9986169004536118,1.000179838930931,0.9988443510166142,1.0024863861206939,1.000304960236817,1.0030530513438407,0.9925798708786767,0.9978369108788308,0.9976678516270671,0.995376030671128,0.9972782431311829,0.9987679424414794,1.002629248277981,1.001362695525214,0.9965422894955238,1.0013270967653076,1.004441478092023,0.9963483245883387,0.9979528424420784,1.0000113937575108,0.9975385953701368,1.0009178905494334,0.9982368790661776,0.9967192048296998,0.9995743555705361,1.0045447075378469,0.9992543886683841,0.9938181566896361,1.0008749654967144,1.0004561776432161,0.9964934109454632,0.998866504960745,1.0041468891554788,0.9988375678201277,1.0033171977095798,0.9968528414796974,1.0055167212148732,0.995648779040789,1.0072820399900344,1.0016540302396886,0.9997835954211465,1.003449569565583,0.9968317541589978,1.0049275622010763,1.0030730460239166,0.9940809103665874,0.9971253615580722
312,2896075000,1.0015479374104375,0.9995557923786582,0.9975463930134005,0.9964784407472184,0.9949480551009074,1.002330189294316,0.9993191246580734,1.001428712080509,0.9995487446936847,0.9951195707230178,0.9964456919511946,0.9927335785713913,0.9956216481378038,1.0006858860389822,1.0033350434839299,0.9953551723225942,1.008450767596564,0.9991294029891574,0.9998302994792155,0.996397154816026,1.0014290640603103,1.0035801452513469,0.997032773585334,1.0006870631639802,0.9921334834194928,0.9951938066981023,0.9961054320341763,0.9993665237846201,1.0037543422811883,1.0020727383444004,1.0034357602304247,0.9987384202778065,0.9938197002856749,0.9977458851836624,0.9975439794979437,1.0004542732616981,0.9986812982105288,1.0025570253216005,0.9954159876242409,0.9977514515830954,0.9993737541259012,0.9972476993322806,1.0040322202781464,1.0004543028919268,1.000406047160282,1.0000051369941434,1.0066875015900827,0.9958083958991774,0.9992046641647298,1.0003298944050092
313,2896350000,1.000771348348846,1.003459234735392,0.9957524238822314,0.9960261578034088,0.9985368868432887,0.9982175068114449,0.9981360384940454,0.994471891302326,0.9967639076788264,1.001086955218467,0.9991908031001563,0.9956021707678403,1.006673056611479,0.9980880974732356,0.9999709080512371,1.0007548699578592,1.0044580874828524,0.9941623503108412,0.9972952910819103,0.9995824519499361,1.0013926316459782,1.0006424015741722,0.9976396665829581,1.0014601510241912,1.0022623817712855,0.9940315084369652,1.0046707922544604,0.9975498851013035,1.003758995947914,1.001493017047079,1.0014499147132385,0.9968088161325492,1.0014351943704836,0.9946138369651133,1.000711782048998,1.0003907381373138,1.000867881245528,1.0008329211085343,1.0000555782575278,0.9983637837889598,0.9985442945529602,1.0000275630757272,0.9991495662399346,0.9983329298388132,0.9964966676510583,1.0003658700305846,0.9943909071045562,0.9984487989556061,0.9976839443215958,1.0054951056176429
314,2896625000,1.004339884284502,1.000483226311657,0.99547434161012,0.9998757856572495,0.9994648795254438,1.0013714843699377,0.9946777275481764,1.0013118142324093,1.0019794282953265,0.9972857328561024,1.0018883581793556,0.9979315098085254,0.9988043934968486,0.9994855932916649,1.0064081675352157,0.9980306610152301,1.0039068884461542,0.9942028715549187,1.0000548539105045,0.9985954122351647,0.9991377831256409,0.9984593066099766,1.0028056705410144,0.9987409046953917,1.0070886672638615,0.9947055710580324,0.9981995087323747,0.9941239454288309,1.0011025009049401,0.9949947572695443,0.9993800359078464,0.994160409256421,1.001018946863899,1.0028657774653231,1.0000210048459197,1.0018334993367755,1.0006958036380855,1.0039476885847345,0.998764767895003,1.000413795532002,1.0023915179684857,0.9961745912883035,0.999932373829797,1.0004080291732609,0.9995450819239508,1.0020973554714894,1.0026294825254929,1.0069960431764104,1.003748444354487,0.9965938985428864
315,2896900000,1.0013366946885138,1.0042952067304107,1.0048055794941468,1.0042765312886577,0.9955741583773199,0.995031687244735,0.9991146838655686,1.0011514729962745,0.9962318400101727,0.9981604287765602,1.000497625092082,1.0008347338087629,1.000888057660016,1.0047674716734167,0.9990787637907107,1.002955088552588,0.9999358720591354,1.002052894002902,0.9987680336107269,0.9995998988779456,0.998028817178913,0.9962638151335916,1.001446059401843,1.0019277350832936,0.992219110446435,0.9909109473650157,0.9974620486633488,1.006322063044293,0.9983887111616585,0.997307612223776,1.0029874308690656,0.999595005153806,0.9996146448602483,0.9951243186121093,0.9992172741647863,1.0050767272710524,1.0021479129097564,1.0000871930860515,1.0033302416016652,1.0026769822639736,0.9997573859797745,0.9972629097804628,0.9990761371893664,1.0011567166166764,0.997828194593647,0.9973165220702809,0.9982087183665325,1.0030502397758683,1.006363193800649,0.9964494804919074
316,2897175000,0.9986352643617207,0.9970972734998017,0.9996240663530003,0.9974156359358551,1.0011536940022039,1.0018001021634997,0.9964285091002046,0.9994761291392305,0.9982832787893368,1.0008560406126996,1.000838132946546,1.003817153066252,0.9975432586231487,1.0014557503676447,1.0071014555044555,1.0002027067702657,1.0006120933886893,0.9956219869627996,0.9976036764805823,0.9992771522990761,1.001186234718352,1.0006919501487304,0.9999770695086417,1.001318660966611,1.0032822064992668,0.99354434648759,1.0035807707571995,0.9956285062534475,0.9973087158845718,0.9982241390260987,1.00254355920049,1.0023084869169814,1.0005967863670844,1.003384817933477,0.9985214922900603,1.0045873998478947,1.0050780645940576,0.996039484611304,0.993719764735605,1.0007165251649361,1.01029567813811,1.0002733883618034,0.9948972979498015,0.9957704701115261,1.0056923809784815,0.9969627673889807,0.9971251589299486,1.0017469028641786,0.9967017414095335,1.0001831658027824
317,2897450000,0.9996992462068058,0.9973519233426266,0.9971571453936611,0.9990229475367632,0.9998809474435708,0.9963857650344341,1.001236879855241,1.0032684319248881,1.0007248921640672,0.9996919454527858,0.9975470833895114,1.0005781581980153,1.0028901472843934,0.9960454052766229,1.001255825910245,0.9963087240505264,0.9949248497927848,1.0015759492846144,0.995440764221529,1.003183466416681,1.0021708839869758,1.001221891747822,0.9972200351715885,0.9977578932459904,0.9996775307787188,0.9991456926029623,0.9983757697579684,0.9956587204282503,0.9972610071389657,1.002578917654008,1.0032674858854511,1.0031122260268486,0.9973743569388812,0.9971618881429036,0.9956758749227169,1.002747731972554,0.9983255586788341,0.9964368549360666,0.9944854782505518,0.9985272194269968,0.9975547905612561,0.9996304208603296,0.9946596336691036,0.9969331966332349,0.9999783614206926,0.9994421555026788,0.9953457505843204,1.0015757477808804,0.9954929041828395,0.999471335731907
318,2897725000,0.9972111891037696,1.0049971759433414,1.0025285369541295,1.0011283310867567,1.0001834527213667,0.9972923534862664,0.9989382059216108,1.0031309685550602,0.9969378997122825,0.9993552324187132,0.9992456897933669,1.0008574832396757,0.9966261732116775,1.0023583400288871,1.0045377842230045,0.9993592759311968,0.9966811930527791,1.0000819681655821,1.0040094434424496,0.9943566701531502,0.9972672328804032,0.9996607642430694,1.002600554677333,0.9992730463956179,1.0018440904660737,0.9987953678606687,1.000746084774068,0.9968855810751458,0.9972295192422745,1.0002732423075147,1.0010016506581176,0.9993758632264688,1.0016133083231564,0.9988996923927125,0.994588518004704,1.0007294422966322,0.9988641443454104,0.9981216624026273,0.9970312829663348,0.9991497661229859,0.9998949733199383,0.9977470249813064,1.0011454863182137,0.9979273267590116,0.9981105050545045,1.0058000722417908,0.9966826456264475,0.9975581033946844,0.9995162324556509,1.0030588320199172
319,2898000000,0.9992770632270441,1.0033950735881836,1.002795902920824,0.9955885257619533,1.0002410836722984,1.0006751525761397,0.9984933344972171,1.0017505402644948,1.0021088227379287,1.0013964978458407,0.9966784644620911,1.0004598675754686,1.000686226561998,0.9984326414780602,0.999725158108424,1.002545563201897,1.0012307788520727,0.997661279871164,1.002212710016989,1.0021862522256688,0.998052790348378,1.001728601911761,0.9990148082895606,0.9927056690551203,0.9969232990727002,0.9941674616598289,1.0006729907302212,1.0007889018220815,0.9980503642879487,0.9998436562540683,0.9945290343700313,1.0009722804981513,1.0056659734565034,0.9986888378894054,0.9978515556851911,0.9985643870220017,1.0021635592239966,0.9974157837819583,0.9958593226441138,0.999959703839461,0.997584194817065,0.9967876084636995,1.0035714550698078,0.999649939275005,1.0041588296084136,0.9953389209980991,0.9977752417819798,0.9977428692239251,1.0012584421456836,1.0021396495726618
320,2898275000,0.9949107906837482,0.9948932848039721,0.9999736995767035,0.9975145992549015,0.9998505439904795,0.9984316071238345,0.9984718108410688,0.9999032640520418,0.9981997528559998,0.9946100922874781,0.997971756439161,0.999630501294668,1.001946641077021,1.0007326700650998,1.0031552802744035,1.0010364853926754,0.9999277970050654,1.0014379179373616,0.9954633923382179,1.0014068686535373,0.997990744508355,0.9995595388952676,0.9977092214475742,0.997815898074811,1.0012235712450275,0.9970920897630158,1.0008530959041377,0.9954918308929323,0.9981961028640117,0.9976610686962594,1.0045567109943059,1.0002828034153795,0.9955673964280827,0.9997453942583274,0.9962551511311903,0.994595397706208,1.0033049317537004,0.9997303584820636,0.998494620879322,0.9984697919827771,0.9983157715140798,0.9927264182040216,0.996315733156155,0.9998728874897155,0.9996393960729416,1.0008734498118106,0.9968213225676299,0.9990787585372899,0.9998331265192395,1.0004518943263119
321,2898550000,0.9991724567968147,1.001612959260317,0.9979552909686036,1.0003408122137962,0.9960375140776222,0.9952503084106799,1.0006068298308486,0.9978501646186931,1.0024219417382387,0.9982719606628218,1.001217016984928,1.0012117095858057,0.9990362286686663,0.9990810756706398,1.001667496950968,1.0000103768483015,1.0015180806893016,0.9987811066095397,1.000787633520585,0.9965971842591296,1.0029797751881613,1.0015465044278904,1.0027166940963912,0.999010286172698,0.9970669811629967,0.9990106498062626,0.9986682261489238,1.0024938512235297,0.9989977155279973,0.9980723984659141,1.0023003469254688,0.9979343999478635,0.9946892240969256,1.0065880961046112,0.9979126651240059,1.0013932493672928,0.9972233245790597,1.000641149009902,1.0005966180628392,0.9989487137159003,0.9978432512094589,1.000310834546007,0.999317456758067,1.0004864888784502,1.001335765321577,0.9998945776582305,0.9998714468499222,1.0043258764025211,1.001097568211641,0.9964623919931769
322,2898825000,0.9975203714920922,1.0055157169316031,1.0063750843841734,1.0006459288593479,1.0004664960255807,0.9955358872343971,0.9946691869514698,0.9990354026983489,0.9994114662874519,1.001243941784232,1.0011864250910856,1.0017323686344446,0.9948817586658224,0.9995102056988497,1.0010743864380274,1.0017912327056866,1.0020948640079712,0.9978946363043487,1.0061334175862697,1.0074964606278916,1.0011984728995589,0.9984592682159159,1.0027187107814217,0.997168102304048,0.9972049046434185,0.9994941777864724,1.0000812943999193,0.9986806434012709,0.9977432654857283,0.9977414167116081,1.0004732371138811,1.0005633263443114,0.9986667780324459,1.0008481001284788,0.9989088447766649,0.9980103283119618,1.004822934302437,1.0030137898578682,1.0011918469365408,1.0014266217554653,0.9996960061370062,0.9986707301932876,0.9997561109143249,1.0025077468201167,1.0024028622387158,1.0006062803955205,0.9939457283428748,1.002187738426521,0.9980074368470001,1.0061813457604045
323,2899100000,0.9983046794053093,1.00354703453984,0.9980392435130485,1.0013301699496566,1.0047842064250299,0.995867686828772,0.9972213514291547,1.0024636632259887,0.9972602394238413,1.0026583296232379,1.0007280440258937,0.9943895916976776,1.0007184753316172,0.9970599034968703,1.0011086828320928,0.9997730064474145,0.9992015257342252,0.9967786456276788,0.9984718344413519,0.9994519953430876,1.0026377941306777,0.9938650884857483,0.9967899160045395,0.9969780546869496,1.0056411309513271,0.9957153647544905,0.9940529000461191,0.9971589810377695,0.9979471877521726,1.0018692982267474,0.9942988621449074,0.9982223604307383,0.9989934272646034,0.9988703906833709,1.0006543096137834,0.9998057222390255,0.997780644711058,1.0006209268085753,0.9915514574498144,1.0012800447877181,0.9971930445439317,0.9938908944085938,0.997223992553987,0.997420209369206,1.0027590242570676,0.993746688017087,1.002314069619771,0.994972664762477,1.0041243336376433,0.994622149082025
324,2899375000,0.9942385544170981,0.9979017148991223,1.0021968426467793,1.0026066520971282,0.9990872218586356,1.0008925604308372,0.9998896874278009,0.9968621348964093,1.0018842201297389,0.9976649547143782,0.9989962045860221,1.0010394749501177,0.9976504856106779,1.0003029242687178,0.9996215604023924,1.0023534186851266,0.9987854330014909,0.9998038845942293,0.9962586825989619,1.0011078170564909,1.006908056343603,0.9992709967885319,1.0022395035061233,0.9950741411151255,0.9967263226297065,0.9969484815203992,1.000878257477709,0.9990979718463224,0.9991401007339988,1.0010825225716795,1.0059493998956992,0.9953381278038377,0.9994844078530014,1.0010541771383166,0.9951739477476228,1.002002998854014,0.9996983074861345,1.004363224091958,0.9990548100011568,1.0000233916418024,1.003510497885175,1.0007522217692781,1.0079156036551196,1.0061443204593792,0.9947738235812567,0.9962703652545282,1.0027268419034634,1.0018707697062905,0.9996725452523325,0.9947399061861316
325,2899650000,1.0010656316018423,1.0045158064315198,0.9944130071251656,0.9974992485306634,1.0009076006235829,0.9945246601779455,0.9985205579438174,1.0031860198009077,1.0046303291566796,1.0027181868264394,0.9970323060752553,0.9988402089879613,0.9980539005571916,1.0032608253701594,0.9991670870475998,0.9954530283494145,0.9999315431732249,0.9969649305652906,1.0027211788609465,1.0016349569837053,1.0055763231751491,0.9982664273372426,1.00001505564653,0.9970138115948166,1.0024473416338335,1.0011238595180707,0.9978171843263098,1.0025994603705544,0.9976486438617184,0.9982537678774676,1.002730601254681,0.9975583820855065,0.9995336044108706,0.9995283969756148,1.006497632057461,0.9986963860561335,1.0042190039761387,0.9977514951771578,1.0004315318296406,0.9990025941101364,1.000806036541112,0.9984905878156624,0.9966926146726364,0.9998609480906988,1.0040543810197045,1.0003742653146959,1.0019392058287726,0.9941903602135236,0.9998084256842323,1.0060129285912351
326,2899925000,0.998977412845696,0.9981474962801047,0.9997647608365715,1.0009528151702756,1.0074265903677315,1.0002965424757875,1.0009610039578447,1.0003789802543037,0.9980183974228977,1.0011016093627358,0.9968226037600991,0.9928716120246555,1.0048121031340487,0.9929319765770159,0.9994287311629777,1.0045617926086905,1.0001926904242149,1.0024932743335004,1.00046423136626,1.0032185411832248,0.9972835524346778,1.0017296984296333,0.997077283425869,1.0032612038488393,1.0011906172815468,1.0035741653219692,0.9974642069856353,1.0039995063710376,0.9974418116294455,1.0020273048880168,0.9942855014514825,0.9994338768421928,0.9993132006519301,1.001736131796002,1.0009933450742987,1.0053489380980933,0.9990750063295963,1.001648126992999,0.9993632550267821,1.0009881157429266,1.002271898337164,0.9989952903575697,1.0012007267754355,0.9967306148138751,0.9936020035847076,1.0026015688261012,1.0021200039651834,1.0040778975857598,1.0010078596935124,0.9971704981551338
327,2900200000,0.9996547224487625,0.9943697688733781,1.000158689918356,0.9945901725533904,0.9941503740751659,1.0056683401618784,1.0011441905313245,0.9993938347209028,0.999516055610471,1.0040977678718128,0.9917169257417677,0.9963517435338213,0.9998311592712968,0.9945238773021703,0.9985386142151984,1.0024701559804958,0.9987433425376542,1.0005571648617584,0.9985223901334718,0.9952051269267307,0.9951590325589481,1.0015908164334113,1.0007188629979997,1.0038715929084663,1.007158661495341,0.9937533840960084,0.9967257405786522,0.9955910524243226,0.9966532449683858,1.003662936098091,0.9971155963853018,1.0011498169504032,1.0028060395950502,1.0018236883986074,1.0032444575437742,1.0023050886716554,0.998770481829077,0.997079752269304,0.9983252501852704,1.0016254895549246,1.0037772752197103,0.9993948270998929,1.003702514016318,1.000671032584964,0.9985345833550475,1.0050919093700335,0.998468694838021,0.9941178289841739,0.9996222326810377,0.9955332841911234
328,2900475000,0.9999154181630983,1.0032309593862963,0.9993056621565032,0.9990356579877965,0.9988676293296347,0.9998149984109997,0.995610505516714,1.002603378991554,1.0015323127128637,1.0026625863901106,1.0052243870028994,1.004270005943147,0.9980061251595319,0.9984779483258142,1.0014628289223042,1.006239660482989,1.00279038249123,0.9995875288455065,0.9944120748889358,1.0028850114021737,0.9961862804947693,0.9984388566819433,0.9970841918250064,0.9955765518792103,1.0037739418522635,1.00028165367947,1.0015088838186623,0.9959726871202257,0.9951985332955774,1.0036362835518424,0.9954490849218948,0.9977483823023303,0.9978096799627988,1.0029509873771743,0.9981246053495371,1.004676111974969,0.9991181337464933,0.9976271054710286,1.0011500780464422,0.9991716036401819,0.9968006002718369,0.996200981395734,0.994616795302484,0.9963422522051727,1.0001337257225138,0.9978688286709644,0.9955487791359947,1.0016069293122531,0.9943591335266524,0.9974167824111517
329,2900750000,0.9990931354187728,0.9972518279831112,1.0009780796443268,0.9951817512136403,1.0008217993516368,1.0059844009268706,0.9975840523418711,1.0019416478804613,1.0015871197628858,0.9965588753818155,1.0018549701502744,1.0004499624861454,0.9967035764406472,0.9993735851445574,0.9968868086332617,1.001353504254282,1.003005458045147,0.9995150043082234,1.0038749763355475,1.001597728179774,1.0011163291060627,1.0021063013671254,1.00055211004085,1.0059153517345059,1.002464499349696,0.9944703681514908,1.0025783782451732,1.000529913894351,1.0011816463044265,1.0055910511042572,0.9981055798186823,0.9930247461904291,0.99703373708652,0.9945158112033723,0.9980556100751089,0.9997556193320456,0.9991690856106775,0.9970296451061558,0.9997130868795637,1.0016071562399314,0.9938443121559642,0.9940294070389123,0.9944366571372508,1.0023812081096866,1.0010253521713137,1.0045738795898143,1.0029947300200244,1.0036392439345732,0.9963432805511763,0.9979434568332105
330,2901025000,0.9956446462485433,0.9981972238576258,1.0019747355345112,0.9934919975823733,0.9946400340336593,0.9972961983026448,0.997114385688561,0.9948673615979597,0.9965967379448598,1.001017162650641,0.997836233811718,1.0016836558547217,0.9990031671258875,0.9961945369862252,1.0019302222108335,1.0030925751415187,1.0006942041538736,0.9957949601545226,1.0029640329750749,1.0041169674137607,0.9986893422952837,0.9956522883448969,1.0000650439211551,0.9999924805108975,0.9973391114100256,0.9976551545354128,0.9997102455368735,0.9958226882101684,0.9977302727659427,1.0001468315078537,1.0034766222750864,0.9978808952783697,1.0008897757221618,0.9978923048767562,1.0008644162651141,1.0001300550473702,0.9936721699410132,0.9977160152148618,1.0000019022258375,0.9991535487129893,1.0007818676398712,1.0020439506818541,0.9976721946200631,1.0008583088194654,0.9994430128996327,1.0003404898147759,1.0001163655557224,0.9956383413210204,1.0002628558569466,1.000157427389489
331,2901300000,1.0015402235385835,1.0003979460007886,1.000008927558568,1.002429937533871,1.0033742868846582,1.004256473065923,1.0045821914588169,1.0049160923386369,1.0018006084231121,1.0001837576775312,1.0036503662296532,1.0010220542603527,0.9962406498864197,0.9968713255387989,0.999467924329824,1.0011037734587818,1.000066942672662,0.9977264899663957,0.9969912918153951,0.9963725282228159,0.9950654062524711,0.9995142478140431,0.9942063797738565,0.9948161252141163,0.9955111414677644,0.9984295254067393,1.0018737494714929,1.0003677692800774,1.003457934503854,1.0035412033144455,1.0016756975577776,0.99907957337104,0.9987541159760432,0.9971381418339277,1.0035383928868173,0.9938213673775472,0.9976796710966666,0.9964487276300367,1.0021507297877197,0.9961111422458916,1.0040340640390015,0.9989642940497323,1.0060083635679669,0.99895408902609,1.0030755745356656,1.0049500993360692,1.0009640518724263,1.0015821789661463,0.9984327114557833,0.9978789077174637
332,2901575000,1.0030911937353277,1.0045976652666715,1.0047589397497303,0.9972404516535782,0.9911021090916383,0.9989116731175759,1.002581078491107,0.9979653636248853,1.0002143389809066,1.0007135227939628,0.9965411073951277,1.0044877974797934,1.0000154587111623,1.0047077358960896,1.0015256317112557,0.9977798590346874,0.9993988264209896,1.0011752115106793,0.9991684641228701,1.001069755943082,0.9949483646913153,0.9990563711475621,1.0045429069298286,1.002376643106718,1.0034563884048173,0.9972815065263829,1.0025263444287047,0.9985793880092453,1.0024875312975958,1.0014570277243602,1.0000488672322971,1.0013293500435811,1.0052119331130815,0.9960291326446591,0.9997086264170394,0.9994467759967472,0.9969943586653148,0.9978057840949129,1.0006833413939726,1.0050339084093072,0.9982580709881655,1.001471197847413,0.9994201406857679,0.9947742496684523,0.9955367321535397,0.9998756576362838,0.9976516425175761,0.9998185678285125,1.0028416930743518,0.9941479849231187
333,2901850000,1.0012608863177748,0.9973194529579453,0.9979029828600483,0.998238784558083,0.9991152357627097,0.9896713974403202,1.0043954295312885,0.9970797149303795,0.9942518437781354,0.9971100920907223,1.0067137519348093,0.9942835124304746,0.9995514108043317,1.0051598860143034,0.9945762386763092,1.005123377851677,1.0039365800467421,0.9997094906589157,0.9981694141870373,1.0068745386936175,0.9925321301637916,1.0000981583195971,1.0039472332700867,1.0056327524497302,1.0004468975687173,0.9975919487097752,0.9992501005065861,1.0029100544985374,1.0017242842216678,0.9990235227703187,1.0017844393260684,1.0078259631011532,0.9947945615598278,1.0073037460828733,0.9977387145311672,1.0002934144364803,0.9976761349081962,1.004449117874213,1.0013194918612098,1.000142496125085,0.9993108843353493,1.0008146211384668,1.0002413513063555,1.0001957788278935,0.9962860271911373,0.9973311890259879,0.9969122265667224,1.000471974554924,0.9979796711066549,0.999563480160391
334,2902125000,1.0037375512754678,0.9992062838229485,0.9991362755495129,0.9968123593011324,1.0045881576915991,0.9993465416144166,1.0027785738225696,1.0039323449519613,1.0023780522943526,1.0045323503010077,0.9977789903383963,0.9982170052785994,0.997515873071698,0.9968406732058066,0.9996879769524932,0.9981732373806624,0.9984404559335257,0.9979655698468114,0.9982003343619548,1.003491187340982,0.9992562462727677,1.0009036007900933,0.9985136492721799,1.000838173734989,0.9992644930800854,1.0038659622769293,0.9990682298625455,0.9975317584029968,0.9961962735879628,0.994356759811615,1.0029447297561616,0.9964702901977494,1.0065075040907114,1.0015913977470612,1.000033303573357,0.9997827784690395,1.0019154095663507,0.9984898086581735,1.0019708022992182,0.9968606929335483,0.9989440890425687,1.0020010397951176,0.9964070816095902,0.9999947147223478,1.002621194785638,0.9990819981104826,1.0006317341045259,0.9962791296729959,0.9969711742383733,1.00004963240787
335,2902400000,1.0027265734707418,1.0007838783548288,0.9952999287848907,1.0007306356632573,0.9933319250667261,1.0039101437449125,0.9931696676667591,0.9972609632275236,0.9976302888339467,1.0049592758250148,1.0027122884273951,0.9987100075876925,1.0014746931366905,1.0000272033460376,1.001775164859257,1.0008505330934376,0.9984785386881445,1.0055240736823305,1.0001116387266316,0.9970678237159555,1.0032133555310077,0.9949464303478983,0.9975540640931252,0.9999522107674748,1.0002903724448375,1.001958307913068,0.9961642915575325,0.9995239809840635,0.998890005548958,1.0027446802022368,0.9961974957409053,0.9992386196162301,0.9941776370586931,1.0006613901037513,0.9954121046743695,0.9984030998008879,0.9944232463442269,0.9992849792483012,1.0042148122578913,1.0064840933726191,0.9964909356097998,0.9920163871524577,1.000705659462864,1.0042139060050752,0.9971386086065686,0.9990975954095785,1.0003003084692508,0.9973740746882247,0.9972394689169332,1.0029945851907438
336,2902675000,1.000897004814226,0.9982261422711425,0.9981582507063506,1.001111528533606,1.0007200828905676,0.9963835242639253,1.0004194033872513,1.0028310207213431,0.9940725268488775,1.0003111636534894,0.9940517407768026,1.0018600394108899,1.0006142280421213,0.9988582763283482,0.9993932114508725,0.995439907685573,1.0003721317563636,1.001903229136889,1.0049380194455564,1.0007268956044666,0.9986178210504373,1.0059458840617619,0.9974554790717064,0.999113240409446,0.9982958970838001,1.0025760211804775,0.9953070044157372,0.9965024570462828,0.9990643057256577,1.0010107829362418,1.0038014072334938,1.0013777262507517,0.997099685024175,0.9958991899750715,1.0023778202622975,1.0004913181297845,1.0034500465292846,1.0083220346696984,0.9976741433456932,0.9994591489815071,1.0017130886156462,1.0010307967425107,1.0001525204280988,0.9996478309616,0.997687718774789,0.9955050781191863,0.9955086253352009,0.9970586748152486,0.9951188070652611,0.9989131679769485
337,2902950000,1.0023828178139897,0.9986678225056689,1.001468376109542,0.9983261871391459,1.0009977487691415,1.0006638044788634,1.0002325927686178,0.9983264664919681,1.0039256191973145,0.9957825940907522,0.9979118336389706,0.9991518191350107,0.9982021531958961,1.0067558729394557,1.0020968851875802,0.9974475499314319,1.0040474473494425,0.9997213095134175,0.9897574217336362,0.9964415442440476,1.0057599627373002,0.9993331184539839,0.9916236659912844,0.997744080461624,1.0030002020649038,1.0006679863848382,0.9996642560759267,0.9997660127098579,1.0052864995899113,0.9974945072079919,0.9986248653705487,0.9962156397859001,0.9965022374804412,0.9961535902470124,1.0017467983218695,1.0022154358833841,0.997378560286844,0.9991765606664712,0.9938852177806993,0.999054668005307,1.0041652275551736,0.9997001960512611,1.000835210336127,1.0016150454149313,1.0016191077833778,1.0034364585557656,1.001164078794482,1.0010313210954622,0.9981840449925754,0.9972182300514592
338,2903225000,1.0002585659647265,1.0002874238989519,1.0024756155192758,1.00332426744128,0.9975218824386247,0.997906419022652,0.9989520546775421,0.9960561044322382,0.9997306161576047,1.0057472521755368,0.9941970266847028,0.9967773992029932,0.9981460766220693,0.9965026744714482,0.999983277475859,1.0021566940471622,1.0014995364741357,0.9974092301103111,1.0019140722518836,1.0044483502376584,0.9961287904597488,0.9996758947515836,0.9947801520675482,1.0010600100122633,1.0015997683132818,0.9971558297904801,1.00236946999628,0.9982662338229672,0.9983876803113421,1.0005901791122218,0.9983453594143127,1.0047976687298508,0.9979303140126535,0.9965611342080288,0.9955919379643842,1.0005260893389247,0.9981523800238734,1.0082483001266995,0.9971601572505499,1.000004972942435,0.9981873332588549,0.996698878938087,1.0017583705167554,1.0006019135277158,1.0014482580350665,0.993268139568738,1.00144321388489,0.9992789626871962,1.000249193317484,1.0047644973487202
339,2903500000,0.9987176432865013,0.997698578385511,1.001574943212245,1.0026393144268955,1.0001726525293917,0.9957260686266197,0.9982139448132399,0.9950185863522539,0.9998843006709627,0.9973724445802844,0.9988516935943773,1.002764028180215,0.9959093608788027,0.9991090390358545,0.9972888746711271,0.9972986326652445,1.0000888358828157,0.9988817964043692,0.9997345267813067,1.0005790402278245,0.9944345385625558,0.9981158387463693,0.9978053353048738,1.0010562397782627,1.002668973873823,0.9996641585324517,1.0056632711912172,0.9978799757490094,1.0043530762863444,0.9982235101070481,1.006882592339851,0.9986306530549367,1.0019478534554631,1.0020316459180196,1.0021384973533318,1.0048639245594346,1.0003893807952522,0.9992596055467035,0.9987389472185036,1.0007931257279328,0.9962119218758821,1.001348860011051,0.9956209710519327,0.9957495678094404,0.9963730335515112,0.9975509127839732,1.0032016983431056,0.9943084797303484,0.9999449531052882,1.0019602259877884
340,2903775000,0.9975831244878917,1.0012565054165958,0.9946141160966971,1.003403793234306,1.0043744124116818,0.99649197949292,0.9945326716017586,0.999729234110028,1.001170318139912,0.9995128112343424,0.9963673469312714,0.9914968487985083,1.0033068793079407,1.0013833563029813,1.0023991084777473,0.9965184996639975,1.0006339766525407,0.9979577314058872,0.9951804053364219,0.9965785076165239,0.9950297786900413,0.9985607724044292,0.9984290677600745,1.0020155222598521,0.996739906342742,1.004054282577802,0.9997153035694265,1.0055692796128184,0.9999550198887796,1.002184530754283,0.9959125092138346,1.0021908819803882,0.9937334941060323,0.9942607632071961,0.9940243807936232,0.9992106226860313,1.0014604945418057,1.0035897847536033,1.0026385797337176,0.9963666281223147,1.0035120532713027,0.9947028530657301,1.0042361318897246,0.9990498455652618,0.9986698203669748,1.002650175531584,0.9991524722876958,1.0030051168930243,0.9974329713874313,1.00320368771612
341,2904050000,0.9999724923130088,0.9992519479830424,1.0012329876485089,1.00184454484632,1.0008146626427303,1.002358046306071,1.0001888878067853,0.9990187021837712,1.001182944621253,0.999980518257533,0.9968794179147471,1.000983372443915,1.001272271933381,1.0040447072440304,1.001688934439896,1.0013524806376928,1.0014999478535052,1.0009540303116298,1.000853245833741,1.0050010302266483,1.0038192102632426,0.9987905023812648,0.9990952957685468,1.0004280481499839,0.9972148842249327,0.9982612392435452,1.0017323121304111,1.0009894307046876,1.001608730577886,1.0026672989047027,0.992315374319342,1.0022781712184923,1.00102167413346,0.9952269098155893,0.9995040265553801,0.9991292917684161,0.9984317843066451,1.00006137148257,1.0000341828444765,0.995469146354113,0.996337370294879,0.9959379613355637,0.9960375881689016,0.9995489133596173,0.9999507883498775,0.998354740544481,0.9950259667719953,0.9974381496700462,0.9989834069932141,1.000516340571395
342,2904325000,0.9959146458071156,1.0018205322170555,1.0024484487958136,1.0019833875829347,0.9943018414371771,0.9968757494541632,1.004848709157776,0.999170740590871,1.0014016353475474,1.0022381788810077,0.9977574809883756,1.003577209124602,1.0066275729210468,0.997289574794325,1.0038554817507783,0.9957999643628059,0.995442738176838,1.0032192504793502,1.0002448798536765,0.9990500930164881,1.0019666545311354,1.0046187236184503,0.9969759703324605,1.0050874747734477,0.9988744608520714,0.9975964752125365,0.9986291654317779,1.0006071814078314,1.0013463415446922,1.0029548489812947,0.9982455522195641,1.0020937573785353,0.9951199093925998,1.000086857442638,0.9974549878994707,0.9939635721494137,0.9992423562989705,0.9996594848470113,0.9939179710900332,1.0056971002050448,1.0057765214744585,1.00083342610931,0.9996448112584853,0.9929414466581462,0.996130950535753,0.9959985224323691,1.000800699438823,0.9988420552808913,0.9999758443392373,1.0004838279215205
343,2904600000,1.0013847138007201,1.002016618189021,0.999206937224189,1.0024203555370181,1.0017649107884183,1.0026608192637005,1.0029728432748573,1.0056809039993648,1.0020171779227458,1.0005781719684592,1.0018907173558123,1.0023502313207067,0.9996180566004111,1.0041914580323328,1.0043010634974132,1.0045866352073924,1.0026294212351723,1.0011761498196428,1.0041539085815,0.9961252703442222,1.0046663330315135,0.9974950140093363,0.9981996601036349,0.9999569476832144,1.000561325354359,1.001860738800851,0.9971485926279754,1.0002703261827566,0.9972923783878891,1.001326197698769,1.000192361628195,1.0004893692575514,0.997811522556828,1.0012005826871941,1.0017686994076331,1.0010679635832227,1.0012974847719063,1.001098824584534,0.9930862731114224,0.9976917104818497,1.0006516645230077,0.9977961574969323,0.9982105483804554,0.9970917747405693,1.0001083295078839,0.9990657050007086,0.998432456185137,0.9982408310662622,0.9975141062660088,0.9968567257970969
344,2904875000,0.9956679505677902,0.9966642186438042,1.0048620993800084,1.0000181050077988,1.000860609244798,0.9998738496206555,1.0000234736949647,1.0003591626987147,1.0013258327529924,1.000713353611068,1.0031867512177535,1.0031528173480255,0.9999616733982271,1.001221985580429,0.9971655941788491,1.0009430336919893,1.0030736553040256,0.9989706723237782,0.9963277387029478,1.005749201121856,0.9996581676992807,1.0015157814443263,0.9970548915697421,0.9964676736875555,0.9972651806509942,1.0016418562266884,1.0021279866190729,1.0046972107386327,1.0005543752342159,0.9962933449385349,0.9996464796528876,0.9995618802557888,1.0011641513789096,0.9995913716921404,0.9991973585273298,0.9994718235619762,0.9945126670868909,0.9998809321894551,1.0050466532096387,0.9947222617929734,1.0018526175408453,1.0006730153399677,0.9962610185552007,0.9962939259400705,1.001590317163853,0.9967654409265864,1.0048265676861179,0.9998628359572289,0.9986097228736305,0.9978741729797266
345,2905150000,0.9991950238971429,0.9963403819603655,1.0035580263528028,0.9998841082129742,0.9956401210400002,0.9932041451162495,1.002014058970998,1.0032780463370543,0.9987875703925629,1.0016863811927785,1.0046992464428646,0.9984918274241215,0.9992326034578339,1.0068249452356948,0.9984350390820096,1.0002739553107973,1.0016614631031269,1.0003968666742904,1.0057911730399902,1.0058949332655527,0.9989615308672433,0.9955768263047448,0.9949887603781131,1.0023974017496426,0.9929941695385716,0.997762616025055,0.9974588752019933,1.000286150963601,0.999436626646468,0.9983461370760929,1.002505504342023,0.9988151043464888,0.9941302263843041,1.0013875839805535,1.0042537334969914,1.001210143106391,0.9998049946803714,0.9988536837366896,0.9992387912623555,0.999742697134281,0.9991170501510841,0.9987739083198247,0.9959688809429875,0.9954163367856889,0.9996040898684027,0.992290676725655,0.9948251090361508,0.9979232728650925,1.0055539960972506,1.0037032765616576
346,2905425000,1.0040101813127416,1.0007029385681776,1.002740741398656,0.9992473147139324,1.003114953712862,0.9971312059176121,1.0003852174363124,0.9976287372178301,0.9986132421520397,1.001886602225425,0.9993997742432819,1.0061023695789018,0.9981402316249708,1.0066606854188584,0.9973893633157022,1.0034924894327477,0.9941341557661328,0.9991678296019242,0.9979038164750673,1.0000004857019043,1.0010904465324386,1.0000458863208344,0.999239259110377,0.9968542776723206,0.9951292864695096,0.9981828454476129,0.9965645713847472,1.0055975430638173,0.9992505776110361,1.0054855469366282,1.000624934959678,0.9971035205670171,0.9916824994393555,0.9937091130859129,1.004739074330174,1.000682791735078,0.9976857113192295,0.9984715434757635,0.9983734814218915,0.9974738474240461,1.0002249702397195,0.9991378088600658,1.0031068165397239,0.9972785133593122,0.9982330392544648,1.0007939091039146,1.0014444615100992,0.998497432668132,0.9935260807235805,0.9973031018872092
347,2905700000,0.9973956406860289,1.0011831731497658,0.9975349526839628,0.997249684464086,0.992211620136671,0.9977468522094776,1.0031019783434805,0.9947294114640627,1.000963252892861,0.9953071216168915,0.998196193441926,1.0020316071251734,1.0045222472419193,0.99268246226735,0.9945702368029401,0.9985559399919108,0.9974850421271529,1.0002674609824103,0.9988976685077913,1.0057992675745948,0.999102021811293,0.9944975925000298,1.0026287977405037,0.9957654288585991,0.9961446324458235,1.0010025307465662,0.9982473327876462,0.9971912610203945,0.9994367919119302,0.9967677669943245,0.9965831416190623,1.0026234854335694,1.0008755766046418,0.996627630094633,1.001594100311057,0.9975359632664861,0.9992928715315258,1.0067164819948455,0.9979196201189818,1.0037102988467523,1.0066762508765978,1.0028407661469962,1.0020004641591627,1.0005666091542618,1.0043530903369202,0.999587077311501,1.001456719760214,0.9986650864806845,1.0009212557940308,0.9977190518278692
348,2905975000,1.003880539754427,1.003208060015132,0.9982256550725692,0.9999457701624738,1.0027090267114431,0.9954156381255013,0.9976729051094805,0.9992544484816882,1.0007808111345362,0.9999987901467017,1.0011516381366825,1.0028011560147865,1.0024046258633434,0.9987522301086376,0.9994269762357711,1.0000408464077926,1.004759267482456,0.9971541022472742,0.9989279193004372,0.9988256901236853,0.995644192102181,1.0042503419790794,0.9962310371008346,0.9975584840259314,0.9970594607368246,1.003051583895723,0.9978417218047052,0.9997241518969336,1.0042777552495288,1.000274033948762,0.997148907253203,1.0011282809148205,1.0046579300846668,1.0027192348784493,1.0049668959853308,1.0063960148827449,0.9989194395287465,0.9970686297879946,1.000640664634341,1.0027925252343999,0.9990678061594371,0.9968956682225505,0.9999162894857092,1.0027396149511087,0.9972135097396512,1.000345267433952,0.9981634854596543,1.000454230593149,0.9980571004470769,0.9993591759575531
349,2906250000,1.001276213306338,0.997404887847224,1.0000527727655868,0.9977521521361676,0.9982890792969684,0.9990851695513864,1.0006105356990873,1.0024760532268664,1.0009712557440724,1.001530819316604,0.998545117570027,0.9959203805742903,1.0023605879922581,1.0013006978530437,0.9988189528859069,0.9993170838725296,0.9973439191007492,1.0023369110868892,0.9967171784183924,0.9987004115051608,1.0003068372361306,1.0051353873529851,1.0044239747261097,0.9991774924770234,0.9955644183204456,1.0002884016979658,0.9993963746048612,1.0015339825957574,0.9974703636388963,1.0025648479204308,1.0034894652533837,0.9981056736809513,0.9976706347204751,1.00338715483131,1.0029632911398954,1.0013543163645218,0.9984868033942069,1.00101584288919,0.9962114644987471,0.9947766714237032,1.001958426158233,1.0016159123766304,0.9967705476510024,1.0024982384471604,0.9999634234252995,0.9996526803840342,0.9981323130197448,1.0043670379533611,1.000422037382791,0.9926303514981807
350,2906525000,1.0102331241286613,1.0007514951568235,0.9968421739012535,0.9975398527316666,0.9997956264901495,1.0037095334945179,0.9968112167408708,1.0023342176650993,0.9978805680934419,0.9993007293626951,0.9928407636886203,1.0010945248193222,1.0068449028946012,1.003274225432083,1.001107315603038,0.9978498269844283,1.002351701728607,0.9991152213059358,0.9964507645111902,0.9979661068308793,0.9997987182707846,1.0001150663322387,1.0023613817535901,1.000949347895549,0.996495589061566,0.9943532640549236,0.9995596120778628,0.9984683988485801,1.0023940931056188,1.000782267867891,1.00337680316534,0.998821030597796,0.9966188640329826,1.0010241789539827,0.9991776467894855,1.002599930988981,1.0048349554201113,0.997335309485836,1.0013042138879291,0.9988997147505967,1.0039815294438754,1.0050391578818831,1.0019715524932755,1.002929342371209,1.001572206575072,1.004310527195948,0.9971786952101178,0.9976104151585642,0.9967248703582605,0.9987637815331971
351,2906800000,0.9935281671435744,1.0030566092328732,0.9947174698338755,1.0033149423096446,1.003325374029557,1.001481608360036,1.002013695647816,0.9990865165656889,0.9982692726391441,0.9988707312965968,1.0016608904172615,0.9985035563212992,1.0039965554388954,1.0031430536496537,0.9983562355184066,0.9985707809514397,1.0009154403883846,0.9972187585149364,0.997432202615268,0.9981485851192607,1.0019734664265472,1.0016704174167623,1.0015385677841018,0.9959217727558636,1.0004570336225018,0.9976491404743955,0.9976271657102762,1.0084554157085583,1.000024050201817,0.9999069975541011,0.9956618930675544,0.9993235557527906,0.9978096213646079,1.0002459705626197,0.9980021638994369,1.0063345337376053,1.0004826125713602,1.0015105876994579,1.0026904123313718,1.003024417620345,0.9999140068662615,1.0040304086869598,1.0015705556591483,1.0033880023875008,0.9994986591438375,0.9986904190918858,0.9966371446365123,1.0027132638541396,1.0015553201248,0.9995499199315324
352,2907075000,1.0029359202422568,1.0039526629227373,1.0005006512681813,0.9906571526848089,0.9955905182300634,0.9989075213558521,1.0043341460660367,0.9980861847074832,1.0015528712442263,1.001220170523893,0.9987438324616783,0.9971485975572271,0.9990559855875573,1.0015548872780653,0.996641650817709,0.9930010748260608,0.9964153854472314,1.0024942174082705,1.000999163787032,1.0053761991995844,0.998649673001843,1.0011669329280442,1.001518010580024,1.000472058617854,0.9979676272025367,0.9975230355552905,1.000427526462185,0.9951587939846852,0.9984678305506681,0.9962866674034249,0.9949044509834064,1.0034273694796705,0.9990458232850571,0.9980845453753414,0.9933132672594728,1.0001527484506572,0.9919207862153671,1.000693417076585,0.9998086036450746,0.994447169877951,0.9983620082345251,1.0071348645741798,0.9989108257796491,1.0003076074672241,1.0005945971106256,0.99262977879434,1.0024634915185542,1.0020619570041476,0.9982119354975072,1.0013567029476758
353,2907350000,0.9992461628251144,1.0019695031299753,0.9956008032923908,0.9954354182147644,1.0017450404938646,1.0055460895794448,0.9983605203464495,1.0005625364340982,0.9987558882470738,1.0002348512806372,1.004699056211034,0.9998860110806083,0.9985131860026013,1.0035857605633898,1.000230188140959,0.997395779631577,1.0054583042758092,0.9984051529972073,0.9968049148193199,1.00340306277619,0.995741118797215,0.9961833716915914,0.9995814800751355,0.9993159785895768,0.9967373578402354,1.0006726150438119,0.9936770649568796,1.0063506392657435,1.0045786646963746,0.9956562852649872,0.9994221436601473,0.9994895130891598,0.9983037264956361,0.998802651608103,1.001658772671117,0.9974060791321824,1.0014118442981728,1.0009123120980226,1.0000318952624072,0.9952433872500237,0.9971898812065775,0.9959363024025527,1.0017218040108056,0.9993151813891479,0.9957237804460206,1.0030277420974134,0.9988998738745402,0.9987406385121067,1.002183999396075,1.0051562835594663
354,2907625000,0.9999451443686931,1.001817587644306,0.9945916959698711,1.0022127863129435,0.9980122940750863,0.9992356324472277,1.0005055622195218,1.0028830067573682,0.9984164864996498,1.0014343709078877,1.0019620810504242,0.9987891686830019,0.9958133550246092,0.9974665751881773,0.9973556765655122,1.000482352774381,0.995595912060507,1.0027593926176142,1.000387477494079,0.99677247876054,0.9969228571531807,1.0047370601188008,0.9964687222101887,0.9994081281200093,0.9956573642703479,1.0000452827628519,1.0007229133845743,0.9981913121868914,0.9961539232368712,0.9953405461443563,0.9984942957853209,1.0021662584260274,0.9990959223981527,0.9965221391615385,0.995520447321121,0.9996177553793256,0.9936455245194316,0.9992126159291187,1.0017153228523314,1.0016840216185436,1.0014313308645524,1.0055231612412567,0.9949437759161299,1.002085073171414,1.0006644893799093,0.9970724889675552,0.9994065198778689,0.9995909848670822,1.0018834955875155,0.996869084577908
355,2907900000,0.9986236943268345,1.0038025990976165,1.0003771981002398,0.9998245273625479,1.0014176125882428,1.0022751339383074,0.9992001828692663,0.9954862619371259,0.9959202492402404,1.0016830065897708,1.003939800329763,1.0026272189509438,0.9973196783349072,1.004313591656508,0.9954435814200638,0.9970919073243681,0.9974210812918031,0.9978459094305904,1.0017780676037584,0.9983868455119107,0.9997085668927026,0.9992059212178395,0.9986530003990892,1.000046393878894,1.000955829747016,1.0016351571765219,1.0020802251801784,1.0027081407209901,1.001392908307115,1.0028723923600353,1.0033241662695107,0.9957012809157617,1.0009875105876345,0.9979564239793213,1.0029838673326064,1.0011094790782409,0.9992022084915334,1.0018067256834464,0.999465541448022,0.9979185923569724,0.9965115864767776,1.0000197366091819,1.0003261299466844,1.0000889376811737,0.9976725567747751,1.0019413487459539,0.9995532229868017,1.0012878745227813,0.9971282672117492,0.9993060467668117
356,2908175000,1.0052510309659446,1.0028517150063219,1.001677292079363,0.9985834962497647,0.9987293286653202,0.9987003294002885,0.9965137673395003,0.9983738073275282,0.9941149346205862,1.0013697212058967,1.004272095904015,0.9990995570798099,0.9978667540523937,0.9960763623995066,1.0020446615613583,0.998109000174772,0.9957071031476667,1.0012283313005101,0.9975460414951133,1.0021493371186467,1.002726990012981,0.9989627958215646,1.0003149701542047,0.999975545830128,0.996407699255554,1.0015857326835724,1.0028880119749861,0.9994043289611302,0.9979279602798418,0.9968836594880301,0.9991923734605497,1.0004201843055702,1.002516356514322,1.0018970265208056,0.9998670031217268,1.0019129035859622,0.9988269768690674,0.9972597682129162,1.0007692327261655,1.0000204623750093,1.000161738595598,1.0021429646228563,0.9967740663295384,0.9993949693091192,0.9961299353900641,1.0000018005782774,0.9995097658373099,1.0015541535482586,1.0003080637617905,1.0007708559620954
357,2908450000,1.0022879995127416,1.0012393053045048,1.002410440065878,1.0016876081079324,0.9983844868214927,0.9982623759326081,1.0052099544516184,0.9968308094668599,1.0021386958324845,0.9956702630642342,0.9993578695057141,0.9972157310071996,0.9991284661322469,1.0013727620129889,0.9971249548777982,1.0041879444223092,0.9976870712956679,0.9981534438654094,1.0023620521650016,0.9990981008333935,1.0001623838430316,1.0030600115450463,1.001145386873998,1.0006737245312036,0.997713928770112,0.9997077450937045,0.9978081861821342,1.0017327567288352,1.0006207577939568,1.0026775997456192,0.9957519330608836,1.0014277031798917,0.9958159887534551,0.9967868619029082,0.9981948472789259,0.9989800039847382,0.9993269352588477,0.9978782006861187,1.0034714032134122,1.000243493571868,0.9967491134842731,1.0045047282755912,1.002314314002406,1.0068708747737796,0.9987570539140368,0.9988546348348464,0.9975541863135577,0.9980680159222084,0.9955148702377579,1.0015362074248344
358,2908725000,1.0002682763287218,1.003939330362023,1.0028476852321084,1.002252574648955,0.9980036796615962,0.9977930875628171,0.99685104564745,1.001556676841105,1.0039843180750394,1.0014313485618258,1.0014027926450872,1.008419401861536,0.9993516416658171,0.9976988679600274,1.0028104092576884,1.0014803901886182,0.99927225502228,0.9985080088987601,0.9949020185334566,0.9995759950761068,0.9997557231634434,1.00333010539392,0.9998782778674973,1.004231061806193,1.0032574214714767,1.0043072214578765,0.9970376594418556,0.9982279678884347,0.9959119658128438,1.0015583433323572,0.9990739741506907,0.9992973976795266,1.000184884982091,0.9943025016780412,0.9972566143677135,1.0033981058245016,0.9976632114421143,0.9959951557265317,1.0019581855087045,1.0053198818919113,1.0021123472375595,1.0002096374125855,0.9992262402740214,1.0010895478996842,0.9993000719080778,0.9953682862024299,0.995929213481851,0.999710820124103,1.0027255284700491,1.0006924732640332
359,2909000000,1.0004094453073455,1.0024986375498894,0.9977330277284691,0.9950725259282933,1.0029572387572707,0.9966264337519156,1.0010976123833153,0.9962686063569683,0.9985741610274778,0.9977901452604803,1.002520601813242,1.0000500241711858,1.000908059141017,1.0096664278097964,1.0013407976347477,0.9948650652734091,0.998513301398719,1.0004753450781567,1.000382755691474,1.0028166791227016,0.9974391974659057,1.0006528514587796,0.9986352071181178,0.9954338990718613,1.0012133227847053,0.9957721929717896,1.0036525086355277,1.0003210628987724,1.0026513240941584,1.0044164756402894,0.9937644517216205,1.0030903190733271,0.9992356615745257,1.00168868056728,0.9977587618351196,1.001467489412304,1.004274034771237,1.0024741098618555,0.9990666879487698,1.0027769769577628,1.001001827546165,0.996487423714096,1.0011644628492224,1.004103812705702,0.9987709185358796,0.998836557162149,1.0051030348851189,0.998382040875466,1.004706348631312,0.9948819451452836
360,2909275000,1.001660064441475,0.9976632491401598,1.0066277161092705,0.9966011924996874,1.0032027116122026,0.9972512794343598,1.000202953651325,1.0006491717355035,1.0077145532086569,0.9985736184184362,0.9996432277279292,1.0004048961523277,0.9990655354493837,0.9990685752695919,1.002881556109124,1.0023180724804837,1.003553896613976,0.9978667565759526,1.0020148503859876,1.0005477999520742,0.9993601347788142,1.0022929079087792,0.9970759294532321,0.9974094361849334,1.0003318598212534,0.9943919918350029,0.9987231713807389,1.0013751888940683,1.0026688185107853,1.000938120225756,0.9974172096458139,1.001276053748237,1.0017329127402839,1.0016462942869262,0.999114580159839,0.9959671457836085,0.9993099620147647,0.9996548338526892,1.0011495221760143,0.999298611301216,1.0009087436108317,1.0030455277699137,0.9999571878604177,1.0011474453541567,1.004770741450797,1.0100268716042904,1.002663290634361,1.000078415634944,0.996975852240718,0.9924127441101717
361,2909550000,0.9980882898800527,0.9987346496237429,0.9986810944763768,0.9965817774930562,1.0035505579126114,0.9968929986714268,1.002248935751608,1.0035125375331941,1.0030121490224648,1.0006849326935665,1.0066725910504937,0.9988260094624164,1.0038294435467827,0.9989038151060344,0.9951812728556003,1.0013490525991355,0.9970155493997156,1.0023481486087982,0.9954810320388416,0.998476713975823,0.9986511076882716,0.9993235358971911,1.0048640424817392,0.9988358134528973,0.9967759140298623,1.0009921971687437,0.9998682082473931,1.0006329024499536,0.993210168121947,1.0086900298405284,0.9975697022988493,1.0020844872949763,0.9963563766087582,1.000466333602369,1.0023097598020907,0.9989031160143285,0.9998881154697505,1.0057771022201045,0.9962459991843263,1.003233879898169,1.0019829305262804,1.0042523698766996,1.00017985277499,0.9980848570149858,1.0049480120298728,1.0008070240000344,0.9993463526459925,1.003388122346022,1.0012397108359872,1.0038708479145557
362,2909825000,0.9968201397182699,1.0002182185062058,0.9949098750586851,1.0009274471036125,1.0021426445624038,1.0037357486629757,1.0005887501489334,0.9982147245460254,1.0053919956447046,0.9987248572535167,0.9956847947818547,1.0040784234782325,1.0057732036815545,1.0021364579834071,1.0050417359014712,0.9971320187317131,1.0011624708631495,1.0023634421042606,0.9990029957362125,0.9956494297925869,1.0055626167699963,1.0045798452864332,1.0055367538022455,1.0047035715273094,1.002290720298717,1.0027849810989868,1.0066602133250793,1.0011605789524172,0.9993929123642813,1.0057346050360496,0.998519676752479,1.002558138972658,1.0022595310868714,1.0019502422190936,0.9982437082750284,0.9966581403898066,1.0041185724039043,1.0008872759553369,0.9938246488008409,1.004756915486398,0.9961331829883282,1.0009439370967537,0.9978770379449695,1.0031878521608653,1.0034907982992467,0.9992873168892008,1.001746997315096,0.99957460893387,0.9993836789275016,1.0007627920209654
363,2910100000,1.0025930403269925,0.9989879886853851,0.9982996319152257,1.0056148954425221,0.9958239190381705,1.0005448872336207,0.9970116216679169,0.99854982418204,1.0020523868218718,1.001702185020167,0.996398775926196,0.9989749427729719,1.002055585046533,0.9989254191614743,1.001457275663997,0.9957859846422819,0.9999312995675885,0.9990782324352987,0.9937778076435401,0.994784993724739,0.9974417113071167,1.0038188415792373,1.0021152815200294,0.9943919348202185,1.002152641853365,0.9972537679822302,1.0000293375644362,1.0001153683896529,0.9989824648416628,0.9963191922451157,0.9993769023106898,0.9975633761783006,0.996716643263386,1.0038386126769951,1.0037276592314976,0.9988373993822617,1.0002240058611915,0.9955264607075098,1.001324287905264,0.9966981580599319,0.999104935476397,0.9951180566495332,1.0034612462043673,1.0003785032596035,1.0015120463847824,1.0011548694350128,1.0036508102091197,0.9990429599628612,0.9993730311918448,1.0056859976509311
364,2910375000,1.004495929871037,1.0018078309501885,0.9989754082079456,1.00162527910157,0.9991630856785109,0.9960496798687334,1.0031868034098625,0.9981963979233482,0.9989580778998116,1.0045673054569888,1.0018112157740993,1.000592444660098,0.9956931903801947,0.9947130440380344,0.9937813961833788,1.0032067169900227,0.9972437990807747,0.994861649379219,0.9928539342757258,0.9992059537060503,0.9973503051768869,0.9976902959338785,1.0037349707471472,1.0012131582135844,1.0044568562057217,1.0006819001159415,0.9968363735225344,0.9945634094407997,1.0049167408643631,0.9993845355540851,1.0064445490557563,1.001824336318784,0.9962780371281199,0.9937998971351168,1.0001856011592587,1.0072026685611748,1.0013491453894345,0.9995421671067818,0.9995551673206604,1.0013440015160318,1.0014995724195135,1.0003684217775992,1.0016885853190676,1.002723585311028,0.9958911026683236,1.0020320442105977,1.001491363445591,1.0005764123999572,1.0015476194842026,0.9971775660181463
365,2910650000,1.0025569171859654,0.9978005341018016,0.9990718319068007,0.9957789173448172,1.003816715913186,1.0005527683262114,0.9983482412005436,0.9989962152453457,1.0026186570948854,1.0044523477561207,1.0004492622481962,1.0023347091445183,1.0001061316995352,0.9962688141952983,1.0035805161956977,1.0003457797958528,0.9952048672751279,0.9961482892636808,0.9935940955300366,1.000374340142924,0.9996366376712331,0.9996568781838714,1.004422280462509,0.9989603915986929,0.997957666223592,1.0013624533239367,0.99809798971521,0.9992611686599139,0.9974678777423406,0.9960658192574,0.9996754371966906,0.9988725928666952,1.002846112333113,0.9991890970945614,1.0020651240316534,1.0017337155938524,0.9994649200860296,1.0037818688012028,0.9946907342082982,0.9982771090652619,0.9958296794020971,0.9934879282083084,0.9982738539065568,0.9940878905013282,0.9970340496751138,0.9942707812261076,0.995568120564395,1.0001353877672552,0.9972177001478387,0.9969806356311869
366,2910925000,0.9993564771338926,1.0038623293016964,1.0028879833503654,1.0001096477390976,1.0025421051323586,0.9980084507522421,0.9978954540578208,0.9972704134380083,1.0005150654396164,0.9996784485274157,1.0037187884578689,1.0011691056588952,1.002696418693504,1.0021892002563928,0.9963088291175429,0.9933841459545439,1.0065597877300587,1.0034746610099428,1.0048782776925353,1.0007040344427849,1.000881490157105,0.999925542948126,0.9982270641336275,1.004274640125358,1.0027079571755637,1.0002379369484302,0.998012305876185,1.0017755794253702,0.9976421717296116,0.9983043049161702,0.9976123864765031,0.9944231461849588,0.9988503026593413,0.9922157359753704,1.002037177348325,1.0050120658909818,1.0013032894446905,1.000687254084887,0.9999743487234084,1.0008395350011652,0.9978675885129489,1.0046228589278159,0.9957570027208105,1.002522265548647,0.9988585400718344,0.997335625564539,0.998397457642214,0.9954376900814009,0.9956189482537591,1.0032189776031857
367,2911200000,0.9999622698954997,0.997967502703158,1.0055428298941114,1.0022111740829192,1.001544243535605,0.9987102480546002,1.0007367484433434,1.0031438783709468,0.9946490552363111,0.9994714111714433,1.0005340241411855,0.9962520974956153,1.0009530595024918,1.0027883943764928,0.999865755738388,0.9974044896030453,0.9964709770432206,1.0024026800759471,1.0054899171855458,0.9995510153517647,1.0004008026252296,0.9998610393122986,0.9957731442564538,1.0005067682511366,1.0029869822568027,1.0017616209844624,1.002749185672329,0.9971225375765711,0.9951873137554226,1.0006906633648975,1.0024933573373263,1.0017868119363182,1.0012715654982705,1.000936901897025,0.9965261723117598,1.0024144423068033,0.9962924625546278,0.9958411240389978,1.004411606101667,1.0013690313150638,1.0072691488362622,0.9983257898814739,0.9972721664737919,1.000680474314229,0.997246497899063,1.0018043469317222,1.003967306658293,1.0041139155428924,0.9970385469503026,1.0041296133237734
368,2911475000,1.0005640452103732,1.0009561307430144,1.0006205362061418,0.9995511164868361,1.0001374391704838,0.9950193823474245,0.995175793025369,1.0031120575500583,0.9996883244648028,1.0010823225126857,1.000818359792487,0.9959374206209677,1.0065506608012789,1.0004789231519249,1.0061036541040558,1.0045798942117188,0.998888649066248,1.0011508902115878,0.9915824301462136,1.000641644436163,0.9978666911810431,0.9928298871341082,1.0030838610481319,1.0015972362795982,1.0004406996801285,0.9977233813840871,1.0018706382157783,1.0021348195601105,1.001293327206665,1.005450601245916,0.9945030732174582,1.0015214845518008,1.0011938343607119,0.9986592407322123,0.9965347139487593,0.9996901380478131,1.0007581057797093,0.9988708276158255,0.9982876421194679,1.0005387624907771,1.0000468314519269,0.994714654930924,0.9928789581181601,1.00234959490238,0.9962857627466434,1.0017997373045007,1.000873637406186,0.9943868121158427,0.9980353672088522,1.000195334246052
369,2911750000,0.9914829176330507,0.995256330187801,0.9981348239248287,0.998159446868467,0.9996894244486181,1.0012646991588363,0.9938320659619683,1.004226124701561,0.9981652955704772,1.0003336738502322,1.007204456230275,1.005510839159755,1.0020115920299573,1.0036710007924883,1.0014315942757066,1.0070367557276056,0.9990736356902191,1.000790718278192,1.0003477397033127,0.9986043892239993,1.0007666197179517,1.0006205270947632,1.0044701222002694,0.9976804458641608,1.0008734353312305,0.9943194731269261,0.9943880386589289,0.9958281313883355,0.9978182666674892,1.001110167606324,1.0016151433890557,1.0039612071208746,1.001693514285458,1.0005423290687403,0.9999694466758606,1.0007973972597752,0.9975929460574773,1.001323093625069,0.9940486807024728,1.0044777146918136,0.9987071753718437,0.9955410756194132,1.0013019345204082,1.0011757330530202,1.0031983877275186,0.9943470319925309,1.003350906359689,0.9986444550934096,0.9955521450283872,1.0025707066686949
370,2912025000,0.9971566177140846,1.003365143040334,1.0002055882017504,1.0032959450224277,0.9937990338467594,0.9977348862747992,1.0063646496587049,1.0003157362861703,1.0009484624139917,1.0008784291482602,1.0026315019156806,0.9980142351503588,0.9989577392345962,1.0031734532323902,1.0011850996501335,1.002588013826458,1.000630185771111,1.003018231924323,1.002625876380874,0.9939380842208814,0.9994821577968371,0.9998577407762692,0.9941055890962064,0.9974079046339996,1.0001273965204605,1.00583171280182,1.0022381526277513,0.9918567096317814,0.9993768550869189,1.0012392136152555,1.002898140007383,0.995890551967302,1.0012353622029015,0.9991227508932292,1.0010919171762866,0.9898071423553149,0.999822686991063,1.0020126335075914,0.997828732075366,1.0039034514172358,1.002446163384945,1.0047260347356435,1.0002787138341085,1.002776366988345,1.0015276960250892,0.9989095514857311,1.0004188962054714,0.998640367422772,1.0008736413497914,1.0062998792253102
371,2912300000,0.9974575836998563,0.9983169372913274,1.0010582281723013,0.9966319922123366,0.996715387290861,0.9966881075660159,1.0044666657696275,1.0019086558263406,1.0050817939430392,0.9986568412431724,0.998340402240426,1.0002161965462724,1.0012125199855864,0.9965431145215832,0.9998901670330672,1.000027814628142,0.9986010532279355,0.9973153228352379,0.9985536408701248,1.0046178683590872,1.0049627319457612,0.9991579610944638,0.9984496283771858,0.9952891716290249,0.9999688506419739,1.0058002481148216,1.00266215676663,0.9979302557529023,1.0038073773904423,1.0022520324750814,1.0013507396710108,0.997850677050788,0.9990313293587478,1.003251558643658,1.0018370317633303,0.9991328795760055,1.0002544585633708,1.0000853891317816,0.9988190839924873,1.000734489583923,1.0019979589732075,1.001191356622408,0.9987124237195282,1.0013207148255427,1.0064844137186093,0.9972903961235698,0.9997922265299708,0.9955816847888679,1.0046661554456027,1.0003837862701723
372,2912575000,1.0025167831806423,0.9949315941281682,0.9972814530930412,1.0044893461060922,0.9999367546594246,1.0044199656982482,0.9985496197737199,0.9977509001313984,0.9977371254406883,1.0019709862518709,0.9973243331510611,0.9974524692128227,1.003024516743061,1.0001819151755647,1.0002132330299898,0.9997553770880161,1.0005399379928266,0.993998648407672,1.004083875066754,0.9992688249673992,1.001393664598169,0.999645101054287,1.000042355347059,1.0001181796853988,1.001583708300481,0.9998795208042555,0.9959382878849828,1.0020146965512207,1.0003223222695916,0.9961610974244368,0.9954078342860628,1.002272351710187,0.9980860101857725,1.0003475064099403,0.9955148797506103,0.9955078303109509,0.9976623364572085,0.997141423240183,1.0033869486253322,0.9996817280496177,1.008839125355089,1.0039925054014545,0.994974717087725,1.0034204981241417,0.9994785645323607,0.9979893145003939,0.9990893691119732,1.0010222513411404,1.003593264850551,0.9987491312037039
373,2912850000,0.9954411588805986,0.9975309967596343,0.9952259813741026,0.9978093218522313,1.000679045946496,0.9973125225288499,1.002214363393539,1.0059634235078312,1.002441006604001,1.000201879704194,0.9990451325050207,1.0012981737753777,0.997335301465193,1.0014014371751956,1.0005450619800487,1.0045573707478823,1.0037941160439148,0.9956567734703571,0.9977623021682706,1.0038611492678895,1.0006510601348688,1.0028360531711753,0.997641204400452,1.0010377318435637,0.9973871287715261,0.9976525913018722,0.9986432012884164,0.9992426937822289,1.0017200328687759,1.002403395337267,1.0013144611516969,0.9947685671822748,1.0017641739183485,0.9972728220245444,1.0000597517800518,0.9989203218216669,1.0002958192681901,0.9982509633283774,0.9989956882308312,1.0009941333913444,0.9973476117655937,0.9993841040052047,1.0028860142299643,1.00045177214649,1.0004873617737884,0.9978954786052795,0.9977057901318607,0.9955215771062204,1.0042203031534662,0.9952846629643798
374,2913125000,0.9931315859271855,1.000712352925104,1.0027409313097677,0.9986361702288724,1.0004269780045805,1.000887854377051,0.9962477167496332,1.0041609104714697,1.0037308534900684,1.0041561242901433,1.001728650104748,0.9997580183648871,0.9999383995837823,1.003190072911457,0.9927988233424612,1.00204645849595,1.0007686113273875,0.9984220992471471,1.000701581889368,1.0046183659120358,0.9947933897026491,1.0008199442115255,1.0000597625774645,0.9972209090508403,1.0031147992025529,0.9984804425704868,0.9999731657568796,0.9975371335014098,1.0023852576802983,0.9972855873545426,1.0086817961626677,0.9958805316104098,0.9975843452800052,0.9967494652268497,1.0006878484968096,1.0001931493599963,0.9995108891561539,0.9990294798532737,0.9960401335520268,1.0022592040424139,1.0005223281579447,0.9960651401097054,1.0028955768092422,1.0013007260212567,1.0028939453586871,1.0005740250335395,1.001063519036995,1.0011613650849824,0.9991167246019118,0.9995010440064358
375,2913400000,0.9914398033026126,0.9934874710562933,0.9987793976635309,1.0023220954489613,1.0009985850598966,1.0016677416320332,1.000210787479729,0.9990794381996394,1.0040766907870071,1.0042420759953619,1.0076213066207527,1.0001135611679246,1.0024843868332523,1.0038885783228946,1.0051269683604698,1.0001394229123868,0.9969951550431585,1.002353975425269,0.9983046395516931,0.9961785243201479,1.0011990694307566,1.0015524893140295,0.9986610471546896,0.9993889016707718,0.9976485450298062,1.0036444583417272,0.9991024801307762,1.0014823213594712,0.9997017000192251,1.0028245114932464,1.0014730744593736,1.0008944171580034,1.0017173337793004,0.99993556815832,1.0047150589603087,1.0015243550130115,0.9988481465093727,0.9991236822279721,1.0038850004806636,0.9984814777078439,0.9989618524765078,0.9966515555377725,1.0006484140471792,1.001097758980296,0.9970206447881654,1.00063027155772,1.0028501907993277,0.9927083523254269,0.9959800185585853,0.9959322618885885
376,2913675000,0.9977294568886527,0.9911440836137451,0.9985353547091833,1.0042220795110834,0.9958706317889824,0.9970163833057046,1.0000674548729265,0.9997018071281876,0.9977226822953531,1.0024930648999775,0.9984367736069351,1.0002021927709375,0.9993317223943189,1.000467681873253,0.9956318037955666,0.9971921642411761,1.003372222777955,0.9992394094898,0.9973165452971072,1.0032968080120204,0.9961554363354613,1.0039026919842913,0.9978063476059525,0.9963948612391536,1.002202440580801,1.0026303414980366,0.998942543705071,0.9979580479789307,0.9976973725653705,0.9965325354623648,0.9992578883979215,0.9966326245307706,1.0014638478950697,1.0020809459310196,1.003422038119139,1.0018711762450658,1.0032397734944454,0.9951836373755559,0.9991772824750669,0.9984317893166182,1.001825948017869,1.0014186637120437,0.9935719213196496,0.9971423426501116,0.9987922072474037,0.9962849613746135,1.0081668152137815,1.0031384670813628,1.0047869845492725,1.000946105147052
377,2913950000,1.005923043229153,1.0051414234478797,0.9973435476119233,1.0062019312347659,0.9982538787096442,1.0003442257245954,1.0007014683690993,0.9963817830392161,0.9976199070444874,1.00221742610966,1.001703537737244,0.9945652743240193,0.9993048220982798,0.9988676736782045,0.9965139704106124,0.998356082251055,0.9997139180293039,1.0032213797143454,0.9940171098012391,0.9965513885477418,1.0070448224630635,1.0023532359528615,1.0006471111087487,0.9971966753544267,1.0030121939036793,0.9968443426139358,1.004320265274657,1.0001478421506032,0.9988371732332185,1.0004576328298034,0.9975961556298695,1.006483218131977,0.9994600312758264,1.004791353273917,0.9986909827886882,1.0008582297768271,1.0045503869697872,1.0030602413213359,1.0001458018336429,0.9994357422239246,0.99774443943854,1.0020057991537514,1.0027555282101048,0.9967278901764275,1.0107727778354092,0.99715485774008,0.9968923859707904,1.0054890493554485,0.9991943902619713,0.9990922231736707
378,2914225000,0.9984359728700466,0.9992424519940457,0.9995373913038794,1.0046666350611189,1.0000916162100473,0.9965229558384969,1.0047365646257833,0.9961594602955157,1.0042119328917727,1.0007924145678788,0.998521701172154,0.9961568652944564,0.9987521402352995,1.000864247942741,1.0071222986709971,0.9969834574078023,1.0002246811858133,1.000989583290432,1.0026658179028163,1.0015930760115754,0.9988413400161966,1.0041256710725404,1.0014922643690098,0.9987644925883508,1.0013173971914444,1.0021459984760401,1.0013654963271073,0.9957736860695351,0.9993232258289193,1.000728940619197,0.9962603557557701,0.9967793963262483,0.9983539594630362,1.0034650180552507,0.9948739357559351,1.0014673042205653,0.9959650680251684,1.0039296703933713,0.9979768178710756,1.0093548304304596,0.9959158785994462,1.0015885422212276,0.9953009926314279,1.0091340882181234,0.9982012982331463,1.0020234620578004,0.9998627760925853,0.9983139767174977,1.005753929301427,0.9970878968110817
379,2914500000,0.9906359911597467,0.9977972195946051,0.9966697343827986,1.0001163335839622,0.997180700192492,0.9970416500933549,1.0006060698307402,0.9999091211385958,0.9994015352813461,1.0013549870894263,1.0029523253807906,1.0030681110260629,0.99797178437864,0.9994069948089989,0.9955838375545135,0.9992232973173608,1.0028235592522006,0.9998102245206093,1.0029351254637942,1.0077763106368127,1.001158633424004,1.0039913596803978,1.0019417529580694,0.9984202375583723,1.0037310173193217,0.9998913940011291,0.9976957482618047,1.0032202012158324,1.0040208979260064,0.9995771014577836,0.9934932468764844,1.0053964908790303,1.0040312204258057,1.0002825312996206,0.9992633379258202,1.0027915733859316,1.002116027037269,0.9989554968652545,1.0008320168946931,0.9967285780020851,1.002837746719011,0.9978601650763907,0.9975170319288604,0.9968382681796221,0.9991654257952922,1.0012422900497788,1.000057755688241,1.000787703323027,1.0010390370919064,1.000637017278992
380,2914775000,0.998172128534516,1.0005591122613708,0.9984890091399597,1.0011035779452548,1.0019033973535445,1.0018343424164884,1.0002002696297536,0.9978541636167062,0.996658095514081,0.9966083063858326,0.9956377401104651,1.000195571423801,1.000462847373725,1.001512013845096,1.0023437271015079,1.0030298706401348,1.0007282246118927,0.9982515418567677,1.002348513841892,1.000093780483839,0.9978941244471494,1.0002377075028053,0.994345048378659,0.9962559348190518,0.9985144778434506,0.9980831954891188,1.0056231857595148,1.003341546779609,1.002191047410773,1.0025527898390416,0.9956189515379711,1.0055158794299948,1.0016625086005946,0.9980367046349637,0.9952044301163531,1.0054243393977111,0.9987040448315019,0.9989463660286455,0.9988701219898839,1.0051485391636878,1.0040142232667306,0.9998890383490536,1.0002800183667158,0.993800633835508,0.9948343954957203,1.0014146451113417,0.9986887091211288,0.9945301152826981,1.0022469740581608,1.0016679254319303
381,2915050000,0.9982607738274986,0.9959503373691324,1.0001616119665915,0.99952985866063,1.002029235954522,1.0024935674840898,1.0118791126355784,1.0019446568088926,0.9963889904638445,1.0052350737634106,0.9984678723884642,1.0033844336827769,1.0023686461369823,0.9935779417305173,1.0007290467714078,1.0025067489180781,1.0015908420666315,1.0019505691980661,0.9999918238031672,0.9965795641618592,1.000960219745994,0.9955126189638314,1.0066994098300541,1.0026154584219145,0.9975210768453775,1.0000932395164122,0.996007091125604,1.0016105374244895,1.0010303629104145,0.9923785989519194,1.0027721203094302,1.0004246345846521,1.0016238491338125,0.999954329257092,1.0016964621162756,0.9984549490053617,0.9993242070457666,0.9961731288643523,1.000057777162182,0.9994653932344486,0.9993043087435202,1.0057829998773655,0.9977963727956466,1.0014128128734938,0.9963942374796786,0.9963496320181211,1.003110907348765,1.0000419675655148,1.0003647369925786,1.001193529222212
382,2915325000,0.99531481708085,0.9998323052747042,0.9999925559591071,1.0045932658449421,1.0037193889626626,0.9987679975771585,1.0038187220961448,1.002382462150129,0.999897535093632,1.005143646833211,1.0054583035037745,1.0010566652741664,1.003973617579806,1.0018829959187128,0.9997244401891695,0.9960407905662729,0.9988721943681941,0.9924045687777163,1.0010030275147526,1.001221045101595,1.001371905969413,0.9988542216608337,1.0024258908941395,0.9997310510731958,1.0050293209405288,1.0045790734901017,1.0050235918654384,1.0081971525244462,0.9995145293168024,1.0072767353950505,0.9991325298660719,1.002677516036928,1.0008030043022724,1.000099808393536,0.9988836789829425,0.9933608858194124,0.9982219164540602,1.00145750184682,0.9989261717677639,1.0017323640049467,0.9954685077482042,0.9976977794812312,1.0024289004252185,1.00413743287844,0.9996028853775516,0.9990789052940473,1.0044139770650757,1.0061319736646264,1.0042648447532971,0.9995501306719895
383,2915600000,1.0001732538424,1.000494308198965,0.9945376084784354,0.99810681088893,0.9950211157481876,1.0049630164004604,1.0019575821076518,0.9988838244757665,0.998261809231429,0.9966806018061893,0.997566312969163,1.0020340997508357,0.9961502712936046,0.9974090687489534,1.0039631643391655,0.9971663621531082,0.9967152381403038,0.9989190410667157,1.0034897117938983,1.0058680600846572,0.995038945053569,1.0035330435353222,1.0039791446480075,1.0021901783615046,1.0036649729239795,0.9990073622605146,1.0018661011781802,0.9945298887787906,1.0048100577830097,1.00258076836692,1.0012563262396785,0.9987991642607127,1.0004402017167584,1.0033887227922604,1.000091636206442,1.001117915093261,1.0068191411730034,0.9935790829043575,0.9988568022306438,1.0018526276637063,0.9953171676427698,1.003888271972985,0.9993027876344268,0.9965234396358421,1.000089329618652,1.0041605056959162,1.0000224450780493,0.9996021623702783,0.9987714569987594,1.0075026308115675
384,2915875000,0.9998301871568761,0.9998191201710608,0.9992622868496188,1.0003828705494688,1.0005381917856642,0.9983854602004616,1.005040823659761,1.0016420025187085,1.0087822389533305,1.0061950947472398,0.9994789104648748,0.9969857367248558,1.0057537901213056,1.0046183809202858,0.9961800572660492,1.0075795872268543,0.9992980584996102,0.9976028568732689,1.001099063527421,1.0053807321480897,0.9972066313648326,0.9924854311186763,0.9939863452300232,0.9999164135794121,1.0044642980799012,1.0042114241104563,1.0029768207744638,0.9994140466808576,0.9964526355562747,1.0019589029616351,1.000428138171431,0.9966678971600117,1.0006937911155926,1.0063026995164344,1.0015742438153674,1.000152688785478,0.9926172290056582,1.0004091946202636,0.9967001115130087,1.0032200396750284,1.0063913301458083,0.9990402100899008,0.9948068216440359,1.0031809894983172,1.0008163530558396,0.9976919753892536,1.0055455497486627,0.9988973761182813,0.999239516214878,0.9995985562538101
385,2916150000,1.003530228063859,1.0005063807459256,0.9981109478709413,1.0048185383875172,1.0024577643950252,1.0003505697454023,1.0048132565311265,0.9988378813226728,0.9960007020865911,0.997997433499136,1.004378194307307,0.9974942899200755,0.9993379550684482,0.9912462147397091,1.0017523200661669,1.0032612416309081,0.9999861402031336,0.9974415758001731,0.9960043635226455,0.9993915995012288,1.0041527626610371,1.0028422630723521,0.9971214811579513,1.00176234933422,1.0015391082019762,1.0035895462645965,1.0060235481567557,1.0007010970262544,0.9974688712736459,1.0005703852116978,1.0022351919486598,0.9981315972698785,1.0022730890071965,0.9956592526354071,0.9990198153022442,0.9985303529533512,0.9984720691401121,0.9942934483817423,0.9988772874274529,1.0025127239061171,1.001865587862431,0.9999890601738123,0.9983689329367793,0.9943890254126136,1.0004252611636635,1.001020631198843,0.9994228086768161,0.9987570561301208,1.002431207175878,1.001849618005794
386,2916425000,0.9981253440359886,1.0041701984605305,0.9989054695684992,1.0014676741811308,1.0007393944876484,0.9972323736285019,0.9983568059277489,0.9997686493476031,1.0050362481938784,0.9986703328912817,1.0005579238040228,0.9999378772764215,0.9958104021640244,1.0064304419610586,1.0054168289812586,1.0011527403842118,0.9992553636897225,1.0002149716050202,0.9982913946104595,1.0043245029525172,0.9979355703118803,1.0009014656150408,1.001991010916754,0.9984763701538978,1.0010568980468595,0.9998053194030523,0.9982571602666312,0.9987671732006683,0.9974299679379732,0.9931801338333685,1.0031157311279284,0.9960435463268743,1.0076800666706494,0.9995484980222724,1.0072306299919274,1.001302248463471,1.0001492103276026,0.9945846132307269,0.9999017589712776,0.9931264031491975,0.9975878985527085,1.0036562720251456,1.0044780778618094,1.0020257201960654,0.9992254789972717,1.0026197663409688,0.9939022685228928,0.9945810538746908,0.9989697177963176,0.9964548056315493
387,2916700000,0.9994398256553407,1.0011103319590613,1.0017699953903394,0.9970395035092221,0.9936639052843674,1.0013269769958866,1.0006614098528435,0.9969023309921434,0.9960735657927787,1.001037746993933,0.9976808248207168,0.9986112138405652,0.9993197655218153,1.0015689800844054,0.999806809882306,0.9972012802964613,1.0000630094966658,1.0013257878673698,0.9996198611746085,1.0024061637398807,0.9973827564834928,0.9998796099872199,1.001234323621653,1.0004704263097677,0.9963653061699298,0.9938980873065867,0.9979354746630411,1.0011439422727046,0.999417907035948,1.0006599268417413,1.000602966135575,0.9980523881491338,0.9962038646301091,1.0004442377046157,1.000971350621438,0.9991573500360598,1.0005122666439705,1.002333957566005,0.9976650549409843,1.0039403590461482,1.001269742010292,0.9992614836946219,1.0004184602120882,1.004177857947993,1.0019412205749096,0.9999829205302688,0.9948451376078113,0.997806930829297,0.9992269440325312,1.0015854865372524
388,2916975000,0.995608137277358,0.9984742298699638,1.004327231009281,0.9960736584500448,0.9986026406333012,1.0022067744918872,0.9987864858388656,0.9986380764651729,1.003100442398448,0.9967755110916644,1.001586006927637,0.9995563807801141,0.9985484845044329,1.0012024412099563,0.9972507906318399,1.0025608214848654,0.996205812311302,0.9957925957827866,0.9994890283708432,1.0059042867546197,0.9968164162452323,0.9979358758984614,0.9995152172986604,1.0030706283678534,1.0025327129914148,1.0023627745211747,0.9908412964146379,0.9978925908332249,0.998527482665146,0.9952893237604498,0.9971999044497423,0.9995080635627173,0.9990470610087554,0.9999338964415487,1.0001647836207919,1.0011263653648328,0.9965117912351565,1.0043898439168584,1.0003750296940752,0.9985215207670333,0.9985497144396906,0.9994463875095208,1.003101751136322,1.0013417657121875,1.0032256368751546,1.005005307282202,0.9962070703022764,0.9949651863556063,0.9965793813232717,1.0011881841411696
389,2917250000,0.9931883929218036,1.0008360837899792,1.0005195911356661,0.9979631613176567,0.999662649727103,0.9996999307209654,1.0037750323768526,1.0006321597719,0.9981085722715229,0.9983040682601865,0.9990762659761222,1.0001190279310008,0.9993077659128311,0.9949918743516802,1.0028982724512174,0.9989242032756739,0.9982534695333335,1.007396085713976,0.9951857979166606,0.9999754953812077,1.002664735380342,0.9957154289523689,0.9989695606760666,1.0013277706787038,0.9973675525533655,1.0013989453633243,0.9992493865391922,1.004475661164678,0.9996070665273882,0.9983898247353119,0.9963006981482635,1.0035387116682901,0.9964705644063052,1.0023105337944103,1.0073556179500645,0.9985086952662554,1.0063951571151375,1.0000079061209088,1.0041368396143786,1.0016074989840182,0.997727028105811,0.9951426629948489,1.0035837759007085,0.9963999727859832,1.0018205753309783,0.9997926709996331,0.9998305575970816,0.9951739897606625,1.0030061824728345,1.000031903628846
390,2917525000,0.9984657119858059,1.0007761417324053,1.0015396664401721,0.998755732096371,1.0003405766365538,0.9990845078880615,0.9983834242571692,1.0054912279871564,1.0024757805523776,0.9990573980398386,0.9927968931686983,0.9966566674744386,0.9964016168954017,0.9966920797579261,1.0018133622659997,1.0035754546779552,0.9907139613220793,0.9997339683472901,1.002179586678942,0.9999755598330351,1.0020182484929523,0.9971825936153675,1.0041507258623803,1.000863790962587,0.9994657941102862,0.9976311525017129,1.0008653529188876,1.0028491570847025,1.000346608515221,1.0048877750317062,1.0016745463490713,1.0031187986770445,1.0020354423724303,0.9997983919744867,0.9959655022017823,1.0009659494845913,0.9998033602198831,0.9991993975407598,0.9991445368719596,1.0009235474354425,0.9971747235862375,0.9998117795131931,0.9960537767566986,0.9991101160819121,0.9944269444749292,0.9999414031865501,0.9962286384809017,1.0076335069084652,0.9976816779424534,1.0022872289455327
391,2917800000,1.0061397531259308,1.0029739442449943,0.9977861409776227,0.9988512806493844,0.9978652215772273,0.996644728636181,1.0019699713559533,0.9972477029600393,0.9981432469517935,0.9987232526436344,1.0021795554196442,1.0026157468519388,1.0032745838232433,1.0000851932935773,0.9993329028773994,1.00850445246311,0.9987633804780112,1.00530654255053,1.0037578011870913,1.002583903803261,0.9965607111640431,1.0019148025416198,0.9999783199696363,1.00322503651146,0.9923819654868061,0.9954018954522509,0.9959891563303225,0.9984016444587267,1.0010291563909701,1.0056698865387717,0.997508126643985,0.9949738448537496,1.0068939666216203,0.9971473733984029,0.9973737144584208,1.0018573935899044,0.9981097302445265,0.9987762768373986,1.0010742537908008,0.9971700126156138,1.0000236632619928,0.9935314485940413,1.0022734309264558,0.9977543791494231,1.0005452957996395,1.004379270825376,1.0088890409616365,1.00240814502539,0.999884186754284,0.9975413566908679
392,2918075000,1.0024944378339709,1.0003403008747267,1.0024111908910571,1.0059151398439528,1.007366129078411,0.9982003081390823,1.0020193576369756,1.0027383416748221,1.000334997995169,1.0025432605269233,1.00509778787323,1.0086719331450462,0.9933593098951069,1.0010981512614519,1.0008465671160949,0.9992715485436794,0.9986405833313503,0.999765585884327,0.9932954640757369,0.9974703529714379,1.0027200308831592,1.0073807468372287,1.0022137025008953,0.9978129491514801,1.001459757889508,1.0006493238673895,1.001753414049073,0.9974060848013234,0.9964958009439401,0.9981782819241612,1.0000718016763643,0.9975294662721809,0.9949513345487916,1.0026606488614265,0.9978478319825405,1.0041781643061718,1.0044137261884123,0.9990404297750068,1.0017073102428584,1.003891813758974,0.9948582441396268,0.9979969229500358,1.0006928195732163,1.000061592912432,1.0017069648750445,1.0030745222007342,0.9995410324287841,1.0022797525888656,0.9959260305667148,1.0026132424051977
393,2918350000,0.9994356456591036,1.0016975442087477,1.00367981988858,1.0005424390098934,1.0009160871562532,0.9961068406277196,0.9964083945995277,1.0001193453631025,1.0010641890207503,0.9999318968892499,1.0032925259610892,1.0017707628523165,1.0038585968607658,1.0046399450972914,0.9985539477136295,0.9981227310979932,0.9951750940873247,0.9948698258023724,0.9944839214679713,0.9998216194937107,0.9987163915968575,0.9986621150028494,0.9940525720910993,0.9979802225122248,1.0022973149083478,0.9956529546739628,0.9987324787905706,1.0038049921274201,1.000498004507292,1.0011705394139447,0.9966209131911953,1.000099505236112,0.999012705580961,1.002640803908755,1.002909645571212,1.0023902392869077,0.9974844595002093,1.001922639090038,1.0015286467550635,1.00371123644026,0.998615498846335,0.9997323270086822,0.997365033773179,0.9991302439681413,0.9955696202570237,1.0039948250807764,1.0001326246828464,0.99952299819501,0.9997173734043022,0.9988011689102906
394,2918625000,0.9981437172739672,0.9993866182727682,1.0075438751550414,0.9990602306899494,0.9993091131466633,0.9992496987712554,0.9983647711667372,1.0016411132721015,1.0034491592599697,0.9994955110006293,1.0010136439114654,1.0035262128050373,0.9987749685143035,1.004042907622892,0.9975697678966551,0.9957690607059192,0.9998312876787961,1.003057639227187,0.998213545249504,0.9980002013777536,0.9974775463128839,1.0027879105823188,0.9995130378313257,0.9982238545280074,0.9988573931469501,0.9973213304387377,1.0018148706687964,0.9963002978903771,1.002331231057359,0.9967626705955662,0.999627151706489,0.9993803785497593,1.004409770811773,0.9991865482949861,1.00274915234613,0.9970586240448025,0.9994729887289955,1.0032536727118087,1.000565249872306,1.0046022626777313,0.9982910090590305,0.99650890972008,0.9979862842039873,0.9998041516343837,1.0054886067696138,0.9973214953821183,0.998509063902501,1.0026977594663966,1.0009968223067494,0.9978702576949908
395,2918900000,0.998397626152734,1.0018687493104488,1.0015201575214816,0.9999688988532376,0.9985386942620161,1.0027936548753644,1.0018011178192376,1.0040394608716343,0.9962687933659565,0.9986534190832506,1.005230768469466,0.9996692477139673,1.0029172554337864,1.006029725203858,0.9996508768058069,0.9984237913311399,1.0052592488285497,1.0013269594534868,0.9979505167239399,0.9988716969982844,0.992804554108175,0.9992600045589302,1.0006094129977037,0.9978205555087676,1.0006920784283095,0.9987352849029019,1.0067873208469074,0.9991439920256655,1.0019159445805652,0.9974904183442602,0.9950181723106742,0.9962420790970956,0.997509589414351,1.0019818757963304,1.0013559023396643,0.9990575065361355,0.9991670684513081,0.9945530624145852,0.9981903797633865,1.0019771927938332,1.0022761578835324,1.0009492614603204,0.999703781067312,0.9988057372339226,1.0026888918834769,1.0011616879095158,0.9991747173477504,0.9967422046250902,1.0054268999110154,0.9981498433687654
396,2919175000,0.9977465882782711,1.002111655467223,0.9980152106879285,0.9992553025338882,1.0021378282502351,0.9971164375682877,1.0066226842343078,0.9992323642526492,1.0030856259541432,0.9970275714917423,1.0007379378011438,0.9974217372737136,1.0010287893088856,1.0026092516389242,1.0037079209067874,0.9991790470620323,1.0012103372373566,0.9987627233349171,0.9997954352938287,0.9973960411226326,0.9988213275816854,0.9992576449490279,0.9986224442844112,0.9934986935933403,1.0026102101693697,1.0011353653896273,0.996764550530357,1.0053396491673332,0.9979588267981693,1.0024866567371093,0.9995343585602062,0.9969959321758839,1.0012674099124124,1.0053171447393896,1.0008931785705601,1.0030084443953824,1.000576786221533,1.0014824396798818,1.001645416152398,0.9990814456274553,0.9996186734087664,0.99958216363905,0.9973131691593057,1.002092213778458,1.0015500206032393,0.9961956380782422,1.00279559989143,1.00306571092662,1.0017832678632819,0.9988925591199543
397,2919450000,0.9992711792381251,1.0014024006981337,0.996324065343868,1.0000238652104645,0.9982307804400851,1.0001574259346355,1.0000354895737122,1.00036710904354,0.9999284166754895,1.001921205883657,0.9946018163146148,0.9993859681435739,1.0000692444517745,1.000809106938665,0.9989213751041178,1.0032914268764712,1.0003023925329657,0.9989324721090757,1.0080462935699974,1.0003697813236698,1.0043024310469222,1.0023039166552405,1.0024925465932355,1.0017031359684985,0.9994790992577187,0.9972348032915981,0.9963546704194381,0.9938376446764469,1.001486345705083,0.9982915159958948,1.0002043457057246,0.9974575552960955,1.0063146817211623,0.9968487218127839,1.0036458972970834,0.9980524544684567,0.9984746929309336,0.9951919478980312,0.9982130656977852,0.9971089865432484,0.998534867000478,1.000025671479641,1.002060215321411,1.0033961778944946,0.9978458946430149,0.9957266420213526,1.0015191232685299,1.003643119569818,0.9967571010729586,1.0035233455584247
398,2919725000,0.9973345187565759,1.00031639219103,0.9961974863608989,1.0022692130308746,0.998788033509821,0.993297291197563,0.9998566890420292,1.002845413167537,1.004042847954824,0.9939283782559126,0.999571155699663,0.998370224348907,1.0026094436233344,0.9971830526588055,0.9989290262957803,0.998709524839622,0.9995343068970928,0.9977846173360324,1.0031297208775396,0.9992770265639227,0.9998740948327672,1.0001658188591394,1.0026774765002064,1.003252869186194,0.9990415142470458,1.006494150122581,1.003067367664454,0.9968858217656805,1.0012733258715387,1.0035527220331453,0.9922388419081526,0.9976072931110379,1.0034266351674677,1.0001101582839413,0.99815892296527,1.002161813826149,0.9964313584024187,0.9991350504756941,1.0028991278268866,0.9971557484494826,0.9964742038663049,1.0026593838600164,1.001185588221793,0.9995462590568163,0.9940925462811122,0.9983803028496347,0.9965069096580086,0.9965669594976794,1.003967941607164,1.0011663856674482
399,2920000000,1.0033066367386614,1.002180183283708,1.00307553671493,1.0029031400506638,0.9956959444228191,1.0008072544002191,0.9998645180198232,1.0029013782067022,0.9940219024215821,1.0009909697508843,1.000281704758404,0.9989093512508079,1.0008278321257937,1.004039177196533,1.0020180959544038,0.9965887627856559,0.9992123590040469,0.9994836009775578,1.0000349726042708,1.002970040359036,0.9969815460838057,1.0018143047605605,1.0029590378862923,1.002324665445907,1.0023438224525805,1.0034549917026139,1.0047536495346914,1.0001342897715837,0.9968766276105705,0.9997835722898208,1.0029119329157326,1.0014840644273768,0.9994703585739555,1.0074992999100294,0.9953333481232237,1.0012189506422398,0.9956145904755729,0.9975173909535836,1.000380432869358,0.9991885227741898,0.9994465306630324,0.996874107944837,0.9979691207204031,0.9980085566892201,1.0006115738369534,0.9958638228712041,0.9961480857349339,1.005656228752297,0.9993104822583199,0.9991635218563224
