,0.0,1710949273.0,1710952906.0,1710956539.0,1710960180.0,1710963813.0,1710967446.0,1710971079.0,1710974718.0,1710978351.0,1710981984.0,1710985616.0,1710989257.0,1710992890.0,1710996522.0,1711000154.0,1711003796.0,1711007430.0,1711011063.0,1711014696.0,1711018334.0,1711021966.0,1711025599.0,1711029231.0,1711032872.0,1711036505.0,1711040138.0,1711043771.0,1711047406.0,1711051038.0,1711054671.0,1711058321.0,1711061954.0,1711065586.0,1711069218.0,1711072856.0,1711076489.0,1711080121.0,1711083754.0,1711087387.0,1711091020.0,1711094653.0,1711098286.0,1711101934.0,1711105566.0,1711109199.0,1711112832.0,1711116464.0,1711120097.0,1711123731.0,1711127364.0
0,2810275000,0.991409697507836,0.9984962892999201,1.0046693949138126,0.9992605754236101,0.9978856565330361,0.9943172784897932,0.995954739696681,1.0024760735518905,0.9964116468537234,0.9991220680522471,0.9971126161357866,0.9994230220565343,1.0029642421834057,1.0027203415394252,1.0021002551219793,0.9972465073016831,0.9998663783256435,0.996755638522418,1.0015415989149241,0.9944590090767954,0.9989485450418366,0.9986492006308512,1.0010911860705987,1.0006552665090525,0.9980734383073283,0.9977895580534338,0.9982716000105321,0.9987943866593638,0.9971645491143291,1.000899949789013,0.9989550575020582,0.9979917942590051,1.00152292079126,1.0014831456670263,1.0035064381266565,0.9996976332147985,1.002635125028909,0.9980054207790073,0.9996683050121631,1.0023250280390785,0.9981096679851922,0.9919363733599431,0.9998741626591188,1.0005600246235653,1.000755953890772,0.9956421183293418,1.0024371870864424,1.0016001822667995,0.9980116921515565,0.9976763349900306
1,2810550000,0.9907985516401724,1.0038465876406266,0.9967784470361971,0.9943121387737673,0.9980856887705831,0.9973815538410377,0.994860347175195,1.0025566780993063,0.9981211272702962,0.9944157816709438,0.9999566729772863,0.9984397981974213,0.9974276922204243,0.9988972426855359,0.9960917600594815,0.9988894282234585,0.9934697709103952,0.9955605523773537,0.9938948630383314,1.0008400684915528,0.9917403404654008,1.0005369128281392,0.9931100497368034,0.9998296672349292,0.9975733005514975,0.9995679718040082,0.9992058657742949,0.9963538326742075,0.9937368260768694,0.9955005160944274,1.0010299827521631,0.9985702537299017,1.0013413867930019,1.001878833816566,0.9981054868605168,1.0019781940754608,0.9948805339624824,1.0012900956635848,0.9959928892703814,1.0005708945542389,0.9991424729701707,1.0037788880391825,1.000702369829424,0.9939056381612412,1.001960533952498,0.993676362555061,1.0016020713479776,0.9984339007238768,1.003422704820919,0.9884746954723397
2,2810825000,1.001936512836686,0.9975664465558672,1.0069267757715292,1.0102254252610638,1.0012748803077713,0.9905808921262506,0.996287750196687,1.00077730885005,0.9934432959022956,0.9973656134231627,0.997064970900273,0.9990452513839547,0.9974340690499747,0.9996749943815579,1.0046985528395571,0.9951487886594099,0.9979011156713207,0.9986559787509963,0.994705459609422,1.000092175239812,0.9967800174725555,0.9915835450440622,1.0003059878469704,1.0021531032077151,0.9985801845797111,1.0021957545795404,1.0009455564189567,0.9935564319631143,0.9938875151557226,1.0014580135903135,0.9980457132354922,0.9997068195636045,0.9917198787119385,0.9993608414074309,1.0011583382935088,0.9956384352097536,1.0007540224330547,0.9923617887562146,1.0001231669352337,0.9965991144029532,0.9971536339015175,1.0031085979638092,1.0067247195137776,0.9974291739383899,1.0082198849024016,0.9946158759106032,1.0030058125189694,0.9970761449127111,1.0016901581649067,0.9965757934273138
3,2811100000,1.0004608205416308,1.0016965221216108,0.9972130350786969,0.9988353200318255,0.9978262607851373,1.0007824649123338,0.9956688818943937,1.0019386465070477,0.9973833032092477,0.9953475135286827,0.996815426342772,0.9947463007442043,0.9951146802354992,1.0074987105321622,0.9909313682680333,0.9995839008265964,1.00106729431896,0.9999053536896875,1.001411382156853,0.9931793714924174,0.9967871769426835,0.9933463445137254,0.9915828848016903,1.0011783709175668,0.9964069613265936,0.9911093651973222,1.0032395493214459,1.0032884111044544,0.9924562641319102,0.9955712701010132,0.9929744401466336,0.9975242188216271,0.9948639491323029,1.004274383385469,0.995175801458447,1.0041987730079855,1.004900069421356,0.9998371309635138,1.0055989164981554,1.0024724616177685,1.0069728837215812,0.9974977890737067,0.997970414594219,0.9979522905371165,0.9985677203941525,0.9996992347536262,0.9957930273823776,0.9948882846502461,0.9978439902568068,1.0012782852891886
4,2811375000,0.9931221715334051,1.004026263512162,0.9894229101192942,1.001647658320839,0.9920796812504797,0.9993528757548257,1.0017492284726148,0.9979358096638158,0.9937910088094752,0.9951308052565228,1.0002935697330286,1.0007937284883144,1.0093263840392916,1.0000997012843738,0.9996765962206628,0.9977900582100954,1.0014859722249922,0.9960732244074615,1.0018949889720135,0.9949730363002943,0.9991234282144242,0.9948068126083324,0.9915705933887706,0.9925631030533413,1.0015241529763743,0.9974491276146409,1.0070413544319523,0.9976785011070686,0.9973548880000019,0.9928078599463864,0.9999347634023643,0.9991659431622817,0.9932349085997064,0.9939891321263039,0.9905070102670579,0.9993277764631393,1.0043889195862135,0.9983169391773103,1.0012884690856625,1.0017606042479898,0.9925539528332604,1.009039725700306,0.9937351958973012,0.9985050308412231,0.9872806867076849,0.9944909747476182,1.000384730051404,0.9975247171377157,0.99999589209707,0.9922085803287062
5,2811650000,1.0003846438689918,1.002447070402622,1.0010291463356618,0.9921038989215853,0.9921231265743203,0.995554245387548,0.9973578770747339,0.9984863528154735,0.9893908540882073,0.9956503961614209,0.9992698975134964,1.0000210044501034,0.9978205814072115,0.9944672212138774,0.9935358609774481,1.0057441248055565,1.002569742198281,0.9959476766799061,1.006412940862877,0.9944503803774275,1.0057216472580373,0.998881993592031,0.998961909467731,0.9971211693184372,0.9941149899464068,0.9961860300267518,0.9906334553899618,0.9942834623724003,1.0009261858127985,0.9936143456705682,0.9922676473820022,0.9991338184590667,1.0034312109439367,1.0013134624338893,1.000435949197149,0.9987356414274621,0.9972854970540271,1.00285305288955,0.9958794961200218,0.9953472447354608,0.9913280825589558,0.9992923552593499,0.999785192421365,0.9959656557503849,0.9971557086184155,0.996308076635592,0.9994892156462728,1.0009547328518857,1.0020968911260197,0.9987080066564858
6,2811925000,1.005252596556126,1.0004962443788654,0.9968562138837131,1.00440933244139,0.9983807444334426,1.002811002693837,0.9985357160162358,0.9934511923496894,0.9959120040924635,0.9958702888353506,1.0010116868715488,0.9919831364893651,0.9936443737789283,0.9952235965038214,0.9940529794449431,0.9941948567232506,0.9956021827238865,0.9972388716124012,1.0071040112788157,0.9957310956134897,0.9961550967389716,0.9982906359621385,1.0018689115750823,0.9971040592772092,1.001381514927692,0.9999135054193378,1.010029593077686,0.9980956423838643,0.9997388671136571,1.005578438955044,0.9965027107446818,0.9968213324921855,0.9975279560386464,0.9978301032437824,1.003268141551581,0.9931440302565421,1.0007466374351692,0.9998619936399995,0.9999431420202066,0.9995986262431429,0.9952543307785995,0.9935750686786224,1.001639579042488,1.0002719589890525,1.005883517399837,0.9939449037647677,0.9956818598885809,0.9922435022379625,0.9990630419897252,0.9987516107031056
7,2812200000,1.0044229204316804,1.0015561473336736,0.9959281702520446,0.997952274623855,0.9961909303038458,1.000007324515042,1.000011747739654,0.9954743972476974,1.0053793692314767,0.9946320727062868,0.9979307347310697,0.9996301266645035,1.00164425941104,0.9888596464260461,0.9968876673654614,0.9984886698751481,0.9955216571763652,1.0108503564462838,0.9970444949079259,0.9994096387808208,0.9967035672331553,0.9984795103033001,0.9939237267003294,0.9973490599940887,0.9938157891902081,0.9983032276558771,0.9987839670005872,0.9946775662028088,1.0040154958290928,1.0021189211031412,0.9993246371590998,1.0012316112283324,0.9996865440239961,1.0028085786137504,0.9960269669571771,0.9974167149256036,0.9975930866675622,0.9947356047531475,0.9958562108682237,1.0003718208517731,0.9993231449195762,0.9895027559996428,0.9964493692628179,1.0014820830528453,1.0039599412099487,0.992511754572738,0.9936993945193635,0.994615460606049,0.995730835067965,0.9967535624169545
8,2812475000,0.9932500809253221,0.9948384456202118,0.9958114828587818,1.0068604373329941,1.00751271508609,1.0018443490044602,1.0013457532991767,1.0019785748982937,0.9971078355760455,0.9991487833994831,0.9944192229507614,1.0027259816065295,0.9999863877898275,0.9968760544922095,0.9957091647165399,1.0014548182668166,0.9946158427265507,1.0027282101081858,1.0047783698094437,0.9988993316573254,1.000297686028649,1.0002846500787073,0.995647480186856,0.9989042584991493,0.9998953207362963,1.0026149440414254,0.9978739018746384,0.995932646242313,0.9994625289760841,0.9952148305056264,1.0027561246299763,1.0031965751125196,1.0010689293187203,0.9967066493810032,0.9958551391021739,1.0014756687760622,0.9963864386698076,0.9968210183322722,0.9985585551995396,0.9974188558384411,0.9919237663452403,0.9993218462077759,0.9979904297227473,1.0003854239024417,0.9981030314267512,1.0017735306713529,0.9920337806516412,0.9943562411175344,0.996774995388332,0.9967396650933578
9,2812750000,0.9981031421235255,0.9946853689286602,1.0055492267197288,1.000812266038549,0.991214350694815,0.9993318391255203,0.9963986295112841,0.9952608664953168,1.005711261693978,1.001054328405497,0.9974806659802452,0.998134046218629,0.998523735929741,0.995423986987603,1.0001309350001986,1.0005240349582833,1.0001686630922075,1.004655207716778,0.9987597829243051,1.000539151444892,0.9974342120024898,0.9995281407230985,0.9983970882350292,0.9998777408664471,0.997112464562016,1.0044528292193224,0.9961179832829077,0.993485573974434,0.9988976964195241,0.9988780201691629,0.991965673860798,0.9977548165852842,1.0002067633183613,0.9954116788401446,0.9992420410763582,0.9977453853097892,0.998276516664565,0.9973238887104002,0.9987417318141805,0.998707511077973,0.9919325099933143,0.9958844904758793,0.9959287257172258,0.9999485001471462,0.994109529135776,1.0029922069474821,0.9930087229274273,0.9983544967772792,0.996764810552688,0.9987262401061228
10,2813025000,0.9975611039067653,1.0023597617060318,1.0024060415044338,0.9965905243357406,0.998167910452439,1.0004258396491468,0.996667411459462,0.99409517402888,1.002059356129233,0.9991364477246161,1.0085110176587282,1.0020476848107716,0.9984136800638784,0.9951119556509153,0.9953795315171126,0.9965965873826658,0.997670679189446,0.9912981443872453,0.9970406496713718,0.9991030439912085,0.9979056545179033,1.0013836407378907,1.0008297183414168,1.0007476452210335,0.9985862025719254,1.003185801306475,0.999483636839338,0.9990742159370539,1.001019362969326,0.9960726148633106,1.000867571061233,0.999050646282485,0.9969439692445343,0.998862799483658,0.9994286401960334,0.9957696035721023,0.9871304389784095,0.9887944397436681,0.9961734350353908,0.9996514373410009,1.003789487947461,1.002449188648487,1.0071932814844269,0.9981859349640583,1.0017651128964042,0.9917109212725302,1.000694610961136,1.0007857510508078,0.9981367607504011,1.0030730719264016
11,2813300000,0.9976049109079875,0.9986677538126718,0.9918828768369161,0.9967726523601702,1.0024527912716132,1.0001602336838376,0.9961453932110129,1.0003776120226533,0.995720356536883,0.9959653198913359,1.001835148243744,1.0021472152928186,1.0046279241117866,1.0033808211417539,0.9945481092268653,0.9997238593848861,0.9946199420477879,0.999205449150368,1.0000030382304683,1.0007753742116048,0.9996912972712958,0.9968096447635215,0.9976740293627469,0.9970744631445625,1.0000409071559846,0.9927527887922809,1.0000165147851299,1.0009106587321515,1.001177494220944,0.997273211677929,0.9976810796165366,1.002485551091459,0.9997886172775672,0.9970497072549416,1.0045394782462833,0.999128720325104,1.0032105437431564,0.9995895980757746,0.9948448051571543,0.9939798804817677,1.0023958964273578,0.99777141014434,1.0047869314155873,0.9939343675246073,1.0009980134496945,0.9933349542235151,0.9947768054409633,0.996194759472501,0.9980541929995302,0.9953654420037613
12,2813575000,0.9996442033380375,0.997516216619634,0.9982801177726652,0.9978533341270511,1.007890250944463,0.9987551024078081,0.9962180732139376,0.9979849345676464,0.9924352356684495,0.9985843940606993,0.9994367705845508,0.9976390471568078,0.999133532546019,1.0040627244880254,0.9957189669281625,0.9958104864022086,1.0022750841218577,0.9981021658043581,1.0021208888136386,0.999584939529128,0.9933340309719326,0.9959979912075951,1.0048370130532447,0.9999724447544227,1.002821847366997,1.0012729162141234,0.9945107709339719,0.9986426690750049,0.9971695896374174,0.9968647358916083,0.9998679524669124,0.9958718153896604,0.9900822624003657,0.9935279323829322,1.0002083388896303,0.993420286530516,0.9936407323892066,0.9988162622654371,0.9971629050860213,0.9915524154807573,0.999081264104414,0.9981921984074154,1.001946035182039,0.9984077314116468,1.001331158730771,0.9978482096159327,0.999515765790864,0.9938072196664198,1.0001430454616227,0.9888735188472048
13,2813850000,0.9933207658351946,1.0028015944966617,0.9927702716338257,1.0019712225119788,0.9951798116406093,0.988437918651296,1.0016201686185802,0.9988848678122447,1.00194418866849,0.9997640658035757,1.0027524283946438,1.002916185304831,1.0015127516515714,1.0038692306768824,0.9969845698884799,0.9964576375281778,0.9953448170667358,0.9993073485421122,0.9964067784806943,0.9932903297992037,0.9915430551294505,0.9966204597703261,0.9977219285661814,0.9975640826218709,1.0010382119939052,1.003514122302402,0.9956108166579956,0.9959831096044854,1.0016399057330758,1.0002862868219056,0.9992255599190484,0.9937333513074914,1.002547339206583,0.99661090691587,0.9972028604063122,1.0028562744789993,0.9984050024927419,1.000876167209925,1.0020024995377474,1.0001799833586638,0.9926699358170075,1.0018718065237435,0.9923200627890009,0.9990819783242509,0.9932157018380394,0.9983727136251527,0.997199033123268,1.0076904028050135,0.9947198167977424,0.9971975986285493
14,2814125000,0.9991040516636175,1.001909142216959,0.999020573136252,0.9921084113169293,0.999637617145126,1.001132039842075,0.99485412861325,0.9938109789125542,1.001459401435889,0.9991537013992531,0.9955267107864931,1.0004213901984318,0.9947836901886749,1.0005622347378,1.0053618489349396,0.9999419431759922,0.999740582335582,1.0006659429997409,0.9956291318702256,0.9934124463475319,1.0028481227658745,0.9980806562817379,0.9940044763445967,0.9982863593263195,0.9948913144876927,0.9975288318277928,0.9993756450212704,0.9995778134028462,1.0059359467532811,0.9937011044053994,0.9995094419169632,1.000139696979548,1.0061852058231011,0.9949686823447345,0.9985039911736429,0.9980274443448451,0.9973153531044395,0.9939214185707732,0.995301770981626,1.0002335317520525,0.998161269347717,1.0027060072416218,0.9970600348573407,0.9950823208795881,0.993675804457956,0.9938985153352713,0.9985233835781596,0.9919633626697438,1.0026405869449637,0.9997660029318203
15,2814400000,0.9937537380392372,0.9939569064980391,1.0008229193568716,1.0018798684863588,0.999346426117351,1.0037111508744552,1.0049432436807475,0.9990379569711083,0.9971642547672097,0.9969649008028146,0.9953941934005373,0.9988347368275938,0.9985882862669625,0.9986637267443672,0.9926227877256522,0.997496927081238,0.9992709497670669,1.0022716563408682,0.9999807819770358,0.9973560588545224,0.9931682276426944,1.006594060956729,0.9949738481799917,1.0036960024402832,1.003931182797355,1.0013662335126157,1.0083649839671591,0.9925918401902791,0.9938428895538147,0.9979549806526112,0.9907974742475145,1.0028492978947061,0.9928939233275427,0.99559848316736,0.9960314298653224,1.0034841906203071,1.0028565295128589,0.9947211642325634,1.000650296992821,0.9923079493673302,0.9979780221666781,0.9962055271821152,1.0013204203073776,0.9994844807702776,0.9972384253955926,1.0002466979003157,0.9930732423836364,0.9949595331929647,1.0003684856322865,0.9921461757385233
16,2814675000,0.9987116502767523,0.99818738345375,1.0015467562173177,1.0014769779634172,1.0050317556107287,0.9971175402692616,0.997563348851614,1.000618081734475,1.0017983575658693,0.9986373973808023,0.9951834561359991,0.998078838686402,0.996881992531997,1.006350660737459,0.998447779369462,0.9949016248334106,0.9960528871197702,0.9927277694480262,0.9961734287194766,0.9996151242553205,0.9952852210244056,0.9953652480407266,0.9948641532274453,1.005173823679498,0.9907729817065392,1.0036494283573154,1.0001639046792057,0.9926422129878202,1.0007562762601603,0.998493691735551,0.9981480408735682,1.0054341024749418,1.003221615340198,0.9970983893227867,0.993365032875479,0.9950449637868725,0.9976556635731612,0.9966481043716431,0.9983233295544879,1.001571921954144,0.9989257747248597,1.0000024353214163,1.0046893805967085,0.9982403107171864,0.9995812198481101,1.0005468820591947,0.9942074374479783,0.9993734278070453,0.9973003866989372,0.9947976730070291
17,2814950000,0.9999512533306948,0.9970135093864118,1.003184224600183,0.9981339640951169,0.9977853210893115,1.0038235701457594,0.9992757134457201,0.9998978941843654,1.004528126981591,1.003958884844337,0.9984864494292384,0.9935185142129768,0.9991955817870769,0.9959014948464417,1.0029409482515015,1.0018179920102182,1.004339364089528,0.999031129545956,0.9991854990914286,0.9959484609380429,0.9933311020927338,0.998800224695314,1.0015627888117704,0.9913407877825436,1.001456474719401,1.0027304270534265,0.9929016117314293,0.9930721930418888,0.9952401893035779,1.0005874992774608,0.9911679872069916,0.9937078268004929,0.99603361640425,0.9969552195359211,1.0003879021861908,0.996495311994728,0.9982134405280289,0.9996202502204674,1.000654765621012,0.9984491640612756,0.9976724175915448,1.0037897979414188,0.9982681795446503,1.003978581034533,0.9970686644654827,0.9938862151234461,1.000848547982205,1.0007951693656065,1.0004676661171694,1.0012253659392278
18,2815225000,0.9942111931963559,0.9959117898455231,1.0006538033263233,1.0002474552461829,0.9960582473657911,0.995931881374467,0.9985469241997315,0.997236357474599,0.9954481030323096,1.0036286535287606,0.9947565530183639,0.9949126733963661,0.9958584427941437,1.001596139854381,0.9976246002983767,0.9980578763546385,0.9967637787234106,0.9898457412458883,0.998178323649849,0.99970618478607,1.0008572602343409,1.0030692678674002,0.9948255823150288,0.9953913840487661,1.0030346696489358,0.996220274325492,0.9978067643905558,1.00125059549235,1.0028007056719455,0.9926720160374549,0.9944075369786999,0.987585640385504,1.0007024940530105,1.0011608437549722,0.9976493862985348,1.004770258390223,0.9974401662972303,0.9973219884605432,0.9924344146210715,1.0075892452066582,0.9974257115262861,1.000790215236072,1.0029343907693897,0.999891396164798,0.9879615216528208,0.9992469057038754,0.9988738546586072,1.000686269263719,0.9954527722746892,1.0005378425047697
19,2815500000,0.9970810521752559,1.0021119259655096,0.9955315392081752,1.000410269091821,1.0033508386273573,0.9976672151543868,1.0037283554208183,1.0073923827917743,0.9994505988852666,0.998929150994884,1.0016784843811812,0.9971791812017986,1.0023307472151817,0.9939425461460112,0.9990141299221424,1.0039947544610315,0.9998723349242007,0.9999846605110037,1.0005819683522015,1.0006495498024708,1.002419707713102,1.0000560641891747,1.003204848948645,0.9983736900016404,0.9995849879860084,1.0026087688041643,0.9910851716891619,0.9950205666009417,0.9955450121288005,0.9989439708621175,0.997334160109616,0.991545815598522,1.0024933619184413,1.0023278937296527,0.9988484522171686,0.9992705339215172,0.9990042071637156,0.996446118407355,0.9962679667281263,0.998799527008119,0.9966898411693363,1.0016162510968574,0.9986347399790488,0.9981664895207573,0.9997979437315977,0.989082436383046,0.9932807714760463,0.9957754538148456,0.9996367436959074,1.0039818104026341
20,2815775000,1.0017079911855626,1.0023509278661946,0.9989341423336523,1.0032827013089554,0.9988868874145502,0.9978350426374665,0.9985004162952406,0.9975227581155226,0.9977481026158056,0.9987419078572698,1.0013383258549324,1.0012866230015476,0.9979385172540015,0.9993767167418566,0.9936044810869811,1.0020224663689847,1.0025849495839982,0.9974992082379203,0.9952978596052199,0.997939179183744,1.0000606388611015,1.0048983787798356,0.9952571449680042,1.0019022799959512,1.0012520427715366,0.9974945450589675,0.9974761912563186,1.0050889853717746,0.9987633520398707,1.0016045674523366,0.9946758110065814,1.001214653798884,0.9980398132249684,0.9957601654195796,1.0023846208870888,0.9985724271043364,0.999390590030482,0.9951215157067683,0.9932246239223588,1.005680492856002,0.9967243433191798,0.9991407424575879,0.9967182423986904,1.001870872959208,0.9992375079587834,0.9970348679304967,0.9934092682659578,1.0009325324529734,1.0054004023341028,0.9989462187718862
21,2816050000,1.0052775089736665,1.0010993122233287,0.9954228466059531,1.0017306093216862,0.9925095130632801,0.9965117067792048,0.9999866453008888,1.0016668685589725,1.001668197042646,1.0029046498071534,0.9961187196754168,1.0048315252369677,0.9952469434464823,1.0015053572226573,0.9955862533757305,0.9975948324877734,0.9950360552418107,0.989495200703905,0.9924942823605292,0.9998840817179704,0.9979391261332146,0.9937291853597717,0.9992490958962054,0.9966986469623327,0.9964692037992011,1.0022167389254824,1.0040330456703095,0.9943412739220172,0.9966494081679148,1.0002205285412962,0.9979570794113303,1.001391367626002,0.9950168609571446,0.9947416192777694,1.0013195327295754,0.9974673171591133,0.9967472671383442,1.0038095026213407,0.9938854005125509,1.0045612229628431,0.9981924276253902,0.998566386392058,1.0005495960803956,1.0030335240914192,0.9894149906222922,0.9961326160872966,1.00062864112762,1.0006936975205754,0.991862723349995,0.997265889670558
22,2816325000,0.9986621197425921,1.0056833579122522,1.0016114230655389,1.0014562200437898,1.0029439441875063,0.9992301777693676,0.9977167266635129,1.0010394094185628,0.9987999764168001,1.0015029385802574,1.0055127662905112,0.9978501010432498,1.0040246845929404,1.0008662872602487,0.993193618002417,0.9984139095555866,1.0012345630189636,1.0024458349319814,0.9974739091664637,1.0023681111696532,0.9990958014813949,1.0037830583206508,0.996485605399056,0.9954477003233629,0.9952808823694403,1.0005675861165413,0.9953282043024785,0.9994059548311431,0.9992778710404782,0.9947813514059459,0.9948242791262744,0.9967581088218913,1.001042325527302,0.9972798545864776,0.996772187127025,0.9917506866370902,0.9985856654778229,0.997480295780336,0.9985373645028549,0.9932059595030958,1.0016568924603058,0.997185889273016,0.99361604139119,1.0038091411184427,0.9967240408304212,0.9966248795931565,0.995819569710489,1.0048638836063004,0.991137203964757,0.9911211120946418
23,2816600000,1.0040457262360147,0.996062641610039,1.0026958154953831,1.0034163381390622,0.9940082201002884,1.0008313976599401,0.9935739167018367,0.9927570852522098,0.9952369151275396,1.0007684839908537,1.005609548081043,0.9987766478450167,0.9890391670651222,0.9993175494139722,1.000815856057339,0.996589318490649,0.9945159620657877,1.005520491989473,0.9971938770479596,1.0088001958418582,1.000095571428257,0.9959269230503283,0.9916673584911462,0.9937072040623941,1.0015639195703383,1.0074408138154909,0.9990350818751442,0.9943993506039184,0.9989233999716352,1.0027768793127607,0.9981453937472565,1.0064408291250861,0.993254633976125,0.997759441334279,0.9964159687856412,1.000318416905416,1.002187505645971,1.0040123836617743,0.9971538310489803,0.9972065101039593,0.9946701359240276,0.998116979529131,1.0019457243970222,0.9976931139486663,0.9985073914017477,1.008077270108441,0.9958339825799205,0.9993616023582477,0.9934039633587016,0.993968799640372
24,2816875000,0.9983770653915666,1.0028747191716871,1.000642393606765,0.9982042352744304,0.9972955772215365,1.0049503673841809,0.9967504270322277,0.9994976543690112,1.0029399307831033,0.9977291367520613,1.0007500096348079,1.005214058897277,1.0017288079907536,1.0012684757624664,1.004690528565947,1.0034413671098896,0.9898227215936513,0.9982527633883085,1.0004519732623074,0.9982663497769123,0.9980474896013044,1.00100637974054,0.999481983498218,0.9935675071295251,0.9959256328892325,0.9955010157214347,1.0055261226495193,1.0042581372834753,1.0007691591974883,0.9938531432765831,0.9909793890252536,1.0019728099399545,0.9921012386211745,1.0016887422734653,1.0046040107430205,0.9979856478041496,1.0039243753711582,0.9937604982896346,0.9943813926940098,0.9985223696212392,0.9951657313523522,0.9910874431501041,1.002765458159004,0.9956308303653252,0.9976754134584582,0.993787684491713,1.0036073669395693,0.9997359519210012,0.9996013964947085,0.9965644031660991
25,2817150000,0.9918758662004463,0.9999036696828616,0.9939146954259367,1.0003666789941845,0.9946972229077193,1.0005938923763948,0.9996090758371712,1.0015533343053056,0.9957855817390172,1.0054444026183853,0.9942583529190713,0.9992958642889256,0.996960172775964,0.9982389974549268,0.9984704884398792,0.9926206490105584,0.9982945486221985,1.0035801937772628,0.9975485766946847,1.001158517254834,0.9942234613572724,0.9937556682523591,0.997524399410085,0.9982471984449016,1.000437140615873,0.9967020006332418,0.9976009712016929,0.9984502416018554,1.0012956601179885,0.998728082402596,1.002463580794648,0.9998161365445705,0.9983799173871484,0.9948798559737377,0.9984914409397733,0.9967735716231465,0.9987333532450872,0.9991885719220324,0.9978865845060214,0.9958088534002224,0.9945645337320904,0.999537662953066,0.9999968221874778,0.9969634475238461,1.0006071387125484,0.9888488762398715,1.0020572593679002,0.9946977937480205,1.0067803709846663,0.999402329229005
26,2817425000,0.9957691436011719,0.9945877842737498,0.9966746051995682,1.0010791326651467,0.9968817668517875,0.994633830133347,1.0054719172512505,0.9980105671195283,1.0053686702119635,0.9982171614310986,1.003971075853119,1.0013620480056178,1.0019193879794301,1.0028061340121748,1.0004671838832606,0.9978222029790584,0.995547523034011,0.997966902479076,1.0032496757411338,0.997715129740546,1.0002265548296752,0.996715088834977,1.0006811788640393,0.9944978829069363,1.0053251718858995,0.9987077112484674,1.00789045327077,0.9976155269299575,0.9893198697159131,0.9952662095721828,0.9956597499890505,0.9971901048074473,0.9972962467606635,0.9955332130206853,1.0024735033389671,0.9925720088134721,1.000812525529305,1.0025838963217082,0.998580220368639,1.0031142430456292,0.996483560087235,1.0009515861351939,1.00011102244294,1.0065729586886565,0.9949996618913487,0.9926067666158112,0.9936244740716366,0.9973493880976122,1.0040081229406848,0.9968485844545305
27,2817700000,0.9986688951856472,0.9986047224921861,0.990055896036128,0.9998696145432695,1.002855041151556,1.000196810799507,1.0009456245516672,0.9986634959702767,1.0018522479018142,0.9998564235352447,0.9980167448758872,0.9968446467730397,0.9990485561579788,1.001731971453329,1.0013726284036388,1.0024479600423137,0.9960108542396753,1.0010658509225776,0.9990357487816504,0.9986966520455686,0.9947227255633024,0.9966594469447114,0.9999339503405851,0.9940284840296514,1.0063939532099697,0.9974872926567514,1.0065355489668386,0.9939575494864245,0.9953140136092005,1.0006300126631575,0.9992842532775862,0.9979198873627713,0.9999464235908847,1.0043248011727237,1.0000709094850397,1.0018578188166496,0.9967791973931535,1.0000672486586588,0.996454116164354,0.9950844730907007,0.99554040060598,0.9988265871832355,0.9972852127844783,1.0038025608332233,0.998263196705197,1.0005443397631706,1.0021321381910973,1.000178573362223,0.9950635819809203,1.0006174131441377
28,2817975000,0.998997670996527,0.9932510361204578,0.991645999070709,0.9976945390785903,0.9957015425306035,0.995696884147683,0.9947950918463229,0.9988380153044105,0.9978368140351772,1.001223305504839,0.9966503919393259,0.9963739485784627,1.0004024196999117,0.998555944142296,0.998038053703113,1.0014397952653096,0.9980734582883465,1.004955129323064,1.0002385765081272,1.0034471847221194,1.0022947161983948,1.0040575556775966,1.003258932941345,1.0051538420381971,0.9993498014365068,1.0027849421808441,0.997676674508376,0.9996187766283449,0.9930257142297183,1.0089457006965046,0.9929748376663085,0.9987235705163958,1.0003123356847727,1.0016263489046495,0.9976699324038192,1.0030430177930947,1.0013034307569604,0.9988120396596983,1.0024717954232534,1.001216465579997,0.9985779585172934,0.9969624324365716,0.9984463295964173,1.0009956530262956,1.003771301802189,1.0022196812826252,1.0011443288067081,0.9995180267353904,1.005047107987278,1.0077259101181826
29,2818250000,0.9990741162022747,0.9963227538165111,1.004257568114388,0.9994437896946389,0.9965965352290119,0.9973800094165837,0.9929353936271242,0.9926412844596395,0.9946061565327369,0.9942019318877867,1.0082602432772945,1.0019359851830665,1.0007686676416274,1.0031441160820396,0.9989388786998122,0.9955743308609035,1.00327459030278,1.0030441113085236,1.002667977493548,0.9977025903703713,0.9950769232937929,0.9976532241993527,0.9980232220790407,0.9974446936748216,0.9969639658062722,0.9925388409835714,1.0091479795815534,1.0057455285049768,0.9991575238190576,1.0022000201713803,1.0029586604998804,0.9981212835637586,1.0007529907828152,0.9957607927593434,0.9966919030310519,1.0012764046525693,0.9902024769891823,0.9980395995284724,1.0018778898295255,0.9937621052757827,0.9964665980757489,0.9966734222482353,0.9953969936867831,1.0006382841644783,1.0005222346386786,1.0042787287711559,0.9933166372740898,1.000265488004696,0.9957541130476758,1.0026920882804813
30,2818525000,0.9991524726665963,1.001808964414677,0.9989207929462006,0.997371624856436,0.9966083339311419,1.002385315945977,1.0029724930068444,1.0047568606120576,0.9966955700959482,0.9992633263591891,0.996405557469109,0.998211495441962,0.9970620568059277,1.000646996634387,0.9983182330203897,0.9978886826040217,1.0035500412109117,0.9956393265041973,0.9999079716787095,0.9935513342865476,0.9989715849942926,0.9915535238533104,0.9986393258540857,0.9913866247965617,0.9935604309717626,1.0003952175772293,1.0013836867835888,1.0060203590040264,0.9995073109111562,0.9996800814006541,0.9924516581599369,1.002601022641353,1.0013003715967026,1.0030366761364413,0.9968322504155184,1.000079504168381,0.9982180174633039,0.9961625446884351,0.9931030306680674,1.0032365347198355,0.9998451434020503,1.0065551331575473,1.0033927115571386,0.9971642819021542,1.0031244562127246,0.9984867362290211,0.9996533905789374,0.9912542598446537,1.0015405008948994,1.005900163302535
31,2818800000,0.9980356774726153,1.0016045420836543,0.9975368403569662,0.9996739069963008,0.9980087296976565,0.9947813386852244,0.9977617281152668,0.9984175726679161,0.9978623213375182,0.9987159318713136,1.0022469876471207,0.9965947918231249,0.9984686293783875,0.9991563767917149,1.0049191627893201,0.9964543482684513,1.002624883744286,0.9983609013345826,0.9971827454198664,1.0063745643475441,0.9967196650482297,0.9996775276306871,0.9934553345731538,0.9960925813682802,0.9990371233885564,0.9934848514903034,0.9942336530558781,1.0017586605511142,1.00249489182207,1.0009858601151866,0.9997342666205218,1.0005999686928624,1.005714919249329,0.9984619398074107,1.0000526368619616,0.992190398293722,0.9932876489498065,0.9975799861732845,1.0041109123471565,0.9947230464007107,0.9992809873555667,1.0005919965159087,0.9968767231394177,1.0036086444177912,0.9945807823535131,0.9907522659866438,0.9976043514492504,0.995663955060584,0.9961197760116792,1.0030047268699473
32,2819075000,1.0017364807866074,0.998423074211879,0.9945621461666134,1.0025895224180534,0.9961179149526272,0.9986629534585325,0.9972616397618803,1.0009302069295474,0.9988805809679079,0.9960716988586945,1.000345014919937,0.9987189965660561,0.9933326179077081,0.9989662101441722,0.9972292915121983,1.0033317932665684,1.000142371561163,0.9936839927499005,0.9943725219478456,0.9872482872206049,0.9970139289998463,1.0035363182384243,0.9976460509550437,0.9998481132944403,0.9944551832063304,1.0022522398511342,0.9921820077225414,0.9952709667445256,1.000142283874505,0.9959198850480407,0.9969415458211998,0.9997429865821562,0.9937561083399493,0.9984572053288099,1.0010830859261006,0.9990510364955187,0.9999915040782775,0.998709623929634,1.0010158200404224,1.0049004677913949,0.9984274328207741,1.0031439978193073,1.006900970553287,0.9948407909300013,0.9971669746579033,1.003849574060488,0.9903348887998122,1.0007212251352247,0.9947579414783401,0.9941086784564706
33,2819350000,0.9954895318033393,0.9970418609162112,0.9944800917156381,1.000941920182412,1.0038489075840153,1.0059039680291206,1.0038986400643963,0.9948217824254313,0.9982989929864301,0.9952429124733528,1.0124708210359725,0.9975399902634612,0.9991281199772348,0.9985609863965649,0.9990711411532471,1.0026582895179623,1.0022815777040277,1.00807003416017,0.9983513276977952,0.993805098138072,0.9940517262916281,0.9931327295346389,1.0070450422895438,0.9965285315755519,0.9957350862269829,0.9959868086880477,0.9976539359399696,0.9939470886997768,0.9992100915465978,0.999200690296572,0.9997103577221548,0.9934295754283238,0.9909879656472211,0.9947847535361846,0.995918455813712,1.0015443819071783,0.9962379174312823,1.0048329421988127,0.9987242797289585,0.9978176553263617,0.999140993449881,0.9969140466639623,1.0032676643018816,1.0084570973523643,0.9971295871040605,0.9984360635594433,0.9971882069641962,0.9995758761005427,1.0032785675006684,0.9982174716527988
34,2819625000,0.9923901519579829,0.9892972568085159,1.0037199161020023,0.9985892671815653,1.0033010889426048,0.994154552911505,0.9924541715888573,1.0035476233726206,0.9994181984716779,1.000095955034915,0.9988754689481631,0.9976289150243174,1.0006707831345119,0.9998569155556604,1.0037049845707136,0.9983310473641741,0.9994068994369347,1.0012482270549614,0.9995412459680236,0.9966386287677704,1.0058150882624688,0.9957535101440299,1.0020015057244145,0.9932231553363746,0.9955253108414317,0.9948582979790788,1.0014961260822688,0.9948057382453401,1.0018790076752306,1.0012754261996786,0.9994043347363989,1.0000667382914523,1.0018793883334458,0.9963511593676286,0.9957799813093714,0.998809479859133,0.994788322008024,0.9914235677667267,1.0000866918459361,0.9939001810352046,1.002215284579639,1.0002626246416373,0.9923797214280997,0.9966680239507,0.9978499711302432,0.9944888417335738,1.0021912508598039,1.0002060857770054,1.002241335555862,0.9934101314793781
35,2819900000,1.0016618770104584,0.995601791194922,1.0035351998995539,1.0004653849317433,1.0019184134531431,1.0010854079089173,0.9999829331278726,0.9993773923689248,1.0015626197891963,1.0001496383386939,0.9985057684133466,0.9945896335242417,0.9908106809670566,1.0006638911091033,0.9976871042412896,1.0044469126665985,0.9997881448278992,0.9940956994107151,1.0003543056780262,1.0033070286334436,1.0036397910334163,1.0023292367074892,1.000587362893105,1.001708156103433,0.997042192358189,0.9975275065613696,0.9964359266720169,0.9972230396074845,0.9999866469146036,1.0008269284554079,1.0103018597992939,1.0019987896598141,1.0013966406767358,1.0016881267791216,1.001315219572109,0.999806196023544,0.9995232894465276,0.9941727963702759,0.9957911770758429,0.9950767984671062,1.0001887430712042,1.000905830027497,1.0002333832477006,0.9997860580220045,0.9942381129344242,1.0083971840583439,1.002324406607769,1.0015183514685122,1.0052638994535439,0.9989417926827349
36,2820175000,1.0035592410039864,1.0053900962631237,1.0022367243202523,0.9974257795852279,0.997709055208077,1.0002060729851778,0.994206948612771,1.0010711250595055,0.996877571344204,0.9990981343637287,0.9991716856856184,0.9993423615884168,0.9987544892721695,0.9942759326034515,0.9995030829823999,1.002883200724793,0.9949954508762473,0.9957236729014325,0.998117401595436,0.9945596286227363,1.0025497755569146,0.9974283183850106,1.0030150750448625,0.9979467805955152,1.0013462476676842,0.9984030130006977,0.9948313885097436,0.9993875663963616,1.0028860147849596,1.0010572687847974,0.9955948732251493,0.993221642945443,1.0006337393744953,0.9988260139998318,0.9973534267892734,1.0037985725985645,1.0043295450867853,1.001560953431501,0.9956668793900979,0.9944832502845887,0.9953636308704762,0.9988147104584633,1.0015478580552637,1.001619948322934,0.9940168701609019,0.9939535635485676,1.0021820928802847,0.9975226857273234,0.9998152004008216,0.9970679400030106
37,2820450000,1.0026887670816862,1.0019347287661913,0.9971224176668145,0.9955873528409731,0.9965572532118839,1.0048039695473396,0.9956493337875821,0.9973922801317201,1.003627056709751,0.9948769219660416,1.0075521818430688,0.9992197942005168,0.9995706789990294,0.9978193155598407,0.9929170604555756,1.0038024782348207,0.9971704530615244,1.0031099556464786,0.9990653774321739,0.9961541879763678,1.0028782843262312,0.9970003759679454,1.003152009628857,1.001235716030842,0.9938629984253442,0.9931306352668675,1.0093660050501876,0.9926832517707656,1.002961202835612,1.0005332502334527,0.9966375308001953,1.0020797253651117,1.000377236246264,0.9988867443119304,0.9943545732966943,0.9991000976946518,0.9987827839669519,0.9916409775836412,0.999489149911853,0.9961060224500345,0.9901067250998772,0.9962233356049037,1.0000403675508447,0.9985204590026097,1.000725794473286,0.9993940044216404,0.9988908023619354,1.0011863757979889,1.0002553090225086,0.9921393474610897
38,2820725000,1.0000269515742821,1.0012506074834597,0.9977193753134722,1.0044926660433333,1.0005403480040367,1.0007119643090678,1.0030868101618382,0.9984600585452019,1.0033026892487098,0.9967467762632882,1.0026706585394745,0.9966400914527221,0.9931349936355427,1.0007439802852562,0.9988417310458084,0.998395895522133,0.9953578309009328,0.9995035573496106,0.9984905227116452,1.0025652959487605,1.0037645979978183,0.9980776083883066,1.0025494689207688,1.004199273054352,1.0052541313417587,0.9948241911127605,0.9976173541861789,0.9936504757703704,0.9996594263345181,0.9989065380781817,0.9989321948628502,0.9979271275206313,1.0000979834506585,1.001731463448279,0.9991566250427718,0.9944128989730278,1.0030148986211969,0.9975733472511702,1.0016685527436766,0.9895878971628528,1.0009185908818186,1.0037250243477454,1.0053744987547009,0.9975436620854855,0.9950527585866137,0.9986758865604468,0.9933479707549338,0.9984662963745112,0.998908574956571,0.9943942702583701
39,2821000000,1.0018928457406449,1.002893066843804,0.9970035133926287,1.0057299381273888,1.00187344980056,0.9987973280113309,1.006318376708341,0.9963284107424623,0.999608111803427,0.9932436282214214,0.9966223594253897,1.0032408470672698,0.9993463978986188,1.0017214849709675,1.0038497822791805,0.992781926896994,0.9955268342391044,1.00184826807047,1.0014115354890671,0.9955923082124452,0.9949937505017852,1.0006793484162648,0.9979332028043257,0.9991525220542172,0.9996903117996896,0.9969764439954734,0.9968510283569412,0.9946470264200211,0.9990348516437525,0.9998522631197291,0.9958358647650546,1.0008746196639027,0.994385820771146,0.9994993930089218,0.9960463318962179,0.996006387943084,0.997264977107853,0.9950517545911757,0.9957318614192846,0.9990790049913336,0.9974346640890226,0.9977190572688354,1.0038606553921348,0.9990360049729545,0.9982764457367937,1.0016779024927154,1.000196526389157,1.005452036395471,0.9899166276049234,1.0010492943451097
40,2821275000,0.9967902484970997,0.9959036807131204,0.9973910659817947,1.0030568536975517,0.9971837650601555,1.0005009157877092,1.0078169232599719,0.9997845219743365,0.9956163711331887,1.001575142437491,1.0011977949778836,1.0006435105228957,1.000148783883704,0.994569634636943,0.993284634710592,0.9953504981879854,0.9926640865394395,0.9968418670926583,1.0006711041207716,1.004399654220346,0.998140590771478,0.9983441248242494,0.9986461116154305,1.002648413905589,1.0064205994574476,1.0004997719214423,0.9974875637794256,0.9994823466040837,0.9990872060743334,0.998232285051465,0.9935199696037152,0.9943047331886831,1.0049482343883003,0.9987666361932176,0.9981088180141416,1.000312572735671,1.0016996016540824,0.9996188059236935,0.9988865102991965,0.9989993886145911,0.9989891465153604,0.9994479224532486,0.9987890101391548,0.9927114034042426,0.9991372134555856,1.0059602902000602,1.0097749901654431,0.999759663874308,1.0050207364593335,0.99562453779628
41,2821550000,0.9894512387794888,0.9940993161655661,1.0009901866511473,1.0013367974127236,1.0016740123928598,1.001744891762249,0.99771105924042,0.9988303759014344,1.0054396234586165,0.9982418578344608,0.996612147324285,0.9995865106283914,0.9959834864062633,0.9978666343282245,0.9989368536143015,1.0063464811020477,0.9917206724711378,0.9977194862848473,0.9992054161870533,0.996748721805238,1.0043445991615025,1.0022108903762028,0.9948514358085241,0.9920823695268962,0.9987195237792416,1.0024940983983344,1.0014966697929675,0.9985145069924414,0.9991931961414382,1.0088495739185963,1.0071514080368658,0.9938880843690334,1.001991030012245,0.9936637684697953,0.994850854656686,1.0075009626679705,0.992746605016011,1.0043268484363508,0.9977162499331715,0.9908783978452964,0.9967957658867688,1.001181147811797,1.0040534884910233,0.997829785397393,1.0000760464921354,1.0087619392781093,1.0002130149338784,0.9958498344479219,0.9929321107998208,1.001613483573526
42,2821825000,1.0050335505433798,0.9997182998715699,0.9940103325751283,0.9989507088809394,1.0003365829687463,0.996541258406692,1.001868249874756,0.9988713087118843,0.9986493396731313,1.001149668565183,0.997045127434527,1.0038495239279348,0.9953192429694324,1.002052342663473,1.0023569840248026,1.0003253025534014,0.9997136529407896,0.9964183412812252,0.9948081630312275,1.0002303121723688,0.9976517604828535,0.9996297936186561,1.0000012186753957,0.9961126610926052,0.9987652604686266,0.9964639785329986,1.005350066346342,1.0022214975563595,0.998240091231496,0.999540875449887,0.9982097955848851,0.9951959832320336,1.0007366935927287,1.0030745957413245,0.9999608076776003,1.0055894519172466,0.997968816929306,0.9966761371578633,1.0100508539453998,0.9982503083396491,0.9946263107255414,0.9903964189545373,0.9977288247238929,1.0039360494948064,1.0000076214851465,0.9976731070972819,0.9971151107536117,0.9990218641407507,1.001115141498471,1.0000073492191917
43,2822100000,0.9999294923427408,0.9959488024253058,0.9933332190803941,0.9959254212610801,0.9943588972626702,0.9941660387020789,0.9930478577386336,0.9923813958846158,0.9998968587185859,0.9954929595467827,1.0035616875952662,0.9985483949097727,0.9986045996815736,0.9999637490225171,1.0002083024212904,0.995524135031004,0.9988849353864769,0.9979277326463805,0.9980010861410983,1.0021154212675818,0.9980425767492243,0.9994473445250135,0.9965015175018176,1.0081970169424828,1.001208087508933,1.0009825521699725,0.9935944623387817,0.9970635601911025,0.9947227732504659,0.9998506718554265,0.9990468165592575,1.000510492923604,0.9982049908547168,1.00439727076463,0.9963014695862324,1.0010837841730367,1.0028463840072301,1.0007579570836644,0.9969063473342202,0.9999473774140439,0.9985804214367432,0.9954209303877332,0.9972479191498689,0.9942405638478855,1.0007689326080136,1.003401287379952,0.9948569136278389,1.001017438834398,0.999917885113721,0.9996321163802564
44,2822375000,0.9990084477254255,0.9944206951927582,0.9992885401656729,1.003525459064978,0.9950050091581732,0.9970692778831366,1.0000995487471491,1.0034668521486887,0.9987584807417037,1.0011763594465448,1.0059631751636524,0.9918045124202403,0.9988896045118383,0.9997326350571204,1.0063157682798594,0.9949920941304082,0.9951360164478112,1.0056513488950967,1.0019399807751732,0.9922062689717149,1.003989915459104,0.9999705409663869,1.0018383167075997,0.9959356940380335,1.000835290000255,1.0005375668836798,1.0004603435218897,0.9998338226333574,0.9948877628696949,1.0006870000244779,1.0038281861912,0.9997868217205441,1.00420022424966,0.9986156964758609,0.9896099457074644,1.0020569871467975,0.9944231249124036,0.9964283933662043,0.9996955582073825,0.9930675226537721,0.995042401516409,1.0010494240045968,0.990429443652926,0.9971922591831982,0.9970044859861065,0.9991732742850344,1.0011386520022834,1.0019421191765496,0.9972246218240979,0.997796204729898
45,2822650000,1.0039199333958273,1.001348414593171,1.0048143284430031,1.000868641780224,0.9926925195044685,1.002075529577761,0.9945218515240832,0.9904164057368007,0.9985834639795907,1.001234627236213,0.9934620175890734,0.9937367744544997,0.99454016056994,0.9966159336065286,0.9990124802219628,0.9977423654393086,1.0025575546588426,1.0038183903519233,0.9977131541692132,1.0002042648273601,0.9927015723594383,0.9989663539217405,0.992381738156375,0.9924142631602864,0.9970931602377587,0.9976573815180326,1.0027909835750595,1.003188365512919,0.9994213733950921,0.996269877462512,1.0022084052514924,1.0029396137859568,1.0007765686654262,1.0003215679309079,0.9902602404934652,1.0003479855000403,0.9986911651254654,1.0023558740165885,0.9996673531402929,0.998000783070605,1.0055322620655642,0.9927720609672865,0.9988140275833265,0.9997982582620533,0.9956797081596338,0.9977102872820232,0.9997657043926687,1.0008197500721006,1.002476405235734,0.9952386063659747
46,2822925000,0.9920410319615169,0.9965541055278823,0.9899626540973068,0.9981884693413002,0.9995379105315992,1.001303810033038,0.9971496017944597,1.0010996620473998,0.9996270853204152,0.9982181176143969,0.9950402742672427,0.9959593729510112,1.0010237858080795,0.9985968063221755,1.0013579032157136,1.0044069066986592,1.000073574057239,1.004281580102369,0.9982224917801664,0.9976165024687347,0.9988108062457344,1.0022453627550882,0.9994397912888532,1.0000681744755902,1.0024843909814294,0.997878494652954,0.9976854039900733,1.0042221891675533,0.9944677749556585,1.0038176149241917,0.9954268741411821,0.9939839403690313,0.9933704297529226,1.0079849832276913,0.9945472653314444,0.993344202687413,1.0020280847744416,1.008526397963717,1.0008560111464613,1.0006578354503977,0.9932059303164216,0.9978463569928279,1.0011032304047665,0.9988339777816854,1.0052023736190052,1.0020646942864306,0.9997315507658151,1.002089381638282,1.0001539094863163,0.9993240013535007
47,2823200000,0.995149591299711,0.997519520420968,0.9985813199872432,1.0030062450734396,0.9936070200866326,0.9954781904860867,0.9980680959731842,0.9892061020056495,1.002681332189053,0.9969185141151803,0.9995142963993006,1.0024381177808954,0.991191307006647,1.0000729554404186,1.0026478704365247,1.0016540589213925,0.9927142854867178,0.9983000859233687,1.0001668162168207,0.9974802031222553,1.0006556678759249,1.000016316957497,1.0084148497457222,1.000481334667035,1.0005916229693095,0.9961068582683151,0.9991470547978138,1.0058024690511815,1.003011536377715,0.9989145918534944,0.9992464233890911,1.005196934888877,0.9972698189638398,0.9970751365644015,1.0018584586166726,0.9989448294545411,1.0045715241044189,0.9990429176573978,1.004314026404312,1.0069765248853402,0.9955427582362153,0.9978419078095787,0.9966067881558728,0.9973811854727006,0.9990238232455593,1.0024154223148094,1.0036436000506217,0.9943961980701206,1.0050667371118407,0.9995203381368477
48,2823475000,0.9971726153228861,0.997979260355992,0.9969456615090234,0.9955283873131724,0.999606605896911,0.9965946009764658,0.9968792045622645,0.9959173003587114,1.005689139676707,1.0005656610063762,0.9962168041835457,1.0019203479796162,0.9973919292362342,0.9897038842700169,1.0005528477320211,0.9991906260715321,0.9961338662020647,1.0016028604576124,0.9958650026196458,0.9953343058292523,1.0007983883420357,0.9974662504537473,0.996724679457578,1.0064285083382702,0.9944798299036006,0.9944115986680875,1.0002771902519514,1.0004469442187784,0.9953184727495695,1.0012163946413355,0.9932242173405336,1.0045944245988652,1.0075833384785258,1.001367667825906,1.004781709968284,1.0044089190146541,0.9929193817101627,1.0032893722655913,1.0030601867257263,1.0005868420899253,1.0023679834669377,1.0018131562328099,1.0009617689218997,0.9931731723632373,0.9952256424501723,0.9947014465346388,0.9938234490674581,0.9993322875132962,0.9987111842753225,0.9956834792057386
49,2823750000,1.0009708495700333,0.9972777167456498,0.9945582586330071,1.001743946420808,0.9968379347713632,0.9951592883563032,1.0037124371527766,0.9911842114693776,1.000575197013606,0.9947668164924592,0.9981942429454906,0.9948771571929201,1.0007444807326307,0.9918976237102293,0.9907612450001673,1.003872659850019,1.0005260936233922,0.9961242652356296,0.9975916403970403,1.004180251527625,0.9994793694872748,1.0045597884630304,1.0005628591460185,0.9939974368237805,0.9964088617014155,1.0048045214545163,0.9922370625903076,1.0042638612491719,1.006106071265254,1.0070247265456633,0.9987270577616915,0.9980041196864685,0.9973566074764192,1.0038738184476972,0.996363658212362,0.9933835252668435,0.9978009825816955,0.9953963541139311,0.996077516720827,0.9981569194866413,0.9935991380207639,1.0020633873217817,0.9927208571854225,1.0001769461708812,0.9981286611532924,0.996923592173868,0.9947062690411473,0.9990062828191671,0.9985279409768703,1.0035573710447225
50,2824025000,0.9985279155247858,0.9965603329325116,0.9979076223736268,0.9987986947221555,0.9948560059933778,0.9995513443032219,0.9936638881690505,1.004547096387329,0.9942760855829157,0.9963428067009833,1.0029365578871698,1.0020113150385357,0.9952496807651381,1.0027403729280537,0.9981260719334224,0.9951822902587258,0.9995085969227866,1.0011107907397157,1.0014966685236744,0.9972861137413073,0.995756360849988,1.0006450063274972,1.0042697102004559,0.9941638628920763,0.9946001996719767,0.9936512663548601,0.9983539304845039,0.9993382551750863,0.9932909823198177,1.0025090911876355,0.9975515358173082,0.9937095870813742,0.9989522553931564,1.004703273017113,1.003128537635103,1.000542636462012,1.000237759483387,1.0023032340180666,0.9971369260796077,1.0024489568573935,1.0041388945380123,0.996906274739418,1.0002404851473563,0.9892574834883261,0.9977387940756295,1.001110587798157,0.9954419274646198,0.9956138816493133,0.9944012759055406,0.9949394256977165
51,2824300000,0.9982998110470341,1.0035063146311067,0.997541391171586,0.998915555408843,0.9995297323189426,0.9970652391322238,0.9954054127655649,1.0041867805666127,0.9958337275749244,1.000243852720665,0.9946737463438989,1.004412035066679,0.9986646578139972,1.001698314686308,1.0016149575773021,1.001386942835162,0.992617084646423,0.9989517595137035,1.001108810834176,0.9980517909543216,1.0011782433911838,0.9993132243781567,0.9973774506140918,1.0079046194269403,0.9992075005992884,1.0037763543335072,0.9953365722858059,0.9952557927344755,1.00251178969186,1.0051559490641875,1.0064092044225013,1.0015664338346815,1.0037814759592663,0.9940751546777428,0.9954913602440587,0.9985062546844916,1.0010358071443008,0.9980738303520283,1.0036353059803849,0.9987732169677922,0.9961246465349496,1.0020890210772893,1.0010107133405781,1.001109569664793,0.9956754755297312,0.991092446516054,0.9983801813559272,1.0021036237522014,0.9952725006609221,1.0016540823963467
52,2824575000,1.000213253022864,1.006555749097846,0.9965526780524349,1.0045358284887782,0.9986573754106038,0.9937683025316201,1.0075966494143693,1.005645773169409,0.9933808915505428,0.9935096912748699,1.0018465040235822,0.9946796104673934,0.9940338140623618,1.0031867298827069,0.9970321218929089,0.9978913644937004,1.0025400977742258,0.9981263409255305,0.9920540697337569,1.0031887093341232,0.9972664902841839,1.0016016112085446,0.9952690099731358,0.9947505525570475,0.9966562176438186,1.0059148114091603,1.0050604339368554,0.9974289029412705,1.0015374439959226,0.9961526987481075,0.9972854899446789,1.0025917409897032,1.0006441507067658,1.0032895052104795,1.001184064233926,1.0018488341673442,1.0070095820537361,1.0034307363345365,0.9934022284199188,0.9996282395048603,1.0005479929714163,1.0008663348843578,0.9979000179368978,1.001066697323044,0.9960541997137257,1.0038995106465733,0.9950880526861318,0.9981270859058415,0.9995047288879252,0.9903397795218997
53,2824850000,0.9981308586782427,1.0007615670697179,0.9942334992626916,1.0035451219372575,1.0006134402494122,0.996695565638459,1.0033459074523405,0.999418192370932,0.9955576086046908,0.9974992799294043,0.992444031348772,0.9967045516609828,0.9887540530690996,0.9998983100371001,0.9981066884427982,0.992542628834255,0.9940127925191276,0.9989249697846753,0.9990059910612671,0.9927787454975445,0.9993847033700475,0.9960067059555509,0.9931797131595412,0.9994281088351694,1.0001949509684693,0.990609105621016,0.9992974492734453,0.9956050699568049,0.9919287998820794,0.997683196351132,0.9969449721369475,0.9959152411562968,0.9949292398797924,0.9924761213016997,0.9997441406270566,1.0000277643585085,1.0004142062709527,0.9973355891428398,0.9935652338377249,0.9939144402200122,0.9959266251018976,1.0022294325361043,0.9985985517541593,0.9950384062906096,0.9997775718183692,1.0051731892609135,0.9975026189110012,0.9912545689922447,1.0046183553630121,0.9911842352782961
54,2825125000,1.0004893886101052,0.997252234225599,1.001033402881321,1.0003762669217084,1.0025657416176832,0.9960901317838354,0.9967737872168658,0.9997518778607106,1.000032923414427,0.9962876220906202,0.9922441425482376,1.0026378092483383,1.0074711552867643,0.994747169906682,0.9992063072343755,1.0020409454068169,0.9987151158640407,0.9939341636420331,1.0024567618874765,0.9966887996000293,0.9937774032676916,0.9995404960879058,0.9920017550274135,0.9999897419887503,0.9987123506817193,0.9980233334016911,0.9964295229065622,0.992179094427496,0.9988409884859397,0.9969694863418365,0.9978169401943162,0.9938169956867897,1.0007563692678585,1.0057765545832613,0.9936370970507181,1.0016501363097476,1.000948589291503,0.9991582815662956,1.0033448172952417,1.0018506091463417,0.9998624765935339,1.0023235816028855,1.0068780710018361,0.9940228882604959,1.0003094296795478,0.9962040027060698,0.9943325596256094,0.9993371332038146,0.9981827941541076,0.9960241667069873
55,2825400000,0.9990257695951502,0.9925248966827215,0.9935523512811631,0.999843259539172,1.0006337315227218,0.9942406351528028,0.9991525247078153,1.0061680920704859,1.0012764219081964,1.003214984927652,0.9999470704657774,0.9977040795695478,0.9941467578180825,0.9972505082122249,0.9980502654095105,1.00048266628524,1.0029896039007435,1.0025796585914883,0.9965243871126523,0.9968431096112416,1.0004094070722316,0.9940435433455552,1.0028009769776336,0.9948756332700502,1.000267982213105,1.006093414687051,1.0004852476051842,1.0073377083033046,0.9930253537165075,0.9944006916544855,0.9984595639177756,0.997108318656404,0.9911083591217534,0.9983188382605763,0.9989543663530286,0.9997643865318201,0.998526525578346,1.001010507341113,0.999969706507781,0.9901884827711718,1.008924492600124,0.999821540370043,1.0028961161540089,0.9914447587349577,0.9983533353504684,1.002146584223179,1.002690799752263,0.9984887369182939,0.9989179648688764,1.0001302197587172
56,2825675000,1.0031720913742066,0.9977168517190251,0.9923946120767348,1.0032299034841363,0.9910372171601332,0.9959777049060639,1.0085506131246027,1.0013876460523083,0.9999720655982579,0.9943136822090943,1.0009587073224198,1.0004802747488606,0.9997772493821452,0.992659076492804,0.9982055436084185,1.0008509953173084,0.9980851230154264,0.9981595762517058,0.9949467551462803,0.9948517303161434,0.9953941315855697,1.0001376993967914,0.9961766488655891,0.9972171391081468,0.9968902220366224,0.9995675534042401,1.0040672910725619,0.9934970543315641,1.0006785612041025,0.9981756043856392,1.0006141542966676,0.997146323741935,0.9988036525968162,1.0036693862966806,1.0073207502286876,0.9967470728304372,0.995794047385085,0.9988194856822257,1.002294765691531,0.9952581960014032,0.995509045974084,1.001309983107233,0.999182912880818,1.0062110272134155,1.0019675621337019,0.9986427098559161,1.0026655354829745,0.993601889226296,0.9973865257555189,0.9973732940765815
57,2825950000,0.9958795200927076,0.9940502781876236,1.002217656688305,0.9908907877885397,0.9990145340132409,0.9980180365122261,0.9989593109157966,0.9993905168147579,1.0038053856618363,0.9928899901145658,0.9941334313984049,1.0003390990714027,0.996657686721382,1.002021450350065,0.9988307087367477,0.9939321602074528,0.9969897816749347,0.999132057597963,0.9983961509588081,0.9972122117690498,1.0019831687610121,0.9966717680850052,1.0005317109228051,0.9977478312002829,1.003485828259492,1.0024237351070504,0.9913740916003693,0.9953932890180153,0.9958534860243229,0.9947704699107496,0.9977735744525412,1.0052919625100492,1.0080043614943823,1.0042011311130783,0.9948899662961207,0.9954074978695422,0.9921244655063031,1.0051724584184927,0.9960283456822283,0.9960224959779373,0.9981094267376848,0.994083469124304,0.9943455006850738,0.9997461086116036,0.9921617965477018,0.9983773493322048,0.9927494389873927,1.0053110875435793,0.9994779586077791,0.9988460875120626
58,2826225000,0.9987486496404353,0.9872775089146897,0.9925061467697981,0.9985202220969788,0.9961440344564714,1.0027294388743995,0.9999802207564749,0.9991419057104779,0.9936113861813469,0.9985753623894694,0.9980444861107206,1.0002900353365896,1.0026437778561965,1.0021916432215061,1.0106387448829903,1.0006347959403665,1.0002902170281949,1.0036239721213907,0.9966978050239096,1.0008938893047932,0.9968982853077806,1.0046599654374022,0.9997132223221926,1.0004993920409726,0.9937483957864757,1.0068892557459677,0.9986153751258035,0.9968978790219895,1.0014201827623816,0.9945935520924756,1.0003739263503586,1.006550613632975,0.9981345202160999,0.9927796414768899,0.9954520011824756,0.994091900863831,0.9996896827107129,0.995840107690204,0.9950414212430899,1.0010104120902301,0.9982476227875688,1.0050212051519145,1.0028887107247662,0.9979625791009681,0.9989684321215457,0.9974494616181439,0.9972439002354434,0.9960696130850223,0.9952837827626018,0.9910216958161634
59,2826500000,0.9963464151981892,1.0092027333780333,0.995342639070876,0.9999015647317623,0.9985674252194089,0.9981157031272964,0.9967430610745849,0.992692634458887,1.0012599258371127,0.9987584558380183,0.9993605318200255,0.9946818554489031,0.9958269075113381,0.9984578343716861,1.0010082271984488,1.0000629791368956,0.9929345000897568,0.9960333464775949,1.000973841640945,1.0016126953123181,0.9969372199867811,1.0020288120277718,0.9977738637539085,0.9999202607504842,0.9990128014026403,1.0000199057091201,0.9972667833510002,0.9947057567968268,0.9958593785058028,0.9961066091646443,1.0001363801611274,1.0013187792096214,0.9984177233100772,0.9964308069662023,0.9917223477338127,0.994492684394294,1.0022477691724392,1.0006607394925653,0.9993542950643111,1.0023818442653447,1.000624207895624,1.0009327574371578,0.9995376428936568,0.9983172457316247,0.995361437477392,0.9919998500008661,0.9997327329687615,0.9976418739271912,0.9966935273042957,0.9983039350274839
60,2826775000,1.001375228222943,1.007458023954459,0.9969754526428092,0.9959871348471748,0.9974153661070376,1.002263720333676,0.9986397590884546,0.989048933581213,0.997487658568048,0.9946707787328645,0.998252446325473,1.0061159472019041,0.9981985510105156,0.9960307854536357,1.0012034676265813,1.0007597344525365,0.9939983696070742,0.9987748860132475,1.002556437145184,0.9902110091948862,1.0006687928994282,0.999677410321672,0.9979619262275524,0.9963485797027416,0.9988747001573256,1.0046245360416137,0.9969378298643623,1.0045849822669535,0.9971112608949684,0.9964704474075521,0.9923183725912583,1.0013932113520119,0.9973426732050895,0.9989270903602158,1.002307331202252,1.0004715540443003,1.0062292501372896,0.998731885829549,1.0004566001299553,0.9986808194540957,0.9955531122547714,1.0010490682300879,0.995628140956134,0.9968620512072439,0.9989009937913088,0.9974802956343913,0.9972593860701822,0.9998077567071906,0.9978046931272682,0.9925638715387683
61,2827050000,0.9965210318807407,1.0000217136497764,1.0044050625610192,1.002666660643505,0.9991945762315679,0.9956361758742768,0.9971646843530209,1.0026134509093514,0.9986787889943277,0.9989409905529388,1.0042626610456926,0.9971268906056373,0.999608141596294,0.9972776714058353,0.9986465911000338,0.9974638979478974,0.9975642966365712,0.9942205458498374,1.002607965722265,0.9923732857193511,1.0002568399758949,0.9982948649529992,0.9990682963799926,1.000388032832722,1.0020709123060512,0.9938516558924457,1.0003399539230093,1.00127338741312,1.0071167311996219,0.9918460345748507,1.0026020782462208,0.9961614770561329,1.0049226955570731,0.9997887920204963,1.0005992472269671,0.9958162491495545,0.9973356476890546,0.997292028636789,1.0034927160225553,0.9977650667637935,0.9970630649876541,0.9984502455091896,0.9942820614493324,0.999762651918007,1.0000898359847217,1.0030651117397014,0.9941528385825078,0.9944252723149632,0.9961342824534282,0.9938269782275809
62,2827325000,0.990170371158527,1.001299789531719,0.9965606414819693,1.0011058617419057,0.9977827678901757,0.9960282815649154,0.9907641426399187,0.9948534871680726,1.0075244998146058,0.999156022292836,1.001397706214449,1.0038740312332202,1.0036359743121566,0.9930297958807052,0.9903749638738596,0.9949675401495043,0.9994448709281323,1.0006422961368073,1.0013341120761936,0.992895227827189,1.0032518852133232,1.0017154345613568,1.000422146836982,0.9934566051984451,0.9945149697977332,0.9990178855088736,0.9973814351580466,0.9958543513256832,0.9978159883732408,0.9967185572534509,1.0023140670599686,1.0055116676012024,0.9931862346830644,0.9999741157393646,1.0022964711286269,0.9954262850414451,0.9933027545907706,0.9994759496660962,0.9886453353182075,0.9945106004956434,0.9999663133316258,0.9941098867720336,0.9937191219696985,0.9983500001564822,0.9917047729056978,0.9947524809084256,0.9969256513076862,0.9891736516613961,1.001830325508791,1.0013890356769632
63,2827600000,1.0008208234885996,1.004330855305184,1.0010554823008835,0.9989694545599608,0.9991094282477114,0.9935942166371897,1.0009339162010595,1.0006969087684818,1.0060055457848585,1.0070608463259103,0.9988052966926712,1.0024682705934274,1.0001230493944,0.9964503820494112,0.9988199047258415,0.9995034322214905,0.999289608825554,1.0035681931425946,1.0035852665550071,1.0003741550211844,0.9928439449084576,1.0038260048984196,0.9985999647432662,0.9952398550364928,0.9992902503825872,0.9934497117803152,0.9989061255435193,0.9978443172340086,0.9983231168427386,0.9962294323990749,0.9982625088811171,0.9898247584726269,0.9984815901789909,0.9989497446353004,1.0005947668912383,0.996473847679238,1.0023445921532501,0.996942690011456,1.0008491977922125,0.9981570230347911,1.0014643988005023,0.9971286823645993,1.0019019297063285,1.0029822841581608,0.9993661321447873,0.9966701227607253,0.9956398018899772,1.0027059278173873,0.9964443531962537,1.0088847127749438
64,2827875000,0.9977963555560138,1.0008851373083234,0.9926963560514128,1.000511252550843,1.0014785686880419,0.996410149255424,1.0009511494836671,0.9986483151955413,1.000271482303639,1.001282986880707,0.9993422880886781,0.9979834010371538,0.9970935174854347,1.002518367066639,0.9957649379225814,0.9996226609184939,1.000376440731668,1.0033168659381002,0.9991041214594356,0.9924842724520395,1.0071898931601746,0.9979573633103723,0.9969674559206302,1.0015816697684932,1.0020952998718151,1.0012710646313272,0.9995681090970752,0.9949457841840672,1.0041583353966035,1.0036511719328698,1.0078081089086954,0.9991030781010315,1.0016578089706845,1.0024983903258147,0.9968690495987719,1.0042990530307474,0.9908695095083708,0.997366604179777,0.9980313751648371,0.9990945084034373,0.9978861334383475,0.9961399802446899,1.000053250200006,1.000593806589393,0.9951973610251353,0.9959337674602584,0.9975047542244521,0.9972193601724082,0.9921814679946204,0.9966901693063615
65,2828150000,1.000759783306675,0.9996665517366878,1.00989823562767,1.0015906858592105,1.0014405225127536,0.9960923101463857,1.0008220720659236,1.0013944049414583,1.0017050510777479,1.0031105999742778,0.9973266360204162,1.0028004161859878,0.9948288527453367,0.9959186632969275,1.0015106545152375,0.9990918111188193,1.0047487197491412,0.9995231946955607,0.9992990689153496,1.0025319607545737,0.9959568558397364,0.9907396253702914,0.9999420425329579,0.9908744037618488,1.006565674309648,0.9980977717069114,1.0043000282025194,0.997659313023608,0.9996365098211216,0.9957490101308988,0.9951350477751002,0.9975860266224275,1.0008645929361337,1.0017417123815036,0.9984057803903167,1.002613139490847,0.999818485945033,1.0010689300751605,1.0047193866988582,0.998315740375564,0.9944809403931433,0.9957437177384166,0.9992949316559295,0.9924283923109704,0.9955721644751255,0.9970227609200518,0.9987168047002682,0.9899704787469451,1.0024767623757798,0.9991445699090463
66,2828425000,0.9988253224749898,0.9940593529599243,0.9916662681081267,1.0018509642073046,0.9876616120411552,0.994555665862354,1.0012291764188583,1.0007492754461706,1.0029364359673747,0.9959352564720765,0.9937055290083766,1.0037465594515884,0.9961195575181231,0.9978093698823542,0.9938917800217054,1.0002494456786315,0.9955087792053214,0.9964824281581651,0.9953615602941271,1.000219660997127,0.9967440221226305,0.996558707333753,0.9949696475918918,0.9953552510780498,0.9968494919437925,0.9991022397836203,1.0037626782103155,0.9983475462069342,0.9944212024129893,1.0015221176503502,1.0005595802656295,0.9988234744293524,1.0072511722839994,0.9889817062153378,0.9989966240654317,0.9937074465204608,1.0018126919939951,1.00208831337456,0.9943094049288853,0.9939517319704497,0.9977298959490031,0.9959125784515933,1.0030154652441767,1.0019935092123933,1.0063664789406672,0.9974690793396088,1.000150412487348,1.0031329645638671,1.0001781775841156,0.9986286375315546
67,2828700000,0.9973251442302171,0.9949556152227911,0.9965983274607862,0.9968892859883365,1.0071185111278513,0.996725737537568,1.0031986456478696,0.9999791219290148,1.0002008868010366,0.996193997015896,0.996282538037414,0.9986787147917559,0.9978866536273241,0.9937810505374878,0.9974221285504908,1.000875830782956,0.9979648830406923,0.995425654354196,0.9894235787210948,1.000307307375002,0.9972952695578439,0.9991812011859859,0.9990639817196408,1.0041984010624745,0.9994100848722883,0.997712640691449,1.0004224923159437,0.9927111584334585,0.9999326867387249,1.003023288417789,1.0005061757384173,0.9994544857428902,1.0039659294854661,0.9944738521655476,0.9975731563264844,1.000703321228605,0.9962124951938537,0.9969736378046117,0.9966773110083802,0.9942835692741938,1.003919503096184,1.0010400896379956,1.001439468688678,0.9929069961471382,1.0013675255942047,0.9951369028771531,1.0015577977701666,1.0057090775841586,0.9929703486027619,0.9934572210360225
68,2828975000,1.0037176073231004,0.9921201552913048,0.9951117430839075,0.9928039043261394,0.9949352437690049,0.9972097710776072,0.999961354049133,1.0012951126177234,0.9995297275817461,0.9898324864385492,0.9971741345684263,1.0049148657366758,1.0023393113210421,0.9989063575502676,0.993580401400712,1.000306940771089,0.9901436494268149,1.005156251580841,1.0020927210615636,1.0016153241666472,0.9971899429819857,1.0007237172002779,1.0033822950959221,0.99607367986227,1.0081117116875116,0.9948047541746666,1.0018727447195903,0.9982562277563652,0.9988027841073183,0.9972719400814162,0.9984114325581458,0.9993818231823162,0.9983236108193506,0.9955571440608407,1.00489493284028,1.0003745200228413,0.9947870456292587,1.0009229996530775,0.995769352209566,0.9952058527730377,0.9940982671989769,0.9972270631612389,0.997841459125724,0.9926011934825005,1.0013863841182744,1.0047662956577035,0.996636055219537,0.9977265857159052,0.9961456172113942,1.0000160383512244
69,2829250000,1.0008419049882793,0.9979186498018155,0.9961189607372134,0.9977490895206205,0.998072441418766,1.0029491741275929,0.9993265431376936,0.9978154553772857,0.9967150045756251,0.998530433666127,0.9979062474175355,0.9952522746997089,0.999192600550142,0.9945398944633896,0.9946347322305742,0.9970393729357007,0.9951545770609763,1.0051116700474714,0.9974253677086837,1.009048660638421,0.992295426282659,0.9992313273674721,0.9970575498355625,0.9980747905885934,0.9930839316857905,0.9981621264805175,1.0003129307651903,1.0027943231795573,0.9963421305417854,0.9937393098386178,0.9981408371992698,0.9927038315587476,0.9975567285569653,0.9940235466130604,0.9931730249449976,0.9927473435258489,0.9952155669113381,1.0032133509181198,0.9989654648815761,1.0069188872041994,1.0028155044634623,0.9994373617333387,1.0006486250424562,0.9970469201349264,0.9981603029531504,0.9981088674396159,1.0027703863234825,0.9926070632202721,0.9933600491582114,0.9994312461840915
70,2829525000,1.00019780752268,0.9966002424553165,0.9931849891975538,1.0003507935114229,1.0015855359807906,1.0008867166784894,0.9996604968874598,0.9976492868334906,0.9917066783927896,1.0020942423892956,0.9988787535533319,0.9961143127742756,0.9976155573786544,1.0039463698293145,1.0017607830696096,0.9939825904538558,0.9975549265809633,1.0051839540916399,0.9973978899428797,0.9959858859113597,1.002508031571323,0.9898058217533465,0.9980280091702741,0.9970370434254102,1.0029971750543039,0.9987937905751556,1.002072416378095,1.0010084933586354,0.9947774039582498,0.9958087366265821,0.9942310043991719,0.9990882304823083,0.9997126140420941,1.0029996827272007,0.9949636891974972,0.996834632407977,0.9981638791417679,0.995460318517702,0.9942365898501977,1.001000172812757,1.0005849209781883,0.9975726546006758,0.9967184394347912,1.0075835913739986,0.997056038018931,0.9903122572055065,0.995469583472633,0.9950373403224992,0.9973760381454493,0.999984423105848
71,2829800000,0.9976678768165906,0.9924265231318382,1.0026971546602665,0.9945948811164943,0.9985560523569329,1.0029272917426437,0.9953908425738917,0.9983379844327532,0.9951825793957323,1.0020687015362557,0.9986394286752905,0.9971126538771135,1.0014325841386076,0.9906090646523371,0.9987558803151392,0.9981674803538135,1.003517439762021,1.0044159629267326,1.0000735674380883,0.9960767777846982,0.9923776192027658,0.9967109745775354,1.0018946916810816,0.9994858172909256,1.0012553877600145,0.9984392773464918,1.000434778264009,0.9982245171559271,1.001325107705385,1.0015727114668231,1.005530396987789,0.9946430055551256,1.0020198518704042,0.9986816506860964,1.000610988728893,0.9910536105934039,0.9943156950643516,1.0012197768241389,0.9944902182529832,0.9976169318122808,1.003687214312979,0.9995084769350419,0.9950213175428789,0.9986465384357849,0.9984046937949538,0.9979958318443511,1.003307543721297,0.9901542432869886,0.9944141871649179,0.9969586753730239
72,2830075000,0.9976689030196055,0.9974654831865133,0.9988351913126924,1.001398104758809,0.9971274124250519,0.9997489793796671,0.9945234513525394,1.0026456614331019,0.996089897542868,1.0052545731253675,1.0043504262131302,1.0012726440916397,0.993963069351472,0.9986865196589831,1.0025890390270384,0.9980119915681854,0.997451189958497,0.9986878211614064,0.9988666718779873,0.9964268948767745,1.001156120072481,1.002795164034307,0.9923612201860256,0.9969364122212843,1.0011002691970412,1.0035262395070317,1.0008751002945748,0.990372163331341,1.0005337163962276,1.0080333028623634,1.0024550036853448,0.9984327539306121,0.9942201949845122,1.000683573579349,1.0068731436331548,1.0050340377989364,1.005292804515861,1.0032514767360323,0.9994814607211469,0.9968159479487353,0.9968449926355087,0.9936206575752999,0.9968252631300439,1.0006060560819936,0.9872051612201822,0.9960741753409027,0.9974365819243689,0.997684534901784,0.9952681820485324,1.001712836183069
73,2830350000,0.9977136788307994,0.9978072716746995,0.9959041269981109,0.997404882936326,1.0051437000872094,0.9995879878028834,1.003674968010557,1.0009852032392657,0.998046598405673,1.000569817818682,1.0046619595906354,0.9976695708269275,1.003655245084999,0.9977778914466241,0.9928524720337293,1.0035374916811328,0.9997816736918559,1.0014521343814882,0.9989856200757228,0.9916511149947798,0.9952858619200339,1.003146816840864,0.9967688647832144,0.9940849343188897,0.9956934307276267,1.0032725072067883,0.9960346010628416,1.0028319177429874,0.9912185658251077,1.000287157946559,0.9908078624735924,1.0014799346911298,0.999439552156189,0.9990302849292533,0.9921781187735172,1.0004637394031317,0.9977513728402261,0.9914016530309376,0.9981065030245931,0.994465881857349,0.999813488611939,0.9954795782912464,0.9942509333994183,1.0007716170676415,0.9988357600182783,1.0046512834401862,1.0004521482421032,1.0027279194368799,0.9999427350825695,0.9986264156497998
74,2830625000,0.9966396032150571,0.9974658460273954,0.9951918653544897,0.9991062503972662,0.9920966150422498,0.995358578666265,1.0019256626579354,0.9961212613813918,0.9936341322410832,1.0043611720694887,0.9999223177482598,0.9937534118800891,1.004223852330737,0.9949664366560365,0.995354623204316,0.9993388258110616,0.9912927675515597,0.9967950236922317,0.998612575898951,0.9988725019279384,0.9987439604602864,0.9951676097467423,0.9943801929171817,0.998808786033114,1.0011384685447065,1.004666902954994,0.9964931937696276,0.9917377488315294,1.006375336458444,0.9954538159929519,0.999542326977517,1.0029940517111566,0.9964750045273568,0.9969987803770051,1.0015652221491673,1.001486297944204,1.002378032545642,0.996359972468531,1.0009808281597972,0.9968010503777512,0.9999617973615481,0.9989114458983257,0.9971723741760455,0.9986756481243968,1.0049357247761452,0.9929095472891912,0.9958183355341427,0.9969469387610004,0.9961806267434331,1.0025114679479434
75,2830900000,0.9963021157140096,1.0038534494978013,1.0025095707092955,0.998950504046075,0.9976521299148734,0.9943625717364536,0.9916033378966866,0.9962668066843591,0.9897130983157651,0.9960720994474779,0.9947142847496906,1.0013141741373635,0.993365679576677,1.001153405045956,0.9995808849283094,0.999428748771803,0.9924170778043945,1.0058084421623263,1.0007277918365642,1.0010712605163612,0.9923888548627545,0.9996822520410634,1.0058169855374675,0.9956929506824357,0.9992933959425195,0.9925563371064401,0.9997681433543119,0.9961056042559698,0.9984986480502474,0.9956112960656442,1.001886289826556,0.9939132584503706,0.9943139097245642,1.0056649985177772,0.9964734182140299,0.9933094571159183,0.9949116120917458,1.0009754295001483,0.9948229670874621,0.9963655014650217,1.0020489627958202,1.001676664746112,0.9997863495041271,0.9983043585329928,0.999299526005252,0.9999124231679928,1.0026630390722608,0.9943724280002123,0.9933645256737859,0.9957753452150527
76,2831175000,0.9998293880552919,0.9983763632179007,0.993720185756614,0.9959734989787157,0.9996949348641014,0.9956167611072748,1.0074489209574442,0.9960379304605159,0.9945633338100303,0.9960016170312541,0.9973319093427411,0.997612460508339,0.9915619407325574,1.0019687699060298,0.995573636846105,0.9964745372441777,0.9997191953869898,0.9912376873603147,0.9940869104908949,0.9949064409902696,1.0002580749968553,0.9956417960303467,0.9994934624514891,0.9991767332334605,0.9933925942158794,1.0018217486148437,1.0039041006100695,1.0008298752502307,0.9972249006234144,1.0009164383502989,1.002690091777544,0.9937109360500169,1.0011652941830802,0.9969506213621291,0.9966628449854357,0.9933030793156651,0.9967704904064671,1.0024208306045057,1.0021701197528898,0.9912984990120771,0.9978065639985333,0.995235581498169,1.0068759619305505,0.9954479844648609,0.9950797652112444,1.004923666719964,0.9964996906934094,0.9976338333195348,0.999041103796143,1.0015923348500737
77,2831450000,0.9950526069032175,0.9940490818549432,0.9952346479842306,0.9946745743867433,0.9955776337445872,0.9988733283831476,1.00393687941806,0.9922313767775316,0.9964428046266847,0.9998413579842672,1.0044127559334846,1.0016036624344171,0.9905940001733701,0.993354770686502,0.996257632654372,0.9988557619433609,1.0017527117576372,1.0043170193350146,0.9942992687708779,1.0004068687421983,0.9983964254547713,0.9891156728781069,1.0000178767928214,0.9918480749420284,1.000152134677308,0.994469291567423,0.9953447501560132,0.9947515238969031,0.999225269399471,0.9963007836502236,0.9961729584446175,1.0027509387102118,0.9931909300770213,1.0043336124519906,0.9970542936709322,0.9942793614444804,0.9964344344029645,0.998497524573935,0.9987747025326185,0.9931129999211923,0.9965910452143286,1.0018760006233132,0.9934657885017777,0.9951602427823194,1.000883455677704,0.993582608813443,0.9956464354653809,1.0008161864739473,1.0027182380737116,1.0009456855354069
78,2831725000,1.0008222255230173,1.0012324222237399,0.9982387305550068,1.0023093938672174,1.000167619006496,1.0106939585951706,1.0005464709676088,0.9958378650525737,0.9985249411346552,0.9997796186423976,1.0009078456181268,0.9939065307117596,0.9977440966466916,0.9925719164891595,1.0000463375460003,0.9975787204989266,0.9990732011692524,1.0002685326476195,1.0002461829654647,0.9988078570405193,0.9957802761914725,0.9949991917654747,0.9924030853969354,0.999431476065163,1.005309530364668,0.9986549972659368,1.0006328668446862,0.9967031886028146,0.9969592662072502,0.9953588193090847,1.0022383841062872,0.9985974424226608,0.9950818285172761,0.9952725814918604,0.9951090472809633,1.0024222959524962,0.9968534426160081,0.997822145456091,0.9952747607190173,0.9956947293297372,0.9996638142582933,1.0003696871034686,0.9992281343746239,0.999905145352936,0.9971031924719045,1.0027491702048648,0.9964204933387465,1.0067685814248966,1.0021772276930372,0.9989072000219781
79,2832000000,0.9958379040054487,1.0015187880674705,0.9979715412008268,0.9949443940238349,0.9942374013047951,0.9922948482544685,1.0033760402207066,0.9972150450434898,0.9937611956802747,0.9935771684975649,0.9995044213037615,0.9944038665709842,1.0025058740800845,0.9946445354209069,0.9966217370099177,0.9996227505031445,1.0026602474018322,1.0001510740902253,1.0014142307253782,0.9946953157788633,1.0000534791522866,0.9990435467238397,0.9971365547605715,1.0020340133135683,0.9956663154595781,1.0014508798517314,0.9991347980602702,0.9984887565873795,0.9956610428997129,0.9987326615894735,0.9986712313352457,0.9997254008393288,0.9979097046757148,0.9907370198776398,0.9938255030184503,1.0031749887421917,0.9884870296297696,1.0008015578320042,1.0015371727738362,0.9912492800505556,0.9974105053339992,0.9952451664986204,0.9932610662996613,1.0053039366599925,1.0000611885874235,0.9958499394764005,0.9996340986066936,0.9923405936111015,0.9970666047681952,1.002129153781751
80,2832275000,0.9940632462881879,1.0086312777600188,0.9948995053643916,1.0013577088964758,0.993494490335361,0.9951573062060068,1.002112876669909,0.9937014733799941,0.9942556375952079,1.0001195121278643,0.9991573613092135,1.0004706387525435,1.0007732407937784,0.9983972724365654,1.0023415259987158,0.9923420055731188,0.9964826557797218,0.9963936218151854,1.0005535414380229,1.0023978327015686,0.9919168177468463,0.9898557574713635,0.9971826325468224,1.0007658523707188,0.9926348551910444,1.000579576945163,0.9974632141832251,1.0009778710765644,0.9959991302858066,0.9990933328563661,0.9966139713055135,0.9944400057742458,0.9995768239572911,0.9954028240470877,0.9955861618206121,0.995204844511518,0.9982745571980357,0.9931442631694439,0.9968531258710958,1.004495899370338,1.0014721994886646,0.9953299659209947,0.9974544940318814,0.9960678645005863,0.9951123192194883,1.0030792020444663,0.9961075879019201,0.995410015497667,0.9954975192452405,1.0032253217738312
81,2832550000,0.9917834348254939,0.9979542957270336,0.9977465406452022,0.9993224194361972,0.995767351525747,0.9993201694334712,0.9984054270106877,0.9958538040988202,0.9956243406397265,0.9911853416656212,0.9958924432271595,0.9990938253769018,1.0010965148787248,0.9956509306717765,0.9945423431154434,1.0010133870577902,0.9919355381163296,1.0019219258422878,1.0082302133289553,1.0018665684178503,0.9930582850831241,1.0008534247363214,0.9955117039913208,0.997731240967629,0.9921466185799732,1.00043788503759,0.999110509786606,0.9889598281777925,0.9941927280536028,0.9916942029649081,0.9938561436855223,0.9965166427079211,0.9966572244264237,1.0004723040701833,0.9995815572757106,0.9917624492769902,0.9964676829866751,0.9940321931957038,0.9984855887001141,0.9969953476035448,0.9951807051799464,0.9911191039477659,0.9940020361056581,1.0041462397648273,1.0007222967039584,0.9970570047767411,0.9909003536062468,0.994027295037662,0.9928915872477059,1.0029984571940442
82,2832825000,0.9897714437336286,1.0057498716425823,1.0038891133590013,1.0020447146153806,0.9943813450613512,0.9951817632868414,1.0071564309589993,0.9988924870699695,0.9997683867983427,0.9973531160058166,0.9951572419079389,0.9952894862144696,0.9951505818876701,0.9997143687200596,0.9947248844954648,0.9982260282959516,0.9993790329716317,0.9954316131738232,1.0033252975118394,1.0033894183267076,0.9995878077231865,0.9964871710572998,0.9948186234934907,1.0018276981779748,0.9969673445059261,0.9965002923808021,0.9948586648298884,0.9988452907412102,0.99892159846033,0.994534606279772,0.9981800460867601,0.9978323690692302,0.995921900791533,0.9917040290940572,1.008346897334258,0.9960858289275109,0.9940725955430106,0.9973589028524561,0.9960929792643605,0.9988771236084243,1.001734927655843,0.9891646111768321,0.9910620065147572,0.9948007147649273,0.9943014661810043,0.9929255554842225,0.9926173945181483,0.9922191202005399,0.9935249236426855,1.0000769113265733
83,2833100000,1.007234909095503,1.0007715440301905,0.9971459889703935,0.988302118334214,0.994950345307416,0.9961481733791071,1.0045111586082658,0.9902814916210662,1.0011966434162898,0.9966294457247264,1.0063086947944053,0.9929143570402821,1.0015053634492599,0.9965196895535476,0.996095295276435,0.9967125276555326,0.998572509828587,1.001686201176275,0.9993368811001583,0.9998238283955659,0.991281883716499,1.002457190378675,0.9941482543289674,1.0013995774406073,0.9920019575848429,0.9991276423916348,1.001837597718599,0.9983008846603348,0.9984093629570545,0.9975984972177602,0.9954709903632114,0.9949128466520208,0.9913837702100018,0.9975584050019283,1.0028225896550453,0.9957278312128898,1.002592493989058,0.9959070260931696,1.0051064468034845,0.9943052471384928,0.9983925194432387,1.0017087813217058,0.9968438539137335,0.9916322205436976,0.998520357493557,0.990990879314223,0.9978992420269478,0.9995723009988743,0.9969842607635476,0.998415212777287
84,2833375000,0.9955772413310806,0.9992861068369369,1.0034778007089618,0.9911469819333251,0.9938251741378359,1.0012053913187529,0.9990557154387101,0.9954280412456091,0.9990925683873731,1.003024311532693,1.007885240029852,0.9936673089374517,0.9993102292839662,1.0040947187295566,0.994805817962515,0.9960461939678549,0.9950853258216762,1.0055451555475732,1.003959864919282,0.9923133777506626,0.9943156514174836,1.005107268711209,0.9976370601068756,0.9990027060048473,0.9964394651579644,1.0011468507613446,0.9953260307322429,1.0006993669950188,1.0028185632478148,0.9983247916162344,0.99679429299929,0.9971938282304305,0.9995303065699348,0.9980602485697855,0.9974171047910281,0.9962391875778177,0.9950872600021702,0.9940629853958852,0.9991682739076521,0.9934191023325858,0.9955072767066168,0.9981348479502673,1.009430334369277,0.9961736159660651,1.0038597435930579,0.9962255016615964,0.995253399111117,0.993583862823028,1.0040579622540136,0.9932072254710231
85,2833650000,0.9961926733473111,0.9993459557742275,0.999902408491572,0.9966113696445601,0.9939753512568165,1.0031676982382856,1.001263726202112,0.9982797520033141,0.9978922940943643,0.9985281434690385,0.9959886633779276,1.0011028155667663,1.0013211144059526,0.9945093124318826,1.0018441782129603,0.9995332403870693,0.9995511064051429,1.004151288176393,0.9940003052351422,0.9917381693153039,1.0010720069527483,1.0020470341117378,0.9949286217805732,1.0040611463133877,1.0074847650158705,1.002763824158859,0.9928609712674326,0.9936217156117829,1.0077303833348312,0.9975677429826763,0.9956451008382535,0.9971916693491196,0.999115212673126,0.9925382589922717,1.0002685910556601,0.9941124462155978,0.997424615786267,0.9937936164019614,0.9968837435701109,0.9973497485001277,0.9991533613651664,1.0014680741479587,0.9964313635387751,0.9937196595479741,1.0040673726782294,0.9973496425565134,0.9971292966054214,0.9999882057855456,0.989280048605555,0.9992327366356784
86,2833925000,1.002346048545121,0.9976740189165998,0.9920273334762106,0.9967585316336125,0.9962736594725238,1.0045464983184083,0.9947907195752971,0.9988233840486774,0.9934573917847385,0.9977448033378185,0.9989782917944582,0.9969566259054574,0.9979397752810371,0.993107023343178,1.0042150313924947,0.995742327101756,1.0006581498836022,0.9915719881087371,1.001500796844985,1.0031975071373689,0.9952943780362427,0.9936404043136656,0.9892851746927736,1.001677206708543,0.99268500293231,0.999636942179087,0.9989391735564124,0.9928037965814156,0.9967384971691362,0.9938815565577315,0.9958243706012962,0.9940784225492747,1.0048970083919433,0.9977024769523001,1.0036855535479081,0.9947243862251521,1.0040105172526563,0.9966916835664058,1.002436022304685,0.9969956294033451,0.9955141876523043,1.0038196496200458,0.9922484368945985,0.995635994374898,0.9964325679348961,0.9984954955687466,0.9959401260923224,1.0027882143969464,1.0018705954768656,1.0056778157913673
87,2834200000,1.0014793051602413,0.9995962263627527,0.9973729434948161,0.9921547450073083,0.9957852454425167,1.0013714775813785,0.9971345847056295,0.9951107161221743,0.9948291986696822,0.9974893954452639,0.9968632791994216,0.9996567530269269,0.9935055166897393,0.9986410279534451,0.9939731681181772,0.9951850907962938,1.0011305049173522,0.995139268119448,0.9974992547451731,0.9966344831849289,1.004565817412054,1.0024022209100651,1.0033147414832153,0.9926062757515146,0.99991244462186,0.9974128012945959,0.9970320269794443,0.9998332936945171,1.0003568035822337,1.0055310096820376,0.9935236134806177,1.0005796629315649,0.9992285590633152,0.9964044217017635,0.99635774972205,1.0003220976440785,1.0024773954405417,0.9939735784844392,0.9967069168717833,0.9951723123875069,0.9992735695154994,0.9996436650360788,0.9970404586862261,0.9963937427859227,0.9966092895192131,1.0003989780434497,1.0007542069257764,0.9976092493836934,0.9963136594943304,0.9959197913603467
88,2834475000,1.001661637109759,0.991786960955144,0.9966326163022271,0.999187764910085,0.9914227886550467,0.9921367337673487,0.9908799675233644,0.9979271472508531,0.9971349775090758,0.9996660752166779,1.0001450963733187,0.998760897961019,1.000226710968994,0.999738518063833,0.9976457609852715,0.9971570056343443,0.9930897428827575,1.0013674423720826,1.0004220231522034,1.0021248944847425,0.9954462348651798,0.9992988754133629,0.997793704404996,0.9994767679418323,0.9992508355132282,1.002648871200134,1.007893277974197,0.9896117237316021,0.9996931416700993,0.9984164005215526,1.0024057938880233,0.9981229882628124,0.9950067460222543,0.9964368381083509,0.9947605990088328,0.998146398440767,0.9940338068981813,1.0036711048366511,0.9930353185560236,0.9987606900748487,0.9902216274332566,0.9995549652761522,0.9952499766547638,0.9938200479714631,0.9964627629273429,0.995523705857687,0.9988582947404705,0.9966856651812498,0.9965937028780061,0.994029691459482
89,2834750000,0.9951966119672946,1.0031782710624053,0.9980453472001041,0.9928292772122204,1.0021559709517665,0.9967049413266907,1.0000602556208784,0.9999032559653729,0.995617270421622,0.999082140641638,0.9928931919978978,0.9968288510515116,0.9979047704026962,0.9978721692097888,0.9992094307271545,0.992582757581929,1.0056876976632578,1.0012798723908634,0.9917682317728217,0.9946934747126284,0.9976123668642469,0.9998199097424844,1.0014810795403672,0.9982837519804105,0.9955007912936582,0.9917330727277708,0.9919954569979985,1.0000903335059526,0.9951115189001899,0.9970655281906649,0.9983982757201517,0.9966096834935402,0.995875115194404,0.9946325821972681,1.002499174433086,0.9944716311398798,0.996934354755491,0.9945668510901873,0.9934972583261074,1.0033838730152567,1.0005036179563858,0.9988953762966932,1.0005282613461444,0.9943259816718413,0.9938052506714006,1.0005943278420246,0.9951387276104599,1.0026936093798973,0.9998555898574729,0.9966219747971182
90,2835025000,1.0026203278839034,1.0013600464809504,0.9978199156624764,0.9942670081213282,0.9960634276143264,0.9958859725637186,1.0075857265981985,0.9963858772944675,0.9949009873886351,0.9998912869801592,0.9961327626776812,0.9953499999071573,0.9941143082531269,0.9977708729038844,0.9951152036258979,1.0058164022771798,1.0032572836948328,0.993164651643736,0.9940270370660796,0.9985667551389036,1.004179608855506,0.9994153744409218,0.9978592759771886,0.9995687212125719,0.9957636136684045,0.9960081636058021,0.9981186665760335,1.0035648641679986,0.9960834291454739,0.9922144164101443,1.0011177912847313,1.0013907221091602,0.9938786436787643,1.0005446386610246,0.999106601869901,1.0049957366284685,0.9941917325274401,1.000803904422155,0.9983267255066778,1.0022752180561425,0.995197487501057,1.0020444992101762,0.9954217284644487,0.9968124166120657,0.9947142792836924,0.9958823111590018,0.9955000141189019,1.001463449044,0.9984193213085004,0.9986962228610624
91,2835300000,0.9978520370502524,0.9961656452234129,0.9922036672893587,0.9951618639582668,0.9936072178365861,0.9922953489419855,0.9966579689693875,1.0004248439996535,0.9923432410233605,0.9902407214545692,1.0005334445102572,0.9993718331494548,0.9981134595082192,0.9975389447981692,0.9917973324346573,0.9990064402226588,0.9986215630228357,0.9921844389769259,0.99667313081204,1.0010634298563081,1.0034876885649682,0.9954611248879589,0.9987593890467598,1.0023214211611957,0.9958277018726344,0.9979833061829176,0.9920856497901839,0.9942140410763082,0.9946838742242591,0.9915809870737103,0.9957431598648582,1.000833585505423,1.0015140247275567,1.0001384307577172,0.9946774812731745,0.9951175816865965,0.9991283630224315,0.9933412549344665,1.0015783719183629,0.998533518526777,0.9994157280816923,1.0031851830400735,0.996694193363409,0.994616204486582,0.9981566523458416,0.9972131518228669,0.9965144254107254,0.9993090201074142,0.9951755219993991,0.9875026243489226
92,2835575000,0.9943868670591609,0.9973838833598493,0.9986190755957484,0.9913774006852037,0.9921645877428071,0.9903136537686287,0.991319601137032,0.9975091436643624,0.9948828488169064,0.9928427334310933,0.9963891608299902,0.9953759775594108,0.995462602861283,0.9951406075858471,1.003501062272735,0.9925205884818138,1.0019936740015758,0.994134279333926,1.0013471886056182,0.9960543402053521,0.9930953742608386,0.9946044533190442,0.9980110333542778,1.0016231246821536,0.9976946981226339,1.0019560562375898,0.9959412957657514,0.996509618215026,0.9899984597012927,0.9908545102201896,0.9949883369072349,0.9948164019603452,0.9918661897070565,0.9901214885762893,0.9941673680958142,0.9989858280557842,0.9951584574568053,0.9935696214506621,0.9932602766391101,0.9909088563886822,0.9947079535085211,0.9944106314706624,0.9931228303560466,0.9917724091592843,0.9876819477742117,1.0049261983134417,0.9949631468877869,0.9962545335977508,0.995053923972362,0.995796500933127
93,2835850000,0.9960916814949264,0.9930434825889234,1.000048296383789,0.9941277580983119,0.9969612438285634,1.0013187968647372,0.9987079156903462,1.0028681268938087,0.9907022254123439,1.0018083154739392,0.9926344071369949,1.0022263495003314,1.0010246432322698,1.0021959775202836,0.996667001761845,1.0027605306919065,1.0007651480176685,0.9986276160596994,0.9930811480700413,0.9999459677387114,0.9994524310896283,1.0004528417306562,0.9972707821552633,0.9943677982793233,0.998396704998281,0.998205957795928,0.9986330810762185,0.9948983893836332,0.9982936672097452,1.0042238243848216,1.0019832133737214,0.9974290788788109,1.0025474076163503,0.9945052748207043,1.0003260938370082,1.0015991586614705,0.9958170935338455,1.002557825802028,0.9977383334282758,0.997013387760104,0.9915317190378087,1.0016206837312513,0.9948918847156119,0.9952111286749861,0.9996709433838619,0.99476747641734,0.9956402545507385,1.0008565463368313,0.9959590992412051,0.9935199718005344
94,2836125000,0.9956122020455732,0.998950441021575,0.9958376389439895,0.9945220631319132,0.9924853578116298,1.0038081474062193,0.9960060953530039,0.9966586418180426,0.998639270542172,0.9950350369231901,0.9893484203196545,0.9890708181760998,0.999121435198671,0.9965738880386157,0.999245114329787,1.002336027896592,0.9930537821586068,1.000259592205335,0.9896205111020492,0.9994155193658819,0.9927167531527437,0.9960945239286535,0.9964175117825059,0.9936676448806397,0.9993881180114882,0.9970908716002765,0.9995571518202144,0.9922403930431215,0.9991080289633081,0.9974263318649639,1.0025162989380858,1.0003515469784268,0.9932382812593291,1.0023530757048298,0.994355022433754,0.9920682472296104,0.9995837725276444,0.9945083929439511,1.0027514480562247,0.9979987601057209,0.9982922772335107,0.9964417059008708,1.0034429507207032,0.9998537077779057,0.9988743201592521,1.0016885652070087,0.9976915879705403,0.9999771784151107,0.988441114051604,0.9936448615970047
95,2836400000,0.9964856750619613,1.0003522859952492,0.9957650615447262,0.9989842920514448,0.991344484462295,0.9930346317955523,0.9967833549824385,0.9970366399137343,0.9999677923123147,0.997565828087461,0.9897923279537466,0.9973444290761005,1.0071896869732586,0.9993676349002636,1.0025031075746365,0.9977576101817368,0.9965891270596897,0.9995426662405557,0.9953527140385661,0.9964725097083809,0.9970063891516541,0.9986332348273745,0.99765633568866,0.98959909851938,0.9965426519979195,0.9906096040399542,0.9898997386149102,0.9951889964984271,0.9979266304403268,1.0029571219250528,0.9889630480128239,0.9966107299763755,1.0046667395979787,1.000166759679865,1.0044270774556525,0.9988767727101949,1.0071472458802124,1.0015172919048152,1.0004674990884064,0.99599447033841,1.010012800005507,0.9959643668569762,0.9952732819220141,1.0005997499602501,0.995178841382086,0.9951217724373657,0.9959702029873654,1.0008396899348673,1.000949421729815,0.9935271104039085
96,2836675000,0.9956084658949393,0.9943529400935195,0.9960854740812397,0.99781514679907,1.0006683581355023,0.9937891592132223,1.0019336599038917,0.9902782820990851,0.9949813950099549,0.9966880547392305,0.9970343771533867,0.9962802432258328,0.9973825309802666,0.9925363573929082,0.9929352356636308,0.9980841809849527,0.9883805803180543,0.992729693118217,1.000821156702383,1.0013242435080285,0.9937948044587932,0.9969464064440665,0.9978962468817366,0.9959996949331554,0.9963888755015694,0.9991264923459086,0.9985009608245011,0.9990124150616314,0.9897810713242079,1.0026210071408292,0.9996646869399203,0.9927185596240962,0.9974617589521045,0.9966865978510764,0.9969296159876493,0.9978606495104851,1.0008110648304658,0.9979658471716225,1.001566881556202,1.0019948848224167,0.9989131084142201,0.9983924006474565,0.9958191060982957,0.9916195444454401,1.0011252618833488,0.989429125439033,0.997786108683587,0.997203885911163,0.9987879331009043,0.9962206510015678
97,2836950000,0.9935356396840894,0.9880595053393142,0.9921314458761541,0.9984931780794418,0.9924495497126649,0.9978862364499873,0.9979948667400322,0.9984137371620693,1.0000922579850031,0.9992703802253944,1.0007831596712595,1.003653111178659,0.9972563107837079,0.9986870312728198,0.9909359155983207,1.0020332845100173,0.9944204336302656,0.9936106227946356,0.992677418024302,0.9964069753279351,0.9956961150330103,0.9978171259648005,0.9970144898318218,1.0039610885473673,1.000726520203585,0.9961908841454632,0.9946035679302242,0.9999108714247238,0.9982766665301459,0.9994139371878608,0.997399592615106,1.0022577122511775,0.9952854973876598,0.9992332806979416,0.9974183099498216,1.0024730255667014,1.0013710454810507,0.9986576573511134,0.9962983425665028,1.0063767914731219,0.9937862052123625,1.0027845718286166,0.9923057324793906,1.0063526812960168,0.9954134023849732,1.0016498092982218,1.000479443128296,0.9929451805897506,0.9980949776989709,0.9967946939447184
98,2837225000,0.9925208340355688,1.0001165529951928,0.9991555429002744,0.9979597475244327,0.9945696843146647,0.9915793851301484,0.9882865696362367,1.0004225174079422,1.0037814371971336,1.0024753858472668,1.00009398984997,0.999298365199093,1.0011902703858466,0.9999276671507459,0.9897951748007527,0.9987363137379163,0.9980833915359273,0.9994208556250636,0.9957792718937007,1.0003314009572069,0.9961821468461712,0.9972491774106471,0.9986283766916525,1.0002315653689515,0.9969790191319571,0.9973059259339933,0.9992930865595161,1.004101971706346,0.9960191942751877,0.9946767617828643,0.992233120738571,0.9977305762633779,0.9939962025756788,0.993929414459188,0.9991083801909204,0.9916591695979344,1.0014024047995655,0.9977533355826245,1.0029287653664996,1.0027647160951143,0.9965097052406567,1.000121825411625,0.9930562318866468,0.9897334861522817,1.003848116247192,0.9944180600054651,0.9948345320352424,0.9982482623629575,0.999023599091515,0.9999422342381447
99,2837500000,1.0008462657403134,0.9976419388881278,0.9893097240198466,0.9988809220280862,0.990818779241997,0.9882754735183654,1.000732577503377,0.9982464351380027,0.9941266530348023,0.9913438017719974,0.9982691786419989,1.0015120539821227,0.9976667513097299,0.9931138943670051,1.000192870201252,0.9948315461555642,1.0038183766969415,1.0056393841282767,0.9962163224948842,0.9977769362568121,1.0032555984186515,0.995510104469903,0.9990880098955758,1.0000313691016705,0.9993332826887172,1.0015268567608617,0.9977701649889009,0.9996041339490294,1.0015205620685812,1.0030703982309204,0.997112050120801,0.9993530549034321,0.9904241363172516,0.993933033828942,0.9960234108963318,0.9996878303414932,1.0055853704734559,0.9981315523960881,1.000215038113766,0.9978036174961873,0.9989061022297986,0.9943289529777475,0.9935784694761518,0.9871970434342642,0.9980614569299041,0.9957092771015396,1.0005080645005384,1.0011743610838488,0.988658496043736,1.0005973610791128
100,2837775000,0.9922666866676375,0.9943469973154363,0.9975226736677092,1.0001919399600014,0.999749053205791,0.9923325807449045,0.9939289756737181,0.9965400285375942,0.9931936777592206,0.9940443876109392,0.9994569337025032,1.0028883541038052,0.9989866393463975,1.0014169253887804,1.0087383148054816,0.9898198155283142,1.0015632202076323,1.0043988778149302,0.9917217430476613,0.9939089271906765,1.0023139305986386,0.9963726202412735,0.993106206352105,0.9978563753254944,0.9979791442384479,0.9938680181615026,0.9999130210763059,1.0003353271072737,0.9969144143848847,0.994479409410234,0.9930136045288016,0.9949291892222878,1.0004266939447901,0.9934591830609361,0.9953314099625884,1.0010866853443758,0.9988526361435607,0.9928005415110338,1.0018051699741268,0.9989957628772861,1.001223831371396,0.9894970849998286,0.9989273242866933,0.9979718853652579,0.9975000120060956,0.9975905443678666,1.0016247432320893,0.9910163107052762,0.9949723786039624,0.9996042224897937
101,2838050000,0.9936895368764296,0.9944025901041318,0.9968007731296001,0.9922874712799541,1.0011276053992095,1.0010122939664108,0.9993760042607911,0.99271819219095,0.997505694896149,0.9975050032023208,0.9906637091484031,0.9953580672931532,0.9997081188970233,0.9937276789375001,0.9972331636696106,0.996422135524761,0.9990944890258374,1.002434350624059,0.9995573491619231,0.9928824232868408,1.0004757961967694,0.9989806952224158,0.9981385575507673,0.997333375151995,1.003562768865961,0.9900980266594283,0.9967975861927244,0.9898370369175766,0.9955484327324716,0.9997064426954642,0.9940660199113535,0.995236471220327,1.0022230399329968,0.9979007028200335,0.9975204238810401,1.0000081054087506,0.9972971163471251,0.9936379541865433,0.9989285426230384,1.0019223825850665,0.9985320257187327,0.9929365759470224,0.988969219030854,0.9933259210361106,1.0048243347483854,0.9943685113494161,1.0021741545983753,0.9939295744939319,0.992651169604916,0.9941773155875585
102,2838325000,0.9993500223488727,0.9929745146453858,0.9954923300161173,0.9978505059530076,0.9988574385646005,0.9940559728141163,0.9962595283555816,0.9970432844632736,0.9905887290723892,0.9928340722730967,0.99166019740304,0.9930792291746077,0.9910448406235477,0.993180542733057,1.003002692705746,0.9899342008390746,0.9972495327450466,0.9934082697342093,0.9982459556674353,0.9974467071192277,0.9940512825212576,0.9964597938697667,0.9975336237771351,0.9935910132664689,1.0012927265655915,0.9979795128416014,0.9906658765600954,0.9937414845978524,0.9985632592332606,0.9913032962934458,1.0051803152792158,0.9991277764565277,1.0005732117006068,0.9939457428814055,1.0045420988292593,1.0015189927113592,0.9911511302817282,0.9931028361308643,0.9961513213813222,0.9948047437028278,0.9987688882412913,0.9919562037545651,0.9966535474458189,0.9959610802732589,0.9942387236801941,1.0081209793909667,1.0012045019164126,0.9988080990810925,1.0028990658275252,0.9953185008861412
103,2838600000,0.9939298615259415,0.9922495608305288,0.9967010236463836,0.9985440175609137,0.9927803716978623,0.9849244059738009,0.9937316398388166,1.0014941223962055,0.9891862232365423,0.9938403598166442,0.9949340549043583,0.9937300546342015,0.9977302818407426,1.0005545746704751,0.9982032256779106,0.9948584039111708,0.9937382384909988,1.0015678706528568,1.0028774885342149,0.995801152229103,1.0005681443992458,0.9925845537864103,0.9982554388662037,0.9864873066118225,0.9997485696816746,0.9915199054433566,0.999966157786264,0.9915442148672966,0.9953391812341451,0.9924207153014757,0.9978449890140163,1.0006932742817134,0.9870466713006711,0.9941636303337191,0.9993726789065539,0.9987534248637872,1.0021887064896924,0.9962444299046026,0.9973215181316998,0.9918180574013523,0.9935637687530223,1.0012014271127896,0.9949089370685449,1.0020149907071605,0.9967145831690963,0.9927322455423647,0.9973596921489268,0.9978360523824663,0.9934140825633089,0.9947201729924997
104,2838875000,0.9929358351408205,0.9974941351354244,0.9938817028521092,0.9983047853454902,0.9928000111968013,0.9988911465276226,0.99867798370355,0.9922667549922131,0.9912940297529624,0.9980984027804014,0.993699924511865,0.9939375821603125,0.9962611971320974,0.9999573500717653,0.9927970260829528,0.9937741290767187,0.9999963993252661,0.9992656181278391,0.9971188141496198,0.9985913334494348,0.9973688894530142,1.0004393340666957,0.994998373757261,0.9940695055144968,0.9939300470868584,1.0010322203307993,0.9919065567705263,0.9957303712627903,0.9931571187235544,0.9990897021459663,0.9966238077201495,1.0011959049601513,0.9949832691357343,1.0013674795321081,0.9933496866684403,0.9950625554237776,0.9988725449454591,0.9909964012015215,0.9957097157046695,0.9924041820499451,0.9951914308487264,0.9966016905052616,0.993228467306998,0.9963545541669812,0.9946815130264487,1.0000754657548514,0.9937261130834372,0.9893974796348538,0.9922185641474357,0.9928081958387015
105,2839150000,1.0026980335736668,1.002315987442204,1.0026078698662884,0.9992398845096461,0.9985631328589576,0.9922532032678548,0.9998495930895059,0.9977316235827428,0.9930015253132771,0.9948898596619559,0.9921656529451238,0.9915228500009002,1.000067596623665,0.9948310097757121,1.0006283665942288,0.9954561249702957,0.9920599069811035,0.9965315333443784,0.9901252762556887,0.9940614709966977,0.9982807132439561,1.0047349984655356,0.9997326126625623,0.9984094416651798,0.9984762869283099,0.9927071017916864,0.9929417462513968,0.996002030822901,1.006154318017255,0.9907368725173982,0.9972056156816588,0.9956332356971334,1.0053361965914471,0.995820431355351,0.9962951123362137,0.9994217340419609,0.9965420981564929,0.9960324325451562,0.9957809996261056,0.9935253955668557,0.9930236214469651,0.9961390849225513,0.9912627128041531,1.0009826134412267,0.9914315820495735,1.0022553802541425,0.9889895214992459,0.995690142378731,1.0023219358103972,1.0027711484343513
106,2839425000,0.9914685202866719,0.9944298142777944,0.9928176299796124,0.9942171159317071,0.9965859869253524,0.9968716051508513,0.9909103330779868,0.9949038092298828,0.9969861425759774,0.9979521372859479,1.0012661024758458,0.9951271058079744,1.004847882914108,1.0003664697449484,0.9967823806983003,0.9980957094280972,0.9905392363213407,0.9935554279953648,0.9972937185935074,0.9960476321348303,0.99698053612286,0.9888411933949415,0.9946281301440529,0.9987942772243793,0.9989365295123888,0.9964030423201415,0.9951258415249474,0.9928694063520016,0.9876819255813405,0.9938861724476867,0.9913454931097953,0.9953259580236454,0.996015708824845,0.9903454993573131,0.9991865871521713,0.9941472497064727,0.9982881386125633,1.002819703046809,0.9949779599540858,1.0028978738284098,0.993731202586296,0.9953789450662365,0.995889465951142,1.0004589704956364,0.9946005740719905,0.9996945764053657,0.9979608370653315,0.9994657399980642,0.9911612705159166,0.993021613199635
107,2839700000,0.9934193215860997,0.9961575847178715,0.9954365412121544,0.9947712106693575,0.9963562843109554,0.9967215705117491,1.0044653103183272,0.9902530740295314,0.9942900801657085,0.9972210669059307,0.9957772790668842,0.9906083477880393,0.9935558675131733,0.9991034636244139,0.9905686878617878,0.994373403756082,1.0005705531179174,0.9921939440774173,0.9948763073579663,0.9977691069146063,0.9885026730787803,0.995588691006873,0.9919316611776371,0.9949414487419026,0.9923797147061278,0.9989724148891261,0.9981515692822314,0.9931603343577838,0.9935034416258849,0.9919175306514926,0.9966454875737314,0.9932603501410123,0.9934725048343206,0.9960601682386264,0.9851124719128221,0.9875720698371742,0.9967611691709385,0.9860140133189905,0.994926957868864,0.9961229861896833,0.9973742498915923,0.994437125300484,0.9913936468808652,1.002135932360415,0.9987575226025434,0.9979186490561324,1.0019367693045746,0.9962611256017277,0.9949456734549195,1.0004672573445852
108,2839975000,0.9991943502229036,0.995160461251411,0.9968583520709847,0.9965527532316165,0.9974263873638864,1.004226565950419,0.9961711869401774,0.9969649237259514,0.9925943444689171,0.9955814949694767,0.9939802729966863,0.9959904930096123,0.9975790261870937,0.9998283369791677,0.994566008536603,0.9978067549111044,0.9936110588302973,0.9955320989718685,1.0022525735954269,0.9923570607812758,0.9913306062304906,0.9917578418411972,0.9990592522654833,1.003398579630943,0.9963328181657591,0.9890158029329295,0.9975699498689721,1.0010051108461266,0.9943592043600744,0.9901841599095275,0.996494026897865,0.9930373120853951,0.9947996223403169,0.9995528556041816,0.996320449996268,0.9889957315562072,0.9991348471656599,0.9973183982729383,0.9959306379469868,0.9965782562843142,0.9984575970437022,0.9979497410140369,1.0053958776592975,0.9921279541311832,0.9960299559667636,0.9949224846125413,0.999412544479081,0.9956543284902779,0.9962025552963847,0.9994179807714316
109,2840250000,0.9923152571786571,0.9962261201800332,0.9976729958105021,0.9957417547670425,1.0005748264544685,0.9903967611602055,0.9941482375037278,0.9902780249888535,0.989390686401935,0.9947926109779467,0.993517974148598,0.997187495472224,0.9952066677776278,0.9968249704484627,0.9978325893612149,0.9949581320793596,0.9953937745386375,1.0059729105359647,0.9896601858582225,0.9932597553225436,0.9956520060604289,0.994064460538109,1.00229933961024,0.9926536275455444,1.0043745451229633,0.9928692356876341,0.9915969767988806,0.9986020261467133,0.995079735403568,0.9936653323591333,0.9888520501263488,0.992698834677153,0.9976666252776036,0.9962158133626544,1.0000875789647738,1.0010199867612088,1.0019934431038189,0.994935469104227,0.9958429412462115,0.9942890187630157,0.9958220511881819,0.9954584631849702,0.9964525239442611,0.992348300497719,0.9937524107764666,0.9989333981848217,0.9912393190274453,1.0025625521542045,0.9993774035584326,0.9932646687178018
110,2840525000,0.9917594674782207,0.9947342758520187,0.9957322954941924,0.9906514580034368,0.9963086599985139,0.9878875361017396,1.0004763513779893,0.9948524007639038,0.9888022067987329,0.9928254853247894,0.995220250303438,1.001772602421989,0.9959483344069435,0.9907049321444247,0.994215302073205,0.9930918510555404,0.9956445088019161,0.9928181553839036,0.9922898022984151,0.9909498471127393,0.9949750967194602,0.9985752357446873,0.989551676792524,0.9958959647893452,0.9939034040510785,0.9877371082130822,0.9922362710889099,0.9938234900706683,0.9981509440730155,0.9945578207703816,0.9938939539973587,0.9903788033303,0.9934025241467772,0.9940361866622976,0.9915483158158155,0.9921750620403189,0.9943071804667325,0.9909012138323419,0.9997499750629075,0.992994517151585,1.007393682610934,0.9966406960392827,0.9999828825428696,0.9893015815831863,0.9959893800330287,0.9968648090052041,0.9925110690139325,0.9948293981652261,0.9957102665770049,0.9946090171593435
111,2840800000,0.9984531020957559,0.994702156231907,0.997740421100746,0.9938906079825448,0.99425664982869,1.0024763706641278,0.9971494300830376,0.9979228898264906,0.9994033806801031,0.9953198958004077,1.000568929622978,0.9934120850887762,0.998976756235229,0.9921181706215596,0.9926290308859111,0.9999243860550532,0.9939789894111539,0.9961399918051411,0.9964109400994388,0.9874443466348448,0.9902910548689685,0.9965760084428711,0.994209355421169,0.9941075537808809,0.9942463623257312,0.9909670834164297,0.9939454920630012,0.9974108297507163,0.9938130472468181,0.9908279639405627,1.0012471508303973,0.990011728385242,0.9993720742825459,1.0004696309848287,0.9919100064847771,0.9946506259134853,0.9987914322289716,0.9955788448830881,0.9947595014182002,0.9979886631616013,0.9974185674113856,0.9922094386404909,1.0057367344968253,0.9857916738938916,0.9975041253204838,0.9997631748489533,0.9983045296607228,0.9946641155856633,0.9960786525227396,0.9928791720701841
112,2841075000,0.9993935743133942,0.997721823274045,1.0031859459491952,0.9946726813171243,0.9945931984680695,0.9930826735054935,0.9863459005210491,0.9946820793878555,0.9879639978143945,0.9955454355717048,0.9919221982647566,0.9935307756401929,0.9898252065955128,0.996833693323434,0.9969422381356793,0.9948050034698714,0.9947826082665704,0.999917572801763,1.0005247258502799,1.0013602494791272,0.9934949528589987,0.9922578314644022,0.9978650342321485,0.9921334701951996,0.9926747438509296,0.9884607573725116,0.9995305001009752,0.9996262446465619,0.9930829654724483,0.9948762969581835,0.9987350814337196,0.9992305377088959,0.9944274397851256,0.989643248497915,0.9967447258467385,0.9902434673064361,0.9920900077859974,0.9987024794350754,0.9900447923725901,0.9941713684268596,0.9908402099176382,0.9930132986262206,0.9951088304844209,0.9981371896294412,0.999112094384024,0.9932829425167685,0.9978224884700306,0.9929036658910462,0.9938196863180686,0.9927152352011449
113,2841350000,0.9969315225924048,0.9909876493477358,0.9950973085025498,0.9960680368987465,0.998201355743964,0.9927872865256356,1.0038612451851778,1.0016122548240267,1.0045507408120309,0.9903743153798725,0.9971483080451713,0.9908218276930731,0.989103161809748,0.9991546642439184,1.0014862333929675,0.9998542280308635,0.9930786701113827,0.9951309703302749,0.9938932157043039,0.993128997342841,0.9996968188022518,0.996398068807493,0.9938669528490781,1.0032260540943925,0.9952848473689111,0.9948722686571646,0.9978307436100765,0.9915900220909833,0.995293797692784,0.9930251209834867,0.995627710998418,0.990831201426118,0.9925921474041273,1.002069893466079,0.9951638293167875,0.9916239259902184,0.9955807153693316,0.9997546709855412,0.9971124822809257,0.9904276274475234,1.0029794088752721,0.9941802417919926,0.988843660674051,0.995303849756368,1.0004207408614019,0.9983994564615488,0.9934061519260913,0.9993409491264594,0.994622659082198,0.9952532292596651
114,2841625000,0.9950252564865377,0.9986798305682356,0.9961970343056902,0.9903444008136222,0.9936088718526924,0.9953936512730128,0.994581376605655,0.9937820664990132,0.9970854014201007,0.9962722881290962,0.9968595395859243,0.9916971274494261,1.0040206411966792,0.9948785504203599,0.9968650716861112,0.9960654468696173,0.9927344150532883,0.9969165773725708,0.9951184469299669,0.9929365713570852,0.9946000179860206,0.9973863322037175,0.9953353668767145,0.9976079742110804,0.9972966184144689,0.9982937222346954,0.998072766204071,0.995920960617806,0.9945993589336616,0.9902321609362883,0.9905482320314313,1.0000265602661942,0.9950925326425711,0.9905359272841695,0.9929081950178029,0.9900453770412624,0.9979142875298992,0.99727911016822,0.9992653247859703,0.9940557974086072,0.9980440876695412,0.9879331321343388,0.9920518676779366,0.9979131386185945,1.0026249041763462,0.9915863478770427,0.9909586383410656,0.9954162399607193,0.9958143201093838,0.9934447683711167
115,2841900000,0.9966395699662103,0.9943169815223776,0.9997334497493041,1.0015118177708182,0.9966513911461964,0.9847578898943603,0.9957938184201889,0.9946476489929064,0.9941664934400088,1.0028740421104663,0.9901700924271521,0.9914968858784742,0.995879563727246,0.9907615650187437,0.9992462127439776,0.9858096883503367,0.9943721496947048,0.9942046262801149,1.0010723550319665,0.9972133900943021,0.9887533302312542,1.0041103842102552,0.9898669783993533,0.9951492659820564,0.9890245479169198,0.9923482410003213,0.9960005526397299,0.9944744871396282,1.0007297784755567,0.9949449153841897,0.9970418883245974,0.9959796127992195,0.9918016573458625,0.9936754058894658,1.0087443646271155,0.9952082021164717,0.9969070074252058,0.9885421392184587,0.9936470981964219,0.9931701237854216,1.0003388783760028,0.9910744906945328,0.9940081351398035,0.9918701471287471,1.0017297833819376,0.9935764036916093,1.0006463501907668,0.9958859562561468,0.9962946778526979,0.9941101585714716
116,2842175000,0.9929714639603421,0.9971611300736908,0.997228623514998,0.9924758159275986,0.9955790808292186,0.9942273625585292,0.9946584447139055,0.9956877141356425,0.9899695018398792,0.99236818088481,0.9951481518042337,0.9931575878341614,0.9930887818728797,0.9954048559908776,0.9983998008919691,0.9954486789285574,0.9990066810824203,0.9890134438512876,0.9952216219202492,0.9960938214659535,1.0016442242172463,1.0033873463785765,0.9929504835853504,0.9899430107875189,1.0012637388341383,0.9994252709652143,0.9973794149087652,0.9930560254703272,0.9966292901108048,0.9974834173012032,0.9945854967793363,0.9963884372911457,0.9953696085495498,0.9965610607144597,0.9966895772572698,0.9937006788257392,0.9967220667277982,0.9960579584244039,0.993302426596667,0.9939879461740853,0.9947372526003906,0.9938263663113455,0.9958776011658852,0.9910205840024202,0.9878083187550295,1.0003751331854602,0.9890580789941823,0.9891243370891479,0.9921917627673704,0.9940447808635625
117,2842450000,0.9970915567821546,0.9948504068673596,0.9965545704764025,0.9903704640863262,0.9878413682081475,0.9999360657203158,0.9973934171648889,0.9906317773882994,1.0045472513314606,0.9939731277271128,0.9991355045853997,0.9941506496965606,0.9968432090042625,0.9894889152452206,0.9944107860512577,0.9979917378104011,0.9860865217290176,0.9957764341850492,1.0006096495265084,0.9935797082201434,0.9880173421522669,0.9953253219516672,0.9917282551091621,1.0000512299246875,0.9967701381521191,0.9916298274938785,0.991150753130736,0.995942188116584,0.9955381260962243,0.9964172463097725,0.9923021121232509,0.99997370199201,0.9968192392975257,0.9940621977872904,0.9992189645397294,0.9963603434533239,0.9976186947280616,0.9898816165689589,1.0005037777408963,0.9921008222883144,0.9907424309656189,1.0005886279519889,1.001075912719289,0.9954726538841436,0.9908609925193881,0.9947301986197405,0.9932523508172166,1.0026075244851675,0.9949253204299234,0.99430562198762
118,2842725000,0.9979595357720734,0.9951961532445879,0.9974236617914746,0.9904206561176236,0.9911938174726302,0.9952034955225229,0.9940154636536374,0.9946428427062908,1.0029524010286839,0.997653509650759,0.9957681750251164,0.9943145243580563,0.9970634667933871,0.9926583945707995,0.9876057970892359,0.9962969693085842,0.9889742649673331,0.9923569674073982,0.9973285433887149,0.9910109589602709,0.9892359062653232,0.9977211987208249,0.9953392469201076,0.9930236908593186,0.9907104031485283,0.9953911212699692,0.9885682716014559,0.9916442811321631,0.9909159003462203,0.9990399904263363,0.9955253679764564,0.9901233963288909,0.9914372321974494,0.9940429448074448,0.9952815955699439,0.9972647219678746,0.9930972255282557,0.9924445592616883,0.9989579539457589,1.001254461140017,0.9904998279922764,0.9937170523004224,1.0026421240835912,0.9945680760869092,0.9984531097859148,0.9946252033536764,0.9890906703619277,0.9992983507269783,0.9926589328255822,0.9961576866768802
119,2843000000,0.9949434811716601,0.996946079263575,0.9989927437019006,1.0014524970726717,0.9952198617520572,0.9951027914157416,1.0046085021071889,0.9953605523848439,0.9938424649788223,0.9982685095345101,0.989661409165968,0.9972474809879384,0.993426831989212,0.9851333037191201,0.9928131621496453,1.0033255500354124,0.9918234920941037,0.9941286649117865,0.9948288266571537,0.9973636904598333,0.9870658301173513,0.9920293207349977,0.9922984459827651,0.9904648354827172,0.9880911929482791,0.9937851849727303,0.9972421676311686,0.9891113055518849,0.9923805854653971,0.9970557544990655,0.9908402203877965,0.987913133394801,0.9915627097649562,1.0000591025363448,0.9950483464488414,0.9980126087969635,0.9973982420855696,0.990939942541452,0.9948048268049435,0.9921100258695625,0.9974716770218026,0.9963672847829949,0.9967669567301175,0.9910070720031917,0.9880126420512281,0.9882218880216911,0.9985684815741966,0.9894918254930465,0.9930926642928739,0.9935450527932237
120,2843275000,0.9989745552568762,0.992014067866549,0.9953102000243412,0.9988076272814185,0.994086769803537,0.9979488609137915,0.9917574947026147,0.9974881332992596,0.9949210822804415,0.9949631181499007,0.9950130540749188,0.9957456928501796,0.9942557900327664,0.9919366053969586,0.992082732041305,1.0001865940404684,0.991854185705767,0.9952093580421277,0.9944049485795196,0.9943374539003446,0.9906025179573077,0.9963327503429472,0.9891636595086419,0.9921029972929856,0.9922243796002893,0.9909711938970164,0.9915852382588461,0.9926834251723602,0.9948980561289753,0.9984800586436794,1.0000787072801904,0.9935919798501551,0.9985353540873134,0.9991982227572382,0.9880861701446134,0.9869781601236649,1.0003586930050936,0.9965411624710243,0.9954447646897066,0.9933181124028375,0.9880436367166306,0.9955999587367886,0.9943739363553731,1.0013254108328895,0.9920857111897167,0.9941221272634545,0.9973697512780391,0.9972303412330247,0.9906703547045008,0.9888500687476893
121,2843550000,0.9962496523209676,0.9974865780662934,0.9995339775439722,0.9922693335850036,0.9897373278285543,0.9916602223312736,0.9944664524144551,0.9932901891823205,0.9912648151295677,0.9963566529585269,0.9970286108717071,0.9927851233005014,0.9895282044978806,0.9957955932132477,0.991953133378195,0.993793008801928,0.9891930639513176,0.9925464638323277,0.998016996250707,0.9964001587300176,0.9945103818925665,0.9949690367420104,0.9946556778300547,0.9972282690339471,0.9936283616643748,0.9932853312717467,0.9989814422256356,0.9942411990538644,0.9957942523041594,0.9949732033844727,0.9945069826177393,0.9909803504993635,0.992857109302563,0.9910271314860535,0.9976547198491555,0.9921793622731334,0.9905334029962647,0.9908053865032239,0.9971555835410427,0.9987140952328143,0.9971703216174576,0.9940306411011804,0.9959466901488702,0.9959146802857384,0.9918822573451868,0.9912263447932893,0.993797137650199,0.9942962876498549,0.9966109336498553,0.9890021933162432
122,2843825000,0.9903640235030975,0.9992325892658553,0.9901707313651171,0.9930295595496512,0.9979032342211432,0.9961226393713136,0.9929471618283939,0.9880468209817189,0.9960131100542041,0.9957823785975413,0.9946279076207919,0.9912656896336896,0.988917350394588,0.996361059684191,0.9922207558022959,0.9985531238412243,0.9942558910280724,0.9961352393387675,0.9952505768051441,1.00040933276221,1.0004389519917092,0.9897289819013401,0.9966877864347641,0.9934997175842638,0.9950412565783189,0.9907737923476534,0.9948888629862891,0.989360768972293,0.9943565576114243,0.9956493895201277,0.997953251607546,0.9978666390572293,0.9921749474133589,0.9937987591320083,0.9919343809049108,0.9900791334293044,0.9867690930569016,0.9965748911362704,0.9904625798975605,0.9987646709813777,1.0002636595992476,0.9834861082249383,0.9889287387217166,0.9959453482295871,0.9868680518120204,0.9912781505706332,0.9871881673699946,0.9992658226104941,1.0014319898175044,0.9927375894779992
123,2844100000,0.9923840281034535,0.993464982560686,0.9923838987312938,0.9881905900701942,0.9854380241491643,0.9921077210747403,0.9940208514423485,0.9943508014453295,0.9957361429924775,0.9903157773969768,0.9989406075522378,0.9913110578597821,0.990517503282423,0.9943726455974201,0.9957642338389568,0.9970760956473669,0.9947253075320867,0.9965384867604766,0.9951270728731553,0.99721086321137,0.9953849007381576,0.9948449587930678,0.9954884188750096,0.994042048013464,0.9888932723680495,0.9904535412949449,0.9932817993127846,0.9941994638751793,0.9890012212027846,0.9938369940648656,0.9915609702182703,0.9940055212304456,0.9886447884967108,0.9925274243091105,0.9976320690984712,0.9938306477701427,0.9942998508605609,0.9917354179581934,0.99297158513608,0.9947749013871295,0.9974641939298955,0.997470004041124,0.9954063897506226,0.99271133160031,0.9904150589439815,0.9976972675069117,0.9991131381278484,0.9942298465399664,0.9997747240837794,0.9874157279694609
124,2844375000,0.9918693507909834,0.996830135686295,0.9984536529941846,0.989238542620395,0.9919597859710702,0.9968498630349898,0.9904176414214955,0.9964359795737603,0.996957817299479,0.9906469281273041,0.9880442203551815,0.9930322111347855,0.9983845739312684,0.9832007696406573,0.9958372776855233,0.9952025539107812,0.9982796828436792,0.9969944489416991,0.997805806320358,0.9915267765959557,0.9965465577166284,0.991231712595656,0.9912969815581494,0.9944814868598864,0.9951979828443649,0.9943910079522609,1.0010698413166985,0.995118786539691,0.9894639913654653,0.9968704176399213,0.990176811384516,0.9956326115772285,0.9960428979291943,1.0005738910465556,0.9915241613993994,0.9956118566203139,0.9916778406227363,0.9948647142768772,0.9957971548583362,0.9967408817894858,0.9920812114635422,0.9947171185152883,0.9963881383661444,0.9967978743205772,0.991872798303589,0.9900859546964891,0.9962316697476277,0.9950193175123367,0.9894552062995381,0.9926292616711428
125,2844650000,0.9962487164943382,0.9918755640141939,0.998552762166023,0.9915429759878361,0.9925109703839471,0.9888728109416789,0.9947913550668264,0.9931867986412914,0.9870768609664533,0.9907934743028641,0.9911172101571212,0.9942956107761617,0.9922083643884015,0.9927524601938932,0.9916720272774574,0.9951717090926936,0.9849969978035554,0.9949916109176741,0.9917498172577974,1.0030221074792702,0.9941218720991196,0.9910346820731813,0.9831285688921992,0.9977398761923097,0.9948273472997488,0.9923330187139546,0.9940562734072075,0.9959321003452265,0.9959818661542669,0.9939574690318115,0.9926564147212723,0.9898692240074434,0.9980445741460903,0.9939400945007723,0.9938795138639243,0.9937093669806644,0.9919381074329866,0.9865544308791568,0.9873958321904589,0.9914479332557917,0.9930984758444161,0.9933896983328648,0.9924553200191357,0.9961622420536509,0.9947073286181206,0.9995666277047068,0.9992432872356888,0.9920704576947905,0.9930475613519413,0.9922122336235816
126,2844925000,0.9888575730946917,0.9964830631107036,0.9937662256752333,0.9877836690910933,0.9929544282151969,0.9948097899717692,0.99754465088856,0.9958824289089618,0.9887849021644578,0.994943868194476,0.9942758620927961,0.9935228863816765,0.9965823790057382,0.9954989087933076,0.9954855241404749,0.9897332655651726,0.9863789480323929,0.9961821746407851,0.9904941111150259,0.9933370089488839,0.9882092423307682,0.9943764593551995,0.9916000220696571,0.9936906073430463,0.9923927214324747,0.9956686090386767,0.9943522530746199,0.9928271892439274,0.9901434987767747,0.9827860422286142,0.9913685621591107,0.990518021153126,0.9897998062200715,0.9960597439155102,0.9955483748873216,0.9936028654017366,0.9895448123444386,0.9969385425797127,0.9982811918969541,0.990148029762405,0.9910667759078162,0.9977776647923295,0.9957427275285163,0.9965612466977812,0.9930624725104739,0.9978791049614135,0.9962913091329527,0.9862065868930462,0.9944426408491662,0.9926637756725623
127,2845200000,0.9951458336426608,1.0010974696644748,0.9889690826680168,0.9906039220966323,0.9905605697197976,0.9971241034890749,0.9963743056801715,0.9939944653157669,0.9976382364178645,0.9931031371368725,0.9903773769145705,0.9876490435674679,0.9883119656860305,0.9923440175613746,0.9934953355688864,0.993106778185382,0.9957833414544798,0.9945296964517212,0.9951019601438149,0.989302099287414,0.9913203198316959,0.9850315964777946,0.9932973131023475,0.9971268822841151,0.9969355574946479,0.9964171419816003,0.9954207174882096,0.9892620084039103,0.992732480144533,0.9903093218986617,0.9894672117231488,0.9988328628732822,1.0001150658952787,0.9992922347817713,0.9945788431189105,0.9923018340463383,0.9936450576147018,0.9910139494912045,0.9934480288955371,0.9987128183939913,0.9914029993207341,0.993764773166308,0.9970665608446287,0.9925603487334753,0.9878402942661548,0.9855414922637388,0.98799131006783,0.9933506610912309,0.9958098761906359,0.9910309458570246
128,2845475000,1.000039837215685,0.9939115191773504,0.985499657765778,0.9959257090358287,0.9901844908194379,0.9931100283811631,0.9897804275562622,0.9938807426124697,0.9940104594405453,0.9866095659589337,0.9986682074010492,0.9902819250648848,0.986828282487386,0.9886813338496033,0.9932007094886304,0.9947666742968223,0.9928538011979285,0.9973143993188843,0.9982292915330307,0.9948631855789739,0.9885018497148694,0.9984331351358641,0.9884245254776299,0.9985692432943011,0.9945437844858579,0.9947321524641144,0.9993217987080169,0.9877079485684236,0.9892845820625814,0.9902817837118992,0.9876493833223968,0.9959148380939571,0.998729611353209,0.9959682838307473,0.9919998390460404,0.993691788343967,0.9923265571586928,0.9969746288708132,0.9944344923144309,0.9886782465326642,0.9927798113225844,0.9978211710741254,1.0028194864656557,0.9886023810157881,0.9861194072971179,0.9953542733461355,0.9910757150278665,0.9933826100322749,0.9890926698819816,0.9963175840650254
129,2845750000,0.9928013702158817,0.9895106727816566,0.9972102930147825,0.993386449226715,0.9947561830439069,0.9888329200820135,0.9897181771384546,0.9934864221507204,0.9906611335795207,0.9959690310153029,1.0016743963214436,0.9975519713432752,0.9922262202985784,0.9971966748987781,0.986467135659356,0.9919729885222014,0.9776541071491498,0.9905856684389175,0.9887583797974264,0.9933217539348749,0.987637594998127,0.9864275628519854,0.9900705535196902,0.9984021705159001,0.9898192186054537,0.9904460486695348,0.9947513138598908,0.9884360485544028,0.995836381024346,0.9927574272591656,0.9848323451201659,0.9846703372988076,0.9989664913825084,0.9910366410885906,0.9948966106469239,0.9902770720914702,0.9920623065327722,0.9948183255832378,0.9886188529370726,0.9877740365437172,0.98645416785797,0.9916185804926895,0.9929014223413928,0.9960873604248641,0.9901161427719105,0.9991311438218444,0.9869148881801858,0.9881720843442982,0.9910079077374492,0.9959385690514093
130,2846025000,0.9908508233721444,0.9931468670999846,0.9990161710253108,0.9937419234810652,0.9945386273916227,0.994141372713362,0.9916584167068194,0.9877819061879066,0.9920388274988787,0.9975860113487461,0.9918915495539896,0.9968096910997851,0.9983880545701317,0.9907247641794654,0.9954441633498432,0.9912584181980759,0.9877137848248954,0.9912276927188296,0.993935131580868,0.996334353022727,0.9933901220078781,0.9935293895047076,0.995920078721696,0.9874240013090759,0.9862854760497951,0.987611539773862,0.9928108479837571,0.997828093968261,0.991277735501894,0.9964097024019435,0.9949464388212549,1.0004703045347816,0.9904667412869999,0.986888005136728,0.9861394749816954,0.9962748176245285,0.9954949171293308,0.9920502076882453,0.9963031899474183,0.9930272648696402,0.9924497178774725,0.9907127269494701,0.9874525163993692,0.9903397407310676,0.9944657777278986,0.995903694188367,0.9875827061750224,0.9984363683960502,0.9938132836654939,0.99067469040258
131,2846300000,0.9900871046418871,0.9862812087525447,0.9978343765610448,0.9950498453282923,0.9916275617222201,0.9948471724528345,0.9920886122285958,0.9904979565128081,0.9923947309532603,0.9953952180971274,0.9885346623157208,0.9930321603749782,0.9940775165744046,0.9916983074448182,0.9915366613546008,0.9894554664884873,0.9877178011143136,0.9933015935209777,0.9956389367447996,0.9865492068723607,0.9963025088849498,0.9936156137118703,0.9913691598852642,0.9925032760496769,0.9886199805301101,0.9869663331548372,1.0044260150768745,0.9906070393259038,0.9899654810853078,0.9897241917036832,0.9954252606419449,0.992084083003099,0.9898075859254561,0.9918113348420666,0.9864591489059273,0.9935770880351615,0.99543400247034,0.9923060617225329,0.9944846176030059,0.994401255947323,0.9966356019731439,0.9882364091622776,0.9953453073232811,0.995191427080937,0.9927416284807677,0.9949845777275753,0.9914889388488158,0.9897079406268074,0.994556260370613,1.001302724120312
132,2846575000,0.997221611696573,0.9975711042312042,1.002499658111992,0.9961818941443387,0.9964855038178061,0.9899067706107773,0.9961716468748559,0.9941853044648261,0.9938739877105032,0.9991896088818429,0.9984580738658001,0.9948905091312159,0.9983644831300875,0.9952125511273147,0.9935078385873346,0.9889050205753901,0.9905186689697413,0.9907484347488766,0.9937353621377852,1.000919044838339,0.9950305299602291,0.9984396158676615,0.9934128037409679,0.993126316721147,0.990882597938943,0.9930066507748213,0.9879529192629112,0.9898664193551124,0.9914423767402423,0.9884298970933459,0.9908197901378768,0.9927815397273945,0.9951609243732179,1.0024418079681359,0.9978175134776642,0.9872211332193085,0.9884742444912125,0.9865688218050815,0.9887555054592113,1.000941327288048,0.9876423669717048,0.9972622962424286,0.9950632644958521,0.990499228115491,0.9853292641471965,0.9974825874059918,0.992744097108669,0.9890579906481008,0.9892028595597956,0.9913653339969457
133,2846850000,0.9882417313588449,0.9876282698660932,0.9873079353475629,0.9936136418765058,0.9863358774129688,0.9923283909527987,0.9919855636805709,0.9938019213106349,0.9920154034856498,0.9874606245777539,0.9972583742170509,0.9907309424734162,0.9924841378884913,0.9942770116704812,0.9941376434535003,0.992516187252608,0.9947640306071539,0.9900325450405989,0.9954279552741322,0.9948315086228136,0.9910824039493864,0.9893848956800756,0.9915031883818405,0.9906668679151647,0.9918052548526082,0.9925165302071184,0.992615052029165,0.9924657553820763,0.9932760894179682,0.9903853647344949,0.9937200418400487,1.0014330012774189,0.9991151349811117,0.9943511248747354,0.9947442429531459,0.9852285384551203,0.9887775205618313,0.9872540199080503,0.98203885199448,0.9938637495638958,0.9941425415279043,0.9950572038602931,0.9895831234800628,0.9942654900082768,0.9876363914587142,0.9938548879018715,0.9907251098684863,0.9967795359258549,0.9912412410018474,0.9902539457061009
134,2847125000,0.9934446777962141,1.000907985946414,0.9904355158648789,0.9944841563237092,0.9879315049049094,0.9977034872213331,0.9911355892069237,0.9919968936584245,0.9884851278565082,0.9954288162012698,0.9890019285133625,1.0040204481589816,0.9929032729484555,0.9964503231017025,0.995597601848236,0.9969307145345659,0.9929714422291666,0.9930628086908431,0.9930060431624645,0.9929693534054453,0.9908803528001561,0.9930806632704667,0.9879255496526874,0.9899115619488926,0.992637593299746,0.9913445065041253,0.9894681717985648,0.9946150821629858,0.9900698007735272,0.9912493824712801,0.9964394557096858,0.995912805481547,0.9918197511925313,0.9933724059251672,0.9951926274961281,1.0008640362869197,0.9924345770102501,0.9841266096361555,0.9861411788796378,0.9911375986018303,0.991738984448113,1.004194109745461,0.9961114164944205,0.994509402198973,0.9935169894169743,0.995756379101038,0.9931765955774479,0.9969354616144378,0.9938159312921206,0.9955934277902946
135,2847400000,0.9936465204988838,0.9969179188957489,0.9959910569175211,0.9908880582383621,0.9948206800744056,0.9941891374727513,0.9916076023665925,1.0022371589144838,0.9907848301836869,0.984544097913403,0.9866789020200905,0.9990653013060103,0.9951828976833041,0.9878273082472963,0.9943009094269445,0.995468453515184,0.991808855319054,0.9975348671114969,0.9908008328805075,0.9901100407279328,0.9941720117881182,0.9891113571529724,0.9941971081523605,0.9976462840291931,0.9934440268406768,0.9919334193216064,0.9934818210107065,0.9877858819065439,0.9926466296029902,0.9949876613527099,0.9955252905350049,0.99138355454497,0.9979484200223245,0.9935003681604875,0.9937146158549119,0.9941454804814391,0.9931826270535075,0.9862216532401611,0.9915261678417135,0.9912954425634797,1.0014227396813071,0.9888255969363061,0.9958833583664586,1.0024412387449608,0.9979247180594412,0.9895162200643496,0.9847715672954451,0.9916387968103485,0.992986663411823,0.9904439499125417
136,2847675000,0.99530168953213,0.9955561650982457,0.9931631907058104,0.9888763830232233,0.990699604600908,0.9900397371733604,0.9981898023959965,0.9846806104880368,0.9908547766078286,0.9935724418104199,0.9968405428553492,0.9873736919779607,0.9925113517257295,0.992225259158028,0.9920906805915267,0.9884650246420411,0.9922962199357604,0.9940786906429966,0.9899775399137346,0.9899891359109857,0.9907973596310519,0.9879306502898157,0.9926673084164318,0.9907100048226652,0.991703449754651,0.9951544967979838,0.9972854279176744,0.9941365599721458,0.9955954613506341,0.9960478088781761,0.9891108032987147,0.9910976409652571,0.9943246646511565,0.993670376705658,0.9899161119473319,0.9910974327826854,0.9883507524157678,0.9942375614795175,0.9900783033761518,0.9946859411485908,0.9928747077934283,0.9958993219667601,0.9901066844147434,0.9866143213731062,0.990957128823282,0.9931237935638099,0.9867717624747863,0.9852804249721385,0.9895393401654847,0.990790002815447
137,2847950000,0.9905041995586008,0.990419414623612,0.9932465380382139,0.9958287442241893,0.9871842683255959,0.9985376433827912,0.9930243069727499,0.9930470645138098,0.9970288505641413,0.9882358503531481,0.9905342617624497,0.9928628856863814,0.9911645441464662,0.9950811410947717,0.9934035367787173,0.9915290213652275,0.9983926042596417,0.9925428522410372,0.9893215737193506,0.9872869732931526,0.9931754000918652,0.9899834830692769,0.9923679439759192,0.9978048057904185,0.9919353424802292,0.9980349805129237,0.9962178814464061,0.985635173908279,0.9948213322110903,0.9894163602806352,0.9914684077625807,0.9894438875691645,0.9861013537886071,0.9951998533924046,0.991814179703034,0.9917506743940915,0.9878074659914912,0.9880734541536105,0.9912533066309949,0.9951079404072415,0.9920247641875656,0.9922553113930286,0.9954263738776769,0.9859071912086734,0.9904052764722369,0.9925890671973892,0.994390587620809,0.9925197827751884,0.9873231971111003,0.9953575773972687
138,2848225000,0.9824496443779114,0.9926826038285415,0.9936429770415244,0.9919047404956266,0.9905354806038519,0.9918098131011079,0.9947976561572853,0.9907180505991399,0.9874828053344367,0.9896702778358506,0.9860284936574483,0.992841442468722,0.9954942876422747,0.9912376570593627,0.9872374940207675,0.9949843394790936,0.9945898212204811,0.9872353802219437,0.995139056786507,0.988916223112631,0.9904757117435314,0.9892792721816358,0.9976619453811428,0.9900227481219284,0.9880196069845966,0.993052214146402,0.9920036077307413,0.9855432944066735,0.9906458025257312,0.9857074387921637,0.9831004955309848,0.9947757091835894,0.9917657956077114,0.9870261121955974,0.9899433490063877,0.9951506722767285,0.9968815295498566,0.9896816374486147,0.9940815816672957,0.9833252249430346,0.9875849093817942,0.9923609550066638,0.9916500232432287,0.9879293466911616,0.9931897079941756,0.9938055412071887,0.991218839654906,0.9867977966244292,0.9937420072681543,0.9860500142812139
139,2848500000,0.9910362165837666,0.9883375617390755,0.9931369652883649,0.9879543918893149,0.9896646746926894,0.9919884803091862,0.9883058021889243,0.9908488246439325,0.9891237288263497,1.0016385031957553,0.989472124310829,0.9883117103007893,0.9949286020887841,0.9934181802068286,0.9841100628275837,0.9903054996802753,0.9933691751019557,0.9966688735332991,0.9924222273320665,1.0018260855806018,0.9960170418705893,0.9901412413461782,0.9953670918306299,0.9942405000131006,0.9969294666467112,0.9983773339865604,0.9948323052217876,0.9959385911390675,0.9925479930317035,0.9928337990946186,0.9933169557548439,0.988130039578898,0.9937012024417431,0.9912037942971699,0.9908421919780197,0.9908503144731209,0.9920517218751393,0.986820707041004,0.9892047156197051,0.9962379661075604,0.9929279968382869,0.9929030669678676,0.9960153361950911,0.986954812128965,0.9874666109429807,0.9885106012359245,0.9946218271852446,0.9888002910828649,0.9862273095961447,0.9876934791938271
140,2848775000,0.9918991334270261,0.988403748510085,0.9929791196404473,0.9921653459364791,0.9906747060812787,0.9887315088123825,0.9877732388298535,0.9939678074672742,0.9952778276282661,0.9898030258626688,0.987839274806484,0.9913403501590025,0.98747582537813,0.992901312753608,0.9933187783247261,0.9886764900660717,0.9964914439975718,0.9904471817052392,0.9947812000980635,0.986537875017315,0.9847340877586078,0.9920872600370612,0.9829191182007705,0.9932168101348875,0.9874572388219617,0.9923083550625467,0.9886196433988605,0.9894179840338421,0.992873599225725,0.9887931072276179,0.9882859477797539,0.9881944213386098,0.994422845052416,0.9879835601672285,0.9961800472840288,0.9912559423109559,0.9945301656734327,0.9893105415342887,0.9949933591406354,0.9883643910302908,0.9936584141008297,0.9945015010364944,0.9782097348129916,0.9891830766965299,0.9914206117477914,0.9921601546269193,0.9901525138082311,0.9980151812725435,0.9893336519167846,0.9954538823264718
141,2849050000,0.984361475523554,0.9888159554313501,0.9982018412369799,0.9966232421959776,0.9958354052235591,0.9940828358681402,0.9947729512316672,0.9966182589884808,0.9924165461250375,0.9845134212219673,0.9877404358058591,0.990152976436025,0.9946556661053061,0.9942946982757673,0.9911907004776213,0.9887947929445088,0.9949385215259182,0.9929767412533814,0.9994277111945731,0.9900115148255255,0.9992491361165101,0.9858286113140157,0.9840453484724946,0.9905789507978746,0.994359094575255,0.9895642885611724,0.9984908833746527,0.9948723473656521,0.9945126820652814,0.9800825905324836,0.9844511162971986,0.9844814230246911,0.9983958499782235,1.0028427072763484,0.9895064953978722,0.9936022500765769,0.9864769695671067,0.9897008889236232,0.9911496987221965,0.9931544130849829,0.9864821506496851,0.9855471931295685,0.9882649857085677,0.9953265800489575,0.9912948727050345,0.9919671047640182,0.9866778777771388,0.9929481065417736,0.9848982692006817,0.9900370014480441
142,2849325000,0.9929673169633267,0.993364106527391,0.9898690243893195,1.0016722010141548,0.9945114256241507,0.9861746631352116,0.9850899710922972,0.997462782156408,0.983266571030248,0.9979921784273434,0.9834967986663684,0.9829213942895757,0.9932300500376969,0.9896551568779468,0.9866419346544646,0.9941399624569489,0.9924256776835868,0.9867022081482741,0.9931986378131873,0.9900641723857924,0.984258002526036,0.9900994521830006,0.9930561714830594,0.9875476629332507,0.9901405774604093,0.9907758596410481,0.9915092580491808,0.9893875509533344,0.9936477118334728,0.9899464943379604,0.9956096812618173,0.9933012458964465,0.9895505862117836,0.9984724385487606,0.9810856453525114,0.9948640639617908,0.9842751659745429,0.9884039988725538,0.9844772879609662,0.9889468742430851,0.9880871486312398,0.9869142521946506,0.9863857569281316,0.9892243015495067,0.9908548724345747,0.9932912551083359,0.992383819177485,0.989364801230386,0.9968561268040492,0.9879367908162723
143,2849600000,0.9907037819033155,0.9880474748249134,0.9962790682575401,0.9913983719216264,0.993620675409126,1.0036365918085175,0.9871784759785178,0.9874195394643417,0.9907907417888037,0.9865572892592916,0.9917993867412372,0.9882599558433126,0.9910574394408614,0.9860859441602354,0.9925268292151912,0.9935641269423667,0.9864238578372254,0.9901860846593222,0.9927694237887676,0.9872938459756821,0.9864950588454019,0.989676315706556,0.9864941123187743,0.9911915629372627,0.9901655355351214,0.9893189474737472,0.9916731852925214,0.9859735257859236,0.9906115844856659,0.9899672733566621,0.9882386322913066,0.9894023602073255,0.9838443874702819,0.9920332061427418,0.9923346144017079,0.997276088858452,0.992530118301875,0.9870500552470303,0.987650796588498,0.9960135741210585,0.98809961880372,0.9957985491967403,0.9876840286326295,0.9879206507857226,0.9922268623020822,0.9957231843589102,0.9891247956735663,0.9858431831890089,0.9834044637203757,0.9950191208314945
144,2849875000,0.9874941974351095,0.989209801168524,0.9900588479865013,0.9896276402592958,0.9873545704090636,0.993735503725745,0.9887276214584637,0.9842830694073634,0.9856540881793807,0.986810175304144,0.98690641714021,0.9911237045539792,0.9934161706384901,0.9896937324783701,0.988724933584249,0.9875977515456992,0.9953876773612269,0.9945568823501502,0.9965508228117356,0.9929609340982547,0.991947484830203,0.992789136396536,0.9857848834489681,0.9877549113547535,0.9909421663217541,0.9826341474748838,0.9834822724180137,0.9867328998262055,0.9870726050573877,0.9939597222038594,0.9955361586874723,0.9853399775369996,0.9959077121154651,0.9842529303228911,0.9883896295142881,0.9979651087347979,0.9898225003995474,0.9928354576750256,0.9914348064878972,0.9852953403602434,0.9833315322311554,0.9867568757538566,0.9873613351333788,0.9914933503886945,0.9891039538448897,0.9914726640993397,0.9907051734213471,0.9905738769992658,0.9902676333385747,0.9906430455063246
145,2850150000,0.9884973685595505,0.991060810852807,0.9954454370752159,0.9926379986176446,0.9924453799852015,0.9945453804408189,0.9957824858385838,0.9890029703162774,0.9895642167258425,0.9907589608762901,0.9946011406102372,0.983001627919098,0.9845997457970073,0.9869743369404145,0.9949658806710542,0.989383633683677,0.9930073814724075,0.9896848626044955,0.990546718795905,0.9899251532597647,0.9896475023986622,0.9882556596176274,0.9911227266851642,0.9959745568256626,0.9923058725153541,0.9907911582832856,0.9853254739031739,0.9927562417544709,0.9923497578584183,0.9927373287805665,0.9871534101571193,0.9869485360666931,0.9911272321957715,0.9909000113949807,0.9859537035268433,0.9845188037168945,0.9964193623001033,0.9885952123120757,0.9937357325046027,0.9881197459131452,0.9960041446273972,0.9889299499253605,0.9873541296149183,0.990157121067482,0.9881153781866691,0.9906178145486537,0.9885660511218113,0.9838428001130772,0.9886636984895678,0.9936913414332785
146,2850425000,0.9958751299014436,0.9914559485988359,0.9966216368760494,0.9868664394319716,0.988238590865106,0.9959903388036447,0.9795925592627895,0.9916919006603477,0.9925607107486134,0.9929283973043488,0.9891909958225253,0.9930139232025752,0.9991417143989751,0.9936121804059014,0.9925982152750452,0.9930754995966333,0.9852034463190523,0.987953624012912,0.9991923465877444,0.9892782609093085,0.9827208628430664,0.981981195429345,0.9854615319309008,0.9840619795966228,0.9890842309436729,0.9915953861790664,0.995976804196944,0.9801238095160977,0.9912346990790057,0.9900077135702737,0.9902124498293947,0.9947453931207654,0.9959898131107328,0.9913459656668705,0.9885317836327014,0.984819156984614,0.9855749072383412,0.9958742328933737,0.9843908397600768,0.9966603141327285,0.9886248088947533,0.987593409387067,0.9921375892401815,0.9889402043862193,0.9902665025781873,0.9862988225595718,0.9942053581909667,0.9898621616736285,0.9897007466588653,0.9904068834146412
147,2850700000,0.992970192150475,0.9844468295356821,0.9843323485751707,0.9909555788207475,0.9904410249723282,0.98492306083214,0.9874145625906575,0.9908062287188386,0.9906044904546357,0.9872142847365208,0.9868304352472023,0.9904527889568052,0.9955195089988617,0.9913610992023261,0.9901885440571478,0.99103316859109,0.9912963986193741,0.9778513853116413,0.9866558461313013,0.9913382218034679,0.9885656422323652,0.9856338483258408,0.9899955159431054,0.9889356209521674,0.9860260428573658,0.9883420723086069,0.9914133607147269,0.9841748572757888,0.9881731097684441,0.9901475939100673,0.9885410615737872,0.9875376530212598,0.9912329068904877,0.9894251001278728,0.9921361927305904,0.9904110134441018,0.9837014400966492,0.9891446985375434,0.9828928603572874,0.9856152823737172,0.9889876918105845,0.9888616986748778,0.9923136524963976,0.9836066791861348,0.9865024256943987,0.9899171239290704,0.9897421660279413,0.9896953904563842,0.9871653249362988,0.9937399462650043
148,2850975000,0.9821315854068802,0.9837678150756094,0.9857423619261181,0.9840466293614338,0.9934877689867321,0.9865924081643267,0.9934334298497183,0.9848097230401017,0.9852982153910824,0.9838070750402519,0.985382316802734,0.9857560064494707,0.9919202981033649,0.9895444498233481,0.9823914595135274,0.9822006820256272,0.9926309210172621,0.9874618810476875,0.992524813103487,0.9912198742312028,0.9875943085624361,0.988764617022356,0.9881415900334054,0.9839754676196093,0.9833782810418396,0.9853336840146474,0.9854208099152916,0.9843650879033573,0.9896128406282798,0.9953151332140615,0.9878550485590664,0.9897692754191223,0.9845873255117188,0.9902234823655348,0.994785815985345,0.9889295155110561,0.9883511181481829,0.9860985584373301,0.9868259593367169,0.9883759818001827,0.9903218518240064,0.9879809885506725,0.9918214852185875,0.9917312186883094,0.992811077908141,0.9936077147472441,0.9913520894636031,0.9895338619594803,0.9914772147372485,0.9951263847370551
149,2851250000,0.9880721960053523,0.9884764531298832,0.9958582206184162,0.9898177311743902,0.9889858743518192,0.982742768307674,0.9896796018119489,0.9958623870684536,0.9862137540760221,0.989660914930607,0.990620386324134,0.9882563232208693,0.9882872840564645,0.9871828086387934,0.9830632626011945,0.9896707672813171,0.9892400320335002,0.9866489492942385,0.9878392921624585,0.9850617563444996,0.9856403285889431,0.9854872907486995,0.9855326564697682,0.9918829250699632,0.9885611344232191,0.991115330767119,0.9987511582288419,0.9840717319266448,0.986644875747888,0.9881439985325411,0.9860758630366205,0.9897969771372388,0.9844048486418301,0.9909074934151779,0.9873782372820081,0.9941792773709893,0.9881129420654432,0.9928708136330708,0.9951218467741507,0.9877502419253326,0.9923209636491191,0.9862575325963184,0.9879164932600301,0.9841548086063059,0.9858571323352594,0.9935401448873027,0.9882784500813174,0.9907638863789708,0.989992495541202,0.9876907774893958
150,2851525000,0.9838630053687547,0.9874895216557631,0.9781512850093343,0.9853933325029627,0.9840394415853259,0.9884143579928006,0.989353963771993,0.9878621434492437,0.9888644366621755,0.9907659335602214,0.9924076229208895,0.9839095307840308,0.9908148445003833,0.9889094020756681,0.985756032214817,0.9879095823005333,0.9941910066256499,0.9811472525831628,0.9869128402038229,0.9852655592848283,0.9914779057737936,0.9860585523169868,0.990079045970211,0.9852921383122025,0.9869380527108881,0.9903317296577624,0.980270425748524,0.9878844407237571,0.9874482101397445,0.9877651570492679,0.9899420186675114,0.9866347363063399,0.9880011589934866,0.9931628635468644,0.9860738019150568,0.9849071981286734,0.9836728092252814,0.9885570302639661,0.9805219704064922,0.9881265318031083,0.9837193235666598,0.9884149979179981,0.9921847601743603,0.9854262858953434,0.9855617445458719,0.9898512509482663,0.993401427440847,0.9845773429225055,0.9876441516411296,0.9853450260013484
151,2851800000,0.9873815667750474,0.9876143017812767,0.9874368907042799,0.9846589913199796,0.9888798561575115,0.9869687791660747,0.9876605649764717,0.9920142293298954,0.9887595785874034,0.9846653728402978,0.9869755582349726,0.9857803652787025,0.9920440018542784,0.9886751919057057,0.9911238734585592,0.9863120532906797,0.9937659479698739,0.9863662062799535,0.9930100718612137,0.9915768006496761,0.9857087252671948,0.9854030684187212,0.9872443027343855,0.9887232417654739,0.9851709453426518,0.991004214600577,0.9868966677261062,0.9863184806251368,0.9860529447803774,0.9885409499269164,0.9861047431714383,0.9857086089994204,0.9876665280810977,0.9847709058052185,0.9769709376517142,0.9858776777859952,0.9920646537520812,0.9916237777131148,0.9832667149378981,0.9858575755204098,0.9797865274393875,0.9831270310276143,0.9824358393506287,0.9895197157028343,0.9868262405338954,0.985191010991919,0.9937060331560756,0.9810394684166014,0.98878003360744,0.9868976416665465
152,2852075000,0.9829203529600066,0.9873128636491735,0.9928606966033963,0.9864290766327444,0.9849140363825315,0.9883877375771434,0.989953290841933,0.9854767859177755,0.9861905193950798,0.9935742370137451,0.9939584304456075,0.9860157870181534,0.9846677384560191,0.9888672125462749,0.9885897020717138,0.983463209532268,0.9900379161388039,0.9870449767373194,0.9836908459655836,0.984784217676666,0.984788677591503,0.9855292557766169,0.9897020886005743,0.9885645783288941,0.9909302795631324,0.988583156536921,0.985230883277369,0.9835747832870472,0.9885330540863451,0.9922051134366384,0.987692647158086,0.9816343834516378,0.9875268052041403,0.9857768191787307,0.9852078230580954,0.9811573028017778,0.9851472595818807,0.9875562400011033,0.9822535462479048,0.9867885902830915,0.9804630252273768,0.9821294933975757,0.9938468564831792,0.9900783832963075,0.9851544998573055,0.9791109989222117,0.990523987659067,0.9944841259406174,0.985559738403532,0.9833786917591871
153,2852350000,0.9820444482585534,0.9869057882819805,0.9889388557711144,0.9847563542412925,0.9883081544818396,0.9875012772049842,0.9835676078177753,0.9831991055012885,0.9849683576746253,0.9864526278052109,0.9884757973846879,0.980958178073642,0.9782675986290023,0.9866312164758941,0.9804090703017245,0.9906039379692407,0.9874090813562163,0.9922765384085851,0.9870324512406816,0.9860998224906746,0.9876716468193543,0.9774166234200344,0.9866705325425241,0.985201483055763,0.9882583605236457,0.981066560761247,0.9897115050405123,0.9880544104359174,0.9849918358973316,0.9874991331260335,0.9889221723301607,0.9886450336284996,0.9885642610566944,0.9865831467741919,0.983111142286903,0.9853856453351341,0.9858262898881843,0.98394171410848,0.9830819852930747,0.9865844969744167,0.9866413829192091,0.9817865151025451,0.984017063420305,0.9802742573465872,0.9884308103364727,0.9842836189961717,0.9903704656732185,0.9828785272247046,0.9836455267770998,0.9838595198700378
154,2852625000,0.9813559484098826,0.9825697826690265,0.9822219265858398,0.9851551845774885,0.9782378719081966,0.9898489970772756,0.9785101796611562,0.9878918044573496,0.9908800779208097,0.9799312401324471,0.9843118842185093,0.9848635388427904,0.9900817673439138,0.98108194080523,0.9847545244619644,0.9818356157139035,0.9842069103051609,0.9803448453303552,0.9867050138833238,0.9818514110069618,0.9873678407217348,0.9896592247211292,0.989414728966623,0.977853812153052,0.9844003060414468,0.9843487983795403,0.9825682181338775,0.9853063087725971,0.9914361260722153,0.9886711807788554,0.985755200259989,0.9888936989530073,0.9834669398128572,0.9880540650947418,0.9866590358060242,0.9900932061414791,0.9877534006041544,0.9840252129935491,0.9853656868450864,0.9823025039585034,0.9810445807250304,0.9786536346995381,0.9880976586387815,0.9850417560909874,0.9809826828070921,0.9847958348395928,0.9866219526103346,0.9861871895833075,0.9887236835961771,0.9846741548579718
155,2852900000,0.988988599591709,0.977130333396485,0.9826129680328299,0.9859769485910582,0.980157937350412,0.9809829646467033,0.9843405498231527,0.98307897138137,0.9826858139941022,0.982407603103053,0.9913185064539591,0.9848765150091352,0.9871477379404566,0.9864591641777098,0.9844200635569413,0.9796037415787827,0.9852084952290736,0.9866697246856033,0.9860186527079441,0.9941389111765399,0.9895614054277642,0.9777073812345571,0.9799197837429017,0.9832228138627507,0.988528299057656,0.9856750504538679,0.9781622558919377,0.9907088611464169,0.9858354981870566,0.9879849827619778,0.9864483239713344,0.9868994972434807,0.9856828778806536,0.9825937359835193,0.9792291736000486,0.9852431007569463,0.9806224052213967,0.985713713487078,0.9803174396947313,0.9804454792382767,0.9806055685423083,0.9898009505716604,0.9778018462832085,0.9839025825338809,0.980415127808874,0.9889667579391872,0.990024726641619,0.9844835197401122,0.9901288906511018,0.9892745737626643
156,2853175000,0.983060138375678,0.9821575065084289,0.9846214412905454,0.9802580011477682,0.9801610787120497,0.9827907844742066,0.9749874002925559,0.9802588469029538,0.9850782428016677,0.9866696010341323,0.9767709050718874,0.9862228020351183,0.9814841761913472,0.97969534581286,0.9812027615667316,0.9868355421816681,0.9862753281184561,0.9877421296962161,0.988032679506091,0.9882266902123797,0.9841768337014343,0.9855296468344016,0.9917079049669436,0.9802141169830066,0.9807925261454374,0.978218172541027,0.9899394629690146,0.9807368685139904,0.9809615152599381,0.9875923640197707,0.9841458721777566,0.9888443138384702,0.9865851797290568,0.9873482144023147,0.988860728335906,0.9832273084491018,0.9833082854204108,0.9852188620067015,0.984439078248953,0.9848427836319806,0.9846963172301328,0.9921421767776213,0.9831990778877295,0.9878969939037792,0.9794388813461005,0.9930202585648414,0.9854796840216372,0.9822937880545204,0.9909316506730349,0.9831827016306228
157,2853450000,0.9847494281364214,0.9822323229748593,0.9882901157393025,0.9924056690624501,0.9840395175542642,0.9810474675342464,0.9903234161457591,0.9863130293215264,0.9897725897531866,0.9874428886214315,0.9861152201385932,0.977190168702938,0.9897670565699777,0.9852364697450303,0.9819352943552042,0.981929541659471,0.9819778333347852,0.9868312764367501,0.9833203142913467,0.9776261968411056,0.9777447858289546,0.9826953171684413,0.9826153478374486,0.982483274071107,0.9824344185394331,0.9825375091173953,0.9866987249824353,0.9843247296839341,0.9942639763516292,0.9909658832893182,0.9810000255622082,0.9849833740756966,0.9840504911098142,0.9770638552581092,0.9892028788540146,0.9826811499766812,0.9811716290621637,0.9832994719303562,0.9811075615514667,0.9855228414820664,0.9811178937185839,0.9849256607489102,0.9840403621398263,0.9785825186521624,0.9833842260834547,0.9847169991863058,0.9860664823327173,0.9788887782577937,0.9831795219688794,0.9840993585129483
158,2853725000,0.9797743292639923,0.9822060011571144,0.9871230179797155,0.9853558962274024,0.9840499474667562,0.9819208789148929,0.9829820765183452,0.9864790473562015,0.9855903842573741,0.9845159138442998,0.98181699829069,0.9820186883845583,0.9801964437352669,0.9880821189948736,0.9819979730494672,0.9855643636526772,0.98306617612793,0.9773673819411954,0.9869856534959554,0.9773166217800527,0.9769809797878661,0.9841311836460397,0.9867818643838282,0.9797544073628366,0.9823882761590641,0.9857939236986311,0.9774826630909493,0.9830863097884742,0.9785390691269494,0.9897341686824694,0.9877515352510337,0.9852308038882953,0.9809029003152787,0.9810732404119331,0.9826180092110803,0.9792981911613866,0.9774745857129087,0.9855091421802673,0.9786226811765332,0.9769347673561712,0.9868023648696321,0.9770710529234317,0.9873271775072775,0.9751036475598202,0.9849756198139884,0.9855154316373359,0.9795639844292927,0.9843161310985716,0.982140772577992,0.9891360091169682
159,2854000000,0.9831821751661927,0.9796842156372114,0.9846572611213081,0.9840488568427054,0.9755943247041137,0.9868905137798092,0.9846975794846753,0.9820425687395213,0.985556748115426,0.9834081102899359,0.977013452677386,0.9791997211381188,0.9814845689454728,0.9859294267611414,0.9873987797133335,0.9854895000511754,0.9833695405668375,0.9794411178354537,0.988857227044734,0.979247431577309,0.9782622249124538,0.9876024211972264,0.9824818256656465,0.9858950004691032,0.9852505991083997,0.9882766621763542,0.9813981708362235,0.9887579513560144,0.9814508008555136,0.9813848690422057,0.9873105449303197,0.9867867225700312,0.983703265732045,0.9763017009702175,0.9778330036398317,0.9858572776678308,0.9890088777863966,0.98847750731654,0.9864733951709594,0.98539171016564,0.9887106283571759,0.982822833891923,0.9836974398359905,0.9838450635899746,0.9890569041232808,0.9857770343973296,0.9785137134910079,0.98136844244006,0.9789810759256319,0.9817927320963059
160,2854275000,0.9812165268474036,0.9882529260752803,0.9769653010004075,0.9840008830482806,0.9857166342145742,0.980394214958624,0.9879615164414446,0.9805800870060034,0.9770782518550397,0.9833292669301793,0.9788262061492314,0.98295802035602,0.9810561107256168,0.9810088400637452,0.9862207025463808,0.9815820398742857,0.9886602220956031,0.9881985672719881,0.9811837064334755,0.9807059736252384,0.978013243688832,0.9764203605127508,0.981990705177029,0.986092685821734,0.9887181306883791,0.9864847738725776,0.9837435601503595,0.9803198942011494,0.9779153111578663,0.983771254591741,0.979213572955925,0.9816690391383672,0.9833219542175904,0.9794862016586052,0.9839068055528519,0.9872548734397287,0.9816121729254335,0.985301496300203,0.9819881739677485,0.9807855771940825,0.9830227588043632,0.9874282617650535,0.985094086779823,0.9856284584706027,0.9813801643408487,0.9834619105076898,0.9868633903282368,0.9878013297447582,0.9817099657664526,0.981977127926555
161,2854550000,0.9834625413966461,0.9762292258185167,0.9795021571519859,0.9900491173958884,0.9802324138914117,0.979927258664259,0.9777415589636502,0.984306482571211,0.9834616113379065,0.9794684673666499,0.9943465151541558,0.9782956137710682,0.9806972516626875,0.9841995970489199,0.9797748546347986,0.9764294047978783,0.9850316761828293,0.9806554392088085,0.978557292251698,0.9809858115821721,0.9807392206458502,0.9846945940700783,0.9840827518874917,0.9878870984526231,0.9794427126805051,0.9798978095366813,0.9735633674072507,0.9879651914211648,0.9818011064306206,0.9826697754149427,0.977228986541154,0.9877064765759763,0.9788878039071182,0.9818962847664179,0.9875890615738298,0.9861333959564912,0.979241686438015,0.9836509005194566,0.9793203850051762,0.9808532163107839,0.9840891396180946,0.9798879596450581,0.983274575573822,0.9797351247183438,0.9809794108399335,0.9808481970691589,0.9899775286264427,0.9819280474838963,0.9819335897672702,0.9833285076830609
162,2854825000,0.9822001584192527,0.9820198095024463,0.9895884432526791,0.9749689555848434,0.9785498950016583,0.9839908816706753,0.9822455125875353,0.9833097987519529,0.9850392359455599,0.9770259186397154,0.9888467003494363,0.9847308618654205,0.9757197559415702,0.9884364362545398,0.9872077823153761,0.9819322850541038,0.9804497590411689,0.9828434734107367,0.9812595932725724,0.9821635264355875,0.9773616073139684,0.9772548884386125,0.9776552274020613,0.9867011464558912,0.9837863070995043,0.9759038026346604,0.9905061322610879,0.9790378135841524,0.9869477742926517,0.9827586124056223,0.9816626265167352,0.9804096461548458,0.9805679923253,0.979436365043747,0.9774392570792821,0.9828604312090051,0.9764724927194582,0.979983111151567,0.9833588220637556,0.9842577041878584,0.9856444400581381,0.9815329409263706,0.977821099086296,0.9733401393775307,0.981191737683026,0.9833010417226292,0.9811560235694124,0.9806348333642788,0.9796496907110459,0.9820966685080399
163,2855100000,0.9799695903040766,0.9795479645819849,0.9858249178647688,0.9802706193038748,0.9775105177939435,0.9831746807197441,0.9805423009812684,0.9813645792603387,0.9825202611807802,0.9756194337676874,0.9795958807398408,0.9750055531896793,0.981693318148142,0.9814193232993785,0.9813098606343952,0.9777889468790049,0.9798842363198141,0.9738212596417992,0.9803394571309254,0.9773533507620362,0.9810915856130833,0.9765374388941546,0.9842932847200775,0.9831374700293236,0.9778483919008087,0.980800898606958,0.9792213051240681,0.9863981568214235,0.9773381951208489,0.979436252758782,0.9786919079080982,0.9850673144996502,0.9826315319001588,0.9768896705945967,0.9771229728813642,0.9828663617418775,0.9801644813629422,0.9882222833110912,0.9740375385135341,0.9815937801867158,0.9786212231628688,0.9801300291091994,0.9786048438837129,0.9808551320538038,0.9794236565665916,0.9835624448401754,0.9851193451416168,0.9837451103107451,0.9860368848881406,0.9795690194287705
164,2855375000,0.9758325691658768,0.9862397490185852,0.9817940615727688,0.9812588123350215,0.9800182783702814,0.9849099734440377,0.9807746181146014,0.9865436582590877,0.9899589386764086,0.9836966136107409,0.9844257275065379,0.971315719260199,0.98066900999781,0.9780961223243774,0.9866343309611307,0.9800591001058663,0.9811938760040846,0.9785677900143884,0.9812207461538867,0.9855314966513571,0.9822529845549008,0.975497461308754,0.9773060145035174,0.9821343053118136,0.9867748111562736,0.9793640371388972,0.9861101387006453,0.9731065067761677,0.9791736325848817,0.9832876507929902,0.9799188598590216,0.9764750074605738,0.9844570148499342,0.9776564221004853,0.9799477041954165,0.9795268170510754,0.9775318265751057,0.9840747419888739,0.9860026226436159,0.9831534644767758,0.9816990300112852,0.9842052417618891,0.9810481829332574,0.9852134987264397,0.9804132799078644,0.9851273405069234,0.9777454143901282,0.9863652501312701,0.9808157978882297,0.977895426780228
165,2855650000,0.9782004189998109,0.9809083088344599,0.9837488729293042,0.9868456930303869,0.9805866696134624,0.9785757565126412,0.9761487231550197,0.9777076584106466,0.9769008110126163,0.9868463255599192,0.9836052918919663,0.9802396160627489,0.9732963861622761,0.9736282006470306,0.9770181308782337,0.9813291283925767,0.977061455414751,0.9838887617443979,0.972152480504201,0.9820740513549807,0.9764983921222984,0.9835373682781309,0.9845805861392324,0.9841389037541064,0.9762970093561123,0.9754783893502013,0.9834576813885778,0.9825242871390795,0.9782227590098848,0.9803152896294736,0.9863603856034789,0.9811070536001794,0.9847515944721313,0.9759188280078843,0.9733682727710169,0.9826820163584111,0.9848922990443817,0.9872790973784074,0.983662151842206,0.9826155667670134,0.9765927620959522,0.9850993220073887,0.9871547123785208,0.9741335717276495,0.9923623049039101,0.9792379174298029,0.9779417456226958,0.9752145503860172,0.9798598819303146,0.9822233843746595
166,2855925000,0.9777434165569107,0.9779476129457468,0.9896957930431513,0.9833275460914833,0.9843976784187985,0.9787740585296696,0.9748999534995518,0.9846128930115882,0.9810031911706323,0.9768711232202344,0.9775153565438394,0.9747822132842935,0.9856273294730283,0.9834808336258829,0.9805701721200336,0.981365283016468,0.9798714243312725,0.9781218937975844,0.9772336911770827,0.9759130891800125,0.9820554141525829,0.9874629727732136,0.9812368880693841,0.9790594075922211,0.9811039069878917,0.981147339273674,0.9793523557481582,0.9836589277931194,0.9770832953251481,0.9802703273159568,0.9845742978802023,0.9752202922398718,0.9778745565783643,0.9799553541883574,0.9814526849011384,0.9811927730596431,0.9839181550972252,0.9855451172608589,0.9804897880637714,0.9791774478733385,0.9738661269348373,0.9857177507483936,0.9852121212196328,0.979813343462551,0.9802261716838196,0.9801407587450089,0.9836795227005048,0.9838098365591315,0.9787926551159937,0.9848346864263434
167,2856200000,0.9787285954845069,0.9788393746188655,0.9838441702059492,0.9872755291580201,0.9827728259374205,0.9764404708377973,0.9700918757822605,0.9838587837725435,0.975376028160667,0.9817745294036309,0.9755172926805189,0.9742047765093924,0.9778802138665793,0.9804151603311742,0.9773337335652186,0.9754912447213057,0.9808057235387855,0.982265508815958,0.9730970286670801,0.9839738447531658,0.9794877264667268,0.9778297649885422,0.979705109013488,0.9800729331915567,0.9854056308532934,0.9815743766219787,0.9772756843353645,0.9749652914580009,0.982013876879608,0.9820452212237029,0.9898868621360263,0.9813290141284724,0.9796290132897288,0.9837541396518277,0.9794424862305697,0.9765583239115505,0.9803692397233207,0.9809451744200357,0.9752165764396858,0.980219895877983,0.9813514058373537,0.9825391999311789,0.9801104155200321,0.9807195485649264,0.9862384542810984,0.9694585265622933,0.9765333556643565,0.9812007566688784,0.9775781620220924,0.9826406131676197
168,2856475000,0.9748901510022568,0.9801397834002737,0.9716922299581954,0.974451742103654,0.9711421332765787,0.9785476059225525,0.9733311957529065,0.9793251271814867,0.9756345929277582,0.9836148784176671,0.9755903137818599,0.9789603495789553,0.974685870893493,0.9851036734826403,0.983214289115229,0.9744272292945484,0.9887501949205684,0.9784836334596804,0.9826819822853846,0.9808240227165672,0.9823076069448543,0.9793383217707902,0.980312639245651,0.9771653523012197,0.97523527593549,0.9803159112761016,0.9772867291669901,0.9705196392108896,0.9782755104368466,0.9763215612592722,0.9846043571603481,0.9783793077864915,0.9831131712420926,0.9785670974310268,0.9784394514137797,0.9701898082962863,0.9834539375229207,0.981758016297395,0.9867648453503329,0.9789983410306333,0.9813236637440712,0.9782539355544001,0.9857491793383851,0.9794440120553349,0.9721800181314081,0.9728763185631065,0.9761761001100566,0.9762052127152047,0.9896733487540458,0.9748022406297678
169,2856750000,0.9730631980182978,0.9796049400444092,0.9853106318728704,0.976278422478166,0.972448820731369,0.9843611067711063,0.9762399913397725,0.9864170751600848,0.9767473183866225,0.9804309788577271,0.9749168750484228,0.9778942622487573,0.9766685366348425,0.9812928468578637,0.9778727223160437,0.9793035280251376,0.9792601785006898,0.9747753009379723,0.9740736229221477,0.9758227016521324,0.9798494831098634,0.9813266866831566,0.9751745719368242,0.9823195398237311,0.9782509396975253,0.9765569427003534,0.9789813413620887,0.9834338885414993,0.976393193666454,0.9767856400453446,0.9783850442870241,0.9840669228751967,0.9852017285905625,0.9764698428291804,0.9824056882124701,0.9741286172659203,0.9739086519582638,0.978862828006621,0.9811637956601544,0.9810874780815918,0.9802120203287586,0.9755761447526067,0.9785668615609564,0.9759532034770956,0.9805265207658406,0.9788507152717485,0.9756829957333928,0.9773116002122096,0.981850276912812,0.9772446698630979
170,2857025000,0.9737430286374537,0.98245962806664,0.9766166963155722,0.9787058280924084,0.9744851991672616,0.9792349784802263,0.9749700210090343,0.9797769147935244,0.9737164920263844,0.9742561585379581,0.9773648083585219,0.9776416266333798,0.9789514221342752,0.9754655460299436,0.9776030883248893,0.9813735977005575,0.978491974497604,0.978303377385969,0.9782468191909929,0.9826160832666504,0.9736317241794483,0.985659431843283,0.9734942664932588,0.9779476987484181,0.9830863854636681,0.9743534085770684,0.9840700423125157,0.9834092614463323,0.9796237916505093,0.9782178704361472,0.9799555015738448,0.9701864346396688,0.9755239328821139,0.9813568866723857,0.9834897105570183,0.9827660198081901,0.9750123538224371,0.9738925124264757,0.9728932630114032,0.9764709987292687,0.9763049351812413,0.9820089013379703,0.9795812258216596,0.9758289949369853,0.976093263696734,0.9806181656309476,0.9873166609852554,0.9793058222276186,0.9779597965577592,0.972817099503362
171,2857300000,0.9781905633059432,0.9708565113063655,0.9807154627067637,0.9759596436104427,0.982396652766622,0.9736306194344369,0.9823487210104175,0.9750105476721492,0.9773823045822561,0.9857587110092534,0.972483184694458,0.9719797112567757,0.9772866007333416,0.9708288209067027,0.9814508979424316,0.9798599454955719,0.980431677941965,0.9718660271100007,0.9770051661862823,0.9763875999946892,0.9739029942075906,0.9772069182017398,0.9758428859595473,0.9855501844288118,0.9779398916513231,0.9763583000874986,0.969343340723122,0.9765374001449283,0.9713148046151362,0.9788601439793174,0.9783179408850537,0.9781571854218263,0.9758941020817615,0.9816448032575064,0.9711744953797516,0.9804830137615368,0.9706490309592243,0.9787159411573704,0.9770651342162543,0.974341789291086,0.983320124612864,0.9759649493682256,0.9755804219835692,0.973148938043756,0.9843779448053432,0.9789371469100638,0.9773328217820308,0.9755442027169827,0.9798736462976401,0.9826807511564576
172,2857575000,0.9722825792002417,0.9768548524627649,0.9712862869588985,0.9747667651608203,0.9734437350635786,0.9758257058346514,0.9802262500129643,0.9698455446289983,0.9767841231198782,0.981574766224655,0.9736210305100138,0.978601466940236,0.9779422419127277,0.9768380349199471,0.9782539907904715,0.975694708357637,0.9803888818024642,0.9744344783990115,0.9771857243541349,0.9738109142512146,0.9799120702349771,0.9726482568967004,0.9727516348758366,0.9749530144809148,0.977447076320431,0.9719996626478475,0.9799957283627764,0.9794324445072786,0.9835508507225247,0.9749701008660733,0.9724277606069155,0.9880522286787937,0.9716243799585325,0.9806967576398802,0.9745331218528296,0.9789240121383597,0.9709095291446043,0.9784655581829982,0.973003602931621,0.9745378684212459,0.9792113719393215,0.9717874501234393,0.9794997669848657,0.9841230546940216,0.9787595026139739,0.978717678813486,0.9750963832060194,0.9766466927682717,0.9749610135739449,0.9743719177044632
173,2857850000,0.9790069645513315,0.9759582611458175,0.9767024555417421,0.9749306726798181,0.9776998378597535,0.9789123571414562,0.9840447123952886,0.9718076620908609,0.9706102943232076,0.9819709731888279,0.975651851372958,0.9744658691026269,0.980946859081982,0.9732634789616009,0.9769641754552035,0.9810889565512146,0.9760358981357081,0.9779163099939084,0.9805202622476046,0.9790637656302505,0.9829633758792609,0.9750187147250875,0.965022703808569,0.9723555391505599,0.9795580166286417,0.9656459858513038,0.9773108104050365,0.9777251420849394,0.98173845375879,0.9818933109142156,0.9767917461036272,0.9828603354309898,0.9743441277901194,0.9679583243744343,0.972033804517275,0.9760608090698354,0.9711835066571667,0.9799598986700527,0.983768064427431,0.9729448746550927,0.9755709690827956,0.9735278610058793,0.9804601042000881,0.9789297886737295,0.9847325833776853,0.9805441684805227,0.9743898353203645,0.9819235543412015,0.9766947306774331,0.9832429608367745
174,2858125000,0.9735880517222312,0.9718285042962529,0.9820767784048964,0.9738421790446862,0.9765295681759277,0.9760520981136449,0.9807840732076913,0.9719936022901084,0.984142639113814,0.9799916906049875,0.9738754381856173,0.9702471051550634,0.9756852395611998,0.9716896801837159,0.9769659138945597,0.9702436138604011,0.9772813503010068,0.9814227283605713,0.9765348318450431,0.9771785290997258,0.975521566301056,0.9792745324785309,0.9743894449729381,0.9739152178995253,0.9822826154921184,0.9816944023735061,0.9750167670902179,0.9763604284177946,0.9784159362529992,0.9782486897522117,0.9750997982056367,0.9783234516068041,0.9753811925659728,0.9795851080048004,0.9808679607151946,0.9736402971314746,0.9777435421675441,0.9762605670215991,0.9792329162523834,0.9714472811139857,0.9804381788305918,0.9774167389189675,0.9835574368684525,0.9771450314588334,0.9756611430830936,0.9792206330132757,0.9820169954996254,0.9736206048442573,0.9811931919188085,0.9775848569351689
175,2858400000,0.9737827757973934,0.9763321325995742,0.9764593035047475,0.9789827304431231,0.9747442370793153,0.9697257198212788,0.9761641415443278,0.972158329453936,0.9740936371677454,0.9749955073158981,0.9770259950478375,0.9791662657163888,0.9684534901775081,0.9792741178071402,0.9771113065917125,0.9754129768673792,0.9744249082745814,0.9788985418198074,0.9727675809698318,0.9830821751630727,0.9731330121810787,0.9654152434746164,0.9713572305558223,0.9751460891210264,0.9745595928730697,0.9718753575403154,0.981976864705751,0.9743696502660811,0.9766846689242582,0.9740454102273493,0.9751962037552119,0.9753415417387971,0.9737217086427601,0.9770572120178652,0.9850457296478504,0.9741089688642184,0.9760612705187325,0.9726853920757113,0.9786180704320213,0.9831269789867798,0.9742508059807833,0.9688874249102538,0.973603278108386,0.9789543182594361,0.9843039057046119,0.9746447585177469,0.971864638619508,0.9832341359303847,0.9771824072173455,0.9733289199684341
176,2858675000,0.9750977416946386,0.9716985740280247,0.9697786547371403,0.975582141002172,0.9718766231786938,0.9734673713940403,0.9790851496519049,0.9763304892214896,0.9728509154124305,0.9771091912875343,0.9740886406653378,0.9680243416814192,0.9766890959478156,0.9719362145571719,0.9735023293541324,0.9804170546726841,0.9751286420902374,0.9771050640004879,0.971330346332327,0.9689161932840694,0.9735086085646725,0.9852235416801013,0.9733870527744606,0.9751170153352078,0.9785389740163399,0.977245122198865,0.9748484868046299,0.9700858495189508,0.9769989274295011,0.9745547770181976,0.9765938246790612,0.97513408201457,0.9687310525947439,0.9790167417646904,0.9707330708847376,0.977599762913008,0.9741573058074869,0.9782584828807638,0.9754827790248977,0.9689816118631295,0.9731869894274796,0.9774943030744572,0.975141117647236,0.973844041118537,0.9786996612806074,0.9744236766024185,0.9718071831052039,0.9776055932375601,0.9808019329044437,0.9760568119787983
177,2858950000,0.9667361372403821,0.9692626470320822,0.96608587214846,0.9808056411505864,0.9790974533406578,0.9693450851620279,0.9745486138143249,0.9755155521674105,0.9746751053562328,0.9774142097810047,0.9749501359791759,0.9739401131229148,0.9722081205361063,0.9681017089951147,0.9813419411078491,0.9658693747838987,0.9835563730142458,0.9716571605857149,0.9841924560417932,0.9644516056552016,0.9777856353317527,0.975082028305053,0.9782944581518818,0.9760812129218847,0.972776805730587,0.970129663695346,0.9730389999644854,0.9741886686087087,0.9736969975346488,0.9787701634779692,0.9711305457827962,0.974711115061248,0.9767969375319684,0.9773269899166593,0.9754993803124128,0.9723636496748851,0.9670174230810609,0.9706078926726567,0.9743545035739771,0.9739234256767135,0.9759026033160102,0.9672635956496795,0.9762027788520974,0.9816049740424708,0.9763397733629409,0.975789024447703,0.9733254705028592,0.9731134697241134,0.9760218493493489,0.9640167240428272
178,2859225000,0.973074108897323,0.9756650744054705,0.9714734752007671,0.9766908764637953,0.9695615757890672,0.9801871229314144,0.9689863396037484,0.9666224907315853,0.9734093697639453,0.9762324001676295,0.9727848571900124,0.9731233948961625,0.970794711222108,0.9648256714191025,0.9744795691185328,0.9791586359462592,0.9659166004733897,0.9746550606073079,0.9704505801569389,0.9681781292078965,0.971485166918813,0.9715092096435768,0.9689522602056787,0.9711095494505544,0.9788984864064785,0.9663301618434564,0.9700646297498683,0.9729946659927233,0.9723491259054668,0.9753767894530899,0.9694132655496085,0.9809330943845856,0.97090534254575,0.9709726625717187,0.9765000053520781,0.9705684089344769,0.9708659894808737,0.9761356279766261,0.9682645663427288,0.9686905834984578,0.9764366091342433,0.9734761220708082,0.9763173062281537,0.9816205181173348,0.9722096515093988,0.9704494955306621,0.9662783848386547,0.9744079432776046,0.9787728376043368,0.9730808447945303
179,2859500000,0.9706195398399192,0.9683678457290747,0.9744357404754797,0.9682294208942771,0.9782484785039749,0.9770974443233413,0.9816922855657083,0.9785735541159993,0.9757284101060103,0.9651324529152717,0.9769445745289846,0.9706246206010902,0.9785216235707759,0.9764328987854161,0.9715903616553405,0.9668231689024559,0.9733109056523634,0.966085570881802,0.9718855029212781,0.9682299013883138,0.9748927015402482,0.9669479205956139,0.9723570620387558,0.972502582567998,0.9723719161176672,0.9701742670863414,0.976845329939033,0.9799091489258877,0.9759326615233933,0.9785287061533128,0.9569710256391759,0.9703315885256235,0.9696461959827374,0.9692497664032725,0.9735426799546392,0.9738938486041876,0.9703872732152702,0.9739637704340857,0.9713359398447524,0.9727583916204385,0.9748037405218626,0.9652011929208353,0.9724057716686659,0.9776806184318579,0.9782416110013219,0.9730359571544428,0.9751041488907847,0.9782080259386399,0.9702579123300871,0.9714448864773697
180,2859775000,0.9729363406683101,0.9708672643333575,0.9701757602616462,0.9756434935132616,0.9737757445048298,0.9752202536108723,0.9737635680148139,0.9740231456344276,0.9741445627174984,0.9758433670376944,0.9749785467366047,0.9684465206788818,0.9684051211644256,0.975128079701132,0.971201340128212,0.9743619544016373,0.9686848387661361,0.9718108712435085,0.9688698919148546,0.973816002560606,0.9689090843862547,0.9712584095508051,0.9735198367044579,0.9694983409712928,0.9708660188989621,0.9718948224766626,0.971497220071222,0.9679855030337556,0.9711112654811036,0.980460129526716,0.9693354583774676,0.9745299474194971,0.9718324317925282,0.9766822353300237,0.9742263511000231,0.9772165697663016,0.9644545933634837,0.9660925304254078,0.9654930458680515,0.9778244001902056,0.9680023562701424,0.972991028814156,0.9674261812242432,0.9691300418055484,0.9711574834620353,0.9701614793785294,0.9626809330620687,0.9662396029696243,0.9714062105545415,0.9776210503220052
181,2860050000,0.9726781991430744,0.9698343511845933,0.971008834233161,0.9696418354480707,0.9755290198318082,0.9695058092005214,0.9645953702182919,0.96513032120463,0.9710824617009792,0.9682454580964729,0.9720443010858387,0.9658109777454956,0.9697992828998178,0.9690610757276511,0.9691478353875869,0.9703511186744015,0.971464922862878,0.9639435990189716,0.9737157473508777,0.97502244738578,0.9731127460435113,0.970609010535664,0.9712298462151931,0.9685709128479059,0.967731606498486,0.9707589614063702,0.9764126479779909,0.9640776306983792,0.971582337395547,0.9725631927545194,0.9708571965742265,0.9744769471173892,0.971743636397065,0.9809947045169327,0.971924367485574,0.9731390849751846,0.9681820034149216,0.9673470580204813,0.9783616277628968,0.9722813975833688,0.9714767765754784,0.9702920142733822,0.9654160459972643,0.9736665805200717,0.9744797550729519,0.9760593927988607,0.9662994739452503,0.9675051874056105,0.9723830982602789,0.9712666728371105
182,2860325000,0.9724949657225351,0.9727726435558505,0.9701036353206081,0.9653574963588355,0.9708772036694726,0.975110829133318,0.9727944410136462,0.9691386402329217,0.9638362433713624,0.9754622501969413,0.9711182093898247,0.9676058837579845,0.9670803333180735,0.9778343670943211,0.9632421671932296,0.9748806529117782,0.9765979488715963,0.9719652396118486,0.9742917798646982,0.9623905638828746,0.9608941489727514,0.9764844866614314,0.9698409141738747,0.9720326078391248,0.9670940098871179,0.970730527977292,0.9684111959258647,0.9724736023283611,0.9706410481254123,0.9741698665665367,0.9724816662005119,0.9799005711768722,0.9689468791698378,0.9569433081987053,0.9743649211154831,0.9664595734577189,0.9759696593431334,0.970896676686725,0.9752708317776693,0.9649878401674528,0.968598655103399,0.9720879755837901,0.9598588172518723,0.970547269444661,0.9699741318584743,0.9637921912814589,0.9699533797703992,0.9745333565969068,0.9700390351512409,0.9700908977049345
183,2860600000,0.9733605715475878,0.9671352022305721,0.9716735146554081,0.97441868417094,0.9746214822720368,0.967366492321785,0.9699561437279595,0.9662482359551743,0.968299063615597,0.9662948652660803,0.9694419129041678,0.9730652157355527,0.9720215722275061,0.9686734548217778,0.9734099665024895,0.967378916080819,0.9729498595823585,0.9690612200017911,0.9719057518212292,0.9620116922289704,0.9666852514784081,0.9746154727219049,0.9701693198889607,0.9734446315902302,0.9664996348281214,0.9711451024944663,0.9728660786768955,0.9689860019475894,0.9684402891820936,0.9673117527800326,0.9651418261013531,0.9685242482476523,0.9712085615281628,0.9688758907024102,0.9679623586163281,0.9717266610445797,0.971390298946295,0.9755530050774088,0.9700819118719577,0.967282905287727,0.9700238947595066,0.9666625902607024,0.9753895298090499,0.9697846522557473,0.9733630775918846,0.9673673593343401,0.9692303372082054,0.9602144675071589,0.975858034686365,0.9691451609339099
184,2860875000,0.9695869622443878,0.9615674248189954,0.9675191957876366,0.9627411832356774,0.9688878810483789,0.9720899962590481,0.9642754182905753,0.9702803461068703,0.9684381944813883,0.9677148686054553,0.9737078376555268,0.9666931100916597,0.9679999524604217,0.9676511492252838,0.9761483995784419,0.9643143215686285,0.9685142918690152,0.968528556813169,0.9716129682781016,0.9661203367424354,0.9684807667964785,0.9674672983494005,0.9710013895551957,0.9664138573987818,0.9707337419935904,0.9735976682483202,0.9707864227771632,0.9675659838589812,0.9691376003974805,0.9674266659550214,0.9694306820756118,0.9673538047239788,0.9743785782250272,0.9715450564183912,0.9652237948963521,0.9727679744501586,0.9697214250752373,0.9713398018782285,0.962793963594673,0.9703253090138318,0.9643573756924322,0.965171152491438,0.9706625231197707,0.9633701444586975,0.9676913412110668,0.9695839475375492,0.96882878040743,0.9687041066442227,0.9700721218227948,0.9745433960482166
185,2861150000,0.9694992481179598,0.9687541175735905,0.9655988037713406,0.9701342459651091,0.96764155151702,0.9647203457833426,0.9655769022959121,0.9678516856667747,0.96882187569752,0.9658150605311797,0.9676940520325688,0.976276919578637,0.9698741033028656,0.9687721130132793,0.9682903698589319,0.9609304904824485,0.966239251752438,0.9671891234483551,0.9673794568875876,0.9656110233278494,0.970553801132751,0.9692568242737941,0.9628985264745052,0.9595374746065385,0.9685395637847016,0.965373626291354,0.966891212462062,0.9689165668302253,0.9661566788588707,0.9690095890637803,0.9691839747493612,0.9728735098671183,0.968852070401518,0.9731518372710088,0.9666291298872641,0.9627537104055669,0.9718661482193212,0.9661479310652279,0.9718970534238174,0.9659556798043795,0.9666202671798166,0.9642518819296328,0.964510861018411,0.9628288640205934,0.9622177007578777,0.9652317052692839,0.9625991483458638,0.9608637628188142,0.9688055820215626,0.9632035484792052
186,2861425000,0.9703084880409701,0.9703539292286704,0.9745573670069438,0.9721573919333559,0.9605288052231122,0.9610555010064449,0.9669092492979291,0.9632855316658594,0.9632227162296852,0.966669336059064,0.9653589117212299,0.974906138439669,0.9660584030234549,0.9689164660407845,0.9693377715206245,0.9686942980958111,0.9741045617131617,0.9648018764702949,0.9662220861341313,0.9652421991910273,0.9662699126632105,0.9608938139587846,0.9662527529337188,0.9721608733896602,0.9637077735488243,0.9640324372150365,0.9708150983887558,0.9682810305944994,0.9740462669680807,0.9688608605058271,0.9663892064116655,0.964637065602925,0.9708520090506619,0.9671556326541075,0.9682642652105256,0.9719031404371231,0.9624352900196868,0.9644241801867802,0.9690359785946184,0.9677856348597371,0.9714800473457367,0.9606214387330382,0.9641905588910525,0.9674811201694584,0.9666745968445172,0.9628886707675768,0.9644172722802443,0.9690672554208737,0.9637177565702982,0.9743978943864631
187,2861700000,0.9640934256291878,0.96941304637995,0.9742427017099322,0.9770482985866278,0.959568002631868,0.9633574213668707,0.9672299806871569,0.9716410190997486,0.9657823965681375,0.9634898359952921,0.9662123068464029,0.9677586265982618,0.970860968068701,0.9690325658024643,0.9624422953781605,0.9694460723495678,0.9655919184318584,0.9631418302780663,0.9664083034367013,0.9721649496923558,0.9631872832603251,0.9657300745647605,0.9704333934344983,0.9653300421114501,0.9626339379790763,0.9644841473383846,0.9683754562829712,0.9725915021679453,0.9641079328347026,0.9643642879466117,0.9633724879664827,0.9694869129713011,0.9676781722810003,0.963987924904737,0.9716454545276405,0.9647410360217971,0.9729866654592841,0.9721574103333881,0.9611298350134189,0.9605484419334883,0.9658191966920142,0.9594748967470385,0.9664797957823624,0.9658278941523599,0.9648665246154483,0.9659458632854269,0.9715590716501674,0.9723219371412855,0.9623999617714201,0.9662057074737335
188,2861975000,0.9688120922698442,0.9587998834248354,0.9687177638195429,0.9712173862442116,0.9698641003278791,0.9643130398453285,0.9639572338104722,0.9653871724476085,0.9713084430623493,0.9632975667671358,0.9651963952621929,0.965045631042261,0.9595826220233287,0.9592474835249795,0.968743261196881,0.9591028215081729,0.9623828262878878,0.9728967039227019,0.9661354268856176,0.9666634489864668,0.9637210223494174,0.9626037034593878,0.9648689561811383,0.9761746644302323,0.9615323767943157,0.9678667539208414,0.966925867459385,0.9737165602319546,0.9620124042355562,0.9589587863314681,0.9616605591547804,0.9617192327221503,0.9726931085212491,0.9626967642636314,0.9579615021485938,0.9577373619533598,0.9707104903351846,0.9641780304716493,0.9596050414391404,0.9632690927455333,0.9660779616622144,0.9665044565309354,0.9684587481644656,0.9629507985719954,0.9597656548929303,0.9640275810502535,0.9662875266150438,0.967964185560611,0.9637410979296102,0.9707158239642423
189,2862250000,0.9589141065768608,0.9614960489129711,0.9665143239885906,0.9603624744008612,0.9655847074664605,0.9703194490366492,0.9634330730640696,0.9620974779422586,0.9678683553329193,0.9726235959114418,0.9647697306721259,0.9635958829861994,0.9639403810479058,0.9618972527033046,0.9626323633493774,0.9730605888152755,0.9633542413638742,0.9506711694599287,0.9679858370965249,0.9580689223312652,0.9695479882021358,0.9607212973538265,0.9665162203664122,0.9615485152067057,0.9678986069941807,0.965991204447,0.9704320161371897,0.9667103171536539,0.9669693542978449,0.9629369729496999,0.9636501384884749,0.9698303222347,0.9661826328815979,0.9667749376099536,0.9677464443327902,0.9601858438368281,0.9652458048721889,0.9677092621456727,0.9583140117160341,0.9689417855586928,0.9698756621370828,0.9628234237979684,0.9596812367809693,0.9592000152153299,0.9662377703204502,0.9640096481920852,0.9616580940882277,0.956627389878752,0.9659787794712913,0.9644025300845531
190,2862525000,0.9613276350896653,0.9617951791676579,0.96888935111411,0.9627831126284577,0.9650741211901182,0.9591341125200918,0.9661592519620655,0.9662117935489406,0.9640347891406086,0.9634116004392568,0.9636791848522341,0.9663960910124612,0.9659554525150179,0.9732964268679658,0.9686953186342971,0.9641196125233142,0.9674933078208834,0.9623361163511943,0.9657910269949807,0.9626246555509516,0.9608824750820495,0.9646039565058668,0.9621446150464876,0.9660287781733959,0.9667189446114075,0.958825712180346,0.9647232282034446,0.9641245325809027,0.9596604389728375,0.9617661631472416,0.9650449165966523,0.9581521047504535,0.9643425229419393,0.9669005119056775,0.9626680176655853,0.9669435256315712,0.9645983902020036,0.9647484868927833,0.9701076445655873,0.9598215857250557,0.9657351899857284,0.961206567446632,0.9716078904498967,0.9670597839337736,0.9663600255983671,0.9613693097066126,0.9655586617671812,0.9562873600704024,0.9644295870140647,0.9653987265760345
191,2862800000,0.9562899852227063,0.9617735383416383,0.9558474963737448,0.9598668481680893,0.9665537254229746,0.9648871857532378,0.9626291624931542,0.9642523887504362,0.9615817206597296,0.9655681656384131,0.9599904313412689,0.9633315385126158,0.9593836694059805,0.9671423292486002,0.9610623737335664,0.9570345091732817,0.9604501428444553,0.9628424900444068,0.9573400395105592,0.9656548102360755,0.9675834081621619,0.9628963455975477,0.9626013744673487,0.9625520202907103,0.9524589700486523,0.9689615304662944,0.9619527865094127,0.9575836078023579,0.960559635864034,0.9649463579038203,0.9543733969982131,0.9680786870856183,0.9624069898127179,0.9610562324992229,0.967988381625939,0.9703417970169805,0.9626627350741463,0.9667999123075993,0.9673651306721227,0.9590945286110957,0.9607037492132164,0.958584637068791,0.9580647576646909,0.9650885588481599,0.9661466109997927,0.9623074303620901,0.9548250485453531,0.9609717392168199,0.9612316700723317,0.9663201668095244
192,2863075000,0.9682024045890032,0.9600128150476278,0.9585402538329296,0.9689967306728157,0.9659909705824181,0.9607563398118684,0.9543365242520713,0.9689916574660339,0.9669725421070962,0.9649892570291091,0.9696112900996342,0.9698087939004231,0.9624632174686033,0.9640843287300229,0.9606114596989567,0.9603095585908421,0.9674719853354959,0.9622648450596971,0.9698534758431107,0.9710409339248268,0.968120768289852,0.9574861542335296,0.963397706935504,0.9562499159436221,0.9627702042910157,0.9702360637760636,0.9633398516997769,0.9605995405539838,0.9591600634412873,0.9644108446736179,0.9679466082492654,0.9594957270687463,0.965663487317597,0.9603140662319896,0.9695274865446408,0.9621525873746486,0.9622823019579011,0.9667718624462998,0.9654335894681403,0.9678665775374212,0.9675559263332855,0.9607570979198012,0.9624535005987653,0.9623058040469223,0.9635959114433896,0.9567002731084753,0.958852887234132,0.9657734532001634,0.9611696126532151,0.9556530083872182
193,2863350000,0.9645364861035983,0.9630664395346824,0.9651453426242297,0.9655482942605288,0.9597920634159608,0.95953840617034,0.9636901028124047,0.9619944513071591,0.9652138404558769,0.9666774519856656,0.9633637202246098,0.9579046843258707,0.9561143947620968,0.9596233397934049,0.9608340679345283,0.9619823466361896,0.9625240200160825,0.9580846591266173,0.9557261364539144,0.9664441430466826,0.9633105886057058,0.9704160618236626,0.9632802790142518,0.964901284162307,0.9623760429007621,0.9678945976012477,0.9583287843301336,0.9643688626576109,0.966014556731896,0.9673812797976304,0.9696933943775367,0.9701320148703275,0.9582961821102374,0.9572472345980759,0.9619327592774594,0.9576817315559156,0.9629987193243994,0.9618855255393649,0.9622106127069177,0.957768285474434,0.9604555160675449,0.9589856600713896,0.9629454873393126,0.9636140232533814,0.9650421297207867,0.9660272465915986,0.9609872657754629,0.9502610877571379,0.9666037126386593,0.9577093708938956
194,2863625000,0.9607899851472618,0.9578586309042568,0.9644364923436318,0.9695961242102229,0.9674048135057519,0.9587264413608935,0.9630411068397614,0.9678693261634875,0.9643069563430116,0.9626974701542361,0.9632092608840455,0.9521408522186636,0.9633486075100028,0.957743337106443,0.9649206372478002,0.9644388031196,0.9598153045323359,0.9629362536484001,0.9625816816069492,0.9582698943925376,0.9614425803881722,0.9641090182623332,0.966739809585317,0.964062211964376,0.9622337487681192,0.9639832073158989,0.9665485126746288,0.9627795175245187,0.9588997159765978,0.9669319359417095,0.9678093358728236,0.9559831079850254,0.9693353042871381,0.959259566820751,0.9593232252336028,0.9640951567575885,0.9694475112530853,0.9600400446342369,0.9614126459076117,0.9679644362413357,0.9644254944569737,0.9637251095821211,0.9623926876238523,0.9595997850582981,0.9644010517612661,0.9565798515649495,0.9650621784394933,0.9596946478674001,0.9579048045166039,0.9666333215714322
195,2863900000,0.9649260809194299,0.9607888061136225,0.9662307476024903,0.9593416845935411,0.9649147247145069,0.9558539309743371,0.9592427873581892,0.9593662075736165,0.9598693452335011,0.9628592256059982,0.9655880463611566,0.9629011249835346,0.9605318381531689,0.9556339829375108,0.957957330521085,0.9627139391007109,0.9618430018233302,0.9585295651193515,0.96136483537051,0.9615848455806518,0.9591801201024303,0.9608252162757317,0.9560857626451792,0.9638802095509027,0.9628389147790225,0.9586928885155183,0.9589637111318339,0.9579464649933652,0.9620774889811053,0.9644793453833727,0.960523228772129,0.9623171281223529,0.9657748440039855,0.9672462244130621,0.9629208496344824,0.9630364703421189,0.9630210998902999,0.9608259072290903,0.9554627020247227,0.9654510380712994,0.9655885491884827,0.9687039893103815,0.9635572202178114,0.9570351239228845,0.9605434198859799,0.9596005605457969,0.9528972991650339,0.9566126275934538,0.9589271294732543,0.9636783560917851
196,2864175000,0.9638673859881538,0.9559455496514033,0.9558094955477447,0.9621408555256104,0.959583298601236,0.960923586864984,0.9516500710704296,0.9618980755328899,0.9647000810658485,0.9631351125470085,0.9551507231828483,0.9602975171404206,0.9735616162148845,0.9591861598127103,0.962211908125756,0.9617771843066185,0.959921556507982,0.9603977142219622,0.9634414561744474,0.9629411937191242,0.9575413163362003,0.9579139987843912,0.9681215715456414,0.9653332743216415,0.9581448784389497,0.9586880061625777,0.9614575325132937,0.9624233168587532,0.9617158781186039,0.9593758291961922,0.9612703804247186,0.9578398514412191,0.9547544152724838,0.9651751489728821,0.9652212456924315,0.9622994588738192,0.9625744926955611,0.957001730452073,0.9593860001449476,0.9614886367392129,0.957031649729712,0.9607253453664287,0.9590649669218159,0.9665871562925888,0.9598496402020844,0.9593652007844494,0.9613057469383592,0.9624727244076426,0.9597482118454239,0.9571403962486464
197,2864450000,0.9587004607285581,0.9651947745666595,0.9640960301266018,0.9611554323996886,0.9593855653405426,0.9649573442428374,0.9615204199094338,0.9597653504874097,0.9595815206405766,0.9698129124519612,0.9613817162832895,0.9619170757453757,0.9628174681902643,0.9519922508005529,0.9652314000009187,0.9599307207529322,0.9663393984126075,0.9599063042576744,0.9626722495865685,0.9645594109644633,0.9632683569799277,0.961876417256829,0.9689042982759278,0.9623307672816068,0.9648856874680241,0.9571058003037223,0.9573620666705178,0.962520508785815,0.9593401486843747,0.9624717099128092,0.9626823990110079,0.9537350208560595,0.9578674896139202,0.9611149849966931,0.9653004284648298,0.9605023190542336,0.9665607088802609,0.9601513088778808,0.9617541021373597,0.9647230641974258,0.9605923668749602,0.9595384835794518,0.9594855739617298,0.9633825793618227,0.9653472962331016,0.9600029770957227,0.9624806378181511,0.9609377911320989,0.9584404744161427,0.9625573595941038
198,2864725000,0.9600809130113149,0.9643888637436295,0.9623364721880138,0.9600157693401546,0.9609083174376158,0.9663125566159108,0.9560034163069254,0.95939252988974,0.9611151838081002,0.9645388649848339,0.9665170278578544,0.9565453512670323,0.9595616615845227,0.9619954664985222,0.9603587424960754,0.9591653182400586,0.9653397361829806,0.9571152439793236,0.9653407385233296,0.9616892574809931,0.9577435154921725,0.9718676892254817,0.9625963707348569,0.9643618731656561,0.9660553206964225,0.9660426582261916,0.968506818732328,0.9663691863170916,0.9660604151709227,0.956676755482317,0.9643776348322373,0.9610581453297155,0.9573231745329769,0.9606920845926824,0.9584534952412902,0.9545969014382537,0.9542015370421418,0.958121210740882,0.9574627252950533,0.9649203980790598,0.9620035455255075,0.9626426860971257,0.9597489279545993,0.9619420385635502,0.9634953934259538,0.958304298711704,0.9663959280640222,0.9555521541503028,0.9621412345348068,0.9611282168184072
199,2865000000,0.9653674600836706,0.9630188375342053,0.9613783154114112,0.965132528078624,0.9615357833267805,0.9592680528341645,0.9591242118615549,0.9665556009199119,0.9635040452866893,0.9606211709874092,0.9680555345622232,0.9534326067006801,0.9553793918272431,0.964677445362376,0.9639284438109568,0.9694039879036787,0.9613571771294217,0.9611551595504002,0.9675556688115702,0.9576734870796075,0.968748814184469,0.9575565414540327,0.960848113676977,0.962198098766909,0.9640569287730824,0.9649294269435885,0.9626266348237021,0.9621622403774925,0.9584389064635466,0.9605213150425533,0.9593409208910116,0.9609629939141043,0.958269079281867,0.9592858031298559,0.9567175539460133,0.9652729977685192,0.9611087505636666,0.9628232821011413,0.9580501641955441,0.9641724854437526,0.9653883097523642,0.9615180485407679,0.9646962395728048,0.9638310388968353,0.965015719770407,0.9590714939182371,0.9643846100778298,0.9642743306577328,0.9598503145949026,0.964293685854841
200,2865275000,0.9612636624849733,0.9597772186227658,0.9601004897276535,0.9566803682104629,0.9591580366489256,0.9624198373104187,0.9614283377633116,0.9564980921490018,0.9591002187031556,0.9668299023617709,0.9610189719614544,0.9588274466593855,0.9660229443183984,0.9711674275040363,0.9594557090012934,0.9571259176172874,0.962066180749627,0.9552356223654936,0.9647848375268098,0.9698756293388147,0.9579592149679925,0.9566237617455466,0.9596918374735339,0.9625662556155133,0.9620053364001006,0.9633910966691395,0.9672826739142187,0.9660153472413814,0.9642321017305693,0.9588063096431959,0.9645567125909356,0.9652408523558066,0.9589402248929949,0.958826898028257,0.9580755092924014,0.9676921192616109,0.9645564282490303,0.9577721143233677,0.9682111731453994,0.9550928762817549,0.9632514999752888,0.9612553184165472,0.9590485235624574,0.9639679703982637,0.9628486503526884,0.9603779287533589,0.9572744561124962,0.9552647799121624,0.9606015093556072,0.9570236708370379
201,2865550000,0.9625968708723772,0.9552080504769848,0.968076377060764,0.9606529515492225,0.9612261047320552,0.9697996216947622,0.961244550019962,0.9623578117743422,0.9562818997209557,0.9625201253446972,0.9653046412071697,0.9628495373630144,0.9626508657855097,0.9703817140287427,0.9613267239905787,0.9600536061243444,0.9609643900444559,0.9602833929251926,0.9611383459488448,0.9597489552696683,0.9661923216325896,0.9649673066622209,0.9560940654894861,0.9641345482372127,0.9642506095707588,0.9527342981905929,0.9572551653128039,0.9627118701005696,0.9589254703037785,0.9632179899689867,0.9633256845565926,0.9627851128522238,0.9596779899862324,0.9640278630213831,0.9549455962897454,0.963030660867659,0.9618879235994461,0.970618892451933,0.9588176983856592,0.9563445916755839,0.9541596272767026,0.9673793542055741,0.962030690959856,0.9614064729751842,0.9651116806854119,0.9561466635723713,0.9634040878048759,0.9597785904130536,0.9596770729598639,0.9599438090616985
202,2865825000,0.9617941385100441,0.9645499390754154,0.9672062645183074,0.9648232100209743,0.9612750879888498,0.9638606591772104,0.9650793014084726,0.9658884176668961,0.9596923029540347,0.9597373300504867,0.9631096965587777,0.9605785909190367,0.9627330523993739,0.9573420127874165,0.9539454225751145,0.9672245029809549,0.956760271920228,0.9543593947492439,0.960135720243171,0.9650314789916211,0.9608533759243499,0.9614519662287782,0.963938732529538,0.9680748977085941,0.9606373136085804,0.9650434242751272,0.9683468299128148,0.9545885417471246,0.9640805216653001,0.9636010794143368,0.9569816500973253,0.9637878319617267,0.9629405327263536,0.9668987517624258,0.962277284251601,0.9649047167249251,0.960910283293278,0.9624425835566466,0.9629569341020451,0.9647512706192604,0.967719764818986,0.9615401065629725,0.9653454527066307,0.9601239356348134,0.9609761192124888,0.967269349549602,0.9641927152843146,0.9600159309593304,0.9654211494201557,0.9649009879364365
203,2866100000,0.9613067623338726,0.9605060874175891,0.9566957699532004,0.969041846586426,0.963660732564712,0.9635549102889601,0.9690446305929404,0.9681022858147389,0.960240328201808,0.9622728301769292,0.9646596595370348,0.9614528408356079,0.9681875545510334,0.965983903667137,0.9628317591271858,0.9567258438630044,0.9695981937893403,0.9639903985821928,0.9688706698581083,0.956905449851665,0.9650510702203869,0.9643114758641069,0.9563851966247802,0.9645087000249305,0.9618746633799745,0.9603965237508569,0.9655280210889129,0.9707844276289422,0.9589082830086226,0.9684492150376456,0.9667178679534054,0.9684303285516396,0.9546075015109846,0.957903008183563,0.968373134290348,0.9637176964567464,0.9652278975359799,0.9662711358064466,0.9632353271828773,0.9635909705257443,0.9689210713411556,0.9641935347492384,0.9704689814759652,0.9577403338509208,0.9695696739906726,0.9614390392077421,0.9591874302976242,0.9602255550424602,0.9630567686295904,0.9574786535904243
204,2866375000,0.9615531870778189,0.9624129718184368,0.9661524858102308,0.963249025540264,0.96825959224487,0.9643241791327866,0.9659497143832957,0.9711309627164711,0.9715020781438836,0.9662343662946891,0.9658573648386936,0.9669697972009953,0.9689107699491262,0.962400630029395,0.9693853431475055,0.9630271847626029,0.9599333298102748,0.9666474212790255,0.9566002025008022,0.9671758695955032,0.9678062304488041,0.9718036226165807,0.9721789097580505,0.9646810439169108,0.9643357102548126,0.9631513352121049,0.969007265326953,0.9674404276118779,0.9671096650034638,0.9632782920948315,0.9657789187869895,0.9689172187922378,0.9613079307478312,0.9630748149079171,0.9592274456678538,0.9658094469850942,0.9597017465183729,0.9597226765581057,0.9571474652145877,0.965048094709438,0.9694035031293803,0.9641536982763012,0.9609759624861046,0.9686913518583125,0.9645417241331908,0.9677296399089148,0.9630053615041334,0.957737222089621,0.9639246469311078,0.9607927533745056
205,2866650000,0.9613549262115646,0.960327148149102,0.9724298053762482,0.9632564468857022,0.9660525599043099,0.9672749480408644,0.9610461574974494,0.9616022646925722,0.9611365074548036,0.9612563144441763,0.9660129985748314,0.9658271549360805,0.9608021040318335,0.9673798571540162,0.9664456075052632,0.9735926054989941,0.9626557533842688,0.9673201881279289,0.9657026022588548,0.9680219666905435,0.9722749822862963,0.9646952882457263,0.964173953137529,0.9697480278699656,0.9689674821947778,0.9599843810978387,0.9679540960486549,0.9689474479666994,0.9623653473760571,0.9649342977984792,0.9672408657872625,0.9641703639500849,0.9622036400695722,0.966015786227797,0.9612281232651722,0.9666011520691109,0.9688139514944618,0.9657403897413699,0.9599065391151429,0.9613548231106294,0.9624973778094328,0.9665651939153587,0.9630033104962833,0.9615568167757212,0.9572879763776831,0.9672123117813518,0.9685851622774753,0.9717468451042787,0.9612015003125813,0.9685241667159972
206,2866925000,0.9596073885371762,0.9703207291614206,0.9608985898973174,0.9610601379645123,0.9694591072077069,0.9633154236303497,0.9681852339346058,0.9704860329424563,0.9683747892759965,0.9732156715484961,0.9664632293349213,0.9600404356268256,0.9665993974206892,0.9652883007861686,0.9667143982623198,0.9610410683387489,0.9576753761147815,0.9585569174557431,0.9653677912523888,0.9680455486385265,0.9650848355382272,0.971840579775852,0.9760272448530275,0.9595790602444536,0.9684653274753219,0.9700352846579848,0.9640933173537294,0.9625433929988344,0.9685584528629236,0.970737670127718,0.9694827706975361,0.9629644064986602,0.9628799602121768,0.9596779482614426,0.9618641854318166,0.9590246862751246,0.9591695598575707,0.9629778251593576,0.9663852411710668,0.9627231735579765,0.9670301104769526,0.9598702093433156,0.9619951037568949,0.9588599056753968,0.9628176913359147,0.9655962807016889,0.9588487846201306,0.9643367282853559,0.9707542545222626,0.9616673145239443
207,2867200000,0.9641296838349536,0.9708939477856959,0.9658265685939034,0.9660565875767941,0.9675695051232577,0.9690215061951262,0.9612290306483726,0.9698576810094823,0.9675297934242004,0.9671250184425325,0.9660984491621843,0.9647079453942489,0.9636397326513425,0.9674120802912924,0.9695130296268811,0.9569625076360248,0.9626394492664174,0.9697737874306801,0.9667413999888572,0.962274033111486,0.9741963349684976,0.9634895861427405,0.9618163442378103,0.9686717323777582,0.964441414239431,0.9647209639122901,0.967786278729436,0.9693651977319878,0.9612960659076963,0.9647143800795178,0.9648058473369224,0.9700898797956691,0.9654419303823373,0.9671901744329034,0.9622240281850254,0.9650608072183388,0.9629908333008733,0.9737154545353418,0.9608902007677905,0.9673135927557747,0.9700767458534544,0.9659206134546618,0.9702086912728722,0.960701723322411,0.9715528081513879,0.9648620334376133,0.9608483971314504,0.961352267580465,0.9647585859253285,0.9704993308576455
208,2867475000,0.9645936466219194,0.9651152160761184,0.9633096176139904,0.9638984625787327,0.9640277849599815,0.9662067681807863,0.9705105149363903,0.9694402151250175,0.9663184253720718,0.9678338170141446,0.9675207175897593,0.9656012546721578,0.9683062973058407,0.9530568349653935,0.9615986452220278,0.9652208267764228,0.9634395548161636,0.970803827688944,0.9637272106129563,0.9679586209033425,0.9655973678878997,0.9684903587610925,0.9679566917973593,0.9677550411215248,0.9574497956478344,0.9702678912860634,0.9695479879353474,0.9638808233197663,0.9719225729240679,0.969909151572137,0.9636208711277966,0.9670299163171211,0.9650463476995049,0.971332728364712,0.9634071927589738,0.960638128191415,0.9648953717756629,0.9696848521262538,0.9640750243302508,0.970106022538684,0.9643526672762225,0.9646223174434188,0.9596841909140256,0.9676736453174869,0.9642599148826253,0.9667208342819161,0.9665435787947615,0.962553919717202,0.9679980563324432,0.9690369676596552
209,2867750000,0.971364715961741,0.9699574246055278,0.9681271336328107,0.9665578467864351,0.9708807182049539,0.9734814526423294,0.9677034241753433,0.9622644611112033,0.9635332894082071,0.9684915008610404,0.9624243175117454,0.9614313808142759,0.967714289422205,0.9601340704213256,0.9675248053668007,0.9672671821276594,0.9671544929170186,0.9671989696781396,0.9630907127693608,0.962819653918693,0.9683070948199201,0.9631921411894103,0.967343416138985,0.9674700979734733,0.960573940543637,0.968797982642289,0.9661759222654642,0.9665612443901773,0.9715580838499692,0.9665692752502737,0.9635761032887515,0.9666733780290219,0.9666340999589942,0.9705340336343221,0.9656085448967393,0.9694725307793773,0.966421986349444,0.9640202145764557,0.9606117980143292,0.9632631512579097,0.9706322786226516,0.9650787406947792,0.9620332635268709,0.96548447291993,0.9634198211534089,0.9656740147291389,0.9654579279820727,0.9607759761199601,0.9658515829520503,0.9642452659847377
210,2868025000,0.9568225370631572,0.9687184320658409,0.9654360674921751,0.9671422191865149,0.9650109291801435,0.9709890925991961,0.9712746142459541,0.9674213871553596,0.9637046224763484,0.9696693909161638,0.9656443974415587,0.9710197977309639,0.9702942984815929,0.9584405767019353,0.9629109797283907,0.9666070638573373,0.965419959924555,0.9691102097146496,0.9630056732928711,0.9602476559505275,0.9661570615932223,0.9597127754719657,0.9660356923588767,0.9606919382986526,0.9643234104565708,0.9570740952031833,0.9673332693257441,0.962346935952981,0.9673993185277902,0.9716445582559045,0.9655734999227378,0.9658299470717594,0.9637032043825077,0.9740355062800528,0.9634093529089541,0.9620727698440124,0.968822029460485,0.9613546834666084,0.9710807148419097,0.9643879006321674,0.967728380702627,0.965342603569948,0.9620414101256359,0.9655704996595631,0.9665337595392602,0.9598562690646489,0.9720465184736226,0.9624318610955162,0.9661013644658885,0.9694196070291172
211,2868300000,0.966067909576808,0.9644130124342916,0.9662682317127891,0.9592269410033504,0.9602094568850501,0.9703501410418534,0.9698913861851272,0.9630861309081379,0.9687188551119328,0.9676259309471938,0.967068009314263,0.9618436655166802,0.9624277064919483,0.9695449743793942,0.973022099171026,0.9647756986493693,0.9638019531098783,0.9697282383597934,0.9660910814227058,0.9668841271284769,0.9691807865594327,0.9645308041816913,0.9654608463303382,0.9671481515518564,0.9676320145592092,0.9638557132580664,0.9674793742506778,0.9642504584084807,0.967700586945112,0.9616795981029381,0.9589089275374857,0.9645859774703847,0.9686111364094651,0.9592167354374185,0.962958142590328,0.972353004776668,0.9651322133637741,0.962963031088106,0.9706972981910322,0.9623340119677947,0.9703168836080277,0.9641098513541667,0.969131232412246,0.9685986049111479,0.9642194027037371,0.962333095550104,0.9683619693033821,0.971075713878857,0.9626564478867187,0.9755887356608134
212,2868575000,0.9612388180095686,0.969098667529781,0.9712481670003843,0.9641334560756633,0.9626386627448901,0.9637943450630791,0.9725357042806976,0.9641130240747242,0.9627929208408367,0.9602938799466272,0.9723535931833787,0.9658048327895932,0.9648062326626404,0.9599529128924527,0.9646462664164812,0.9618696280623146,0.9677094574535073,0.9717776710420846,0.9658921002545509,0.9659723203136246,0.9664643472736094,0.9628957076465431,0.9637255711757701,0.9688635139374586,0.9668267031338241,0.965850539341549,0.97175430567905,0.9649259071201292,0.9604946703205577,0.955577387363123,0.9651246941115419,0.9691625220356072,0.9745459335551463,0.9644215026600413,0.9643627707759264,0.9620792034541659,0.9666180613942384,0.9734213119510362,0.9691306489054131,0.9642985255500127,0.9602765572475874,0.967047152541902,0.9644875543536257,0.9647328591042156,0.9662399834184783,0.9599988620674597,0.9673576004568384,0.9672448961347929,0.9567278422422469,0.9637550976603164
213,2868850000,0.9615086416984806,0.9672350172732276,0.9615323593894644,0.9726304565145785,0.9674206837522448,0.9621033965421075,0.968313317627972,0.9631897904034226,0.9622175530187748,0.9668219791657622,0.9599324946453982,0.9703593099373867,0.966829660260104,0.959497450638512,0.9657764530110515,0.9687750413261783,0.9626893258845308,0.966608220452046,0.9644036638218885,0.9644010506701987,0.9715602525379239,0.9647822945738875,0.9680978718046606,0.9655900491188657,0.9681728028941026,0.9664998305146155,0.9610321183847038,0.9687804628469505,0.9698633459377944,0.9618569424525929,0.9694147134322043,0.9738809924340754,0.9664339657429719,0.9591898513300771,0.9607827428229823,0.9651429669940723,0.9619232136074899,0.9666901332374822,0.9721109450217446,0.958189855705288,0.9702918384558072,0.9672420709614401,0.9642399383098336,0.9603484113874042,0.9598776134618846,0.9717888375686028,0.9714324805405589,0.9625380574484488,0.9642097270851294,0.9700247563260085
214,2869125000,0.9744377815644945,0.9635685158662525,0.9641917053702054,0.9629115359844065,0.9725177980722377,0.9620362545652988,0.9595934409778483,0.9633679860480838,0.9641714845992049,0.9619329100077955,0.9626577817320718,0.970105557339635,0.9663098273453168,0.9735523826318441,0.9682223653154582,0.9664726332340965,0.9627910621749122,0.9662876772913854,0.9534661270665009,0.9613166397444195,0.9627744049245821,0.962489646160643,0.9626625309532518,0.9616147768892019,0.9679992064043066,0.9628281843246496,0.9620414992404149,0.9643013326553074,0.9730729711425159,0.9649868527739005,0.9619171058598119,0.9620709338264103,0.963666356200414,0.9650058082198958,0.9656789387386326,0.9630802009879929,0.9635217755863996,0.9547480277218879,0.9678304913996039,0.9675929424253855,0.9630705142875406,0.9629427138774436,0.9676844785184691,0.9563134179938012,0.9636178980792687,0.972092344121456,0.9646233543802168,0.9650180735226529,0.9646407068257087,0.9654285681261975
215,2869400000,0.9649196805248441,0.9635677213777788,0.9706329244447474,0.9626976300244314,0.965611448390102,0.9577011480512022,0.9667173303626966,0.9525921615995049,0.9591193994798292,0.9637841148788788,0.9683955626183917,0.9658434346339623,0.972156488209467,0.9631789299581477,0.9678257843088711,0.9593831550878378,0.9676933373491258,0.9674816897291756,0.9649625188021413,0.9614451313396231,0.9627680188929233,0.967657909054059,0.9679003602139882,0.9655942141707721,0.9657237331582005,0.9642983218769761,0.9662940891561949,0.9641406813294584,0.964723519956624,0.9623120248022867,0.9611839599733879,0.9713640350558301,0.9672069784568319,0.9596723946249984,0.9606289114338378,0.9650662647320685,0.9628598077725483,0.9623914764177678,0.9606970362522156,0.9664156140575193,0.9644691870368157,0.9723467654221604,0.9613772710353866,0.9673824544470363,0.9569838138721724,0.9647139055118648,0.9610818136567919,0.9708300752756439,0.96254513929581,0.9634958669355556
216,2869675000,0.9678515120466636,0.968675488497263,0.9706954395920596,0.9610102915652605,0.9629792271573044,0.9661645141493861,0.9654207887085265,0.9634933489749804,0.9720265569675809,0.9590385024429944,0.965934108225598,0.9627458431318003,0.9563176607489356,0.9611568843603062,0.9715567468606898,0.9694660577659656,0.9561601206130035,0.9723800864777067,0.9607518603880394,0.9622540188317603,0.9637870104788484,0.9615795759979988,0.9666530242671176,0.9617630725779472,0.954132373422335,0.9615114735917719,0.9713338624205415,0.9663995160478388,0.959642080348564,0.9686553916896368,0.9620361881917083,0.9675104173590358,0.9611761061767261,0.9630196240996984,0.9619011773005659,0.967708351719391,0.9666931503767021,0.9614059294796995,0.9571170323019227,0.9634540508999682,0.9633874827438496,0.9597308003721184,0.9599598891277501,0.9680316759553579,0.9631546285024717,0.9633399298367659,0.9566509262096631,0.9619631457143643,0.9655028749704724,0.9618888602027436
217,2869950000,0.9619793511884058,0.9671427210902864,0.9623434178777075,0.9627021690490335,0.9663148026027585,0.9624638963202059,0.9626940986083659,0.9600980346209779,0.9626084026834154,0.9631116759442926,0.9640860615445975,0.9657186461717298,0.9653207469026214,0.9653654151927703,0.9671749332628647,0.9655046673903256,0.9645218848034927,0.9612380898401179,0.9654854550232168,0.9599747968837067,0.9652225145311393,0.9700716260731517,0.9645376662904012,0.9680004756262409,0.9664358556592422,0.9686476992606087,0.9620117997910739,0.9652801730395122,0.9629206919895887,0.9663811492034527,0.9572093234351675,0.962296216643511,0.969791699546876,0.9609785502759982,0.9591075869203167,0.9624369804386932,0.9648414409955136,0.9684186087875202,0.9643896582794174,0.9737240875912295,0.9685548880568151,0.9690898576971844,0.9648597230829564,0.9652788449796477,0.9682568307313862,0.9628026796396991,0.9618378033215419,0.9692611109733041,0.9619673634190471,0.9625317330974201
218,2870225000,0.9652346724659685,0.9631568258660722,0.9643017825071489,0.9645208354932395,0.9622614438629938,0.9627006527576424,0.9685610642469573,0.9687338666732104,0.9581093827241711,0.9716230356377697,0.9701359794660076,0.9650914788101852,0.9640336320271912,0.9639088556038522,0.9605376172214215,0.9641300075995046,0.9594726235650912,0.9584449796579728,0.962401161818529,0.9619676599759595,0.9556360510894576,0.9548491644983754,0.9673986826578297,0.9683980866585964,0.9685638911850238,0.9683440414864896,0.9615967577378836,0.9547267937009211,0.9606683737236955,0.9602391442854381,0.962844936332374,0.9665342264263806,0.9671254157122762,0.9568598275402211,0.966790760081073,0.9703781948647586,0.9675830540710674,0.9654193387070468,0.9632755757703646,0.9587433695355744,0.9671044129081353,0.9554681975595427,0.964405328822136,0.9678210089784021,0.9591845209540886,0.9667914006729517,0.9648645752515306,0.9590629771432257,0.9634835628187175,0.9579498410668147
219,2870500000,0.9586571459587595,0.9583801578312104,0.9585012157977961,0.9575313909422921,0.9614291762261468,0.9591922678525655,0.9605769552735035,0.9644387933389421,0.9544545346094001,0.9611371112778446,0.9637837195324026,0.9617440204575431,0.9556548382814318,0.9683005149206002,0.9689018909868582,0.9605087338122396,0.9615417565893971,0.960877227637384,0.9629039393636862,0.9524179121287114,0.956606094963846,0.9565656651899256,0.9663487595264888,0.9613869944994631,0.9687685983269765,0.9552199576241345,0.9603881421648227,0.9602670749959886,0.96675435977443,0.9585507184245141,0.9650778935844776,0.9688265741493609,0.9563626219492581,0.9617374163852009,0.9647259099588205,0.9591879731768027,0.9674180888413283,0.9675923326294954,0.955941008303125,0.9613934723638548,0.9700988680725176,0.9685397558782766,0.9657141230550436,0.9584099644995423,0.966121712738882,0.9618782952209989,0.9645486975129581,0.9588239042942097,0.9572446140072008,0.9570657950570597
220,2870775000,0.9632863786378801,0.9564990159576326,0.9611381370867615,0.9689135255950313,0.9595129934410546,0.9692780935299445,0.9652941016662074,0.9656389083634717,0.9555662690150295,0.9523586569022876,0.9589158719390273,0.9671104607955937,0.9572768522681099,0.9635901086998462,0.9569896917401159,0.962068316200497,0.9568415967361193,0.9553545489073912,0.9632479475423903,0.9627053405809541,0.9666829553989568,0.9614720563826691,0.9590048714115061,0.9636350664907446,0.9566599304453843,0.9597772744704741,0.9694969814595408,0.9658742859253705,0.9591594069245353,0.9551547441686438,0.960719975578076,0.9612758012053959,0.9636874911005717,0.9557183174912367,0.9616304765075829,0.9684828476558254,0.9675358066261687,0.9586296946160461,0.9621588288965384,0.9641821994663823,0.9548928465833003,0.9603187181006546,0.9587058606778294,0.9666346167553805,0.9585510696881374,0.9615019396689628,0.959470711480732,0.9576832895090633,0.9609114891413298,0.9639829787550716
221,2871050000,0.9631518614559889,0.9572612966424469,0.9597736640229471,0.958172327418755,0.9582508281794204,0.9576212751997687,0.9683664466019031,0.9673258015012401,0.9571404177415406,0.9591348434815401,0.9592754544178828,0.9579227560180317,0.9570968761425477,0.966866299213963,0.9653058986822943,0.9697654478836306,0.9561813152172258,0.9543764568173656,0.9629318966775124,0.9579816174850403,0.9620755008446433,0.9635918675726038,0.9626192058893397,0.9560318201116532,0.9663667030689226,0.9588338058143573,0.9612461284796849,0.9645709128135705,0.9586769266818578,0.9578385793251188,0.9662012688803671,0.9574858419554337,0.9552938560756123,0.9587247682748936,0.9557127168126315,0.9617308604825365,0.9635150756750617,0.9635749442916722,0.960833665140498,0.9681556244449069,0.9633559154146358,0.9622937822237232,0.9615354686541322,0.9641305093462135,0.9683288233338462,0.9595696032860423,0.9621756603138917,0.9571506239883297,0.9547282898725966,0.960847913119266
222,2871325000,0.954422864270091,0.9657316360965867,0.9580741409266603,0.9620151523131225,0.9586436534163196,0.9659814413275666,0.9602358548325278,0.9604369748701751,0.9547836605371157,0.9570995803940878,0.9613363518523927,0.9656076318924874,0.9702559681187498,0.9634740522804732,0.959100527481058,0.9634788985879146,0.9599715867817685,0.9624107787169507,0.9659803965595802,0.9589552741198047,0.9602377853815278,0.9635475035923062,0.9646591349480498,0.9566400977573155,0.9547855101138903,0.956088042249944,0.9576715897500453,0.9630696105027139,0.9584835718628548,0.9675884326517092,0.9638978490289202,0.9585738260568684,0.9604447174324073,0.9616395183968993,0.9580762280041154,0.9630454956518915,0.9663974745219833,0.9648674293649082,0.9577602550999295,0.9613724079730585,0.9569486712806009,0.9579518904943904,0.9629225279148131,0.9614259661811088,0.9589999962780574,0.9620041977301373,0.962889929777454,0.9618634884405616,0.9668821660425463,0.9580955692386142
223,2871600000,0.9613649412973868,0.9609571224078618,0.9625603906546469,0.9582748509970089,0.9642318887527206,0.9614057250495989,0.9656580405933057,0.9600774364998961,0.9616255581482055,0.9653520011364489,0.966091595636049,0.9626752546067165,0.9673799379015954,0.9629530406310087,0.9627689514446549,0.9599339657594234,0.9583402972345698,0.9629474342549297,0.9560503146058423,0.9677369578420358,0.9600341767390437,0.9621828928579262,0.9604098465369203,0.9645256528931867,0.9611884478572901,0.9626950650631915,0.9643253298665775,0.9563868210601125,0.9599393312365985,0.9618611658487295,0.9618811699900034,0.9616464096487191,0.9626606847078005,0.9594980347532365,0.9520419965905924,0.9586577672767966,0.9625408931434798,0.9577220981840386,0.9646025944091525,0.9602276365738881,0.9680150472151924,0.9630055279007264,0.9623004284477178,0.9575658127086015,0.9613545653381708,0.9597802902797248,0.9625574164636846,0.9616775343317467,0.9630009100258198,0.9586538768171275
224,2871875000,0.964929805327752,0.9620107434555711,0.9578626583623571,0.9619080762594026,0.9574844171824756,0.9628533602068208,0.9687671454044209,0.9702747227120444,0.963794063458389,0.9589370910194882,0.9583715121764701,0.9552335888065273,0.9665703574767143,0.9664173688974117,0.9661866140829679,0.9631056793705163,0.9585951757287297,0.9672906152536543,0.9599923575519074,0.9555966513297355,0.958410079764543,0.9611501319997646,0.9664104889070886,0.9630862033635985,0.9637914059163866,0.9655039268696902,0.9695329556543044,0.958610226106822,0.9643759149595308,0.9512081266324448,0.9621939820712202,0.9639331257374846,0.9543407506974382,0.9611944523498864,0.9582168168864665,0.9575031871394882,0.9567608592779933,0.9639837353545757,0.9619082036245049,0.9572221531614897,0.9667916830615946,0.9643324221517816,0.9622516044676417,0.961211383659631,0.9599297285013051,0.9647278502730449,0.9621623429248377,0.9631819626879267,0.9571075600150426,0.9650405153861319
225,2872150000,0.9608323530540596,0.9645405536618596,0.9555367447826277,0.9655131466000159,0.9632088596716477,0.9639972027093724,0.9615260350005703,0.9596766192489802,0.9583508608888964,0.9627755907660119,0.9689599219606894,0.9585491095664445,0.963184604797933,0.9639290486944126,0.9622437000375935,0.9556368123588856,0.9599904354783693,0.9606083030492014,0.9593768199770684,0.9643813481814619,0.9643523036794805,0.9549040586215382,0.9644806262009997,0.9580045618286173,0.9604892016584281,0.9628337361344078,0.9590219172569182,0.9619155752313024,0.9602623296825221,0.9627461649532635,0.9600166938719831,0.9624369795585699,0.9686341279558294,0.9632947379470306,0.9615185378496549,0.9660915913384389,0.9551654892790254,0.9565117765264411,0.9627815659999467,0.9617922570553881,0.9654428938677467,0.9585300513193223,0.9632603863868883,0.9583055791188261,0.9690409448801313,0.9659450083408095,0.9650432926367839,0.9699776898869931,0.9632043875592233,0.9660018670708896
226,2872425000,0.9535513186860378,0.9631997216008029,0.9623965003586474,0.9603665925893954,0.9619220919545068,0.9591707119871616,0.9631306626901451,0.9614399689387212,0.9653329789421464,0.9520366615466788,0.9652735977770013,0.9666104542877855,0.9630349212666884,0.9615784735186527,0.9646538277945713,0.9627084001106971,0.9528111510677796,0.9635809666667186,0.9617727362849137,0.9619154967356731,0.9608363206300965,0.9577061339086829,0.9583294135502908,0.9642888469507217,0.9630173505410828,0.9677011901228587,0.9632432756687141,0.9613556694245919,0.9583396451347143,0.9596985810598855,0.9676745758547405,0.9645959004011575,0.9625949018295838,0.9593031649069497,0.9582934417389268,0.9601894770160724,0.9584439456374829,0.9549030320349667,0.9671595221143169,0.957570168324225,0.959680494298643,0.9662292211231718,0.9593820690929579,0.9604699734768519,0.9640269645227237,0.9650177807285604,0.9576892674707109,0.9636296523389527,0.968196540749524,0.9609568426056886
227,2872700000,0.9597756178645526,0.9591570214295773,0.9586267302729575,0.9612676665332418,0.95877538829008,0.9614542440214586,0.968085464129922,0.9643878306767126,0.9652442092469837,0.9702066093782821,0.9657031815047528,0.9715132681548665,0.9651586999769999,0.9617408434178366,0.9679969889038469,0.9662277120429458,0.9648646918085573,0.9643466398204443,0.9623290530846966,0.9635733676251779,0.9637101394652677,0.9637376965153482,0.9667205444586339,0.9691676168425201,0.9609682602881595,0.9646765444215957,0.9626428623972658,0.9651864208094021,0.9624354639252805,0.9596617318061333,0.9618332519917608,0.9674307054586757,0.96234858393975,0.9648760510819594,0.9623730048640677,0.959818789560487,0.9641293051657893,0.9600247685469374,0.9641489017300061,0.9635608669865274,0.962372300343527,0.9666515420149054,0.9678657910771428,0.9578607434039105,0.9676780798619184,0.965783219276773,0.9623412366263129,0.9578395264639007,0.9698585385897942,0.9590850788406448
228,2872975000,0.9603276024937983,0.960313159496459,0.9612220865562711,0.9649763735240587,0.9618606175904435,0.9646405228605124,0.9587262388722942,0.9614230825185239,0.9611023553949248,0.9607281905226048,0.9603506319458077,0.954172711780762,0.9587830928242144,0.9576949876845506,0.9633591817624503,0.9667611104149088,0.9625411892514927,0.9653917384160923,0.9581765359670249,0.9619830955430866,0.953063287952615,0.9611897514402357,0.9637833411353345,0.9619367307032705,0.9668979940245536,0.955804509842246,0.9702269608705543,0.960871003892092,0.9611508748867743,0.964992789214344,0.959911237891884,0.9673307338752373,0.9666789274439952,0.9551736726760847,0.9624015381681249,0.9653088348855376,0.9628651433126123,0.966785540056547,0.9560400237105767,0.9659494482985307,0.9683239744076126,0.9620167863694641,0.956965499465731,0.9559561667888439,0.956274563120625,0.963645616251909,0.9640058035553305,0.9682170774318128,0.955739885785953,0.9557111375406732
229,2873250000,0.961746335049714,0.9633817069140607,0.9709862427679671,0.9555608738151175,0.9704820333738735,0.9624228057603775,0.9693198266356047,0.964074365698361,0.9590042800707815,0.9669573649590474,0.959925424836242,0.962645178726898,0.9606616954262167,0.9675477552754492,0.9620888193105219,0.9615670206020157,0.9571616855604989,0.9603084320262426,0.9657569599638562,0.9648169062407161,0.9600804549948896,0.9561005612835509,0.9615358550309845,0.9671773080772706,0.9608058612395352,0.9644545489695439,0.96159619227423,0.9637646744843767,0.9613588409111401,0.9704477337498847,0.9602527028873452,0.9642932925285654,0.9659829153560038,0.95886911327873,0.9642911224962716,0.9700432900786146,0.9592210979185196,0.9644974225610986,0.9653617019914607,0.9647890377226548,0.9663251772758502,0.9586299922545969,0.9636355122261983,0.9593027705663539,0.9659259760597755,0.9643883850106811,0.9679820102504997,0.9637164208728608,0.9662460170619293,0.9603821114240378
230,2873525000,0.9657880925352378,0.9689158227253798,0.9653699160001561,0.9631211723783893,0.9668284180514796,0.9618902885348929,0.9674521328990521,0.963968497402477,0.9618960106378288,0.967977451560835,0.9657394648020119,0.963938953948195,0.9639075452768822,0.9663754815127953,0.9567647256409311,0.9586091894450881,0.9638843153017331,0.9700945968577097,0.9671331237664075,0.9649982284284678,0.9597068387697656,0.9632937920552502,0.9594346387908498,0.9563434176142566,0.965955575268902,0.966829739297049,0.95654886201415,0.9608279240491278,0.963860084963776,0.9630946689889521,0.9691266645991807,0.9725043173084904,0.9685241623543082,0.9586286156100702,0.9641901271726083,0.9669671464305413,0.9671801489847891,0.9626163292578392,0.9548634276484231,0.9658243783413328,0.9716452389463996,0.9704528148419146,0.9590646676506921,0.9575361338894186,0.9614460418250799,0.9646300366763318,0.9636738967495916,0.966243790175471,0.9659198448892402,0.9578819457691915
231,2873800000,0.9638386233042767,0.9698547213327695,0.9648404099324527,0.9654532112684643,0.9634130151558975,0.9658849178784462,0.9690266382554443,0.9618554845743209,0.9756006751749647,0.9690419398300513,0.9703143268687862,0.9706630895413477,0.9620546930563051,0.9641394110976875,0.9698496338804311,0.9655712781821312,0.9644121313160913,0.9581061928533665,0.9748317259938412,0.9633071625672798,0.9617097018308269,0.9642996769627427,0.9592097884620261,0.9643247720119054,0.9646762487079418,0.9652755798114034,0.9656784673959713,0.96912807886278,0.9668817636937768,0.9636294847961432,0.9638438106329069,0.9613630703250172,0.9579954058655814,0.9559540340283141,0.9645744515716259,0.9631850651624835,0.9623660821531369,0.9613316382877264,0.9627745906050835,0.9603057440515766,0.9637822029324447,0.9678491550775795,0.9626475484867082,0.9638483573146956,0.9648631989065736,0.9597635786301367,0.960151814135929,0.9699884876294338,0.9639003008253153,0.9586907366901937
232,2874075000,0.965123496589265,0.9579668191182668,0.9654242991242827,0.9669385077967781,0.9671084597714991,0.9685987285163314,0.9707807275658739,0.9587498789214338,0.9753367336583824,0.9645352096363738,0.968539479101775,0.9582973630253792,0.9606398641963073,0.9668743875354181,0.9599555046769856,0.9645974673433332,0.9651247058865867,0.9669539727844347,0.9646989487847205,0.9726938892017619,0.9672624975199582,0.9735342909574917,0.9586302826613734,0.9632120212227656,0.9630719856136227,0.9741527660432149,0.9627874207510853,0.9625957817464372,0.9644715111049801,0.9656488293825752,0.9702423771136621,0.9667280832244504,0.9662770555397973,0.9597517851415189,0.9684853010751683,0.9718068488729629,0.9644851685114387,0.9672663288358404,0.9650071916081688,0.9657892860580215,0.9606677135210772,0.964364355553876,0.9742811510677766,0.9609381890896633,0.9577288625944895,0.9622358241260727,0.9690460999531492,0.9712696862371979,0.96464402880489,0.9627144711842803
233,2874350000,0.9621410310017872,0.9639887452313127,0.9616812803187443,0.9740250557073586,0.9706882408682653,0.9645877845907206,0.9654420586576399,0.969132690365448,0.9655639017328864,0.9687818386999426,0.9626069014350991,0.9628852380078733,0.9637187197456375,0.9735590082274095,0.9671480166613066,0.9680331005683379,0.9677297542140825,0.9644956016913043,0.9634287843966045,0.9674623391701777,0.9655433098640855,0.9645598020380013,0.9646624556993868,0.9648662712678068,0.9709796248441037,0.9612122290736063,0.9631764506302886,0.963547458577769,0.9619603162359959,0.9642682450765361,0.9671292318635986,0.9641378906261114,0.9657584901132785,0.9683430714096706,0.9710583687625765,0.9651713088021032,0.9677121849171568,0.9688283091690609,0.9666162980744357,0.966742941740297,0.964763678481041,0.9657537892076757,0.9705484896313187,0.9657197051403933,0.9653752261303842,0.9673593118319196,0.9665680454042734,0.9658609465777738,0.9661946564449161,0.9622936746095507
234,2874625000,0.9607805316754342,0.969537084256453,0.964590387301672,0.962446112523036,0.9659575994158741,0.969106523301214,0.9690871517970222,0.9668456376005202,0.9675543620726526,0.9676938789466434,0.9662848356666831,0.9729092815243293,0.9736179506620136,0.9664855658329823,0.9652822774158726,0.96714048558447,0.9611251129247308,0.9653510000403627,0.9712812450938014,0.971739932553601,0.962818410228419,0.9673146477936475,0.9666335213564924,0.9723316466290193,0.9666570078049451,0.9673297279975601,0.9562758644810666,0.9649125917956926,0.9689760643651503,0.9638831521046425,0.9709614441657423,0.9756256210492217,0.9668897560926982,0.9701192437275867,0.9660429239032913,0.9632287276721113,0.965535280008285,0.9628581343691691,0.9717200687899124,0.9659862837065482,0.9711193121688578,0.9697359075183962,0.9682095982501473,0.9581709523996113,0.9654542096300543,0.9675246231718834,0.9677285338742545,0.9573931202348448,0.9688701882369569,0.9606461856712604
235,2874900000,0.9679481506843397,0.9709870368800504,0.9734491124803816,0.9678771274705199,0.9690705033789296,0.9625692937997804,0.9676068859557095,0.9629924625940784,0.9746279742609499,0.9747211713033535,0.9765970870376318,0.9668334402013418,0.9683384934156841,0.9641533481051171,0.9677277407620737,0.9715673664485962,0.9689158084596126,0.9682271797315124,0.9673969186560897,0.9633675326173239,0.9648028112417595,0.9741418459472314,0.9707768219147215,0.9703267266834726,0.9638611335987923,0.9720953658544985,0.969870238435001,0.9654011757135104,0.9666328833428941,0.9679950231965093,0.967342301750205,0.9702579504501432,0.9635675955678501,0.9698513045073205,0.9629909336302569,0.9721569928960362,0.9693797614108299,0.9603275507457286,0.9638862392659521,0.9694677731155467,0.972158372405496,0.9611351685433204,0.9633171181577597,0.9681871223391948,0.9693740241528609,0.9617272618457908,0.9671737882369197,0.9675446102388854,0.9665276244110453,0.9697710853626099
236,2875175000,0.9692957543854748,0.9656514598122626,0.9690262102450782,0.9662535721174552,0.9641614307611465,0.9706505156114399,0.9699264328978516,0.9746724130061913,0.9648085124268918,0.9709571056380395,0.9712899194985884,0.969364939630168,0.9677738973937666,0.968367635728998,0.9752029746893254,0.9614152602005308,0.9732322900277407,0.9629688543455768,0.9684875472853256,0.9713070154286476,0.9731297648031847,0.9677613411777741,0.9702101065199344,0.973415146994403,0.9643213608479817,0.9660811784600258,0.9720066220734497,0.9721362195348485,0.9689487445353332,0.9611055683350815,0.9622640552752201,0.9670837896095126,0.9653437776632543,0.9644601542566311,0.9585300256615469,0.9642234693260934,0.9661702783575415,0.9682230169264977,0.9727030574576206,0.9629805750947248,0.9713183583919222,0.9683788664947118,0.9722920029396769,0.9711642787053225,0.9665377950839065,0.9623209808094675,0.9684778809301865,0.9603665776817278,0.9673280752391928,0.961994856770314
237,2875450000,0.963026537686227,0.9652131805041834,0.9733165202133922,0.9748188806404572,0.9648495487565816,0.9753829570095588,0.9745581108777774,0.9668902123708549,0.9673995938638097,0.9634078510972367,0.9684024714239343,0.9716489966190435,0.971792075002955,0.973885310970524,0.9691595749597185,0.9702036100799423,0.9679813641222879,0.9675143955967491,0.9722877223180897,0.9673533333763815,0.9675238784258453,0.9718649627451064,0.9716481349945048,0.9726363501771499,0.9688935697740865,0.9645652947458135,0.9634345216389276,0.9632734485077875,0.9630697152942739,0.970266086359301,0.9677375822321646,0.9694175618919468,0.9678860181497492,0.97341345423898,0.9693658877587837,0.967973368876607,0.9672628276467501,0.9735302340378305,0.9721298637881892,0.972413352629831,0.9598448972890778,0.968565384808628,0.9694301271566396,0.9589413241911495,0.975364570220075,0.9699922421074996,0.978637445044104,0.9679750184695581,0.9734295436180285,0.961819747226841
238,2875725000,0.9650896962647452,0.9657528921892926,0.9697067397835383,0.9681739497629792,0.968009245434804,0.9642858652870646,0.97010381863063,0.9669250179458361,0.9678065917521367,0.9643247919917118,0.9689654346636498,0.9671100110406338,0.9670723336800388,0.9761829116255969,0.9666151288701442,0.970495135741562,0.9663269418304296,0.970168293672777,0.9684389731448434,0.9686995423903553,0.968561865761942,0.9661563390960506,0.9699555358404659,0.9712061444514483,0.9741162757236702,0.9735929400122035,0.9707410881428065,0.9669084163267684,0.9720111625885636,0.9686878995347836,0.964071253740286,0.9750177468847835,0.9672728347251139,0.9702158118812724,0.9717481697790573,0.9656240845187704,0.97247725302471,0.9733517700318628,0.9715584308779794,0.9636085431723659,0.9771987091717521,0.9681078915899529,0.9757803803491957,0.9698957423284412,0.976743962647209,0.9733693199809553,0.9663617374090923,0.9693029048030943,0.9735164749256086,0.9729937888245161
239,2876000000,0.9787685724691938,0.9681135425953288,0.9722351321900212,0.9683756249020319,0.9699913912499041,0.9642723517926791,0.9743728279877051,0.9744910454246578,0.9755125552069309,0.9692891998255003,0.9731932328608133,0.973702803349258,0.9670359806533206,0.9753155757529254,0.9707600947441655,0.9740831557627662,0.97720215496982,0.9732422621665734,0.9731364345783756,0.9728008697442337,0.9794156021705176,0.976431470995542,0.9686980767993609,0.9720019521257163,0.9740532452590259,0.9703222934533802,0.9748321672411088,0.9678658558701764,0.9675942395313667,0.974433216753671,0.9649125839108532,0.9715000124601506,0.9724197220501569,0.9716017771766209,0.9730411670421334,0.9659439150052493,0.9714470385277643,0.9730707895984418,0.9708713380126103,0.9737323918686001,0.9695594103839731,0.9659375635798166,0.9675392982337212,0.9734518142221482,0.9757643854830704,0.9699020449820068,0.973120917836805,0.9736663975740468,0.970386323354879,0.972590598562171
240,2876275000,0.9764175640548424,0.9710250105423717,0.975764054767198,0.968224101525554,0.9746525654150084,0.971671035089464,0.9641688898650769,0.9726708140724885,0.9748619733915135,0.970777219843741,0.9666874595125343,0.9752420311004677,0.9680764093694645,0.9711802546673242,0.9714924728864294,0.9689706189830869,0.9663496791841425,0.9711463979784537,0.9736490655483516,0.9719131709110357,0.9646111460665202,0.9701084958277348,0.9718622173471118,0.9716290652173715,0.967745702622606,0.9755516476008458,0.9687867584454525,0.9774414623135269,0.9681048877740145,0.9713266789931579,0.9618846168713948,0.9647892575490604,0.9690073702595714,0.9712811494661329,0.9745100748987837,0.9746193180041178,0.9692246877213186,0.9706274072362266,0.97425575009027,0.9710905719670185,0.9684042436830813,0.9730811047724999,0.9694129977599049,0.9719037609792748,0.9701216377259434,0.97025844557528,0.9719140688088599,0.9704740858094627,0.9726250163104224,0.9713641998341197
241,2876550000,0.969587527596812,0.9720502878634577,0.9782855393473852,0.9740607482366189,0.9780993924236855,0.9766459534292729,0.9728718210708405,0.9764828774965714,0.9733382698140349,0.9699842730124804,0.9744259947142571,0.9744875838482794,0.9754721580787143,0.9782314494404133,0.9741052583406037,0.9750401864042655,0.9740723013976699,0.971683690822346,0.9737710104867953,0.9684360318327049,0.9595558786510423,0.9741958126988322,0.9740852594983542,0.9710386426757899,0.9827999474982745,0.966875510088748,0.9762770637541561,0.9699328790167215,0.9694113445906986,0.9757826166082141,0.9719434827830076,0.9691143605289796,0.9752338762648033,0.9738092599606684,0.9705369825758916,0.9717592127922919,0.9652372598477506,0.9739756068785671,0.9684086369430667,0.9750553032865168,0.9708391829331032,0.9819416811726241,0.9722741127990283,0.9684339078736801,0.9719403581363314,0.9727772182453028,0.9794522366566386,0.9686246142856181,0.9681578662307461,0.977796774401946
242,2876825000,0.9692958890307218,0.9687527364637867,0.9753754088988307,0.9716850707669356,0.9704811625671486,0.9790035942972203,0.9751642380021998,0.9753275821303925,0.9738746219252994,0.9739052817466787,0.9758844560056651,0.9695907437034174,0.9746224127188468,0.967767650256984,0.9691170879340235,0.9786771463404978,0.9704665682381214,0.9728713850192481,0.9733457633119742,0.9788630500723189,0.9646013039337411,0.9682255874169778,0.9739817505803141,0.9712087596149044,0.978324186659354,0.9714367559411914,0.9743549305478864,0.973970873301207,0.9615503579164972,0.9686439975857533,0.9762416038274432,0.9791400140458576,0.9769080212577804,0.9756906866442464,0.9757647043350375,0.9765004204324719,0.9756496834851007,0.9681620599729195,0.9721475934239152,0.9772231403592524,0.9708536344967443,0.9732394554190101,0.9704740960759395,0.9687557734628929,0.9696925990868124,0.9764272481558022,0.973856700816296,0.9698423453833025,0.972755841139249,0.9772996042607415
243,2877100000,0.9771030053612244,0.9722144297957125,0.9753983596113273,0.9753347691243932,0.976306238911874,0.9719983891474688,0.9810002626764638,0.9733355692083414,0.9692566493557372,0.9693525276089732,0.9718214746404893,0.9684983873449218,0.9736653178170599,0.9747082498983329,0.9717902949899063,0.9739134355420073,0.9735969585024914,0.9725507009170272,0.967143783062248,0.9739548041538482,0.9685312567268338,0.9792196494723753,0.9768618648130633,0.9755125368844959,0.9800600557237144,0.9642885812615702,0.9735108730519727,0.9708531195759627,0.970384812086516,0.9713465471105557,0.9735741017721223,0.9688581093757452,0.9733296356801365,0.9737340214781897,0.9787612693924148,0.9674344717721921,0.9723579279684829,0.9720577198166909,0.971153854111379,0.973735883692517,0.9697292338564648,0.9735391630674387,0.970264778112077,0.9720293408061105,0.9730871276968565,0.9726578925213855,0.968289709218876,0.9732862661507428,0.9781185384578097,0.9790392109501623
244,2877375000,0.9818887071388447,0.9718139305294975,0.9743736279171588,0.9761089273295404,0.980752822617129,0.9697259525290645,0.9736180330905649,0.9717884311711547,0.9702168764953931,0.9720356544811941,0.9660708576100027,0.976286655492834,0.9709921719627237,0.9724281465810284,0.9689874144225423,0.9706294543994196,0.976058631940854,0.9777040391064183,0.976125952252076,0.9749293316628592,0.9730623614843557,0.9754511879273006,0.9723017855441151,0.975113510847053,0.9742169944520949,0.9724287055856559,0.9705812157725633,0.9763636037074434,0.976811661683452,0.9738122451374938,0.9775460274690648,0.9782125485462435,0.9781703405709893,0.979671909685368,0.9747560593274819,0.9743081129494026,0.9778085310060161,0.9731958818998996,0.9754216467273163,0.972058009400113,0.9810750451693565,0.9735424322042019,0.9722977999135972,0.9691417231251696,0.9697489628557349,0.9708057351917739,0.9703801153018371,0.9784843018884427,0.9738765821841112,0.9734001474795524
245,2877650000,0.9722131342939544,0.9721487161805707,0.9750414493119598,0.9779296891155471,0.9717741389206231,0.9765482797244287,0.9702874145718418,0.9705463643746198,0.97820709964256,0.9793126039407407,0.9761705150837087,0.9749458444523103,0.9768670458605214,0.9764653835737116,0.9807300353837523,0.975965407227182,0.9744231377176267,0.9790785121576036,0.9818032607315176,0.9699430576580134,0.9806534465189323,0.9727566340927823,0.9732585365458104,0.9760816149669106,0.9750432107122433,0.9743091778360303,0.976147462786126,0.973921880704955,0.9724105209624772,0.966336144039447,0.9674704811502397,0.9654561949329886,0.9802754148363497,0.9816144559983694,0.9664904249417636,0.976973803932025,0.975961919351817,0.9801465666014303,0.972934873806663,0.9712852532630615,0.9775179921905232,0.9720221383467893,0.9733044540649811,0.9663670277209012,0.9752008902353347,0.9722355815986595,0.9705048504169553,0.9722370313091002,0.9790939490443631,0.9838573466253779
246,2877925000,0.9651660178010714,0.9806769820512236,0.9711491595679219,0.9733281591441911,0.9716158796825354,0.9745273095435145,0.9766064510696455,0.9794270549978603,0.9705861650187019,0.97412678239965,0.9768022230801202,0.9744269006068681,0.974548735404853,0.9708601738088669,0.9732972209534061,0.9784670563452071,0.9770446146540241,0.9703984362916827,0.9804734617907992,0.9852216810329136,0.9760856549465325,0.970440460647961,0.9731480530022484,0.9748642490440853,0.9751023215354973,0.9717739129840769,0.9770840802158302,0.9756493820999828,0.9845275737780136,0.9724618815963766,0.9743549403063133,0.9784565412254496,0.9824850814776314,0.9730592854001409,0.9655778309958076,0.9726341983251015,0.9798868341027244,0.9794712545309109,0.9734188189422568,0.9729089638519267,0.9903972113858818,0.9797172728954817,0.9816270163506408,0.9717553381937573,0.9782755343889867,0.9699220338273756,0.9719105686787368,0.9783012628099238,0.973623670745504,0.9718870273939836
247,2878200000,0.9743434219219521,0.9755578033193391,0.9857478880922175,0.9811354568024387,0.9731089620438514,0.9777950924197432,0.9724873846286178,0.9737729909542825,0.9805857698001077,0.97760166598928,0.9741015758252458,0.9783767185495892,0.973675176626197,0.9684501243486237,0.9749180351600291,0.981405605284338,0.9785915674901658,0.9782068795561212,0.9746533607283794,0.9747348301110325,0.9766230098642743,0.9744055761997332,0.9756812221920945,0.9781992236863095,0.9765539201899256,0.9790503310814479,0.9722763580191555,0.9713796375143705,0.979106815216433,0.9786169551904345,0.9725926132510841,0.9712243746400719,0.9786602335696464,0.9810695698185232,0.9735982583022877,0.9765173568003089,0.9720171142111522,0.9751602993348355,0.98028216396132,0.9753520468481245,0.9781043645827545,0.9765888379541399,0.9735139162346035,0.9790162796269661,0.9711555188667718,0.9774944848209821,0.9719972614057518,0.9822916662280337,0.9794261706063603,0.9774022566748922
248,2878475000,0.979419381067252,0.9766642832657174,0.9764960209302277,0.9717805986238448,0.9684471345866713,0.977971633534147,0.9784276917243308,0.9765974137711319,0.9791931431252232,0.9734495793417001,0.973323349833279,0.9827801601376799,0.9743025292327543,0.9745217214141352,0.9771616534352761,0.9767188973608543,0.9758319678699235,0.9783505670365092,0.9756394607438473,0.976632750267472,0.9707173039107345,0.9761759511155285,0.9756623257667703,0.9723326321472461,0.9744631247325359,0.9825168349359595,0.9729874399530053,0.9795122298212454,0.9740210376682629,0.9723081580893732,0.98210592967852,0.9693726806303461,0.9747522304721813,0.9785614614703353,0.975314467060325,0.9774606127060078,0.9748259000865859,0.9736685819838923,0.9774733103977897,0.9846424100559295,0.9759237222366628,0.9707592359114572,0.9753425218509064,0.975279410265728,0.9838540911509951,0.9774881793095757,0.9799381775529808,0.9759213943750387,0.9748604268189219,0.9746663161211169
249,2878750000,0.9797602470616793,0.9745803042533281,0.9757165018225686,0.9810500754191217,0.9741464336350879,0.9776984237440494,0.9852103589696148,0.9801812418832411,0.9768113478400733,0.9702788712626867,0.9770813170362967,0.9720104916445086,0.9773839398464607,0.9762322665892736,0.9784833902303837,0.9776510037497612,0.9779567397333613,0.9732802961919405,0.9808618164551945,0.9751721145789343,0.9790253391597683,0.9816543651183722,0.9804846655451888,0.9805257591051717,0.9725309370299438,0.9665440180156051,0.9691415442660645,0.977253439686832,0.9789315014524915,0.9811108843053179,0.9707570162465196,0.9788835337507833,0.9812813954671044,0.9795114669532595,0.9714187960573549,0.9737865409404329,0.9869808605351713,0.9789738766688141,0.9790519459354174,0.9836966801972854,0.9722131419118478,0.9737891768566864,0.9807548454845609,0.9767412846338108,0.9770434497797137,0.9711280920286723,0.9837295157603027,0.981565813882721,0.9794362501853513,0.9810526542994034
250,2879025000,0.9825616519266747,0.9778207827895293,0.9743482236007581,0.9808109104320528,0.9777434341431847,0.976323333208856,0.9784509932548546,0.9692217127305822,0.9768431210453941,0.9760423503142505,0.9747654681966081,0.9805204719370881,0.9837467472813147,0.9767624945216206,0.9816257289161898,0.9795609951578506,0.9800417898204205,0.9785224281864863,0.9788306929468717,0.9801110480803243,0.9829871714054785,0.9767966625425568,0.979288598569273,0.9802780930250659,0.9863389218263009,0.9761533243131832,0.9752921042811554,0.9787236220498755,0.9765119255413199,0.9800223085619091,0.9773124751505271,0.970278574442486,0.9765883543136885,0.977541901949345,0.9835694519938205,0.9745393315420003,0.9763052949163046,0.9793628964575124,0.9821258815553546,0.9722366605057781,0.9785779861864173,0.980030376505918,0.9783106649846557,0.9747496658548707,0.9773745139057229,0.9758494279758658,0.9735990371358456,0.9792303124557302,0.9744491982941961,0.9764605423395594
251,2879300000,0.9786249502230203,0.9752580590582673,0.973551494500159,0.9773194917556056,0.9795871070449006,0.9737059756807056,0.9820177083918298,0.9764887913059935,0.9732466422116377,0.9758145222614228,0.9762233345492634,0.9753272245919538,0.9808638764826921,0.9742299342090881,0.9733079460320809,0.9713974385779949,0.9754581951493944,0.9750101196762695,0.9771322093499842,0.977226209755143,0.981241335665985,0.982929701484603,0.9727399689621985,0.9803102119486596,0.9752448104730685,0.9797464445929241,0.9787935565285896,0.9779935303526032,0.9791438802375573,0.976436210530339,0.9768929298070821,0.9827062493284957,0.9806546242103293,0.9750473947774556,0.9784692742235692,0.9769666151827158,0.975632604374362,0.9787597240483668,0.9825729509151298,0.9803728141177662,0.984120263285786,0.9825098936581925,0.9783765663898469,0.9810248818950036,0.9841188416879638,0.9765846421505231,0.9850029691373583,0.979919288726468,0.9823353373465413,0.9835007686143851
252,2879575000,0.9780421338584943,0.9758665814765709,0.9779817555883333,0.9747894686518167,0.9721215385551463,0.9771904404201143,0.9804787964143808,0.9788168352223839,0.9804197312095002,0.9795957461000518,0.9838307536030589,0.9791710756625304,0.9782799952129607,0.9814215540371467,0.9808821101307698,0.9756336352740167,0.9742401304742507,0.9761535814618421,0.9758298850329841,0.9780914143803742,0.9830320096709864,0.9782991168206074,0.9803159272019893,0.9741712742931931,0.9791476225157631,0.9829852265540611,0.9777143442335046,0.9742094360747302,0.9820237172780143,0.9841836939849746,0.9736097371262353,0.9782232273294266,0.9721349673583054,0.9850172363878749,0.9815334871576902,0.9747967196226108,0.9846116979749672,0.9821538850150046,0.9768972107977186,0.9765552689814839,0.9840712879656291,0.9778032943519334,0.9820196992137191,0.9811181242407434,0.980680644539905,0.9822572660819865,0.9792506553479134,0.9728461134579868,0.9783534588136247,0.9786512022381265
253,2879850000,0.9841379156423326,0.9762806786437347,0.9863554127137164,0.9819761376854976,0.9778012987867943,0.9815916032438707,0.9795955291204269,0.9761224058117652,0.9776957570230241,0.9735238237615352,0.9777819732399143,0.9807839596872788,0.9826896344392635,0.9749248808128176,0.975392398394601,0.9783338617359907,0.9847441965390109,0.9826991361817078,0.9781070868787126,0.9830549890171267,0.9764442320605886,0.9771943475730931,0.9761130894079576,0.978315729028783,0.9746374193163437,0.9788680385771515,0.9795872376447519,0.9751388305705303,0.9843571778351491,0.9797865286809808,0.9766709796439053,0.9730792843396793,0.9864036906211076,0.9819031214948645,0.974878063797951,0.9769180332069066,0.9792159517771832,0.9841306324655857,0.9768780054218347,0.9763384418327559,0.9832616161996575,0.9792543303198386,0.9751533151955873,0.9861750700106118,0.9784363637257822,0.9761255808125647,0.9717984125661432,0.975598059230328,0.9823002157224455,0.9756805050139828
254,2880125000,0.9766242372703121,0.9773661640477767,0.9837331173827744,0.9880051756017555,0.9790543712061548,0.982111891728688,0.9777757161848908,0.980272818756874,0.9821400822625431,0.9846691175634925,0.9760585963888679,0.9824381340372526,0.9817372676442648,0.9810558148962956,0.9811223309209989,0.9752674064955338,0.9827728785764059,0.9822285506205306,0.9820885898449131,0.9805539519586978,0.9832552647819034,0.9801330372707413,0.9801528736673724,0.9752492016538662,0.9744155525982016,0.979657193593419,0.9891180184263026,0.9817745856578168,0.97416266197638,0.9768526156447508,0.980983828212586,0.9884233823947844,0.984244669108997,0.9833507498516147,0.9767743485540501,0.9771002948634157,0.9725190716450526,0.9810972571358259,0.9759809297108339,0.9798356521810948,0.9830729402664303,0.9732422127229049,0.9816677888829769,0.9744591917116497,0.9763416390770471,0.9860517691319515,0.9846617028642181,0.9810500318801036,0.9868016299529523,0.9731835042062076
255,2880400000,0.980707598163888,0.9847278226786939,0.9824595637851465,0.9775836616515909,0.9757642591212596,0.9835478323315036,0.9808718895640834,0.978724936119168,0.9754995600021011,0.9769734873149427,0.9745093457005936,0.9868090404863935,0.97956694110287,0.9798304534337993,0.9790803284297919,0.9776362513518325,0.974004359604256,0.9833350826171802,0.9814890220982244,0.9807333719265459,0.9832144822168937,0.9836028633118374,0.9790390396223939,0.976515093638743,0.983806000979683,0.9836282852913818,0.9748855065992766,0.9788396521274667,0.9815950614605007,0.9772184565848366,0.983998799020001,0.980341443036558,0.9798466322187088,0.9736237748033871,0.9892133241929393,0.980377029345798,0.9769431642341727,0.978853582367548,0.9758364306514133,0.9774438879074877,0.9781891595837596,0.9802909993000171,0.9820039360141707,0.9834596111380919,0.9727761330369064,0.9760297604436433,0.9765959921601479,0.9803411516618303,0.9820553057693489,0.9735347622467574
256,2880675000,0.9852054763484264,0.9797824382948443,0.9777494277003256,0.9757301659244805,0.9829500537959516,0.9824822858630292,0.9801880436715823,0.9822592092569008,0.9851587014081649,0.9831666864440921,0.9878203170736808,0.9840225225639156,0.9778884906672262,0.9810703094166472,0.982051914289858,0.9782340159863132,0.9771679526760075,0.9792305696632719,0.9814807141384584,0.9741727916662168,0.9818352605158556,0.9840922363430062,0.9798412541970235,0.976133986307265,0.9773613294310717,0.9760967579299814,0.9826104030332891,0.9835164819784498,0.9855056856013353,0.9792173221330251,0.985107393873179,0.9798450445245807,0.9824914259325409,0.9756794229321536,0.9874865416032992,0.9836192512218915,0.9819575758946397,0.9774500280011714,0.9798196532143567,0.9831301272599595,0.9821451780086266,0.9868919814927204,0.9823131910094701,0.9781300486377179,0.9824978488695224,0.9788672082734727,0.9737333668055294,0.9825155171075614,0.9863024117258978,0.9825623085529572
257,2880950000,0.9849850658891081,0.9758216922622496,0.9759710105998016,0.9824381942470561,0.98001316910306,0.980064215432676,0.9838282090109409,0.9803518458734973,0.9825413573531998,0.9805841676734235,0.9818470695557855,0.9791783226130183,0.9874325035669842,0.9792615337963094,0.9843466710575421,0.9808317086518296,0.9789895600805618,0.9845967896494191,0.9894189378353937,0.9769406927062678,0.9783510308328617,0.977916518533002,0.988475605143629,0.9759847376566748,0.9815675405231702,0.9860236767961834,0.9799581015491374,0.9811458764911241,0.9799044456822992,0.9778424708393274,0.9850025018359163,0.9795484303045173,0.9805410464285892,0.9807927184481935,0.9853892918838879,0.9762852583510857,0.9796224234395816,0.9758869864443531,0.9792255418757513,0.9770054048463407,0.9823728600513294,0.9814991916685544,0.9799541249765493,0.9769801916426432,0.9799547312915551,0.9781080754309178,0.9869518390734029,0.9782006870975355,0.9835384350209225,0.9791569366178432
258,2881225000,0.9790704765158023,0.9777170673038823,0.9877518958598052,0.9848112269077115,0.989196096461302,0.9766062840647589,0.9817216099358632,0.984522010417124,0.9739962434072564,0.97771652737844,0.9803283732326302,0.9801952929039985,0.9837154506099585,0.989560541236602,0.9786574821620793,0.9800762854581185,0.9815112816060411,0.977380507803099,0.9753547133039739,0.9787151509880148,0.9820251181682167,0.9717068082905626,0.9839770664537356,0.9818104612180275,0.9816073318624413,0.982144058959,0.9856895482968685,0.9860841066266887,0.9769776101846075,0.9864103304187738,0.9811984410873541,0.9841149018732921,0.974312206495836,0.9794319179309467,0.9796989305586686,0.9840408611309573,0.9837113901049824,0.9852749334271459,0.9909371311188359,0.9796635462478326,0.9833749326516381,0.9784491748732174,0.9792261212656205,0.9787562930729582,0.9747827793395174,0.9840457254459144,0.9866407295274383,0.9839094483454123,0.9819197049955959,0.9785059397226027
259,2881500000,0.9814892078983823,0.9843781554464489,0.9871067753779985,0.9863572809419365,0.9825460258022823,0.9832896285060659,0.9791191898211464,0.98161257072301,0.9802069343564473,0.9805750606014455,0.985109096551455,0.987334970838592,0.9779133290200236,0.9723100227292557,0.9830756248817246,0.9759640687582991,0.9854147455355731,0.9782323893773076,0.9787264398786155,0.9790622394708672,0.9877478328103735,0.9855004732168968,0.9794625909903348,0.9789922372680699,0.983122920303031,0.9848264508738973,0.9858917198599055,0.9810561075694177,0.9890085201069243,0.9862269757950977,0.9732750474851769,0.984546222001577,0.9782916134267032,0.9805475089739892,0.9806449939441206,0.9765984151385623,0.9855987409839364,0.9803355973970123,0.9874331586930077,0.9773866725352578,0.9819489545745983,0.979463068817188,0.9818642218834159,0.9856365385187925,0.9854628877545858,0.9805065335290671,0.983803056033209,0.9838064590392047,0.9814535555778839,0.981355655424001
260,2881775000,0.9838765677663208,0.9856002412358436,0.9830908043769806,0.9845708267383045,0.9802532264250738,0.9839954264108594,0.984613963400755,0.9786516337831347,0.9847432660216747,0.9909047645055863,0.9768367840958228,0.9852336332748912,0.9775103329478724,0.9810316134584,0.9836641646666969,0.9824824730521279,0.9839821386029964,0.9839916607227869,0.9915406621113814,0.9780199945301518,0.9836459105457557,0.9777909364607484,0.9780442992847792,0.9870240187073414,0.9877559673915071,0.9819931901397329,0.9809744369346929,0.9851924530334915,0.9835322626139674,0.9802451891664662,0.9845633621531924,0.9806264957513183,0.9778569656964523,0.9826957899494989,0.9809854193096114,0.9839728882359773,0.9855310651609184,0.9844328626269462,0.9829530264893969,0.9807177307658065,0.9730031470511432,0.9855706188642165,0.9832491300570647,0.9861141323516023,0.9821077971694411,0.9799327774466301,0.9881559154629553,0.985147306176962,0.988947103500328,0.9849693008032625
261,2882050000,0.9865620578410877,0.9798951745417783,0.9839991385389848,0.9807793029508651,0.9880578705716099,0.9892065153124721,0.9807314896149988,0.9796697574718393,0.9785696118994714,0.9756725895011427,0.9795388203907721,0.9746735634022075,0.9891282757008942,0.9889495573288357,0.9782641470099556,0.9824438016824627,0.977748018665527,0.9768662759881676,0.9821708455943405,0.9858287441275972,0.9870625199769668,0.9855399894517084,0.990539339484655,0.9816657999786805,0.9832904749332151,0.9792877368910309,0.9824629076549376,0.9826142200367375,0.9816502758964257,0.9845078007272995,0.981418173364704,0.9803624003899899,0.9797247127253096,0.9809720244889576,0.9827750080104207,0.9911466693591096,0.9825490494737329,0.9723397985312603,0.9810669693105724,0.981096067898672,0.9779668945820034,0.9875437602872288,0.9837612222199704,0.9839689407379104,0.9839912406373043,0.9804249233437006,0.9833708217083935,0.984301007375721,0.9814409323863479,0.9798709236245193
262,2882325000,0.9840489567685528,0.9881068752099404,0.9906372513899809,0.9883979340546079,0.98152832445529,0.9808676924832634,0.9798374436006364,0.9796710295660536,0.9795694050821732,0.9797701496814091,0.9775331323653078,0.979669544011708,0.9778283714889392,0.988253520689385,0.980694962009878,0.9783017652545554,0.9827444329553265,0.9819015238892054,0.9781566837207907,0.9795401603918541,0.9829846741124931,0.9823847187914482,0.9876982736179779,0.9842960223570447,0.9828441384302177,0.9846925047799167,0.9875438547910649,0.9877318274575445,0.9860550284336327,0.9861962844475133,0.9794437242289672,0.9790101262251676,0.9829580219006858,0.9825149021680286,0.9859688399651899,0.9808900588006123,0.9814910918358839,0.9824042674411029,0.9835547950904785,0.9806583423349826,0.9827673440201032,0.9854009356728066,0.9806069543208961,0.9842947672610972,0.9783020213351536,0.9825108042208737,0.9799301056932092,0.9767671489904148,0.9843461795978689,0.9826179512461695
263,2882600000,0.9817057641286706,0.9815634891413454,0.9913740287640012,0.9771047610097349,0.9859411562644598,0.9841500030377676,0.9803462443694914,0.9757928596793958,0.9784761158014523,0.9890458887525042,0.9876941058102937,0.9844367309269855,0.9822011893203441,0.9848257875352043,0.9793160606819395,0.9805922338285544,0.9875798668417767,0.9840914479167854,0.974686437961415,0.9868613467538169,0.9853697314874043,0.9820126608056802,0.9801260804519792,0.9880514583962985,0.9865507471360209,0.9869702439561209,0.9853987395860718,0.9883552407975065,0.9770489340664206,0.9881868794604403,0.987216924642231,0.98054070022055,0.982769275793025,0.9804477364932922,0.9830659169372309,0.984468642554277,0.9925905217146656,0.981500510308664,0.988073601135454,0.9854605371117293,0.9892443732235477,0.9831582756028463,0.9855370791694275,0.981851210123929,0.9845213519900066,0.9894649847192927,0.9872484556665732,0.9828902197329523,0.9803394942613842,0.9766162043187269
264,2882875000,0.985510121762238,0.9802683024996464,0.9830189708457909,0.9885179826960874,0.9812813333925516,0.9902868819472699,0.983799663976357,0.9833937675822433,0.9858991044656911,0.9836485093686234,0.9810460264069844,0.9745302848080426,0.9824715024604348,0.9884379712746553,0.9835791989930677,0.9851049885172364,0.9803486342505676,0.9786073582283864,0.9832727104946035,0.9832559710138741,0.9845317336674657,0.9835626823600915,0.989129419796088,0.9854814214735866,0.9789069950901229,0.9892131603447717,0.9848254886643419,0.9806698320415574,0.9860753743224123,0.9787842068374594,0.985329958339369,0.9820352690179442,0.9888541026623925,0.9843705434562824,0.9831893409870353,0.9785402203119388,0.9896628538243737,0.9886032315502941,0.9882587011231982,0.977530395693731,0.9816262173746544,0.9766868376829091,0.9842995058932803,0.9874186242035061,0.9810100731574246,0.9840176857216304,0.9831774536892619,0.9866856721309,0.979097642262345,0.9834312201007442
265,2883150000,0.9838696409130688,0.9874818803246587,0.9816339901770879,0.9850559503187248,0.9841405509984368,0.977229684242487,0.9824034462264468,0.9826335358602212,0.9787029196573372,0.9782076888296941,0.987025631557688,0.9821240710128263,0.9859909786901094,0.9904075218861229,0.9880556244316047,0.9829048551563503,0.985215723886546,0.9779172252308865,0.9817022590919021,0.9865220054901322,0.9888284334791793,0.9889855974079964,0.9901793597174362,0.9892430130813482,0.9796715981065298,0.9798825229433978,0.983436322008628,0.9853350194761603,0.9883373423363073,0.9809042761873487,0.9785542568004257,0.9894286902367899,0.9765296989758829,0.9835220451406366,0.9868614936294468,0.982185795408766,0.9810601025232563,0.9862863011837706,0.9884358578189305,0.9885149321051602,0.9848435052462347,0.9839482168496518,0.9866542671891639,0.979878334790869,0.9844201901966919,0.9833586143406993,0.9814588699081844,0.9943832044662978,0.981862091045581,0.9833621730418959
266,2883425000,0.9820009857273211,0.984352214926321,0.9851773415370817,0.9804839045895833,0.9837388827957111,0.9817339181562961,0.9844977748899351,0.9816033640011983,0.9850116384566437,0.9796443979822217,0.9836354962218314,0.9809630820063788,0.9851835815111104,0.9889065566653944,0.9804094854213954,0.9882357079097612,0.9869605764814873,0.9793792740435606,0.9822492209389448,0.9869907620937398,0.9859028095797794,0.9774869981888411,0.9817135528884383,0.98592563856768,0.9800590395847192,0.9833015850027483,0.9841071069102441,0.9816242875333651,0.983422661539535,0.9885030720705988,0.9867147464941824,0.9860317977076599,0.9840547658449224,0.9832717638533115,0.9847263639659372,0.9872021842570513,0.9875204822123402,0.9835982208245834,0.981732038335029,0.9850573588530986,0.9859941515603532,0.9860462514253455,0.9826490242584502,0.9841176403349587,0.9861172344889917,0.9846977213428808,0.9826853068552458,0.9862511250863505,0.981679364946958,0.9811537158299704
267,2883700000,0.978790429409124,0.9852804538829955,0.9820556337558368,0.9887751965218242,0.987046108944011,0.9825001361819723,0.9876210429217621,0.9857578984868838,0.9802177932389909,0.9890187264753084,0.9812173417329191,0.9891029858129494,0.9821834301638657,0.9858232251757321,0.983363939627726,0.9879907942590728,0.9787731524941099,0.9834302334097064,0.9904206442977503,0.9786740971081047,0.9845093933956116,0.9821675119520806,0.9848083979253222,0.9853961332448993,0.9913946208470996,0.9847941433747228,0.9878992527987683,0.9822062242403119,0.9803704675429062,0.9803763273269956,0.9857598905743701,0.9844435750383951,0.9817066233697388,0.9844871040446805,0.981326675866454,0.9848902176078352,0.9797329975895633,0.9772298091103291,0.9875807827898532,0.9815841585489828,0.9857871273612369,0.9825237014945194,0.9848372129005668,0.9816694499114544,0.9857738446367483,0.9896793799282717,0.9870211588616099,0.9850835576640862,0.9872355200661947,0.9843735756166121
268,2883975000,0.9885755600338594,0.9875280815802334,0.9829237263341252,0.98260403382566,0.9866007145538089,0.9963406890110957,0.9855863899112217,0.9842631930623487,0.9859652354831872,0.9803130372756712,0.9821549377460113,0.9805014749477812,0.9862041539245965,0.9849424499687613,0.9837687936382005,0.9893956678541052,0.9814570281150422,0.9815217012608796,0.9901711428562857,0.9864968805926179,0.9814716043899012,0.9895689266567864,0.9827969645234497,0.9820500687275178,0.979853029455973,0.9833768193871164,0.9880420528622706,0.9796457597238647,0.9829769984586539,0.9850996608795553,0.9823240932839159,0.9893853112506369,0.9900199730803856,0.9845095971870144,0.9841186300137416,0.9907152315198282,0.981008712189024,0.9821692484731116,0.9818150536421077,0.9866601303650656,0.979133284141057,0.9846645061683644,0.9891753209698431,0.9888999548651399,0.9838105646971775,0.987606880585043,0.9859981593461025,0.9830561700172894,0.9923076238735523,0.9832641328456475
269,2884250000,0.9814306755515239,0.9827095726906951,0.9862034203055772,0.9876566291116772,0.9909457644617017,0.9867201886603557,0.9803434573366642,0.9880674706144559,0.9902574821153336,0.9868686163603769,0.9907927110697926,0.9781254945039485,0.9889201898321011,0.9906709900468329,0.9870470212336219,0.9841502215255289,0.9827145153563634,0.9846516068360477,0.9808292896971179,0.988963362706878,0.9863073179364467,0.9825524564938989,0.9871700820272923,0.9827461982668456,0.987775884623252,0.9877412174780389,0.985450347965132,0.9840220490222931,0.9814337092932249,0.9862838909714695,0.9872958652196376,0.9893392385337689,0.9842151563757651,0.9839768173899851,0.9857328716994431,0.9853943121844883,0.9846808914344413,0.9903801539330812,0.9887695049038501,0.9814245788918375,0.9862324251156059,0.991116753716692,0.9900831330215235,0.9764817498226667,0.9860753235129784,0.985712271294252,0.985091283683136,0.9865205852249002,0.9852718699032019,0.9833114593398135
270,2884525000,0.9893989758856638,0.9814194833649733,0.9887463789208225,0.9913297199336166,0.9889479902674575,0.9836080275000906,0.9898293519913639,0.987135916386501,0.983564010123809,0.9910082821861969,0.9860743914564672,0.9847137614273038,0.981914595500781,0.9826001236411734,0.9871133903954682,0.9848500218892942,0.9931395218428847,0.9852439715884781,0.9822982828395783,0.98538247080143,0.9875481887183843,0.9864922724888274,0.985069685394216,0.9921996377542005,0.9875699061042184,0.9794813422834852,0.9830595262491036,0.9889069511187145,0.9879292549106387,0.9876187509262881,0.9916316497738845,0.9836425062691468,0.9900086306697776,0.9854198223561914,0.9815725990916363,0.9856958150320203,0.9814654459383718,0.9933122872847733,0.9867963927798211,0.9891875148086292,0.9863106538116897,0.9882669443147594,0.990603832063912,0.9881868276814212,0.9821727725085472,0.9897923863749016,0.9810392801169863,0.9860838044288242,0.9862039254256928,0.9877034796443956
271,2884800000,0.9886096864857683,0.9880865790418643,0.9863514481872032,0.9826298112081423,0.9921270774159291,0.9922761177701053,0.9867126719534484,0.9855851532035868,0.9895584141585881,0.9870408877327096,0.9841443581509037,0.9826884561613005,0.9888593452689112,0.9942987823041558,0.9843669960140923,0.988696569659244,0.9837013745119881,0.9789370198816951,0.9871501802606297,0.9893567466817746,0.9881883099164056,0.9895430911833819,0.9901488365684801,0.9861070763116242,0.9862062167904356,0.9919872501483009,0.9805671577319933,0.9900353789378421,0.980664137483363,0.9869927627004754,0.9902908609391194,0.9824910723623416,0.9906522262531215,0.985921821018798,0.9897533773904897,0.9867872138703305,0.9838613765605468,0.9772430646865202,0.9871862932707595,0.9828534170866398,0.9896759885558732,0.9931086470268281,0.9863584547739247,0.9851944359385362,0.9863879432318213,0.9853939091459886,0.9884205313127161,0.9796082189195151,0.9837499987363341,0.9909656830623629
272,2885075000,0.985599541879461,0.9916668703830895,0.990533300704047,0.9893408427970821,0.9949441298310128,0.9872723437451534,0.9895046351203954,0.9865019859009929,0.9784184065794386,0.9846200828488636,0.9904625129243815,0.9819197875077672,0.9879188170875588,0.988919796805039,0.9808740077954273,0.9832323829210017,0.987640204943349,0.9903744577275249,0.9904595808230505,0.9899034003676216,0.987143531529635,0.9855836958894136,0.9953977654434628,0.9851819601299135,0.9884993089925415,0.993087988880371,0.9861550507904007,0.9892720079746797,0.9914766933499819,0.9843616508042391,0.9914078277252852,0.9823502862753163,0.9882951304710338,0.9882515577732351,0.9859973204866874,0.981319829607356,0.9841540858586539,0.9858430681482604,0.9891733451585036,0.9875467712857,0.9926669005501187,0.9864707948761791,0.9963668074955784,0.9869208167679125,0.9883755488496411,0.9843186461714392,0.990316405473009,0.9885278380373393,0.9942064283578115,0.9931299099779548
273,2885350000,0.9881398290718004,0.9867595145333501,0.9894661136663662,0.9810924972431277,0.9878045152435886,0.9935605893109335,0.9883448127365753,0.9875970713257566,0.9902311340545622,0.9844368361217575,0.9861302128306713,0.9892721073330237,0.9894518085125074,0.9865127467791184,0.9862446237689843,0.9904834984203154,0.9894790038124806,0.9825012079569606,0.9861673157685225,0.9950462680975867,0.9864120424420457,0.9918898094406553,0.9894849525107635,0.9898002224720965,0.9899479197894437,0.982226853754885,0.9931406239736549,0.9812502173720047,0.9925649318453508,0.9796887224491269,0.9881534036407567,0.9895430439224596,0.9919404026868944,0.9892193230809253,0.985472580104746,0.9881211621339068,0.9844245855063826,0.9837807569410176,0.9917481580992371,0.9896465226256282,0.9898025039281986,0.9833589050111994,0.9906763889037274,0.9898467304668938,0.9963076141995161,0.9864977126997602,0.9891375704116924,0.9858343900718533,0.9928671587952947,0.9876761481759874
274,2885625000,0.9904705791741509,0.9883374824190132,0.9876432973869473,0.984972667503594,0.9933089887161962,0.9842844664121637,0.9917188858667869,0.9933991688740722,0.9881165298676867,0.9881312640829136,0.9924237646397206,0.9841466349616314,0.9973060110793908,0.9912328315916396,0.9909427478207181,0.9868971077582475,0.9920822190915326,0.9865927928897551,0.9890074899245005,0.9849221709077248,0.9837461034814371,0.9880107404156556,0.9874174542081546,0.9840165090134108,0.9959014667106705,0.9822180619705215,0.9884751675214289,0.9877750323967528,0.9909194621847164,0.9912756261318848,0.9896178580106546,0.9864813364819444,0.9892262320903183,0.9871439365552065,0.9839238988998149,0.9890512739075726,0.9952817855128809,0.9820954929366008,0.9931115971663711,0.9844495253452917,0.9841537490042024,0.99351573379188,0.9897035998175294,0.9871430137288167,0.9926017962883884,0.9845345505057373,0.9919435858372287,0.9845200046817074,0.9879738690006883,0.9859645307457462
275,2885900000,0.991016956746245,0.9841560386051414,0.9799631653029721,0.9886009465086814,0.9902197710625155,0.9975616640256976,0.9965320123120148,0.9885842290861847,0.9875229791626805,0.9896352541673208,0.9878631800568476,0.9898528153572976,0.9869458334386373,0.9812355787454038,0.9859658753910392,0.9847838165489844,0.9870014699345429,0.9908258304751868,0.9943984565288099,0.9870516711025669,0.9911777827671855,0.9945724121481723,0.9923961366990799,0.9914838583611268,0.9951496002667174,0.989150282448326,0.9897120019660215,0.9875023859098326,0.9837660500998139,0.9866681286321766,0.9844182849657847,0.9888066538135859,0.9908742485821265,0.9939096474528246,0.988679845691874,0.9892720007434772,0.9925691118067974,0.9866066106849157,0.9870990203335055,0.9906287888946222,0.9788094965853679,0.9934483289282378,0.994760334170489,0.9825203079183854,0.9846316922740784,0.9870586034956599,0.9858464515738995,0.9908440446415386,0.9877834306778673,0.9867529647833119
276,2886175000,0.9927649164069571,0.9869500413384306,0.9888930687412972,0.9991204357536613,0.988026694030577,0.9881718156439254,0.984639200629785,0.9990919375862636,0.9900835533678128,0.9885432675408026,0.9917849581282252,0.9858519459246837,0.9892921097467079,0.9889445698553262,0.9947112549790212,0.9892906870328355,0.9987362544070576,0.9868302991097461,0.9968719875232621,0.9866442880948609,0.9877525001156019,0.9852020433460277,0.9887993318471697,0.9903890138746447,0.990006904935346,0.9938701200844071,0.9866164821601275,0.9847928006901003,0.9860078764437434,0.9854701978580623,0.986760313265317,0.9902513486216028,0.9873984210057991,0.9894188990529963,0.9887111430401002,0.9799828322670084,0.9927893429753788,0.9858488997014343,0.9884996518914707,0.9931251447773187,0.9895454274802116,0.9921846556390471,0.9956134470242147,0.9893163223995494,0.9867140854878728,0.9933651487492807,0.9837619200319427,0.9858778421172013,0.9921489124596307,0.9893532251779052
277,2886450000,0.9943131712481341,0.99052561483286,0.9934886953494962,0.9943760016324942,0.9927465805157386,0.9895839191225477,0.9926208052825296,0.9868457025216024,0.9906200645260763,0.9849594883011957,0.9841114968404918,0.9939225573994651,0.9867352411879836,0.9942046394801946,0.9877269050303765,0.9909893884516484,0.9900345658811099,0.9907063994037008,0.987000278340066,0.9924483012167703,0.9864833366173019,0.9862290436692127,0.9896949700476073,0.9958810983107023,0.995292656622867,0.9837862058167735,0.9878658352946219,0.9875567227500983,0.9839484621955153,0.9958226077549809,0.9894438263045561,0.9904238424154659,0.9849345621347362,0.9959355391467208,0.9986636867833392,0.9881002028264023,0.9897025417060729,0.9939986597752097,0.9892819526442433,0.9890926302076581,0.987174754425732,0.9865876876593261,0.9884987402717742,0.9959518408222894,0.9881929619183658,0.9919400471252917,0.9865478837890154,0.9910388119327203,0.990474720517654,0.9921652535691514
278,2886725000,0.9842249581463115,0.9942776728993599,0.9926848190221406,0.9919241574547849,0.9929592739923447,0.9932916121133646,0.9922614866684578,0.9912632956247087,0.996851346627723,0.987220735754926,0.9879147158864368,0.9983734675036386,0.9902574048926057,0.9924027901572516,0.987318235316568,0.9876247657397955,0.991162637193224,0.990337386491954,0.9899784004902605,0.9892740365306236,0.986397531538743,0.9888610245371167,0.9950592928852906,0.986863636558979,0.9905187127140707,0.9896544375370059,0.9849029676265422,0.9936994562161331,0.9932297835103752,0.9797650276608054,0.9872687076878746,0.9949438238112371,0.9912880771406198,0.9928538640926384,0.9908781702358354,0.9909966018109899,0.9869744391760968,0.9900021841112383,0.9886659115946648,0.985196266634153,0.9887361825050879,0.9952366823195922,0.9840914874760617,0.9913430682192207,0.9880433359540718,0.9898923752638612,0.9880532741854411,0.9949090401421639,0.9853308349392473,0.9891455567314837
279,2887000000,0.9838899819143538,0.9865123013793482,0.9956329189433628,0.9968995777778626,0.9916068555993703,0.9843719759814232,0.9924103554971057,0.9956244515666521,0.9898091372837489,0.9930569031498135,0.9863559073245898,0.9942045334219972,0.9886668863004736,0.9957852041857581,0.98488138654547,0.9852998635044689,0.9874006469295347,0.9921508809282311,0.9920737218012335,0.9856667763145988,0.9885187095451815,0.9912722762713878,0.9956269285414235,0.9934226120112377,0.9954147690894268,0.9914444281368677,0.9962837785445432,0.9893919506459147,0.9868104471088568,0.9873396129182127,0.9893521171210948,0.9907206044559592,0.9919787929103278,0.99156350121084,0.9929845536245168,0.9914841071742069,0.9903489665412475,0.9929233747122446,0.9873150625603814,0.9929779067837217,0.9856137818855418,0.9908100535443418,0.9948271666676602,0.9940354622185352,0.9894911794489192,0.9847055353450761,0.9901302554758538,0.9929246399342323,0.9906648071582171,0.9920037993552817
280,2887275000,0.9912735627708155,0.9868026237626774,0.9855348056524764,0.9966908718232256,0.9879221611257599,0.985991458739483,0.997029035494795,0.9891199686459513,0.986825082257908,0.9928579285227868,0.987325656301359,0.9948199567493989,0.9831694774321711,0.9947397829794553,0.9883815472846136,0.9925287465186626,0.9933830245199035,0.9880469413131918,0.9941302792885126,0.9891129798296435,0.9899732465567329,0.9927886695194914,0.9942659667206233,0.9917841954936314,0.9911548935367215,0.9903568881925423,0.9882303081047267,0.9880034317282811,0.9917599598282548,0.9929345965395139,0.9898584282943101,0.9936343269983934,0.9856815758151803,0.9909092146324877,0.9913568430128293,0.9874048907923338,0.9882012221814906,0.9854903752141299,0.9885412627475086,0.9906027903340092,0.994370697114788,0.9891864302093292,0.9863014557076943,0.9916868806189248,0.9875176474804938,0.9845616864504338,0.989179026874203,0.9918130063688828,0.9822834909099359,0.9861341616626865
281,2887550000,0.993315391982384,0.9883654522533519,0.9981700229894518,0.9882159083326828,0.9972208674010011,0.9928286090786445,0.9896227594975444,0.9906709907660816,0.9898319318713495,0.9855273980556237,0.9906880847605974,0.9858290745032597,0.9953688672526343,0.9844441885765673,0.9902113111499239,0.9865860964080035,0.9909480993773891,0.9883105911297072,0.9876120368930874,0.9911076935368084,0.9915640814729988,0.9886470552391782,0.9980127506823828,0.99148120510902,0.9880892565501725,0.9897896537090186,0.99349965905681,0.9893999746825283,0.9930408198895441,0.9895332754997642,0.9998923786085622,0.9918316141723915,0.9942965340150363,0.9850314205765691,0.9948598429576898,0.9877800542646541,0.9909309816763445,0.9888189355950684,0.9891435728253988,0.9868911676050544,0.9916974844776932,0.9929740833927266,0.9895433443658671,0.9934421480147437,0.997508339454368,0.9869154521599603,0.9980152734942087,0.9906187082966036,0.998254393083758,0.9873889632829317
282,2887825000,0.9847104303543346,0.9900010532551553,0.9935273873115663,0.9952815460563851,0.9888935785494254,0.9944175050202705,0.9898943346438285,0.9942353698181208,0.9915570012370702,0.9979146137514178,0.9839231696652929,0.9878911856588976,0.9927649059343102,0.9949746454193146,0.992574321290902,0.9884040743366254,0.9909105229015885,0.9898802725353539,0.9874081325545817,0.9906676004585371,0.9873523189441422,0.9908844862930353,0.9929052356366525,0.9868113567351235,0.9897901487895892,0.9904832114276829,0.9904534174448963,0.9904381940911906,0.9867907607808419,0.9878613574668008,0.9963693360654413,0.9901856945097129,1.002066471639825,0.9922254260540218,0.9875008281142796,0.9897532245123405,0.9895882057125308,0.9954939414373364,0.9850926690000865,0.9910774072212254,0.9979737772654442,0.99041017009111,0.9932744995885355,1.0017874991262998,0.9937502389648818,0.9898923715891718,0.9857042483479882,0.9933766733821991,0.996168871468333,0.98499044324464
283,2888100000,0.9906975236755099,0.9913934297933438,0.9897177813938998,0.9867952632812227,0.9894401163703408,0.9964473721499207,0.9942462269435335,0.9927352737571093,0.9860061558872696,0.9896422367068255,0.9864820305525939,0.9899913507782513,0.9899009135603546,0.9851021711499932,0.9881331878462747,0.9861475086263313,0.991773553518652,0.993026997030838,0.9915460055933688,0.9861362793145226,0.9840917197818089,0.9945698714016785,0.9916486866001016,0.9901913429777027,0.9899465577183277,0.9858066303979423,0.9905108796456235,0.9928657359824951,0.9852538895070102,0.9910071574584847,0.9894220471590737,0.9879712177397943,0.9888881615936324,0.9843248170055977,0.995410174025757,0.9829045810227017,0.9942438818364344,0.9954765977792895,0.9887408088448365,0.996545576678898,0.9899597224155418,0.9908122749764867,0.9948605827554244,0.9905025549134363,0.9918153298648047,0.9946186362777192,0.9886589799713708,0.9858669981164587,0.9948491516658751,0.9935154548182641
284,2888375000,0.9962219581102036,0.9902269944785955,0.9960439541033431,0.993121381598705,0.9984306766004325,0.9892086365554807,0.9966341911568085,0.99598210410618,0.9933258623675707,0.9926849666911118,0.9987386977464507,0.9884753004394747,0.993415237833957,0.9845068198788003,0.9938513487603345,0.9917947791649302,0.9898578718658649,0.9919232612001168,0.9891532604946599,0.9864836845406734,0.992010419350855,0.9898172071478267,0.9850377714598578,0.9934741233786532,0.9902223306696549,0.9979479346459075,0.9959105434109399,0.9933667608768741,0.9879140756026674,0.9954527040173248,0.9922977814228123,0.9833720601695329,0.9927998030827901,0.9948018718882014,0.990306790947928,0.9904373596189522,0.9883231215760513,0.9856225233921512,0.9961944072850905,0.9884498224850168,1.001068639121637,0.9939528947365635,0.9937546371794019,0.9895081418262069,0.9926908356949307,0.9945009626068693,0.9883298466552262,0.99429335924582,0.9930375592254947,0.987517401795152
285,2888650000,0.9930813247551907,0.9960076084426207,0.9923299501338168,0.9919862168178786,0.9956276613474532,0.9899419210891025,0.9932811802813982,0.9876941682190858,0.9902704427569692,0.9831586458117261,1.000410211192666,0.991465201155342,0.9914244292409846,1.00025030695059,0.9876189168779437,0.9961116689306059,0.983225506825098,0.9967578289776958,0.9843879773721932,0.9893358747418729,0.9883514265756892,0.9841989942400975,0.9926132498797805,0.9910418052331493,0.9902169283907163,0.995319614866989,0.9948737293884512,0.9889052880580693,0.9899280017615907,0.9931512952741705,0.9924667690220396,0.993771438373224,0.9921075103402003,0.9921098462884909,0.9885292747706591,0.9876508234851901,0.9864402075703733,0.989157527384101,0.990205311517512,0.9912406218657445,0.994541850718767,0.994553369170462,0.9934487958795362,0.9937426727394763,0.9865795177478799,0.9879688694967995,0.9926204701625092,0.996416352072033,0.9923762996223855,0.9901019549213731
286,2888925000,0.9916053412151719,0.9921233339832172,0.9933510309401088,0.9891148761910027,0.9909654339933363,0.9900302513806392,0.9983146144816222,0.9929884569813441,0.9908887991314607,0.9902776894703429,0.991079476754049,0.9905399143918934,0.9949110646012491,0.9958993712656589,0.9934112197145872,0.9850937628478945,0.9879909144510437,0.9876973383542178,0.9963882485962536,0.9908677833554673,0.9889090590932326,0.9993042810548134,0.996168282287023,0.9899907232683254,0.9883160294840119,0.9933139020262115,0.9905842283085454,0.9904481848819309,0.9967177958203272,0.9886361492785765,0.991175392405394,0.9895480415572612,0.9941868662906711,0.9986528719243767,0.9873911517561793,0.9900470384405275,0.9955500692681374,0.9846190550665511,0.9866671059262855,0.9957339905931223,0.9912532187137123,0.9856484485414795,0.9940191060887907,0.991456717101261,0.9900710077155326,0.9963294899274566,0.9917422348454872,0.9953555135603326,0.994426994258197,0.9926829726632227
287,2889200000,0.9996040536103791,0.9993307361423865,0.988453422980901,0.9933626274612123,0.9912937829215803,0.9978081996424727,0.9944382821744944,0.9881850681622192,0.9890157242001459,0.9940824571772067,0.9921519083395847,0.9985850284999408,0.9943112901804615,0.9899515839019316,0.9950429619146625,0.9895811604506121,0.9926509550996414,0.9980378542103064,0.9958639026994303,0.9844240005939662,0.9922958687406596,0.9918739345128893,0.9983097901957049,0.9934971623119166,0.991933358341706,0.9897783967778404,0.9930124344495577,0.9919538792408875,0.9909336154911155,0.9934395097798945,0.9878685918585497,0.9941180272993282,0.9948877361564371,0.9940775633691928,0.991177759419194,0.9913243336237366,0.9942123544391551,0.9941850138605587,0.9808815676479783,0.99012229042871,0.9895622630205847,0.9942670321567519,0.9851086314840855,0.9914790147756948,0.9895601864981225,0.9865187055532643,0.990029769956238,0.9912583586043109,0.9891897601618073,0.9927275496094801
288,2889475000,0.9944631148776895,0.9895026058055127,0.9932126434233155,0.9873829452759225,0.9891941443647183,0.9903339940809499,0.9935256600860071,0.9914952893962202,0.9923305302564411,0.9926891600099306,0.9897235616913467,0.9895078973849695,0.9952417911628512,0.9894378146754713,0.9969712780449004,0.9904704032927089,0.990172969492647,0.9919820172989192,0.9896793189441133,0.9879124638049471,1.000792326269649,0.9915004924499325,0.992655078080085,0.9943570379314123,0.9963552837057418,0.9877858848533599,0.9900565011122069,0.9947827104906496,0.9851636617394656,0.9925246804430926,0.9920784593811531,0.9908243582253967,0.9912252974353601,0.9979723946060737,0.9948365514926174,0.994887900062092,0.9936244305760202,0.9897145203266747,0.9926160787525511,0.9934352280970364,0.9934966076325834,0.9831561822397268,0.9893330597815068,0.9901468876056677,0.9917512455515082,0.9961835367714355,0.9917550081268992,0.9891887152681724,0.995607469536725,0.9908995447640933
289,2889750000,0.9907117463455766,0.9898141932200942,0.9897874052463321,0.9987975517294319,0.995451133757187,0.9984822652572676,0.9927921879190619,0.9904653004921639,0.9871456477956192,1.000959346772125,0.9937029097387078,0.9901525027089983,0.9881332656355981,0.9900347006366493,0.9972203469405834,0.9914837113727094,0.9951436592184436,0.9940229159987352,0.9901889389853719,0.9925130056168626,0.986306903946176,0.983251929697683,0.9994559313592233,0.9854254740133237,0.9896621525704657,0.9921644134933226,0.9916896147801293,0.9998236410642879,0.9895629776447422,0.993902695529613,0.996999109520846,0.9925623185379697,0.9931712355092817,0.9971228396083933,0.9953095165429655,0.987293306556944,0.9842127452988004,0.9881582983798334,0.9880777821776682,0.9831513037601045,0.992846991544559,0.9854599729494451,0.9912876766561969,0.9919577355093789,0.9934372061944405,0.9975859220672382,0.9953249151439203,0.9855815669684199,0.9873388915167174,0.9921044429667986
290,2890025000,0.9958703540120748,0.9881609441753885,0.9995571170909529,0.9941065629771848,0.9945994744845074,1.001025829856019,0.9923484245290703,0.9914046013457718,0.9915858581212454,0.9927168444820023,0.9897559751615317,0.9961809373358441,0.9883340045670503,0.988119106137107,0.9916026558412906,0.9886371640352893,0.9924665834963864,0.990243197264027,0.9905036825329135,1.0023612400160657,0.9914116461990039,0.9952511010240492,0.9848661790869244,0.9872743853386216,0.9973253288805488,0.9820725115163308,0.9846600383032308,0.9919816577014289,0.994335606995089,0.9926939025437115,0.997296455450328,0.9919356497686946,0.9872116373120371,0.9888133583218691,0.9917766883403242,0.9939664474613447,0.989971801056156,0.9892676273550545,0.9864476795743194,0.9844322255052855,0.9898857268892304,0.9922810477403683,0.9925087465397414,0.9831795188544462,0.9875832472275508,0.9952161339650195,0.9936955980936066,0.9919640222012505,1.0004480572534509,0.9948455271818158
291,2890300000,0.9930769294149993,0.9920434543061885,0.9866046165328934,0.9882939658728397,0.987748530921334,0.992471605734427,0.9928496485433631,0.9903827259177268,0.9943734827053711,0.9917897729211462,0.9979215376719075,0.9956106319347682,0.9981063163288322,0.9927038273544174,0.9892746994658772,0.9941921821349033,0.996456391493844,0.9953804729202629,0.9884520419897425,0.9894720988715625,0.9925668792398575,0.9969608492073148,0.9874880762550186,0.9943236724518548,0.994142211558028,0.9909790531918714,0.9859520502659515,0.9900029258859386,0.9915283171879528,0.9897712800369407,0.9952197226050026,0.99268952135133,0.9919133130656158,0.9847041252795923,0.9955085826067261,0.9898557453517578,0.9886571323616636,0.994951888285733,0.9932326538905428,0.9918732285738422,0.997572361470043,0.9899571161264551,0.9925047599172806,0.9832251830604595,0.9868242854040229,0.9884096824641834,0.9962082433239272,0.9884801661237853,0.9906425584732854,0.996918771868649
292,2890575000,0.9939087977105212,0.9910340841551897,0.9887445063514008,0.9898805573732571,0.9972066538946405,0.9861135702831418,0.9869279941035994,0.9926862137424177,0.9915033840730474,0.9956192584367946,0.988128656061233,0.9958023339215383,0.9979070049473527,0.9915909955008586,0.9938714732061332,0.9953660492033318,0.9889765972565496,0.9946844588274928,0.9937023903049754,0.9888893768281352,0.9886039178231814,0.9914125906457684,0.994358354861035,0.9924680489021867,0.9819768995181399,0.9934239343633282,0.9935837441460332,0.9982856655116961,0.9882818107433309,0.9944291672038933,0.9876146217637728,0.9884064883429768,0.9942744824694335,0.9921840784149509,0.9908138376642254,0.9926389207484397,0.9964934867392005,0.991898395547095,0.9921580464554383,0.9887177266567766,0.9930530100180315,0.9868764706758353,0.9952311604295486,0.9887303774101663,0.9875394318347653,0.9936043229457165,0.9899346205129409,0.9925376603467835,0.9910318872714827,0.9873465918574383
293,2890850000,0.9957196013658757,0.9955524422260792,0.9891622697980078,0.9926841513454836,0.990473819760903,0.9921580244492566,0.9899215764870575,0.9932655023934155,0.9839423712458919,0.9984494233895274,0.9993395421158354,0.9914677544965079,0.9926660981076695,0.992684581606956,0.9885264130921682,0.9924399740092381,0.9927097517729073,0.9946645424037017,0.9886684168764914,0.9945148842880225,0.9940166799588961,0.9837569487570886,1.0003221967354552,0.9894612038778597,0.9875638764704924,0.9872661943600735,0.9884525285051107,0.9882536980819234,0.9934631546201508,0.9939856688612371,1.0011064288281648,0.9972381832096304,0.9954007479089709,0.995154105226312,0.9963546045231705,0.9817334997398481,0.9965169103085423,0.992584495200228,0.9850115407787694,0.9956505589113003,0.9898286594271833,0.9912003028875184,0.9912503016032296,0.9944019032309989,0.9897003009337695,0.990085215124387,0.9906359091141941,0.9871112702898378,0.9874235133747283,0.9905845640191568
294,2891125000,0.9925731208716568,0.9905219868621501,0.9938494050356712,0.99052739557084,0.99089613348757,0.9891448174005939,0.9960416375542916,0.9909654696101384,0.9933501846526019,0.9957350235897672,0.991268608575497,0.9938266194880591,0.9927426382299873,0.990674703344312,0.9930234662499745,0.9946718905886526,0.9886574509553607,0.9909338105823402,0.9885140918479562,0.9860476993006564,0.9864724633549093,0.9896215775035564,0.9953391567086782,0.993625555979257,0.9924816099445567,0.992077702183441,0.9880898488559952,0.9972496419623903,0.9961057293136845,0.9987642089514832,0.9896878238011343,0.9919346300626991,0.9914281341368316,0.9861490474336441,0.9965213513646652,0.9902116184090927,0.9929425087277146,0.9948211556992603,0.9895631725530275,0.9930684120005864,0.9928231723518417,0.9912847659670075,0.990540075244401,0.9956448288593582,0.9921746871519156,0.9986576777278681,0.993147740314293,0.9891426965273432,0.9882869464774227,0.9873383829009323
295,2891400000,0.9879020875295876,0.9872569834239505,1.0006928605702194,0.9919176678521973,0.9955506223417606,0.9961607785305332,0.9973123451371226,0.9908227789224956,0.9912622049960694,0.9842200451359695,0.9890497135749298,0.9881878960478089,0.9966122135045646,0.997064000502906,0.9921617131880496,0.9886528059373257,0.9992398578215771,0.9906497075303796,0.9983710135215448,0.9971091039524674,0.9884806448973729,0.9889712158967875,0.999134430621305,0.9984576237765148,0.9881854073290424,0.9929383003123275,0.9967670165056037,1.0007541900326826,0.9900933683045702,0.9871754008955281,0.9865020345006352,0.9820058268963403,0.9948744955672383,0.9924598796708288,0.9871651280344179,0.9869696358253607,0.9900933814258193,0.9938431004604212,0.9907064784263065,0.9907082731837761,0.9929467310442288,0.9930054394005315,0.9900631373500476,0.9891117621800074,0.991731736375693,0.9924806764858324,0.985795403355171,0.9945410084733516,0.9963352560044144,0.9861498376000835
296,2891675000,0.998279635615944,0.9912079907278555,0.9899302876226387,0.9962907385291938,0.9930246692646384,0.9903397784857391,0.987684857235258,0.9905842798417959,0.9917950217010478,0.996937906669412,0.9895610071965398,0.9929161665378214,1.000022861083665,0.9911816602204744,0.995859835988614,0.9955397628227819,0.9877580670072654,0.9944578099605862,0.9935913087342418,0.9892782054607216,0.9907783641071346,0.9864340462344298,0.9932656270827798,0.992648111552583,0.9943301670341923,0.991742137154789,0.9934876400886166,0.9912731102285055,1.001467962902652,0.9984296227877436,0.9983372671647385,0.9910097828960382,0.9909220049340154,0.9907304333007997,0.9920238564374935,0.996988154055883,0.9914655923454863,0.9946493314846111,0.9952274585777278,0.9959280364560262,0.9857392070523151,1.0010066093228347,0.9936792116627697,0.9935848982353347,0.990175631491904,0.9957994873749604,0.9956687755314997,0.9944218093125611,0.9955666313847374,0.9959182461547037
297,2891950000,0.9963936451214054,0.9961957987597729,0.982272579583453,0.9950487914827509,0.9949379444349635,0.9896364924564686,0.986927453668862,0.9957762248376224,0.9963274056141842,0.9859312828780016,0.9927860453043005,0.9929933434508182,0.9996766902586802,1.0007667663103323,0.990189357357701,0.9940823202381271,0.9935378061681416,0.9876788085716911,0.9929049141309704,0.9839121438299453,0.9896173570499611,0.9994659451817195,0.9890130927527452,0.9911659072679431,0.9931517160389111,0.9878950009594524,0.9932772426166926,0.983712147004325,0.9914111433911665,0.9984647091213736,0.9906471317732339,0.9955309162210689,0.9945020753971011,0.9989830394584229,0.9972301035683271,0.9917126676520794,0.9900591126018823,0.992154035564356,0.990358622881468,0.9919026077247961,0.9966525720440115,0.9860358930390769,1.001073777252224,0.9923482400860625,0.9943559375959562,0.9939312144025653,0.9872636593247989,0.9927798521845634,0.9884609794832128,0.9912041306096612
298,2892225000,0.9910188946855462,0.9935535226472806,0.9931256349069901,0.9955860987349111,1.0014166567529195,0.9971279854151687,0.9916717209245308,0.9929917976947513,0.9946393349015724,0.9929677469650557,0.9951553344695429,0.9926109777034191,0.9945702077240548,0.9891942577224306,0.9919778179280532,0.9950989882079248,0.9963263489029638,0.9828280924758136,0.995571143695112,0.9891008956334941,0.9911520151086977,0.992903000091557,0.9923585622882408,0.9996644537600262,0.9912997132361963,0.9906718853213012,0.992617569247224,0.9943818098660503,0.9891594729471015,0.9930794843900301,0.9963774836540132,0.9971304446522048,0.9924265448572428,0.9979686657001027,0.9982869753478014,0.9984445409564455,0.9918409981138944,0.9897700493827903,0.9937224874357842,0.9934804212244336,0.9925422639128598,0.9909051105815333,0.9954566399973839,0.9938698570465011,0.9866398309085056,0.9912270203244795,0.9975214187930793,0.9944005388119711,0.9947644096056846,0.9947211821697703
299,2892500000,0.9936025596322241,0.9961647237824245,0.9880019334214787,0.9995602869608333,0.9957436657523412,0.995940071610039,0.9905422081874626,0.9944012812460666,0.996208722108504,0.9881575399394701,0.992410094440463,0.995816575191946,0.9904603676270657,0.9962301432499399,0.9854108961062512,0.9949739759580732,0.9981929367764646,0.9935405542584071,0.9929592032346701,0.9873792038050495,0.9948487804531934,0.9928474742727913,0.9927957029611779,0.9968412071456001,0.9951843163092977,0.9919506410181568,0.9881489192998397,0.9934459426617027,0.9927468523826775,0.9973374996821022,0.9946115625934435,0.9990394089636874,0.9979787763587293,0.9989525428380894,0.9954022844118098,0.9856816517742428,0.9958771281286892,0.9873528435942432,0.9959816809674394,0.9968724440833291,0.9983926285555859,0.9990880281373989,0.992002619671989,0.9961660929154099,0.9975470761469416,0.9940693964083526,0.996746468621014,0.9940681075626775,0.9882766143055767,0.9959755577682804
300,2892775000,1.0025090302306696,0.9936477438693314,0.9925978194379024,0.9967372585505864,0.9975078668963767,0.9852450405682911,0.9922105188714893,0.9860371248357741,1.0035801007888179,0.9914263698710029,0.9926180988720791,0.9934416521261403,0.9892151115875052,0.9917382915149484,0.9940642269948337,0.9904642007310601,0.9894556481905049,0.9908910966310545,0.9943486929649786,0.9890332885005693,0.9933069342995315,0.9849930905920654,0.9971207123128828,0.9986020766271586,0.9964798765162028,0.9914400810451179,0.9917796342172223,0.9872127777470442,0.9917896180147444,0.9933383825854208,0.9992733429343279,0.985437729880902,0.9868917346113473,0.9897354604726551,0.9976639945298834,0.9903612487345043,0.994695136404804,0.9900562349985658,0.9946465573331241,0.9968014296800003,0.9940675662828635,0.9926907494295707,0.9873384831143258,0.9955586584361302,0.9966416910506718,0.987004767021515,0.9933276087898935,0.9918658929066659,0.9900541363615433,0.989789222420537
301,2893050000,1.002027398991289,0.9889058180728483,0.9997089841155825,0.9957503678629256,0.9882324498319602,0.991850130696929,0.9917597028115618,0.9927267051313,0.9972256904167845,0.992722678177806,0.9922238494583959,0.992717705499446,0.9962825844035231,0.9989049687544945,0.9942160981434464,0.9948046286101839,0.9969445582598108,0.9984159012867454,0.9876667345568262,0.9917064588225863,0.9872317996025923,0.9954929057638976,0.9988438151981663,0.9936142439110318,0.9862717650577817,0.9928411174083374,0.9973972578987838,0.9927697773295884,0.9900512467688218,0.9922787730105578,0.9918040602447973,0.9919168523782369,0.9980280137270982,0.9931134579543681,0.9894378908396043,0.9959197142016268,0.9972630324374357,0.9890077421962264,0.997606488944687,0.992124786302438,0.9958229016974816,0.9893772661656863,0.992645831843703,0.9985894385418327,0.9991409983509421,0.985072517960347,0.9919772603527943,0.9886229668396832,0.9991136104551667,0.9957254625559931
302,2893325000,0.9931460129191088,0.9951705952374386,0.9941066890853905,0.9902455969880744,0.987848166947235,0.9980617644503561,0.9939863688290824,0.9935036743172031,0.9932569716299258,1.0015307131718387,0.9908325174658228,0.9889364777072285,0.992583725097374,0.9921374934921701,0.9945082644239529,0.9928341381193203,0.9924061865207897,1.0017573147820586,0.991092449480408,0.9965843130748355,0.9946261829443793,0.9956358569568229,0.9962870641387743,0.9909532247857217,0.9929538790021173,0.9946972300641447,0.9959166993585702,0.9948041487919163,0.9942795044415641,0.9916945456262968,0.9955909142644589,0.990069636216844,0.9923766257614758,0.9974017717671051,0.9944353419622589,0.9901539672254177,0.9934691970105858,0.9948281026712377,0.9948416300188244,0.9989153589362895,0.9939799337121361,0.9983166831037134,0.9956245437928187,0.9919861456787492,0.9918441656788133,0.9890574613318293,0.9998078268688465,0.993248624674173,0.9988264732708592,0.9845832172677591
303,2893600000,0.9968235267676564,0.9899362124637829,0.9912873471130675,0.9979684352889042,0.996836264706729,0.9907355741398056,0.998610914209494,0.9900392493414043,0.9942345536278144,0.9994880658878466,0.9883583759913108,0.9892629592441778,0.9912390936706641,0.9914724584231613,0.993341293415672,0.9996602385520902,0.9973403888657235,0.9907437439768676,0.9969761984408902,0.9964718476153871,0.9911557125423407,0.9933475594050037,0.9902359596026853,0.9963600349932438,0.9940060675246318,1.0009256716667505,0.9952753861853921,0.9889579580712696,0.9938792819215188,0.9916718468272343,0.9939145980447567,0.9994962792431255,0.9918336056781734,1.0012750488592015,0.993261925533036,0.9914302225161155,0.9950283573803631,0.9944565502248947,0.992727827832779,0.9911982002074694,0.9917605517757921,0.9937862303092194,1.0025394180090539,0.9981407105051648,0.9975353214312622,0.9971800149965394,0.9977345299681237,0.9979197813828042,0.9937587318491369,0.9863958086667629
304,2893875000,0.9954852298263509,0.9990253394686283,0.9914939497860932,0.9912726460823942,0.9915773065980427,0.9947417077821232,0.9936321009743071,0.9926664749575453,0.9934929470249705,0.9930126607757956,0.9973794483314039,0.9938241982277712,0.9971616773461095,0.9951758482347932,0.9965698080526384,0.9923231569575146,0.9916799579837612,0.9971705090596256,1.0001536503056903,1.0010431075727368,1.002102668783745,0.994303261478185,1.000170571640271,0.9922463275744092,0.990030511366998,0.9916651413799009,0.992732996187703,0.996978684351662,0.9899236782529238,1.0023615883929915,0.9951573792889044,0.9963937044281661,0.9934675173934779,0.9909717104032275,0.9927863364199414,0.9928522492823786,0.9971452714797189,0.9924865568975008,0.9991856828613271,0.9958446237742099,0.9929162149136085,0.9946165021560093,0.9900540292320485,0.9874529092100249,0.9937659433216939,0.9986266770983495,0.9972139515802827,0.9859012136671871,0.9879486841004522,1.0003229304679697
305,2894150000,0.9919518390067946,0.9958725608661776,0.9976287701914915,0.9955025609331327,1.0010476054127766,1.0003426892082106,0.9983855656358727,0.9997617800240234,0.9938212250019223,0.9946595991360997,0.9922984413333312,1.0001658742671666,0.9944372454859159,0.9970881844510557,0.9941898327575646,1.0015329834707407,0.9941834547091855,1.0006682764548838,0.9974609236241596,0.9946487732465877,0.9929371069536063,0.9930001523636174,0.9902585592192159,0.9910254397524226,0.9877179328952864,0.988124973044634,0.9887479907509716,0.9947826065965955,0.9880197238883227,0.993920309795788,0.9916903886764351,0.9927601976034609,0.9966401681944719,0.9871222203261976,0.9954015310373383,0.9926339230951423,0.9945325579243885,0.9889188332298328,1.0004455797342202,0.9958004904935596,0.9964903122252162,0.9940981596051898,0.9952703640399015,1.0004786095674056,0.9916381823667548,0.9867360693371436,1.001592474729455,0.9942073560357082,0.9928120010699195,0.9920893379012733
306,2894425000,0.9953513707035725,0.9962761642928623,0.9921569811394372,0.9911331038821396,0.9939472667201312,0.9860098071950539,0.9955387991037594,1.0023131986325289,0.9944611193199981,0.9985293477198957,0.9892880256397462,0.9990381973524626,0.9974674649168956,0.9950879761824776,0.9931045808222806,0.9960311628927007,0.9997417512884879,0.9989765537824751,0.9954813973489064,0.9991607506980421,1.0030578344784973,0.9968934120457431,0.9948755215555123,1.0010251253355802,0.9934589447467831,0.9943395593652385,0.9931899751881381,0.9893502240189676,0.9923852924778922,0.9939803376681565,0.9962911630913905,0.9951369424822276,0.9952959419248776,0.9957886160392184,0.9947525304831643,0.990115378245509,0.99605128491955,0.9985323929296264,0.9997027479537859,0.9959256795457136,0.9919762537124226,0.9914243683050874,0.9878285393496296,0.9893173902178511,0.9967569107058336,0.9940093453383931,0.9937007757171953,1.001385085171679,0.9991526141845828,0.9969931718094753
307,2894700000,0.9940627792230498,0.9875132383696239,0.9916208598671082,0.9942120159324729,0.9896115913096921,0.9914231949552016,0.99553672422129,0.9819624584271279,0.9979172961020661,0.9900676916485804,0.9902043196261447,0.9884308706821038,0.993136928328156,0.9949832850944447,1.000544265750636,0.9939079015137094,0.9978500139445602,0.9852822479022567,0.9924904123761488,0.9902853325909299,1.0017133538024963,0.9958146204342142,0.992664936636002,0.984916503806851,0.9963681363714993,0.9978570627111436,0.9993129577191023,1.0019598432218177,0.9988168350384535,1.0016572270293163,0.9949995423632697,0.990692158523276,0.9974872289614286,0.9969392068655789,0.9979929487055679,0.9974423503836438,1.0006741603000087,0.9961941551966113,1.0041987002571575,0.9922983238900178,0.9967500395898918,0.9920285576138338,0.9982371891012717,1.0003505811265248,0.9886306423024985,0.9963162518068592,0.9894890820042853,0.9943524914622565,0.9909900741957788,0.9947247591700109
308,2894975000,0.9908487259349986,0.9965872084245622,0.9963627191353407,0.998292375027698,0.9999936063055551,0.9962782407625258,0.9921605332117601,0.9897079661677857,0.9923295983209467,0.994933757185859,0.9976580323519328,0.9981312321905085,0.9905980276891542,0.993939793395671,0.9979528194289706,0.9953865936852097,0.9912869119278933,0.9928833344140197,0.9941891342130418,0.993631808041345,0.9920019158585932,0.9985425991435477,0.9985735984620308,0.9923592938407316,0.9928755488011487,0.9982387632984078,0.9924614093998688,0.9943470513406043,0.997024733211473,0.9920368949243196,0.9955364355482954,1.0010842999115692,0.9883457555088204,0.9958874822458456,0.9931666818945828,0.991160340257939,0.9896624978883303,0.99361796789437,0.9974044603674994,0.9966547724270983,0.9952390541130323,0.9936706578495773,0.9998244997025292,0.9930705672405149,1.0009032426030753,0.9965851667923471,0.9943077418549723,0.9993334979839396,0.9959423879288288,0.987059575143314
309,2895250000,0.9885821871745266,0.9948763129401503,0.9947042530938025,0.99636657450708,0.9970346595393864,0.991048688727607,1.0004489613804797,0.9977805731464375,0.9927412183716936,0.9983856347111704,0.9996821128745894,0.9922817671429985,0.9988124004219505,0.9972400746881382,0.9948381254073401,1.000126200937923,0.9938609692445677,0.9986689113937148,0.999052444771121,0.9999340656174387,0.9933711739660205,0.9892859796995539,0.9929695983901661,0.9983988863570534,0.9949837246377455,0.9932386032186644,1.0006394725960426,0.9953898064372314,0.9935667524424262,0.9901611296708014,0.9953605366663858,0.99662829390046,0.9955524558155986,0.9901961383612496,0.9924158542494593,0.9994076229547998,0.9966404970932627,0.9871433343938864,0.9965219694595864,0.9962973683132504,0.9979117368312159,0.9971097310182735,0.9942847260700235,1.000613348359739,0.9989420237624705,0.9938577631805403,0.9916343722929434,1.0020402592151911,0.9927604799685953,0.991369091591578
310,2895525000,0.9949375270982063,0.9998601468865658,0.9862280127283377,0.9910798874022925,0.9959614720815239,0.9959170809776938,0.9965787533845619,0.9938176604010754,0.9951564386007926,0.9967653910749417,0.9902080344497415,0.9864232691859948,0.9965051366372798,0.9919405215231135,0.9944808722649692,0.9978855752911597,1.003816938088905,0.99298784503144,0.9924101920285056,0.9955233332402051,1.000625824130443,0.9965229762878524,1.0037815741467127,0.9992596933734664,0.9941755678626107,0.9928578222983663,0.9937197205050716,1.0005294823398758,0.9956977753526396,0.997302406906871,0.9950502967865873,0.9999322980404228,0.9908973856435608,0.9962890492494565,0.9945603454101927,0.9954905322565728,0.9917226442404136,0.988259491552013,0.9950235407121732,0.9913626477603159,0.9992823405021166,0.9941944820873257,0.9918088948386431,0.9932942836865666,0.9934737932521422,1.0010779004302237,0.9966208402113433,0.9876596152720886,0.9956760141289004,0.9914479091165956
311,2895800000,0.9944868885002148,0.9979855480771684,1.0028781170643701,0.9975568144751991,0.9967747398751278,0.9946089276164205,0.9898599576674347,0.996501440705532,0.9961586453431146,0.9974534352122651,0.9957098630426332,0.9935408347498345,0.9976492692294806,1.0073422709522144,1.0002909966635727,0.9971556347293544,0.9936441575294976,0.996381748216277,0.9949588260613401,1.0006211072379658,0.998750140419836,0.9898907907827339,0.9935235670029479,0.9909366392026543,0.9974790358368578,0.9998491855979912,0.9907223129500967,0.9967466173358672,0.9942743034155701,1.003716500749849,1.0012820677861043,0.9972757117748386,0.9903360166974401,1.000745605977084,0.9912301590153271,0.9933806088651954,0.9962138850759908,0.9899476758343843,0.988224623149145,0.9917283870888135,0.9983641006647003,0.9954248152375547,0.9991652317868528,0.9886168073353317,0.9992864064472572,0.990650281380819,0.9986766288884111,0.992016845972018,0.9990857410293704,0.9934037342052238
312,2896075000,0.9979367206520909,0.9879681284733921,0.9923059695683613,0.9964250245177247,0.9934285611125568,1.0052536695000516,1.0010835315765656,0.9992902424084682,0.9911864088669722,1.0017236491014456,0.9862212996945631,1.001890347506314,0.9911740183424302,0.9945581976999449,0.9932394546900731,1.0009425041345714,0.9986315302566646,0.9927497781698268,0.9910462068398468,0.9897155299868681,1.0037862375082027,0.9966721001969847,0.9947074334434436,1.0007460006479183,0.9958526984598833,0.9950214842074446,0.9945119929580684,0.9942481434530694,0.9960852298931382,0.9985293432761926,0.9977025985268504,1.0007764093491827,1.0000876868877906,0.9923871624678418,0.9908459866797981,1.000695647130309,0.9892657916448933,0.9932186696383989,0.9960746904840505,0.9941163765985085,0.9976136028526934,0.9961471071832585,0.9957686964297393,1.0005311147607774,0.9924854279912139,0.9971503783092551,0.9948774261290849,0.9955606119432853,0.9967817231569935,0.9975697387810522
313,2896350000,0.9960494725476909,0.9945109962978405,0.9957347467611546,0.996024595052281,0.9917926219558124,0.991619358548018,0.9901250667667008,0.9928450954778705,0.9957139308993026,0.9967951534368645,0.994582516332509,0.999095188405249,0.9938399440926211,0.9947983189924614,0.9986286835690825,0.993322505460001,0.9918931127733669,0.993207522454427,0.9967321905195834,1.0041974187426204,0.998901339778535,0.9928534705446465,0.9909187679990632,1.0021922926241698,1.0005408238669586,0.9968786224085441,0.9940747428527481,1.0004169275468588,0.9949498705528834,1.0044438922078494,0.9978945199176867,0.9987108675758012,0.9985227970764338,1.0003630701944475,1.0014815339858438,0.9945258933858171,0.9989522253199906,0.9994141859394068,0.9964279362748169,0.9961413905624679,0.9998331906057761,0.9955719673306915,0.9930153939711618,0.9896223831824495,0.9925221304969469,0.9916105627833369,0.9969236823427616,0.9881536174214253,0.988145893484404,0.9978228792953199
314,2896625000,0.9931059345668121,0.9975195052432982,0.9937436094057761,0.9925812967355481,0.9932822026129793,0.9887005585903009,0.9947822056841815,0.9918056358804184,1.0004475426523447,0.9931073929659576,0.9952681916805268,0.9986579291553632,0.9987023463190754,0.9919022041426604,0.9924901918542139,0.9963960755954998,1.0029773837826421,0.999325173298116,0.9901782873282828,0.9945137471701613,0.9956819729071955,0.9957366145126223,0.99920399269477,1.0045772029471827,0.9942921050616748,1.0018108869044084,1.0014768388987927,0.9980642326604553,0.9930750197070742,1.0005434260765615,1.0009783979952505,0.9942264141181347,0.9916506360143644,0.9966586743320555,0.9967449776321048,0.9971127675968394,0.9902832871753479,0.9926875019785603,0.9876908432056025,0.9960545283350948,1.0007037538805996,0.9975506842113256,1.0000034512804168,0.9911288245688138,0.9955118449498819,0.9914096830009639,0.9938482781926777,0.9923871208092729,0.9998895428993337,1.001365593399368
315,2896900000,0.9940383589092815,0.998921156515243,0.9995373238407258,0.9996771985695161,0.9963198906418007,0.9976640540738898,0.9965500718213721,0.9999927126918136,0.9970044830588095,1.0011500411509766,0.9964191835428677,0.9952018123393994,0.9964710472730928,0.9943665767031981,1.0025593160653157,0.9991247305284313,0.9957809159298523,0.9946753377696339,0.9931219317318603,0.9939014820228491,0.9996356638774457,0.9938253915421679,0.9885923320202293,0.988464646647806,0.9911889481587186,0.9985050218463103,0.9978205233963328,0.9917611874180349,1.000334996026223,0.9977272256015945,0.9973462998657561,0.999708339162307,0.994076699950714,0.99384111822903,0.9996081028270298,0.9953473763402213,0.993215208375414,0.9971655714687335,0.9960140391166294,1.0020770810054962,0.9948969536038937,0.9972260803330215,0.9964310486596677,0.999331038474464,0.991525625851388,1.0027508193886625,0.9938043603792306,0.9956974908978976,0.9912729363471076,0.9987898305023328
316,2897175000,1.0022115865578989,0.9937149542331158,0.9916828442603585,1.0020250585723338,0.9956686308671219,0.9947014615983854,0.9957751750940131,0.9908967878811712,0.9883857377383793,0.9991436699681109,0.9950166706231319,0.9954660706602309,0.9986105632899156,0.9932108170626017,0.9999057257829228,0.9947805973535958,0.9965951294463327,0.9980959770778033,0.9945336170643811,0.993483570496052,0.9933618892451495,0.9953232766154032,0.9946211074348461,0.9945539049429413,0.9875770225392627,0.9991647732463891,0.9963209839986401,0.9992242779808042,0.99876665050022,0.9900044109081004,0.9876576919040453,0.9987823180490115,0.9952344155672923,0.986860373235904,0.9979230454787682,0.9921064510462588,0.9985435946313003,1.005076563258666,0.9913836627316184,0.9950695145813491,0.9962211162608924,0.9898868432996285,0.9928903651647362,0.9986485135678576,0.9984216314304182,1.0018101564184414,0.992205160829439,1.0030333322301759,0.9931110309366662,0.9985891579882332
317,2897450000,0.9915439178339044,0.9985007142615514,0.9986128978489126,0.996429562661439,0.9946978194794086,0.9986898623802579,0.995152650227594,0.9910585377445594,1.0004285913461743,0.9962298245560115,0.9958065691612845,0.9967088379936094,0.9990595379833778,0.9958269091357159,0.9973626571351372,0.9907155553095517,0.9915306518490741,0.9996299820559209,0.9984279282472194,1.0026622976003932,0.9970798894116812,0.993602342319404,0.9945530548978305,1.0012143967808915,0.9933878385931145,0.9920781188222708,1.002079135893066,1.0020671420034772,0.9950925843940613,0.9905122508225765,0.9992154195321179,0.9973076517864584,0.9995664978161134,0.9972879613020802,0.992546746080441,0.9975662530642876,0.9915144519732247,0.9933734185952952,1.0018080908206415,0.9941356079987784,0.9985527181410796,1.0003199190446341,0.9988010716712297,0.9864267111664297,0.9919576222447147,0.995739051316954,0.9966173429202833,0.9866712289931464,0.9985247890583046,0.9929821538623138
318,2897725000,0.9935486124729899,0.9990152963042277,0.9948064547635254,0.9961478412505118,0.9969729413412232,0.9968486085037939,0.9998520659236746,0.9939923764576021,0.9975134095530234,1.0033790384232912,0.9883588631250083,0.9948912598518088,0.9965480417891316,0.9950913388907447,0.9977820829552383,0.9980042356153941,1.007792248529903,0.9991522585045948,0.9969309006320058,0.9948735713926976,0.9980959713386891,0.9939900904507445,0.9927091362723373,1.00479304613872,0.9966157627785062,0.9918505437603389,0.9994297671193358,0.9943832252754199,1.000292203940034,0.9961295352707169,0.9992547932381773,0.9926114877791952,0.9984300208430497,0.9988068851316654,0.9985431527244112,0.9939021050554276,0.9930656334212802,0.9973776716595385,0.9952744932325717,1.0012622220668705,0.9944800459721128,0.9919182109997678,1.0018497628501142,1.0018243266983162,1.0047751141107313,0.9926898407713084,0.9952375920551499,0.9911803339954874,0.998018209122775,0.9936510643033674
319,2898000000,0.9983312458049025,0.9929367749475335,0.997723332536775,1.0016281603605575,0.9958769629913383,0.9980816398783158,0.992269123299707,0.9932688562304133,0.9949853786228637,0.994099060105323,0.9944310672670335,1.0013860921376072,0.9999328377838749,0.9877575491882544,0.9958233727853262,1.000851225421392,1.0022252764864699,0.9934662803784797,0.9950654988898247,0.9992507791605387,0.9938668937464326,0.9963567901062154,0.9932374905719628,0.9977985530931409,0.996586156613271,0.9956478625525039,1.0009712775958624,1.0000622309174212,0.9920427201728526,1.001942201051194,0.995530884627509,0.998336890495665,0.9950841799349253,1.0013219571276655,1.0060454343320122,0.9945866049890566,1.001155065095864,0.990822560102467,0.9925721070512108,1.001263805697269,0.9976548304342496,0.9961043694604146,1.0043964854799712,0.9964415958349949,0.9948000488641054,0.9932070497753368,0.9979359098820699,0.9974048852507504,0.9948191314406637,0.9991263383869783
320,2898275000,1.0046507999473586,0.9921683475931204,0.9988249574139242,1.0004941206196305,0.9920021412628987,1.0003270446843076,0.9957738419875903,0.9877937710492213,0.994225715866257,0.9994613985601707,0.9954340925283602,0.9959721930529055,0.995088310212817,0.9973297203001762,0.9974309267071081,0.9989971337253083,0.999814448473093,0.9922521989348644,0.9980310750787155,1.0000385721242102,0.9943100951612308,0.9912321640733134,0.9920604070199512,0.9892476469014846,0.9969900312986403,0.9923399844923553,1.0024124786812867,0.9988881989837195,1.0024122748777267,1.0039629919066162,0.9943474928259969,0.9943387714418179,0.9983851322528191,0.9964256326255841,0.9924343123676673,0.9935034852739906,0.9980853068881257,0.9959261782182502,0.9953712649445635,0.9973996236351803,0.995706328682143,0.9987055436286999,0.9970226077636981,0.9972078423594763,0.9959727565121476,0.9919507160600396,0.9956964234727292,1.0012571243696926,0.9950844218265993,1.0011882078087595
321,2898550000,0.9941124860693581,0.9982234717334623,0.9982549282005891,1.0006228199393503,0.9991808376918035,0.9924357429520368,0.9908160895362715,0.9942343924459279,0.9951086702671813,0.9983699701816157,0.9975518869888513,0.9995294374704159,0.9951423065344162,0.9977329133883739,1.0012553640686963,0.9898084095637002,0.9942117458396786,0.9963665800426263,1.0036107170582653,0.9989366153347528,0.9961004889245803,0.9920690615035187,0.9949891673150661,0.9982351310237145,0.9936333635527976,0.9954510903654308,0.9910410435224555,1.0000289147861523,0.9907044476510096,0.99832728309463,0.9886991670517555,0.999168139886184,0.9961108234752852,0.9981528355225838,0.9956157720563378,0.9994288055002893,1.0056676516930192,0.9964089773434859,0.9942314008748797,0.9968217268021411,0.9978322077812554,0.9956953775784873,1.0057926981518852,0.9930508065045537,0.9906352761311223,0.9991960033189907,0.9993231098627137,1.0009232768556513,1.0015726748337814,0.9974120036963519
322,2898825000,1.0033336410993874,0.9956846352845873,0.989988589452856,1.0002661929825476,0.9991517882160085,0.9938892104896326,1.0003691974843607,0.9996387702709907,0.9921373523860071,0.9971472821106561,0.9926340325572629,0.9902560659229486,0.9936629265111833,0.9921226604003953,0.9942379289900668,1.0038049945073562,0.998613741771629,1.0024334781403788,1.0025055157479317,0.9959716429186083,0.9917543794729273,0.9914974177408196,0.9947727327609565,0.9953492750946517,0.9875120134219029,0.9972021749474874,0.9964867714853216,0.9999542889173337,1.004561501757216,0.9934240882320406,1.0004786071079466,1.000811858283212,0.9979985893068571,0.9987429912481923,0.9955498787338015,0.9938800679900424,1.002927697520493,0.9974625428532014,0.9999576725610816,0.9940488223856092,0.9977879781375741,0.9985966064345495,0.995347066794585,0.9988564897304624,1.0028129324614572,0.9962373751072604,1.0045865341621074,1.0008167556119771,0.9978321334770571,0.9973210828521702
323,2899100000,0.9990037660275194,1.000735899344582,0.9887040402160653,0.994190794279711,0.9965256733013806,0.9994645664588382,0.9985454325474123,0.9913624052467278,0.9986751824007719,0.9927330883402298,0.9977290552910221,1.0018014677041573,0.9865116787699072,0.9946915122290173,0.9952374193059265,0.9944177885374138,0.9972861284777839,0.9948127573475436,1.0012397542772065,0.9927299334389093,0.9956505064538462,0.9961515789907143,1.005884086481835,1.000542550356314,0.9938559051197913,0.9951420660256598,1.000139979619743,0.9989259487590159,0.9921147463553823,1.000840551369582,0.9993192810222336,0.9989269936634094,0.9937714275538804,1.0033483432037729,0.9965312744277974,0.9928389156509431,0.9920874974884204,1.0001052574271674,1.0029822173525687,0.9946856106138354,0.990463692912962,1.0013693418584473,0.9983596885456757,1.0016460535050329,0.99504747806581,0.9927647462666276,0.9958041259563355,0.9930479342512278,0.9993208285139101,0.9975305049908594
324,2899375000,1.0002808643941552,0.9947791995999954,1.0008478015081064,1.0011679912531841,0.9999935544955345,0.9944101886262053,1.0005387005539055,1.000120822889078,1.0024281921561258,0.999167785190559,1.0007409791130208,0.9952389501956491,0.9958032528891015,0.9975773782353031,0.9959711475018915,0.999304051223002,1.002868404296068,0.9986523177408588,0.9973259677273073,0.9905959042598167,1.0029334111340416,1.0011326434772956,0.9991302340615149,1.0024584929367986,0.9935699931251133,0.9921111760179123,1.0022301914613725,0.9979862598219007,0.9977782028052397,0.9929799847835797,0.9944221554392317,0.9952561106776451,0.9968449882816567,0.9914540753133348,0.9975380270113074,0.9960578508048743,0.9978459731653212,0.9893154126098672,0.9949862574212761,0.9992839802428293,0.9984634781125603,0.9960509868931071,0.9958094970428475,0.9984947361151583,1.0017585054827258,0.9953759117010231,0.9898838629240553,1.000223043610178,0.9931090484322813,0.9951003125383079
325,2899650000,0.9958875126155816,1.0024892211803278,0.9966734129998553,0.9984668979130991,0.9988215610697738,0.9944487758768515,1.0001861134899235,0.9946346259323273,0.9957872238849662,0.9993916788196565,0.9956365981231904,1.003282618248791,0.9911801567250997,0.9990755982348044,0.9925929251101835,0.9917280435085767,0.9976331870474286,0.9941055228487643,1.0072594592214204,0.9924005785379578,1.000678059709257,1.0013830579228622,0.9985568689367669,0.9994965449854333,0.9938117836988469,0.994813067816527,0.9991563168821813,1.0015860900021254,1.0015099602030053,0.9996652218887486,0.9964370479203034,0.9969512826626225,0.9968368124836829,0.9934650506911978,1.006916700294074,0.999715088666647,0.9933194804407778,0.995863141152869,0.9971488252543939,0.9991111537255245,0.9949423050124825,0.9966638296803719,0.9982073398586877,0.9976238222681545,1.0001538338941962,0.9895820581154565,0.9955841409258928,0.9963261241439559,0.9944292413560583,1.0015451571535812
326,2899925000,0.9997936222298236,0.999527308864043,0.9924320988934635,0.9916485091266203,0.9951092820698328,0.9974379933798092,0.9959719157250211,0.9926002885257051,0.9922426290066695,0.9976725464595838,1.0034364102471622,0.998568105808398,1.0032862368547342,0.9953403516818584,0.9993820096599472,0.9947563345828095,1.0075303581097717,0.997991713481063,0.995591533681237,0.9978969561095541,0.9939059407419406,0.9951312953297468,0.9950695985246057,0.9970958045925001,0.994678680154753,0.996486353592465,1.0021973301248308,0.9958453605626296,0.9945537519403215,0.9975438169341506,0.9937335503587077,0.9966157559045256,0.9946412408559877,0.996206739132383,1.0026089671682372,0.992529700324207,1.0023371307399174,1.001651559776589,0.9931614095647472,1.0015814812036683,0.9975213975273203,0.9880725731004436,0.9934570580613671,1.000344152144873,1.0001189709584337,1.0054864466502809,0.9967504759172158,0.993817152424815,1.0037447824194032,0.9961459622397162
327,2900200000,0.9980039685497614,1.0000376481912847,0.9921719280048558,0.99527015460228,0.9931914964853846,0.9975507849520978,0.9975641002085202,0.998332179840334,0.9971147801834584,0.9957404308056529,0.9950518135187191,0.9999199316469354,0.992396011486871,0.9971985151227524,1.0029087949792355,0.999188268605375,0.9965470158533843,1.0025402922739892,0.9973040265733474,0.9937251652746167,1.000068712914418,1.0015499837465816,0.9937618524533967,0.9982824350821512,0.9982077766089476,0.9941537375630732,0.995565805136,0.9968390360100964,1.0030756420614402,1.0006228326761049,0.9910010343414604,1.000529537025813,0.9956037487858336,1.0025434921564274,0.9962873320641934,0.9987759194916592,0.9974518956157751,0.9951072653556821,0.9999964133460717,0.9927917857776565,0.9932635593013242,0.9942963058822005,1.001038980431611,1.0023112222657127,1.0020896105186787,0.9956805418285583,0.9924215663254968,0.9963361709301213,0.9951100211571688,0.9907901625366231
328,2900475000,1.000488368591879,0.992851848255726,0.9987146812671017,1.0038435332233604,0.9986177774608694,0.998709740753797,1.0023693647088667,0.9978442329950403,0.9904919037159806,1.0023594154388638,1.0007471296873132,0.9930811655329114,0.9976942812302172,0.9975911786907864,1.002010805394217,0.9971892849571186,1.0037226033239974,0.9983992961513133,1.0003673350119713,0.9929689716970788,0.9968594192009081,0.9945587771670152,0.9963369932003975,0.9933112726666434,1.003019154659444,0.9964230202259827,0.9981426432363999,0.99525565129481,0.9990133970294044,0.9989825400395295,0.9925332997946206,0.9968911555115497,0.9973036062302101,0.9914497831846689,0.9974948805691092,0.9968704296632669,0.9968120296497499,0.9955357362193776,1.0083508119273983,0.9976506290496251,0.9903838495855067,0.9958338216254962,0.9935799187881811,1.0005511569819792,1.0006473039912698,0.9997451441755696,0.9977432717877127,1.0045580984878333,0.9957198310864056,0.9973197127051419
329,2900750000,1.0019743686139917,0.9985668816568144,1.003297381534246,1.0025009891370966,1.0063889916856588,0.9937323197934214,0.9980488629065558,0.9958849595528522,0.995992817723944,0.9969107550643196,0.9955208565676883,0.9999479681283231,1.0011213729556128,0.9984132347271562,1.0013467943150298,0.9991492467392756,0.9992335599820926,1.00173991408324,0.9959305855769974,0.9937328237637747,0.9946563647619189,0.9990100314139972,0.9998524795281093,0.9999669800868305,0.9947181452563773,0.9942325203132735,0.996408253194186,0.9994155296815854,1.0034431063133058,0.9986798473328248,1.0035006235782484,1.001346997135013,0.9954755972029679,0.9982179560708991,0.9972232964333824,1.0011401503154966,1.0016411550804027,1.0022474317442718,0.9994783860389477,1.0016826109476178,0.9961312479212764,0.9990603054079708,1.0040563928302355,0.9961135662784389,0.995376382015017,0.9930635472713041,0.9952328631983487,0.998879342610833,1.0013973794524078,0.9982763924565664
330,2901025000,1.0013121407990442,0.9982703567057404,0.9972457393834812,0.9966413451353849,0.9983434827028783,1.0034181899551597,0.9932831676747045,1.0025473924450867,0.9915141374685833,1.0063896256356692,1.004809247061567,0.9987577830493432,0.9964848025992507,0.9945779375819936,0.9940610871481014,0.9967719331041967,0.9929385505839693,0.9960939351160308,1.001565373280328,1.0005268682636288,0.9976539503162318,0.9993556291030665,0.9998672237805108,0.9990450260817069,1.002732926128778,0.9934714963659894,0.9980682976494135,0.9937743654005257,1.0003668510159953,1.003601171510554,1.0050496449656316,0.993518319044729,0.999005566134147,0.9984923981337427,0.9901178315240438,0.9941291545105333,0.9946814048389195,0.9982533975744248,0.9942868670789528,0.9957079024542554,0.993336513548667,0.9972492482178826,1.0039012636165692,0.9956419606642688,0.9961442505357988,0.9955412420138845,0.9974487548943292,0.9998830269637592,1.0020005863381003,0.9957297465142618
331,2901300000,1.0035220333090287,0.9997421275267414,1.0002265577334077,0.9989674734045726,0.9963054761894213,0.9942261996748568,1.0007957719094691,0.993790590712454,0.9990889148209903,0.998227185256223,0.9995713118130856,0.9984632822415046,1.0006682575877475,0.9964314798403181,0.9942288534624497,1.0008078624371124,0.997890744036228,0.9949000555661965,0.9930220133016702,0.9923646133632291,0.9986403050764626,1.0006308380615871,0.9996986118345236,1.00884099347099,0.9980731265753459,0.9993396149358074,0.995534121366634,1.0054864655306952,0.993348955702632,0.996378092215235,1.0020526668041054,0.997190101984404,0.9957579414431205,1.0003149298506038,0.9935292310072795,0.9969968955955225,0.9973329682184264,0.9983476654307466,0.9967716682228012,0.9969227303273422,1.003509743538162,0.9897118212412108,0.99718779186497,0.9940285150462627,0.9991242437166219,1.0006832015526064,0.9895415319872133,1.005189115619537,0.9961910981595347,0.9934044968920492
332,2901575000,0.9961895814174487,0.9977847044526501,0.9951568132973184,0.9976106698130451,0.9985188777396504,0.9995971619602783,0.9903755540915948,0.994561995155835,0.9935624456830588,0.9958959092494741,0.9989453404606466,0.9979397550940649,0.9948945864529725,0.9971886019434413,0.9909927153988591,0.9874359048996517,0.9893596402434846,0.9966640750821312,0.9949965110772528,1.0037694220302755,0.9986482784974652,1.0038764127240405,0.9922320983385078,0.994550737014972,0.9956061926795766,0.9972686769365998,0.996186874687735,0.9962762198422489,0.9984641902420032,0.997185944306561,0.9974151246666338,0.9934505643681958,0.9910736568492687,0.9958396245405293,1.0026346683861245,0.9924186180640134,0.9955265384755092,0.9948408296704194,0.9958874218182311,1.0004661866574627,0.9988685800653399,0.9976525198113687,1.0029417147860666,0.9986126335085632,0.9987919349937137,1.0022015062242997,0.9949516247149446,1.0000643656959294,1.000607502291745,1.004792750621455
333,2901850000,0.9942192354012929,1.0044581609381,1.0024019454359745,1.0037138464702433,0.9984370246580155,1.0025838632394095,1.0028542983223634,0.9976880322666134,0.9946166431583282,0.9986524930788268,0.9982940360680566,0.9993711564778182,0.9986659456011479,0.9906634930186871,0.9967300491631652,1.0006315771406435,0.9996289459707014,0.9998021863638467,0.9945233071352594,1.0019806586742195,0.996261852272211,0.9935657532239826,0.9945197980229419,0.9925906348105052,0.9957067483723089,0.9940670157772749,0.996553983008114,1.0000924755202054,0.9899783352078483,0.9928367480658837,0.9948730438215235,0.9962489419605868,0.9962382932168051,1.0020321191661483,0.9967130757823685,0.9976980620395216,0.9985922258615769,0.9957648920816083,0.9929973278527993,1.0041931063538159,0.9993133262769132,1.005841116044017,1.0009789889505485,0.9996110688236984,0.9967470410948626,0.9961255845648299,0.9934438449095869,1.0011739643180977,0.9934814443438523,1.004795262329644
334,2902125000,0.987274131139886,0.9999899962454828,0.9901188822384485,0.9952361596629333,1.006046730840437,0.992480839499307,1.0056748253370305,0.9918051280982159,0.9969798953657895,0.9983041648412652,1.0006525194279812,0.9924376233126849,0.9947776567491757,1.0006737604957685,1.001436236287948,0.9935049799097174,0.9961971112056368,0.9963203183900815,1.0027003285864198,1.0003884137028025,0.9903381018843406,0.9944917158840131,1.0014071600224066,0.9932316766551553,1.0041134998805472,0.9931339917746219,0.9917910399265976,1.0036701479095074,0.9989170330060818,1.0001855315620491,0.9973877121909213,1.0006022461942796,0.9946473501419224,1.0027661566588548,0.9980709963436637,0.9986905746018268,1.0036727362412277,1.0002190100340616,0.9967146634971031,0.995666854284154,1.0042578393636479,1.0050127647259437,1.0027759486904322,0.990459631111203,0.9973773625667985,0.9932394624113853,0.9988854595593543,1.000034221486005,0.9956570165082022,0.9997578571143682
335,2902400000,0.9953328919837952,0.9988955209292877,0.9972297871752528,1.000159784631654,1.003396320067174,1.0008451671464824,0.999155155750404,0.9957179029747053,1.0048338561272103,1.0044389511689824,0.9877397442979989,1.0002603367347371,0.9918841060156977,0.9963898359742626,0.9980746084761141,0.9992119676361052,0.9986796730150695,0.9979674282467087,0.9924095951490821,0.9962850869903088,0.9997885282330784,0.9989490601046471,0.9944623710679568,0.9963118069398569,0.998126734611083,1.000398244980725,1.0029310794838349,1.0046461940038196,1.0015041390136794,0.9941648580369064,0.9973222222438461,1.010151827964209,0.9971663903834163,0.9923436385399643,1.0002054004255871,0.9997517058799837,0.999929316482075,1.004102644130938,1.0006906488263188,0.9957623577749771,0.9991214556326848,1.0038168719263993,1.0008592742509397,1.0030537817938259,0.9989369878377803,0.9913967152198079,0.9992168825834212,0.9963111595879768,1.0024958976683114,1.0017484739259097
336,2902675000,0.9978901720088142,0.996333134900097,0.9992202641417941,1.0012418707322546,0.9990620811598625,0.9951565549126198,0.9952339697087688,0.9933519173931216,0.9965570036897509,0.9976349582559964,0.9904045217318612,1.0000457737939286,0.9983213872681638,0.9909416333356671,0.9999339041394834,0.9981406061332838,1.0007316188009794,0.9949286318418832,0.9931737961192043,1.0025469182814308,1.0000444662650703,0.9929184686544963,1.0002419101259283,0.9966217227252302,0.9963997502409422,0.9941884902483604,0.9979148175385023,0.9994128631628817,0.995233192360549,1.001068711767437,0.9962670365028747,1.006367243927543,0.997642279265823,0.9992477350383088,0.9981794883091685,0.9974894350364619,1.0042135180251999,0.9959554436738378,0.9903641337768643,0.9913393739346271,0.9943079091471044,0.9991040611179132,0.9995487939878503,0.9976449612849362,0.994662135041888,0.9974161456133908,0.9982552743493095,1.0001647149627328,0.9901476987335219,1.0000767350126998
337,2902950000,0.9959705073144507,0.9988816514372463,1.0001817748542023,0.9948432991869491,0.9940327827420937,0.9919052812676274,0.991917229055613,0.9872863218088364,0.9963956326414599,0.9921784443066121,0.9976324321613881,1.0010427908767374,1.0065189641440848,0.9991553794157937,1.002171813613543,0.998128087979589,0.9905326848984511,0.9900215719861345,0.9930461722156786,1.0041844529327877,0.9946199659463911,0.9960053956506484,1.0000121299366822,1.0026491623544542,0.9965803159768886,0.9942401804575509,0.9959107256665017,0.9992283154553384,0.9932734148722407,0.9978190765200653,0.9971805162102491,0.9923925589457124,1.0003290686279194,1.0028713095111341,0.9972652539059469,0.9955702685737124,1.0035938300727547,0.9921637557158146,0.9978568100865574,1.0055794979908428,0.9965153363631639,0.9956145035415208,0.9985504078366769,1.003324821239962,0.997558817503464,1.002629338668074,0.9979389934249414,1.0041838307923805,0.9945235682847547,0.991504144976806
338,2903225000,0.9950644885957208,0.9979151973134264,0.9992876679037586,0.9977497637506988,0.9983404758034183,1.0011014479219098,0.9994950010318611,0.9966636758334098,1.0058837243571164,0.9929886827380084,0.9993746850711763,0.9959398586271111,1.0046598635364166,0.9947812991777426,0.9973447923949075,1.0043767042239864,0.9981102921052801,0.9963811590838101,0.9945742247699019,0.9949030631668366,0.9912447161704074,1.0021343214062182,0.9942734027705824,1.0050608939819285,0.9955373376254859,0.9964969525058885,0.998498471979313,1.0045728233316649,0.9930459934864945,1.0053200189402964,0.998017955701866,0.9989546387906557,0.9954280251369085,0.9975722898049467,1.0008383280109254,1.0025913641263962,1.0000109986289296,0.9979461716535591,0.9986455513871754,0.9948110679266087,0.997371057622402,0.9976163795601076,1.0006973337808078,1.0006113807921322,0.9964546694873339,0.998851982520564,1.0047279219687923,0.9983529695023844,0.9948651440070575,1.0006735245467777
339,2903500000,1.0037801844062642,0.9975906397090425,0.9998470696966232,0.9935872896197341,0.9988575380609158,0.9981453726572185,1.005207976730534,1.0007136131174383,1.0010022927331714,0.9920404435823649,0.9965004579319455,0.9977556092312972,1.0016942210930495,0.9971468835490167,1.006179742831658,0.9987623995920425,0.9954753818318304,0.9968719637989896,1.0006836308054592,0.9960987338169367,0.9914091339670493,0.9941105128404736,0.9997401922058997,1.0066087014751477,0.9958683002443398,0.99651916813731,1.0024509009044515,0.9973652995002567,0.9983507674092426,0.9921431142953299,0.9961195471572895,1.0005889599877746,0.9963302690378664,0.9995788863995535,0.9931641594076931,1.0051193110654808,0.9948589953855006,0.9989837643415465,1.0038438771650555,0.9951065504835556,0.9974950480623933,0.9949871666689883,1.004994315400489,0.9945911317647934,0.9991924070684857,0.9924837652434542,1.0023617860269318,1.0040450420282012,0.9974903311780032,0.9985058317259049
340,2903775000,1.0054132653954977,0.9894485625350916,1.0054544480669227,0.9930294867857032,0.999958463013391,0.9962829832714711,0.9972394311433157,1.004942019120199,0.9961427361936922,0.997991958011423,0.9965237577917274,0.9972246351978911,0.99276624244844,1.0006426158702906,0.9981991631047766,1.0000829387912722,1.000304229165083,1.0000633627308722,1.0001982454248017,0.9964094511220506,0.9999585927838308,0.9914712463495702,0.9950781361358347,0.9968058265075155,0.9965813583079973,0.9996537634080824,1.004943778077447,0.9990315634242466,0.9908091668505872,0.9966580292593512,0.9990965002331468,0.9934962419265717,0.9985499589791481,1.004511775871357,1.00362521160419,1.0045839208086693,0.9970655749496156,0.9916603282761228,0.9966172819276407,0.997846970349879,0.9976506554916655,0.9998709377198023,0.9904691708490867,0.994971811150913,0.9954855441662634,0.9959473043426595,0.995375862836035,0.9916633356018103,0.9926060049021677,0.9944955707026235
341,2904050000,0.9977304790351809,0.9966147953819064,1.0021118732717533,1.0062574662810102,0.9977848939320173,0.9909257182704334,1.0011510957599397,1.0001539144513067,0.9954922128129443,1.0067888045928568,0.9982363403928491,0.9991228703204493,1.0006960658154826,0.9940388285455232,0.9983360675570562,0.9968492549813468,0.9906136156576709,0.9928224321712454,0.9973747167131732,1.0052131481674704,0.9979365621601267,1.004075953918035,0.9975365227871197,1.0053890275799053,1.0042356717241165,0.9954207546890917,0.9944354448447247,1.0014492189890436,1.0014605893289745,0.9964947728601605,0.9980721175237404,1.0034777118377283,0.9988677168185935,0.9988470990361353,0.9999113690676642,1.0021208926378788,1.0021765680386865,0.9990472354340834,0.995115829586645,0.9976297723277548,1.0047609224579774,0.9956303252486361,0.9958226318889251,1.0021512858195354,0.9910087143885331,1.0038029333703848,0.9970600152553121,1.0063115632945734,1.003298163040723,0.996598559666494
342,2904325000,0.9956458658771545,0.9944736019772914,0.9984511496962102,0.9978583473639488,0.9986466134843778,0.999345971773204,0.9960044539569994,0.9933231810189604,1.0022078615490526,0.998427034545499,0.9973869857185105,0.991671957500531,1.0013775223156165,1.000481780580325,0.9998283317666152,0.9973180234382493,0.9997740585805127,0.9928265290535286,1.0001421419172976,0.9987131949144417,1.0007686520592143,0.998254268274095,1.0010664713948882,0.9969652121903835,0.9944101100777213,0.9974036860758217,0.994939716900602,1.0015246753314462,0.9919963421380977,1.0051201263861587,0.9966686299179404,0.9960824550207007,0.9991668094107428,0.9946725719866242,1.0010997431272743,0.9943606021962397,0.9965094011809376,0.9955417181911269,0.9961222845316464,0.9999777790283597,1.0009627305209325,1.0082545546459014,0.9956352762680858,0.9986889079104269,1.0028385647256,0.9983390099879126,1.0010008246513433,1.0088693801348476,0.9930698378589853,0.9984387427396965
343,2904600000,0.9955695829630902,1.002901908573964,0.9955328394417701,0.9980873923640463,0.9953221642843691,0.996210953165313,0.9997575738888551,0.9973006988532265,0.997069258172718,0.9931119072953527,0.9948882434252144,0.9998815992707591,0.9959504702300611,0.9891398752646273,0.9953342899754509,0.9890566615898181,1.0002574714700574,0.9991610371683403,1.0005758128641475,0.996841820357108,0.9963570258218387,0.9947832809165381,0.994374249355031,0.9990283669749257,0.997117851597919,1.0014887986185605,0.9931106615720634,1.0004708105498523,0.9977117471964704,1.0024734005995963,0.9990321919871635,0.9951788377063441,1.0007478638689264,0.9999581783424216,0.9964975835226494,0.9939808495827899,1.001463465973554,1.0007466700849372,0.9985534566313626,1.0066756577533542,0.9970161307975368,0.9940552474089976,0.9946394296486938,0.9950236952163104,0.9981454232643447,1.0004529362129986,0.9940344012135445,1.006059447275079,0.9944724353579961,0.9947376270013895
344,2904875000,0.9997565433079227,1.0078443193015723,1.0051687293352325,0.9963144170066224,0.9956663105283161,1.0010068793801552,1.0004620054018976,1.0035285600045718,0.9936040948984725,0.9971744548993722,0.9995873242861097,0.9898232125330997,0.994958415343199,1.0022334346009765,0.9988068108703699,0.9955582745838577,0.9966861466034647,0.9976891645671256,0.9946916392846983,0.9922876327189871,0.9936942487763261,0.998398376164835,1.0009749889232764,0.9908636210004946,0.9994130885482455,0.9933849466463657,0.9981589647216321,0.9976719682727153,0.9993812914212512,1.001184939448541,1.0048798091883973,0.9979209834052766,0.9978072989333228,0.9954339058688942,1.0043230998347064,0.997410273008951,0.9992049307784824,1.006581740255961,1.0001184343349963,1.0039389178442764,0.9977969453171964,0.9975543355587498,0.9898920472980357,0.9972668866489982,0.996498025651681,0.9898338326174034,0.9994929065832348,0.9962321310187265,1.0022657604076934,0.9961412296444799
345,2905150000,0.9957414777298949,0.9962287183332657,1.0031218185375148,0.9982499200383681,0.996267264720447,0.9924626717393669,0.9990053735324261,0.9989150625748894,0.9988058543463734,0.9984596790589745,0.9962081792372238,0.9966979115290681,0.9975347860016951,0.9945210032864839,0.9999676203859,0.9979106334903101,0.9959022443422952,1.0004922212272052,1.001312699787461,1.0010200954195674,0.9986663021039743,0.9998522921994554,0.9962130185497564,0.9959740134698515,0.9995262470765208,0.9991950921208623,0.9929092258675493,1.0031334702638117,0.9977262351118094,0.9984081105013313,0.9974782551845617,0.9960057787913597,1.0001230153010057,0.9984742846377378,0.9984075862248095,0.9999453736853444,0.9977313122474953,1.0005218200750015,0.9988950314857912,0.9988400716256579,0.9989901953321809,1.000753710677305,1.002032769952213,0.9959357155789267,0.9995514603339385,0.9991017124700523,1.0055301196572697,1.0021839855576207,0.9996560831533918,0.9951909625576237
346,2905425000,0.9977039033222934,1.0027799247144311,0.9976324834323136,1.0007342027473418,0.9995192734880994,0.9994448455926062,1.002369072249151,0.998596442914761,0.9968498080325775,0.9977320401705569,1.0006223812100266,1.003261017219287,1.0062583580199527,0.9946376406903766,1.0061599619344594,1.0001850513842903,1.000820846025856,0.9952512314785822,0.996821712014305,1.0028409686319992,1.0030929598101146,1.0012364461485435,1.0011671359890109,0.9980882246696553,0.9986330965083029,0.9998321317461236,0.995786496879208,1.0046217493678669,0.9932638634258217,0.9977314636631011,1.0000939455380407,1.0002363523732531,0.9951953295253121,0.9998292489642423,0.9997983959779964,0.9971235388604506,1.002108441071797,1.00032581831471,0.9988795723794438,1.0097925100558913,0.9979279460811786,1.0050870660857927,1.0036198379572001,1.0006809911586432,0.996767820320177,0.9995649732465299,1.0018987281259246,0.995615229540613,0.99872459217037,0.9927303429598969
347,2905700000,1.003573249633662,1.0004827866796064,0.9953752561970932,1.0011020168555365,0.9969415139317422,1.0004049211194377,0.99445429391101,0.9966603540530292,0.9975990945763955,0.9954357338086601,1.002668433564352,1.0017260856110284,1.0020481750211212,0.9923805289514803,1.0025319453841783,0.9966981862402785,1.0001131206833604,0.9942833008609295,0.9971090867862253,1.0056016827506589,1.0000087746527622,1.001433196292438,0.9954200951990311,1.0016983129903678,0.994034477947251,0.9992224809762632,0.9952399720341337,1.0052978202881961,0.992444129938485,0.9963433831424805,0.9979778802593626,0.9972263844710652,1.0012258458622114,1.000311127106152,0.9937538618259291,1.0018258678568939,0.9999436157241067,1.0008813101529137,0.9958396698802156,0.9983708975484724,0.9957075108403318,0.9983247165322242,0.9963818627831534,1.009185926824458,0.9984779793978563,1.0002618859138506,0.993217006238247,0.9940338074014575,0.9950031801042308,0.9934361790214898
348,2905975000,1.0014756674704188,0.9978875334974422,0.994268615821439,0.9942581489672604,0.9966240034161594,0.9970736592781806,1.0011951100446388,0.9977295529810108,1.0011219001561027,0.9966742215881909,0.9983368485360543,1.0016450028872836,1.0003901381840137,0.9982604490199829,0.9984935366862716,0.9950842531652745,1.0017410795296042,0.9972425655914727,0.9942678385397228,0.9991045043920818,1.004073303245298,0.9965496260103279,0.9954018276865036,0.9958795044443148,0.99598502398848,0.996213421533037,0.9989265018252875,0.9937292518421821,1.002173461817273,1.0052980529655928,0.991290509304909,0.9991873240629741,1.0053936953057108,1.0057258042575457,0.9990701719952018,0.9971716082855214,1.0033721416970083,0.9940622999057177,0.9973569028200443,0.9989819390140484,1.001037704481017,1.0004409071863054,1.005607676395818,0.995224271538325,1.007219007173922,0.9911671755822988,1.000304937709612,1.0035704434097756,0.99272577535061,0.9931368759076619
349,2906250000,0.999298140770496,0.9993055886454143,0.998709447671451,1.002977567422678,0.9957695747459361,1.001672911613438,0.9956553493004923,0.9983780998387037,0.9958832668912491,1.0029718528013936,0.9902833036197874,0.9970923693757311,0.992040996675244,0.99668450054374,1.0027559280043334,0.9970779002221148,1.0085279513545293,1.001800607674089,1.0012238876969384,1.002281010409537,0.9959559819370998,0.996258996550365,1.0000283609775649,0.9987592751793469,1.0018915106705044,1.0032161820052112,1.00369915316386,0.9930752413739388,0.9931813176962315,0.9975141236084395,0.9923868436603933,0.9913712215659669,0.9967705028704645,1.0015332805241972,0.9971057728536958,0.9960588545090979,1.0034361045556097,1.0035597893900088,1.0021712253646207,0.997433703934736,1.0043769333348922,0.9980806803855495,0.9943676836365604,1.0015561504998691,1.0083650844351264,0.9919047199343218,0.9977557193131343,0.9974417943410325,1.0017152325189274,1.0048849161062532
350,2906525000,1.0029990609897692,0.994852933019407,0.9948095453099612,0.9983915794379206,0.9983988006679904,0.9987516255524348,0.9961325651816518,1.0025886377521582,0.9989492408489794,1.0004260488468886,1.0010644242925506,0.993430615199468,1.0014525556426244,0.9938512285981684,0.9972986332470576,1.0007682079074554,1.0019001821480806,0.989682629494603,1.0065059289007958,1.000804972904746,1.0027014284553346,0.9968268723140352,0.9994051149925706,0.9946402224617983,1.0012464580870721,1.0036186042773783,0.9989777358924481,1.0090445342379353,1.0016183788533084,1.0001836941873894,0.9969023004888548,0.9996376389362646,0.9986867218418708,1.0050341664490503,1.0016416720645958,0.995153287152405,0.9949093529509523,0.9950539957212147,0.9959051726908297,0.9935250924112042,1.0019264600668598,1.0004276293341663,1.007605477658198,0.9948953911500767,0.9995588748749841,0.9971168613073157,1.0031077933952361,0.9952583297170741,0.9948416627792717,0.9983085861510907
351,2906800000,0.99641327136962,1.0018017175475595,0.9965923232743868,0.9979154316429928,0.9993257461455237,0.9906046858142631,0.9996034902940224,0.997052487081579,0.9960163320770933,0.993075954106801,0.9973583208905559,1.0023674564288365,0.9992481158865254,0.9943615105229513,0.9998034740959734,1.0015132298738534,0.9953741965558791,0.98933689444461,0.9941501382649102,0.9976887724338591,0.9908693418161908,0.9975712429158157,0.992897006159486,0.9998569717969383,0.9995173696968839,0.9979116416109023,1.0008083955307763,0.9904085670605737,0.9978345245614629,0.9963077957867469,1.0048902926481604,1.0021789289509202,0.9946722210490385,0.9974266310277741,0.9948945829716473,1.0044191768367154,0.9953151402254632,0.9976575544540568,0.9993110106907332,0.9933415383306303,0.9937258897956056,1.0051079709908282,0.9874007703862355,0.9939494537044242,0.9980158180176255,0.999569613838674,0.9990113139059941,0.9908886631830347,0.9962301936520687,0.9979821998259051
352,2907075000,1.0019297318937486,1.0003199096074031,0.9948687726216033,1.0057596730123948,0.9959816481060871,1.0000327907997681,0.9946112984796773,1.002635018618367,1.0071091823566551,1.0048085108330405,1.0022791144619123,0.9894485529221957,1.005757120528458,0.998889474984784,1.0007588269150405,0.9993756523582948,0.9970964438477112,1.0008977288544139,1.0013310905353325,1.0014075536961669,1.000055114474516,0.9982560795284586,0.9988394961660579,0.9998966663664931,1.001076158982401,0.9901156864549758,1.0014503023399768,1.0030068496714117,0.9942264866965868,1.0031553256808121,0.9978927642488008,0.9947115436102447,1.0000521642948972,1.0005601749858553,1.000312611084974,0.9975396416856411,1.005138917568664,0.9950225013261709,0.992560709729528,0.9993237516439445,1.0006306772319178,1.0022490989382942,0.9981827516888068,0.9996595436383249,1.004762510502191,0.9960420184635197,0.9950554768101111,0.9980842217033847,1.0040246014473757,0.9943326780422815
353,2907350000,0.9990835229018025,1.0038125610596393,0.9981452694650315,0.9971154527381957,0.9997878789621134,1.0048401864307361,0.9921255390499879,1.0005391984101164,0.9970160614818169,0.9947380233133235,0.9886649029944702,1.0016496241973674,1.0013126771180174,1.0008474427414111,0.9935957758380358,0.9994215318642171,0.9936375924270766,1.0000765630308148,1.00136706735416,0.9957492941487253,0.9946706546283438,0.9961737954745987,0.9947446765072903,0.9929305004407766,1.0024445938924473,0.9998242108343263,0.9943157479494528,0.9998789771165264,0.9949881298440856,0.9946342345454248,0.9937537952094014,0.9928354645190595,1.0018194701120793,0.9979046747987228,1.0015345873576962,1.0035259540152688,1.0059522543795933,1.0034778439466618,0.9987611414707782,1.001060789399735,0.9978838121394722,1.0065085841781884,0.9895035599906108,1.0047380362820901,0.9976269510187764,0.993241045643669,0.9945987358058548,0.9980277735259903,0.9959212266005787,0.9979650449315883
354,2907625000,1.0021591731739985,0.9992351361680749,0.9968942130790645,0.9976235460694604,0.9970807296137254,1.001608646884483,1.002852799100056,1.006873155473675,0.9942898408994625,0.9997905383007573,1.0013843621594474,0.9967383897949932,0.9966403476013737,1.0011674900612686,1.003451243763475,1.000646252615419,0.9963440641032001,0.9977284181621995,1.0047331108432869,1.0005307652651378,0.9998356660246422,1.00163131665677,0.9940125611051771,0.9932413461796966,0.9988824933855098,0.9976336058502783,1.0053149430950363,1.0012295556573976,0.9976327113050525,0.9967387749557556,0.9986266757130362,0.9944691871563826,0.9930535912894479,0.993426502941552,0.9923928523031058,1.002928832578256,1.0018500777966803,1.0015315024010114,1.0000736844376494,1.001115778081195,1.0053615039721604,0.9974863006265434,0.9969549146182783,1.0042527526984428,0.9927476616669285,0.9982717860482122,0.9970312700431375,0.9980148838706682,0.996050659382448,1.0023402962357046
355,2907900000,0.9952566230660154,1.0031234544852448,1.0052392471672291,1.0000168344429303,0.9957422992432545,0.9961396764941249,1.0065751258039768,0.9991043728518421,0.9969915509443591,0.9961788960724302,1.0016483586400646,0.9934863532756343,0.9931270381281642,1.0010830643758006,0.9969275969740183,0.9956452345588479,0.9991488348458564,0.993934478839588,0.9919473652000623,1.002155051370197,0.9967082162205734,0.9983754623498009,1.0010422417377953,0.9940429341124558,1.0017157761330155,0.9985747932641343,0.9971621474156291,0.9913777942145915,1.0070486366319154,0.9964925396062582,1.0023292416820073,0.9990487188162663,0.9974857676712516,0.9984793287335416,1.0036641041903427,0.9906398808122426,0.9928604145593098,1.0000149462878163,0.9944644442995497,0.9979329040875589,0.9956503962737278,1.0016632696299468,1.0007846314972153,0.996333706078416,1.0013133575867788,0.9906730743411053,0.9983133277489737,0.995702997862721,1.000246343720585,0.999489080720372
356,2908175000,1.0015461206128309,0.9956520451194544,1.0045202463762493,0.9920662868501168,1.0024369575697976,0.9960361024992911,1.0012216568960186,0.995785273056392,0.9990609938270623,1.003535249774848,0.9975570682704543,1.0032058752486828,0.9988383425532951,0.9933850372950346,1.0006351945969862,0.998369390376644,0.9905065182492274,1.0005385271804006,1.0047971289267261,0.9983817981825548,0.9971828450252638,1.0023689868638601,0.9974755423117755,0.9982360435157107,0.9994957519834216,1.001892027585261,0.9976960730668368,0.9998599427499872,1.0034717074482973,0.9962880103722854,0.9938497955027565,0.999538634531174,0.9984341145866584,1.0068535111042296,0.9996089430496383,1.0037512270382374,0.9999771482321718,0.9968630840751934,0.9983194426327732,0.9978469128370628,0.9880822953965758,1.0025149764282333,1.0017963844488325,1.0052817193047063,0.9996578963980751,0.9949205350261968,0.996135900319629,0.994316858246225,0.9962451047445534,1.0045755601053017
357,2908450000,0.9969238030362997,0.9946054394592195,0.9996512787845422,0.9979337037128857,0.9990386012276433,1.0008032312298332,0.9969110251952444,1.0004928676245195,0.9973237411592583,0.999923153761092,1.0038002961096721,0.9956624082949641,1.0048631503859522,0.9993587773855973,0.9978060328292966,0.9915020333403837,0.9960652195615565,0.9960898107037847,1.0034664363302417,0.9956999557862195,0.9981976525898814,1.0072576535323199,0.9979479621897753,0.9993070473772522,0.9982603232389757,0.999580994813507,1.0015129475354474,0.9976747210687321,1.0001899396378022,0.9972955233665337,0.9985295973503189,1.0062278693662654,1.0052333947964887,1.0010131436325946,0.999053114375141,0.9965021309510589,1.002509340964575,1.0046460702451832,1.0028981836271393,0.9978787644099558,0.9998735629261234,1.0001709868547644,0.9974257798605324,1.0006595648519907,0.9936567851598418,1.0021553028439159,1.0039473091231637,1.0010515492164471,0.9970807285647733,1.0000842375973973
358,2908725000,0.9909474332387576,0.9964837235183488,1.0041134122227287,1.0027085757316654,1.002900197415675,1.0114645720468294,1.0023885340454792,1.0002388988671058,1.000967595148084,0.9962692122127088,0.9992195299880543,0.9975840228618125,1.0005549515239793,1.0033038738390994,0.9932009549384829,0.9977377110626791,0.9975340602787108,0.992031746145413,1.0080627987879212,1.0000327549523147,1.0013670063627453,1.003091044185613,1.003617265752114,0.9963954847937212,0.9970981912626568,1.0008776736892453,0.9991972482690676,0.9967229554815497,0.9992997659135542,0.9916005852506506,0.9985948356731182,0.9973724593933786,0.9993500755347202,1.0071503117444263,0.9988160390341773,1.0030830540800257,0.9970680251272074,0.9935498347161753,0.999283020042829,0.9983351572586335,0.9963326494622876,1.0015329077215283,0.999635461269512,0.9977059351471229,1.0090392637490058,0.9956137383605537,0.9950722269211423,1.0013918770273886,0.9992566361739604,0.9975669473802575
359,2909000000,0.99766930189777,1.000316150509915,0.9955708411268324,1.0002182443000835,1.0001144719108086,1.0017629233807785,0.9952528530723929,0.9968447579242077,1.000248020018438,0.9996299818577922,0.9953069458170466,0.9972264933541184,0.9949576186042369,1.005663895802982,0.9965100756172535,1.0039391649755243,1.0007831342628415,0.9980740179846439,0.9963337236471554,0.9947539849302576,0.9977466407312375,1.0022943608296067,0.9999900009919847,1.000541904351653,0.9990502624275074,1.0030784100850159,0.9963251429213279,1.0031725017483737,0.9947822123262872,0.9997672975476731,0.9937679674351028,0.9958296681153609,0.9952045096536747,1.0019181558343393,0.9960613397829736,1.0031258149140045,0.9931982574712312,1.0046287161697862,0.992647601872855,1.0028152465977331,0.9903492728808995,0.9992809083175676,0.9977448142025183,0.9989713907198495,1.0044383903285676,1.0003717556291187,0.9948547574936375,0.9983683976959371,0.9970304761985188,0.9903638872367266
360,2909275000,1.0080133423818487,0.9940080498919065,0.9985500822191816,0.997208913872297,0.9941331568552095,1.0010908175352826,0.9896855559128025,1.0058899726622124,1.002131981436826,1.0004201685574585,0.995006595899024,0.9973742124253863,0.998377812656311,0.9961201800838599,0.9981182203654669,1.0046462281218482,0.9994880643807145,1.0049741306963031,0.989676719835721,1.0004703275014954,0.9926416330504609,1.0007599787637347,0.9962921846226185,0.996247355974017,1.0010299520375465,1.0029505022039076,1.0062147590868993,0.9949392853956425,0.9976518631727981,0.996734135480999,0.9987408325642422,0.9973820312246193,0.9998757062301238,0.9989441117553126,0.9968418455249372,0.9982363310959408,0.9947137616850058,1.0021739540675847,0.9968690538174229,0.9982698516955121,0.9976374486114805,0.999929769955498,0.9933805433307071,0.9964217259374785,0.9950624387098875,1.0028138740451595,1.0000581310690813,1.000049417967231,0.9953516973952529,1.0056092482447598
361,2909550000,0.9969968963669188,0.9943886861338231,1.008109199043516,0.9983502836889238,1.001476284042451,0.9964627304605725,0.9988935675694575,0.9975932564751018,1.0032013574976846,0.9993493815741579,0.9996583165928775,0.9970191062078799,0.9988286977268493,0.9937313340026218,0.996604157849553,1.0005977895224172,1.001863579388347,1.0037929515761799,0.9921156538856352,0.9980479793272957,0.9975235399221104,1.0023791653076548,1.0003892620140271,1.0011038154161047,0.9987929669960498,0.9961734644639774,0.9998077051652668,1.0044059109516896,0.9920820139363483,0.9935064716946341,0.9917522556777814,1.0050355135667286,0.9993909235824715,0.9970465919306974,0.9955447466389946,0.9968984195253444,1.0006180603385386,0.9975884003735785,0.9987192286709586,1.0053452857445984,0.9992642591943208,1.0022983019691538,0.9982151421812319,0.9943164609468836,0.9982157700642897,0.9979556486364427,0.9928446563835538,0.9950931791445733,1.0066011193074123,0.9920383712030983
362,2909825000,0.9992154961705932,1.0045661496748741,0.9922622797039263,1.0019939993570717,0.9981500825630552,0.9996346048868356,1.002633346487113,1.0015064261579036,0.993987190588944,0.9988594699493124,0.9970232844618659,0.9977849121004873,1.001015057976119,0.9974477374401313,0.9993256366501004,1.0079915301172717,0.9895864953255196,1.0035056958819386,0.9961155096781643,0.9961729287431247,1.004014934361868,0.9966815081584709,0.9942732745611336,1.0014077775404011,0.990545300513319,0.9934703676880754,1.0041056616139632,0.9951475340587729,1.0002470813724604,0.9998826071842805,0.994793696394374,0.9908000011987199,0.9946676384068276,0.992652570092831,0.9956868780759335,0.9924354241670027,0.9968606219024851,1.001427136701487,0.9935281477731117,1.001838529073897,1.0029970735178508,0.9963335949282851,1.0033620197305049,1.0035764225014674,0.9992765166950242,1.0016372704489562,1.0010580026705516,0.9969481753810955,0.9902757586384673,1.0033364343764706
363,2910100000,1.0022413070829013,0.9920669659402941,1.0006071446579488,0.9973140155402654,1.0009507036641476,1.003557883606061,0.9905319847600675,0.9958970374069875,1.0000354407485867,1.0014786762241257,0.9986325118338735,0.9918060475864977,1.001268850540966,1.0050794371513057,0.9958073600495714,0.9995628385984408,0.996433907265637,0.9968042163862559,0.9975900455305503,1.0004525552133476,0.9994391200227343,1.0030968161146192,1.000644447519124,1.0024493580426532,1.0004082266957954,0.9998012901442423,0.9985495377124585,0.9998823217128214,1.005138618856754,1.004101094728092,1.0092928174470575,0.9966069446392976,1.004069167323928,0.9971463152017317,0.9985916176511589,1.0043616938130797,0.9942344353884142,0.9984162536223774,0.9964523794862121,0.9959345239137973,1.0017777536271895,0.9948854029669943,0.9904421617387823,0.9932571338712796,0.9999946444486331,0.9956984207336655,0.9984993444053997,1.0020309266156395,0.9964937170897648,1.0019475745742272
364,2910375000,1.0026498508060635,1.0000818952633337,0.9967653652325404,1.001960109223481,1.0023558895261435,0.9960321135069983,0.9988805650525415,1.00116315239544,0.9949236753101949,1.0045691439353694,1.0012937191000006,1.0017617368360923,0.9965609561138282,0.9960668378653426,0.9974967424810436,0.9963319969435618,1.003986811583462,1.0039512708320772,0.9999433520971897,0.996089871471702,0.9975062804449667,0.9989543709585759,0.9983214071177446,0.9974010138163588,1.0023355760701944,1.0016798795506345,0.9982978264244865,0.9976603708221273,1.0004829257743677,1.0073190988141885,0.9980057621095861,1.001584965624232,0.9979148062467269,0.9964577581266981,0.9963641344229333,1.0007105882203426,1.0003278339090818,1.0090085265872677,1.0016329817184804,0.997070291410196,0.9976897193833727,0.996675552284353,0.9986800149999026,0.9953494766990253,0.9971153258711505,1.0024617659157802,0.9987003390135896,0.9977937363555954,0.9987698160927263,1.003544843903504
365,2910650000,1.0021415452495015,0.9976269219901218,0.9978175474739583,0.9915672848281982,1.0042659532075444,0.9959023649416887,0.9996355510145749,0.9966576667940529,0.9967875655884418,1.0053743487499398,0.996068547958238,0.9959046947447427,0.9975489459170244,0.9969468185996869,1.0038791875955253,0.9922572562103646,0.9995749958154054,0.9993845521349208,1.0001080340828579,0.9943126364566242,0.9950899590776642,1.0015382553776842,0.9963831132167302,0.9933145763080632,0.9995003709496268,0.9976753345930317,1.0011845486491084,1.0008186430055754,0.9941117936883239,0.9957917025487687,1.0035743024891561,1.001083701013221,1.0012261306796502,0.9957705130381577,0.99773553374594,0.999194096259339,1.0005415334863577,1.0008285088049145,1.0037973642918914,1.0009162141020231,0.9946212113925433,0.9950130741512324,0.9916556819014648,1.0033702997333354,1.0050785906820445,0.9902232344128055,1.002684186192853,1.0020094607352645,1.0013954664090625,0.9981369650980982
366,2910925000,1.0019594665205243,0.9998484682359452,1.0082833685270827,1.0112935852249216,1.0007302820602146,1.0014039923569598,0.9944357633116929,1.001229957446062,1.0021627959236945,1.0028232543931495,1.0092519072995998,0.9993039667111328,0.9984184885054739,0.9993922386424134,0.9900922622653676,1.0016087795409219,0.9928441229694112,1.0051265327209051,1.0007938810938783,0.9976958477356459,0.9906469373993321,0.9967392268516356,0.996759485298532,0.9989783099617208,0.9944156003283104,0.995400906770679,0.9992072866582314,1.005698323746894,0.999692712405378,1.0000838505663066,0.9944239790446756,0.9976127744043047,0.9939898953094698,0.9893794007613208,0.9965203644923548,0.998730627487246,0.9950663914067382,0.9991487052241395,0.9966340100286626,0.9913531238093595,0.9949031402274524,0.994126685603191,0.9888893704328605,0.9939177359905046,0.9946851715278205,1.0053093994499334,0.9980356471935232,1.0000381783005299,0.9950306548055237,1.001339800383958
367,2911200000,0.9987456285188953,0.9956150480856553,1.0009251093288996,0.9974579701599815,0.9966794923367063,0.998342573567509,1.001449495228768,0.9947076402633032,1.005850050617989,1.0019981592187839,0.9971721344743919,0.9994113317862667,0.9952735414955386,1.0035950446202324,0.9976078989738955,0.9996202596270681,1.0004697805982068,1.0000688849676018,1.0014362832493338,1.0016582960796216,1.0033643937210557,1.0058682364819567,1.002436988823015,0.99748428837765,0.9997700407362317,0.9964856486440831,1.0006510442342529,0.9978577812861747,0.9968293472505477,0.9947841284643908,0.9967773013778496,0.998965180179682,0.9936742824728361,0.9992731771639202,0.9974483618034576,0.9966087372084869,1.004471494855042,0.9988443430477705,1.0008747909028026,0.9979711215802552,0.9942417679002853,0.9951479839709544,0.9993074748325447,0.9962640330242903,0.9964405585867321,0.9958149668730021,0.9953809545736874,0.997009637289928,1.0039536658608232,0.9953680757680806
368,2911475000,1.0033240893995707,0.9928623446743975,0.999330927030192,0.9958201910853903,0.9997589760121821,0.9932651119739749,0.998654497718577,0.9943180961291883,0.9914945069545334,0.9973760699349882,0.9911046403451347,0.9979373951598763,0.9987171631086686,0.9941541125850096,0.9997212422273662,0.9980451433141796,0.992960623275532,0.9993499159296757,0.9984333351504436,0.9983994504443279,0.9866968903181557,0.9949680030393943,1.0039318868095723,0.9940321701102994,0.9999432990728767,1.003128219014619,0.991835772946074,1.0034228585597325,0.998895925008808,1.0010844249894144,0.9972326169681945,0.9908462171698883,1.005091612431504,0.9986269253064564,0.9992167642649161,0.9984261836970715,1.0037366694630332,0.9940398526698299,0.9928588629327524,0.9962574436542572,0.9985022194336608,0.9995768696015773,0.9993133840523925,0.9922113850067187,0.9990951526645553,0.9986649793865147,0.9978030179916388,1.001694253998517,0.9983441091344399,0.9946674547081292
369,2911750000,1.0006890687863357,1.0002307733314233,0.9918299947023603,0.9999225435269393,1.006889833884279,0.9952362742775446,1.0018434371701395,0.9982695204146225,0.9983476176726469,0.9956576483972092,1.0004113024346484,1.0011022081734047,0.9989672995258331,1.0047648401230536,1.0048971625475762,0.9957342703458868,1.0024863789274012,1.000870776546793,0.9981649657947599,0.9969172189176132,0.9982654426755557,0.9993464952003681,1.0044133863912428,0.9901581000222566,0.9962886078387333,0.9991244438688975,1.0011891021971946,0.9940731704060842,1.0037273190092662,1.0022091507353097,0.9990259671903178,0.9907492962848597,1.0006266699116102,0.9995994367744462,0.9979479909536104,1.0034064419354343,0.9922548569602888,0.9898164930509752,0.9997299242036797,0.9988312004699099,0.9970030166660376,1.0016098877334652,1.0064565614806047,0.9989591538927827,0.9966732171041695,0.9946586013691179,1.0056974810406853,1.0030077851428805,0.9979848396698523,1.00153323175396
370,2912025000,1.007794030337486,0.9969308490679429,0.9996012544528343,0.9996297637587451,0.9967020540441878,1.006095165891131,1.0015669235845082,1.0016605113304182,0.9959598502391304,1.0000984713361918,1.0035335015861178,0.9963691430027225,0.9983408395851672,0.995575954113731,0.9971963158779382,0.9973881750094502,1.0024220451782373,0.998903163721487,1.0079440632403551,0.99721290025787,1.0034467159032823,1.0027733671868393,1.0037469632997535,1.0016118481540697,0.9982108009539229,0.9985377923954517,1.0042524687420036,0.9942836659721497,0.9994731802117082,0.9994622235240872,0.9954078610671816,0.9950913705056,0.9920071982816412,0.9986101897900694,0.9984232641722716,0.9992689243607118,0.9920240623622724,0.9967405152817813,0.9957910054360443,0.9970516175010451,1.001060884382913,1.0003064460317586,1.0068813309283504,1.0008539853630516,0.9932873240223467,1.0009282995205524,0.9955550067238395,0.9957236627402326,1.0066301249512588,0.9967344688665792
371,2912300000,0.9972389741978389,1.001942378669357,0.996251362801829,1.001181493661808,0.9997461681576295,0.997712548841521,1.0010080665637744,1.0034111439329463,0.9966153171994203,1.0010022843527024,0.9999277379408473,0.999137431290776,0.998158797145119,1.001212466156995,1.005425660437837,0.996656373208775,1.003339431133346,1.0035100866273157,0.997564602083655,0.9888853369259616,0.9999479940887948,0.9956107004015943,1.0021809054767956,0.9953327413739977,0.9987323726104832,0.9968315871201758,0.9960477015323567,0.9980718538790877,1.0006895308493138,1.0027967260345618,0.9936461594732566,1.0039206615830867,0.994241797387821,0.9973892857751695,0.9972783272095663,0.9910654323320071,0.9995563107145073,0.9946579322430958,1.0002543334855127,0.9948321781053162,0.9929235524423877,0.9962115960195677,0.9935433198305813,0.990956466554784,0.998644002567422,0.9945366051339661,1.0033964662114174,0.9972674832644268,1.0057301276415052,0.99849178106669
372,2912575000,0.9962795481514429,0.9984701173824845,0.994738644882218,0.9954792431671993,0.999726802059142,0.9954978103975156,0.999461133263062,0.9962645345386142,0.9942225557993314,0.9973276054831199,1.0024148679354092,0.99666234657076,0.9910556855308221,0.9995605180485214,1.0037729293823836,0.992779452438996,0.9957959979544576,1.005372152387077,1.0002566069289098,1.0038160473593631,1.0019092297269836,0.9919165021237952,0.9890940342402347,0.9881461952491746,0.9946947152758744,0.9982453220288833,1.004923242144975,0.9952880525764786,0.9992379505176352,0.9930010892570044,0.997757368696881,0.9947103312583059,1.0003600135186483,0.9996663994403596,0.993109947909034,1.0054485821520673,1.0003498162131452,0.996771158889451,1.0008473717665771,1.002982668748601,1.0018455661578747,0.9956433793352646,0.9960771138967457,1.004797342676995,1.0003547766905965,0.9968300760632548,1.0036571266939716,0.9952758699512608,0.9990465645756285,0.9921701402710398
373,2912850000,0.9931955736669011,1.0039256383811055,0.9988182225247874,0.9937975308993036,0.9979201850149937,0.9972566072557698,1.01119991161617,1.0065983701797792,0.9977570802217818,0.9973979219058187,0.9934100892435029,0.9945143265691612,1.0018552740170652,1.0001939896231762,1.0035854707763412,0.9995279773374309,0.9994230761410723,1.0040594247304055,0.9951034703817618,0.9998731105726277,0.9964811650127032,0.9941768066015134,0.9978271292312266,1.0022866963304475,0.9989904737039985,0.9987741782180166,0.9936606444831677,0.998325964692051,0.9973634894650101,0.9941075192953731,0.9988683688900228,0.9948187977399039,0.9915507419148126,0.9942123738877552,0.9982463901525346,0.9962884865124747,0.9991650950764817,1.0085036737665718,0.9984335120702441,1.0007813932287988,0.9978327239769036,0.9969912429960732,1.0030797721386677,1.0030420311254893,1.005148506607651,0.9937730509330415,1.0026035015660903,1.0001064711609682,1.0022746067381219,1.001076729545888
374,2913125000,1.0045585632439595,0.9940571151603718,0.9948704443239104,0.9988597543864337,1.0040111303049388,0.9991678494010063,0.9970131202021936,0.9956100947033649,1.0001451624565392,1.0001065887773155,0.9965073734037678,0.9988454548135809,0.9939721839124491,1.0009581907644003,1.0064279938536933,0.9990317267333292,0.9949115159611697,1.0015938882853481,0.9971230452610167,0.9990002987372204,0.9988788404863965,0.9973107865910515,1.0023719658356056,0.9976126557109428,0.9984565688160955,0.9978062171727811,1.0067053817050668,0.9989406435649952,0.9970479757459828,0.9997656198191825,0.9999686219425833,0.9967419385095957,0.9974261420655502,0.9939216986065884,1.0054781949873024,1.0025693927035713,1.0009057568224033,0.9958849613904377,1.0054006370244861,0.9989336469159731,1.0009229662480486,0.9949255483926444,1.002199622765337,1.0044440406694652,1.003306912588817,0.9973874929327605,1.0043373615357085,1.008036863284484,0.9968983663685826,1.0020396636328277
375,2913400000,0.99986315910859,1.002297956232168,0.9993089816902216,0.998998078925543,0.9955634211057095,0.9963107617259189,1.0006348495016155,0.9996098420673234,1.0036492078360308,1.0002635346372848,1.0027195386158265,0.9984064158662292,0.9967880693321749,0.9994022079030307,1.0057664675045699,0.9974955019480017,1.0014264228999181,1.0043294789282315,0.992633385336511,1.0062113507945785,0.996647334064154,0.996715514404465,1.0039594391745068,1.0003510013844032,1.0001528415750631,0.9986600405059816,0.9951823213261921,1.0009226952005532,0.9957191404401149,1.0025925123363024,0.9990253150880547,0.9954981919723332,0.9998720506505168,0.9984191624095233,1.0006859518766071,0.9951336019379787,0.9945770751808559,0.9966952827725007,0.9982598447769371,0.9982324542597322,0.9985455983320917,0.9971914608752314,0.9947247870675865,0.9963130052904218,1.0000144948276755,1.0000512481112085,0.9965343563672853,1.0014102031188656,0.9967208075418676,0.9936580608408201
376,2913675000,1.001502438784629,0.9961681766528394,1.0021939770521093,0.9997893993420794,1.000102152668183,1.0059110524264463,1.0011437098895495,0.9952896132314029,0.9999528342427109,1.000241176776101,0.9978759249590236,0.9903787380390326,1.0032098285368953,0.9883917136650899,0.9989827115394223,0.9923471996784413,1.0084520071067884,0.9966641198606482,0.9981866402038837,0.9990376897230052,1.0014157516906848,1.0024278863474363,0.9982349020171588,1.0006851969537414,0.9969155177534117,1.00118541226651,1.0007306691202427,1.000246783186659,0.99116833638359,1.0017614549305502,1.0012126817759446,0.9957227386163631,0.9954346977892694,0.9998670246693026,1.0019523284914154,1.0011280203145105,0.9994750771945302,1.0021569478711945,1.0024702425818581,1.0050569756328727,0.9973240586564472,0.9967739182059815,1.001275510292281,0.9984768889942184,0.9905776599335296,0.9994871020958318,1.0005126036555032,0.9975216806071909,0.9957715218601644,0.9973780851712598
377,2913950000,0.9968232020381487,1.003648317319261,0.9989542139986656,1.000339036498904,0.9919571994446856,0.9927309750037715,0.9937424040018771,0.9975247571376691,0.9918435382557724,0.9935012405255786,1.0025038710773229,0.9963169975785032,0.9976089783691721,0.9960445248164952,0.9965794132622644,0.9943031380295189,0.9952327346220124,0.9975001953839056,0.9922003963605757,0.996092304629628,0.995035001151458,0.9979340460500655,1.0038467655103576,0.9972816073316294,0.9963390339589151,0.9931572517505086,1.0017134164927979,1.0037847897672816,0.9965855691948601,0.9960869660118373,0.9997087139888602,0.9944700442190244,0.9976282763317196,0.9917900267121068,0.9941330516360055,0.9950274579354811,0.9953816447768393,0.9928024181361437,1.0008632915107474,0.9986520745002453,0.9969499019720439,0.9940240918145002,0.9988394233837111,1.0027562213380037,1.0021673738543615,0.9882066477940818,1.0008630546322084,1.0006252790237131,1.0062183996376688,0.9978896174527356
378,2914225000,1.0033707341140101,1.0012453043818281,0.9918596736117977,1.0038982498587588,0.9984886832120643,0.9980548792270026,0.9941565062004447,1.002597566226045,0.9977390421818547,1.0015741026184637,0.9932501721860901,0.9957504836760656,0.9994610390080737,1.0027233102839481,0.9957385856613713,1.0055124857960245,0.9967170880069183,0.998441092269609,0.9976636380353876,0.9998734016431903,0.9975063230011145,0.9937518566753436,1.0026815840228698,1.0003897572912586,1.0010817086713575,0.9995724408270008,1.008967211546599,0.996918254008754,0.9998342020227908,0.9992965168472977,0.9966203135709384,0.9992370677479882,0.997980948882242,1.0050012329921378,0.9951328915438773,0.9972221932997903,0.9963145868302518,1.0024119857736167,1.003372165770628,0.9956916831059893,0.9954286979254615,0.9994092207157058,1.001191805012512,0.9970350023220651,0.9971118202407593,0.9966408556488401,0.995760469776581,0.9921653846039239,0.9940281811942129,1.0000403354200893
379,2914500000,1.0032478325024035,1.0004467572280893,0.9986052041682286,0.9984805693151549,0.9992459991911221,0.998123230894301,1.002224046372348,1.0070187059054843,0.9980245507753037,0.9986186229892371,0.9989324006597423,0.9970532214958352,0.9986149309182322,0.9996369828202989,0.9969728138611811,0.9998838245067827,1.0015459616102957,0.9973799844723721,0.9989079704346469,1.004608735398823,1.0048029535910687,0.9947648114612396,0.9985736632455193,1.0017839231829124,1.0003626128303253,0.9858949912665623,1.0028663141799434,0.996796121101414,1.0022372862287268,1.0021577821050145,0.9988031887666255,1.0080838599450184,0.9964353021418513,0.999652380551854,0.9937295906381082,0.9988401986641493,0.9975603212081722,1.0020064350172893,1.0032987896957568,0.9968251088158802,0.9988915047501932,0.9951602536382599,0.9997416616634431,1.0003981502762578,0.9942958496833083,0.9939430617557043,1.0008119859210138,0.99990765983832,0.9958423481326205,0.9969881719034589
380,2914775000,1.003510826357764,0.9997412210918667,0.9981697337420851,0.9951623250074633,1.0041916182047608,0.9918462962215041,0.9992356130989596,0.9939266454007609,1.0034868527188616,1.0037648377434816,1.0018926523241753,0.9964902859246395,1.0039795563850766,0.994131914806634,0.9970924719128014,1.0052139161918452,0.9995197027274674,1.0054789580162382,0.9999914838078288,0.9995603096661104,1.0075816889384648,1.0010395331497846,0.9904032654737135,1.0052874073398843,1.0054274908744947,1.0068635112001727,0.9971877469313779,1.005599229051308,1.0004714420626073,0.9981811713186739,0.9999507880195325,0.9934695278483399,0.99996619229674,1.006569410111765,0.9992904754729485,0.9972875832703116,1.004451978910491,1.0021637641090724,0.9965607786587365,0.9967903697531078,1.0032986678483684,0.9980369924636809,1.0031615832568557,0.9956916419801013,0.9987242907383421,0.9950213359101229,0.9914637428648667,0.9990879092961441,0.9926048270448855,1.0017627623285572
381,2915050000,1.0034630477958257,1.0044670681376469,0.9975716706519046,1.000439487954413,1.012599782519834,0.9997902514654,0.9956284702270951,1.0005129916991806,0.9941824365335388,0.9989940903957863,0.9959394139758001,0.9958444985982269,0.990163109347401,0.9981840910540766,1.0005798407384345,1.000421695037018,1.002430776514072,0.9975777274546216,1.0003463798708288,1.0008705345939537,1.0002186799451591,0.9989912795561106,1.005461944733038,1.002137988500311,1.0005800530465447,1.0055892769086627,1.0006238968843761,0.9956821697236264,1.0006347848822263,0.9935770497555109,1.00319498559864,1.0007128986111127,0.9883775069556293,1.0002052291157006,1.0005437140615774,0.9941142330746642,0.9983380569871475,1.006331964399051,1.0022692734089071,1.0004315426415842,0.9969060399094787,1.0031316915661246,1.000668420753258,1.0038223628611573,0.9952275520677764,0.9903236354369204,0.9970182473923251,1.0021898064058574,1.0024561164216923,1.0015160730815404
382,2915325000,1.0007329523393378,0.9975967814441326,0.997037263787591,0.9963674389862771,0.9980514825807473,0.994410035884742,1.0099701285702967,0.999143334690347,0.9993064370632861,0.9935341839513893,1.0001839051336092,0.9998534392183982,0.998579888444418,0.9936669780400043,1.0011165035927572,0.997820054947293,0.9936729001723502,1.0005653140328186,0.9945601075459857,1.0008979411201013,0.9954997474972138,1.0042989398584574,1.0003829155806094,0.9980608221124858,0.9994632953296528,0.9930778336344744,1.0063383341401064,0.9964001271012404,0.9999954810268332,1.0009709500648687,0.990425391707445,1.0011422182921201,0.9975208115311234,0.999619357709063,1.000740652144632,1.0024654193782687,0.9928411261064272,0.9983156392073498,1.004506261925909,1.0017117687843267,0.9957226619175988,1.0025812941420285,1.0010056241123482,1.0005366030705398,0.9979050988028889,1.0013927376963867,0.9981553861943163,1.0041035378882197,1.0037162822734993,1.0030417347618346
383,2915600000,0.9978900665516391,1.0001655894109338,1.0037328177425027,0.9994806198334308,1.0003747091362443,0.9995072017467381,0.9961446510853231,1.0010362435827393,0.9944721619347529,1.0022145329122503,0.9932350542793573,1.0059975278749733,0.9884696446173417,0.9994975536948086,1.0027842709870611,0.9976383714016552,0.9958140008449996,0.9931484260026286,0.9983859310033838,0.9946043856508987,0.9949905719913438,0.9987518858391602,0.998332814252665,1.0004337671616585,1.0042035735746309,1.002874503681276,0.9974515512468985,0.9964289830960342,1.0022279432213774,0.9976559232093883,0.996509724399889,1.001009523396042,0.9987211208114781,1.0007205878865868,0.995386153446214,0.9894222590240193,1.0026369449407317,0.9965533246753472,0.9971335000924831,1.0002442117209736,1.0007406008002377,0.9984937558510216,1.0039776128359474,0.9996820825943005,0.9960271594758856,0.9975759300912118,0.9917514280503915,0.995166764527625,0.9987754114470924,0.9952663717047887
384,2915875000,0.9985825417915272,0.9961003922658005,0.9980088991031842,1.0054155891879293,0.9995663109035753,1.0062539498142158,1.0070845977100522,1.0032212720589435,0.9944068090513581,1.0017758048571144,0.9912300921437792,0.9922258787902664,0.9968393993608164,1.00235682152536,1.000653876788731,0.9956619460157327,1.0039391785272658,0.9970944783286607,0.9959994537061095,1.001060791452163,0.9993920469554729,0.9995468956541506,0.9985658957720184,0.9976112709961722,0.9941429617968637,0.9974465039945731,0.9973026368410616,1.0016245768290803,1.0012006454105458,0.9953538849646549,1.0006754098961912,1.0019095155124271,1.000089692025002,1.0029740094399346,0.9986578964839541,0.993739698261794,1.0039679183504975,0.9976154532583527,1.0018800826350451,1.0055518147518412,1.0011791033424131,0.9924602364830227,0.9969832615789422,0.9937040142384788,0.9957909834278155,1.006803659273903,1.0035125365795123,1.0053886766869038,1.0019341042374241,0.9996213757172477
385,2916150000,1.0048631007728466,1.0002267974936372,1.0069237141018734,0.9982532590587245,1.0066842544345012,1.002102905529618,0.9985031439240952,1.002318281136649,0.9981711883340456,0.9965245115776487,0.9961893993421692,0.9979605733324387,1.0083182667775568,1.0006452003182482,0.9972320722034409,0.9954036276335119,0.9931628785404041,0.9983904907617785,0.9977089351361107,0.9982744912475918,0.9976134026146793,1.0041884671299388,0.9982865721070457,0.997149538106857,1.0032574973468114,0.9984245056230571,0.9963676499917414,0.9924212279889351,1.0013795996487251,0.9989938653420254,0.9962630997903836,0.9985688221011815,0.9949315313498787,0.9963922467740248,0.9996146938624181,0.9940074438593526,1.003214587964192,1.0013546993357931,1.0009350114478779,0.9971960308733281,1.0026813186711767,0.9990626791856353,0.9999547472093813,0.9979927731281572,0.9995717004573643,0.994581385729548,0.9969236297997408,0.9936625948087665,0.9971107243906483,1.001560301464397
386,2916425000,1.0034489369405886,0.99644737185769,1.005254736130911,1.0027829904877896,0.9942105504964744,0.9969452628860451,0.9999513022468655,0.9958638048006295,1.0006920510134354,1.0090644771477293,1.000556222032945,0.9950957071859989,0.9950467849357729,1.0000250338091385,0.998160256721351,1.0065758727431775,1.0013540379347203,1.0032146615670676,0.9914503492755425,1.0002454385944624,0.9946233609463624,0.9990112617226807,0.9995102233070464,1.0059167536144822,0.9976954251781558,1.0026449738183218,0.9968799531566502,0.9949481986187191,1.003515720582465,1.0017583845894678,0.9945186707724274,0.989865628740362,1.0025821991030404,1.0015700271445231,0.9917571854488304,0.9995634145586706,0.9977310619405197,0.9991954266112427,1.0010814828403625,0.9966423819444319,1.0018325720176309,0.9947263406102218,0.9961168876093415,0.9989186784190401,1.0011029795723623,1.0025686165264451,1.0028488229085888,0.9890007957617875,1.0033832127799935,0.9982082994116284
387,2916700000,1.002965687254588,1.0005230565114935,0.9985752403169874,1.0005922009274177,1.0005745116987774,1.0001003699274478,1.0032984637213935,0.9981294289774965,0.9954108431490472,0.9992579116240525,1.000821195652053,0.997671268514782,0.9998628914776428,0.9945866397836676,0.9971723756652867,1.002022088719741,1.0038310993759754,1.000680564750662,0.9950229994652429,0.9979671132535236,1.0008730346263952,1.0030075269609005,0.9995908554423708,1.0033960003082032,1.0028428161548006,0.9979299094276604,0.9977925266705644,0.9960660236203174,0.9993259086341102,0.9979244228168126,1.0033877251681684,0.9991543978432872,1.0025056734931856,1.002204254468363,0.9985751845984893,0.9985765436012666,1.0023485894037683,1.0057167639316387,0.9943335823315635,1.0015833946841792,0.9974531502397356,0.9983479182509252,0.9998349067344041,1.0065803522246006,1.0001655575100115,1.003083503732416,0.9983438392081242,0.9957322897665207,0.9927397757770985,0.9932596154181689
388,2916975000,0.9956795298165462,0.997873543796238,0.9976275579441597,1.0054579835402868,0.9996560302507197,1.0002603564135755,0.9942911465596859,0.998330666053621,0.9955453878302796,1.0041836661505745,0.996418269310912,0.9997729672497417,1.005840370350941,0.9967891463759739,1.001600542767392,0.9983058709056251,0.9929936345308693,0.9969065503345518,1.0045568809858139,0.9988796233030123,0.9919023730062675,0.9947492093949845,1.0052495045127607,0.9986054757156828,0.9946450173301149,1.0033092466485085,0.9959527771390957,0.9960472622569194,1.002969740970141,1.001112097863994,1.0025651179930712,1.0004939176834668,0.9993901379322251,1.00192049410185,1.0013575845070775,1.000802979218403,0.9988530388967762,0.9971870974221794,0.9970825440551884,0.9996656258368602,1.0010496595736351,1.0001643785732621,0.9975704687290811,0.9950947850611117,0.9962197843921118,0.9999252861380513,1.0021747560354124,1.003131730554297,1.0055618032940405,1.0017616489840986
389,2917250000,1.0054723578106588,1.0043440768965441,1.0022189435365865,0.9990204644158354,0.9994810817367257,1.0036139863833355,1.0076785504735626,0.9970289079092337,0.9976318052397021,0.9917565348603208,1.0022685882447864,0.9987423735303409,0.9960345867151991,0.993232031371116,1.0016871412254265,1.0026889497720262,0.9969895181789341,0.998779597666836,0.9969851661659487,1.0009769815132148,0.9951545765018376,0.992112049779277,0.9929153250668706,1.0078247476655473,0.9993986959721933,0.9950538387212379,0.9949411194824851,0.9983969666715179,0.9958685078722737,1.0023472778281013,0.9998747950772117,0.9979238984397532,0.9995065841187503,1.0019754637050813,0.9970513607686216,0.9955155262512903,0.9958925929416124,1.0012740558921125,1.001253818566358,0.9980835289028099,0.9991064154298296,0.9981822456476831,0.9939586974940993,1.0002534349233323,0.9993968846581532,1.0016111718102436,0.9999409731390057,0.9932865228964975,1.0032479241801238,0.9993156467969172
390,2917525000,1.001841433233255,0.9954688571351068,0.999456267381002,0.9924879223861396,1.0007923656379738,0.9951672152363126,1.00671968781851,1.0010904958542328,1.0028811077241273,1.0041966792639283,0.9973722784996222,0.9978554366360386,1.0001311701860947,0.9949125927504944,1.002200816756825,1.0012916176177546,0.9972535140760131,1.001389110876468,1.0065853309736013,1.007888658102804,0.9986627923028079,0.9926460648308959,0.9861767468506144,0.9986593506094967,0.9973510183119418,0.9968288832693261,1.0051834879112056,0.9978257720392466,0.9975327160663523,1.0107351371833384,0.9987535394045353,1.003752221571509,0.9948689823500824,1.008423720203088,1.0053497079776885,1.004998849895069,0.9999401501927164,0.9955517229273552,0.9977222590269066,0.9970351661392539,0.9974002487412728,1.0002528827656607,0.9982892681365622,0.9989860331920588,0.990052039382501,0.9959106352792575,0.9985981999690294,1.0015747238990442,0.9999946583368807,0.9962291460696188
391,2917800000,0.9951638218977652,0.9950012330056285,1.004275366313176,0.9969732414671035,0.9985259250255242,0.9990333489002193,0.9951231804329865,0.9951399661151806,1.0023805354748196,1.0049883010352967,0.9949524156991757,1.0032147251642403,1.0070689479518729,1.0027793004287568,0.9937562509294349,0.9986887462761475,1.002479351305643,0.9958792008886707,0.9992159022743944,0.9995852625187029,1.0011643789488751,0.9990612836876142,1.0059122524132686,0.9978327716559258,1.0009541596848637,1.0013171676498298,1.0021302041766629,0.9943829173771053,0.9944649825320232,0.993728890401376,0.993758652208457,0.9994286546359753,1.0043827095199536,1.0016920102401914,0.9997329091978658,0.9985041315419237,0.9977137269948774,0.9910399096551956,0.9985267888598003,0.9913890651285526,1.001052087703699,1.0049723202263454,1.0057464115965664,0.9980684731745183,0.9977058513831814,0.9983108512362769,1.0035410443496577,1.0034392796634397,0.9906173368480791,0.9972300073191467
392,2918075000,1.0003014263527008,0.9987509304232092,1.0071743650832476,0.9986983961003534,1.0052544522649258,0.9969364325866441,1.0024436092396516,0.9998633150110651,1.003274398548609,1.0020175755548093,1.0025641138560297,0.9941519028435339,1.0026625537545106,1.0010056320997163,0.9996980956927483,1.001344330498177,0.9966052623193982,0.9953499934698026,0.9984468688332622,0.9982516412198529,1.0081849126065978,0.993545243217521,1.0041431056066386,0.9991044721746936,1.0015888864163518,0.9970704326087038,1.0034965698312526,1.0003142727318797,1.000486225109667,1.001502292029349,1.0083884991891023,0.9979081322775013,0.9991863130730017,1.0024035037543628,1.0042984660389414,1.0032772057492962,0.9975823993083109,0.995580152308076,0.9973255630729786,0.9956141053348491,0.9998481598210908,1.0011022336376458,1.0038968974400413,0.9999159211516203,1.0022006602180331,1.0059772589618727,0.999378190888304,0.988582288701721,1.0043394483064634,1.0027064522622067
393,2918350000,0.9980161025516184,0.9993177215562955,0.9998457689188147,0.9975077109245354,0.9957826127745643,0.9963583935528411,1.005735293438791,0.9987696490727528,0.9990892129892337,0.9977549540465354,0.9990639071401024,0.990846651582364,1.0010590583563803,0.9966001957348862,1.0056588765450183,0.9995899089455439,0.9975694266256097,0.9981765067708893,1.0023002657379705,1.0022719470544292,1.004730022304866,0.9994984392015136,1.0033319193867904,0.9932202645503804,0.9991535401320136,0.9966828349288874,1.0095295166744302,1.0071445044910177,0.9971357722395184,1.0014714387702661,0.9971198100724231,1.000010445625711,0.993056798579308,0.9957953962297443,0.9963706615271848,1.0028276385339971,0.9980911114954008,1.0010784958692147,1.0005950619906523,1.0030732251373091,1.0077258252897972,1.0045502039740777,0.9917238723231702,1.0042312521270067,1.0009340467855237,1.0020007241274484,0.9986791821410823,1.0007384123767653,1.0002287174383708,0.9952418736082774
394,2918625000,0.9978706595372414,1.0057261744610166,0.9960037606958432,1.0042842089114081,1.0011561182342066,0.9934147933680614,0.9975247950936794,1.003139434380904,0.9978915204723857,0.9927729589613898,0.9980332222587961,1.0003943322496278,0.996181903142288,1.0024425133515562,0.9982502261246476,0.9945200504975861,1.002009272148687,1.0044723500449515,1.0005702147626,0.9946437212693507,1.0018431754466999,0.9960711101921172,0.995810650943014,1.0023621431475778,0.9984401145048264,0.9919143265197261,1.0038996523429817,1.0048867195601632,0.9959775043935108,0.9992171371543467,0.9987790906427896,0.9962265414905088,1.0051026273698382,1.0015328395337026,0.9984210485639423,0.997457711327256,0.9995043095176178,0.9992769019837604,0.9962606293964679,0.9978554860843759,0.9907328116980854,1.0032724392882886,1.0005139926744075,1.002623332909391,1.0051025865514682,0.9936740622901187,0.9923993468535349,0.9986134408654935,1.0072737605570092,0.9945958526002495
395,2918900000,1.0026558098539178,1.0023324079222413,1.0015693066091818,0.9963352666040131,1.0085180851998066,1.0010152309106648,1.001460271384716,0.9936694245612926,1.0040934000395154,0.9984284923842223,1.0021608520371053,1.0004272391635727,1.0031948263786095,0.9998608854869049,0.9997792793223876,1.003066553955599,1.0026780043704107,0.9994031177869234,0.9938319023926951,0.9977832332880945,1.0007871780311817,1.0041822388352721,0.9984043823058989,1.0005666296627926,0.9975232607004388,0.9965014494024999,1.0042927904943488,0.9999829006340706,0.9993916856043158,1.0016452440806494,1.0080496238077163,1.0034553796617798,0.9934851224749541,0.9988805088402531,0.994110799032905,0.9986220051201633,0.9953112575328584,0.9964991257146718,0.9960031939411029,0.9993608399234108,0.9986023430600098,0.9962481811661926,0.9955302100917788,0.998423248425542,1.0041404243334495,0.9979835353238257,0.9974913930647932,0.9969122862786751,1.0026941514507395,1.0004525931769233
396,2919175000,1.0016251513655956,1.0021616748930995,1.004387721299175,0.991560683112842,0.9889921498796916,1.0098441093064228,1.0054591713636722,0.9969510700693414,1.004459695601451,0.9964101907798639,0.9970142763518699,1.0040184265787677,1.0046796552528674,0.9987546316737309,0.9994400329643514,1.0001169148487246,1.0014184210162367,0.9957957634653748,0.9944980100391345,1.0006267083036697,0.999546579656327,0.9964702302348369,1.0018773180779317,0.9976872108668386,1.007924846632451,1.001233818032542,0.9910203164583256,0.9991001844723599,1.0061597635076929,0.9938408388731795,1.0045634161412635,1.0072280030882466,1.0036334504198443,0.9961402101606909,1.001761445774258,1.004116109493854,1.0011233551015266,0.9997136989814692,0.9991230814866232,0.9959706277610416,0.9962389837362585,0.997033450674462,1.0028612147251195,1.0000879268093363,1.003320503866405,0.9920816595368702,0.9997154446872233,1.0028031660418681,0.9984332722428578,0.995948513731204
397,2919450000,0.9957329954728371,1.0027344881966587,1.0029259073149746,0.9988070277157233,0.9976333664565608,0.9926106928389589,0.9967214690485503,1.002315806121682,1.0040167460756826,0.996515593800823,1.0012182508581078,1.0043594119446801,1.0030799892190752,0.997504795601627,1.0029112820474613,0.9986053782409884,0.9980575421054101,0.9970143617611065,0.9989393142877351,1.0017125592164773,0.9965570841833662,1.001259558644862,0.9983351736433614,0.9999638061598681,1.0030101415828325,0.9977874248768112,1.0003743755795558,0.9997743870997734,0.9951140340954433,0.999800662181937,0.9962500770681018,0.9976008864762447,1.0014087277082742,1.0043364616693673,1.003264869327011,0.9980826886304728,0.9923059363831226,0.998637555734299,1.001138741887121,0.9994653211281075,0.9982299180666644,1.0021852694390259,0.9981277196208532,1.0089459730942116,1.0018092178332585,1.003901626650044,0.9965702909952472,1.0016894915069448,0.994997574321227,0.9997187324674244
398,2919725000,1.0034021558320387,1.0028319972122388,0.9993569548342083,0.9977099302535014,1.0005500476894447,1.0083204417088847,1.0046995395260072,0.9998008255432034,1.0042418858365327,0.9982301079532622,1.0017352154669144,0.9974582432752733,0.9982497114212135,1.0067019224525535,1.0065771301371347,0.9925377139087919,1.005158913951768,1.0048056972563877,0.9980124299183708,0.9991140449612168,0.9943992476733632,0.9968273674603225,1.004674945506822,0.9990413465543078,0.9972312890423533,0.9941488457114863,1.0031652015053802,0.9955815442712646,1.001404392831243,0.9987449869600511,1.0012158879573063,1.0003925709594967,0.9969193968946245,1.001098713826134,1.0000228254709431,1.0002599848992964,1.0031554166579844,1.0018894087092787,0.9945651831142948,1.0009417800990215,0.9952293734057654,0.9968040734114207,1.000907429145884,1.003093018484981,0.9988641016607479,1.0019807065410489,0.9997617916833594,1.005536590220572,0.9932743513485651,0.9974608248339625
399,2920000000,1.0068903996116203,1.001646806001584,1.0003503708666373,0.9978953916279424,0.9995123804503949,0.995644608590248,0.9987757143277861,1.0013048959677375,0.9965538148568047,0.9977889131402736,0.9955470897681118,1.00900305594872,1.0018939869345616,1.0029533057966868,1.000733712617652,1.0018143265118427,0.9924307818696184,0.9991133838955295,0.9957970037866812,1.0066431523484267,0.9999833221534966,0.9971925622229979,1.0027423483483333,0.9906791376591265,0.9958901003894532,0.9976494951251303,1.001267303115759,1.0023627183034227,0.996598486261369,0.9977379964351158,0.9931097538589607,0.9942148540480037,0.9958960859300829,0.9972700617701006,1.0017180269780968,0.996246119035204,1.0011817498947022,1.0048436899704347,1.001965435969384,0.9984843218545555,0.997913596940842,1.0043293599152003,0.9961773842119732,1.0045633553359063,0.9961425284851506,1.0025350931817318,1.0008348259917021,1.0007635530278718,0.996377632213595,0.9998551493446347
