,0.0,1710765744.0,1710769384.0,1710773017.0,1710776650.0,1710780283.0,1710783926.0,1710787559.0,1710791192.0,1710794825.0,1710798463.0,1710802096.0,1710805729.0,1710809363.0,1710813002.0,1710816635.0,1710820267.0,1710823900.0,1710827545.0,1710831177.0,1710834811.0,1710838443.0,1710842081.0,1710845713.0,1710849346.0,1710852979.0,1710856619.0,1710860252.0,1710863884.0,1710867517.0,1710871160.0,1710874793.0,1710878425.0,1710882058.0,1710885703.0,1710889335.0,1710892968.0,1710896601.0,1710900237.0,1710903869.0,1710907502.0,1710911134.0,1710914767.0,1710918400.0,1710922033.0,1710925665.0,1710929304.0,1710932937.0,1710936569.0,1710940202.0,1710943841.0
0,2810275000,0.998534310089944,0.9976340943679773,0.9961373511172951,1.0011764435290578,0.9948428144667028,0.9962028412913644,0.9999398009480555,0.992172652977199,0.9953593811176973,1.0010924218353343,0.9945510759663035,1.0062466414648017,1.0015319452052045,1.0008980607997788,0.9985818250468054,0.9981755123973671,0.997134688891553,1.002056294650109,1.004297744681739,0.9972119454607166,1.0039217205251696,0.9869080155521895,0.9950272813933003,1.0000366443541386,0.9983209664747007,1.0004147165676864,0.9911466829384671,0.9937234879851002,1.0039656275963107,0.9986487220059364,0.9969107755674984,1.0018886223647163,0.9927494296540215,1.0029810224335802,0.9948378098173629,1.006416717826467,1.005735567945971,0.9997448044884606,1.0013931196200432,1.0057221409271617,0.9964578513353823,0.996451678088221,0.9995926656520987,0.9948636073728725,1.0002113193304945,0.9988824941233618,1.000074655973671,1.0045900685043212,0.9975006833470268,1.002337375727699
1,2810550000,0.9978821008778758,0.9970115756629473,0.999542180746039,1.0013300751706549,0.9949854671630185,0.9980047306488256,0.9985942548761843,1.0039857772200318,1.0001002943559014,0.9899002377659484,0.9972917464572224,0.997983061922245,0.9960494471019187,0.9967079807096552,0.9994176493391075,0.9965920216097321,0.9993720036626436,0.9998113813552414,1.0051772716448824,0.9984411869032683,1.0065457046310349,0.9934220256427699,1.000795222249476,0.994047294389247,0.9974818025644743,1.0001925521896375,0.9951941103844221,0.9958982747729108,0.9972247290098218,0.9932735236251201,0.9911544094366469,0.993252032743688,1.0049405250080805,1.004703578459034,0.9994520103528283,0.9892998551869686,1.0000170294709507,0.9963010068814491,1.0021526971307657,0.9977325537481909,0.9911723741320929,1.0021385745810143,0.9952790756412645,0.998075151306385,0.9970062871997964,0.9949324166654007,0.9957857056677604,1.0019307330632317,1.0000290496040254,0.9932899188055361
2,2810825000,0.9985996313101019,1.0010122112593385,0.9964689530563645,1.0045968201051703,0.9968944609093908,0.9961546351148194,0.9938561144264912,0.999917123149088,1.0004935986009158,0.9937777389081291,0.9901035492844104,0.9966795386298702,1.0019275701683308,0.9992311090703238,0.9914435929978656,0.9957472289020868,1.0014699481780862,1.0002158921967228,0.9999017381721462,0.9970681049943895,1.0029742629056166,1.0028195522070371,0.9971235050492024,0.9986024932566282,1.0006348608831355,1.0035987911770268,0.996466763442568,1.0036318386714376,0.9996156332393932,0.9961383068971296,1.0008960363122874,1.0023587336870365,0.9974770392016562,0.9911425483130776,0.994589794939142,1.0033562806352367,0.9944704000617736,0.9981249415799722,1.0017637763904563,0.9970717578543015,0.9904104505323879,1.001493500019626,0.9970657774559888,0.992898191729904,0.9952021772460546,0.9972196219991601,1.0083213168899174,0.99359023769978,0.9925969396166037,0.9881432014798942
3,2811100000,0.998589111971253,0.9994084149604744,0.9961509844451315,1.0042364435189859,0.9958871728786571,1.000030826740413,0.995997282839472,1.0060458994659096,0.9993609255706621,0.9944436588742749,0.9907463409696339,0.9999912800162565,0.991531826890868,0.9941330626790267,1.0002377925052717,0.9951533235826837,0.9906516517240951,0.9937291659526942,0.9978069026665982,0.9990381738000179,0.9972676929485744,1.0003740115036448,0.9956632958407295,1.0041523333854223,0.9979085571802045,0.9894247693065885,1.000192597707109,0.9986384260602338,1.0049076652051785,0.9924559231480833,0.9969015882677036,1.0016329653391474,1.0012036178040176,1.0026992798121435,0.9911399647657927,0.9988301842158003,1.0047501263182212,1.001581803354112,1.0029905053654327,0.9974307116484171,1.0020726345472457,0.9996097628534908,1.000262008240492,1.0007888046222402,0.997776929699161,0.9981016410860565,0.9940392753615994,0.9982125878179421,0.9950124449244199,0.9992096685690869
4,2811375000,0.9977893802030445,0.9973612193658252,0.995591476221461,0.9926003405701761,1.0002823625438333,0.9960557197064221,0.9982088871337297,0.9964322157463503,1.001845662313716,0.9998882677213743,0.9962378860530288,0.9989063415748466,0.9939224553398339,0.9953683252041817,1.0026954212488124,0.9979297746961013,1.003970821576367,1.0036477064139135,1.0017913693919327,0.9979810903824242,0.9975559242007945,0.999208198703088,0.996779636263128,1.0016528094437986,0.9971274990302839,0.9955640794540295,0.9923773450282253,0.9915150915995141,1.0035291371781092,1.0003485076231464,0.9983060428273328,1.004408628791312,1.0062456571348508,1.001569182265258,0.9973007835146633,1.0027556535734417,1.0025644907013647,0.9953449417285795,0.9975684334478683,1.0024689293245077,0.9964116500167024,1.0029193669718393,0.998881947683016,0.9978975844768965,1.001521624763185,0.9993339452905089,1.0028015045239715,0.999296020543641,0.9941730621293423,0.9975274126540585
5,2811650000,1.0026105987977418,1.0025935714850014,1.003870943703157,1.0001986759219077,0.9955025631862031,1.000725182391656,0.9904280025144192,0.9946701748209273,0.9946812640187571,0.9959166745584901,1.0035636829204817,0.99782290991546,0.9998476415192907,0.998359218315571,0.9988639799428435,1.0014373170969504,0.9989230128227748,0.9987618282437668,1.000058789792826,0.9949075716925104,1.0001998771056597,0.9971875235025703,1.0012990223134461,0.9923956754529772,0.9977760416793627,0.9998347545865167,0.9998589334930275,0.9995106029122638,1.0040811150241158,0.9941199417073607,0.9973963693175533,1.0035306311129717,0.9960870983846686,1.004227442870962,0.9935467865368053,1.0016620817024644,0.9987872762380011,1.003842316902689,0.996629750838255,0.995676089514617,0.9916201145674916,0.9965538707132452,0.997081429272266,0.9938053543991996,0.9991092825108,1.005663710644629,0.9984289910365746,1.0032245905889745,0.9952373928230765,0.9941734718848532
6,2811925000,1.0020055220336073,1.0011608869150648,1.0006689831918483,1.0025530237147517,0.9994802833496409,0.9996481726318464,0.9995303486072067,0.9966198935960421,1.0006026565019253,0.9972942144012917,0.9965365727041797,1.0017505170332903,1.0003737334381508,0.9990759944624362,0.9990158865626271,0.9980652427241121,0.9993013249902177,0.9974096220785048,1.0003474228768592,1.0060968733576707,1.0013599353825016,0.9989909060788431,0.9973351438531317,1.0005747182957307,1.0039620671586076,0.9931775595669806,0.9985918239676708,1.0052411945803743,0.9965296153764573,0.9993325570114284,0.9987626138476609,0.9957122279275386,0.9980945834780746,0.9969411812787814,0.9948407733156698,0.9974429518777935,0.9975764162825518,0.991481060469427,0.9928541093391141,0.9968755507426078,0.9990494233757462,1.0021592069577314,1.0019718282778727,1.0005954382989255,0.9964011767534029,1.000263993907908,1.0030358982643164,0.9980842629469856,1.0025193929874168,0.9990265733203338
7,2812200000,0.9968143306134363,1.0009096033580138,0.9971243701698842,0.9972476070124812,1.001062796793709,1.0011411747487522,0.9992692480876548,0.9919416127212727,0.9942011704410293,0.9959549337081536,0.9984253045737472,1.0028744669759513,1.0043611580109606,0.9995136667524097,1.0015315596124903,1.0008937071395017,1.0025584741414857,0.9984553536351551,0.9938023308249401,0.9960495352807813,1.001519958815276,0.993323865379294,1.001593117178092,0.9932496166029423,1.0097851946180385,0.9949244180368654,0.9999552288363227,0.9952965020779556,0.9976336403445256,0.9973086818027251,0.9972096551601787,0.9994832858784546,0.9967494821329187,0.9914211351567659,0.9974101403540707,0.9891265603262391,0.9997402850266742,1.0066534296398049,0.9973071407308387,1.004046287997441,0.9994443646481582,0.9979064031468482,0.9989169003085024,1.0025880005789514,0.9964841376292057,0.9956966519908622,0.9974625217211422,0.9983906354348892,1.0067207440624053,0.9958781417466704
8,2812475000,0.9941150714814118,1.0032076968094297,0.998884480975938,0.9977317357880924,1.002034872178765,0.9986163386561786,0.9975093805396206,0.9959643920727853,0.9994019770256951,0.9971902933023526,1.0074725933969724,0.9913882007710567,1.0038280031142093,0.997000576186938,1.0023910850433313,1.00097360448442,0.999226413548506,0.9897280312757597,1.0093780097958662,1.0016941457272863,0.9978718599457821,0.9971328702673118,0.9982383580763219,0.9983836114433142,1.001867252206597,1.0039164583848195,0.99786800787728,1.001525442320656,0.999132329182836,0.9972974204246856,1.0024250519773372,0.9995534594546907,0.9952354461873641,1.0005258221515418,1.0004917902370551,0.9985201694051565,1.0041778466055666,0.9963461731287653,0.9947036683828185,1.0039413886964401,0.9952869967169339,0.9955548337185804,1.0044400450124782,0.9989948086901289,1.0001373739868111,1.0022439995271117,0.9986569213674937,0.9972187562556023,0.9925180915664407,0.99840594889149
9,2812750000,1.0009083954719669,1.0020477261648304,0.9976798510970967,0.9993159792849131,0.9949110803478639,0.993663810776308,1.000699995374858,0.9943202850470901,1.003732231125952,0.9927251411219894,0.9968546189824762,0.9881227276720957,0.994696317894639,0.9978451918384525,0.9989254970267339,1.0030195536116095,1.0020362329357235,1.0026179682509169,1.0022486079476927,0.9968598249941518,1.004249966553658,0.9987180813734988,0.9915664382694367,1.0022810171056866,1.0000075351198359,0.9961579832530215,1.003312338240208,0.9927444284964267,0.9983181460405304,0.9968963695111835,1.0034666224911815,0.9890882688060051,0.9998743320734326,0.9964703569063457,1.0012960132286988,0.9880789693749715,0.9975634593418292,0.9960757603110563,0.998442052287297,1.002730758363759,0.9993698506824003,0.9941323787894258,1.0029770006517436,0.9998483427135622,0.9968039218707492,0.9940457594665243,1.0114775879747984,0.997070279391175,1.0010623088739479,0.9923612476651171
10,2813025000,1.0028044167981385,0.9913997461004206,0.9989399806050419,0.9963848728732854,1.0035179341776799,1.0021972618724795,1.0020997975551067,1.0015381550818137,0.9973060178032892,1.000084797829225,0.9982331128523192,0.9946461893894423,0.9955795893145949,0.9901151618659365,0.9955966339370059,0.999274249770499,1.00072878947817,1.0053274866154898,0.9968457589125527,0.9989596631119448,1.0011543376482726,1.001470507966159,0.9889884871309204,0.9990017051512272,1.0002706063599367,0.9975048293340624,0.995558239107717,0.9989030235446295,1.0011524456994303,0.9946173146061931,0.9953906639092854,1.0003535195874325,1.0065935814108162,0.9952089218390203,1.001346230281784,0.9985401858785359,0.9993851799518462,0.9910765095578101,0.9976163946387918,1.0027521938318862,1.002451239965269,0.9969923192769004,1.0008987812916788,0.9999397864613476,0.9961469346252273,1.0009451939947311,1.0088672443695084,1.000305271506686,0.9960515985633421,0.9990843688137181
11,2813300000,0.9997264941751445,1.0003506978661747,1.0006712889301266,0.9965808968634396,0.9982512388491483,0.9987573156387046,1.005766139190424,1.0040047680373045,0.9975002686957269,0.9963352114323223,0.9967226873830521,0.9982325639279411,0.9994294459772978,0.9943934995484045,0.9952228817113735,0.9985566878302433,0.994359163785547,0.9955506802750117,0.9946210131347364,1.0017644023028494,0.9978382020205825,0.9990882061462171,0.9953954735855196,0.9918806901012834,0.9955113142792479,1.00208894121892,0.9970220829934496,0.9986909832786331,0.9965045044808709,1.0004946114708213,1.0042016051653435,0.9990165670212223,1.0003749187119582,0.9985245564375156,1.0097791658304012,1.0034660514205944,0.9973568359550946,0.9950349706681523,0.9961776588180695,1.0031208775298583,0.9994626130616393,0.9969854450519215,1.006187974563205,1.0002751162372248,0.9967223181191776,1.0015107433362498,0.9938630540664715,0.996597967066432,0.9902585579505471,0.9995572312757969
12,2813575000,0.9931429574772708,0.9999503722211134,1.0022147444517056,0.9997518685996981,0.9936905467840839,1.001994576233608,0.9981564687811043,1.0024913988812425,1.0062389973458299,1.0068386107356864,0.9998078140489639,0.9995104738757196,0.9961917397805894,1.003344424168885,0.9992981199118545,0.9967867061001641,0.9948465461790315,1.000935271807405,0.9995212032080298,0.9967647303128668,1.0068543327125354,0.9942686955314873,0.9973529134662918,1.0001567638189353,1.0008956278436032,0.9975995368707543,0.9994873624244807,0.9939692373153203,0.9930270827415254,0.9941535118798374,0.9930592067957876,0.998078614749258,0.9981589336108777,0.9962308687092714,0.9955185699465816,1.0045798593113806,0.9960247478568185,0.9993241524221081,1.0022532192382065,0.9952920399445191,0.9994571701449995,0.9978406401529365,1.0024604676897764,1.0038880712106708,0.9990340904429621,1.0066161391230517,0.9999569161202364,0.9996005369801721,0.9958132102915517,1.0019481970573891
13,2813850000,0.9996865065513895,0.9972653138997625,1.0000611558268335,0.9977153896152093,1.0016550875056287,0.9953779531694801,0.9976266980056605,0.9986780733501339,0.9969688502930819,1.0010989306935303,1.003631151232928,1.0039016739084081,0.9949464302321634,0.997477893155438,0.9998207821762917,0.9989731096638678,1.0034504172823095,0.9947206047057103,0.9947065058492942,1.0025769799979822,0.9989942885360186,1.0003513186523008,0.9916445064045757,1.0017861557628427,1.0023902890390728,0.9977796952525572,1.0002333303995976,1.0005938051903693,1.0002562115648033,1.0029653396571887,0.993547287430947,0.9993751111515456,0.9971615135465518,0.9999518318396546,0.9984923575558797,0.9921323286434016,1.0063083855528356,0.9994310418913066,0.9959028561021303,1.002408381448745,0.9983718258820155,0.9982585102265311,1.0037675806986563,1.0015806121169013,0.9984715675801411,0.9943276437571893,0.9984860124900451,0.9990736438050809,1.0000481205418121,0.9988829314763924
14,2814125000,0.9999426624944665,1.0008555831832735,0.9982949529003633,1.0022561817319335,0.9972037469373318,0.9984826820021138,1.0012023944067285,1.004981779491468,0.9887231976123464,0.994962193435893,0.9951248030702559,0.9938513487520321,0.9955771186349068,0.998013507289413,0.9938967176313555,1.0006705966292713,1.0013663350964035,0.9953341867878251,0.9913330259799278,1.0022618125486515,0.9932911895930434,0.9993607754733109,1.0001273941803006,1.0018799433620873,0.99046599217847,0.9953456432174306,0.9980471592098945,0.9960962471521507,0.999768784594035,0.9993102738790386,0.9981131810708403,0.996547181392762,1.0012240191295207,0.9889053396531425,0.9958602404708029,0.9910352720803693,0.997967296158185,0.999298668776887,0.9984835223378875,0.9960588429096233,0.9966952753492111,0.9945151381917088,1.0027583485419573,1.0046636674546874,0.9951993416645324,1.0021644470041127,0.9924637470159289,0.9999395245810506,0.9959005640725824,1.0014641169533947
15,2814400000,1.0029377842424092,0.9968936480594034,0.9989435227459451,1.0025292739198641,0.9971153471834434,0.9997295287421334,0.9985863938397095,0.9964768232134901,0.9944855906552947,0.9940498354962094,0.998660161151673,0.9961908490181931,0.9959075659158735,0.9975306288178619,0.9940769061601775,1.004217711838656,0.998751462498654,0.9958874020805273,0.9985472249068921,0.9918485419493933,0.9984417608881828,0.9902803711366523,0.9998704210836336,0.9957716020619898,1.0029941748017068,1.0013942293958917,0.9990182624329778,1.0009377464033162,0.9954448195608956,0.9979236320183061,1.0032767720457185,0.9998906688485443,0.9945930107429096,0.997060388325679,0.9963810228512976,1.0079688934019269,0.9927626988691376,0.99169889010081,0.996089712093192,0.998015387091464,0.9968391834361547,0.997217035277688,1.0002597817001866,0.9944474135143845,1.0015892896704077,0.9976208410963425,1.0027225701647107,1.0036051394640937,1.0039520786706935,0.9965506342123827
16,2814675000,0.9968596500388048,1.0071076772507723,0.9985845353850916,1.0017662820217872,0.9932255800878348,0.9939122473968611,0.9979029130435867,1.010819636493014,0.99848409120042,0.9982482726637796,0.9952066969470846,1.0017023189861063,0.9976041731646029,1.0009990022618005,0.9965602336724915,0.9985912443997018,0.9982929754395811,1.007034740979075,0.9918422267465494,1.0014833400845429,0.9985282425228432,0.9933376638172003,0.9969051320548262,0.9924889940056467,1.0026256195519998,0.9955394462069536,0.9985282534630047,0.9983254863268599,0.9950958925909971,1.0023775411378932,0.99990961578319,1.0028553953663428,0.999067412618096,0.9966966397532512,1.0032781946188665,0.9941565404852876,0.9944297478712673,1.0057579076536605,0.9921543050433647,1.0004065367287422,0.9967346012599517,1.000667463695789,0.996029817505877,0.9953949399818578,0.998775580943101,1.0009917435475268,0.9991989094030067,0.995363324377615,0.9947173850776545,0.9995201509098138
17,2814950000,0.9985573467217332,0.9976602753164723,0.9965961677377733,0.9997590642723941,1.001267601400413,1.0039994213103494,0.9993067311322666,1.006574639687886,1.004512382225463,1.004802715225414,0.9929874399451637,0.9972663673569806,1.002400018699898,1.0030184557911441,1.0018088691858311,0.9965855246582256,0.99809850851649,0.9968896252724555,1.0023403642726811,0.9951344730084613,0.9981792073268462,0.9964205137145066,0.9967805576253113,1.0013655517895974,0.9989461376577592,0.9933399864859378,1.0048188741782733,1.0064092908031395,0.9988684050515082,0.9991822964344699,0.9979098383621654,1.0063921622635008,0.9947378518629203,1.0042145986955493,0.9975862725383962,0.9996231254356803,1.0048964357103025,1.001886012879924,1.0029906090636336,0.9956582720896109,1.0019560093776247,1.00323458365313,0.9962641855467592,0.9980563549904835,1.0002111589453184,0.9989997403615246,1.0038041523833168,1.0021939937989184,0.9942581858116543,0.9995140677148868
18,2815225000,0.9994052357743618,0.9979871992305931,0.9992408140242164,1.0023023493617256,1.0000590403723462,0.999301710370854,0.9979124494015114,0.9962600741675283,0.9978585610992622,0.9993948992018715,0.9943215823540604,0.9947534244053405,0.9954333092381734,0.9960780121314219,0.9993984752573306,1.0005176612614135,0.9992090876274383,0.9979086503151704,0.9917270801507224,0.9986773142522841,0.9971014631651705,0.9934758398001785,0.997729549022585,0.9972661661399213,1.0068124229217232,0.9984414693935632,0.9967431683787841,1.0062246789882106,0.9961165900093221,0.9997852810738107,0.9969991442777874,1.0022018200058036,1.000802404475505,0.9939910908098434,1.0002232155300905,0.9918956926965976,0.993599674674837,0.9984358100420394,1.0025584051651024,0.9972528609829439,0.9986626300033217,0.9982453393513281,0.9983465542576082,1.0071666427007573,0.9970355389005631,0.994365708974956,1.0017811508340753,0.998795218773603,0.9959839326656936,0.9993212386787319
19,2815500000,1.0003921850656607,0.9932892647210954,1.0033739264207227,1.0020128910623802,0.9995933871195977,0.9950474259986765,1.0048227775701846,0.9991670845406575,1.0010436378575938,1.0050568743684212,0.9943046824110053,0.9992551866433367,0.9977972687953718,1.0016936662135436,1.0019306231005638,0.9984867914123261,1.0086998866966397,1.0013729847864894,1.0028817532832566,1.0018004755667427,1.000339373667188,0.9913725025826395,0.9964525706889625,0.9966993702410645,0.9960521336385781,0.995330790954814,0.9933036985221175,0.9994212636750162,0.9951330547319068,0.9958687713986945,1.0031311086424608,0.996567784731301,0.9978889957489235,1.0002837338811088,1.000599483870908,0.9860635915085015,0.9949269480130868,0.9967310183836618,0.9990291113513581,0.9997670080633133,1.0055144002464722,0.9931150098584416,1.0005486827068406,0.9968572092972524,0.9989046239064091,0.9978817283074831,0.9983620398695608,0.9991875661215492,1.003587733748349,1.00056082597458
20,2815775000,1.0006339508827273,1.0050558329233052,1.0008314892697385,0.9942298690718593,1.0047197862037986,1.0002996938889859,0.9957980193420869,0.9952244901805951,1.0006747586601845,1.0069238267415814,0.9950964526091294,0.9945133961891756,0.9951928689235718,1.0033673019500085,0.9923076924845382,1.0018168289950582,1.0057204366489303,1.005183928104938,1.0050593205246874,0.999760106111794,1.001817809559043,1.0062482928554681,1.0018172064947986,0.9968658934276894,1.0014480509117216,1.0041041462786948,1.0041784140068553,1.0002666488962488,1.001080444737416,0.9956461545806081,0.9951658134910568,0.99711031377121,0.9946957717729249,0.9964976116000477,1.0064772373124748,0.9924557675355712,1.0017706728444695,1.0037092612640117,1.0004538773291263,0.9997011220369166,1.0000572857359784,0.9995289346333057,0.9978537094594429,0.9931771992567349,1.0005278581669004,1.0049086336842505,0.9983356240854682,0.9995609059437421,0.998776112374966,0.9932048310050616
21,2816050000,1.0037479180625717,0.998241488661357,0.9950333408729746,0.9972666829526702,0.9980878422407652,0.9930977429921932,1.0002384466272838,0.993802824769918,1.004686895986109,0.9984410319713041,0.9919324388622172,1.004569093518507,0.9993038882065035,1.0038988423535276,1.0062515003188541,1.000051159737233,0.992212969699756,1.0015928691251141,1.0035051510536546,1.0042513120135568,0.9984990934839718,0.9960404241149668,0.9977496540418943,0.9918310618275409,0.9985429569952472,1.00038359510066,0.9957981861424645,0.9998649205648772,1.00617741094176,0.9969914918711288,0.9924836628333402,0.9968559700641934,0.9987515705936548,0.9968552300865163,0.9976303887261989,0.999884873441827,0.9960152414354786,0.9990509193758951,1.003727291286958,0.9931892116537985,0.9959475261407468,0.9979636235907628,1.0004387479398218,1.0008537738331311,0.9904799739896899,1.003671346217893,0.9985253870029566,1.0064094965371655,0.994819725631395,1.0010207643364661
22,2816325000,0.9995609480000837,1.0043657109456474,0.9995984159912744,0.9948144815530745,0.9926178705764119,0.9997362155573523,1.0025708272981844,0.9976256321749245,1.0006061624256695,0.998726653484731,0.99867866028805,1.0079767686177907,0.9922926273592108,0.9993027253742818,0.9997490047206541,1.0008442216519362,1.0025680994160684,0.9927196048757853,0.9990656472919162,0.9967345207056364,0.9957505947249176,0.9949071820947185,1.0035046512755372,1.001350131051171,1.0018650048926376,0.9940258861386758,1.0015567520486166,0.9980123850776011,0.9983069294631708,0.996021931084797,0.9954812949658457,1.0008221328557565,1.0029307164331123,1.0031046169150357,0.9975779430406683,0.9951694379722793,0.9989226512655791,0.9989652607206235,0.994780572450437,1.008597316306932,0.9983000254520858,0.9989226260178224,0.9965984936927426,1.0029527503764062,0.9908713940935402,0.9985430259097537,0.9966602960004775,1.0002474228103546,0.9966962672936595,0.9970674852807478
23,2816600000,0.999776368035676,1.0031738665883851,1.0051415917858857,1.0008311738395086,1.0005832388482412,1.0003696126767894,0.9976242709255876,1.0011296939068923,0.9999673359054475,1.008827153101225,0.9960307288496257,1.0006197021467849,0.9935290691607153,1.000404434245079,0.9897517687355142,0.9975180414128118,0.9988959985933484,1.0014548448805123,0.9956892165283647,0.9978341652126168,0.9923542296316018,0.9947474690484764,1.0000979551858782,0.9966696886671178,0.9955074320730095,0.9990126402999496,0.9933688473656754,0.9962871518002868,0.997072313060643,0.9993045253202391,1.000822344126392,1.0002260429141965,0.999853952515252,0.9946337452410118,1.0009021966791682,0.9951520637534683,1.0000538176290756,1.0027800219324714,0.9969279186202826,0.9940181103965997,0.9969001595179097,0.9957325797790022,1.0000121463376697,0.9960352598867653,1.00259070387665,0.9906681923101338,1.0038278335229402,0.997138394170139,0.9931806525377549,1.0044384316969035
24,2816875000,0.9990142713233933,0.9996924585062175,0.9982649441653487,0.9989934650687458,0.9916656278582101,0.9890045251868645,0.9965820004530322,0.99277850710633,0.9963444050578523,0.9987704061306302,0.9958564502231072,1.0069697594712357,0.9961624197317516,0.9974201504549473,0.9943792322200855,1.0017011544031593,1.0011075827936637,0.9983303109843451,0.9931464321024759,1.0028056974101918,0.9993641092845762,0.9979405410554752,1.004012000645165,0.9972072072244788,1.0051637888727802,1.002506158031351,1.0063503342876958,1.003437644705271,1.0021512762292268,1.0087462274717274,0.9971073383560979,1.0042172052906984,0.9986201546384691,0.9971484753695523,1.0050129840238389,0.9999196611585524,0.9976187299301719,1.0050199214937945,1.0015363211200838,0.9944696284092105,0.989927332903848,1.0027135968168714,1.0038236037917851,0.994278595664699,0.9969015135553405,1.003313802396534,0.9994424180504456,0.9980149781642631,0.9940814476146675,0.9977021774679284
25,2817150000,0.9981854343149228,0.9966824785773745,0.996150709301291,0.9957069039338459,0.9997937986340538,0.9920407854766394,1.0018317834127062,0.9966141132593067,1.00263231279229,0.9989422431732602,1.00211456958227,1.0036506383508437,0.9947770111163817,1.0015223632896235,0.99536722508009,0.9973561035590072,1.0032655409115447,0.9952402631222915,0.9992702563714421,1.0012757277896325,0.99648876704006,0.9987797275667304,0.9977205884028382,1.001507950928856,0.9977531683802225,1.0043786976715663,1.001069892311468,0.9962920211307216,0.9977544268597326,1.0059616861463854,0.9969726472815558,0.9955883400449025,0.997609038700639,1.001584353965441,1.00181032593795,0.9987460887208974,0.9991637413966826,0.9967114132209762,1.000549768503641,1.0006785366653046,1.0011806207762757,0.9934889740249957,1.004372728945761,0.9959950801644535,1.0031684974809139,1.0025970613554718,0.9949650361134144,0.9982595744969914,1.0014084224994897,0.9961119596264877
26,2817425000,0.9994398446371044,1.0006600514599124,0.9989944733295215,0.9987279110419085,0.9952766408818946,0.9982884922159121,0.9906904897547454,1.000997658208519,0.9988121343572303,0.9952711830056741,0.9985753709571874,1.0008401825904156,0.9977960149183461,1.0048874348523327,1.006924126635212,0.995815778018729,1.0002737789709197,0.9976587395077599,0.9961746687758061,0.9932361376434541,0.9950700550926725,0.9969373634480566,0.9924362160478788,0.9973713448026134,1.0012213722679262,1.002298873606063,1.0015825842994373,1.0055721941233042,0.9963318715298702,0.9995459504140941,1.0034754798846826,1.0047624669517825,1.0011204699179581,1.0007932307150658,1.0021778479959478,0.9945721811569596,1.0052590637690726,1.0025398471180154,1.0020819664779326,1.0026282016339434,0.9978524867847475,1.0010131373513518,0.9954152636967383,0.9975806650180576,0.9936735092358472,1.0079475467745558,0.993356692918369,0.9949142007111899,1.000747536053472,1.0016995845685863
27,2817700000,0.9982233980453242,0.9970908891552727,0.9960546941477642,1.0027249784761427,0.9962604801379072,0.9997703041395907,0.9934182080208674,0.9958374005090348,0.9980252034896836,1.0035883796235432,0.9927302803826638,0.998888671168823,1.000025567553818,1.0056713742730423,1.0007745480011603,1.0024643308155594,1.0010794149862627,0.998771812187226,0.9945165004210599,0.9934640260859902,0.996709101675954,0.997769523106092,1.000950002288043,1.0001824888312865,0.9996916846386188,1.006146369507473,1.0027625905550874,0.9963190893055818,0.9934232279518295,1.0011008134154726,0.9977785273170472,0.9956041731440776,1.0009365692533418,0.9958077786146461,0.9909733918169159,0.999354507705496,1.0007767250823945,0.9990548121096942,0.9959719370710106,0.9997829566491594,0.9980153323935766,0.9994297495578336,0.9981445079211241,0.996592275793013,1.0061637862914863,1.0049260863900102,1.0026754341185453,0.9992010512104534,0.9968107048267504,1.0050218884450597
28,2817975000,1.0001229531335378,0.9995706538817313,0.9998156590075017,0.9999532641200362,1.0016864970706518,0.9987530982754038,0.9997110514728098,1.0042035461050702,0.998618349140742,0.9971578435442665,0.9943611474910553,0.9957099539017764,0.9963303992835087,0.9982784463680301,0.9980791973731168,1.0034944330422082,0.9947002041181728,0.9967230460181616,0.9986916218806833,0.9973233731859142,1.002953499622169,0.9997857961446545,0.9988788744197011,0.9923926704927589,0.9943057981750679,0.9954332386053396,0.9916213034441373,0.9973750332207177,0.9997581755830198,0.9989553464680091,0.9961191414639986,1.0014105520710466,0.9995077525431207,1.0052011444228042,1.0003719244236071,1.0037246008386052,1.002531287224444,1.0014698039027814,1.000022118980938,1.0004262962312693,0.9985017235172347,0.9980492684034559,1.0014939478186187,1.0048075655329658,0.9934004855616242,0.9910356355890512,1.0036210637796943,0.9972980426919525,0.9949283213836356,0.9981452507412722
29,2818250000,0.9998217932278419,1.0036261640839508,1.000570995436597,0.9990590905848775,0.9990048982880345,0.9961570330882022,0.9993035561922338,1.0066386719875204,1.0007230111962566,1.0040556027544139,0.9966903521934315,1.0043036184884173,1.0065332457501435,0.9974475284084658,1.0075758055134039,1.0015324974395117,0.9995794736982164,0.9960680415069796,0.9978602034173255,0.9991932613862247,0.9964104691188747,1.0019497459175906,1.0008479461701536,0.9998546112556739,1.0011261340320392,0.9972236680886077,0.9944601758631844,0.9826356741267285,0.9955016895334332,1.0005414096933933,0.9999344593354125,0.9997757980756845,1.0024877176056006,0.9948532514412226,0.9951757520776058,1.004287775715079,1.0021916487634905,1.0007913983665016,0.9997116391445626,1.0052376867989035,1.0056796576179619,0.9955779208458838,0.9921280007162597,1.0020320741134394,1.0032508197267582,0.998159005886551,1.0035176559618286,1.0046298400299123,0.996641303286727,0.9970915742487266
30,2818525000,0.9986789925800847,0.9992549937400748,0.9984931313462638,0.9881449395872365,0.9949845523214202,1.0001024581394151,1.0000794680772453,0.9932577211291911,1.0018005711965905,1.003538103695627,1.0006463397239296,0.9947234080929297,1.0063691730252045,1.0001117242037836,0.9976598629681983,0.9955512948209007,0.9966340406018168,1.004679284034635,1.000426576018872,1.0005725789012698,1.0032125305492474,1.0035011713957056,1.0002508550401352,1.0026086047720566,1.0029146673715785,0.9988940882196888,1.0001961012355287,1.0016622670046458,1.007791624612584,0.9970900844180356,1.0031608632082525,0.9959538770319286,0.9919252981555038,1.0011818082705886,0.9900992939895403,0.9971926744827022,0.9937529071027402,1.0002573913300266,1.0005191470594275,1.001036488279643,1.0001192674515336,0.9967743239317216,1.000961378165103,1.0027343042910366,1.0000510683419221,1.002021493900727,0.999461799000199,1.0011959972736046,0.9978137641276703,0.998374371398964
31,2818800000,0.9984046974511839,0.9983387158461807,0.9934759939181326,1.005015070192602,1.0045334012348681,1.001286574705773,0.9981011986966917,1.001747191076423,0.9980198702262089,0.9960061783313985,1.003115936716877,0.9943844038778799,0.9949090848037887,0.9937425897198848,0.9989073553516372,1.0011319507191976,1.0078739302084203,1.0041508417878882,0.9960735134217179,1.0037191271569454,0.991847874822039,0.9951986242021627,1.002773271171361,0.9974112530455718,1.0005760739613223,0.998892747768439,0.9967812720244164,0.9979378130638195,0.9976178293254088,0.9931312477572889,0.9951679903558561,1.002913863370052,1.0064652797637,1.0003568232837152,0.9943133307729148,0.9964173703291208,1.0044937949994865,0.9947096983305366,0.9955694073435155,0.9944848060245348,0.9971315641344937,0.9971940728810298,0.9978983388163458,0.9959590878098217,1.008177531550748,0.9985502085602462,0.9989443207518673,0.998597851341677,0.9955624519447377,0.9973296552107829
32,2819075000,0.9995278396540185,0.9969330291091645,1.0028897713350529,1.001694626988451,1.0019700911003786,0.9960176915844983,0.9963187203672862,1.0052670243972666,0.9973531798462977,0.9960414542853804,0.9955663214108041,0.9962937042598441,1.0004116221084205,0.9958724459269893,0.9969739861041098,0.9974140486549885,0.9999253805081806,1.0012571132838997,0.9984178907032608,0.998183656786278,0.996902905750376,0.9987970058423853,1.0001043139674342,1.0061949351364465,0.9961348519963106,0.9990085226629485,1.0021161306389381,1.0036354034328983,0.9940561699322258,0.9925921668560821,1.0015836195838663,1.0004462486204357,0.99882980239409,1.0001709110718682,1.0043535425792953,1.0026765543885412,1.0036503874296652,1.001007555566664,0.9971973944818517,1.0039758814316075,1.0052299321334295,1.0016430202214435,1.0037144684276678,0.9997374038375572,0.9993365836309371,0.9960073337592422,1.0019887417775817,0.9996092155036072,0.993422269205014,1.0060389917411194
33,2819350000,1.0002686681016115,0.9982469154275629,0.9988758580417483,0.9965632948857365,1.0012525025055434,0.9998964837960856,0.9963049251709912,1.0001437255043695,1.0063376198125473,1.0001127220818775,0.9997278538839192,1.0004942228453417,0.9965264526701674,1.0011800168883094,1.0011766993262456,1.0069114795516072,0.9919199250466368,1.00410662775978,0.9988094422817373,0.9978535118611945,0.9953232320334824,1.0055991179267552,1.0027460374295845,1.0009004311124838,0.9996218420036085,1.0031939816577449,0.998762599688866,1.0035952310111886,1.0051115018556849,1.0001403720289357,0.9975113462852608,0.9947870274333193,1.004895788014437,0.995803056877497,0.9931729421890176,0.9984515306186565,1.0016351152711684,0.9972313989707233,1.0040454270106676,0.9944049344828023,0.9908181182573993,0.991915321124986,1.0021019184376199,1.0034689026496109,0.9998997538457102,0.99806145096211,0.993614118117227,1.001751265781065,1.01090953432046,0.9968958433235724
34,2819625000,0.9984151480421443,0.998317947130501,1.0014628496737943,1.0056576751686672,0.9995261271097008,0.9971194989561046,1.0026622258709728,1.0010948096773284,0.9944056691806704,0.9971989777316215,0.9963160254626234,0.9995917654489991,0.9998100509198521,0.9992999874265207,1.003568159195212,1.002402845145004,0.9972869973236247,0.9978110229350269,0.9969215275575976,0.999374308929093,0.9958293531537723,0.9939824709817261,1.002411055332533,0.9938453652714865,0.999217768327513,0.9984995468586163,0.9986994849500038,1.0028033563242682,0.9871494286865944,0.9999827906114619,0.998403513320721,0.9934034048917139,0.9931176611901912,1.004797310567292,0.9955620412195734,0.9985821660206602,0.9959625267129666,0.9998352676257907,0.99936115332817,0.9984153472711029,0.9947218718063178,0.9974632165094638,1.00188560881249,1.0062718294336737,0.9999040969567453,1.0028311604491031,1.0035563942806351,0.9951882898844395,1.0020084781859004,0.9968326051045432
35,2819900000,1.0062306957252263,0.9909364370821131,0.9994645444722724,0.9959285490125486,1.0023819125630717,0.9952130425054324,0.9984199423552024,0.9964769180875575,1.00173771054703,0.9966131012063351,0.9970652722284733,1.000320566627606,1.0020839100062766,0.9994332493129733,1.005049303669306,0.9960876165676729,1.0008518379762015,0.9968922680018971,1.0045334844733027,0.9937387528526543,0.9991663358460388,1.0059241830894048,1.0049080727950321,1.0005191387510872,0.9948646681358955,1.0024085850888518,1.004580127843119,1.0074353636116002,1.001509389093475,0.998964259015151,0.9965208530284678,0.9989439177575437,0.9977492965108447,0.9972944200427879,0.9961663319652853,0.9986908254746447,1.0033100542421256,1.0030809489052512,0.9917647245672147,0.995877800621331,0.9966536993075034,1.0043249306703828,1.0014687927081058,1.00245504790294,1.0002156332003955,1.0016653492287422,0.9983677917911324,0.9975856388100458,1.0013034155969813,0.9961173797564067
36,2820175000,0.9985168716625182,1.0005528219989768,0.9968458022568695,1.0044982467565218,0.9946925556416121,1.003588770994531,0.9993402257483266,1.003525523839489,1.000022052365947,0.9979384219865433,1.0033960511893494,1.0101932271555984,0.9933743987224053,0.9934355885284486,0.9993064128029755,1.0011582961798537,1.0010407104455221,0.9967139290252048,0.9984499204403654,0.9903253836516664,1.0016827825611618,0.99959193084666,0.998133044631633,0.9973717760910463,0.9969156324826334,0.9968050589259967,0.9973627061073241,1.0035046805382328,0.9990246672694634,0.9914110701148078,1.0041154726120647,0.9907661893716011,1.0093357481617151,0.9950083017393155,0.9947105509312283,1.0020114283197088,0.9996909862578631,1.001432864777818,0.9894782187601603,1.004608577006724,0.99784273190632,1.0017328184596797,1.0034091652474515,0.9991951812739034,1.0036722130781477,0.9990925536900032,0.9993298581485833,0.9985208254224409,0.9941138824602875,1.0038323557918023
37,2820450000,0.9963944878616287,0.9968526828133615,0.9997099980263857,0.9978910955760867,0.9988436273084866,0.9950863664069706,0.9997105232926866,1.0005711723297055,0.998528990579713,0.9962861448648104,1.008565937412024,0.9990227553776065,0.9968623681373088,1.0006144831285828,0.9958763873316863,0.9966815738996025,0.9946318384906933,0.99647535803807,1.001563861753611,1.009189617967702,0.9985515897821018,1.0047972488308594,0.9982992063008534,0.996250798080304,1.0011197610339109,1.0024036188278806,0.9890508638458871,0.999913756521451,1.0047135275282926,1.0000000153904494,1.0018288396318407,0.9956145520482288,0.9999398359373176,0.9958333900935261,0.9945937071179565,1.001048571338046,1.0013720129944472,0.9980864326703632,0.9922369933399556,1.0027467406956019,0.9924080149432201,0.9946995432694924,0.9944844837254375,0.9988731724490615,1.002324240905635,0.9999629896889441,1.001173367318952,1.005331446473355,0.9954288341774518,1.0058307064648895
38,2820725000,1.0041464769571644,1.0041118363833594,0.9975399660310793,0.9966575362064155,0.985005662879723,0.995445561923596,1.0026286820206884,0.9964689861319862,1.001949817394781,1.0036764043496331,1.0083936318486848,0.9990207345896222,0.9957723928635216,1.0010986523287513,1.0013582867628494,0.9972359347925275,0.997139834454361,0.9996323723717226,1.0023273344734427,0.9885693751890924,0.9931047066053746,0.9982602400625327,1.000755205216572,1.003270092875696,0.9934980456744499,1.0094134179210825,1.0007018430577295,1.0055851438860377,0.9975755643008347,0.9997378325184139,1.000756816972069,1.005935684388965,1.003620127504954,0.9959591832893954,0.9949640790033397,1.0027561133340617,0.9953157743949402,0.9975333048892555,0.9963232439527342,0.997405492803707,0.9940530688827314,0.9965227268429536,0.9992784900732147,1.0004004589105593,0.9995276763504153,0.9967355713452984,0.9993274974370938,0.9963944367159259,0.9975608506310114,0.9995616030453526
39,2821000000,0.9970413888972833,0.9977331771531743,0.9927974913463009,0.9970448927849268,1.0019359858945387,0.9982276235356868,0.9958217922757415,0.9915832129020369,1.0007804974126897,1.001806155011242,0.9995772829322768,1.0003380463503313,0.9961191954675747,0.9963057417823861,0.998229828441908,1.0021268072843332,0.9962514037212395,0.9924236751358946,0.9985927721372678,0.9984454689625644,0.9975236075544544,0.9996381381270312,0.9945724266459272,0.9992237137112733,0.9969559284830882,0.9971318543560929,1.0016668401038191,0.9964863586481548,1.0034205853371292,0.9964452681295191,1.0046480866641947,0.9970906731867863,1.002882509488817,0.9979516821232091,1.0012322696539642,1.0017556744917733,0.9965676140853613,1.0006605115456888,1.004692830354213,1.001173484619925,0.9961789231742777,0.9951356189218313,1.001886657519972,0.9992627102322279,0.9995556700388278,0.9996871745557937,0.9999538683854946,1.0005577824531633,1.0001350987097524,0.9999587823602815
40,2821275000,0.9983453376169609,0.9986392892458684,0.9998695611536763,1.0006054978470595,0.995675620235528,0.9935106855397662,1.0066322231292117,1.0100577552960157,1.002729971311625,0.9964893066179951,1.0007094095969844,0.9989847111069137,1.006170812997343,1.0035480136537287,0.9975952055263309,1.0045850467081674,1.0039797395971906,0.9948594780275741,0.9979888142435392,0.9999790078685801,1.0021279279285091,0.9947391405259796,0.9981809983119837,0.9996191626191739,1.0050107497184384,1.0063164119339292,1.006496502826409,0.9984790785269777,0.9963830120890979,1.0046385660612989,0.9991512585191988,0.9974899473796577,0.9898324517328014,1.0006959677181262,1.0010966373906087,1.0017283290466232,1.0006238010104889,1.0034575199825533,1.001418951817652,1.002116148812754,0.9975485701047164,0.9967394014107822,0.9986552903732494,1.0052684994011536,0.9962761577395879,1.0044288160817907,1.0023606586964366,1.0002804386905189,1.0036063267905306,1.0033300288698828
41,2821550000,1.0011266468456774,0.997923722971288,0.997551578501494,0.9980696092909006,0.9962001110840227,0.9986913151990201,1.007268582046399,0.9976857851877813,0.9948798276109121,0.9941003532780096,1.002370224154241,0.9927830909799292,0.9961433633183298,0.9996888000471863,0.9933943726930612,1.0050638338428577,0.9997104504163936,0.9961952764312696,1.006683302561751,0.9926976752603486,0.9962196153492415,1.0032256683082093,0.9924185378777809,0.9969742455421677,1.0055388079357328,0.9884575032477451,1.004859221306967,0.9971338662060898,1.0030444871109347,0.9956887301985481,1.0013343289890089,0.9987454318650442,0.9998418574593655,0.9996823247563644,1.002621109659676,1.0056470783651894,1.0030104368604678,0.9962293219894822,0.995088174625999,1.0033629895047322,0.9974298544579965,1.0003802341052421,0.9956663978339647,1.0041778220668898,0.9993238879871106,0.994957734656455,1.0005028866764778,1.0001213996478242,1.0035612604808106,1.0038315506356272
42,2821825000,1.000512343149102,1.0031641686803594,0.9933765121704976,0.995844564704298,0.9916583736883072,1.0021659524888273,0.9958293022794755,1.004372826805616,0.9975805094277543,0.9960723475318305,0.9963693840545108,1.0010277157659613,0.9986056627745236,1.000072756820472,0.9979069362435871,0.9950119766154726,1.0020186633931407,0.9993745307864044,0.9934689415967797,0.9959643763507224,0.9970423065343148,0.9874299060581844,1.0003270502552102,1.0020809280871494,1.0015255163634498,0.9940789774795267,0.9994284945324607,1.000878327758676,1.0037856714578,0.999089195498026,1.001858033567033,0.9960126807994156,0.9951879618844045,0.9995484342219182,0.9970549501818096,1.0020207122680114,0.997563363436206,0.9999658744345407,1.0012296897867476,1.0079236482911418,1.003865860726625,1.0031684382728434,0.9994525801867632,1.0044914079316103,1.0010038776833903,1.00224454957201,0.9968901521482147,0.9979328851697283,1.0061581616460802,0.997303487518147
43,2822100000,1.0019423300688268,0.9941808543569225,0.9968864757080808,1.004711410850968,0.9958218595174069,1.0022131838424242,0.9995349457423598,0.9999873347198301,0.9994523627838712,0.9961434714355527,0.9956995166564593,1.004540564343662,1.0015593542925054,1.0007064149124456,0.9931351676419377,0.9917720141768358,1.0068549820600603,1.0062345544411777,0.9959594076732404,1.0009065903355028,1.0038427782243637,0.9948097124992284,0.9983798788940332,1.0003555799124253,1.0039035969401375,1.0065111332019259,1.0018366683661635,1.0037014762807153,0.999306004779189,1.0020300098565036,1.003549922786104,0.995941618608256,0.9998329337522839,1.0051493775804408,1.0030825858371657,1.0027367924505945,1.0029175662760987,0.9961822001563897,0.9968806665481784,0.993754284396923,1.0006395252123588,1.0026949406138972,0.9977352885105129,1.000756196572649,0.9984910506031291,0.9987557595484639,1.001217638901629,0.9970182324239896,1.0007196808350622,0.9974535068282862
44,2822375000,1.0033672384030603,1.0009787738100362,1.0002406623176392,0.9999338954479389,1.0029591608045143,0.9976333423050964,0.9989152430598227,0.998810565500741,0.999233471628402,1.0000378220524164,1.0037137539631287,0.9986425555628633,0.9960180702169418,1.0047660739845592,0.9986880239945682,0.9913077771512866,0.9946871111047038,0.9971382157477819,1.0105212534977783,1.0002055435359487,1.0009111781452817,1.008114984153299,1.0054575232336622,1.0031934099806012,0.9973273940526354,1.000795603970503,1.0009292885556584,1.0041395222390934,1.005463086992564,1.0012357590951086,1.0084404743978048,0.9972562019065192,1.0051452796757339,1.00166265227595,1.0007172257288883,0.9916244141068998,1.0063437770897319,1.0004889766362224,0.9949510649089491,1.00015703395044,0.9953791395050491,1.0007427526774513,1.0033152533445564,0.9937541830303365,1.0049941993646645,1.001941503606556,1.0021050081716163,1.004636126064304,0.9916494498766304,1.0018704695999447
45,2822650000,1.002288549090967,1.0054852821032638,0.997583511190399,0.9953501271628555,1.0051702863209548,0.9950265816703974,0.9989262041572742,0.9997102423451376,0.9992699883201673,1.0049831492900558,1.006863161357004,0.9969187542062484,1.000016043742151,1.0019806829901068,1.000268711001522,1.0006772207132102,0.9978347155472496,0.9863387766968017,0.9938079388148051,1.000309964966836,0.9960895304584853,0.9981141873583742,0.9990875172797483,0.9973990690855318,1.0018897475017672,0.998508934102839,0.9968177368673925,1.0017450288660377,1.0014317753815014,0.9980943885335366,0.9965141725489997,1.001459394271723,1.0005102078362753,0.9954963863671358,0.9963389271310262,0.9942309984893787,1.0087794986037226,0.9917901964109095,1.0067642241463641,1.0025963015326156,0.9958592113658931,1.00112521338436,1.000076581926186,0.9991976252725128,0.9975521693221296,1.0015975913799027,1.0018800378278054,0.9954133521840013,1.0028919634516213,0.9964564469870673
46,2822925000,0.9998984214138807,0.9992898452026605,0.9974815790969211,1.0066002060489554,1.0017063012476817,0.9943086007726695,0.9947953730028894,0.9932508674409396,0.9941323416072061,0.9980028964036866,1.0035523670485562,1.0069742980295449,1.0014983994716926,0.9999871668392237,0.997390558469407,1.000903425024268,1.0030392041616876,1.0016969706469168,0.9982612889616785,0.9985824933332177,0.9948981372391198,0.9958512951446473,1.0020911201413871,1.0010974559411097,0.9941386981872338,0.9951384511416292,0.9990626612303536,1.0007724461925083,0.9981643612439168,1.0019581750457047,1.0020471348427251,1.0055007447238002,0.9986707706085016,1.004334229017676,1.0003771582607672,1.0040167527652974,1.0029826300598461,1.0016985649942751,1.0029901370853662,0.9998913008959921,0.9976199744900297,0.9999119812603503,0.9986186226238167,1.0023946351499347,0.9944992863619199,0.9994571951653498,1.00139326207761,0.9967568584934469,0.9920713404747632,0.9970905308312082
47,2823200000,0.9992097194326182,0.9972253991765438,0.9967669508653981,0.9981813248813356,0.9917662925003478,1.002441566684319,0.9986081689581756,0.9955242484246102,0.9951022433561392,1.0016891826672336,1.0066779980507592,0.9939106316932078,1.0008058189940134,1.0007239842576001,0.9932006368095038,1.0067576572710197,1.0041641552653675,0.9938424391031531,1.0005695324363335,1.0007468986618513,0.9942230743300701,0.9940988659011505,1.001561235824724,0.9967218808137933,0.9987811853232543,1.0003747290966114,0.9968642771239767,0.9969959399954547,1.0006722428693149,0.999731559584917,1.0022912493980005,0.9992617394389932,0.9996472513887535,0.9941659460209038,1.0023121487512592,0.9958711850960067,0.9951887896371604,1.011028206002329,0.9999671952038638,0.9958782453485777,1.0020474212166248,0.9969743667444957,0.9955305888433258,1.0003709021227194,1.0043116028340153,0.9977498126291825,0.9988263006910326,0.9998448734796936,0.9974062179506685,0.998090278335749
48,2823475000,0.9993688891168374,0.9997377166675722,0.9985266926745999,0.9952611408954634,1.0018757244244023,1.002214837294354,1.002438799938771,1.0004416838430046,1.000127753310869,0.9948392942776775,1.003967994778182,0.9946092194188327,0.9993060924705363,0.9970756732808921,0.9944195651787059,1.00367321219313,1.0028072572030668,0.9961951052701755,1.0003800468624786,1.0064706225576425,0.9966251636433249,0.9980248979489326,0.9972195932741978,0.9946965693351316,0.9999405923108414,1.0017536809087582,0.9997119775673013,1.0001752976012035,0.9996269409330262,0.9993615843998325,1.0019348241190436,1.0018304070157655,0.9946422932480407,0.9994817582367265,1.0028416020063111,1.0002307345811732,1.001148193064571,0.9962094806198879,0.9949665899179053,0.9984305004538925,0.9991247898764377,1.0072743360428784,1.0004509880656327,1.0046798967320445,0.9974480572572009,0.9971594674279909,1.0052147034638297,1.0038784618702365,1.0039014774078183,1.0011389186953699
49,2823750000,1.0000404867702284,0.9982185265959559,1.0036488182064234,1.0029212003391554,0.997996387107062,1.000216378630641,0.9972514238140107,0.9974236664420919,0.9960816502800182,1.0010420505316997,1.0052369404892614,0.995758000544919,1.0051911590160236,1.0008413788617423,0.9974502461630286,0.9953384698848069,0.9990447614577501,0.9999370481140941,0.9998994744729144,0.9982181364371999,0.9955704182514438,0.9922139040717073,1.0025238431921486,1.0003857245653214,0.998898795034285,0.9950333187899947,0.9982598975385523,1.0044162464650006,0.9981310665085023,0.9990365896844935,0.9941456052373743,0.998080869368932,0.997392378337886,0.999079679271782,0.9968122399463594,1.003585454476659,0.9971176270213388,0.99853949252391,1.0016565355083171,1.0001095210611204,0.987412782265443,0.9922001568936857,0.9962591271027792,1.0027826163357814,0.998075779035456,0.9981930651948869,0.99692332966547,0.9928330740348761,0.9916392897131552,0.9949797585811321
50,2824025000,0.9997292862308296,0.9989400949091951,0.9984000902992244,0.9965119991992837,1.0043363687909748,1.0024258090160203,0.9980037162707409,1.004071710966391,0.9986499155059481,0.9928341798677759,1.006262282907229,0.9982517904156791,1.0032889256431126,1.0041083594355393,0.9985823331040066,0.9986536070999918,1.0004412790597117,0.9985791081166341,1.0023635094584282,0.9953063704436036,1.0000816982583909,0.9914580097206582,0.9996502939416028,0.999385350238576,0.9971260266649785,0.9990867686037017,0.9955944318078266,1.0029058105860837,1.0058982256993472,1.0010005858078628,0.9964304260858652,1.0033714761816064,1.0010471420868285,1.000416790131558,1.005155468510319,1.0012441208495753,0.9977922028067572,1.0004069159757178,0.9983658441194752,1.0049137686338716,0.9988179138975015,0.9926097642483566,0.9959773030327018,0.9957506102305528,1.0035043833713162,0.997000940315504,1.0073559235948544,0.9876663438114436,1.0003535657920888,1.001646010351271
51,2824300000,1.0019836237665234,1.001996107108892,1.0012737699894398,0.9933165307985089,0.9971731687549759,1.0024985495727912,1.0021013776378978,1.0009186840702664,0.9964933321114485,1.0000126824300808,0.997035090048186,1.0028688486057702,0.9973836958952759,1.000349091230791,1.0008914444872792,0.9960724076154268,0.9955654471700687,1.0047402746233824,0.9934738512244292,0.9968839975573982,0.99748437238312,0.997142255644029,1.0003076147024927,0.994646452298944,1.0058221196099695,0.9987213554306923,0.9877674019993323,1.0002466315741658,0.9890434985363284,0.9917272212518204,1.004858034540547,1.0003841428211582,1.0018815377650554,0.9986666201952931,0.993574130094574,0.9996679859167427,0.9963156700597188,1.0006128256798246,0.9985365164705129,1.0045806778311426,0.9965791050339662,0.995370285249704,0.9982555617002423,0.9938719485679761,0.9954688964049234,1.0043687746839374,0.9955597612112014,1.0024741629072698,0.9949510662536436,1.0036536348472958
52,2824575000,1.004376725170722,1.0029616992937327,0.996688076610401,0.998961090254178,1.0011519338434416,1.003489403057693,1.0030261284281305,1.0006843740130087,0.994862783173858,0.9938916493274113,0.9946822798002324,0.9931827228553,1.0041563971945,0.9985792160251238,1.0004739267485925,0.9935230138272736,1.0004047656562358,0.9953319862962787,0.9972727499768377,0.9936937213973075,0.9941340702987206,0.9944605513330038,0.9943201263183818,0.9961891262072313,0.9963585474808719,1.003447741926323,1.0012996759785195,0.9999626688428915,0.9981830386791695,1.0035696552303859,0.9982043598430556,0.9992891999914065,0.9965430494698205,0.9996182905152156,1.0042871916963179,1.0048360679525328,0.9984698789547214,0.994784626767984,0.9911012256125206,0.9944751189093222,1.0004536025955302,1.0021336217673729,0.9940516162911165,1.0017246968192672,0.9932726977124049,0.9927094011606363,1.0010267683092429,0.9945578159712183,0.9986903116380906,0.9964666750981322
53,2824850000,0.9990078582705897,1.004779678483479,0.9982613709881869,1.001724190133296,0.9993760166694694,0.9994838657195809,1.001407214496294,0.9978082834382345,0.9972662846563425,1.00596075234301,0.9943287060670634,0.9980963238310044,0.9988959251387101,0.9972610671900417,0.9974913449012611,0.9943172671288558,1.0031114460187323,1.0067898755197187,0.9966838402246938,1.000178243345718,0.9951357641115629,0.9998370177574085,1.0027590540736007,1.0001112542056685,1.0021133634119206,1.0009130485097657,0.9940650764080374,1.0000981672021498,1.0010699397267826,1.0004393441264918,0.9998811436059177,1.0027848913337003,0.995920494289661,1.000538377784805,0.9937474853028967,0.9965441804482021,1.0001156862453413,0.9997617816222482,0.9910853557887576,1.003629651860643,1.0016291875076226,0.9926233111894553,1.0007200680243689,1.0019045342756667,0.9903834411683686,1.0035038390228062,0.9986851155093959,0.9996184942668753,1.0016959187120031,0.9987356085262356
54,2825125000,0.995307985599196,1.0083293956332997,0.9968936217841333,1.0017816990588657,0.995637062386084,0.9918666043624446,0.9981805341460956,0.9997880761717122,1.0077264317792982,0.9996994205042357,1.0035592764506,0.9978875072389104,1.0103219667362715,1.0036854707712999,0.9977203798810906,0.99584185249517,0.996677157826195,0.9939206266680298,1.0010907696325593,0.993827388330298,0.9991825843733155,0.994777954479522,0.9964711028005759,0.9949221043281031,1.0008479324001187,0.9986196426850276,0.9952363756601045,0.9983517773017968,1.0026932256053327,0.9989306425049174,1.003409946025229,1.0061496541601993,1.000167207621271,1.0027190179717755,0.9972911139045685,0.9949505671886854,0.9929022535147176,1.0007855168362016,1.0019481424038519,1.0018341176145256,0.9984045606670445,0.999773874006398,0.9973822350740926,0.9993458914584652,0.9975874225367471,1.000905883906628,0.9988364465177163,1.0067926822691435,0.9965323240034063,1.0010958088516828
55,2825400000,1.0020351400678078,1.0004405826925997,0.9986981351280579,0.9931894519451814,0.9981833554073853,0.9938005669208795,1.0012145952958216,1.0055313776291754,1.0016995631208392,0.9951875981330307,1.0005718805629813,1.0015362470494316,1.0013060392748756,0.9997408042958875,0.9972093953956138,1.0047927409198478,0.9916909810950981,1.00117105908397,0.9982745347653053,0.9963064761440789,1.0045062701410579,0.9925461082955311,0.9980613633694893,1.0000415627980277,0.9993762637881426,0.9978350333380058,1.0007084916451665,0.9932717803150289,0.9976601937987267,0.9999256571842504,0.9953391511835323,0.9979430872606607,0.9985760506794814,0.9970713547875157,1.0022008916885365,0.9988513092867862,0.9992002972317209,0.9991269766854607,1.0039440795425327,0.9995187896053206,0.9999397685500516,0.992601402236787,1.0009249174890582,1.0032371619913476,1.0006743288350504,1.0055841841744046,0.997251999022419,0.9996041739402987,1.0011360867121468,0.9987184799766083
56,2825675000,1.0055068719124618,0.997756134425414,0.997837039899523,0.999587578922098,1.009148843189014,0.9988998442790209,1.0015773013193405,0.9960108330633198,1.0033914437495213,0.9953062874121517,1.0002315282964718,1.0002314640369063,1.00434256873957,0.999269486362608,1.007072630785553,1.00081623409329,0.9959107212234718,1.0007412346824234,0.9977223784124093,1.002398878918015,0.9956686756381435,0.9930118849405737,0.9998947924447514,1.0023370833009997,1.003836995104877,1.0027608064419766,0.9989544349860425,1.0024443995573118,0.9935609093426527,0.9980441525725903,0.9988728144652793,0.9988270343676453,1.0004165679398755,0.9979304155152527,0.9990362673820613,0.9976672143074422,0.9922555925070347,0.999641040742996,0.9956662338149195,0.9973701852874992,1.0007054320375566,0.9930276363760446,1.0014009677987923,0.9870729216808835,1.000578854869499,1.0027591785894507,0.9938530722635479,1.00373067608863,0.996662741993559,0.9994330107682159
57,2825950000,1.0054954773717169,0.9995367216326784,1.0023906433417291,1.0008014489287342,0.9943525951392878,0.9962539880537782,1.0078231079711621,1.0001632962665523,0.9995706387325752,1.00235126470583,1.001471049747296,1.0026083464114621,1.0011083876461921,0.9986448832168139,0.9970545908364304,1.0012862769743787,0.9991426837315088,0.9990207847569926,1.0066935616094728,0.9991885256150025,1.0014655028665775,0.9991024023942241,0.99908851747821,1.0039340736476465,0.9945545006728704,0.9997184129965496,0.9988640294551849,0.9945135344158856,0.9977609862650682,0.9997127266538856,0.998057458554238,1.0023017009566673,0.9928047723566829,0.9991613592517133,0.9935268603607583,0.9950832118094873,0.9987304571689253,0.9977195134988706,0.9937092782794376,1.0020242520371916,1.0069242200897774,0.9904682122946659,0.9977581266280765,0.9982338602217532,1.0031978806359803,1.005893935127297,0.9975750943398819,0.9976296839190109,0.9977996538701704,1.0056123104550305
58,2826225000,0.9974093569417922,0.9998535217391714,1.000838084661849,0.9987916876665557,1.002855291169252,0.994101289612856,1.000253931174878,0.9960647842020965,0.9936861030335817,1.0007714304709927,0.998690520286983,0.9940052854940084,1.0044201038100093,0.993611051537607,1.0021342573187375,1.0086369864999833,0.9947703222927355,0.9996268272792564,1.0014009723754997,0.992033607113559,0.9976349593586162,1.0011002229055626,0.9980021625465954,1.0056178975356236,0.9957422253306816,0.996150316604565,1.0020975121832119,1.001297716441609,1.003767916685208,0.9984441978029978,1.0002107933370166,0.995418933985487,0.9984788609668054,0.9948765663790016,0.9996171228768764,1.0025504214944394,1.0024414656864116,1.0000933982350946,1.0103943660601846,0.9996461821560969,1.0021623594831595,1.0003574373868818,0.9986356320122471,0.995837027462761,0.9986712459583701,1.0088824888505041,1.0029609134903184,1.0013054925071196,0.9988096642431503,0.9997469551542632
59,2826500000,0.9990010693509677,1.0023779248705023,0.999367397423267,1.005374469377541,0.9972660547714389,0.9982738901813187,1.000594678443813,0.9987511692153915,1.004880545440064,0.9979456423845168,0.9969460745458565,0.9940122322543872,0.9948077161914742,1.0016400601547055,1.0098225597562103,1.0025958070871797,0.9958258631928666,0.9911189843145602,0.9997131414213485,1.0059226796993719,1.0013620747438774,0.9990455007803518,1.0020243608843604,1.00501121826436,0.997386695899432,1.002563009343159,0.9944888107481727,1.0053257328253191,0.9966975710367506,0.9994002141519109,1.0074340764202956,1.0002698347792722,0.9968785590562387,1.001274079290736,0.9956468475191509,0.9946611855899902,0.9921207264977792,1.0006021531718614,0.9952602193338881,1.0050717493809225,0.9967227775420675,1.0007471340968586,0.9934914974010073,0.9995216362725853,0.9998785187403919,1.0066945210196432,0.9956783547189909,1.0037298175913019,0.9961825565573051,1.0055604230727841
60,2826775000,0.9973877117540536,0.9989440523080149,1.003327736683609,0.9992968143447519,1.0024182450561248,1.0086675564122436,0.99426070936952,0.9988293881149668,1.0002429992209025,0.9968499731722781,0.9974985440207329,0.9942868632471279,0.9951510145336177,0.9979040960427513,1.0039294422706475,0.993793526833315,1.0016718530717121,1.0044161490065149,0.9947646584226024,1.010382270690766,0.9935230467079988,1.003159346431286,0.9980458081920335,1.0023810537588604,0.9956027544492783,0.9989379105697963,1.0038034845137784,0.9958902396070326,1.0023828284123215,0.996059840696891,0.995253038750821,0.9939967618696178,0.9976270369490566,1.0016842226858507,0.9975262392468615,0.9981148163418727,0.9956770315093437,1.0005135209672553,0.9991854015712233,1.002999008352406,0.9953079802283518,0.999702541679336,0.9991916672786577,0.9993248810005327,1.0008263843789422,0.9992279825142304,0.9961423870564042,0.9970934950712237,1.0046523625009431,1.0007096659088563
61,2827050000,0.9981638058506108,0.9975578453642295,0.9986616739211126,0.9970179851126887,0.9966431302162245,0.9893080319294724,0.9917523647076402,1.0064340248228467,0.9950809081090739,1.001991793180752,1.0024361531566446,1.0097441095752946,0.9979894703311672,1.0043578586018373,1.0027118603013923,1.0039504195122873,0.9976282384320143,1.001300887456618,0.9993079258474451,0.9948779857802246,0.9968416630438689,1.0014162616986062,1.0000477777217833,1.001865279281263,1.0019032338796208,1.0050465981491037,0.99802056175849,0.9984657160857722,0.9973853880934697,0.9957082197707676,0.9994215401844802,0.9966698272701465,1.0035058011654048,1.0024158759449608,1.0026702837151367,0.9977103275827699,0.9989160964215815,0.998830480135746,0.9987714253026783,0.997775132456982,0.9946355944473689,1.0011298526984478,1.0054514518088224,1.0002190742281354,0.9990224043924028,0.9975742040904179,0.9959034226364549,1.0011802438172734,1.0021121428189033,1.0054197135354679
62,2827325000,0.9998710840137007,0.9929015060503193,1.000122217128809,1.000364920694813,0.9990940390793875,1.0062531142020628,0.9924513787592597,0.9955219392676473,0.99391939249458,1.0001749505709463,1.0001100404358598,1.0028282664474242,1.0038640820305615,0.9950236901051411,0.9958811936656717,0.9933269746790842,1.0045163851830714,0.9974875696310941,0.999067937206148,0.9965993757431766,1.0029958813382125,1.004148488976864,1.0051375263019473,1.0013268981099608,1.0047823959638398,1.0081801702123763,0.9946099495737,1.0008990082782376,1.0013553103008208,0.9978916462847209,1.0026020398167235,0.9976548939112491,0.9943538557914348,0.9974457691832632,1.0048381365343166,1.0012295999217948,0.9994332354138935,1.0024850633070164,0.9977207551702687,0.9966420686238141,0.9947774112767023,0.9957333277579247,1.0046713494987354,0.9953558528080882,0.9999302333387217,0.9967504948643653,1.004229416409248,1.0047162785938686,0.9964847218992018,1.002865727490771
63,2827600000,1.0019002564581845,0.9991944034980212,0.9993288351527044,1.0078172718733838,0.999014732857513,0.9935675853588688,0.9958555300168777,0.9990137212949409,1.0060678151972056,0.9987303525905231,0.9927824362299904,0.9915877959981335,1.000358483312551,1.0010416050451514,1.0013143349000138,1.0014332072335708,0.9996501436938704,1.0048884651693266,1.003407592786214,1.0005073174303136,0.9999993071562864,0.9992202337818022,1.0012400619521185,1.004441638945231,0.9935807688694093,0.9953516802176893,1.005631841347186,0.9983501738866859,1.0039614189541557,0.9955242998002767,1.0000469849294555,1.002511041557419,0.9962347743441431,0.997782823336699,0.9970971936757783,0.9977403314523238,0.9985962846324234,0.992631113884931,1.0018606884284262,0.998690022221402,1.0005601948791156,0.9965354734360286,0.9982546680009645,1.0076298688016614,0.9992508340365533,1.0034593189195429,0.9937884043319495,1.0017526947090716,0.9961592800086861,0.9987627309194375
64,2827875000,0.9994488610226112,0.9991827223879324,0.9979026047086591,0.9964201747202062,1.0004782221380049,0.9995984525416393,1.006567177192345,1.0022587081512084,0.9951705526625915,0.9986917056469474,0.9987807684981668,0.997585742138336,0.9980588059217953,1.0009357901922453,0.9974119033607142,1.002879412644565,0.9997887135935021,1.0010103347516837,1.0044377703652052,1.0051418350266388,0.9999603179840978,0.9998332364896397,1.0018241834540924,0.9988948550550288,0.9932611727454598,0.9996932681309867,0.9977601304370666,0.9989300182948683,0.9985984900658378,1.0044119127929507,0.9983918909607726,1.0048894295862851,0.9995087193215519,1.0017642217458118,0.9876068199994681,1.0054048030692706,0.9952043531444745,1.0005693623638654,0.9987132064825915,1.0022064985372026,1.0030435904299737,0.9987258819019779,1.00119647249729,1.0004741395920873,0.9977522225458719,0.9965154996718183,1.0006398486195263,0.9987718323772901,0.9991864457883165,1.0001788065208574
65,2828150000,0.9986412508915518,0.9961362934444057,0.9980935753218403,0.9947110833546466,1.0024742373083795,0.9955342753600045,1.0064648079785765,1.0058882547885333,1.003056301347772,0.998375351397539,1.0004753322383433,0.9967611876607219,1.004003566677393,0.9962898502075475,1.0001325914156614,1.000508656478232,0.9951214294355563,0.9915787969992134,1.0052858485572884,0.9974321201716321,0.9978961966676202,1.000345516106906,1.0032164142546967,0.9924344340786068,1.0062760097464598,0.9943104074272009,1.000664051649058,1.0010222986506665,1.0032143619733445,1.0016378312303271,1.003823430960244,1.002453953615562,1.0015747203336245,1.0024288686566043,1.0004251533367592,1.0003563031310199,1.0001762752798138,0.995616420818194,0.9998060454520558,1.0033031723076125,1.0028436347373615,1.0049379152466758,0.9980346850621742,0.994956999047079,0.9966302282739861,1.004066526922792,0.9972390447854835,1.004629515868548,1.0002907189349033,0.9897104715807742
66,2828425000,1.003761213382534,0.9975853996491947,1.0024717686216142,0.9989242970129993,0.9989819611059941,0.9922532613447215,0.9886723401628185,1.0013387109176173,1.002555911132858,1.002958356639481,0.995072718907085,0.9958035322877649,0.9958564197220477,1.005242202144397,0.9991120558921465,0.9931402327759055,1.0001451850503975,1.0043362209148805,0.9962863779436708,0.9959045624855124,1.0035999029983669,0.9974642124892478,1.0012667973258755,1.0033461265469144,0.9988594378317704,0.9926775129623064,1.0086216747662125,1.0007051299971892,1.0001078683863502,0.998468640411513,0.9981783424635929,0.9937175146906121,0.9930864492946138,1.0060533411510213,1.0025152645820055,1.0009104993082987,0.9999559426557431,0.9959143900190868,0.9968815016080055,0.996106248981171,1.0056411818202287,1.0005617800045943,1.0024121052750123,0.9948397613820372,0.9979953884513727,0.9969432566759262,0.9972719447984432,0.9954948633409635,0.9997264119089878,0.9931688648939989
67,2828700000,1.0041341846732643,1.001238207993945,0.9992434126584653,0.9957692775510156,0.9992284041056414,1.0001487449398254,1.0040385392663325,0.9985869385301518,0.9993745261891007,0.9984773404628506,0.9993502449441676,0.994092479717999,1.004362941098352,1.0005058841957843,0.9944543506701494,0.9976424099943141,1.000286204706723,1.0049553537489782,0.9992414931064608,1.0019563493252674,1.0029485324209308,0.9971756146141574,1.0006416615787557,0.9971942381463036,0.9993889873766593,0.9992858281843953,1.002471834286172,1.0053373025493777,1.001197600922892,1.0081444572101228,0.997330636690277,0.9980967505628653,0.9984992678518728,0.9936397556316898,0.9966010832003219,1.0058834862038633,1.0011713679289285,0.9982696740184088,0.9952372997292639,0.9991422673068856,0.9985263312870094,1.0000336981238793,0.9985112739803872,0.9962877998512447,0.9997012768062346,0.9935601460741956,1.0049458337459733,1.002324881132899,0.9989322737797016,1.0003878757140268
68,2828975000,1.0026759703649772,0.9952829368956949,1.0010595679937861,0.9947759049934488,1.0043987034173645,0.9985757536618596,0.9976794789744904,0.9990338230254238,1.0020778548536773,0.9961666451519092,1.0018553355630784,1.0037948994907264,1.0041497774763062,0.9980116981248993,0.9973557512610608,0.9935084915513342,0.9971701455248871,1.0008971035677656,1.0006204537595071,1.0031241777072757,1.0011822996953694,0.9963539423759168,1.002965834055329,1.0050945780380305,0.9989786969990879,0.9933774668109121,0.9943965874581623,0.9995379373903126,1.0033151115040209,0.9992342768288982,0.9968726414477067,0.9920562084367288,1.0032694330180065,0.997980812594023,0.9957779094163558,0.9963418520846345,1.004091125930229,0.9945550818490451,0.9938166232853208,0.9945977111182791,0.9918757108616555,1.0031230312080786,1.0055023598498705,0.9971580888090926,0.996791382966392,0.999026735638201,0.997746935651478,0.9959607787842271,1.0007616541778281,0.9984242979515484
69,2829250000,1.000264893068065,1.001199589667698,1.0002070834761716,1.0054849417936114,0.9988134540992195,1.0020962846613686,1.002782467489054,0.9936897411118348,1.0018558391355437,1.0084865206374254,0.9992782821096772,0.9996633115131401,0.9947379936419758,0.9944143712873257,0.9987683628461055,0.9980292923332477,1.0055610594586855,1.0089313459407203,0.9945465266234541,0.9995165778305034,1.0012020620639095,0.9917661115211385,0.9959953081711932,0.9959742622835864,1.0026777660326367,0.9969185117631989,1.00231778889833,1.0030463390894382,0.9935865316729114,1.0022183377196607,0.9942251473582321,1.0060647803451266,0.9937148504917739,1.0030191216225735,1.0023808399228598,0.9969864930109891,0.9960506345474183,0.9934419646186797,0.9957800681748714,0.9993841940098898,0.9917470339739006,1.0026619128289214,0.9971237209072388,1.0014805261890982,0.9967200247286158,1.0018482204098567,0.9969687829462577,1.0008889659913704,1.001767732748516,1.000307911650554
70,2829525000,1.0014260749928359,0.9975270201157175,0.9952480902028462,0.9972605012464437,0.9985613212568758,1.0001942425458816,0.998790250858977,1.003823171864228,1.0006733119546791,1.0046590641730087,1.0017352909237558,1.0044159550228973,0.9989945596861642,1.003710931066588,0.9983480284957226,0.997411801886917,0.9977800933322392,0.9957918063973967,1.001224732825769,0.9964127175755714,0.99641872165082,0.998523013139138,0.999238598224311,0.9955487555070058,0.9990836772608158,0.99434758524403,1.007202736679705,1.0016810820841913,0.9986534360123458,1.0012843633536515,1.0013057733174942,1.0000460164314424,0.9976194281138472,0.9993375226055753,0.9959467843119761,0.9967908199763187,0.998356923497287,0.9986790747495581,1.0032711947421349,0.997392754443724,0.9985184932744403,0.9969535930705895,0.9971089691345005,0.9971395836884099,1.001022600779703,0.9940270905673046,1.002452692543398,0.9963908264644361,1.000896618918784,0.9990675957771389
71,2829800000,0.9987145781628318,0.9961215156991485,0.9966703528528024,1.0041647883559726,1.0051814137277673,0.9929155767098512,0.9978749644240443,0.9992001490066048,1.004422896888025,1.000377150972173,0.9980498239000298,0.9970173530849572,0.9990462716400472,1.007134960816685,1.0000113522927825,0.9949719813705014,1.0016729135351783,1.0015194032063526,1.002824478964164,0.9998293237623525,0.9983073271978568,0.9940091038844002,0.9909781904607734,1.005487120202057,1.0043673438157907,1.000879195750164,1.0011840082938641,0.9939293235170065,1.0016543616029934,0.9960118027593229,0.9975121680775891,1.0049501022778105,1.0004026232306982,1.003855522301198,0.9990200921738882,0.9999342005635938,0.9985781271336563,0.9942295671600341,0.9945278272401994,0.9989257214792018,0.9959277112571104,1.0030525029163082,1.0011838930424148,1.0031109752910792,1.0064935360045137,0.9994677799977377,1.0028974618169586,1.0028299062910395,0.9980116050400878,0.9990255811591564
72,2830075000,1.0015877280434264,1.0044322171157107,1.0029484188405373,0.9915410623326877,0.9979101397497312,1.0060167976403815,0.9964457110102809,1.0058315232261565,0.9938606212864808,1.0074505669112634,1.001664959321525,1.0022675872285762,0.9984216820011961,0.9927502154247431,0.9947850454454418,0.9948373938144005,0.9968251335955249,0.9995517288076351,1.003521783835566,1.001014040072351,0.999189767217172,1.001119229025405,0.9966750376708982,1.0044715003465887,1.0035228035028414,1.000186700626649,1.0046094012409599,0.9999406984423045,0.9943572510476654,1.0000965805704383,0.996350826634132,0.9950530572379955,1.0018844253533639,1.0021353912658835,1.0006366617318527,0.9935011176911968,0.9961744220390731,0.997664229222237,1.0010197619085406,0.9960983553793288,0.9968774464281462,0.9960951314918752,0.9980332838542286,1.0010615080888523,0.9941223163314192,0.9979814142132859,1.005992432830635,1.0040947562036997,0.9956830807289472,0.9934174046578715
73,2830350000,0.9970587805610065,0.9977566306736817,0.9996429381078922,0.9919430628890135,0.992215882064384,0.9997819194776573,0.9998623849745343,1.000306057475564,0.9977633472824526,0.9976582157670278,0.9886665148434661,0.9954822285830731,1.001426747975479,0.995002929986937,0.9969925703525361,0.9972533371019294,0.9966123101197006,0.9977540632056319,0.9998372696149745,0.9957899878654205,0.9968931063875619,1.0002009619196046,0.9979109885809784,0.9968988360757204,0.9974126957422711,0.9971227426111535,1.0012164655019193,0.996066167625999,1.003263993756823,0.9976316872849317,0.9955949268602773,1.0016147029114748,0.9972065231525856,0.994645715056991,0.9966590595024458,0.9998002632356843,0.9961963311152459,0.999645805391968,0.9971309864810386,0.9940485867991828,0.9931374855774459,1.0027849799961104,0.9971688889641824,0.9985802814535866,0.9929219916453548,1.0039670949404664,0.9980218038922933,0.997524169179921,0.9895663564549084,1.0023337472287772
74,2830625000,0.9974498870686578,1.002851957491009,0.9999798924959392,0.9993650476715569,0.9961470353873612,1.0016402588597706,0.9993681807355216,1.0040730455719968,0.9963380927224474,0.9951913285808976,0.9990309161128524,0.9970256717011006,0.9989490196374333,1.0001627783039482,1.004273990795862,0.993232030002561,0.9986692642737669,1.0011722102598124,0.9925657402590323,0.9977994046113696,0.9994151423695273,0.9963912066377197,0.9954307151382247,0.9988711781944805,1.0046284097184037,1.0015411699093075,1.0067021818633375,1.0054909087374302,0.9978831036414005,0.9973116634577418,1.0024687800202794,0.9976560261665549,0.9977324775549963,1.0084311237054737,0.993270982019905,0.9962975733896212,0.9938342900881713,0.9996904714123088,1.0007250834344579,0.9986499524726993,1.0025275838830494,0.9976545192079953,1.001995832431366,0.9989398697901517,1.0055646844032142,1.0052647548222116,0.9931690734109644,1.0001312238574775,1.001233930833468,1.0004432833105892
75,2830900000,0.9992224784068502,1.00314574001546,1.0029562200466329,1.0046025324524546,0.9953374811681516,0.9993002142543278,0.9971057002693069,0.996580541359592,0.9994032839076779,0.9985975882402082,0.9981880242073822,0.9959953344055148,1.0043897350476751,0.9987585172009437,1.0022509313101768,0.9953327657463507,0.9991818553402622,0.996718855800974,0.9979486286257251,0.9978003189865472,0.9923565013271968,0.9999975444294249,0.998425835034168,1.005948059678751,1.0063436487542776,0.997221964700853,0.9998234812501937,0.9971103909681066,0.9962894996013886,0.9993388246051977,1.0012212764578943,0.9921867224241792,1.0007875549385687,0.998631395678361,0.9980466660398458,1.0003182684283471,0.9962321351861161,0.9977868488387137,1.0001716895250208,1.000232206030818,0.9934931981964535,1.0021536557944364,0.9962674566564536,1.0017907088905786,1.0030670758944202,1.000961337263343,1.0054853272674422,1.0018140137068943,1.0058660206910235,1.0008877031816301
76,2831175000,1.0010576954204964,1.001450620372419,0.9985787161655784,0.9992587236280424,1.0008938184897844,0.9990997483794253,1.0029266546621896,0.9946496924632137,1.0027752054665766,0.9984180958899997,1.0000388550164654,0.9969037778291343,0.998911260062965,1.0044673007717901,1.0054928928116964,0.9961795590401582,1.0015706486555542,1.001776553500546,0.9945581919388169,1.0005223673695312,0.9962441434900924,0.9998504742791937,1.0006182876999643,0.9940182427059759,0.9957409068762025,1.0033475455164245,0.9952901404275349,0.9947911245859357,1.0007748504048124,1.0018822510574705,0.9991581450689683,1.0006848197883118,0.9971940406149986,1.005367018064874,0.9958836986241316,0.9984208738467499,0.9979929077251541,0.9989368382269825,0.9962810117979837,0.9967372421519072,0.9992913724224782,1.0016757930826354,1.0021384914791167,0.9971483189959879,1.004988940677315,0.9952027055160471,1.000110670039014,1.000661031185847,1.0041040957445448,0.9997528866713242
77,2831450000,1.0001162636923064,1.004513151358349,1.0009358460894646,0.998401893407344,1.0018689756136034,0.9978034814549153,1.000296551681457,0.9970377159730546,0.9994178896611458,1.004985737003674,0.9898758374490337,1.0034382518184786,0.9994921421833158,1.0026717394816793,1.0042629863912387,0.9997034685811896,1.007078033039399,1.00760368643882,1.0021081168629775,1.005795161564399,1.001421276373431,1.0011196389006862,0.9975243496727302,1.005243809202734,1.0011203056651061,0.9997512492771022,0.998621422908771,0.9990312386339992,0.9936969611482059,0.9967740457644165,0.9992240554108976,0.9997867924816443,0.9985973111624782,0.9907887280477259,0.9929318727465489,0.9973746437379093,0.9910558558446774,0.9981436070635131,0.9946798842735078,1.0001506496474795,1.0021727496177226,1.0011866224872648,1.0040966466996197,1.0032757802641161,1.0024205618477444,0.9975721610259287,1.0037971522289602,1.0024501215395527,1.0043829134013222,0.9982390664459976
78,2831725000,0.997790012369816,0.9991096061448345,0.9998434599828916,1.0026830298973264,0.9954873617363393,1.0008759558924676,0.9955312669320933,0.9993267919380272,1.0013673075421654,0.996191599986111,0.9955635106005699,0.9973287172292814,0.9981865570086075,0.9966433458563791,0.998985131165399,0.9995387303033796,1.003135569868903,0.9978197299928708,0.991941161852905,0.9996666787139306,0.9995486253382098,0.9974428945796302,1.005308970342809,0.9989784404596157,1.0058689689239804,0.9941419683119754,0.9991406996665205,0.993878434567955,0.9959257444633214,0.9966777834831652,1.0054040303239782,0.9928482596141333,1.0006484690324486,0.998648601238305,1.0034612666955867,0.9982317063024999,0.9970072133257136,1.0034608398831766,0.9973723374438327,0.9915404575716993,0.9968633068146513,1.0026162560106948,0.9929235523832927,1.0027309037712675,1.0017688236273858,0.9985095426891504,1.0045273908878838,0.9969602107926512,0.9998440458846629,0.9953189560533852
79,2832000000,0.9977708386541783,0.9990447451999319,0.9959304265591206,0.9979301579522057,0.9984694908037772,0.9996470673717781,0.9977308580386737,0.9996829244581275,1.000842657648642,1.0047988707372508,0.9993724795816007,0.9984792930663386,1.0007172501936719,1.006814067668855,0.9992274367010037,0.9999704693329549,0.9969747739511171,0.9979872165550218,1.0002301061410648,1.0013117962951226,0.9966828676250561,1.001732005787011,0.9945471765740196,0.9984834227656777,1.002143199164488,0.992889036532316,1.0037154953773793,0.99422833810408,1.0063189077219823,0.9977001194649024,0.9983423910605351,0.9935311593484775,0.9959733777925639,1.002339466936737,0.9960931028816778,0.9993188082290375,1.0035995721038842,1.0009635275668194,1.0050889991251362,0.9913669208576562,0.9994402807026594,1.0003766577747437,0.9913556801556778,1.000012395421564,0.9980252097303088,0.9991795892672574,1.0069230364394275,0.9954241810306019,0.9914557037294871,1.0016471616204337
80,2832275000,1.001336097286784,0.9980502945129124,0.9970401019336267,0.9979935714257178,1.0020985640021358,0.9979324714692807,1.0048033840382458,1.0067354313985746,1.0023057648501974,0.9961859765214308,1.000131003654881,0.999388134556775,0.9988761074803354,0.9983761663975727,0.998577777216903,1.0010314007818146,0.9956087729413827,0.9931001099146616,0.9946164762975037,0.9950123710453288,1.002841516577239,1.0021240833831682,1.0075493927790067,1.0023935709179375,0.9993344121039132,0.9970988981664932,0.9946526717509007,1.0015237658512481,0.9990371122291414,1.0008331615147652,0.9967075417147475,1.0037111614186318,0.9928475913117061,0.9964457204481691,0.9939298333032334,0.9985884536161616,0.9937449403213358,0.9957841961116227,0.9929937643454015,0.9990338060332864,1.0017409243559607,1.0038773988685463,0.9993108965159874,1.0072007437449697,1.001498970039972,0.9972274656596672,0.9946878434713939,0.9993019927730808,0.9997691449613648,0.9993056043644539
81,2832550000,1.004021321767818,1.0033980091468306,0.992422034013375,1.0063375307775433,0.9979747478894849,1.0005515422234026,0.9997944199760541,1.0013123386778326,0.9982576027837433,1.006592330319546,1.0011733135599539,1.0039721874907337,0.9964717187868211,0.9947598720029209,0.9929938291085898,0.9955288843257092,1.0035241695138906,1.005148986068003,0.9948994900940579,1.0048009855452094,0.9980327435658817,1.002615346239483,1.0004387037288436,0.9981404763677366,0.9949259493761494,0.9992708577348101,1.0056891803293189,0.9948842474383531,0.9961378799186529,0.9999969838837396,1.0000784916901582,0.9995346862024769,1.0006367319342262,0.99679358020422,0.9993143050793764,1.0050902653414981,0.9977129246948159,1.001988829478286,1.0071307296207415,0.9913848788769564,1.007422729728403,0.9956571967430745,0.9987809942867497,0.9994585541634737,0.997458835029161,0.9924623244535478,0.9979430526953638,0.994816109215843,0.9940611674537224,0.9960099621499087
82,2832825000,0.9969805339908714,1.0027609393749266,0.9987511809483185,1.0077218905546634,0.9991138331044285,1.0025815624813301,1.0017222996883448,0.9969740564433625,0.9967228342100247,0.9984375526407451,0.9972733091448697,1.0030282143383418,0.9944629269194459,0.9946441921998059,1.0065287137165884,1.0010289085090631,0.9992800332913808,1.0015832997541116,1.0006135776506502,0.9965492985328837,0.9933167327657776,0.9927549925779972,0.9983350282301479,0.9996862093469157,1.0017816577367211,1.002007664560923,1.0036315726271259,0.9973795461096143,0.9955813925052428,0.9974707527642657,0.9976459000353229,1.0013635650292851,0.9944229885667886,0.9951681328686454,0.9995056166710479,0.9987929471278946,0.9985176053311013,0.9980764511575386,1.0024388191805509,0.9957966705367536,0.9964628443020321,1.0079087321454459,1.0026803398344348,1.0005503580023234,0.9987103801742304,0.9999580935049157,0.997550080771648,0.9987206723699579,0.999575847182897,0.9971842034488703
83,2833100000,1.0038852212217775,0.9964815815755295,1.0002436369685943,1.00203617017902,0.9959097184338753,0.9961233127539625,1.0033315820656818,1.0021613272924312,1.0008099486119153,0.9920351808025433,1.0038215905770895,0.9969569683061807,0.9978924241860085,1.0009894876267205,0.9981339778401564,0.9947797637004472,0.9952649604566869,0.9952652311680488,0.9982353618799531,0.9952053040084575,1.002065896366754,1.0063146785434427,1.004301451786243,0.9974814599797868,0.9969583291491899,1.001649674849785,0.9964166731031208,0.9989409265093254,1.0049770631031032,0.9990265700923106,0.9974832412396683,1.0022976398788663,1.0015850308362473,0.9920956350814933,1.0046381744653297,0.998272562577712,1.000296735375367,0.9979755699703372,1.0011999384447412,1.0014043542690543,1.0003991177574507,0.9981995824807235,1.0027667798574322,0.9997337254952134,0.99857655857347,0.998579820871003,1.0002950032490507,0.9979771102040274,0.9971168283708329,0.9935802943141948
84,2833375000,0.9974966006082955,1.0058917498636963,0.9957315131094722,0.9947247017401181,0.9957699229260736,1.0028437208641812,1.0040668443209655,1.0020702591174058,1.0036555773388804,0.9904196138074671,0.9942107395749206,0.9967061374675779,0.9989526334747038,1.0019840807990577,1.0009213104768142,0.9994205268234851,0.9982151353159533,1.0053386937892796,0.9990509527239241,1.0039756685450016,0.9965535061367393,1.002623237005683,0.9955859780809236,0.9994090024931168,1.0019557560607768,1.0046055180593465,1.0003142528594513,0.989171777948948,1.0030959054011084,1.0044114043210193,0.9999458446910011,0.9951987244068528,0.9997744993500561,1.0006000001307962,1.0001691099910441,1.0003388187268785,0.9964925700055475,1.0011666664121515,0.991394274080678,0.9998995661400089,1.005062944213476,0.9962870298859978,1.000786459106648,1.0033771960703104,0.9972898177595672,0.9928046164548698,0.9974769099971942,0.9984558730875139,0.9937613521810471,0.9956184194099401
85,2833650000,1.0009337128460971,1.0020529482149818,1.0085997617599916,0.9964610072466431,1.002830552329966,0.994564381457916,0.9979184565023149,0.990159348662315,0.9982135755777188,0.9975045034883393,1.0012015318506648,1.0023515857379866,1.0010676323077787,1.0000768571571008,0.997838228573727,0.997894809786871,1.0013014184820088,1.0021038715373536,1.0048323010690476,0.9945370178279971,1.0020244604475934,1.0066249760753017,1.0014964310091243,0.9998567033733182,0.9993251061653169,1.0001267264807026,1.001721049065691,1.0070913251635913,0.9993131540443018,0.9984391647111032,0.999505016542516,1.0014196033531921,0.997350329227256,0.9984980423435635,1.0012693339632255,1.0047163389861815,0.9967294061667535,1.0002785210950709,0.9993628003213364,1.002702872214365,1.0008645819457826,0.997419955818322,0.9991745465467536,0.9989907029019792,0.9994259528840079,1.0014928716382454,1.0023077985480549,0.9975971648415708,0.9991125156585404,0.9965814617287748
86,2833925000,1.0005898307690146,0.9966580531375159,0.9985274952212722,1.0016622452764987,0.9972871972550225,0.9967395087207501,0.9962970991091697,0.9959466092393661,0.995501997619396,0.9954768683175753,1.0025098770884024,1.0038842802004764,1.003164915224041,1.001253417100512,1.0026630722408623,1.0001597379486664,0.9957154796484571,0.9983109810314623,0.9997295756915912,0.9976731146458678,0.9948681337272173,1.0015905106469494,0.9953417795489585,0.9983036025145753,0.9978550730149283,0.9932842424285792,0.9986490185348864,1.0010171975965103,0.9908556428823654,1.002181247311644,0.9982957945891296,1.003292095272646,1.0001273707152072,0.9998356733164627,0.9992767176626629,0.9938826847826503,1.0017104610272838,0.9970835566043295,0.9995613622892189,0.9997501267770126,0.9943082798491171,1.0000105319398154,0.9979590042872679,0.9996558890163467,0.9951686249852225,0.9959818179803961,1.0028344387266634,1.0031234958300923,0.9954361183467749,0.9981060743946817
87,2834200000,0.993047930734636,0.9983889954127141,0.9999908760095036,1.0006547718450325,1.0012970839630335,0.9958871925044092,1.0050118339665468,1.0040475339079593,0.9973245488361336,1.0014237522832614,0.9980750653367224,0.9931468163300381,0.9915969928585701,0.9960230497044963,0.9995434479356373,1.0016624621512176,0.9960613796641767,0.9880508257652219,1.0021209648352178,0.9966018202542488,1.000176505546253,1.0018705183582675,0.997073460852409,1.0038354501926197,0.9957827956252892,0.9966990629917185,1.000869904256417,0.998594617864421,1.0027963727557312,1.0020285456503335,1.0020905385478933,1.0003763202612113,1.0019939290240443,1.0050761654914582,1.005388017802433,0.99652308567701,1.0022678643638885,0.9973311297237375,0.9943211257323004,0.9953772465129218,0.998451219469142,0.9945471981774092,1.0037573851360961,0.9966547541411324,1.0011989338803338,0.997076703717306,0.995685413391607,0.9963105629041438,0.9974597788856313,0.9991329420843275
88,2834475000,1.000833952825306,0.9931026029640735,1.0020774420735525,1.0051221896065838,1.0012793665966593,0.997072581040597,1.0029594907850277,0.9963189551399982,1.0075215559857063,0.9986536176770466,1.0031041141853463,0.9988356569389045,0.9967150530580376,0.9963709628687187,0.9987589817768294,0.995810856372283,0.9964924811154617,0.9949658561627681,0.9958037716655155,1.002877246280715,1.007802974538166,1.0001764098145867,0.9963806082670328,1.0027968349673313,0.9984114914160626,1.0006082694253389,0.998933602013043,1.0026290695462678,1.0019363320905494,1.002721897632433,1.0012629554320225,0.9981376449166987,1.0019793463525999,0.9966755331149998,1.0008859728518278,1.004974160869417,0.9981205411265626,0.9977591805066257,1.005330555198032,1.006035594118977,0.9936224184519333,0.9947181010873095,1.0028520857733052,0.9944990342075601,1.0055598959258503,1.0022516040593878,0.9992640543763456,1.003549044079295,0.9984877805342757,1.0005769419618118
89,2834750000,0.9997859054579886,1.0013471411019166,1.000246872522196,0.992724491271579,0.9958935216645806,0.9948722507295744,1.000948650219894,0.999683024489981,0.9975086596273013,0.9958655249500534,1.0059613714009155,1.0019974078513298,0.9972167727186578,0.9993871194790097,0.9998438982591017,1.0021418392782682,0.9904850602031395,1.0006769096402426,1.0002836798286585,0.9958001405624467,1.0011662181904117,1.0006411588781952,0.9966137991757146,1.0043588432178159,0.9974629322023146,1.0000598547809225,0.9977845104715667,0.9997751130908084,0.9943409955219547,1.00286649104807,1.0002920770064672,0.9984291953529387,1.003482424837836,0.9965154363284701,0.993590507826781,0.9959663929015585,1.0057876451469736,1.0079257964179085,0.9928841545058167,1.001411394926938,1.0011556338394585,1.0026198565677524,0.9922311194564729,0.9959928368581579,1.006213215153647,0.9973500244330061,1.0019566001093139,0.9954137148255715,0.9976083230105781,0.9999471015161766
90,2835025000,0.9992993503512014,0.9944729266788261,0.9995884118595922,0.9987692168418699,0.9983536046300361,0.997708249917763,1.0010061459443957,0.9970032738458229,0.9983914031555535,0.9957657468246771,0.9933245732225873,0.9991329653501877,1.0009037705695383,1.002839220643171,0.9967543131850451,0.9993762558095171,0.993913113743539,0.9979894241671993,0.9975079042155024,0.9948385754077406,0.9965242313291423,0.9985680811386454,1.0011009292798323,1.0028925626021874,1.0046091749742079,1.0037346375853193,0.9911282942247707,1.0011885452733145,0.99929185129372,1.0007415712446255,0.9906956746578985,1.0024309806210352,0.9979799838712949,0.9965200931135969,1.0000146653127362,1.0020879719225073,0.9965589695188888,0.9950000061117946,0.9998853480416352,0.9961596329834788,0.9968739026984247,0.9916453373070265,1.0079945810360462,0.9958415069480282,0.9979942062121284,0.9935091724201176,1.004805307172338,0.9902682907811708,1.0044041187345711,0.9965146848858533
91,2835300000,1.0018712609095164,1.001804392164574,0.9994560168734793,0.99755469671458,0.9961673710722063,1.002401916527747,1.0010806876602252,0.9931188679978243,0.9972738772859395,1.0051455538352951,0.9989519016748342,0.997258314969888,0.9957899700284798,0.99765159306938,0.9974946553870405,0.9949877507314472,0.9888861471900704,0.9988906265040121,1.003211697650001,0.9974415788921333,0.9933717017219132,0.9986688508017392,0.9981869034354561,0.9988593857100052,0.9893721094588491,1.0022728547329272,0.99748536695715,1.0018586428561431,0.9989884817063343,1.001279494759554,0.9907885634513408,0.9991250111139404,1.0004141194882183,1.0006499949879617,0.9969574958185627,0.9923470428256106,1.0057987815213687,0.9988302960414563,0.9959578411089361,0.9997455333978804,1.0028680211596077,0.9935019810337505,0.9998244063041047,0.996198977154565,0.9991608234767407,1.0006635923139693,0.9968262344311793,0.9970459804271675,0.9908319259587165,0.9905300956750466
92,2835575000,0.9928757637180978,0.9981652792367947,0.9994859480959316,1.0016431103830796,0.9982696882151614,0.9999761835251575,0.9989137896899409,1.0011331737640503,1.006223937725645,0.9894154046822254,1.0019791264079183,1.0000407342392625,1.0045935465431195,1.0007538152139872,0.9995958576162342,0.9995965376797723,0.9987673818226772,1.0009441588331371,0.9982234029806089,0.9953037517690051,0.9957473799241441,0.9961642596384913,0.996206464675981,1.000335851436388,1.0016631679708847,1.0031107598319393,1.0034494852257405,0.9988368514610494,1.0042363581282692,1.0051474266460947,0.9972079399655406,1.0007898820029022,1.0036221047292595,1.0040106317815698,0.9962951883688237,0.9996488823861408,0.9929960372209808,0.9993478864272058,0.9929871993040184,1.0043740248650788,1.0000362148355428,0.9973251647824304,1.0032464660968385,1.003432829843377,0.9968796796935508,0.9978249220469806,0.9946301876655463,0.996361411657245,1.0022088082290157,1.0018345370648623
93,2835850000,1.0017422438351182,1.0013960033420088,0.9957150169246103,1.00211429078424,0.9954107979252561,0.9960974374158567,1.0000093884839323,1.004005308970731,1.0010361097489144,0.998179886280609,1.0009809690644302,0.9967371398862951,1.0074839113288423,1.000776496376287,1.004260161185458,0.9963790866227773,1.0011002821200463,1.0036473842382723,0.9993149193379456,1.0051176829567519,0.9974782318980484,1.0057898929446705,1.0003496236448621,1.0020254279453071,0.9966783344838465,0.9996152591963609,0.9992397266472662,0.994816102126936,1.0036084328049348,1.0022579007845922,0.996763385080536,0.9947385050848935,0.9993879724650994,0.9989677111663205,0.9994759448315943,0.9999733445079577,0.9987669881838956,0.9976016139173869,1.0004386186859309,1.0045328718673636,0.9999484531476384,0.9973821591176465,1.0002456397295192,0.9942451923155042,0.9984881571557267,1.0025637176869358,1.0051768500879061,0.9972968394396211,0.9985499530532317,0.9947255058289225
94,2836125000,0.9971067185875968,0.9986449389189634,1.0016750307966524,1.0017285247026941,1.0078700947736847,1.0035272554475698,0.9961655860513436,0.9953563893557361,1.0014504856048296,0.9989053989544734,0.9952221508180012,0.9974837398472177,0.9981233809066045,1.00284266442021,1.0020136063582497,0.9992915347622641,0.9964135571605304,0.9953295339259355,0.9966102264452802,0.9971467982332404,0.9936336794739389,0.9943783181654292,1.0077662023149105,1.0000956725686634,0.9972552192094353,0.9994404114819964,1.0010951329180142,1.0046612509936506,0.9970777826119773,0.994785627023645,0.995835677242375,0.996857279335825,0.9954299815555016,0.9986107520702405,0.9992210134969616,0.999451725748571,1.007463745595628,1.000039328681534,0.997971281218943,1.0052567202108955,0.9950405249737045,1.0030147135666574,0.9974674709429856,0.9959149242816201,1.000136402257255,1.0023043612003144,1.0022989997170098,1.0000769385795079,0.9979874796072965,1.0065801215586576
95,2836400000,1.001673717371486,0.9955580215082631,0.9996644684771759,1.0014103632030722,0.9981139094134676,0.9969022782400168,1.0030281157913234,0.9941227424852903,0.9948911989630398,0.9970575382701146,0.9986147454364512,0.9957062222164139,0.9999524387444968,1.0055111425043362,0.9960611244512211,0.9942103254139985,1.0030464131675465,0.9991472905417632,0.9946877999935333,0.9929867179497411,1.00100171391652,1.0015972666986341,0.997496418452699,0.9966802431027303,1.0003837553893689,1.004214566122316,0.9979161862842618,1.0014275538491657,0.9994048284317123,1.0025198270560072,1.003438451400445,1.0016230935663497,0.9995347293956958,0.9924419149707757,1.003284071227135,1.0021333915741193,1.0005395528500165,1.0014214775820587,1.001744145257605,0.9940074227058431,1.0005572350657557,1.002820883436505,1.0024123110339556,0.9965501248731973,0.9912886809144605,1.0047765759197018,1.0074981287361975,1.0007567791220415,1.0037323021334488,0.9999552799324712
96,2836675000,0.9980192844082317,1.0013147006698575,1.0030635755754231,0.9967016619710026,0.9925346999197182,1.0030380240983723,0.9927284748983846,1.0057828792606383,1.0059969280181673,1.001437221572805,0.9985063438199302,0.996852424126384,0.9979602251977063,0.9981343912566899,0.994883776666028,0.9914287338220898,0.9992304140230346,0.9946502260293232,1.0005189411834587,0.9984625980327512,0.9991832968740674,0.9962860817431415,0.9983792011679733,0.9954304512173633,1.0008291736574249,0.9947090151801653,0.9983793833234428,0.9981710007887792,1.0017423938725634,0.9963521677486856,0.9954874842218592,0.9995240952581347,0.9978589474858366,1.0012536906531044,1.0006932419330377,0.9942176112921546,0.9985461772173334,0.9954886130894605,1.0005080820323522,0.9959562062626374,1.0014873795540282,1.0005677788586635,0.9992569807835169,1.0010357432355357,1.002107411428499,0.9981803232181939,0.9922979240419973,1.0005430587177508,0.998840310319956,0.9930819906635742
97,2836950000,0.9956799084089737,0.9957325928871221,0.9981293967807022,0.9973780694200004,0.9972883314124298,1.001172095375704,0.9968946087980152,0.992976611717559,0.9924143166127932,0.9970490993903476,1.0077298084077755,0.9965034648107799,0.9948531492395677,1.0003443381914137,1.0038368178078114,0.9985207597765514,0.9995950461410854,0.995609467118806,0.9959977696554869,0.9955939361091032,1.0006733417254268,0.993272731337473,0.9972000528900553,1.0025678046754782,0.9975762959332234,0.9960584069355823,0.9935817641611596,1.0018111402876708,0.9974144843888306,0.997742909287719,0.9958623305243935,0.9953563809263646,1.0000810839269132,1.00147270541422,0.9945076985388315,0.9982159042440214,0.9994395130982071,0.9980551432952101,1.002680825299514,0.9934576078474777,1.0000242171999483,0.9988007004294371,1.0020229804600915,1.0003110662508639,0.9982419309577644,0.9939894652463287,0.9993420939808075,0.9988803156989711,1.0032783726974754,1.0085655628036114
98,2837225000,0.9960257953175192,1.0006894481441897,0.9958669868111184,0.9995514328566003,1.0023143253699274,0.9994161920440657,0.9982699210815206,1.0001820822874483,1.0006729250741084,1.0007856901007595,0.9952509478105234,1.0041587035022153,0.9994185956967787,1.0000586171431487,1.0058853390087688,1.0046463215023875,0.9912912539320178,1.0011643866752449,0.9955737990261365,0.9980012058491988,0.9969301276762046,0.9944227619964066,1.0027187858999376,1.0014826917210626,0.9911716331117504,0.9953995870375282,0.9999017478741702,1.0028414273563375,0.9939973450657533,0.9940617187283809,1.002436396833023,0.9962227053671543,0.9931978589217885,1.0018283985376346,0.9964831169446505,1.000161532507752,0.9950759735695568,0.9986842094327587,0.9897363403570547,1.0014929234935719,0.9992284555653923,0.9963040529285645,0.9941709155000258,1.002857247831624,0.9994750537112955,1.002485454839202,1.0052645024849214,1.001257961845059,0.9939344662523522,0.9961274802105918
99,2837500000,0.9936672307337384,1.002185199608656,1.001454508543838,1.0038969318918147,0.9937860691384681,0.9967341863679187,0.99800521169851,0.9981816537191291,1.0066656935738396,1.0007900926334117,1.000994048312493,0.9974895827789436,0.9948469407452977,1.0017454689294525,1.0059448924029972,1.0004072334937617,0.996193910932416,0.9951821147151148,0.9998431117363115,0.997017634554193,1.001815316448552,0.9929326754830803,0.9974253465222204,0.9999956538982736,0.9922421255562517,0.9953131785948081,0.9983554433412951,0.9898201664538022,1.0002224302454779,1.0077533281946602,0.998828777954283,1.0023133418382602,0.9961848474006261,0.999759412644974,0.9996993139916927,0.9987435745969431,0.9981211154921316,0.9961957857303508,0.99970820551959,1.0054378591668336,1.001916543261614,0.9958715568617861,0.9989074571389996,0.993954636489275,0.9997513945430513,0.9920681426942569,0.9952165818680621,1.0014769323353943,0.9971844254198534,0.9958250198580652
100,2837775000,0.9971842851846212,0.9988669072737555,1.0030043702095568,1.0041306710561624,0.9982939320914356,0.9924971675956736,0.9995667360716314,1.0000212240448836,0.9963527429638026,0.9979576273501028,0.9999870120085568,1.0000283740084768,0.9964006044758839,1.0043107929548571,0.9976999216205678,1.0032320329914772,0.9934014599540436,0.9979132550301074,1.0025060592364679,1.0000706232070162,1.0008311068060716,1.0054620884597119,0.9985264741846912,1.0046657237351158,1.0029441684008573,1.0065628850065484,1.0041559707275969,1.000664305193935,0.9999053652315777,0.992211981204112,0.99686691089938,1.0017402962546431,0.9996971426347743,1.0024564303222003,0.9949450042078408,1.0078103701869237,0.9985401991875595,0.9949174933583927,0.9941835732669402,0.9946327720136097,0.9975442121742123,0.9994660609132037,0.995704675035297,0.9955427751980436,0.9967326062006876,1.000365062987135,0.997981590125499,1.0027090058800097,0.9983442028295217,1.0007818283733803
101,2838050000,1.00183182235847,1.0031881556866142,1.000656132911132,0.9972004115332114,0.997263952133133,1.0048551883465615,1.0041491389446742,0.9941959026480979,0.9983260400330258,0.9967731758004947,1.0013405073719917,1.0006958948358473,0.9955568318474785,0.9998729656476333,0.9984215988801816,1.0021504120242375,0.9965620686262435,0.9978069255766145,0.9986594204581933,0.9962202578408098,1.0028333665634486,0.9949370462989471,1.0039792116797719,0.998666679104924,0.993154741563862,0.9961438264249112,0.991095444595853,0.9991854572706714,0.9948341356824608,0.9987025000827252,1.0042369698675122,1.0022779147908316,1.0020657279939518,0.9932138927286777,1.0055639420525662,0.999677420314024,1.0004206433576202,0.9987465770432004,1.003736750510921,0.9981994365211709,1.0028542553012576,0.9998277729127134,0.9926729129449745,1.0012545779820188,0.9983870866192344,0.9973817406055202,1.0016297292336795,0.9989738232597584,1.003761552421492,1.0026734084326507
102,2838325000,0.9976885190739696,0.9963042992312748,0.9972196845663368,1.0009684372349186,0.9983800953017878,1.000850692165107,1.0044557797428308,0.9957457974923709,1.0053955706115112,1.0011555139301653,1.0008950000518146,1.0070883269435573,0.9998692998827295,0.9973893683000318,0.9953454581043744,0.9979412391328452,1.000370232636022,0.9975110317452573,0.9970546022014274,1.0007388409813547,0.9996501784273398,0.9989044454908883,1.0039603712111478,1.0006498265048642,0.9943882481315987,1.0035222602760785,1.003374021208118,0.9940178557599673,0.9996637614660571,1.0015293735243331,0.9913557899493108,1.00556549385946,1.0046049892500737,1.0000879346840972,1.0011700348047068,0.9991867839948605,0.9997671070891949,0.9924614671312884,1.0030076250904238,1.0038702681614264,0.9999836526536748,1.000235256274191,0.9949205635824961,0.9944450527598134,0.9928375988106728,1.0022970721462887,0.9936467472798295,1.0035774700997147,0.9898915101333248,1.0011204313971007
103,2838600000,0.9989618598461218,0.9976151255431679,0.9962498339845938,1.0039906717488043,1.0034975875367993,0.9971963327333389,0.999511619341552,1.0029734975716234,0.9978691419036413,0.9981118318238212,0.9906637440844137,0.9966768730272997,0.9976096766573648,1.0034683403977265,0.9912990682042863,0.9928756897202194,0.9972344927564032,0.9994562732265284,0.9987824701112448,0.9882768837581707,1.0024046901383221,1.000169332457036,0.994264497846746,1.0063665163202467,1.0094178360083208,1.0006343899068253,0.993845096068911,0.997049699620672,0.9985408649107771,0.989525610660124,0.9995447208969701,0.9915447307707006,0.9965530364559159,1.0000136586665205,0.9991611867542054,0.997634136139382,0.9943669002968065,0.9943524067359174,0.9931919914981621,1.003279074138771,0.9933438606188217,0.9947524702197658,1.0044668882502263,0.9931521055418637,1.0007830303753817,0.9963749464796343,0.9985875176163327,1.0002854724899914,1.002578554178712,0.9982920342540452
104,2838875000,0.9962243834129969,1.0065673645633317,0.9927885637360929,1.0008725684524509,1.0018491773072584,0.9955500311555288,1.0018884570028315,0.9999485837749169,0.9963273916525512,0.9984835665948123,0.9895049607918485,1.007344540796424,0.9953287060320654,0.9986998486430257,1.003585882461105,0.9956266095518138,0.9970457497391069,0.9999752175409784,0.9926165362673612,1.006359252613162,0.9940039972891848,1.0000290055306582,1.002665590630417,0.998374336377341,0.9971058587305744,0.9931042491825535,0.9929885068011184,0.9987018770772945,0.9990150366177758,1.0012528450534874,1.0010318861455594,0.9929008760206665,1.0016872817809406,0.9934053853071905,1.0027683169108412,0.9998297024472735,1.0023276619468446,0.9965546193117376,0.9999251275369037,1.001692369518646,1.0047090116302047,0.997322039946406,1.002506017242721,0.994394369018927,0.9984316995626952,0.999106070508302,1.0001953958645564,0.9955775903843035,1.0060409644034793,0.9994891146924315
105,2839150000,1.0032127253759338,0.9994167857283623,1.0023837231049413,0.9979310278945268,1.000367074078302,0.9935581428041232,0.9984428621128266,0.9992626837461858,0.9971483005536802,0.9955656322450331,1.0027013032525802,0.992512919151005,0.9984696378274575,0.9950386384189414,0.9974824778035536,0.997462261252953,0.9937885360456477,0.9956791884777807,1.0030253821836628,1.0021721900567304,0.9951381625388028,0.9979418063437467,0.9958731480308163,0.9932776973941589,0.9952736133446821,0.999011878054182,0.9960406790835268,0.995590843319203,0.9952821124944933,1.0080016338765996,0.9975232163442719,0.9945873667497469,1.005113803979412,0.9984261650403379,0.9946548514190937,1.008359255215169,0.9976888513828933,0.9965556358751732,0.9989879713417437,0.9980956247980753,0.9998936286438374,0.9935536404009175,1.0014139230727628,1.003105344774683,1.0015269166001524,0.9965074903558575,1.0032964954679258,1.006052692271,0.9922741440488715,0.9975087948305469
106,2839425000,0.9993699110245854,0.9923471431654978,1.0029106524444018,0.9958165740183864,0.9993838463532552,0.9990103351647662,1.0027503661025843,0.9977337334809766,0.9964049500916135,0.9931433619042198,1.0025140775273693,0.9908030786588904,0.9977276357769892,0.9997331279340023,1.0044953075576688,0.9969397525510957,0.9995728795620923,1.0022907646521906,0.9984603929997711,0.992161882490781,1.0009933372432374,0.996536506041081,0.99860594086052,0.9907453543689362,0.9956337931243486,0.9982533887798257,1.0012024607890344,0.9999282316302227,0.9958272381555049,1.0047722966526194,0.9941178830559264,0.9983360768130152,1.0002645658314318,0.9982558289139477,0.9906312393701114,0.9975121779929252,1.0010334519904738,0.9973806621449937,1.00077212609275,1.000962429404645,0.9976474236233982,0.9911473731130871,1.0061296326031532,1.000560850148857,0.9985275054320143,0.9949985908786602,0.9951766572022794,0.9965097826800056,1.005471708101813,0.9940691691366125
107,2839700000,0.9999822342210715,1.000288445530658,1.0000882331500884,0.9989174556908356,0.995123667802301,1.0017482589260847,0.9934954390036314,1.0024202199965917,0.9987191779252136,0.999202226807037,1.0019918914558559,1.0047071968728651,1.0005368969467314,0.9945372026326862,1.0031582944830773,0.9924318496969943,0.9993864089371401,1.0003073072251125,1.0005892329626263,1.002751108729885,1.005366802315757,0.9994720266909444,1.0060031646751972,1.004288060627462,1.0021644653582564,0.9957748708129808,1.0000966391432502,1.0024596427967956,0.9996237282395855,0.9964748407914317,1.001350247929074,1.0080324381130932,0.998847045410929,1.000003499789959,0.9965353332194228,1.0053277560812288,1.0025402286316951,0.9949793379962069,1.001146208234827,1.0056297408650414,0.9943069186335723,0.9981047166939813,1.0003180441721988,0.9995212777208702,0.9975962130616262,1.0038609496852033,0.9986610984563402,0.9950468777342386,0.9961912850222253,0.9984524023215714
108,2839975000,1.000209313287533,1.0024167856179627,0.9937645258591009,0.9944719863184217,1.0037312917838035,1.0011863597162098,1.0025686477340994,0.9913390796824688,1.0036599367047718,1.0026709887119445,0.9985812816023016,0.9982235272601908,0.9959545614187658,1.0096576217354274,1.001513461303163,1.0017500729457796,1.000239236676608,0.9975902255729413,0.9959613274779052,0.9976227510757746,0.9975697257404514,0.9913569012270473,0.9962833191602959,0.9928553217529034,0.9985957691859264,0.9931633401544213,0.9930652660554126,0.9963373342812977,0.9971434956807911,1.0007513189918444,0.999804207015874,0.9991597095749392,0.998210674390343,0.9987793268007283,1.0050515287081894,0.9951783886165395,0.997299494760724,0.9986130991596102,0.998720395260662,0.9983293385042573,0.9964678253881892,0.9984012625292088,0.9977978940434509,1.0049162841100983,0.9943260755034039,0.9971186943234178,0.995446534348596,0.9933930450281616,0.9954709119716189,0.9977314943804283
109,2840250000,0.9979151251230481,1.0024987428347452,1.0002836293539072,1.0001165853775256,0.9935247250456072,0.9979698219273587,1.0023164915457423,0.9964141301596061,1.0007269533453984,0.9956362492529275,1.0017037274274507,0.9959892048919552,1.0008334646805834,0.9961368432337916,1.0026458777393596,0.9972537372187352,0.9972619819210505,1.0018748953873797,0.9967797839467585,0.9886126557767869,1.0007526359504895,0.9919761257062452,0.996183231840346,1.0023299508138386,0.998080718588947,0.9971803429200552,1.0012998875310282,0.9956356783907828,1.000990997844063,0.997775168865175,1.0042195563285197,0.995666386512738,0.9943032173082405,0.9963492093778432,1.000291636226046,0.9954825945580359,0.9980417743485992,0.9968024864913708,0.9960915374384735,0.9974894689685478,0.9955196640679919,1.0026269867945254,1.002847972318316,0.9984257345619125,0.9927629639485644,0.9941631491214427,0.9978283403093856,0.9979713029078079,0.9992686656177009,0.9935420191700582
110,2840525000,1.0002091143558343,0.9997342976430725,0.9936988576796376,0.9976573982563377,0.9961410813407454,0.9981938894921927,1.0002529482910243,0.9907645471396808,1.0015546870308452,0.9984303499373789,0.995154418096418,0.9996880904552968,0.9991638519783103,0.9979392206461821,0.9928385529381561,1.0006215358631039,1.0076606232153495,0.998385563879565,0.9979958934261712,0.9951742860185215,0.9962818574770277,0.9989957743171782,1.0030177505986422,0.9912459336913928,0.9974509694187228,1.0004060203079503,0.9925847526221335,0.9964678798697919,0.9973475208048695,0.9932559404986401,0.9887068692626677,1.0012885185759455,1.0009354190942383,0.9964776158500002,0.9960924483310947,0.9942543141980826,0.994876464991155,0.9949039542856067,1.0006233886512772,1.0037618409995994,0.9964897313145775,0.9943174587074846,0.9983166252342162,1.0020479782197125,0.9940088318287335,0.9986791098764725,0.9977462947113538,0.9947300076009328,0.9994265656356816,1.0032196566055782
111,2840800000,0.9981838540267203,1.0002973435377658,0.9945659466215859,0.9926818956471871,0.9948270867583963,1.002678490410738,1.0046651491748726,0.9972443644237962,0.9968380669473023,0.9982792563312073,0.9974194680179882,0.9986153286574228,1.0003497938161758,1.0012892244826181,0.9940542347419763,0.992357137009965,0.9949399551664319,0.9943155882251066,1.0026912672434438,0.9943942912706126,1.0084458937643836,0.9919765780260856,1.001932841306473,1.0028566203651208,0.9934758718941915,0.9943313511058282,1.0011604702839372,0.9971829060883836,0.9991333429791343,0.9980547957442063,0.9944373356367618,0.993513700252139,1.0001685935509406,0.9982074717955153,0.9959101557232118,0.9987341085436618,0.9959562891945173,0.9978328813636519,1.0002237750303713,1.0026129435607598,0.9943015846004818,0.9941963820941337,1.0012739886800393,1.0055391685075643,0.9952756278925409,0.9987145815541716,1.0000846526605973,1.0008614353168739,0.9963380502224141,0.9991060101883985
112,2841075000,0.9948824556991706,0.9994925190624647,0.9953339591395639,0.998676249747041,0.9936981934105296,1.0011306188131506,0.9912260938021766,0.9943739407596314,0.9961373420668331,0.9978740894886816,0.9943142128608021,0.9995713715832006,0.9971970124304477,0.993951220615467,0.9968025468273671,0.9944149550242445,0.9940125203453789,1.0005256109158356,0.9950604911792406,0.9911793025658903,1.000798888851291,0.9953973810723307,0.9961235518248825,0.9920807791228631,0.9973324587715487,1.0003453240587086,0.9945532227227027,0.9972026912854527,0.9996888998990602,0.9980296063843201,1.001149933947157,0.996502204818385,1.0005622756415773,1.0033218317873345,0.9936626891000515,0.9950924640895435,0.9998485729664087,0.9948357912346237,0.9909420043720418,0.9969109807421076,1.0022400930057358,1.0104563865309342,0.9967857795066494,1.001806547116542,0.9892602746149757,0.9960869185482852,0.9999363574641768,0.9950430191010609,1.0054387304938588,0.998767031975535
113,2841350000,0.9986457706259728,0.9991835345180436,0.9930963957433991,0.9992206243724221,1.0029649211835956,0.996006913826883,0.9989664783328311,1.0023822627194354,0.9995986709439106,1.000374200884722,0.9905120290120321,1.0002168526776798,1.0032707013261584,0.997351440620727,0.9937808979925602,0.9999498480817056,1.0028724200306345,0.9928752251992339,0.9927718647806195,0.9994027004404611,1.0010849520355656,0.9939055880260468,0.9929945754750393,1.0022222958234548,0.9970150082614302,0.9959536561023944,0.9983907667108611,1.0032394919522545,0.9971090747433461,1.0009961733869528,1.005603373230083,0.9967323853600649,1.0027607051341352,0.9962504512940336,0.9911142168671884,0.9892303501449604,0.9993624201928306,1.0004684507687776,1.009111883722912,1.0004796199176786,0.9999687152604388,0.9933375576347012,1.0011782340868698,1.0037843960684523,0.9985479865689391,0.9926118357996587,0.9952273539071791,0.9970886446208468,1.0005280672113102,0.9935273273603323
114,2841625000,1.0011795030259172,0.9950367491031021,0.9925045460590733,0.9978794422460171,0.9969248601007127,0.9992111219672686,0.9999405845048661,0.9972823869835653,0.9984120458602509,0.9987893574494435,0.9956191121913702,0.9977704425162676,0.9976837950091201,1.0025000056564533,0.9950478391112063,0.9973744449241415,0.9990121278574117,1.0017143002460873,0.9977469578146998,0.9993298867474064,1.0001122360259749,0.995946355962153,0.990866749674742,0.9976803889289205,0.9956618412569725,1.0041184842892534,1.0013445174946825,1.0015851688542736,0.9958035167300746,1.0059395152522879,1.0023516542243518,0.999188888917465,0.9992902582136437,0.9940769047229574,0.9991556936234369,0.9954771006071879,0.9935849441803896,1.0027714446669396,0.9959801349229832,0.9956597705462328,1.0035799347999708,0.9977312227764661,0.999252767323281,1.0043737230658818,0.9987226229904168,1.0020563307586057,0.9932236405248714,1.0001511867816926,0.9943248929312807,1.000623487860471
115,2841900000,0.996227978329634,0.9966924276161107,0.9984584579360897,1.0019976148871372,1.0026301155869755,0.9951519946734234,0.9908459763961871,0.9971492344734422,1.0019978906108802,0.9996912963064786,0.9966096487743467,0.9892571636467653,0.9982728922352756,0.9999702341426352,0.9917599380408219,0.9984595070745824,0.9947189012809926,1.0033422144345034,0.9984658763227595,1.0005238142351223,0.9947883622766848,0.9983347875369308,0.9953609665462319,1.0006543778668995,0.9972388094337409,1.0047290625083114,1.0008522978128194,0.9992679121743238,0.9986647373782602,1.0012958693544012,0.9936987333699584,0.9996475667680421,0.9921609419193624,1.00108136026403,0.9995661198099925,0.9949768164666881,0.9954161316804139,0.998400296260162,0.9917560814506038,1.0034735540448059,1.0036872639627317,0.9971521301473767,0.9981813588006905,1.0040848909585613,1.0086684103443202,0.9940656650994986,0.9928519686274005,1.002919397449962,0.9976112683502524,0.9947769399161933
116,2842175000,0.9978538139720424,0.998208924335506,1.000167767716384,0.9969863823402298,0.9961336477762265,0.9924672012275377,1.0035507709337246,1.0023234378944468,1.0010901804893806,0.998784597199735,1.0011068587698544,1.0012380715748315,1.0015044031279026,0.9958817268087071,0.9961184527115422,0.9957389403599683,0.9993854826694161,1.0007315366584872,1.0011477181397803,1.00093579901354,0.9957854150091107,0.9972768156382348,0.9977397551074141,0.994325111246073,1.0030447870841526,0.9942564802557025,1.000738644703097,0.9982587382479216,0.9961175154966578,0.9988119778050744,0.9976946588321505,0.9952280965596365,0.994742744806035,0.9980659376576761,1.0018322450383017,0.9985293703821634,0.9977586394316637,0.9973777718556454,0.9943976732124898,0.9956576448783837,0.9902545158616329,0.99568042261831,0.9979354976711245,0.9954887263977275,0.9919379248722751,0.9909419680394054,0.9988920645317493,0.9981916408773851,0.9961718680917868,1.0020819090718187
117,2842450000,0.9976978175264042,0.9981709015085595,0.9986123663907849,1.002652329617124,0.994432818498085,1.005990090197638,0.9997715657881368,0.9935422185646997,0.9966180664989395,0.9957838068484114,1.002134406869471,1.0028213223585918,1.0028594296419628,0.9938490428463187,0.995387053778025,0.9943227344948151,0.9968290526951027,1.0001918818173647,1.0026094341616194,0.9971715408467412,1.0044175689218122,0.9930904424403463,0.9976363684858486,0.9948543884177234,1.002724436042446,0.9957051179308397,1.0040137272321912,0.9869715821304311,1.0005822416146009,0.9973975360647103,0.9935427111342408,0.9950550006225374,0.9949095905694282,0.9967118751425301,0.9939521203289925,0.9977838288194858,0.9987540718727549,0.9989790064110675,1.0034235793693553,0.9979700742807989,1.0021231657153196,0.9962675649575128,0.9981137192891352,0.9980783606826941,0.9975773098850267,0.9951871657384065,1.0033859589507221,0.9965623663984597,1.0000668560976305,0.999346916248061
118,2842725000,0.9993768495930703,0.9963728567138506,0.997209871861151,0.9935257036522926,1.0011029440284822,0.9949251720983919,0.9936507243447489,1.0039109614909907,0.9976006453150051,1.0007643256053576,0.9987371562464983,0.9934979361675857,0.9913428155796796,0.9995560016447715,1.003802070124796,0.9998550625886691,0.984917207093968,0.9989977280552237,0.9997893744634107,0.9966957321216148,0.997216386445586,0.9973051954613025,0.99672759367022,0.9914876535097431,1.0008799774150345,1.001116550046029,1.000045569284794,0.9994477863414233,0.9934119533468945,1.0028171075608099,0.9974779743486102,0.9975130009479539,0.9918418274881059,0.9921450187249379,1.0058965512134939,0.9961861586250907,1.0006786396719505,0.9978226091410176,0.9957994542159327,0.9960644185587049,0.995501989496211,0.9977750378556391,0.9997170505330352,1.0003205884390345,1.0010340821458175,0.9979195993900356,1.0025323427521537,0.992544707757933,1.0066121041117861,0.9911253470646088
119,2843000000,0.9982586128127666,0.9979119708802558,0.9985504215301063,0.9948535987448934,0.9975294114615215,1.0012713804610809,0.996242511976457,0.9999505681098445,1.0000205842518402,1.0027103011139995,0.99978698548955,0.9961219228192703,0.9931951498664221,1.0007516589932446,0.9906857760450037,1.0024973597533948,0.9980464076091033,0.9952763573071319,0.9945596377261026,0.9943175002211062,0.9954611408647832,0.9939188626548582,1.0001172314642046,0.9931218179429381,0.989501204272839,0.9989175116054086,0.9979059208610048,0.9962145121293215,0.9949280565471448,0.9912836714286698,1.0045479626723586,1.002727410298116,0.992128620531695,1.000534107234365,1.0003320610726387,0.9963323943330963,0.9894190462339453,0.9959853989616472,0.9976733747288671,0.9977399306058664,0.9905805993441152,0.9978176241445638,0.9963040562416347,0.9949940633033235,0.9890483674477424,0.9977787032935196,1.0002572916731705,0.9963778379634964,0.997580930200886,0.9918564636182817
120,2843275000,0.9945880771908936,0.9963312778157407,1.0013504859528164,0.9970031058868288,1.0029280357339105,0.9959002150374199,0.9987883211781226,0.9975166252763161,1.003031539413716,0.9985004203184881,0.9971901201839222,0.9994134378584296,1.0028177677874452,1.000297790265147,0.9998701172927322,0.9889360274648685,0.9962701329683591,0.998588394976897,0.9987782899521828,0.9994699930569847,0.9949586315103489,0.9952119938138005,0.9955417069929197,0.9971823366880123,0.9966207595538614,0.9943687148040853,0.9956622356887727,0.9952185113965992,0.9978284930557503,1.000299844833401,0.9933761153556808,1.001836404832019,0.99880689168055,0.9942624695001719,1.0000759413369311,0.9982531508238057,0.9888125746167065,1.0033893910513272,0.9899277204056456,0.9962246185403597,0.9932854296191942,0.9971177203154343,1.0009318492641133,0.9998115244782066,0.9947764915609248,0.991163732236914,1.0045749449632775,0.995682010271455,1.001233764284819,0.9968191454908099
121,2843550000,0.9938922762572452,0.9986769598733538,1.003152497621994,1.0049199418558643,0.9981128800244262,0.9952615787087333,0.9934279165240335,0.9932297185686588,0.9986374899948286,1.0017061145106656,0.9976052446335708,0.9987822268731622,1.0058996420836601,0.9996933546877711,0.9985985401869181,0.9952993655433989,0.9979584032983727,0.9996405084807223,0.9986064407716704,0.9928286610189812,1.004024964717451,0.9966793491293618,0.9989592005862248,0.9997758721678003,0.9995118255063612,0.9971783881633522,0.9995537909772404,0.9898203587067234,0.9996384873762353,0.9999083698602705,1.0004782345787124,0.9956593638715688,0.9910159291768454,0.9998809817453594,1.0040636693880023,0.9976325489718519,0.9971577210530164,1.0042053024728124,0.9937302352577675,1.0012405221293084,0.9951739952718349,1.0022252621465895,0.9999362296229829,0.9959669796294495,0.9962907712748748,1.0005840497986613,0.997571519955402,0.9982044721976217,1.0024499694331095,0.997670004720044
122,2843825000,0.9926645030103163,0.9972363472831245,0.9976402218885713,1.0050426525040863,1.0016999219088338,0.9954782297974741,0.991583718886613,0.997231809113789,0.995075099812539,0.9990214946608488,0.9968017438167565,0.9982016581975276,0.9964862087462789,0.9995394421732163,0.9973959337578059,0.9972200747953588,0.9987310384380477,0.9942594632385889,0.9956029049769042,1.0005813068588292,0.9898962413161456,0.9973402689332492,0.9953008565627417,0.9959091001861649,1.0046878873382232,0.9995102983301246,0.9959008962924744,0.9940205065974391,1.005796268066126,0.9903645925332994,0.9978583165310579,0.9958918026899714,0.9945660726093171,0.9933646905094271,1.0005344449022417,0.9959714671340247,0.9929171677799798,0.995068805831519,0.9946372365842687,0.9960014443704729,0.9956506519553242,1.0025046440232976,0.989227361023191,0.9916724883481528,0.9990734197200895,0.9949648778624474,0.9936536994901388,1.00017690266549,1.0016189648292937,0.9906910324774427
123,2844100000,0.9985795120260821,0.9970452802301032,0.9978400401846972,0.9917253298306753,1.0003725201522964,0.9955291532252462,0.999618745965023,0.9960809442831771,0.9981285966225842,0.9978894745271762,1.0004575509793148,0.9922021659826978,0.9934997115526634,0.995383479121469,0.9968707617035916,0.9964757997880596,0.9951661363953996,0.9964604430806,1.0016715364377105,0.9930935838722197,1.0054745450727705,1.001511721748353,0.9908964488923236,0.994133664162175,0.9973619986480513,0.993021437123031,0.9972735513898792,0.9996872209202119,1.003772708763945,0.996928923931869,1.0046395332218707,1.0021558524477867,0.9973442047250157,0.9985547313510498,1.0029506388431388,1.0016878786378436,0.9904635140126439,0.9969966070058168,0.987564340231504,1.0005244204352357,0.9919723242527009,0.9967788000232839,0.9939854190157676,0.9965664090233315,0.9959401593895858,0.998677294984797,1.0004686295752339,1.001996920150884,0.9974982214757413,0.9915241863783535
124,2844375000,0.9988955497731462,0.9962519371897437,0.9921823868801173,0.9908774999537574,1.0008216347175314,1.0036860190316206,0.9919835625766122,0.9982666791674906,0.9967884475902775,0.99592060713407,1.0003358359911123,0.9950841920524485,1.0008252965252675,0.9987029752696248,0.9965247057294639,0.9960319131920915,0.9993339250687402,0.9959853797365721,0.9995099372685392,0.9996729445358719,1.0021746618947756,0.9952871409076675,0.9983065323740086,0.9986415582017908,0.99609923548007,0.9958052645110858,0.9966240273038312,0.9933454346820947,0.9966499109402222,0.9912804518920255,1.0023025851517184,1.000376878739127,0.9937505898262372,0.9985693557809786,1.0020681596375405,1.0017607445650316,0.9980238391352705,0.993323940048122,0.9934407617798297,0.999668933352657,0.9909146358433157,1.0004650978971459,0.989882126390761,0.9940257956118735,0.9974112864709095,0.996648889403812,0.9918768999821694,0.9962892083596218,1.0020936585476148,0.99827379756396
125,2844650000,0.9963384409243136,0.9982801318284803,0.9917895776492054,0.992335781531687,1.0040939114670933,0.9941109205542434,1.0035777365674334,1.0005047880988742,0.9978112852645509,0.9975601414590255,0.9926848681380679,0.9948272939216874,1.005999325033097,0.9957007511581155,0.9989075467475353,1.001685791747243,0.995768512292747,0.9903541175137597,0.9984603389000004,1.0037274160164722,0.9954616063036684,1.004417491281687,0.9931317622007919,1.00155465732107,0.995477258244028,0.9940683578162061,1.0013540848304239,0.9903108439696048,0.9991279580922672,0.9993218375385778,0.9894852153439777,0.9976721860496308,0.9986817616503542,0.993105543437924,0.9892093241328755,0.9966717732162144,1.0008540608401526,0.9950587198482324,0.9957639544373912,1.0000970982573505,1.001182480343565,0.9927526268675746,1.0020215673597375,0.9912110174095511,0.9943833321045294,0.9969159313424831,0.9960596172950508,1.0026081266129294,0.998513391965878,0.9957627146470471
126,2844925000,0.9924105860883342,0.9938331982598244,0.9970365864071945,0.9996700676277628,0.9911602700856637,0.9975677372868897,0.996625389561035,0.9913008963476598,1.0020469873709668,1.001975317432359,0.991620511048398,0.9962240372063793,0.9914646945436996,0.9915857323402993,0.9978620379342321,0.9916966205529633,0.9971877182573997,1.0007528581951508,0.9963502796756629,0.9924066540142213,1.0010892375125477,1.0012093797971642,0.9943231891218159,0.9968302659375501,0.9975350060547648,0.9933195551298437,0.9964578691402921,1.0033613737066405,0.9932512693647475,0.9963366752285734,0.9991302497317848,0.9954675729657032,0.9930723315289117,0.9931743051278431,0.9943548959500467,0.9932242906598758,0.9942399133202245,1.0003186067901635,0.9940849851000324,0.9954408588535059,0.9950727256552959,0.9932383617006734,0.9948000010872492,0.9948924375460619,0.9978792194199317,0.9944869947088804,0.9965100140041461,0.9913072064736386,0.9986915922022097,0.9882666061966665
127,2845200000,0.9993720477986818,0.9988072556611125,0.9921004533606085,0.9963766510457004,0.988212773187884,0.9947736634563684,0.9929477847696234,0.9976560066861142,0.9955073015255466,1.0000051511683157,0.9939026797716841,0.994682008695487,1.001542476660726,1.0048958161589565,0.9960457408385907,0.9961171837380555,1.0011007393014792,0.9929168981769501,0.994629313959787,1.0003164480582694,0.9959501444731956,0.9966044253459084,0.9939804802298817,1.002081038812066,0.997078920476308,0.9955068693126778,1.002251546279963,0.9923416132676723,0.9983203568488347,1.004207083905872,0.9987055335077656,1.0035727412101332,0.9976225954832361,0.9939580521832919,0.9956917850734167,0.9904535056348738,1.0025468637532162,1.0017267574120459,0.9930681319636139,0.9991510856202002,0.9987842543366685,0.9968948920308015,0.9957832153690969,0.9988532358975358,0.992575332556596,1.0012696758605943,0.9929208953743016,0.9990961577650493,0.9943293396462616,0.9974777299106996
128,2845475000,0.9959007581479586,0.9980993322457371,0.9965334090489802,0.9974614662054878,0.9961360276057121,1.0000132564285575,0.990173344420905,0.9996725958809791,0.994390998418738,0.9993271200491621,0.9934497266156176,0.9970481735955089,0.9955188504085664,0.9942545501940472,0.999196323420484,1.006467932001369,1.0047837029673823,1.0036217205259037,0.9985226126981452,0.9999431240054107,1.0007441432679738,0.9980831808295321,0.9899891776719825,1.0000418763193482,0.9967480238715404,1.0024441836160274,0.9958091314516393,1.0003418779819149,0.9981597098658445,0.9965074854787747,0.9951848370425136,0.9960307665684318,1.0009891245593718,0.9895909378113465,0.9972386794676097,0.9951208197780171,0.9965983741836876,0.9929627692358752,1.0001955171798789,0.9935406675767124,0.9962605262510098,0.9979531251675436,0.9980297239615877,0.9992035311821278,0.9921121263818552,1.003453995055904,0.9914609993291869,0.9898424066097915,0.9920990895221818,0.9917878277522023
129,2845750000,1.0026806930737888,0.997229123533155,1.0005845875635724,0.9942273251960001,0.9949455534011687,0.9969297068714046,0.9989141597967415,0.9999344110707503,0.9941326630230561,0.9976192642514372,0.9968956855499678,0.9950795169006803,0.9916387214550516,1.001321544195854,0.9969009022872776,0.9909038520297861,0.9999546158641991,0.9980311574710173,0.9987096178094709,0.9980244709614188,0.9983003948611413,0.9995743909782195,0.9971723016880858,0.9983203639704188,1.0027003490910855,0.9974707401255484,0.9988596090366377,1.0002912630708984,0.9952066084717794,0.9973180998541521,0.9954013214702239,1.0001693533443905,0.9965133664050905,0.9918279761128314,0.9992906022111879,0.9945519510355848,0.9931008066515846,0.9923148334100224,0.990913053247293,0.9926245581464047,0.9930154747032001,1.0008104430438642,1.000388235190775,1.0063646183342976,0.9901816060235501,0.9936100656921533,0.9910984914327164,0.9965913823341426,0.9947751677870375,0.9981568506169828
130,2846025000,0.9989828468738127,0.997403170737099,0.9977517674999963,0.9921725385103868,0.9916925419077784,0.9963886086171411,1.0006960047062154,0.9945606432967675,0.9959260194028691,1.0003384234439283,0.9954197340749676,0.9931399042668765,0.9965761210987633,0.9946323544463636,0.9984204626771532,0.9987607517354548,1.0018806069905346,0.9952465036892094,0.998683547569718,0.9940808477514272,0.9906998903483906,0.99737920735896,0.9964830501746449,0.9983885747183752,0.990736018682378,1.0023568247044778,1.002879830165424,0.9989483885607541,1.0021612694738913,0.9922757111752177,0.9937021386726221,0.995004513372438,0.9946649284288615,0.9963954346776253,0.9939715914444578,0.9951305187024124,0.992401226279494,0.9959026090939184,0.9943166912541695,0.9943862898293558,0.998653593444203,0.9896382282164753,0.988158212591481,1.0007305274609213,0.996453408644402,0.9954769276846185,0.9979548802266887,0.9958918684216739,0.9941482789139946,0.9970919874162855
131,2846300000,0.9972268709747858,0.9990951883733372,0.9908877866412025,0.9972384542817985,0.9911726751604365,0.9969605735942534,0.998232401673952,0.9983634073721351,0.9903300747364484,0.9914467259024278,0.9990126285962411,1.0013599116901633,0.9977180510096637,1.0025835693331255,0.9899903213378355,0.9977280117304911,0.9972277550158561,0.9948264419904074,0.994133662802016,0.996100604667507,0.9975847813246761,0.9933890754446498,1.0044319920595823,0.9958568510699768,0.9903712800061416,0.9910333257282242,0.99691930963643,0.9998256310127516,0.9922219107986253,0.9971328301781821,0.9907988204357774,0.9923987632793766,0.9981134259763116,0.9987877885607073,0.9890769838813775,0.9970991419910276,1.00096912759036,0.9941884445429157,0.9952814126601099,0.9960884850270268,0.9962730911771888,0.9979909622069763,0.992052030653338,0.9940149569473077,0.9937531374400743,0.9896889074090763,1.0001478660432175,0.9928500889822403,0.9970634243141479,0.9956633619150543
132,2846575000,1.0005181326623136,0.9978143835382424,1.0005697806894158,0.9919449658483994,0.9993357285565854,1.0020157090940107,0.9971642444217,1.0021718639563142,0.9969315134521826,0.9897250997752284,0.994790438247159,0.9985167825789685,0.9901632512495123,0.9951222928232786,0.9996571320432555,0.9891079661361704,0.9934871912404329,1.0029574099642953,0.9944962270774498,0.9905834062448223,1.0002169422230383,1.0018514972746788,1.0042137481462392,0.997672299955511,0.9879682399793223,0.9975763956795021,0.9911278591566745,0.9943405700266886,1.001096682359707,0.9944519400422448,0.9955495872177799,1.0012109962525948,0.9848736078393961,0.9966293848521733,0.9950959926181859,0.9998168177824035,0.993639145516888,0.9951813260528692,0.9948135892503153,0.9959521999329766,0.9911437511919164,0.994250248014004,0.9948472311095471,0.993120793222873,0.9926609000949606,1.0032287808288802,0.999076290351549,0.9972679405979998,1.0031317873440928,1.003072568073594
133,2846850000,0.997829199167953,0.9964976903570063,1.0020665306505097,0.998798706315217,0.9973907581431158,0.9970752321616795,0.991840564571078,0.9999652722098645,0.9938921054128076,0.9919082116143991,1.0002165451784812,0.9890419027670704,0.9960621843723658,0.9951596026002625,0.9944015833293663,0.994401927074592,0.9939574658168393,0.996695052814919,0.997198803785679,0.9994574878160911,0.9923382741740796,1.0013885362621062,0.9934194231892202,0.9940185618969313,1.0010017437241294,0.9929532210752411,0.9964653757856898,0.9929499404469628,0.995672060912158,0.9944997451150919,0.9981590760025926,0.9945579386742794,0.9976246723731126,1.0009518278621956,0.991976401771959,0.9981827834772287,0.9983117631451042,0.991957550845817,0.9946827880636895,0.9950145643916123,0.9992270780068238,0.9886270968499786,0.9957204821506244,1.0043258459578133,0.9921245625747042,0.9969308338544596,0.9881425536926434,0.9943536320598146,0.9859716591097122,0.9955229980754984
134,2847125000,0.9973791886950284,0.9908009990935921,0.9944161746649746,1.003460014010891,0.9955118172877072,0.9992963206774208,0.9969024712382208,0.9920772326176687,0.9949008212549975,1.0029787717272869,0.985124472090636,0.9938780379008992,0.9957658230223772,0.992397145493318,0.988371416269266,0.9959221171048495,0.9950988367616741,0.9944789376321886,0.9983763843141347,0.9924011699737202,1.0011807243406392,0.9998560034872106,0.9982239480598193,0.9991169004095055,0.9959468375321485,0.9949519931423269,0.9940660233830937,0.9983323757079708,0.9910525859107298,1.001470586963561,0.99911556667409,0.9948930535028337,0.9998348185928737,0.997595097723827,0.9910104865413604,1.0023261838847546,0.9941559681276488,0.9999426268210324,0.9946851981507892,0.9975269459499753,0.9926507342023797,0.9933326255910517,1.0001071133001063,0.9965538944554946,1.000921641922491,0.9998049013746358,0.9936559666559414,0.9889535466947589,0.9970975114086293,0.9941627581030574
135,2847400000,0.9929310125084209,0.9974036749589054,0.9947138510376667,0.9868677619575192,0.9976884572729806,0.9914232100683897,0.9930744606111455,0.994525296505828,0.9996000700272396,0.993590504321113,0.9935734428461399,0.9977479229421026,0.9952637649506989,0.9982163006031785,0.9957410251105352,0.9981520357381666,1.0044675688682785,0.9934493735774838,0.9942454325647141,0.990858883769321,0.9957688118337494,1.000263050796145,0.9912324593865909,0.9934175234773469,0.9965711345823044,1.0017433723114195,0.9911920997683279,1.0004831016398588,0.9977368673208581,0.9993794086274761,1.001981564199027,0.9913766945940616,0.993152382153367,0.9863436850518654,0.9932862798133675,0.9938068280126164,0.9969367397682716,0.9957845244530181,0.9999687118586408,0.9999558842130649,1.0062612468951473,1.0017015118338202,0.9920497076631469,0.995211686176464,0.9953850070737111,0.9951309109794777,0.9905166820450538,0.9904395805566277,0.997058847391784,0.9938764888639067
136,2847675000,0.9970580092667956,0.9925370176337103,0.9904905968380295,0.9995663287595354,0.9927063298243397,0.9977752532431806,0.9984992080232374,1.0009442646344928,0.9871510746455692,1.000045561372188,1.0008462498279458,0.9906385097058413,1.0031765187339758,0.9962044476852744,0.9961611937224222,0.9975149653353698,1.0011083452997542,0.9996817138670152,1.0022544222383347,0.999817062275799,1.0005489182492524,0.9926391916725892,0.9971444745864688,0.9938302251596661,0.9959447445741274,1.0024447354222015,0.9989364242454007,0.991962147177725,0.9950396947071788,0.9987895928317161,1.0006423690776105,0.9891551330842232,0.9990266266574072,0.9991187397815389,0.9929298772023589,0.997872493208141,1.0024788199436607,0.9896265539121641,0.990954015336165,0.9973391358165142,0.9919638443302704,0.9984410398623588,0.9993642281226236,0.9955772770297441,0.9894604329562899,0.9946843759933373,0.9916439780978967,0.998936799871587,1.0001237193178107,0.9984236292185406
137,2847950000,0.9981204025160383,0.9942961733991814,0.9960644153233842,0.9988898463606369,0.9922509919490752,1.0031078988766615,1.003189965740823,0.9956580288679495,0.9947508597172977,1.00174689508971,1.002059105067046,0.9952661059167915,0.9976768487472781,0.9948561219348293,1.0036160411281803,0.9972654464765673,0.9911908573266547,0.9986880395240898,0.9950310687768106,1.000962888283656,0.9963898531539249,0.9900839321187291,0.9915986135946698,0.9912116771432232,0.9945864199952871,0.9963446934014937,0.9962173381455426,0.9901043272403718,0.997145815140434,0.9940676414633827,0.9967324794650243,0.9949378496800345,0.9931575683754723,0.9968145501544345,1.002976188209403,0.9934414781085162,1.0021388576190633,0.9942726125946086,0.9922279115537903,0.9972960581886219,0.9990759111196617,0.9954796385312312,0.9915555721493359,0.9944701467105796,0.9972556688536656,0.9912932813428847,0.9988848492668841,0.9970887918822332,0.9974099195664411,0.9923127826564426
138,2848225000,0.9955345008620154,0.9969694262039762,1.0066365834594588,0.9951834523764115,0.9998137075867268,0.988367665476091,0.9952587811174514,0.993782747022967,0.9963215256920179,0.9920974227315643,0.9861591420281686,0.9919614495046307,1.0023622678505415,1.004706297300536,0.9989802517869849,0.9924369329746172,0.9965367787783862,0.9957748565994524,0.9991204846647517,0.994303555026981,0.9941313525879367,0.9868087115480327,1.001337769235551,0.998468606620392,0.9945741489356297,0.9913284024023612,0.9989812609286207,0.9924031880708087,0.9959015571201001,0.9933251690213803,1.001675023755533,0.9963372443585281,0.9904291211157114,1.0007581917483976,0.9976061941652826,0.9968197450495654,0.9938953817243362,0.990519548640252,0.9964512245921412,0.9938549642845438,0.9890358978634762,0.9997938156473521,0.9954904083238079,0.994470056796511,0.9985739677546955,0.9922614484995703,1.0013653883692817,1.0023394238690042,0.991208646271099,0.9894925671861587
139,2848500000,0.9927705647603293,1.0004580204906566,0.9933026412645165,0.9949427485997556,0.9897416035411477,0.9902870656261714,1.0002527399154937,0.9977024989937345,0.9974345820110497,0.9995757676669883,0.9873298351493306,0.9968701096189007,0.9938902134299792,0.996543239871023,1.0042163458222015,0.9960050207841658,0.9931945142110342,0.9959705023005722,0.9975146107001231,0.9974151563175689,0.9865606576054319,0.9918274067486534,0.99683487358197,0.9995762089437047,0.9959986971190393,0.9976791759361658,1.0021231179824934,0.9984382819129599,0.994750638295978,0.9888993189268139,0.9954434133845493,0.9918988616704394,0.9977229665698457,0.9937048208254835,0.9986091003634187,0.994496245583575,0.994035969386343,1.0031091064580708,0.9989154481856997,0.9892161640884984,0.9958724553705278,0.9890097806090618,0.9940348508631742,0.994950956183199,1.0008002613880262,0.996656245279226,0.9963303655955419,1.002971063721751,0.992545994340935,0.9996111093817845
140,2848775000,0.9953598494470579,0.9960332564395964,0.9938198706551871,1.000442851537717,1.0005685862170741,0.9931140364253546,0.9934485965753984,0.9957705752054025,0.9985815653496188,0.9904742148414399,1.000585634175672,0.9987304379493908,1.001730142229227,0.9935746866806803,0.9924671628735843,0.9953973535799643,0.9978956069405922,0.9958543997603597,0.9918692975913455,0.9933707128597663,0.9933275644793098,0.9972146452682313,1.0021435055301278,0.9892788430119404,0.9977854792738906,0.9917372883670059,0.9968113212019322,0.9969061270429084,0.9971054349807912,0.9971077856767099,0.9982898086363166,0.9945845960404731,0.9939192799990527,0.9972676525140463,0.9949144380028057,1.0005198208720547,0.9915293068010156,1.0005564498910644,0.9912777175208232,0.9910488321484626,0.9971813859513939,0.9954753485010476,0.9873721428390115,0.9967464060835394,0.9927026436178967,0.9931244358900048,0.9968470756126058,0.991915519104632,0.9979639894025457,0.9922774459701335
141,2849050000,0.9972745810583773,0.9976429931789265,0.9935601168795357,1.0023781024237302,0.9925530128442336,0.9941273086701671,0.9993475245248775,0.9950683354207333,0.9991086003973066,0.9937566035953155,0.9940596854200672,0.9976790574484801,0.9916605566054177,0.9922695935159161,0.993749818939401,1.0003408547219206,0.9936958980416186,0.9991630955989093,0.9910006514439307,0.9948751242579242,0.9867444623569738,0.9917946958100995,0.9891156185169674,0.9921407892853277,0.9995822171832791,0.9919634777973344,0.9990215135643122,0.9917048199871831,0.9968030600409044,0.9928416482829994,0.9903237578737271,0.9922009104715115,0.9976124013258143,0.9962248397811497,0.98825032397084,0.9945203150361405,0.9974912038390736,0.9893705105649875,0.9940580792357311,0.9930354208407974,0.9899679756823347,0.9956364507778132,0.9908607506174782,0.994751590453337,0.9997073273364602,0.9965894066826402,0.9945698769056279,0.9874561787155214,0.9961622122490237,1.0046897143686424
142,2849325000,0.9905960963813156,0.9941829892652476,0.996366958083605,0.9971009576847583,0.9961678271453828,0.9906636739659691,0.9949117929408803,1.0035801217003228,0.9895103250489447,0.9893483449793486,0.9945857182300695,0.9998736260720492,0.9976062181160998,0.9843447365309402,0.9969219453351873,0.9978252661296874,0.9924439332519275,0.9932576021821443,0.9890948906830167,1.0020255982328083,0.996262188759279,0.9954669360616832,0.9964911389309654,1.0020876541304082,0.9955853899302888,1.0009054791017136,0.988774516750145,0.9992216023604844,0.9922777798373111,0.9980554871884504,0.993705007986525,0.9915409482404053,0.9911826536947975,0.9940366553866444,0.9897180653484937,0.9992474036635247,0.9974662423711327,0.9991190650369544,0.9923382425607421,0.9990365462899137,0.9954442405015602,0.999047932903773,1.001337963088359,1.000166529275076,0.9932683034082981,0.9908500404944675,0.9900525515755212,0.9919254964276796,1.000005235257446,0.9967198685785926
143,2849600000,0.9996015556379361,0.9990342941415039,0.9921919495564122,0.9939766766249026,0.9986939946763035,1.0025072255007446,0.9944043193258056,0.9926242626888064,0.9923044688816623,0.9963952606242973,0.9893263781858879,0.9959449010161611,0.9945963939603809,0.9933441005978583,0.9948238322025426,0.9961213788584165,1.0003703913836894,0.9976919950015926,0.9956901465391151,0.9954277042335952,0.9923064363029339,0.9949148381886357,0.990797690139213,1.00314451355828,0.9918413566988812,0.9955664608475682,0.9982327883240751,0.9929806214298816,0.9895094788586337,0.9962041081389795,0.9930189971455777,0.9963855709797564,0.9922146487008927,0.989392444955954,0.995133951128164,0.9983582320524518,0.9957274923511072,1.0005829642770037,0.9968341051042435,0.9956420941129026,0.9950413844306927,0.994841739931607,0.9926153688215884,1.0006844384866531,0.9967058333534262,0.9921713215641139,0.9896613345580874,0.9925032233058785,1.0020262555391073,0.9948701272927154
144,2849875000,0.9943940027365467,1.0003994189358953,0.9974682844360634,0.9906481289786319,0.9932205916420519,0.9927253796438321,0.9910393485417509,0.9934113878517494,0.9940835374638914,0.9901546171831667,0.9999992020968647,0.9929722342447651,0.9891371500310462,0.9932874210515806,0.9986190994444507,0.9937450071354927,0.9944332800205514,0.9896720757303512,0.9922872141284763,1.0006058038380046,0.997320875435607,0.9919215338419987,0.9899695419301875,0.9905133015608184,0.9887419918494582,0.9920676950959241,0.994818525327851,0.9942033712473246,0.9938508102534648,0.9986992451703421,0.991417482209566,0.9906278658631509,0.9997896473095059,0.9967963096247415,0.9962975644083288,0.9953318723840041,0.9935134861634207,0.9930628098988167,0.9947108386427219,0.9928249455534803,0.9954271531307781,1.0010471573491062,0.9858460227913205,0.9955689463697739,1.0034145178351437,0.994427729211011,0.9897553245928878,0.9960046134459077,0.9959223696988027,0.9972547564357632
145,2850150000,0.9958310589407332,0.9967354214188161,0.993278107899224,0.9927123156769939,0.9965438683618874,0.9880460459406472,0.9914795932584478,0.9877709976123853,1.0003061631523462,0.9953447619708223,0.9987095875157682,0.9926401575417819,0.9989407913047844,0.9962232168350159,0.9999475994535005,0.9932251068013179,0.989945042183011,0.9880044189446419,0.9944807270400646,1.002826858509068,0.9957248597867667,0.9935669966054745,0.9995978710119512,0.9938058228298596,0.989388119990011,1.0023844284211707,0.9954064754023362,0.9937338292587713,0.991761432091899,0.9909664210503717,0.9860433517116403,0.9867162218276223,0.9936067666072785,0.9935075159877694,0.9992947182527092,1.0034709595546383,0.9950929689048589,0.9956819390679643,0.9993136592998488,0.9914900083918934,0.9991642175408423,0.9944777159326292,0.9927466004193316,0.9960322972400684,0.994360064861265,0.9880358596486236,0.9965238275706082,0.9947365657339288,0.9963610601319459,0.9992506107370608
146,2850425000,0.9976534848582033,0.9976046852574376,0.9941872347964251,0.995819776972009,0.9957249303090037,1.002638482107246,0.9954855467651442,0.9918416540141813,0.9916559481987505,0.9925936209911892,0.9895934305416515,0.9987645889249243,0.9898419761691363,0.992761127774253,0.9998473178117867,0.9914153809650688,0.9960699859868412,0.9969377784121904,0.9912531519536583,0.9957133034173606,1.000320004565184,0.9890559178847472,0.9858125029395833,0.9927257303111285,0.9916777872689022,0.994041680781827,0.9986226831049859,1.0006732785363015,1.0006980314253378,0.9946394060723841,0.9978002853606183,0.9931674687440182,0.9938137572696492,0.9978889004079046,0.9948067181211895,0.9881897123160647,0.9946885499677329,0.9950457559935171,0.9925087577310596,0.9947348785521817,0.9861663456109763,0.9930586520704106,0.9996135362496367,0.9891112979808284,0.9937530741820764,0.9951399460535209,0.9910796369948612,0.9933241336921992,0.9905837690719079,0.9891412974398096
147,2850700000,0.9956044507608834,0.9936089319836223,0.9936418057832977,0.9971583134367906,0.9951275970563692,0.986954346665618,0.9986261530140661,0.9927605492828158,0.9905872787565483,0.9937157288738553,0.9921196218702983,0.9937852686733999,0.9933879283826166,0.9904963117873853,0.9924551148122278,0.9964676599083421,0.99716741600791,0.9960912668811368,0.9966217314808242,0.988332347070502,0.994186423748405,0.9876800784396119,0.9953585598262008,0.9959742267925449,0.9905155655840727,0.9906531337513499,0.990886719738466,0.9904698723964364,0.993510594174335,0.9933058542086708,1.000173200511366,1.0019837799194875,0.9921512655310879,0.9945542380020701,0.9940823445587982,0.9978493352682714,0.9980145006763006,0.9973345016173251,0.9857532158213984,0.9982253447033312,0.9980280408084504,0.9915151772303189,0.9983190754961515,0.9980989085537868,0.9868327970203634,0.9948679978631148,0.9944641375711017,0.9943068305938614,0.9961911247800769,0.9969754670029393
148,2850975000,0.9986316305690881,0.9956434797319658,0.9960540103938113,0.9891556547149616,0.9923113317093043,0.9977784816920053,0.9893209802167303,0.9935149517189511,0.9946702246164724,0.9981201605105084,0.9941970794900366,0.9987443573138629,0.9959993953887418,0.9935846950592162,1.0012100057456605,0.9963410154700434,0.9899406314205906,0.9940879954028355,0.992566549867243,0.994363489837645,0.9911127125018074,0.988917310479943,0.9921447344067368,0.9866897630699795,0.9935536351505336,0.9952210798262449,0.990575918998541,0.9875046964830565,0.9976858126278535,0.9844251211352107,0.991992915336352,0.9873286411090986,0.9936233959751588,0.9922285675239221,0.9921536494375099,0.99513463287026,0.9926353766578887,0.9901594327689749,0.992604097145551,0.995462787574,0.9922424590491727,0.9970147648021226,0.9916523708822021,0.9990633522052713,0.9933961884802335,0.9956194225518608,0.9915286306203864,0.9931617642715876,0.9944976993462156,0.9969088642366484
149,2851250000,0.9930947951229885,1.0048955300391937,0.9935758043386507,0.9920639476215553,0.9966016828885444,0.9933797824252524,0.9967919749052189,0.992456715412896,0.9920574406137179,0.9912764969708191,0.9985875640180221,0.9889454072258183,0.9964937603505557,0.9923689225712257,0.9922889716675874,0.9887513839090264,0.9909871366126127,0.9956428493864699,0.9900199290969793,0.9958987038110154,0.9942242102231754,0.9897175614831906,1.0001201709230372,0.9944381000523879,0.9954375685676085,0.998874158325094,1.0005532383168305,0.9901894685118426,0.9997713108863944,0.9888768011441016,0.9963469976915881,0.9905601621859756,0.9908620914393603,0.995426778462312,0.9918138700041227,0.9905402221466072,0.9906184420867828,0.9916507048829547,0.991713272279494,0.997203254501983,0.9930289685687436,0.9923188265576105,0.9941898429320507,0.9938584950124776,0.991702161767222,0.984671826214399,0.9985443608817346,0.9891441797865811,0.9941496670364289,0.9918690706603455
150,2851525000,0.9936710640662966,0.9926848595451578,0.9930966440818413,0.9915623810184316,0.9935925668076836,0.9894320178227138,0.9926345110315935,0.9964471509200864,1.0010457330674445,0.9946315040636515,0.9964487664967672,0.9829390875510201,0.9947702763576107,0.9920136586220183,0.9937929371087008,0.9909012561192871,0.9883073021591808,0.9964403639622668,0.9883490702765558,0.994780152012817,0.995547411294876,0.9984086600345506,0.9936291662529768,0.9936304583166284,0.9870573163878438,0.9914269097276662,0.9910060683455161,0.991668913113209,0.9824465439014636,0.9979943102227941,0.9970382902080288,0.9919276545021753,0.9964852804755413,0.9929762363778293,0.9920384005883199,0.9915338300705969,0.9893038866058871,0.9963771207285025,0.9989135705642893,0.9846613348375702,0.9888535697577723,0.9981583963919505,0.9938412766064025,0.9920496664205672,0.9898064808306924,0.996586371505721,0.9969528436676127,0.9911126786460952,0.9869611785247512,0.9976684711274059
151,2851800000,1.0000884197218856,0.9939103384561875,1.0018218091425475,0.9865007895617347,0.9943457513646746,0.9996087599216473,0.9889055212847566,0.9951266658887857,0.9927486674720936,0.9900699663514801,0.9877860549509683,0.9979916245075663,0.9863731638889648,0.9823863015118041,0.9857698855607142,0.9915822457110147,0.9891241977981827,0.9895687018097761,1.0022456294684314,0.986327583203204,0.9897907509705094,0.9939237418772104,0.9932447474777458,0.9918692636255939,0.9871951865251448,0.9868698123028327,0.9972868393886543,0.9967989460736972,0.9866338656996215,0.9921680074288582,0.9931793449321195,0.9927796074026023,0.9920777436819276,0.9934045208409555,0.9950981258746129,0.9920559014738181,0.9866969285994157,0.990553112639457,0.9964401348208346,0.9942858963479327,0.9956321218782819,0.9921638367088638,0.9907195341104179,0.9916921427064167,0.9927523099903953,0.9938741052617895,0.9992509959212758,0.9998662023248743,0.9968280202740357,0.9986689778348433
152,2852075000,0.9898198296274947,0.9894332982571254,0.9978293140232345,0.9924432362744326,0.9882725712865019,0.9982763731004802,0.9956600243353619,0.989742573825465,0.991729601839288,0.9941954127069086,0.9902613542441612,0.9983985209017057,0.9904794461496423,0.9864206621043243,0.9783739558826746,0.9891045078472953,0.9956314814303979,0.9919974089590714,0.9948069199678518,0.9950488309806094,0.9951333161437956,0.9897239079107243,0.9907404747358486,0.9902619468236176,0.9928160584586784,0.9933328533164122,0.9928561726846603,0.997150074463048,0.9949228505490484,0.9928903208711244,0.9903181600023228,0.9934998748968638,0.9878735159118054,0.993843611397698,0.9889253519891543,0.9877070294894164,0.9947575361635341,0.9908252230575387,0.989506896709561,0.9884851230849954,0.9941505732204549,0.9883628874085276,0.9939815565117743,0.9935247651656558,0.9917292725363658,0.9907969970475803,0.9906538833934432,0.9953519225727145,0.9882260393355345,0.9977178987302309
153,2852350000,0.991842419695082,0.9923293387208819,0.9965171861303138,0.9924380747862831,0.9922143117307833,0.9960224278017544,0.9933120602450214,0.9881000900827547,0.9864087370884926,0.9906948615656129,0.990227838999371,0.9926580428719306,0.9940967313057564,0.9931506318912378,0.9822354339619296,0.9995001602901019,0.9912103433552414,0.9900755975598815,0.9875945884741917,0.9899479720633567,0.9925372199601629,1.001205960030645,0.988707872812095,0.9939388838504823,0.9921920629790303,0.988340385579615,0.9940271261825567,0.9953780683132075,0.9913145902651747,0.9916411866088328,0.9944807795929055,0.9875681251345331,0.9955616414414852,0.9891195793926433,0.9883859337842512,0.9834978859195217,0.9869195036840152,0.9927963419925837,0.9928374356992297,0.9854173393493382,0.9995292698565357,0.9946889275807035,0.9978111276650582,0.988814208075813,0.9852189909551163,0.9900273513234826,0.9947701110930015,0.9947488393960898,0.9840817061804518,0.9926033357316032
154,2852625000,0.9859433708053468,0.9952359708292818,0.9882208833871815,0.9848460988634659,0.9958938816191628,0.9825077523934224,0.9957784652272497,0.9939571932206189,0.9941989108825651,0.9917097554503033,0.9938161080170062,0.9884501359344643,0.993598562572411,0.9903445484820949,0.9896440062894776,0.983265290051046,0.9882104600209055,0.9900246892830651,0.9942657469872964,0.9921432421664946,0.9918969524918135,0.9933324984441948,0.9925125706089134,0.987693766057662,0.9982141449574098,0.9964596930496785,0.9911513089107045,0.9912027286566794,0.992729450117506,0.9914690493337681,0.9931836054371382,0.9861587315958454,0.9932511790762009,0.9929716162316844,0.9894098172501272,0.9894447289685425,0.9933274992087499,0.9918017083470801,0.9935107210672077,0.988226691526658,0.9894332769113469,0.9887777378847753,0.9943437372207274,0.9925534797209841,0.9842929020617343,0.9899681627805567,0.9931492340411497,0.990255808813473,0.9885466282409303,0.9887636847236474
155,2852900000,0.9927488770276913,1.0001144698972155,0.9907970646648261,0.9867970145421141,0.9900772991998376,0.9872596730774911,0.9913533934980076,0.9831558387512772,0.9903018131835992,0.9900155761106618,0.9936331575418285,0.9884167448985579,0.9862939994434798,0.9907664220197437,0.9924154872664254,0.985820378587928,0.9923731948281959,0.9891748194555569,0.9890962562888429,0.9897930692934249,0.9968083205577923,0.9919756020442385,0.9972490317706801,0.9844809377689332,0.9918221001213847,0.9963430056558642,0.9993180090145493,0.9882923831807845,0.9889585419079541,0.9869796745864972,0.9898386696192942,0.9960252060941399,0.9933000410894642,0.9954707192290126,0.987199307956273,0.9918913619567763,0.9935859492624683,0.9927761191124981,0.9887025394297299,0.9939844881595682,0.9856470787553016,0.9910961398764565,0.9847661421656994,0.9934001570543847,0.9943769669183201,0.9858495812463154,0.9884419246697556,0.9946133029737717,0.9927462025996249,0.9925323129038245
156,2853175000,0.9917434854481368,0.9926349164023469,0.9944519406347616,0.989898954629352,0.992879120766853,0.9890644796924536,0.9913325192293092,0.9923250045850975,0.9942144281455956,0.9864282260783998,0.9982445457585011,0.9876067588412734,0.9867179873543269,0.9949250918519891,0.9909717718332482,0.9863566847256219,0.993903128609982,0.9945561359471649,0.9938467518732403,0.992304582413631,0.9947821057318708,0.9881225490896144,0.9944914918634995,0.9928198824825795,0.9878819676856051,0.9881316521556762,0.9950800056998841,0.9914223244259058,0.9911352070361522,0.9881942032090602,0.9863314198834329,0.9969922796212835,0.9909160331689989,0.9865372400931374,0.9917678689936157,0.9882728513932139,0.9910993710074263,0.9890311381801203,0.993402323095061,0.9883014124890335,0.9873425830676116,0.985795247753182,0.9969817724522914,0.9878224651192905,0.9930698184560532,0.9886587037979773,0.9947496921688279,0.9882571410560708,0.9920645650046986,0.9898255829623063
157,2853450000,0.9940745747193828,0.9934777933515954,0.9918165848172493,0.988244052450217,0.9933879214951992,0.9929466386060788,0.9896723001884892,0.98607461084084,0.990481712311992,0.9846146939660329,0.9888007573177298,0.9919867912378748,0.9900466727166123,0.9935892412676306,0.9883584985812838,0.9875050624626195,0.9851373374010846,0.9872322997680697,0.993064013239116,0.9880422824120906,0.9865215385852196,0.989371424948473,0.992368868964638,0.9981586153125308,0.9846813133461159,0.9896640724900474,0.9904708216513368,0.9873539496759764,0.9918689441432839,0.9857749631045015,0.9906701888180897,0.9865230682418996,0.9914026451539661,0.9923932781137343,0.9909098809683576,0.9926022266282392,0.9883373034461728,0.9921667179526263,0.9853432656756211,0.9893752558653254,0.9885009861149894,0.9877224621854841,0.99268710755825,0.9914458093312211,0.9855272767542504,0.9907993680908037,0.9897821384104061,0.9911813961065421,0.9903266073603882,0.9981550678843101
158,2853725000,0.9944530295346936,0.9934513312636446,0.9946389121306242,0.9824948483341726,0.988060399121506,0.9904894538583106,0.9883684335597572,0.9897281679044193,0.989471996860641,0.9860705436031991,0.990557639580291,0.9844302398988677,0.992632726057141,0.9920193375208292,0.995064709009743,0.9902044516837709,0.9854425855546206,0.9887608664019709,0.9912980385088845,0.9935060176177302,0.9748016726306772,0.9894844635142936,0.9856113940120088,1.0009139726474536,0.9968427802563516,0.9856803114854255,0.9835205377287988,0.9952736851980881,0.9938061717043796,0.9918427902411597,0.9895398161866753,0.9938888357475677,0.9863693912190091,0.9893679239161908,0.9884358712431558,0.9910102637962204,0.9908470404189599,0.9881609270095723,0.9922160784916668,0.9916186578257985,0.9907543932590409,0.9927085177491354,0.9890119513684547,0.9911416513470791,0.98122383127033,0.9860669606016527,0.9979909986765989,0.9891471043171262,0.9899508969712077,0.9845330736715605
159,2854000000,0.993829559429872,0.9885958494066247,0.9943515383968364,0.9828247100743899,0.9917668749974056,0.9921238701346414,0.9953458460995123,0.9847107091413834,0.9872615992749505,0.986870226494005,0.9892780943298909,0.9901580964117911,0.9914887995356833,0.9942024927778813,0.9978356939495114,0.9884239583079277,0.9889960045011267,0.9875237169297092,0.9902257756275661,0.9950591683461071,0.9916227259663679,0.9888707918975523,0.9839210378496784,0.9830117821546976,0.9876378025991305,0.9974069530467922,0.983856314538826,0.9952194178876463,0.9844417180183378,0.9863773578720213,0.9878178848501012,0.9933600484974855,0.9917376533447907,0.9876622523028904,0.997041025044393,0.993854575592683,0.9874007224230307,0.9870107815002295,0.9910828636139086,0.9961252324342722,0.9949139753813145,0.9880914439656621,0.9904676661686587,0.9901908633934595,0.9872886936159266,0.9936246334646662,0.9953992216770506,0.9849323312338004,0.987099764760525,0.9900710601605296
160,2854275000,0.9950850506543755,0.9921216010020734,0.9922826656820589,0.9879943173232948,0.9893481885849212,0.995375069753693,0.9870397255635788,0.9877776497945124,0.996810647374139,0.9905159588682972,0.9889318385767613,0.9965077614883416,0.9876293325845734,0.9831644889705481,0.9923567479272244,0.9886726732406944,0.984574182800892,0.9950967976671785,0.9933758979867376,0.9858830811169921,0.992299358160712,0.9910679267858234,0.9903374901347595,0.9889570620493138,0.9927065281386536,0.9833640863522519,0.9934726435543253,0.9868212485694656,0.9851217158182906,0.9912797237833456,0.9898273630559506,0.9879844394095241,0.9800214560203369,1.0005259375975637,0.9861768168280953,0.9923767826280068,0.9887955623964224,0.9894611588137773,0.9834159894338627,0.995025934845564,0.9889354653240754,0.9925302503249076,0.9908419476280022,0.9901048288183233,0.9847317238586509,0.9909906371554879,0.993777453839038,0.9907740464871001,0.9885783655143675,0.9933581809375311
161,2854550000,0.9958933256516648,0.9935769284078333,0.9871567080323961,0.9843404443494316,0.988177787564037,0.9843620768457116,0.9943334067992345,0.9924399812747268,0.9830714187626465,0.9858173899886439,0.9925089997090775,0.985982295141019,0.9808462587468098,0.9906282097317303,0.9845304975310836,0.982348773994327,0.989718074189565,0.9945930573535322,0.9898949305654823,0.9845119006155012,0.9866227171758969,0.9871756090336195,0.9896668906398898,0.9844099931603354,0.9878481934311496,0.9891795214301059,0.990149987182518,0.981570301050183,0.9927096979402215,0.9900151060772436,0.9886524403870832,0.9904169555608275,0.9867659186129791,0.989484782590772,0.9879233387287703,0.9901419917894415,0.9863031757770157,0.9886108928961789,0.9900242551416012,0.995279794591633,0.9832078580213124,0.9840900796511344,0.9915348184903457,0.9915147491826192,0.9882719314826648,0.984794636368651,0.9873781444534124,0.9847565477762467,0.9909562942906367,0.9911092399068988
162,2854825000,0.9960626662203851,0.9958094295631282,0.9844047455498967,0.985098267172548,0.9936313613473029,0.9952697207962725,0.9870211421068699,0.9869463818159127,0.9912570688982317,0.9865352695834395,0.9982539705169369,0.9834291841733134,0.9887635130160345,0.9903103585134181,0.9850138445400012,0.9903447998796749,0.9859869825742644,0.9833529198391743,0.9893114267291285,0.9882896068947632,0.992304078028673,0.9902937836938143,0.981477668338539,0.9890553297119014,0.9863593875913502,0.9837099259954614,0.9856099509803607,0.9915494618914356,0.985617985383084,0.9880413279691037,0.9866609304557054,1.0010647162776878,0.9841063800382889,0.9843265850247206,0.9810225790775791,0.9910013775191144,0.979076072289025,0.9905774760445207,0.9870005654414814,0.9918117270876622,0.9911603837836818,0.9869644972938862,0.9900127354018116,0.990130025570699,0.9812147144900157,0.9908675234183874,0.9869710171724408,0.9847109647842723,0.9845782833093588,0.9885752331722926
163,2855100000,0.9877990208801545,0.9945104276417762,0.9828610788805434,0.9933692645694233,0.9834246308147555,0.9825265331967695,0.9878723297790052,0.9928642590016161,0.9896743941783638,0.9822704528141888,0.9914923292806673,0.9934712530177673,0.9891253722242659,0.9863572972368962,0.990049943816121,0.9869809334647451,0.9860489539214783,0.991423120190368,0.991470875318429,0.9839665307307439,0.98971890199763,0.988791854549852,0.9925270837090282,0.9910108256303602,0.9892022651221668,0.9905072450033191,0.9862425745169627,0.9879182049169762,0.9880911222006421,0.9927219412286831,0.9829010138380053,0.9894663315368938,0.9915158774014613,0.9848706270849606,0.9887982854444954,0.9873063773341049,0.9848013713660982,0.986814365886353,0.9904696663309708,0.986280893772794,0.9796858732858629,0.9839542952135509,0.9910775168111823,0.9821651745759538,0.992219743328993,0.9861611603727067,0.9871239228053859,0.9806885675768781,0.9869963977743811,0.9876176211537291
164,2855375000,0.9913070821189959,0.9929012955627681,0.9788403074586876,0.9829199149923307,0.9854733451035482,0.9900044344642231,0.9807638426587287,0.9888652309600823,0.9810253387994491,0.9927496929754304,0.9900798222536642,0.9853046208325746,0.9852478261953764,0.9925570001349016,0.9828849514215858,0.9881707324656541,0.982888725238813,0.9844708559501097,0.9848476609927606,0.9889042829656791,0.9902751601913384,0.9853003333651689,0.986170586272543,0.9960209457583842,0.989069152239464,0.994522898852644,0.9853306444874073,0.9862276333128054,0.9833201869925036,0.9840748886793922,0.9922876942936333,0.9929184777734364,0.9939392157440476,0.9831641687522346,0.9901569016789417,0.9929248392597301,0.9886966501604704,0.9913736255840717,0.9914080909910317,0.9784998539772619,0.9842980040001426,0.986872786427944,0.9857784008426964,0.9921532069065344,0.9834934934713174,0.9801826797328624,0.987406180804292,0.9894126826250127,0.9862390005848545,0.9929412240398906
165,2855650000,0.9968104494575943,0.9941427803584709,0.9895639384089557,0.9872168086416923,0.9876653524782487,0.984032000733863,0.9911362794381157,0.9891874104193015,0.9851774521728208,0.9860638586396381,0.98125100827888,0.9852167097424375,0.9860209188127174,0.986509268088314,0.9934501005644569,0.9848089465550464,0.987461532917626,0.9877635297836624,0.9942510024173915,0.9824654132943381,0.9829244911208893,0.9902663262962383,0.9789910352733033,0.992451755267227,0.9818532988078028,0.9876543511123682,0.9901227824850254,0.9894407474690782,0.982767576584169,0.9858239539913857,0.9834972139430815,0.9849402238203151,0.981939333568438,0.989228904393847,0.9845561979300861,0.9824508147219634,0.9871708078888434,0.9868532536134665,0.9811471553570976,0.983587472006754,0.9912676136769598,0.9777119213545572,0.9781191394693796,0.9797188550141689,0.9818102775270957,0.9854932445682104,0.986995175647085,0.984219771646296,0.9925879872687,0.987058233885837
166,2855925000,0.9905032877068213,0.9924263480183376,0.9881096850103851,0.9858245929146173,0.9868868733678405,0.9832590838550709,0.9790756736657191,0.9911262175666701,0.9828500616031177,0.9838945010192172,0.9857881126942363,0.988929037398088,0.9880368824710898,0.9908036896029286,0.9902702815340464,0.9876264828726787,0.9887867634729529,0.9904502695586789,0.9891077669763465,0.9866048281059082,0.9917678796124474,0.9931794865689614,0.9888264037423629,0.9837238785571422,0.9843004706400511,0.9883592343050699,0.9828967916977398,0.985741113112916,0.9860596974472015,0.9841002812798737,0.9932602493324549,0.9831609255703267,0.989071658741664,0.9889154812331423,0.9895637064801877,0.9839518944262473,0.9786387994367968,0.9882729013450836,0.9898167528819037,0.9920809316469806,0.9797362703095849,0.9909208189017706,0.9877884676977292,0.981547595020349,0.9900532897434074,0.9841215762399782,0.9865023529625623,0.9831012288462632,0.9961017614691383,0.9855288038460478
167,2856200000,0.9931302549079847,0.9950009434792236,0.9804417208920512,0.9828201317640377,0.9862768706759226,0.9840866891696016,0.990018667128474,0.9873895492846768,0.984181595680843,0.9849681891029729,0.990764729369215,0.9885304220816759,0.9880073383619815,0.9877827922981589,0.9845736272617778,0.9814280032991634,0.9822532860727868,0.982536661776946,0.9909394817839868,0.9860398205069655,0.9842497056833172,0.9827992093465847,0.9868912274786938,0.984758459666953,0.9910303683296199,0.9837172070061675,0.9832337145894376,0.98409302642577,0.9862073246827245,0.991293097712877,0.983007770168912,0.9854616341446049,0.987609161104037,0.9899239292734718,0.9805717611285049,0.9853132925167337,0.9875123678758287,0.9843273474585261,0.989910032029147,0.9843037636450277,0.987947264592743,0.9952484162905714,0.9898413821532295,0.9879710069352786,0.9842498398404838,0.9877332687432664,0.9839325729817371,0.9877849978505583,0.9798960482286264,0.989652332883967
168,2856475000,0.994261212979485,0.9883053463593361,0.9853076866467408,0.987407705039613,0.9815536920889871,0.9813715909251431,0.9841007871146314,0.9868627498573004,0.9850121257070561,0.9822868170083305,0.9832896533438413,0.9813374038296574,0.9766431504604289,0.9826395861603167,0.9818804490338798,0.9849778831533361,0.980668602537353,0.9807877754249555,0.9918966267244214,0.9852489212399432,0.982370873631402,0.991624841519396,0.9879512955018515,0.9874933186134542,0.9832425244693281,0.9783731797293578,0.9855952805108003,0.9892668286062976,0.9836391341926873,0.9851032988436897,0.982409115871583,0.9830710757340775,0.9909313274319346,0.9837150940439596,0.9815865098914633,0.9879142037960806,0.9797458606161211,0.9804110380178382,0.9873812558881747,0.9850344331675729,0.9773824419598764,0.976407844089545,0.9858449703374941,0.9837128128516474,0.9895971737268003,0.9848735201041066,0.9847481112830404,0.9830293185791,0.980946930435828,0.9859457749574296
169,2856750000,0.9923109970038454,0.9938531127721177,0.9851108045781632,0.984318282765771,0.9846781535779368,0.9831101391241902,0.9820439918838568,0.9831576216910186,0.9905841493647701,0.9850597656592321,0.9817665551170552,0.98536283245803,0.9825307040431174,0.9869673080138786,0.9877652330046673,0.9806950490626603,0.9845245040224802,0.9842706201503714,0.9817692256717189,0.9808575998588827,0.9861505551176192,0.9822797166447991,0.9864258767330105,0.9899234217951157,0.9796433229479113,0.9801525541201783,0.9819303522973136,0.983137206693962,0.9832135921559452,0.9881247865263815,0.9888347403386445,0.9859740886529641,0.9847491537936216,0.9797250135897638,0.9830550297977381,0.974255895115468,0.9863759204786675,0.9847276260966232,0.9789125515790708,0.9865725714105757,0.9817238218250691,0.9767705221944879,0.9850282595568819,0.981333916056344,0.9912562627711757,0.983102574841383,0.9815944771096138,0.9792379896251124,0.9883996234976847,0.9860323759001154
170,2857025000,0.993865110436357,0.9869924803345154,0.9833640462528833,0.9825863568526745,0.9772646705149634,0.9860150569876351,0.9863723863486056,0.980090160349356,0.9878701691140629,0.982598561817132,0.9863673552122609,0.9842027068778274,0.9820911349875973,0.9866464140119484,0.9884065422675917,0.986745764678241,0.9826890606806077,0.9819779357330405,0.9902484091570334,0.9862339054092062,0.9829031039119547,0.9804735412054311,0.9837720949297083,0.9826442532822337,0.9811539006423589,0.9828115943825244,0.9789148644444701,0.9796799022926201,0.9795901402950601,0.9865881434449142,0.9855701109996016,0.9805046542751786,0.9866553773433732,0.987878243184058,0.9801488381304689,0.9762234708711738,0.9787887587467231,0.9788373181847857,0.9911997461358741,0.9834228773068597,0.9801582116140578,0.9909923028062542,0.974420957148473,0.9802968650381119,0.9837325714429361,0.9852878416469825,0.9761300592410285,0.9808684328526398,0.9894201511162246,0.984018040300379
171,2857300000,0.9826483408559907,0.9917400559010691,0.9905564731645085,0.9768506472264276,0.9852267824269173,0.9867486534739434,0.9863256055090067,0.9900377046916095,0.9922287060808931,0.9795892713938406,0.9836781036923122,0.9777751659137659,0.9835860562805847,0.9778333096022509,0.9827926077041764,0.9842176964714233,0.9860599280042078,0.9797469468936685,0.98370583741808,0.9834017644179304,0.9803617494474834,0.9807770390630945,0.9854197391314938,0.9827262911633515,0.9864295377726563,0.9740391446007639,0.9881915131525026,0.9834704854343108,0.9837654257829749,0.9803447563877438,0.9814739311305197,0.982099653289947,0.9892368191979314,0.9766261260496474,0.9832077435587323,0.97982213570421,0.9887844480894364,0.9796364334388087,0.9853499171509005,0.9746641149665053,0.986376320566818,0.9755436801529349,0.9826049271951413,0.9770184973526235,0.9798065906233883,0.9766891938055577,0.9818780955690444,0.9846307540056506,0.983059034892295,0.9796346531648343
172,2857575000,0.9889135301784462,0.9896631944930026,0.9793153122821079,0.9844160550825093,0.9825352726965155,0.9816765359153286,0.9827840041879008,0.9860523515682031,0.9777367678882912,0.9847523955181117,0.9791872664062654,0.9847215937203966,0.9815241557197795,0.9787769147399444,0.9819328996730109,0.9829552159729384,0.9844003454342922,0.9787400495619866,0.9845207739290744,0.9821429352896942,0.9843182704265904,0.9890733053681199,0.9805190599061862,0.9744535316596847,0.9810064047254944,0.986072478201073,0.976815476045169,0.9790162012426908,0.983125471161245,0.9820041142776361,0.97828583195716,0.983991889027974,0.9841888513518862,0.9861330662739545,0.988703269679276,0.982291301518177,0.9847994127579057,0.9861203318817726,0.9883676660650813,0.9831101750267033,0.988099226101036,0.9870461061341586,0.9786748634946524,0.9827817962088915,0.97834943865807,0.981942436802465,0.9784265128180605,0.9802914422144717,0.9859436375701773,0.9836676617358705
173,2857850000,0.9895439384745515,0.9882785903798168,0.9808130842165125,0.9775674340293312,0.9821894357044388,0.9828313340479891,0.9812733424764051,0.9830673328157921,0.9816453405108406,0.9837282635690616,0.9803572421843049,0.9887024992593052,0.9833376492384924,0.9869689362165135,0.9842778642530245,0.9842381728880535,0.9900669835451783,0.9831904130606995,0.9770302278688008,0.9816872586331286,0.9841002021896891,0.9848324536832109,0.975304178478938,0.9744674731663089,0.9730497398408529,0.987271344840012,0.9821981314792768,0.9825546162839476,0.9815618614154378,0.9827022388161331,0.9806770596211484,0.9823636038134483,0.9830693343526749,0.9898192102689602,0.9868650114560005,0.9794441665069278,0.9852631111856889,0.981008992204578,0.9787809463560181,0.984232382740124,0.9808301535979567,0.9788493662688008,0.9897108217129683,0.9821125941169307,0.9805807863517794,0.9772494902509957,0.9831254642115007,0.982305251802409,0.9728106075062829,0.9778475460838121
174,2858125000,0.9965960147450571,0.9875928831733155,0.9777600678256138,0.9863940227684478,0.9808277038374434,0.9814440860693268,0.9777363250361762,0.9790696874141154,0.9791766053183664,0.9836648978122721,0.9771440687212671,0.9758484631789986,0.9772257030034552,0.9825691708051892,0.9799496424808457,0.9812807345408094,0.9789796926936233,0.9753919191313718,0.9777780186546136,0.9791428137725762,0.9886240318811744,0.9864348725630181,0.9840720051918395,0.9813802944779528,0.9787140407049765,0.9787923407489836,0.9866786041830743,0.9808165419802709,0.9828580263165851,0.986196466836452,0.9863483092687575,0.9827649245382369,0.9876402459098759,0.9887473371287345,0.9743182862745203,0.9804014383641019,0.9771227061030577,0.9817799218577197,0.9803303469912205,0.9833830090443126,0.9881836402288637,0.9747747595531218,0.9783522784316068,0.9843479793119065,0.9824688903836281,0.9847999779084902,0.9817540730444494,0.9881179394471362,0.9818106714650348,0.9858325044749702
175,2858400000,0.9906801141765553,0.9873945985647595,0.9831134286121082,0.9796377922292637,0.9815902589374533,0.9814353443096068,0.987406648343973,0.9858871334283806,0.9868262703702168,0.9757512512265072,0.9846929706995562,0.9761594124950644,0.9752853694458525,0.9819825687211376,0.981303065577564,0.9775723058878077,0.9783478549184152,0.9829653311937587,0.979303626968199,0.9786201275786567,0.9791999902310227,0.9869736565960358,0.9797386646534558,0.9758270366983784,0.9817228804105597,0.9743379289028034,0.9843872699914878,0.980031532078319,0.977843973371911,0.9799928680365502,0.9753723260647335,0.9803530257903478,0.9826826229942763,0.9750178606689228,0.9788780603635163,0.9835812001839244,0.9824887202142245,0.9771868308696403,0.9801165364765391,0.9832360773329459,0.9845933037752513,0.9827567413948771,0.9788600776123872,0.9747318432693365,0.9831800710116034,0.9848068103579283,0.9783465835738645,0.980823802001758,0.9797830006473279,0.9810004325961885
176,2858675000,0.9913549000086989,0.9951248522609771,0.9763869985230033,0.9751582120926674,0.978541520660551,0.9790566102465225,0.9789626393412771,0.9756682155304122,0.9738869521401391,0.9799451347857311,0.9787826227905326,0.9783114179142177,0.9849672853104962,0.9805320954233031,0.9796313948614453,0.9763267463678958,0.9796398871821005,0.9842181277791124,0.9792249189813645,0.9818882593778377,0.9796092037955679,0.982429783829658,0.9740401649204367,0.9839105472903276,0.980489347421063,0.9789855357192109,0.9816166331995089,0.9780813667553402,0.9826765827090224,0.9838686983342263,0.9788539246760475,0.9835949716912893,0.9754401489542118,0.9853382714849244,0.9853171289761559,0.980788961811599,0.9817802300273203,0.9781034045421997,0.9731123002174312,0.9772076365370893,0.97971981409316,0.9806087949951039,0.9720871867030774,0.9879808024600422,0.9810843511391141,0.9782041092872491,0.9818011598142864,0.978292489476515,0.9858845190566681,0.9839672885480552
177,2858950000,0.98766070363143,0.9893909569447703,0.9783285272854104,0.9780896781592112,0.9776985625154853,0.9781827160165855,0.9772662527000828,0.9773514646586755,0.9804415639300554,0.9762152021816983,0.9821839231641017,0.9802729953334085,0.9775312663179059,0.9852229093214488,0.9808838095238095,0.9752346439338624,0.9736106257829145,0.9675990938247976,0.9821179281994177,0.9787343242394461,0.974979476374165,0.9766994381310352,0.9706356141395209,0.9804808552177673,0.9787902823066302,0.9737464485393219,0.982224337405515,0.978349969827194,0.9729693933352307,0.9779815429184919,0.9723382210681678,0.9824586309674016,0.9783696770115536,0.9793218887655242,0.9763188147399837,0.9745745884102491,0.9806565050655688,0.9800781728079335,0.9819997526131506,0.97514030619489,0.9861125038848672,0.975130932000296,0.9761399778936863,0.9766196497052284,0.9874841341999564,0.9765766721911424,0.9763156867614037,0.9828343648409558,0.9804440814020269,0.9770634785941047
178,2859225000,0.9874572854524899,0.9765358592388256,0.981021448398538,0.9763143725396377,0.9753514265629699,0.9786442803491398,0.9735362387961418,0.976700264306871,0.9865413399327595,0.981618700108345,0.9737427793949506,0.9836025884155896,0.974318895202947,0.9739338681046545,0.9840307288729953,0.9801801103460428,0.9800644902414536,0.9795127755497222,0.9784827962305956,0.9786558291859758,0.9874629644431508,0.9813181361572703,0.9873480501501708,0.9752548997672965,0.9821015593669874,0.9751937345400303,0.9710353563749159,0.977407221865202,0.9777792359282995,0.9716389318217067,0.9794964380742315,0.9760516027256315,0.9691877575319504,0.9875561305018812,0.984444447091007,0.9819547312676568,0.9731865714164191,0.9809087485061319,0.9758347399993408,0.9785762007847099,0.9762120095509327,0.9782618610425711,0.9821380869410192,0.9760443794381539,0.9716395170331268,0.97623649402599,0.9787159608031145,0.9728012143956135,0.9766705446310888,0.977194751052159
179,2859500000,0.9898049724083118,0.9848609025348322,0.9747357012128489,0.9863766732063178,0.9776858046051099,0.9763496556607026,0.9785367805403611,0.9835297278644705,0.9753547599430707,0.9707800347876102,0.9775665622155502,0.9805067246308637,0.9715796357404425,0.9780602915145994,0.976293757144824,0.9764892019308093,0.9772151201362423,0.9769901332706153,0.97292327671952,0.9792209595433911,0.9804001777228222,0.9658432086599018,0.9787872794914314,0.9714003128273051,0.97984991218687,0.9808746208351284,0.9758338337584866,0.9777539414595317,0.9797806241600896,0.9744110775674895,0.9776265812052637,0.9784237417768454,0.9784496826883943,0.9798500283087024,0.9828478412697956,0.9770694489805715,0.9770496834563822,0.9712980181208869,0.981514546955145,0.9736004578177153,0.9740909202513623,0.9710473760161548,0.9802393731289992,0.9723536366702027,0.9673478780190206,0.9742718466832083,0.9798293921612264,0.9771255757461198,0.9764127705949752,0.973622222086848
180,2859775000,0.9865717011046189,0.9915275621115023,0.9810399358780622,0.973899587109724,0.9834752413419162,0.9767108663689508,0.9814154912065783,0.9784343075999145,0.9814112119316933,0.9736622811423126,0.9766287961256691,0.9780309822409862,0.9750728292387576,0.9777455162900817,0.9750981563051757,0.9765047808241173,0.9769165546607737,0.9768648438319939,0.9841692041281656,0.9761391790864316,0.9734603724969068,0.978943272965214,0.9780565498734398,0.980959334339786,0.9857405689177763,0.9673507974480632,0.9800232911223057,0.9823787458296418,0.9782228462804005,0.9762364899074352,0.9752508990025319,0.9806043155621568,0.9697126509592374,0.9785658309334105,0.978790758585232,0.9761484718004876,0.9832577397150125,0.979343640570536,0.974467714555845,0.9752949642877515,0.9738933673443503,0.9760007930853581,0.9809362320867847,0.9769923314194106,0.9806085254044896,0.9776811291687407,0.9809828472965192,0.9755499733065669,0.9736662148108298,0.9757343364318269
181,2860050000,0.983201305957451,0.9839298793766253,0.9762947644329983,0.9790539634362727,0.9749721818726216,0.981273064769479,0.9770030672311384,0.9786920448103421,0.9755348110103701,0.9704186031430707,0.9779271203492215,0.9656076946715043,0.9753260755723366,0.9718777495765415,0.9812738386899059,0.9831640232404445,0.9826433266633938,0.9809133352663402,0.972546519188465,0.9759072155731087,0.979796878125776,0.97610092811885,0.9777332083805205,0.9834305098719859,0.9756347125313167,0.9784411090501263,0.9825479362808405,0.979124670469126,0.9714586812545516,0.9788679538528429,0.9699756720184587,0.9779920680059957,0.9694143029168352,0.9751134831977716,0.9780018023036187,0.9800534000442576,0.9808721075530454,0.9744389143833615,0.9732417059231873,0.9803903402749122,0.98255294327037,0.9730251842845844,0.98629178599843,0.9814486397121785,0.9760166436959705,0.9760736629023947,0.9763065837745475,0.9706356023137025,0.9751346881650913,0.9739969693891806
182,2860325000,0.9867316967208261,0.9908957268969951,0.9869115062223895,0.9771904379693751,0.9728684195635655,0.9758181337875838,0.9821330631249466,0.9796215083736682,0.97799545745104,0.9762022492777854,0.9765627699696002,0.9751237132126483,0.9742792074836143,0.9712862742354632,0.9771255305373703,0.9802863209965247,0.9818380912287458,0.9784255153817571,0.9832013188994284,0.9714270963005767,0.9750845462277873,0.9764581002263897,0.9764040419575274,0.9779665811976856,0.9831193813709533,0.9682432267261871,0.977782073109492,0.9775983145510212,0.979516007630686,0.9779410327714506,0.9792041358607969,0.9794059447886154,0.9800293607554765,0.9760044808186241,0.9746882130219762,0.9756688556293223,0.9748348405378676,0.9760113185353915,0.9658748751545756,0.9779918509936669,0.9826852529358406,0.9755187105889187,0.9793407829846922,0.9767750185509063,0.9743246178279955,0.9792338251576601,0.9708568043604815,0.9684149272698688,0.973244822615469,0.9750188712213995
183,2860600000,0.984671760949228,0.9807908085871113,0.9741288461270841,0.9795774411858046,0.9775535813533249,0.9777424324054247,0.9775691895389539,0.9743137122615961,0.9734905986607191,0.9732579976938156,0.9726776221374406,0.977538011785252,0.975494859623473,0.9743125930147805,0.9730198917347807,0.9756582403679633,0.9712278860236561,0.978141243202691,0.9775245736242189,0.9770965733651491,0.9723503896807847,0.9834977027570067,0.9782203461022454,0.972012176727255,0.9744649395819963,0.9715352139494511,0.9665106686473405,0.9735165670453841,0.9770204422929603,0.9696869920404445,0.974910934199395,0.9744407948758144,0.9795350842049865,0.9852685161361132,0.9781076324131976,0.9737660955897924,0.9721875620262952,0.9686282023013285,0.9738857106572716,0.970097928085196,0.9786256840119955,0.9779139839893747,0.9779432395932456,0.9776371268875341,0.9818335317174619,0.9705538928378883,0.972090268044436,0.9752996852755769,0.9743212670969952,0.9773385099759815
184,2860875000,0.9827578023897663,0.983218704108251,0.9666850067747597,0.975085348017052,0.9713705539860047,0.9821959521573671,0.9703540473930092,0.9689925593321029,0.969198653676414,0.9681064383153398,0.9761215367038346,0.972013659998543,0.9678809398776294,0.9697087851131478,0.9684768413421582,0.9769110738783627,0.9742769018225986,0.9751462952832036,0.9812424746701285,0.9734492769651507,0.968067121022685,0.9756467538514344,0.9719986185431172,0.9763444075974103,0.9721362698406567,0.9739060964993222,0.9724590150760131,0.973909410758747,0.9744699632836975,0.9732131132615935,0.9740575439471071,0.9752404206378209,0.9737505166058572,0.9741657576817894,0.9731366767763499,0.9700993429963164,0.9776347635148946,0.9797316660526093,0.9756934423668233,0.9744350122551235,0.9635729925638139,0.9796705288622777,0.9732844114696829,0.9773585741406209,0.9764329678893464,0.9766293871069546,0.9686412320156805,0.9762622411120969,0.976394406205374,0.9745941042937856
185,2861150000,0.98639267346255,0.9851228873584121,0.9720634800845652,0.9732204263780053,0.975073126344291,0.9739066136924738,0.9749294020877763,0.9671895011053694,0.976520283783071,0.9770499405594643,0.9725703398222207,0.9752177435740271,0.9819534384448392,0.9744815553472572,0.9700853451650181,0.9726129611203324,0.9746543480279161,0.9680938067180195,0.977421584789829,0.9730607351640405,0.969306282277195,0.9717707771334508,0.9774687956495274,0.9705982422411064,0.9745100489347882,0.9732002482718759,0.9698432002026781,0.9717063611467222,0.9721400625131007,0.9799084502159665,0.9753981956254861,0.9679987100391225,0.969736543993571,0.9703695590675333,0.9723078085762401,0.9712578779267955,0.9806321772678408,0.9781899576546429,0.965577915483826,0.9723311528942699,0.9694157678878375,0.9802433933458597,0.9682049350784896,0.9813548986758249,0.9744333863829576,0.9702067703026502,0.9706729476302416,0.9643973308014024,0.97262513572254,0.9769429774104904
186,2861425000,0.9849755938722687,0.9747473219045546,0.9688229967621718,0.9751058794302385,0.9690544312470012,0.9723564849901832,0.9722644040801656,0.9723293586849776,0.9634443150429961,0.981111482014667,0.9797982264957334,0.96732831530779,0.9683390513100608,0.9756846539100107,0.9693953532247744,0.9658792892154953,0.9698194872711048,0.9767317343931414,0.9793758199178811,0.970329599222669,0.9683300290136464,0.9807322949535958,0.9793996989114175,0.9781360097833505,0.9737220709050425,0.9720491219614203,0.9764731271847134,0.9686776728675943,0.9663773502230925,0.9806536289552571,0.9688140860013448,0.979259182800034,0.9746284205606722,0.9745473545949367,0.9739863576282973,0.9703889959208356,0.9736065136059647,0.9733514798472829,0.9764630848460201,0.9741526966248782,0.9715497754201351,0.9752388375669907,0.9760463714455673,0.9756300073691949,0.9743535433646595,0.9728192217159212,0.9684364772370956,0.9675273984245406,0.9729643640446856,0.9671925464931568
187,2861700000,0.979688502821682,0.9828898593599099,0.9683081413291031,0.9718498961969319,0.9773510058847393,0.9728494775911013,0.9746502575781683,0.9760891429386618,0.9591894161741037,0.9750351774424515,0.9664884131689828,0.9678659309676387,0.9706889617871658,0.9735222872654061,0.9704960985598321,0.9692412797944148,0.9756359634328083,0.9734706012272384,0.9715798232426527,0.9700615729287857,0.9774424343750842,0.9702438930260495,0.9752251256130585,0.9694036639062986,0.9744107740800689,0.9725783106453956,0.9752121806575221,0.9603274926397186,0.9711273368957459,0.9744704715462343,0.9740309317423645,0.968450212803422,0.969648173905024,0.9760744182463301,0.965073478676603,0.9708950141397316,0.9670602490947046,0.9736415807681618,0.9702557224923901,0.9696685877250459,0.9727611032669409,0.974780138979144,0.967630968568868,0.9587582278617827,0.9655098047248978,0.9682298148760453,0.971954250489879,0.9700603910484321,0.9766255672086412,0.9717890842722571
188,2861975000,0.9812943810006124,0.9835545744580524,0.9684992213141087,0.9706620148205343,0.9722135325006563,0.9764747348571438,0.9726732202364338,0.9756570650578303,0.9647182611245404,0.9629925735156202,0.9772806985556285,0.9708699009825381,0.9711021351548084,0.9663838620482053,0.9770812907113632,0.9654396784342519,0.9699688337420702,0.970711050224078,0.9677999092776509,0.9694443848494373,0.9719036313779931,0.9693074998463489,0.971110159706356,0.9635142887386617,0.9707434574269764,0.9803589821274311,0.972747714543738,0.9666788101380409,0.9700815293898707,0.9697034431086989,0.9661708876621079,0.9729431849045899,0.9744616614029569,0.9681998587213384,0.9736346385743387,0.9721049394790617,0.970155272367892,0.9705764913774587,0.9737166718580258,0.9732049044818226,0.9656302228327149,0.9742206764901435,0.9712234184374539,0.9640267144948538,0.9727250761284846,0.9750452414099215,0.9687610713317261,0.9731544245149998,0.9687524941230414,0.9725586919039778
189,2862250000,0.9805920039912518,0.9782480507481245,0.9763028785326007,0.9722358939541579,0.9773194028549417,0.9680739017977094,0.9691052959834989,0.9735619799838975,0.9616402982764815,0.9657492587007407,0.9703959437278282,0.978566144986813,0.9810398186264329,0.971394735451354,0.9734701037778973,0.9689635728201602,0.9703272698497083,0.9736182490493109,0.9715047027373678,0.96657327316355,0.9765863679141492,0.9702147271966347,0.9755175191947669,0.9658141915035287,0.9680566159602667,0.9739651522309414,0.9778133477460187,0.9632454973559991,0.9712010750486991,0.9684106388373828,0.9760920275381941,0.9744995913216713,0.9651979527954747,0.9668361197894311,0.971647763963235,0.9718409977860026,0.9732076407683856,0.9791263128580298,0.9731814904228401,0.9636500533818798,0.9769632240837277,0.9726472758412218,0.9728950229960822,0.9718608771852847,0.9669619925042268,0.9698395027719072,0.9717239754456998,0.9742847403733118,0.9663798382403495,0.9720280752868369
190,2862525000,0.9832697403569655,0.9801707087640857,0.9692424010081773,0.9681962518686587,0.9662597195755906,0.9700414536267493,0.9666031562643399,0.97135918561281,0.9665669214383174,0.9747432568183018,0.9645739894959322,0.9809704481112819,0.9712729798928385,0.9702126295235417,0.9663739736834466,0.9801708758071287,0.9732875948254848,0.9742751303704787,0.9690749416542518,0.9672512330845686,0.9763202927626848,0.9720039411369397,0.9659456413380032,0.9690074253609569,0.97231218596921,0.9659023082777183,0.9700605935292659,0.9656459892497671,0.960773505260391,0.9745054279261592,0.9767693399620859,0.9688655067468344,0.9727698890794162,0.962587078073036,0.9706267547148812,0.969844099829919,0.966037488020897,0.9704419941354743,0.9751881788694206,0.9651506863344785,0.966213343677197,0.9675177174342922,0.9647287546946036,0.9688657535307228,0.9769140469175503,0.9637651861443322,0.968803638562913,0.9613776787239456,0.9693813917368426,0.9675769526144598
191,2862800000,0.9805411401271452,0.9788449256681914,0.9615025267895524,0.9709827155230047,0.9663426763849987,0.9679042612489571,0.9624997171814214,0.964715007225423,0.9746846898798373,0.9679785730227242,0.9733223497181596,0.9645203032203147,0.9685728116607011,0.9731281051750129,0.9687607583651142,0.972860440718781,0.9668416200466765,0.9695291472606252,0.9711327843145259,0.9673420587835837,0.9586556355124163,0.9746421583942215,0.9715841922990245,0.9677684646031722,0.964837079673491,0.9655360532101211,0.9686084615017622,0.9691264686340301,0.9659514950831964,0.9629012423229775,0.9727158547722542,0.9656167156455139,0.9717668064373136,0.975142275819973,0.9583062433188854,0.9650641498974654,0.9788144791459221,0.962370284192641,0.9680534356001088,0.9694724636983866,0.9696734780091646,0.9597946085583575,0.9733124598022839,0.9665763893132252,0.966169111589726,0.9712324323623006,0.9658841120538338,0.9722843832765143,0.9671302170030551,0.9660222727199297
192,2863075000,0.9852194803034819,0.9844163472651293,0.9667243575006546,0.9691715451076139,0.9758020887331477,0.9671082038461948,0.9700313449721238,0.9730427411114344,0.9642947681068889,0.9594388357772397,0.9718604282929555,0.9682555363946183,0.9680078132482012,0.965100284086947,0.9682225963873782,0.9675342310460987,0.9720166722879336,0.9652988101612701,0.9642590056905754,0.9716357814547981,0.9635080611970315,0.9646875072028485,0.9703337890948122,0.9672862480742148,0.9689819821499372,0.9658163956825248,0.9683042596896372,0.9678520653852014,0.9638903908101253,0.9681207075247912,0.9685152104918363,0.9686525376164529,0.9716014535221255,0.9641309993466972,0.9702652540784605,0.9687610089555605,0.9703189183436524,0.9699122219180071,0.9696849294949998,0.9694115857778463,0.9691693283054545,0.9609581285549642,0.9706031231773292,0.9704087551965607,0.962915935675376,0.9603724851629981,0.967219452083185,0.9666887729123365,0.9698209442268881,0.9634831766988483
193,2863350000,0.9842390942222476,0.9811572929380805,0.966615897428118,0.9688758684158113,0.9636915660541471,0.9715620339850312,0.9712315742819544,0.9623549502871331,0.9688205133840833,0.9756484645797252,0.9714425509360423,0.960631087079222,0.9569201320901205,0.9612243127646604,0.9622239070390949,0.9649465419580483,0.9652847174002193,0.9642202854898504,0.9683883549284544,0.963398265119758,0.9671941883857227,0.9668095287155831,0.9736533376081926,0.966827081508533,0.9743115987211092,0.9635720512108201,0.9610815657455543,0.9657673193532771,0.9617884948661679,0.9673588260291816,0.9679366837433071,0.9644925526373995,0.9677578955302444,0.9701685028312541,0.9621379743262503,0.9690852228273983,0.9728961847444885,0.9689392676314404,0.9640130370289091,0.9669803017180875,0.9649171014215251,0.9716277263424233,0.9653761897149639,0.9639286634296365,0.970187655362778,0.9657385196548733,0.9634732995096227,0.9666613781017486,0.9670783410654222,0.967603946326278
194,2863625000,0.9757680130455336,0.986654570485438,0.9691741012368414,0.9694452485846247,0.9623773171262227,0.9651316663521999,0.9609390413645897,0.9666333202645515,0.9694352421529935,0.9616523548224023,0.963341764556094,0.9568978114451474,0.9658613010734965,0.9677337025097049,0.9672756598779049,0.9747247055667038,0.9654260357015488,0.9656185085909044,0.9647596903265095,0.9806765183868906,0.9587801292004907,0.9676586247684306,0.9712188996138184,0.9638060929256828,0.9601550399889124,0.9592240750405505,0.9631136166211898,0.9649554917767103,0.9660473186347188,0.970132391351029,0.9688392078983451,0.9662605567645012,0.9648374158725485,0.9660712944333455,0.9625843087996322,0.9613475959220402,0.9606537193688527,0.9658352451629743,0.9654066642375252,0.9644768494255531,0.9658483202857387,0.9577685728112787,0.9610932350852407,0.9669230057412114,0.9706592837228992,0.9593390848287925,0.9590592253364347,0.9580027198350852,0.9623176153543028,0.967034781784075
195,2863900000,0.9824073300823183,0.979989084605278,0.9644617582824176,0.9631210488419197,0.9666474306391256,0.9664183061329134,0.9695806693878553,0.9667048445308307,0.9654336802009233,0.960439170240366,0.9655255436397733,0.9599903968081858,0.9650409625989743,0.9667753082781002,0.9644488567223626,0.9740085239056517,0.9641903515924265,0.9642399734978143,0.9598140554923956,0.9704279642020202,0.9579016570230817,0.9623597660117642,0.9626276002469994,0.9687781227879341,0.963065434744104,0.9594733194237135,0.9671993611066093,0.9578349984674532,0.9644267581560426,0.966094586864245,0.9612172167372734,0.9655993915033753,0.9715041550835788,0.9600778539439134,0.9684526154698199,0.9672048432414361,0.9634835400875442,0.9673456961214334,0.9655302284419461,0.957544879837803,0.969468599992678,0.9635634315323743,0.9581203484645626,0.9647696728001134,0.9668319964036697,0.9692527464659064,0.9652281871832706,0.9684645669471637,0.9658352798153153,0.9643356032430308
196,2864175000,0.9822257955958837,0.9789781788179267,0.9696821686984369,0.960601900388302,0.9646379436858546,0.9583938418711352,0.9644905085968769,0.9637097161474543,0.9638279826918699,0.966530537585791,0.9734468116678109,0.964210035828437,0.9623897808762004,0.9643511234012505,0.9607722792366429,0.9533118115340122,0.9640639826396703,0.9705915342527798,0.9693289217948129,0.9638916848545399,0.9602586069325219,0.9650293861625481,0.964967900111955,0.9596429683207902,0.9669011009992086,0.9647484988086413,0.9624061691183005,0.9628362610506626,0.9680009710714351,0.9602429197804911,0.9672938960341451,0.9648772186312627,0.9612885546427137,0.9634315299296673,0.9640102244599138,0.9699334700501749,0.9655170159311359,0.9576205787012051,0.9698681676754561,0.9654816510130222,0.9692699460013541,0.9667320595986385,0.9688276264586861,0.9661680782807882,0.9588439450629712,0.9669656998118893,0.9706898937227201,0.9693246956302372,0.9637740186805456,0.9672833121195402
197,2864450000,0.9804930499205345,0.9724674279394385,0.9606389042712815,0.9602329848243868,0.9698629775364783,0.9573437114923184,0.9643310725859705,0.9642801132839539,0.9660891381456619,0.9690855458998504,0.9611867990967311,0.9642140044302288,0.9677979007472945,0.964990111344789,0.965444392973434,0.9654431764396679,0.9615552040135054,0.9615174159395863,0.9617413966210969,0.9683705742100528,0.9679938009610348,0.967786437556844,0.9584308968386018,0.9654746947121234,0.9612294658616797,0.9663555772219614,0.966999219106608,0.9727150799000195,0.9641937977373701,0.9682825855349085,0.9727262718583976,0.9651126919796895,0.9641619556502804,0.9746799587825167,0.9630160590010903,0.9637632437672475,0.9673778924826838,0.9593777314139956,0.9663855378376758,0.9695324914934785,0.969793476799916,0.965588150420484,0.9595327386997415,0.9682434007563132,0.9648805506017155,0.9670381778595573,0.9657970846920225,0.9631735199648161,0.9698735880482913,0.9692329162909638
198,2864725000,0.9807751515596898,0.9749505522860035,0.9744719873871363,0.9594840554298547,0.9664516414553725,0.9648209149126575,0.966509043481182,0.9658968187194181,0.9603875637880832,0.9684882815290036,0.9713942860022569,0.9702805901951728,0.972035915993372,0.9592642241597321,0.9713417151421395,0.9565092547581858,0.9662403688211771,0.963050965016942,0.9675158142842398,0.9658530327643478,0.9656016186940038,0.9669095651356338,0.9622618155857735,0.9684341293334942,0.9649850449585996,0.9673341667352325,0.9638133607171712,0.962691586077155,0.9602899795198248,0.9719581038213005,0.9615315516264908,0.9653482785981393,0.959501107168442,0.9667902990766438,0.9651326600600388,0.9669446307605546,0.9646307907712817,0.9683787358780277,0.967717045312847,0.9686483652368568,0.961740916109532,0.9609726330681001,0.9634659223075857,0.9658942409622545,0.9675764457776128,0.9675920055287389,0.9707349504753771,0.9619366914791796,0.9681231248404093,0.9678344250817817
199,2865000000,0.9759643765165404,0.9788625963142539,0.9610399636830539,0.9612531462373857,0.969499101344507,0.9648729201334895,0.9667419659174847,0.9606195885738559,0.9656695815347967,0.9648757561969671,0.9680243486358675,0.9629441223126154,0.9715030919229429,0.9697927822438605,0.9641116845696527,0.9605162721155357,0.9664015644796065,0.9642783390973833,0.9647520525769345,0.9657319326212046,0.9684849154258653,0.9638544805254227,0.9630695853499308,0.9653998945541451,0.9669835976127963,0.9600238071294283,0.9670781187027038,0.9738510945711247,0.9708680702930245,0.9686729897861903,0.9645641481521893,0.9679971762207399,0.9626219683118331,0.9695375019659308,0.9673327895799889,0.9677663762942885,0.9650007172829966,0.9660524698442787,0.9637161686622756,0.965216952540251,0.9636604353976853,0.9582054755723348,0.9666546375618167,0.9663702808333733,0.9660682754114689,0.966799502762204,0.9656805622640011,0.957023597022536,0.9638325523915321,0.9666807172407941
200,2865275000,0.9805331436527089,0.9774927776207213,0.9623529040970835,0.9648230829577507,0.9690955292229204,0.9680062762909548,0.9622234748162776,0.9604366539839921,0.9656052829114504,0.9620690086362463,0.9682412179904304,0.9599405487231571,0.9724975567159566,0.9790303522325131,0.9668319232404211,0.963887833814268,0.9667673956497863,0.969620055878369,0.9723148668911721,0.9605631170831078,0.9691583762097402,0.9627631260400152,0.9607517734662665,0.9658318366078597,0.9620812311674438,0.9608774625446271,0.9654636671628759,0.9657088980117599,0.962630888438718,0.9655396134525415,0.9651822759655617,0.9574779845508679,0.9643242993970862,0.9611355214463886,0.9599267263298322,0.9620529856260182,0.9693392013075379,0.9680509509901751,0.9629320302608522,0.9626319112766484,0.9604850045281381,0.9627321962144589,0.9559420441482522,0.9615656513219754,0.9616661137153287,0.9630150431090326,0.9658458853730015,0.9659249938528791,0.9724908487531521,0.9693860536909138
201,2865550000,0.9777652055528158,0.9776468772985111,0.9674863518073414,0.9661534857231753,0.9685914452539096,0.9639490726436168,0.9656257396104627,0.9629243708934542,0.9651601538231539,0.963503661324126,0.9673856640606302,0.9647499763503422,0.9718452176152764,0.9739156587137225,0.9648828588253334,0.9645845057639711,0.970070638313648,0.9661340093393396,0.9692853568271343,0.9634694572304787,0.9689184220476356,0.9661042206636339,0.9661988364933082,0.9681922484857937,0.9670970539394879,0.9674869330125601,0.9681631266266661,0.966935060068326,0.9637816539879224,0.9655684739401207,0.9682798537765432,0.9643709247273677,0.9692773305358781,0.9626409855217097,0.9638322284744787,0.9637646022661147,0.9629090627987402,0.9612362656526359,0.9637911332089347,0.9688243284549279,0.9594996125903449,0.9668533714769043,0.9591545550910618,0.9657685042475067,0.9723512412692479,0.9707099003868674,0.9663070030684473,0.9641076720268086,0.9663858647337437,0.9594548625965021
202,2865825000,0.9808144571641659,0.9799699014477068,0.9595272518212349,0.9621674386564257,0.9634852845961935,0.9691356215609469,0.9603287518992045,0.9657748200482897,0.9651874807132164,0.9710662854278201,0.9666451733130728,0.9659782908502866,0.9667249236776195,0.9691878279346641,0.968510779713298,0.9734205035857093,0.9660364673464215,0.9668571463140541,0.9672826107424533,0.9713659246443417,0.9643773766750066,0.9667836307786642,0.9671293074827991,0.9667689270606823,0.9643489716939162,0.9670815269064155,0.9686963189455879,0.9685649675718755,0.9737482117763685,0.9706647799304642,0.9682879518126173,0.9599176624601811,0.9660114615270031,0.9694843848474894,0.9682092053357576,0.9693036838511608,0.9720940184880172,0.968678713713919,0.9636554528822415,0.9676451684409161,0.9677529752867039,0.9651215686090417,0.9664158697125397,0.9684414536081385,0.9660143528433539,0.9685353588871093,0.9602876629651154,0.9677601782641982,0.9672883303846077,0.9642692625859505
203,2866100000,0.9811014533862217,0.9809276721058563,0.9596770800648815,0.9670090961363423,0.9722903490526639,0.9676261595370773,0.9586614551112178,0.962845289815006,0.970679758601321,0.960141085900633,0.9647928798655796,0.9701997869767857,0.9622396550094647,0.9628121918631437,0.9711667513117983,0.9612241704769211,0.9681683468507359,0.9624347733688732,0.9712478429358655,0.9617794938785071,0.9652812471329469,0.969931593011735,0.9641862951084178,0.963673161493118,0.9738424015376905,0.9727555918622837,0.9661438722327222,0.9722671227882381,0.9737877362893678,0.9633679656510071,0.9618790410552146,0.9706681183217766,0.9714338625228593,0.9635946692592565,0.9691359744906776,0.9653073281072698,0.9672889718520447,0.9571461025407719,0.9623547670442552,0.964466178203537,0.9616422243826837,0.9700860597660484,0.9665859603616778,0.9697685673568069,0.9691315036160351,0.9687478275077764,0.9636840575635419,0.966351911756734,0.9743383525260425,0.9686464274968204
204,2866375000,0.9813058192672246,0.9897033464686495,0.9704810632619401,0.9623931429619269,0.9585227554616303,0.9653802557405375,0.9662079148730988,0.9637173363187721,0.9657923094552022,0.9740152962616911,0.9682980736932429,0.9675767028754181,0.9708120651097611,0.9642998155547449,0.9691683656320512,0.9632459641736596,0.9690798604981791,0.9704077494821278,0.9687947161736664,0.9671490733369107,0.9719440429945426,0.966327580811331,0.9614924878446678,0.9671389627798482,0.9707118768818701,0.9695743537760225,0.9656486878274847,0.9734737594484877,0.9627137803284737,0.9660118774323233,0.9737541033718583,0.9705848274254432,0.9697977295400095,0.9711339816408335,0.9624993224881434,0.9625178674563322,0.9663220361104933,0.9709165264304706,0.969552576805596,0.9691808944559381,0.9751020882311089,0.9695968179388796,0.9699651313265192,0.9706128124290172,0.9690689840953685,0.9666308236863352,0.9664924392552763,0.9678962980550541,0.9667013433351208,0.9657027567979887
205,2866650000,0.9837632781273419,0.9831364281758366,0.9731877400608244,0.9702089444241302,0.9699337580317875,0.9698252443134268,0.9694589569330999,0.9718611959310959,0.9706605446161222,0.9799760748866305,0.9632918709845811,0.9669416836996801,0.9706046439412941,0.9661143460525518,0.9710596674197832,0.9711498410483923,0.9704538228278218,0.9620661012109114,0.9740454919533272,0.9729964752502768,0.9660406695459984,0.9631757784879204,0.969295289277103,0.9669622514551014,0.9695123270654286,0.973803943084694,0.9676464129445908,0.9712709773181956,0.9692932628873175,0.9729902083646346,0.9714461314322131,0.9753825492166087,0.9644218841824931,0.9704478747821891,0.9637992768020517,0.9660936644544733,0.9689703052870848,0.9637611458937312,0.9732753049815615,0.9658486427653163,0.9691969324960006,0.9622403166584446,0.9712277366682037,0.9683271454286975,0.9699471187253091,0.9682213555278051,0.9758681805449952,0.965229832685858,0.9709908614605044,0.9660823335030853
206,2866925000,0.9839785740237612,0.9842937551297928,0.9694814299975448,0.9699245194273796,0.9667880524344339,0.9613340556201682,0.971673493383494,0.9664460988097126,0.9705112211669347,0.974568327608866,0.9755760870250314,0.9647316524007707,0.9717577413090008,0.9703138697350943,0.9692323339670078,0.9722677494963284,0.9672799355447922,0.9722724450463045,0.9686016233893927,0.9651256859107928,0.971781808178687,0.969684033061124,0.9695137875910081,0.9719619789188999,0.9691636001807774,0.9719767647855466,0.9668017888355291,0.9775017764431329,0.9638602655621853,0.9712818351003419,0.9760982177558699,0.9696656604182459,0.9746557777752116,0.9659704718259102,0.9768839628658776,0.9675925556384858,0.9728498268676034,0.974385894531123,0.9662711503376354,0.9718938448041096,0.9664780025303901,0.9735157236412254,0.972206699801119,0.9692819672364577,0.9761403435605932,0.9684714576555702,0.9646414044535311,0.9709860042075442,0.9722921747702987,0.9647927826102083
207,2867200000,0.9828963658148866,0.9817896192150167,0.9723324135274819,0.9774293051403098,0.9734026390966452,0.9732170996852358,0.9679831143445785,0.972068559007831,0.9726596808800008,0.9721826917855947,0.9707043708626334,0.9739768925190512,0.9655305514783445,0.9705528970831782,0.9710535594401777,0.9707114753922289,0.9779586503903734,0.9721084798377492,0.967818611739215,0.9687932891132583,0.9672240431198975,0.9760506781013407,0.9684002756821787,0.9726284497140177,0.9731014383614628,0.9749236194936914,0.966596894921881,0.9668227801345093,0.9692362462014552,0.9781555164947099,0.9718380147365051,0.9688618422948814,0.9703588185952409,0.9680278231873607,0.9661107011929686,0.9695443752295096,0.970445762422246,0.9755621451217662,0.9756158928614453,0.9757050202906518,0.9729647250180627,0.9639657613265273,0.9683393256828756,0.9747110957400422,0.9658062105191574,0.967365081666785,0.9748636329712635,0.9791942384145499,0.9788976291672473,0.9618564785749919
208,2867475000,0.9787611114908424,0.9859317369498333,0.9728050546268263,0.9742800761900507,0.9728357949932662,0.9666503603818262,0.973295947998023,0.9735488624162283,0.9697851071829328,0.9703595406894627,0.9763060445356057,0.9693922579920473,0.9659903087484587,0.9747790320885565,0.9700592544412738,0.9717420629840794,0.9737090819500509,0.9701250552421863,0.9715481795731811,0.9716423972143498,0.9678380067872389,0.9741649226602941,0.9726444934366776,0.974080856695842,0.9718387364066952,0.9680617053064982,0.9679479003246835,0.9656888086253127,0.9745420407399681,0.971949735855013,0.9739619243596148,0.9678528423308426,0.9620693525065863,0.9727840584823402,0.9674996063227865,0.9765970557618133,0.9672889294597294,0.9726968621750693,0.9702507302536799,0.9720076880388101,0.9700253739333897,0.9782865994068835,0.9782416729743771,0.9708287673762499,0.9708247523709314,0.9764239007713371,0.9789581644417906,0.9705080839692637,0.9771476771986661,0.9771313374489194
209,2867750000,0.9806789833684583,0.9796511600283586,0.9769372968624159,0.9818139099349422,0.9704880708506379,0.9669741652475639,0.9701567238502639,0.9731902688169614,0.9620370314557362,0.9748717369721343,0.9680150737673321,0.975392802195607,0.9755847907152339,0.9695551112823035,0.9685213830829886,0.9730720295371553,0.9750603505729906,0.9784353424731371,0.9689549004191905,0.9664955886001364,0.9743476120118709,0.9717917949258467,0.977913467180691,0.9729185447314112,0.9744377773414278,0.9742144407015518,0.9810384165403618,0.9718323561559048,0.974743060021154,0.9751224123011342,0.9776196833360637,0.9698643988527477,0.9693491690631825,0.9689636243837428,0.9680745454999159,0.971148053064987,0.9754979096268143,0.9755584270982532,0.9729398787144573,0.9659561343843408,0.9711042174839641,0.9799662021749684,0.9698681433631975,0.9806390427773407,0.9757026898125248,0.9765352071295115,0.9727559315199165,0.9651468164735848,0.9757677706285387,0.9735645638701079
210,2868025000,0.980726124030749,0.9847705133431814,0.9715815315734062,0.9735014705879378,0.9775237251863793,0.9685876101233473,0.9703560900051761,0.964761370319844,0.9738979430092544,0.9721472483008006,0.9722466384679125,0.9678901604359864,0.9798887645337082,0.9798414899568603,0.969828818701892,0.9698601440981675,0.9690454256430256,0.9699860683931169,0.9748959194509579,0.9747493591968939,0.9726187736197943,0.9707307209466235,0.9767414456712177,0.9727235197119788,0.9764856906090763,0.9768589977120572,0.9666693344364252,0.9739274593113731,0.9788060499962492,0.9781107204405035,0.9672900652999213,0.9761447842738696,0.977393334055363,0.9715814978039614,0.9716884693663433,0.9721210779883533,0.9710131647023647,0.9780150454689515,0.9764241894323205,0.9709811841364989,0.9695239842466832,0.9683949406184442,0.9716167781473678,0.9738107442637215,0.9795619709877252,0.9672259139180602,0.9717116072122505,0.9750131986578117,0.9795845865864677,0.9794652037191056
211,2868300000,0.9799335225144383,0.9848190730791889,0.9820024317467253,0.9708599283147873,0.9691020254035712,0.9729362519453864,0.9709295569810442,0.962409026236609,0.9725916435371188,0.9727260607604485,0.9708489391813284,0.9781032494703944,0.9692599045690184,0.9765326405578799,0.9707466637827865,0.9692690073362396,0.9665344769773815,0.9701866356393678,0.9726001647159653,0.9741106707511668,0.9725093932485119,0.9757887578291267,0.967625774441965,0.9753168206885668,0.9777800395430085,0.9764758255456848,0.9723383239364062,0.9720676478059826,0.9715999312369417,0.9780060513311979,0.970913722380621,0.9721969332695751,0.9677833949689333,0.9723812234361306,0.9707529826366138,0.9703994726841141,0.9717326287572485,0.9831864344135561,0.9650436253102348,0.976676217333272,0.9858125065998802,0.9674147275362324,0.9760303125592952,0.9633713090703147,0.9730183085717553,0.9732406191443748,0.9721962531960084,0.9699523987929978,0.969459004423125,0.9715487161390806
212,2868575000,0.9780756348853287,0.9890241337991472,0.9733527820403043,0.9713007635204176,0.9637077521706767,0.9693028523364233,0.9729437819234256,0.9715420897725076,0.9723770706587729,0.9717180063923737,0.9745851234887032,0.9743444299577665,0.9690962369686927,0.977559920051537,0.9713814796408221,0.9716320480388074,0.9682543725291314,0.9747459319478177,0.9714266712673908,0.972558108336459,0.9732120721258206,0.976495559514448,0.9795006835166116,0.9779432001090066,0.9756286871485154,0.9717961320437997,0.9781442738180394,0.9659083674067461,0.973039947642186,0.9776633922122164,0.976888416256204,0.9741358432440879,0.9718588338178297,0.963723364779718,0.9769900482712268,0.9783576661649498,0.9798366517512801,0.9697272349694344,0.9780916683272168,0.969996167850358,0.9727043172477281,0.9686032093250269,0.97032178409365,0.9757494981592404,0.9740524325898438,0.9762892169369167,0.970217702205374,0.9734080265459675,0.9706111986448155,0.965980553500059
213,2868850000,0.9805297360931411,0.9887676811661936,0.9741058540527276,0.9682623405769366,0.969383440274643,0.9714387711769155,0.9710644612618872,0.9788747118912483,0.9716352851181693,0.9671790625727521,0.9772522088377443,0.9712788119303972,0.9692402641360895,0.9726345630518073,0.967678322424364,0.9698766600277156,0.9801490484122325,0.9634077986209755,0.9731289584617219,0.9685998574623036,0.9773462653439802,0.968194344681415,0.9713781560511449,0.9701434311545373,0.9747672240871887,0.9772538956068888,0.9762881389233093,0.9796405337360434,0.9703435350411945,0.9714624319966351,0.9777484043700961,0.974426500060465,0.9747446447469936,0.9680310799735408,0.9689490217684741,0.9779241179756141,0.9665550924122943,0.9735220456930779,0.973069275890238,0.9751433410205249,0.9758030442355315,0.9719651378337374,0.9683859178742454,0.9724573350552735,0.964946088398734,0.9701883113829205,0.9743237271047327,0.9645425040283275,0.9719177549846354,0.9733849958156152
214,2869125000,0.9843993730954669,0.9814204418686577,0.9666280283958926,0.9704980347505907,0.9703089119293301,0.9697229567784657,0.9743849979598588,0.9744138295064044,0.9692338647239307,0.9707232971648131,0.9730987890057203,0.9734438903886343,0.9679330648222941,0.9760030032755775,0.9759791503838589,0.9679754975075426,0.9682327426867592,0.9723159118867275,0.9731783272571074,0.9766960526147808,0.975099266816829,0.9690577688858985,0.9710561121590718,0.9665657019078219,0.9737061317887028,0.9749339608897025,0.9699474896011328,0.9737216598615503,0.9773055784827452,0.9720870731548904,0.9747315740869797,0.9767218639798063,0.9743681493756025,0.9719812081550367,0.9687165113383055,0.9675898733020315,0.9720260172882507,0.9655543653643479,0.9709185388789372,0.9744292181147922,0.9763025510232852,0.9711827618522261,0.9700648771800424,0.9700850159709115,0.9680721770789766,0.9667100273389478,0.9693057027507269,0.9693137699126236,0.9738433363108349,0.9681054434576474
215,2869400000,0.9822806650160205,0.9875997962812902,0.9682283927804376,0.9667598601227748,0.9747693188977974,0.9696181743137784,0.9764187406342849,0.9714647320110235,0.9667833853100916,0.9708726730791044,0.9688880525504864,0.9667163077681272,0.971926402392997,0.9701684223627572,0.9676302903506788,0.9761452029375731,0.9694743182123761,0.9794725066328488,0.9664817178804584,0.9722688033707686,0.9752642417289548,0.9724594029817992,0.9743892593394562,0.9762582183680396,0.9688921334122298,0.9632535747444539,0.9719034392700423,0.969382209320719,0.966830851692993,0.9709731973821016,0.9742783685672612,0.9784593221708386,0.9673726881333218,0.969190700673267,0.9739242438280278,0.9719991130808084,0.9662982482313761,0.9736553452210209,0.9757706756945946,0.9659280345869423,0.9717350329061812,0.9739073353583226,0.9743037997914842,0.9718466556642118,0.9691978257620684,0.9717630770235328,0.9766347204136365,0.9637390116443724,0.9670689969264681,0.9732461676726627
216,2869675000,0.9814321315176022,0.9822577809454687,0.9644364285539948,0.9738679913811805,0.9715805605115878,0.9712684759028263,0.967248893219762,0.965939468969234,0.9753835374940711,0.9655238791423384,0.9763844963117116,0.9670902476177391,0.9650843116271893,0.9632470563105375,0.9719697241561294,0.9697929887016297,0.9638267638875389,0.9718551554862187,0.9653577650677642,0.9759810758403936,0.9792445340117413,0.9696350871699734,0.9688000756795971,0.965180523054027,0.9771204696210757,0.9667097342031776,0.9645105161138449,0.9656205437680273,0.9767594021119183,0.9607220675186862,0.9678023256197464,0.9667939906938595,0.9634018677530749,0.968460096386429,0.9720048003294576,0.9717324795727897,0.9650545526293702,0.969560270929691,0.9670748075083357,0.9674390516530802,0.9782159114142697,0.9710298036020547,0.9640317106202462,0.9736156862835401,0.9745439792064816,0.9728844357940368,0.9699274376976647,0.9668750838379506,0.9745266455733171,0.9694257404335795
217,2869950000,0.9795167262269647,0.9827999146286215,0.9690102400130832,0.9698816020746841,0.969634056399663,0.9641065775842749,0.9682552603442452,0.9648607656055241,0.973742694628575,0.9719448692711176,0.9587150892164017,0.9755523977496585,0.9680017781753705,0.9686227131390721,0.9655544455444842,0.9667854847699523,0.9730937262279757,0.964619235070029,0.9668570287155401,0.9690827267557813,0.9680803723191939,0.9642401166204373,0.9691197750274834,0.9699868814226141,0.9732552115671945,0.9680215486432368,0.9697445819870336,0.9626517010501966,0.9651718191590345,0.9673210949539907,0.9686541908185943,0.9708120815322874,0.967919471405132,0.9661386861372938,0.9669436145899041,0.9677254011687143,0.9690721108513225,0.97337494477763,0.9741061774758705,0.9671898634852837,0.9687079577264328,0.9574543836543347,0.9705539162025006,0.9732747657536679,0.9715485312697938,0.9670314799071168,0.9718192449288178,0.9669226102576102,0.9659460456410371,0.9695508306746087
218,2870225000,0.974018303407674,0.9825161171509152,0.9668628374878638,0.9733656860426091,0.9700872431960449,0.9680720429548806,0.9709108585600682,0.9664118548685684,0.9705491582033509,0.9730998019236382,0.961630555283443,0.9721127233830237,0.9663283965329598,0.9717408145543676,0.9737416800652422,0.9739511092670858,0.9726317807109531,0.9675394775109372,0.9584002168275759,0.9657998057259202,0.9705036703836611,0.9629897788248102,0.9659283696262188,0.9671089309446016,0.9666576512601437,0.9720206729520903,0.9706076461154886,0.9623217260080386,0.9707232252079208,0.9733574320338277,0.9811836496316693,0.9701298427600579,0.9722824924889588,0.965925469108646,0.9688960657292606,0.9695093730008537,0.9733612026246292,0.9679595679053807,0.9662957621660382,0.971353161078127,0.965646291581444,0.9617414831679356,0.971732493214931,0.968614242725153,0.9685569177781831,0.9669276200443025,0.9675182346935055,0.9735082160358419,0.9649486476315472,0.9572167553339377
219,2870500000,0.9831362776681802,0.9808374192020708,0.9578423024218885,0.9638143597894895,0.9688261050458112,0.9678447480955138,0.9615750874270506,0.9593360151518011,0.9700971485612259,0.9679303332985778,0.9650224603875456,0.9667300392779968,0.9740842964724722,0.9733385142612114,0.9576645891819611,0.9676072712580374,0.9665375893004318,0.9715317074389689,0.9661152992876253,0.9703887417500965,0.9622704297744071,0.9632840559373463,0.9662620320384412,0.964205134046522,0.9713214793540627,0.9645021380542342,0.9647470859789445,0.9669779847941025,0.9620684217360155,0.9662755070888136,0.9688504194666119,0.9651547056002525,0.9696315240855365,0.9677912672373111,0.96614362039291,0.9669497543818035,0.957610187482978,0.9665607300196921,0.9588065183971147,0.9716907328727574,0.9609453493109439,0.9692149703342496,0.9619187889117733,0.970041266343385,0.9662533698546996,0.9662245375197472,0.9639999013055066,0.962886638116264,0.9651715436927962,0.9650105499851395
220,2870775000,0.9735194984470191,0.9824128359038574,0.9633755945249047,0.9680818297276134,0.9706136906315478,0.9679719268498507,0.9702712584059084,0.9624045508972112,0.9606878245179427,0.9594271262571922,0.9628408809342497,0.96712980473977,0.9668649288794462,0.973650661222684,0.9685172489288372,0.9641719879586421,0.9589491643361581,0.9647978321353491,0.9605169421113166,0.9640546632882473,0.9621347561072929,0.9632211970842975,0.9622864295647596,0.9640300038188367,0.9681016726477033,0.9653501052898736,0.964530573173687,0.9602591825330906,0.9628097372700833,0.9604659613720262,0.963268266345371,0.9661174094173485,0.9626896396502835,0.9655615387484535,0.9648757700841541,0.9654287287605829,0.9684026488979472,0.966556039051058,0.9659487673089789,0.9665735466861178,0.964228753702438,0.9673362789816022,0.9677767590085354,0.9631186980529975,0.9564455598671721,0.9589571896712531,0.9689107761300308,0.96451250111224,0.9620999384452766,0.9700161839280693
221,2871050000,0.9800708622167253,0.9762451969006469,0.9647299176749737,0.970053972624767,0.960090700105258,0.960958962835335,0.9677286429277152,0.9729405110861079,0.9638110201584527,0.9659596001917766,0.962689107362753,0.9643270383926196,0.9615512057645996,0.9616278989850692,0.9747626095608289,0.9623612985189878,0.9674699252265547,0.9630127566683097,0.9682641044103772,0.9577286205185805,0.9640807062036848,0.973977878128006,0.9630931199276768,0.9728794567593295,0.9685775556498231,0.9623946539075224,0.9703729680905235,0.9653549426171424,0.9636094562238534,0.9603267290135074,0.9701872290120505,0.972044537267838,0.9657530726545528,0.9596252565929416,0.9682896334325587,0.9658017322578122,0.9591117069359667,0.9718069905452216,0.9661999256083386,0.9663913844969095,0.9678658124184047,0.9690004761680562,0.9636656495503142,0.9615000768027686,0.969845197669718,0.9596031903002087,0.9723644830347998,0.9694806952774339,0.9653053506301065,0.9619299337677758
222,2871325000,0.9779282386543534,0.981477679138757,0.9700305630910228,0.9704212811395309,0.9649830780903568,0.9696465172136357,0.9615806498142055,0.9626682802327744,0.9640029776213129,0.9645827667785519,0.9703503600524935,0.966404304031738,0.9667795263345156,0.9607628933040306,0.9658329417226496,0.9608672003981501,0.9571564092485628,0.9649286410181876,0.9603770017724886,0.9619345071896453,0.9665133242059984,0.964594755449168,0.9686530447130043,0.9703217203963528,0.9597792677281456,0.9616650639408462,0.9699100005656027,0.9675289363219327,0.9659553996394372,0.9673479322991688,0.968083372928894,0.9701474469723138,0.9628275789365602,0.9692177909136155,0.9610410823004938,0.9623693258864929,0.962369792926624,0.9685421728336557,0.9646097899979805,0.9655242944209365,0.9698583283190323,0.9643247338988757,0.9591229241310604,0.9652342931601674,0.963370929985962,0.9601151959527355,0.9621324307615707,0.967646231300061,0.9638124367671628,0.9619082774083071
223,2871600000,0.9802856240262849,0.9760749289132635,0.9631893093565344,0.9605099916164913,0.9641248426509673,0.9647242436381591,0.9653845048433761,0.9582772001144094,0.9591401510690925,0.9610629478189994,0.96799741572795,0.9605017471178149,0.9661304351976265,0.9624230706262503,0.9717556315870526,0.9716436704652207,0.9676001793735433,0.9566151759925546,0.9655267106951114,0.9746223807253416,0.9658894764705912,0.9649103557795179,0.961190947020531,0.9646602274337811,0.9662969609459539,0.9580566436395874,0.9652336644109445,0.9660603894564052,0.9697902713281157,0.9654857934020309,0.9670710236508969,0.9626090982685853,0.9674534358721474,0.9639363216753918,0.963972867757518,0.9621556070897364,0.9684169962261859,0.966883086513296,0.9649790013966325,0.959451016051837,0.9604711557578377,0.963646771738815,0.9621431873160805,0.9667991305652504,0.9684826373786076,0.9602532246929163,0.9665778461211795,0.9656499805951787,0.9628319176290865,0.9685708402037838
224,2871875000,0.974500360355623,0.9722170552810347,0.9672230509162466,0.9652493473951412,0.9697023552468946,0.9731815470967081,0.9645613187359936,0.9655614131116684,0.9654931015176618,0.968674093295134,0.965550224249761,0.9699736334565092,0.9664150588853669,0.9673596704052877,0.9605168156926205,0.9653912364599442,0.9658167558845631,0.965010013537479,0.9701117072325597,0.9653429844683686,0.965246074838563,0.9633656509814583,0.9640234696866592,0.9649862931401009,0.9666298231628624,0.9699691146219865,0.9643511983881248,0.9624203753755174,0.9623323961126236,0.9690208778458549,0.9682757740604634,0.9592414395647945,0.9593387556273766,0.9682309869765704,0.959553957507766,0.9629388889195808,0.9675568564174811,0.9599744240030667,0.9732684061024441,0.9639089345986442,0.9592941202567988,0.9649702291188613,0.969971951299539,0.9730592031138939,0.9661316200016211,0.9666655042303671,0.9599902060344827,0.9707309313168061,0.9644664974886317,0.9644564905922148
225,2872150000,0.9796559029490886,0.980349852651931,0.9673591348185367,0.9681088309272848,0.9640952873298702,0.9695690356576645,0.9617398612343893,0.9620848861549235,0.9567141272304037,0.9712328397684926,0.9663343736377732,0.9656163513501264,0.962854982626379,0.959565910816703,0.9614941094872951,0.964682579788252,0.958406127825693,0.9690640189929328,0.9752035359523192,0.9687132505470247,0.9636434532095275,0.9615297001271986,0.9691432982953336,0.9604111419642551,0.9687191846781124,0.9676535847062077,0.9623465532501465,0.9611733758380183,0.9607431607678418,0.9678792035208962,0.9694701827869581,0.9564861282887106,0.9610428652228602,0.9645478311789457,0.9639279472892909,0.9675321445727949,0.9717855528651287,0.9669210234088543,0.9659360512743556,0.9700701964721057,0.9620296349888808,0.9648637400244656,0.9635471618230624,0.9638807242668478,0.968672226445048,0.9702736153795268,0.9615790675187076,0.9638822349719641,0.9622694441911217,0.9666088068594373
226,2872425000,0.9821275199492321,0.9829765987790974,0.9658815548678469,0.9639994865641615,0.9649741208947704,0.9658190580592111,0.9611390613350842,0.961610751029378,0.9677040503303215,0.9649155911276691,0.9634966889750158,0.9644926679647492,0.9608457547229945,0.9692915112034584,0.9654866893797192,0.9772535927887068,0.9684933182671895,0.9676953831355782,0.9640120365119698,0.9636702026998755,0.9680337068228174,0.9602941783131037,0.9646432450781381,0.9643773147699178,0.9727698146809738,0.965122970997143,0.9624582245849121,0.9686936571945769,0.9698649754534401,0.9626193151188664,0.9695413459923586,0.9670784348297344,0.9688728502619603,0.9651126324265223,0.9669970092352761,0.9648773991864906,0.961466953883331,0.9635150935332744,0.9638737704781826,0.9748650572827335,0.9677599598409292,0.971777075507228,0.9665369485027615,0.9673871685183566,0.9604006657469484,0.9630001779468287,0.956625038861427,0.9594384096064134,0.9663330839574257,0.9605815803491603
227,2872700000,0.9813446645989039,0.9799978390468653,0.9718248680118684,0.9687557777175404,0.9651989044924317,0.9721052783773008,0.9681217272679475,0.9689863627878887,0.964781257730781,0.963677920810449,0.9629600089229685,0.9682864881666979,0.966571555329902,0.9672162737127032,0.9669569586421694,0.9723937413838255,0.9733249245143223,0.9697736308284681,0.9652380371857373,0.9704467131852471,0.9724232668108106,0.9671331910110029,0.9659518228583973,0.9602712716512415,0.962685896553691,0.9657658654213588,0.9717208874034642,0.9684261047703759,0.9670734765571444,0.9715246118961112,0.9634915028252354,0.9617725936382983,0.9666142403839122,0.9697588236811336,0.9624986783476835,0.974017609725368,0.9672365493049035,0.9670057404341431,0.9745066421278237,0.9617611469241691,0.9754849192233627,0.9626350808762791,0.960729684718091,0.9690773159994874,0.9697083262309508,0.96576909917676,0.9654575818688387,0.9688093125668704,0.9612825654943056,0.9589973124428045
228,2872975000,0.9791989130781207,0.9749276321754291,0.9698151118481473,0.9614479168652673,0.9645225187319355,0.9692678706583857,0.9651076131424215,0.9720342911922554,0.9634893508693145,0.9715573758793797,0.9682128751916946,0.9557434853454102,0.960068437234688,0.9690179136933071,0.9682827041795292,0.966311592433673,0.976360010013029,0.9724076492979821,0.9685936031533515,0.964832430664795,0.9643647363751804,0.9665164105784158,0.961665510472652,0.9615243881688498,0.9682610159293088,0.9662968455835663,0.9609377900884313,0.9734286517910237,0.9670047498558972,0.9700652093098178,0.971237016764534,0.972640401250148,0.9655434466794593,0.9647972201561554,0.9626719722550154,0.9634578131771517,0.9664149809509328,0.9659328008875925,0.9690832207361402,0.9669733054336717,0.9632186179087489,0.9624043337794452,0.9700532211792764,0.9662290598922754,0.9697021517345896,0.968846391358901,0.9690791409558982,0.9674311324874155,0.966405844413271,0.9645444313217584
229,2873250000,0.9782025953982347,0.9766683089372186,0.9631517920203136,0.9673666146319339,0.9716063679749564,0.9693544766304685,0.9686210678994535,0.9722036227661986,0.9618195060438262,0.9663293145301864,0.9707270897091836,0.9618622131692052,0.9683479975123052,0.9625646377810884,0.9676416504187898,0.9643050403572364,0.9626115684604237,0.9649491019064399,0.9669493940825293,0.970590903936641,0.9638948411579662,0.9623703366971929,0.9647130950730216,0.9647839115295932,0.9657880352475235,0.970979756589371,0.9745053936975178,0.9684968071279783,0.9627856554871006,0.9673230299156026,0.9629114044230458,0.9666720370366056,0.9645504941023347,0.969088636939191,0.965955030770238,0.9718254176216595,0.9702933701885514,0.9765919287531885,0.9725751026489635,0.9675118898102703,0.9670716114646992,0.9711245296640348,0.9769658956769021,0.9715418312478483,0.9709842030067395,0.9661061983396491,0.9695804645981944,0.9631881703536448,0.9639995457100017,0.966797108098343
230,2873525000,0.9828383925480851,0.9816707156112844,0.9609259480845767,0.9687770565407572,0.9702837149295983,0.9661896947094085,0.9692692545861845,0.9679015253828955,0.970803908538754,0.9688208681048455,0.9711123944187073,0.9661924737873269,0.9626700543487878,0.9705593765309306,0.9706401165354143,0.9686350993114174,0.9691576195780497,0.9725833699476102,0.9645575159284373,0.9710663969435864,0.9728538763299868,0.9681778876086015,0.9734644288729026,0.970342767317576,0.9722840399867825,0.9694940084961943,0.9654423853724229,0.9600813498254117,0.9751410574530299,0.9729702687408335,0.9685835143918929,0.9749653705877485,0.9661980780941529,0.9702939507577402,0.9654678835319797,0.964080432144687,0.9739179097881248,0.9649588143866213,0.96668901834729,0.9727214724212718,0.9668081881680306,0.9667823611646454,0.9641113109059957,0.968653232859968,0.9687423154210201,0.973131653084904,0.9719961812214667,0.9699563863039277,0.9650040626062996,0.9657998874371514
231,2873800000,0.9807663419195688,0.9820646627098601,0.9689455534697606,0.9587752740726344,0.9746699500207623,0.9699710407492017,0.9660748240862844,0.9619916895816721,0.9742609613712339,0.9665853463052814,0.9744574245187743,0.9625729362307095,0.969202208034772,0.9748081062526719,0.9747238373750851,0.9694054288946705,0.9617520570498211,0.9725473124703907,0.9692917442047333,0.9695022365777318,0.9706714684060838,0.9718990679422101,0.9653965506366654,0.9655848840333403,0.9677971734304304,0.9792969845097684,0.9684370670656577,0.9700045997992173,0.9705534198358132,0.9655279307449417,0.9687801078199666,0.9694124887601733,0.9692913505213859,0.9720698903179895,0.9725352488405672,0.9746089523083566,0.9707796865975792,0.9753079345846634,0.9675571800755876,0.9677486965070425,0.9706689421981208,0.9750053843584257,0.9669247909073292,0.9670255476164749,0.9719633408505245,0.9767755923484862,0.9666993755062373,0.9649283712103204,0.965513791959557,0.9672278791881715
232,2874075000,0.9829845633184737,0.9834296423056555,0.9768919088219968,0.9726714076883118,0.9703287206901682,0.9692762561755378,0.9686355722109258,0.9648431014146395,0.9691295375781749,0.9640719904721836,0.9704166349351968,0.9727159830020813,0.9743645823477671,0.9675791779523474,0.9678821852987397,0.966572729474374,0.972418532010543,0.9676687728104629,0.9685378405009174,0.9709848758550744,0.9741179686702367,0.9625906648160548,0.9678201186810771,0.9771152777440757,0.9699366625012076,0.9678258516640379,0.9732989523560965,0.9739385062280635,0.9704118756399044,0.9671573112349475,0.9741388891114262,0.9703567489813251,0.9755302170792262,0.9727524902745809,0.9659456074199405,0.9721473471374307,0.9627766464261752,0.9683334347773598,0.9707638904572259,0.9742692352953888,0.9689973647076251,0.9650448009945354,0.97146258473417,0.9717486421082098,0.9641717907123476,0.9716612882851035,0.9676676413186974,0.9594263406581838,0.9691994438174496,0.9696911027880185
233,2874350000,0.9819471710784101,0.9841870699070295,0.9762165113723732,0.9684955885534294,0.9726872350482619,0.9724717960631861,0.9685253092882677,0.9752057793371778,0.9746612995475233,0.9719180961597005,0.965642567333935,0.9738557098852804,0.9718796432665492,0.9739996167492725,0.9689461863508125,0.9645371024658163,0.9691924224467026,0.9696062177763266,0.9718301889706108,0.9675992652939638,0.967460356261371,0.9713271287450869,0.9647328457342516,0.9692156486863479,0.9721917896259221,0.9738756600513433,0.9723329310043696,0.969724592280689,0.9719682061660432,0.9684173621228289,0.9692103734516053,0.9758424075885851,0.963302787657629,0.9661337771964834,0.9640242463230254,0.9721221044625116,0.9626930152440607,0.9748272385265712,0.9652126582998728,0.9697099818551717,0.965462898485876,0.9732265779198804,0.9725935754650012,0.9669392199804852,0.9674981354803917,0.9702424877426837,0.9735946389880277,0.9727173484841424,0.9716723521173545,0.9719999309022503
234,2874625000,0.9827730026988788,0.9868081150675384,0.9737834448862847,0.970337336575372,0.9769420956823793,0.9691727787089981,0.9745283371910863,0.9705602760210422,0.9718620762177084,0.9705626772663922,0.9719712519058364,0.9694080439221784,0.9689302463041389,0.9717892242900666,0.9743358325411363,0.967092302680084,0.9728722382097362,0.9729591085250513,0.9644029543740517,0.9667302301957869,0.9721041738572151,0.9706311379960192,0.9785858342355787,0.9662934197636368,0.9731441765310062,0.9727738082662195,0.9794421918750621,0.977292747173274,0.966941773032298,0.9747792960029835,0.969422636013905,0.9709061703419007,0.9803264918652685,0.9787358763031936,0.9683385777253841,0.9665870591225151,0.9672449798432559,0.9678407052661419,0.9722994987767337,0.9690173824610085,0.9700572241680745,0.9743879227320498,0.9722291264347819,0.9782192356633413,0.9653289450286503,0.972410631163605,0.9649982366021606,0.9675543407847861,0.9727678706823786,0.9731490867232337
235,2874900000,0.9837234840917455,0.9794181718192556,0.9769632636029064,0.9790836141679088,0.9777457823850202,0.9705951722574693,0.9708843707703425,0.9744678516293733,0.9723133570067204,0.971766663617553,0.9679313128290821,0.9754011803291321,0.9700157553776158,0.9645472979108236,0.9669875944363058,0.9738212118298744,0.9768203364385722,0.9700416969837203,0.9756913441174615,0.970689963141705,0.9754476619893363,0.9703365284793658,0.9747576423024844,0.9655233736290025,0.9691233854448933,0.9786534498481284,0.970618838639154,0.978497743112555,0.9790491513954305,0.9743846406924355,0.9708608012352411,0.9784576997872406,0.9756881618896559,0.9721944109791556,0.9681493045772526,0.9766017476279265,0.9687823526708692,0.9739137563070024,0.9700025838605194,0.9785275416089474,0.9752969259506203,0.9710806008573819,0.9746566800770989,0.9728187585940106,0.9683262345829178,0.9772785228101035,0.9688067492806376,0.9754112622661747,0.9701586335620815,0.9713418185126981
236,2875175000,0.9825125721481607,0.9848292684567143,0.9738402168684029,0.9730096410567547,0.972342459974733,0.970963670001688,0.9804969381632024,0.97334790473971,0.970788999191911,0.9732352632653453,0.9724375049225553,0.9748624554109153,0.971155456379345,0.9750588261698123,0.9770869197168675,0.9727519112455736,0.9751885161749291,0.9802989881286082,0.9664099027114976,0.9754515845279736,0.9714476590063663,0.9799071701076536,0.9735294105311169,0.9684956710234751,0.9760533324160966,0.9715338413454057,0.9717032563620067,0.9795530451783278,0.9760304010145257,0.9654930594782457,0.9751182889543379,0.9782893977171324,0.9775158119147115,0.9716766295241046,0.9636758394355819,0.968124127118183,0.9735168501544573,0.9714937545366823,0.9765841132535712,0.9742137426139554,0.9748302174432384,0.9797221925259784,0.9736504948798027,0.9805635021164711,0.9712022168092961,0.9716505066549134,0.9702459635711178,0.9762190456908449,0.9740095631481279,0.9805563322358609
237,2875450000,0.9818914912781019,0.9819039418333686,0.9751280439360338,0.969222063724619,0.9688119416096312,0.9693489449138417,0.9756382793806103,0.978070841078869,0.9726802352385355,0.9849640590315837,0.9734948387173936,0.9743222561630401,0.9761572935590495,0.9779413472066407,0.9730968113095766,0.9759529466735335,0.9748435987765134,0.9697062920648374,0.973265043226149,0.9803669038341182,0.9739154704614573,0.9692637987828422,0.9723359216208226,0.9704923530310702,0.9690302270279568,0.9780300567295268,0.9744358547885644,0.9713218861037456,0.9744041348941342,0.9771688619067319,0.976433589837218,0.9817597026199758,0.9743656309105395,0.9781653650946072,0.9764750354147168,0.9717224997921458,0.9744905405696982,0.9764872786897797,0.9682869088631324,0.971276062568934,0.9708712549784718,0.9713319540012735,0.9750363387890639,0.9758335282886842,0.9721100670960928,0.9740501753112998,0.9838555781526835,0.9750475438938189,0.9721494423361676,0.9694871076665587
238,2875725000,0.9808587529894913,0.9865195263476093,0.9822765427545178,0.9696071739704791,0.9770320551259556,0.972917431865057,0.9750909651889396,0.971790243657463,0.9726979403342152,0.9690162223627228,0.973587477496991,0.9766435603844953,0.9689985322223825,0.9685661247104456,0.9811784202478816,0.9723149540811138,0.9751926303279004,0.9705849654301089,0.9727530099651835,0.9789537134501621,0.974746461118351,0.9753879523087368,0.9758053283578211,0.9755505362765159,0.9704809013563562,0.9806265167479477,0.970433084382121,0.9759880788721078,0.9784771553113565,0.9774550499916729,0.971416510657495,0.9746309152041963,0.9726194352589695,0.9719631331238219,0.9761253175902905,0.97973059342354,0.975843853142067,0.9763481626174376,0.9773637817864907,0.976646485690624,0.9765644531830282,0.9830038525424978,0.9741128074590593,0.9787382368035447,0.9719978782176514,0.9739845052167908,0.9774495239267914,0.9784783442833875,0.9816507741295966,0.9870913025708027
239,2876000000,0.9863756932626405,0.9870930404588059,0.9671301532217376,0.9685959968153187,0.9795121712980119,0.9728493924610869,0.9738117322587847,0.979345819291723,0.9764558752949027,0.9755920588218457,0.9803955420267608,0.976642774540094,0.9746562537458243,0.9777669244636513,0.9741062464524761,0.9750428029939394,0.9800865680433054,0.979469775622975,0.9744243948076139,0.9772265871568417,0.9771018896795262,0.9703936975180782,0.9737108447122798,0.9763760680984919,0.9748999634844208,0.9736561999332617,0.9687438850470965,0.9755053660672578,0.9782083577607369,0.9739127723390536,0.9825827323941475,0.9746937910646739,0.9752597803595777,0.9695006089331191,0.9838483876828563,0.9744911926295385,0.9793830693959998,0.9702320191158829,0.9761311241636929,0.977819093964348,0.9719443763113271,0.9695510303878058,0.9752081255331326,0.9720333527678782,0.9772262314462626,0.9843224330764156,0.9793265414557466,0.9755137713726245,0.9746719486238025,0.98061711170743
240,2876275000,0.988477465108228,0.9888121800510079,0.9770459946488892,0.9713235553040048,0.9758174921407423,0.9725362402041202,0.9764294340265549,0.9802866009503194,0.9697567879345387,0.9790359199591926,0.9760893340853818,0.9785812770475154,0.9789065057378938,0.9748991877601879,0.979425004136847,0.9735686046968277,0.9741556688214853,0.9737138042651972,0.981810554122083,0.9727994100330529,0.9753450071084354,0.9770081203531013,0.972749044938736,0.9685514395655966,0.9774364786229612,0.9751143107618465,0.975517117625314,0.9814398148479516,0.9754435517138779,0.9757685109501255,0.9765672027920067,0.9717879373772516,0.9751863106759193,0.9734856433787429,0.9785473837563001,0.9780382220063589,0.9768877730014022,0.9858111147569417,0.9810218511770225,0.9778410657204789,0.9771028513056367,0.9799506720597037,0.9796131935716471,0.9769912437393494,0.9818750184363896,0.9849881353970623,0.9785623356267843,0.976386027135082,0.9801460095828017,0.9702476565426432
241,2876550000,0.9938359780896552,0.9792445154733654,0.9701862281269286,0.981592352941172,0.9707813937514442,0.9742511194116507,0.9771437111719414,0.9762160773007441,0.9781461486976827,0.9751906445487247,0.9785857493602047,0.9816736362964303,0.9741806060093425,0.9805895858393118,0.9745688139965398,0.9712364762626097,0.972809468581215,0.9795199695821522,0.9773886101828296,0.9824316824606658,0.9841022883724,0.9720476033338641,0.9711356767711183,0.9785274310982416,0.9785206443569975,0.9783699020636151,0.981062909038647,0.980762600950397,0.981337342125863,0.9800285148092838,0.9822617756833768,0.9831221453233443,0.978718856732495,0.9785141887458422,0.9820269238330768,0.97809933207026,0.9763862160579604,0.9796835275813655,0.9759191424165158,0.9787522061681324,0.974793463914923,0.9797649007830003,0.9758258628310856,0.9799061446598227,0.9781321177790993,0.9700264542138127,0.9797614251154252,0.9789956180186479,0.9679352198191052,0.9748578924490124
242,2876825000,0.9904249312699984,0.9879681244535581,0.9767583154972461,0.9815064632991949,0.981217512835511,0.9767210032383499,0.9788332886536392,0.9761760067403465,0.9805891743783778,0.978518859213999,0.9787407427917613,0.9744514795051415,0.974721863204148,0.9743510048144922,0.9746953658552272,0.9829846895381865,0.9846464606076946,0.979297276090946,0.9897291373042569,0.9786760182965236,0.9794304248207729,0.9728102223936489,0.9831995270139977,0.9723119986209237,0.978938348538935,0.9747187593112967,0.9751373556024792,0.9766010194858414,0.9710484670943568,0.9770088727656858,0.979327227677724,0.9764072647278337,0.9730996328637125,0.981212247197955,0.9745105775281481,0.9772540933328616,0.9766791255053261,0.9755518813497279,0.9742683767274521,0.9790301292503027,0.977129552030537,0.9802312638057239,0.9761457916381334,0.9803701480884541,0.9758299138380869,0.9754812880468179,0.9752036222325278,0.9769367674354349,0.9799774742589615,0.9797676950414196
243,2877100000,0.9892434300569719,0.9856868949577915,0.9814259550373982,0.9748373502829534,0.9849953634955433,0.9791295379787518,0.9755440890432302,0.9816740423289149,0.9811136468363256,0.9788555711018851,0.9732096497719884,0.9790705382646709,0.9807966275578367,0.9809649869063106,0.9765408231731443,0.9762937681059627,0.9878369371428193,0.9789401067988728,0.9799497125556703,0.9843651460610188,0.9800804282341921,0.9784125775586647,0.9761031137073999,0.9789752078269544,0.9764355730320591,0.9846343329891125,0.9767094174473462,0.974968710917635,0.975553143967413,0.9746448583455012,0.9809023510725114,0.9816603451350843,0.9762916824646272,0.9786990301152296,0.9726228761519011,0.9745412423215565,0.9798715545944222,0.975573533281135,0.9770543407882293,0.9742290508387623,0.9779824855626175,0.97770921323868,0.9787236620288516,0.9813247284636608,0.9846960760725393,0.9768003259403821,0.9822202179464281,0.9746314179387939,0.9811940742512464,0.9782133085584793
244,2877375000,0.9870049652540528,0.9871284917570297,0.9844309843113959,0.9802181727582543,0.9785506802946102,0.9761177784793498,0.9772940617236164,0.9813987643217357,0.9739907168638816,0.9781205046417605,0.9830239865863313,0.9826619036781593,0.9723576382747954,0.9786803432244605,0.9788457720605688,0.9774504856930948,0.9736368736916611,0.9754136179142874,0.9816668702729038,0.9748458258082866,0.9788612293227639,0.978603180805303,0.9770631623639955,0.9793949437080469,0.9766969711150908,0.9757369636014712,0.9719318525095049,0.9737249464651194,0.9795714188664749,0.9761132853479002,0.9798114240779268,0.9856722699628393,0.9836857850543459,0.9765230697346492,0.9763687912041449,0.9832647889820385,0.981243935503586,0.9823918100037238,0.9739222347735778,0.9754818006986068,0.9789350163667558,0.9818084291064267,0.9788676053735913,0.9742174898517975,0.9810889816108749,0.9882322791244983,0.9848738757239446,0.9778199712253,0.9774662653163994,0.9782422094800884
245,2877650000,0.9919178134488481,0.9905708809920586,0.978291909407952,0.9807184738239867,0.9759741461305558,0.9797489777520764,0.9864240349404603,0.9771036269352735,0.9844636426235885,0.9779522693507938,0.980299354993225,0.9776708421897754,0.9852097183578321,0.9883751467518122,0.975850282072498,0.9818829803064598,0.9792536170436198,0.9788855941230705,0.9784898776408297,0.983070927016238,0.9851646206436273,0.9825787374493856,0.977299764164373,0.9806305460031967,0.9752771647054975,0.9869822320726621,0.9778307422812222,0.9813162768633116,0.981599859422764,0.9725610372509145,0.9734597028333621,0.9743253269780342,0.983486153565425,0.9775506257606186,0.978806012391752,0.9783523993629363,0.9785446813352415,0.9873399100855227,0.9775684428668798,0.976848007501651,0.97673375583062,0.9800634294890909,0.9762691681089681,0.9827059450636947,0.9938829204608439,0.98695627464869,0.9751188599585676,0.9779544521790695,0.9864204803129595,0.9798384477182454
246,2877925000,0.9868084979651787,0.983447583260417,0.9799254508732945,0.983069268319006,0.9829959470579723,0.9819117349929787,0.9774804637123963,0.9666451293769338,0.9734803332078308,0.9736259487867964,0.9884378419257988,0.9819593820288075,0.9759881636559016,0.979727696464447,0.9786481471994551,0.9773987388935795,0.976621118726716,0.9845095675635375,0.9890142581047827,0.9788554303701663,0.9739336747189894,0.9742626581977817,0.9775272018526557,0.9773917830745523,0.9850294322097592,0.9746544327451387,0.9784946617773632,0.9876833364136726,0.9847840119400794,0.9817883667686498,0.9830977326957279,0.980621091069708,0.9831209833340738,0.9722197393749287,0.9820852391318587,0.9819713382742343,0.9844855539829162,0.9765782985064207,0.9799506798357144,0.9812666448950199,0.9795612391708567,0.9883153467316772,0.9775469634414418,0.9773263041991714,0.9796487409471746,0.9772209203722917,0.9755825604080236,0.9780388668134425,0.980717550241501,0.9842544089839008
247,2878200000,0.9877107213628493,0.9925129234354186,0.9790766849027185,0.9788318599033763,0.9801175712454905,0.9709484993435288,0.9786595397912917,0.9773147508718086,0.9788709969170716,0.9752105367527224,0.9802676604608581,0.9775449290877565,0.9919011734249776,0.9760164975693798,0.9760346543366276,0.9888654361477985,0.9881121434781132,0.9759781290803052,0.9804907737656375,0.9861796911913848,0.9780125076324666,0.9816734725627767,0.9806731081915754,0.9774258456712025,0.9749858296171539,0.9773796501670537,0.971463311316134,0.980279656027911,0.9790998585075669,0.9849842508179818,0.9825511328852394,0.9810365160021742,0.9762933254532052,0.9842840500953719,0.9771604360451079,0.9798550442828877,0.9840446836235427,0.983326034361667,0.9833826236620621,0.981512294521038,0.9835364009693291,0.9847905028715551,0.9779520830993788,0.9875808990281445,0.9802746976025791,0.9826241158890957,0.9828290736282862,0.9819250471377032,0.9796996416151851,0.9791751902087346
248,2878475000,0.9862650572858349,0.9860258001888119,0.9820561087428954,0.9793327748374113,0.975668734912857,0.9758552122792198,0.9783447713818395,0.9818429833191888,0.9860622314772617,0.9822408706284103,0.9794962169111665,0.9820197318986714,0.9773837703604622,0.9801298835692134,0.9809610528426591,0.9871376140439683,0.9830995928610098,0.9881843248398567,0.9850485522224273,0.9798658504550827,0.9866429141289139,0.9787680484447631,0.9849671166216807,0.9835977814872942,0.9776340869914074,0.9812949961051614,0.9774001983839501,0.9863839938771999,0.9841624202401943,0.9889771202017673,0.9846260689958757,0.9795792784166595,0.9788706789213814,0.9727452553479189,0.977055071841988,0.9817627403353117,0.9853491640066596,0.9883172719465675,0.9855263953390633,0.9814225079038814,0.9759095024336344,0.9813346177274566,0.9878307939737516,0.9823978970949546,0.9828710104492488,0.9847182945344473,0.9761244884079848,0.9803393372243938,0.9791471323703773,0.9813852393290777
249,2878750000,0.9933014560446303,0.9891074562139018,0.9779760667545747,0.9844475675661576,0.981533593042844,0.9909931634716687,0.9847654021275841,0.9788321912650996,0.9804569317988218,0.983915326295333,0.9867002238177948,0.9791468128960652,0.9838889180109796,0.9771574964018045,0.9797570725463803,0.9845385896892678,0.9852075791299653,0.989835104782021,0.9807942204475777,0.9865720698139042,0.9762951683815796,0.9865523563917188,0.9868521707125073,0.9888745547817069,0.9841101336341557,0.9842299017841594,0.9757684326662647,0.981668498095604,0.9869158213730183,0.9809035778314802,0.984108513928291,0.9824127729881443,0.9746225708361002,0.9847030684790395,0.9845101025027614,0.9861097423163371,0.9798909108905515,0.9835744967667901,0.9750652184947901,0.9798357808666075,0.9854386353216327,0.9803263152006514,0.9836095856327706,0.9771431168410699,0.9888997960079426,0.9807831383541439,0.9898964773291044,0.9782702387526943,0.9882745910715047,0.9756709230334049
250,2879025000,0.9892138194691377,0.9926763984479031,0.9805107337455186,0.9849074437150244,0.9837929999338505,0.9834973896561413,0.9822846238227974,0.9807160281800504,0.9781211333186444,0.9866359645474619,0.9804088939198944,0.9805640023712604,0.9795643103623547,0.9806760443115206,0.9805800933827064,0.9831174779731048,0.982131349159036,0.984947449194184,0.9835809029806868,0.9818494393873485,0.97970586477535,0.984166828754821,0.9859327796309768,0.9825333372885665,0.9821667837347968,0.9813043785554085,0.9826324573585995,0.9843201451375625,0.9910424837612195,0.9888978185630863,0.9813861433905332,0.978342811306361,0.9803475509660795,0.9788517679668148,0.9851935810517574,0.9816656457957984,0.9818961134042297,0.9756203278526948,0.987791266095486,0.9808364857518196,0.9834599812046873,0.9796992350434265,0.9817207693034157,0.9801003001313714,0.9889136131628949,0.9906098908935072,0.9842499976016246,0.9819583739649321,0.9826106909959874,0.9791498881865394
251,2879300000,0.9886965313758428,0.993999878945023,0.9828035779683186,0.9846743819411727,0.990364788197174,0.9858030057686905,0.9762230321488692,0.9829560689668786,0.9802500469812648,0.9863587123447981,0.9864162054593966,0.9855148959765633,0.9862181466123409,0.9890398384668763,0.9791291749084067,0.9757464900521495,0.9850789257185818,0.9809485833515381,0.9761969486833939,0.9790716112051353,0.9815237665881346,0.9836689563163495,0.9790296184866182,0.9831219868579786,0.9774993398508743,0.9774261191460564,0.9794589046964627,0.9828134643323101,0.9792669198776836,0.9804479262925265,0.9812690605155221,0.9795356433771091,0.9797811499171837,0.9829021236354499,0.9840066133054352,0.9862987491329711,0.9840796475884509,0.984229492056827,0.9858865732555387,0.9784263684552338,0.9915542967791544,0.9837632987186954,0.9813263968831668,0.9910680628384404,0.9841323512040158,0.9856762232160688,0.9850013728879475,0.9820304394233761,0.9785866060004272,0.9852716851885076
252,2879575000,0.9906932739575272,0.9860552312425994,0.9872823417023201,0.9767288299308483,0.9827162542295934,0.9863447886983733,0.9839735266812947,0.9850275864446588,0.9877065452942618,0.9763734827073963,0.9776933483406807,0.9812339625666281,0.9819309684424733,0.9847160699878957,0.9871870024502281,0.9841385539461017,0.9840980707395498,0.9719552964502121,0.981903170896538,0.9862815348521741,0.9794833687251485,0.9842248077039322,0.989751034190562,0.9838217983871586,0.9819835328408867,0.9839090277326297,0.9810997138320805,0.9883648832017267,0.9833340664816403,0.9779934215890352,0.9798649143337252,0.9904525283684557,0.9823084318028081,0.9863194133938572,0.9859961758197184,0.9853697689635882,0.9752690358858614,0.981511559753834,0.9817937693880144,0.9895384186404738,0.9857157671345665,0.9888012796803641,0.9884649519591945,0.9821691557998478,0.9799129478280091,0.9841555750470866,0.9867498078733327,0.9856024558855307,0.9840585138886137,0.9816060776332137
253,2879850000,0.9900935854630618,0.9911920841812969,0.9788237794789117,0.9889743876665502,0.9797201308121765,0.9811975954530245,0.9831746707344227,0.992192844676396,0.9825123489580816,0.9851190474806291,0.9834069428696118,0.9874483518144852,0.9836932730923148,0.9882434773808922,0.9868993551087026,0.9917983647574495,0.9816697771218454,0.9869555394662948,0.9820435513162988,0.9834582694474981,0.9883633203779361,0.9795433163457444,0.9859486870447852,0.9905501691903755,0.9911372659420361,0.9817102778029071,0.9899417992253232,0.9834927469510377,0.984221933196214,0.9817690795326208,0.9848269956743777,0.984579826209438,0.9758526562006266,0.9878416626218786,0.9817309421923501,0.9840369104374228,0.9831606061749802,0.9865496784398059,0.9815241719800165,0.9893004953168937,0.982783765505878,0.979414001319353,0.9809395648702487,0.978450404835721,0.9864354823665545,0.9854848668606364,0.9850778416807641,0.9850613595118572,0.9814123716523252,0.9780555086657483
254,2880125000,0.9928909369125491,0.9846739943325449,0.9817310436110046,0.9832677369709523,0.9836952485346625,0.9851844069328838,0.9876867532206297,0.9845722615720127,0.9867454494098189,0.9812332005818971,0.9881763754255963,0.9858537586902302,0.991549156786353,0.9874021653855157,0.9865324853565478,0.9866549124393812,0.9831222761686027,0.9844511642695452,0.9828740917620745,0.9847788281483294,0.9879040282331323,0.9804610811420447,0.9848034409473674,0.9827658227194275,0.9844658471677576,0.9849312492294143,0.9892210447796244,0.9830380630275777,0.990117345870424,0.9853375357193602,0.9863207210160785,0.9855261094254488,0.9869378488598647,0.9895683541225768,0.9947529375300135,0.9911094028955912,0.9846204686854073,0.9933370197433432,0.9858944161129438,0.9892917351725006,0.9860278606102628,0.9892781146045371,0.9781618887632209,0.9796615667040114,0.9887840291831274,0.9854951061686665,0.9877378946208807,0.9879412169760499,0.9892210352083008,0.987880616572467
255,2880400000,0.9885488764746102,0.9924492195989891,0.9883460106902936,0.9936972929942345,0.9770850390533256,0.9809375263676913,0.9888137130644642,0.9817365764025828,0.9873704222972779,0.984405217431139,0.9889875950616602,0.9833560265086452,0.98321181090247,0.9882311028457367,0.9810354748362117,0.9900590528732728,0.9863708706524399,0.9898918486433067,0.9863171682766004,0.9857269533420854,0.9739524051189675,0.9867227711422065,0.9767719594390974,0.9896093595997238,0.9844557907521473,0.9883338657812313,0.9846895657152959,0.9828185380724029,0.984530287091979,0.9822833296653988,0.9872179894670005,0.9847915074803544,0.9915395148476387,0.9885641500376157,0.9855226745607608,0.9843264607042163,0.9860044050687305,0.9799648077397076,0.9903844009337622,0.9844179736791703,0.9910521230259749,0.9808247780060615,0.9916850197031976,0.9924525501420535,0.9896042488164808,0.9928052213481936,0.9810289177393087,0.980289777876157,0.9857156048245325,0.9871525061367278
256,2880675000,0.990038601729713,0.9882118359657956,0.9852985707242259,0.9892077393130279,0.985652114051623,0.9840507467699731,0.9894029047937808,0.9814560685425965,0.9830650587310601,0.9872428612185379,0.9874197496303639,0.992799106186857,0.99103297363709,0.9848888901898685,0.9775596028334675,0.9826417287889775,0.9831320047447945,0.98696664328627,0.9917320250330292,0.9862972967026206,0.9904103759437634,0.982622775798272,0.982358840046174,0.987532821123813,0.9904864500602579,0.9838477580570912,0.9869247154874101,0.9854845124830278,0.9859608226144072,0.9862552869428466,0.9879840738175706,0.9851495533971194,0.9893373750181426,0.9811472500815278,0.9849244808669266,0.9878357062056449,0.9890383232132683,0.984401967832247,0.9823276252052957,0.9846026773226432,0.9920924001957346,0.9851220722296326,0.9901230477532088,0.9914905947666229,0.9867930439118459,0.9825522446747426,0.9811806983164328,0.9873528565088385,0.9893989272227801,0.985104020459876
257,2880950000,0.9933347926770083,0.9875575878349688,0.9873215650765976,0.9825343843305807,0.9859539617923696,0.9845206306924166,0.9842488254082518,0.9848156910854299,0.9892385701569821,0.9821429788032051,0.9811892001273057,0.9846885283867889,0.9855973262663276,0.9812421430838318,0.9852227999962341,0.9902214614472747,0.9874718072454174,0.983332491911218,0.9807061932216167,0.9885826786487568,0.9902570809283521,0.982188704801003,0.9864965737317712,0.9919415936362989,0.9866641001274961,0.9874799949943769,0.9858836070312654,0.9807006124883558,0.9851985194739689,0.9885870390373869,0.9883543766523671,0.9822829402506276,0.9871239911090378,0.9855932046101158,0.9861406477195351,0.9955386862996254,0.978727785838922,0.982333543584044,0.9822902670682951,0.9838897460722325,0.9856239686699448,0.9847974555858354,0.9880826913056595,0.9921447225169727,0.9877487531147963,0.9845408480390012,0.9906455057808379,0.9835727699928632,0.9912134165315514,0.9931831843122682
258,2881225000,0.990345541573773,0.9929437941533669,0.988440076185609,0.9841241395097964,0.9850183957105225,0.989218621579731,0.9884244277581625,0.9877492181073941,0.9895242261269044,0.982168744598363,0.9831719350626471,0.984664806538483,0.9852646539914786,0.9869692799995761,0.9905918161717578,0.993211397713936,0.9836342842777727,0.9886202978943925,0.9862549246211916,0.9921988829831984,0.986207153504304,0.987225550516201,0.9898080394249132,0.9813679556615906,0.9933894755738311,0.9909768669960133,0.9851303200325232,0.9824333096241916,0.9852546742674386,0.9862935792871197,0.9848068145380132,0.9887355310144904,0.9860246484141784,0.9909692758946921,0.9900929668565815,0.984432185202765,0.9907184291885541,0.9797603710940127,0.9872598636234056,0.9897208375373249,0.9843047771266868,0.9836191372307311,0.9846446964709947,0.9821800367224132,0.9922140843901278,0.986669027822853,0.9826280708742614,0.9894335858599437,0.9858754782298842,0.9847293059940688
259,2881500000,0.9899676306700661,0.9893122178519024,0.9831242085955559,0.9818957192758621,0.9912887823099725,0.9816642988551113,0.984829275219903,0.9903537440081464,0.9830670950927262,0.9827861057432055,0.9897600589120044,0.9850346973533557,0.994809131308967,0.9824913120061304,0.9819212472026287,0.9867222847458307,0.9868454362305353,0.9936731403641428,0.9863667228763148,0.9840615212457235,0.986848255534033,0.9905436044681386,0.9921171598898004,0.9868716344931927,0.9907687191220724,0.9862640102477345,0.9806631453940141,0.9923245315177847,0.9877592148201416,0.9814078506183961,0.987551656524874,0.9836039684917517,0.9830488981218107,0.9837584657218665,0.9827117146328507,0.9849608908963234,0.9825903888302165,0.9915660428051705,0.985123656428672,0.9877392386055632,0.9919233224150131,0.9826387027183507,0.9892154120954697,0.9819169045929482,0.9843184548719045,0.9889802653336929,0.9911934258037193,0.988610517517771,0.9919697084539576,0.9902767244274153
260,2881775000,0.9893853848944913,0.996636707231212,0.9860810272371621,0.9849325158659652,0.985381840024715,0.9928133821733335,0.9856914575949866,0.9943001367530802,0.9834540714696581,0.989556988525039,0.9931053800673757,0.9892065219836509,0.9807188063122676,0.9872395927209515,0.9915951808679184,0.9922752570408899,0.9841302110047461,0.9853894241506893,0.9895022260830989,0.9891794048959526,0.9876367676864517,0.9833890431950109,0.991272016179978,0.9880453491269281,0.9906536263387311,0.9886933494455,0.9820620560042005,0.9973396715547542,0.9848797996767598,0.9868875892601013,0.9875093561686767,0.9868134794856397,0.9802574012624578,0.9895761772495276,0.992385009019477,0.9840054558979543,0.9892446500764743,0.9932840026718686,0.985923561879155,0.9912830627054358,0.9855675869053754,0.9910265869640177,0.9932897744412776,0.9843195551540682,0.9829991801455098,0.9885876411871626,0.9828773657682115,0.9870490274244141,0.9910639864222278,0.9890000102676442
261,2882050000,0.9915104105551008,0.9924533942427791,0.9860149222483386,0.9821765150873698,0.9867205998664623,0.989854552591126,0.9923750614154155,0.9841131831594144,0.9890929607356679,0.9828338560743515,0.9888821395287943,0.986873122449745,0.9878841002109345,0.9832035192028309,0.98831379836749,0.9868582430506919,0.9833987279596645,0.9896414766131199,0.9879051236283964,0.9857015188830293,0.9862586125367462,0.9950717647186651,0.9821118222760302,0.9840201889621412,0.9910132435576252,0.9876686960942764,0.9893760755176296,0.9877390406885919,0.9947616293893962,0.9881995432943097,0.9843139258921474,0.9916820100734297,0.9895023398582703,0.9853097930647727,0.9894992418543409,0.9902098662193862,0.986563903087984,0.9864489741047936,0.9820100997659429,0.9881134599463683,0.9863667142738678,0.9898913536657815,0.9892145904741872,0.9931174091532635,0.990441759441237,0.9870416514328412,0.9883368907837141,0.9937674241765643,0.9827855717916127,0.9903242477304229
262,2882325000,0.9909953787133231,0.9925857002586637,0.9780130880899265,0.9906065090500897,0.9844308110102113,0.9843862284991621,0.9923754472210183,0.9930917855775124,0.9884471219171623,0.9907225575793122,0.9919655556103729,0.9804840682951578,0.9897261675495413,0.9902548421119757,0.9955542620072987,0.9854832956192506,0.9946691971263691,0.9861537089376756,0.9874561794194336,0.9881139978992374,0.9906921319083007,0.9862977886359933,0.9894566949959648,0.9887329948840715,0.989857888758895,0.987557151702924,0.9863207264538817,0.9847684502789029,0.9927929832118635,0.9868226961062161,0.9830295786747144,0.9831409668705875,0.9876051376032602,0.9864314777191627,0.9919751092745369,0.9847038061633535,0.9854162745514903,0.9888762601078431,0.9819125350686503,0.9863455523500526,0.9910316504357431,0.9930072622902165,0.9887979981365185,0.9914836742217661,0.9825337014893333,0.9857500510429569,0.9842667622450632,0.9859041285834701,0.9856528615897737,0.9881738647035381
263,2882600000,0.992564074706182,0.9968132299558498,0.984970699526704,0.9880137365670446,0.9894726660210491,0.9881920512519956,0.9875248237049393,0.9920891018453613,0.986905869992793,0.990957088178164,0.9924563080560674,0.9871489898765867,0.9930859579563476,0.9975398307450857,0.9875449432417145,1.0005647072471389,0.9929924588757524,0.9928447246617725,0.9852132392562168,0.9892961007972021,0.9955413618223815,0.9894903974574751,0.9899805371377407,0.9862981211765669,0.9872532052550732,0.988352305333852,0.9916129473003129,0.9886058195878941,0.9890506671985334,0.9864438860284708,0.9921653056605547,0.9859473528184797,0.989770401832966,0.97867965253239,0.9810915574752451,0.9838583589716867,0.9827920334444844,0.9966383865027685,0.988939144069579,0.9866193400663136,0.9865144862486873,0.9903834847477988,0.9887307339231187,0.9863687421066166,0.9961540563897751,0.9911087968344815,0.9918447707880268,0.993972801880569,0.9863059242133988,0.9887932322190662
264,2882875000,0.9892971375740715,0.9960966241909865,0.9953056672541539,0.9901184842986328,0.9880502387644934,0.9867954876184566,0.9903108118042162,0.9885167170250811,0.9849465525590188,0.9926520277947074,0.9925522991481065,0.9881514507993757,0.9870040940854736,0.9945589984590025,0.9941051216066555,0.9900219498287545,0.9872354064006688,0.9885334409406915,0.9898271539624082,0.9886234050704977,0.9906572738259917,0.9918923960203794,0.9888154425991506,0.988189639112483,0.9886704967159472,0.9976427222136067,0.9891835095781734,0.9866852965326419,0.992091697107933,0.9894024820380571,0.994343022922162,0.9918934902346583,0.9930595960116776,0.9846128741273168,0.9910552550407568,0.9913000945589263,0.9889749187787953,0.992921502336528,0.9916888447918444,0.9886497870731434,0.9904769576916309,0.9852180177691037,0.9931465626276326,0.9890092179947153,0.9879366999953756,0.984698165934494,0.985147156767659,0.986002244746068,0.9896416585908444,0.9896998881166428
265,2883150000,0.9908217528768519,0.9953186919007082,0.992471830485433,0.9862053397145372,0.9910869113731916,0.9914401511740444,0.9925097393070815,0.985780736590547,0.9883461604240961,0.9925775516627713,0.9837651248684617,0.9836933850549809,0.9820085655431604,0.9907382350516568,0.9922668423549537,0.9963309471982927,0.9840402603827813,0.9852325996772028,0.9868308590148085,0.9851868690990233,0.987729672015228,0.988063598305218,0.9933892674733444,0.9893446801044303,0.9875073844909723,0.9883413483001714,0.9943964795692136,0.9836881156899377,0.9882897936946843,0.9839075858705459,0.9913724480825676,0.9882252398186634,0.9912871365069553,0.9873114798519539,0.9904925005030878,0.9918811428374545,0.9875987578042326,0.9943453508570443,0.9918127405444198,0.9884942016631076,0.9833511826018906,0.9883892879222178,0.9879190724761718,0.9905237791916858,0.9915573240118383,0.9903643477333033,0.9848109155654621,0.9897665714696169,0.9941714764318555,0.9971313921617634
266,2883425000,0.999253441476758,0.9923186833488311,0.9878718713111179,0.9866613336185667,0.9886239906561378,0.9894882836101188,0.9943108559435814,0.9919711301367847,0.9897180293711746,0.9937446183658658,0.9965621700572816,0.9856645249546712,0.9883246692804906,0.99060134036621,0.9880443447088991,0.9896057397467416,1.0001062842755222,0.9899376274755874,0.9927851025849388,0.9896656010399834,0.9894771291179818,0.9951043772135912,0.9951335731478944,0.9887640812304951,0.9933343790510096,0.9941149640173857,0.9938581408801982,0.9908610205137401,0.9885702995375031,0.9910383971182338,0.9968416749332523,0.9936665394174274,0.9818622428380093,0.9905116255040156,0.9873366303633417,0.9900535450953798,0.9936429079340969,0.9856383314936585,0.9896637015627301,0.9917422966637487,0.9915318559208005,0.9928154576820293,0.9852151305171472,0.9923542854748336,0.9983351453049308,0.9877775660536051,0.9877737606128024,0.9843047851750033,0.9905119136820574,0.9843737280778646
267,2883700000,0.9915726695166196,0.9908175408042604,0.9885606290448189,0.9854020372214128,0.9887011468823974,0.9972249894045833,0.9876096671415022,0.9917321610123222,0.9933988577360219,1.0011641782852025,0.9944020955371347,0.9889782358478908,0.9895516764012456,0.9949658718721255,0.9891976046634775,0.9952659391574968,0.9936863290911808,0.9880752356087498,0.9874228028190124,0.9899410173239175,0.9907852834695814,0.9879864413436679,0.9881943637851016,0.9916422419476497,0.9860514455041134,0.9860760373925104,0.9924979829126644,0.9823416407224818,0.9893618267522829,0.9875471933674419,0.99297331464723,0.9871616272690319,0.9861459548852668,0.9903079835657699,0.9924299960593297,0.9893189600707121,0.990437941485757,0.9877258388733112,0.9945151001594387,0.9891611855092948,0.9909600065383345,0.9856200406701745,0.9888533100200512,0.9904644527934973,0.9905559848769404,0.9974292761617911,0.9917527011561824,0.9920126125632311,0.9925693134588986,0.9821216571806198
268,2883975000,1.000547474809822,0.9975900819151525,0.9922496045117097,0.9973476987536362,0.9860208347477154,0.9977794216868566,0.99010477111597,0.9916779274475661,0.9863242263074099,1.0016844953320854,0.9927160577780527,0.9798681655611149,0.9892910847860582,0.990470121641138,0.9912006942973615,0.9943976358423153,0.9940141881288966,0.9918823333023943,0.9851263030307935,0.9883405369526421,0.9855811900599418,0.9774555645866635,0.9900048372501564,0.9872739578941803,0.9887725351993429,0.9853167226297382,0.987377867842168,0.9850077231546758,0.9937978568002871,0.995003631069239,0.9913489631328591,0.9831238103819027,0.987275993763027,0.9890204637039165,0.9879704035165348,0.9869333961499122,0.9950106867492782,0.9923641591378648,0.9847587660406482,0.9893999415395843,0.995163028800473,0.9886275815053082,0.995530720516102,0.9924777504614996,0.9863371496737103,0.9867444262323077,0.9898201401186804,0.9931926888418269,0.9911297272010366,0.9885621237829199
269,2884250000,0.9958665979917158,0.9951583754649537,0.9957364540350402,0.9915967945508937,0.9967896640869509,0.9961470890082645,0.9922659421530613,0.9880861345432786,0.990437859101076,0.9869678270398913,0.9833218244440232,0.9906248876241758,0.9939502102323106,0.9897965418522219,0.9857453826561952,0.9895994512215428,0.9964020860593891,0.9871310548291315,0.990119764040163,1.0020616462068754,0.9919030369073961,0.9932852343148886,0.9890940589700691,0.9847311025720904,0.9977690496616587,0.9908369087060234,0.9952304996149393,0.9946563203587266,0.9852579218168637,0.9931511611715359,0.9870474498154349,0.9844563830696729,0.9920293934185833,0.9940486566089205,0.9903137310144243,0.9916883905944293,0.987028853968596,0.9930626296799279,0.9891158314633791,0.9912801232217836,0.9972012882686526,0.9921767140466325,0.9925982924461184,0.9955239758449617,0.9908978605949226,0.9955400902832385,0.9912286102061411,0.9863017794027967,0.9883977115347355,0.9895045597083535
270,2884525000,0.9919739957064966,0.9972623530786637,0.9957356780022858,0.9910413385818394,0.9870533165279676,0.9945371297378359,0.9956171666115274,0.9850404177009573,0.9910444648514588,0.9971218426987355,0.9924169503224677,0.9914355741872405,0.9931749137231781,0.9898618198010165,0.9864359534984675,0.99665787066171,0.9865142775180307,0.9915669026348533,0.9942035875739976,0.9822030672568487,0.9909604681058413,0.993637332992434,0.9935044713085117,0.9847020349273286,0.9900251457663878,0.9941515245473105,0.9914872204441497,0.987145606449014,0.9893802087118669,0.9902812303880841,0.9894542670687971,0.9894967551040437,0.9937681376833462,0.986320716916116,0.9915980608168581,0.9933616436146987,0.9963298351739658,0.9871061225648022,0.989551214683624,0.9941400365539081,0.990828679856954,0.9938574733255954,0.9895172134388439,0.9932536340073675,0.9929058601466356,0.9952350591119018,0.9879933425124415,0.9969719455354279,0.9875135911266802,0.9940899084193252
271,2884800000,0.9969820703845229,0.9938934140840077,0.9952058415424319,0.9878692602972492,0.985953633143534,0.9953446006124514,0.9827765320067084,0.9905789850167406,0.9922194618954032,1.0044064312878471,0.9942605054078143,0.9925661525286981,0.9909030505032793,0.9900137307219785,0.9956957508584197,0.9898656259138353,0.9857024377266481,0.987983199359335,0.99156562921059,0.9934668287283049,0.9887301018993425,0.9949188207793394,0.9833235394059631,0.9877760685605135,0.9965603736483201,0.9907120608455994,0.9928802536591893,0.9961270885300396,0.9954793126593915,0.9905441005206987,0.991612689462922,0.9895156402830231,0.9917507393375036,0.9920338636957002,0.9874946738380602,0.9913556197711483,0.9848661193137159,0.9845130560467683,0.9880414701263308,0.99332177332882,0.990291373007535,0.9910831783408028,0.9940907798997594,0.9925834630825643,0.9980749462435085,0.9858254686089565,0.9927003686857834,0.9956988327207001,0.9932319147474747,0.9905214466991356
272,2885075000,0.9938641717437996,0.9924641169362108,0.9951759439669259,0.9950076675011149,0.9967304420550488,0.9966241505325093,0.9886286364420505,0.990873701523033,0.9915484413540855,0.9887018742861989,0.992302785546039,0.9883626577529627,0.9851195173657884,0.9886228147898917,0.9980177879704097,0.986775507998845,0.9865106286068596,0.9947605705908819,0.9891346495505444,0.9945517068577886,0.9965308326617187,0.9885838267315447,0.9853222610104623,0.988726964451549,0.993164335225587,0.9876625844297645,0.9930094966752689,0.9873919505753503,0.9901733000224666,0.9916466511134513,0.9943779651820426,0.9906729383655515,0.9871302968053638,1.000854271761906,0.994028780686205,0.9949219587291285,0.9964933733968891,0.9920227973525426,0.9938378329385902,0.9904442156294339,0.9907662901624964,0.9883950864197506,0.993663899122488,0.9903561003961142,0.9932073430448543,0.9888323928150548,0.9923068097901507,0.9896518862499163,0.9910487574186649,0.9860078946558029
273,2885350000,0.9914800935818732,0.9946389656039711,1.0011271344705583,0.9926788408020399,0.9913830376606119,0.9988458001373705,1.0035279461278204,0.9947638925434186,0.997024308714097,0.9826671583758563,0.9919940339293702,0.993138919944373,0.9931573892930519,0.9931108248510594,0.9945695459955968,0.9902383434519956,0.9953272045749023,0.9945304092869781,0.987503870666324,0.9889201653603513,0.9944750308593797,0.9878756245210406,0.989788370524847,0.9930764853318014,0.9914920696800023,0.9925119350132271,0.988118100979196,0.9952561535266748,0.997816976459686,0.9900781075119869,0.9911456098586469,0.9888015012277283,0.9889533526038893,0.990847559350444,0.9920225082119356,0.9902127924890672,0.9923910627255046,0.9975569161532867,0.9844927277469594,0.9954947365892216,0.9963429278327971,0.9908619715383415,0.9963552447632463,0.9911194576763689,0.9965716793144749,0.9945633023795548,0.9943796285151086,0.992714550382301,0.9929419655787436,0.9977748697862445
274,2885625000,0.9970752378541914,0.9893271454281088,0.9971826605605173,0.9937507476726951,0.9897172300175758,1.0008924549640028,1.0013114469343016,0.9905062110062038,0.9856325396115883,0.9960549642187335,0.9915081838684159,0.9860781740273367,0.9875763959967148,0.9947028319821157,0.9967479482364877,0.9895251486998016,0.9998968028053095,0.9926627061802372,0.9963980637416904,0.9928212732559005,0.9898049275604661,0.9877883561295121,0.9974355558204618,0.9942172063752223,0.9949532361831201,0.9891902461357158,0.9985352060088402,0.993831415476201,0.992922492767436,0.9860847852340597,0.9944981067168065,0.9956479765727273,0.9881735265312389,0.9964655489799963,0.987407561960492,0.9907285465922865,0.9940799474883137,0.9909741640949344,0.9896191890161823,0.986096892249939,0.9849480129464886,0.9881440291436844,0.9862214814042968,0.9973385127047019,0.989308940077555,0.996188376647545,0.9934902142450351,0.9983192675002794,0.9898850229019442,0.9939150951844796
275,2885900000,0.9947102170587354,0.9946794926143041,0.996688460918521,0.9927073280717583,0.9877673556392002,0.9976384265645568,0.9905274581589071,0.991099432332179,0.9950912860455512,0.9928738981169327,0.9950461854236071,0.9937667003461326,0.9935506889556314,0.994307899986152,0.9945420469639474,0.9949297779651783,0.994938521879883,0.9929633291688882,0.9910975386515528,0.9891863228400372,0.997755662909891,0.9907873831998,0.993496559564442,0.9882572437901163,0.9980230650637459,0.9892952084750393,0.9875845454450961,0.9944415398352329,0.9916483154084661,0.9929437451970309,0.9911100381759059,0.9917738960678086,0.9961696659299769,0.9879347252271405,0.9944562252939757,0.9893808007784896,0.9954191948486221,0.997534323027963,0.9974968465683522,0.9908206447364598,0.9960896678682648,0.9902789977079676,0.9909660503549299,0.9903060159897431,0.993977239628519,0.9952087305754298,1.003071168014557,0.995438724684843,0.9971302917522336,0.9949014355851317
276,2886175000,0.9956024353823479,1.0018318357339457,0.9929327093305002,1.0006878966865256,0.9914615465550806,0.9946985280808882,0.994123169511625,0.9941381556736069,0.9959743331160215,0.991220672076562,0.996208612344202,0.9926957433540797,0.9857524232537355,0.9939650514180185,0.9878480257281653,0.9894918927269464,0.9935160054462754,1.0045355103968494,0.987681783510046,0.9933720171445188,0.9963398909546776,0.9914691172220423,0.9951948848631986,0.9875642815034527,0.9981901539659063,0.9942589552369602,0.9969729707639495,0.9910054690232948,0.995232600938852,0.9957700380047978,0.9940818366006114,0.9991185151498428,0.9930144870016943,0.9940201586083808,0.9937087804624689,0.9966936773415197,0.9924977958339564,0.9972749632836034,0.9920489825599054,0.9922146662506527,0.9971297945110118,0.9926268554587434,0.9974485917601678,0.9976147088268191,0.9934558131617784,0.9945426832615237,0.9887022100234147,0.9908574207549145,0.9943990525947595,0.9935753291384883
277,2886450000,0.9989782970282926,0.9944480775415815,0.9931077197768658,0.9903275677139517,0.9920606267833424,0.9941077102389833,0.9923407686054074,0.9907888583053428,1.0007709601218615,0.9939778788819722,0.9946669942968589,0.9974719997930283,0.9892077142564579,0.9881011574673605,0.9960430723610912,1.000281790329612,1.0064902043373591,0.9937580605702464,0.9946890707085521,0.9985827192217673,0.9915815689743199,0.9986040742476008,0.9916091842108705,0.9966054868893662,0.992761695657973,0.9940566147994686,0.987462970218873,0.9975990037540132,0.9930373039452178,0.9873082102993559,0.9959790147241514,0.9864725235411973,0.9911872006399309,0.9887523401040144,0.992454774802701,0.9955321432019214,0.9887273224346383,0.9897129282671604,0.9956325650007003,0.9945883820897847,0.9919107062074441,0.9946264694561118,0.994787784740146,0.9935129208474236,0.9872766938168985,0.9908858982241961,1.000687563978501,0.9871227958258914,0.9921185117454485,0.9913090282753907
278,2886725000,0.9941661208427122,0.9966796772703732,0.9929082959757779,0.9988809989448855,0.9929239607015632,0.9919445882771193,0.996729532264965,0.9925422093225922,0.9952507769287832,0.9993695528755822,0.9913005071162846,1.006795179967486,0.9936404165206603,0.9926805295253299,0.9938620963021432,0.9981492504670877,0.9920650728293902,0.988793803782536,0.9910498560026655,0.9978016113814303,0.9929898497773635,0.9944668337463413,0.9923149368123971,0.9884625633529053,0.9930886414856884,0.9912076301099337,0.9938921598962347,0.9891236424568653,0.9939954605289331,0.9926314187098297,0.9891938596882375,0.9850033261700659,1.0058782221374731,0.996656907836728,0.9948203793677163,0.9970279137926293,0.9912750895268524,0.9970523953685115,0.9863362530931391,0.9974145042958792,0.990146987916673,0.9944486735681893,0.9939461028774228,0.9910485145836048,0.9952720107883749,0.9961644058362716,1.0005109243826054,0.9875503038123771,0.9988068202190236,0.9929369526809206
279,2887000000,0.9960367122293994,0.9955636776160547,0.995264763738106,0.996528303316565,0.9956206318841572,0.9957501320880603,0.988723629547331,0.9853426456696726,0.9953274098114776,0.9963633176138691,0.9955008477680622,0.9920536494454126,0.9974871429189757,0.989787512526128,0.995683077519864,0.9912905553484838,0.991487791220135,0.9963311236816599,0.9894857950825645,0.9991270147120489,0.9962129629415382,0.9879489184761795,0.9961354050628495,0.9877014334618536,0.9951776671724407,0.9943300761839305,0.993009848678694,0.9969940665170018,0.991925378081091,0.9957565906739252,0.9951045511855346,0.9928184677708582,0.9817779461840044,0.9901596850128555,0.9949792986501764,0.997093128584588,0.994638127793041,0.986202292843108,0.9922047269900581,0.9983487514160694,0.9943167581272309,0.9922175825381978,0.9885318562062158,0.9895825199424014,0.9958197241907418,0.990591824070038,0.9994307190920049,1.0021665004629283,0.997201254659044,0.9989823310926926
280,2887275000,0.9976974121958148,0.9941450388285642,0.9877410518453509,0.9959545091255183,0.9978788996888118,0.9978128815320593,0.9957632137728816,0.996624820035631,0.9936877923310765,0.9977705409219892,0.9885967894094111,0.9944218225357141,0.9966535333939796,0.990962121637151,1.0006598748626838,0.9929463082240468,0.987775269122049,0.9893337054817324,1.0041860484543532,0.9913723164267861,0.9948147785862843,1.003683424285232,1.0013691011516646,0.995154393479292,0.9935422477341929,0.9977106299177222,0.9859443442969109,0.9941209493258655,0.9963946935432667,0.9971689467944994,0.9970171308007625,0.9972511787827085,0.9890745466566435,0.9978294351597999,0.9945247907232009,0.9915393539296534,0.9957437586005096,0.9897466678683854,0.9871498212523708,0.9980634748406285,0.9951499460305738,1.002050265203302,0.9918019161931173,0.9898992182970434,0.9937160238141453,0.9979524333001154,0.9945241167989656,0.9972897484012444,0.9932054046610788,0.9928946338933466
281,2887550000,0.9965191517804491,1.0024463269648611,0.9918708747732905,0.9889521359021841,0.9997872331846829,1.0014803647698043,0.9946420875952098,0.9928263278380813,0.9930027562164,0.9903580918780492,0.9898289106155783,0.9958337449908901,0.9943825684757452,0.9944623719414116,0.9942671996849828,0.9956125750264722,0.9969216469259646,0.9952423015954536,0.9929952702614259,0.9906296808887891,0.9926394072959681,0.9983589281364421,0.9914006974515159,0.99300517606296,0.9931683026439999,0.9961142766312487,0.9943852082500019,0.9940256572952401,1.0010331912235098,0.9917935392162377,0.9948078949722252,0.9938271292898657,0.9976326363994922,0.9903361674416856,0.996219304892277,0.9890660268412951,0.9955960241999913,0.9945910880959923,1.0022064884591122,0.9934897629478517,0.9983904046510903,0.9933923914698166,0.9908792200391441,1.0007933839759082,0.99900660255198,0.9969188644631727,0.9945134423363666,0.996710869786171,0.9977159023521744,0.9943390862738324
282,2887825000,0.9981604540190016,1.000532504988433,0.9899777957758567,0.9931913870667105,0.9929085141141468,0.9984584819720211,0.9880058901019799,0.988662522150292,0.9911061625987252,0.9949837003663111,0.9894374110189008,0.9945433169579182,0.9954890403912245,0.9939076688255573,0.9957370629969247,0.9892373372558544,0.9916837622308976,0.9849881569613216,0.9969932310180826,0.9959946516842672,0.985388883693071,0.9973285075288431,0.9887673753014109,0.9926230383184749,0.9934478823938081,1.000722657672882,0.9901553643181621,0.9914969419445139,0.9998633769293263,1.0034018782381668,0.9935449016308356,0.9937384846790595,0.9930439581767974,0.999273388761652,0.9908516269230836,0.9865109096629766,0.9947491853138629,0.9944981874252331,0.9909760418921576,0.9974672473358809,0.9971645281420285,0.9904716160785575,0.991682420061929,0.9942190523936295,0.9905400504395875,0.9936736970815258,0.999085947074909,0.9886994408915303,0.9889633796478493,0.9985389794231292
283,2888100000,0.9961499981095939,1.002187584601588,0.9925628359561142,0.992249507997078,1.000807946533348,0.9964018724411841,0.9936832336390174,0.9975261780763536,1.0006298550909392,0.9917682148926524,0.9973042968878615,0.9932814281671442,1.0026348877443534,0.9862545441550499,0.9978937089134932,0.9893536108406005,0.9958088748010394,0.9903177636973367,0.9926627569461058,0.9983050762808061,0.9947666654347489,0.9980870979386781,0.9980412966796623,1.000177493913772,0.995151079693163,0.9933972052344145,0.9921910622826325,1.0004723449882322,0.9973884205996332,0.9949301693307723,0.9874941205544677,0.9919324729037965,1.000279707377807,0.9878801798162357,0.9952211618756973,0.997922507194079,0.993297032670011,0.998686061227791,0.99001884351157,0.9918447957157789,0.9944347335803977,1.000781973066829,0.9951982994189317,0.988868320001815,1.003234860842502,0.9928660624672623,0.9913542183704367,0.988734626135772,0.9938369397785565,0.993154609680713
284,2888375000,0.9987275698585136,0.9992047880515772,0.9978246196424813,1.0054839984121442,0.9943104372937629,0.9918145218755824,0.9982442787602703,0.9916863474544709,0.9984085100141394,0.9899447342214228,0.9926808464612441,0.9995228402466785,0.9927954319032506,0.9974227891345292,0.9918305796615617,0.9912348142850569,0.9970394450710282,0.9909943590177668,0.9921010745099172,0.9946743289569359,0.9971015913279496,0.9979075803044604,0.9934331773140115,0.9923113524534509,0.9909464789868887,0.9930606201374998,1.0010263307285883,0.9925348074042611,0.9987007203161297,0.9925465051208073,0.9954687429786899,0.9901519220272714,0.994893801294632,0.989553048777321,0.9927402959683288,0.9962990770410733,0.9925116988480912,0.9895374310898387,0.9923433443780832,0.9945515447656812,0.9956216551275235,0.9879531584200634,0.9901538621057916,0.9917035091773573,0.9924597761966474,0.9982155860099876,0.9939068285155498,1.0024251985145376,0.9976831072349678,0.9977601526496989
285,2888650000,1.0009427282253875,0.9962686490327332,0.9967731850368229,0.9950256149894399,0.9984045137210258,0.9955184550222619,0.9944896281677102,0.9914092314558614,0.9975680967007388,0.999818123081484,0.9960406339060854,0.998231293099442,0.9980356357880309,0.9995609097686848,0.9985790144272508,0.9933337717902676,0.9911768816758629,0.9929860562509363,0.9959744562964091,0.9912111141499504,0.9954493236915491,0.9893116201752329,0.9924831965022607,0.9916849257169014,0.9905962106034288,0.9951431515389642,0.9970992031398695,0.9995536167939822,0.9977871166470177,0.9933901529096748,0.9928122981431958,0.993619809636097,0.9953771922338527,0.9954966561866812,0.9942719821513017,0.9933684285862274,1.0034934662218968,0.9917624129382706,0.9963142454515016,0.9895664845477345,0.9926977687876504,0.9916485774798325,0.9924782292344128,0.9914102392926346,0.990198336475868,0.9931230903986139,0.9956854804977499,0.9925961215493664,0.9956986551678141,0.9990867277951635
286,2888925000,0.992144811052993,0.9986414575900076,0.9945855842287192,0.9911661606519627,0.9883649227843403,0.9934118413988159,0.995476130911145,0.9952862840319582,0.9974852687894407,0.9999827909913882,0.9855548852494588,0.9925602653241234,1.001437776932408,0.9954468400337018,0.9927657646599458,0.9979506323466003,0.9934856602964751,0.9983976327108016,0.9941729875694867,0.9900859022491932,0.997926195883123,0.9961910792592071,1.002068112360157,0.9949330300282043,0.991276103693841,0.9988049488704264,0.9907444305631812,1.001547564794363,0.9973076670530986,0.9988822073755118,0.9987754769708589,0.9999430656079106,0.9923407394131983,0.9948768326519118,0.9973108693907841,0.9911161994891173,0.9916877528466546,0.9917511665054385,1.0009889153620548,0.9940273756373137,0.9890254206947254,0.9888510056008419,0.9977941113598443,0.9910785838453492,0.9969572409147935,0.991019066144919,0.9888804434685595,0.9939979177050877,0.9988110098678143,0.9881568280766667
287,2889200000,0.9934934643732057,1.0000040303261555,0.9952546645560596,0.9984499643697458,0.996965256815507,0.9986006068469616,0.9999843413947368,0.9952604011928032,0.9876925444211557,1.0015632304240396,0.9899596337565915,0.9947560392421954,0.9989913545473182,1.0016302843042337,0.989622970004856,0.9984018336286726,0.9930725997468044,0.9912432992623851,0.9955726649922629,0.9905268228835871,0.9967497930989796,0.9924560655186182,0.9996220735394657,1.000910950569403,0.9899717058392158,0.9902724547222843,0.9938206091450115,1.0030303149457978,1.002834141821694,0.9974271544129764,0.9941113700636677,0.9914377827844396,0.9967907747719329,0.9952415612680064,1.0021200603008242,0.9966449856112043,0.9983982351970825,0.9890744720546288,0.9931201582520381,0.995645602610063,0.9964161927261862,0.9972769620691934,0.9939646778156074,1.0038394335263578,0.9898086995997446,0.9906310753433579,0.9987703287238943,0.9945787518203715,0.9888263041371896,0.996530104853612
288,2889475000,0.9972792674852281,0.9989375188912417,0.9936510162022054,0.9936863910295962,0.990780376495322,0.9926011028058505,0.9979203770391374,0.992476334990718,0.9968001333995831,0.9883197749505381,0.9905297037622498,0.9987138209509415,0.9921381238345727,0.9989339832080669,0.9894770580413411,0.9936435015782267,1.0019143976187674,0.9916536207468114,0.9922818631740209,0.9956077227398317,0.9993905407557613,0.9984414192600098,1.0009831171601717,0.9998088881694953,0.9895706018270948,0.9988085939710893,0.9973848058611602,0.9927231766238512,0.9994799593909841,0.9858002795162436,0.9960461242831149,1.0015065051026113,0.9964277047020053,0.9923098712430232,0.997219662075713,1.0018273749195268,0.9947670492351905,0.9964007642981698,1.0025066654844372,0.9904890340451474,0.9922667952191692,0.9905370889865212,0.9960245830711617,0.9918934719004042,0.991175113331022,0.9950474866624277,0.9969208876988348,1.0021868204440996,0.9949810744913531,0.9924181870853848
289,2889750000,0.9963889405519076,1.0017788947524857,0.9904641252839222,0.9988462198721624,0.9961019450196258,0.989616087336495,0.9962325926502378,0.9880580788593915,0.9991738985651456,0.9935786695937441,0.9975363931582162,0.9959374451828903,0.9980185743076304,0.9942260443811098,0.9931862981938078,0.9911878546338044,0.9962620988955895,0.9976970694694987,0.9922643796388224,1.0010205830992638,0.9932918060718651,0.9898803575066354,0.9948697037323903,0.9941347857279483,0.992919579602932,1.000060847388562,0.996786963667194,1.0016504996815552,0.9945099309517517,0.9957555062248298,0.9918747571441074,0.9988302381209568,0.9977062639609252,0.9936665308129633,0.9917936223750674,0.995503355393978,0.9876583651002345,0.9996606073273604,0.9977445608682494,0.987906314322352,0.99310705759664,0.9986718404638435,0.9857154602911562,0.9947254892745073,1.006033555559633,0.9942142964569024,0.9965183642025928,0.9943736830528033,0.9951246769156897,1.004262510740417
290,2890025000,0.9928859780655983,0.9908503421675499,0.9942278265456563,0.9916023202773533,0.9928074338310126,0.9916731195712541,0.9887337419821827,0.9990427858416113,0.9969606410701684,0.994569923379416,1.0028517182543806,0.9952660793991932,0.9936325508543994,0.9921509965330064,1.0003720551872268,0.9956053406839215,0.9952101028133506,0.9963400632038801,0.9943934539429811,0.9966770047199712,0.9922253258702276,0.9957543276992831,1.0002018348158408,1.0051824977755797,0.9975215545253888,0.9889710113435576,0.9947233171393212,0.9946751365202432,0.9965418197357386,0.9949317612304369,1.0002694800561733,0.9875958912679572,0.9931404492458851,0.9928389592769107,0.990407703777138,0.9946487344069346,0.9916334056456182,0.9928680557569369,0.9965338873563719,0.9958653127232543,1.000986328741367,0.990779635358905,0.9913774965090759,0.9952277575581031,0.9967874239265861,0.9955568726691089,1.002803495466642,0.9881496431209523,0.9918010957559952,0.9941499461970036
291,2890300000,0.9957521352033595,0.9972302424120468,0.9861048578520918,0.9962992093934195,0.9938362222941952,1.0010946121616444,0.9963582105026386,0.9895935627176297,0.9881620078735033,0.9998541452895293,0.9927906541134899,0.997149904877944,0.9987963798275188,0.9977399469400733,0.9962935246664845,0.9978025720785555,0.9886733113959597,0.9971838194209678,0.993010297415478,0.9980870316738085,0.9919229346252603,1.0005017287105575,1.0018313287805185,0.9943616026739532,0.9969543540362995,0.9924139358171359,0.991733807556495,0.9984342863099513,0.9960626282654694,1.0018201574982704,0.9871868693862107,0.9929456504825126,0.9835515080680667,0.9970300041137226,0.9921937600572135,1.001021205234103,1.0004320028261018,0.992698341895449,0.9913377760490345,0.9890316088954156,0.9934875648680411,0.9998009766715176,0.9848897472532397,1.005865217284688,0.995478649085333,0.9928076510524605,0.9926650503534008,0.9966739343637145,0.9948589957796631,0.9991528574516063
292,2890575000,1.0008030676069395,0.9959765409898999,0.9984278863528769,0.9919795581592288,0.9913553620186856,0.9918431245229012,0.994347022269885,0.9934868400760816,0.991164049617534,0.9953077328167644,0.9927765142873338,0.9957483389119347,1.0020408019121458,0.9939687753016354,0.9935073134655977,0.9945233593236835,0.9955827109441213,0.9992978610946193,0.9985796869669823,1.0004393027954641,0.995175379127428,0.995707441720972,0.993339920888431,1.001933935876553,0.9987101287286124,0.9931534289265275,0.9931452939163349,0.9946114773804952,0.9947616054394192,0.9949462450521226,0.992211144207252,0.9966701983084177,0.9966174752232277,0.9935608471332859,0.9937303902206274,0.9973628253738265,0.9918297678213908,0.9901690623158673,0.9943204150529309,0.9963070914680995,0.9878697550638131,0.9927266015893446,0.9913355576384129,0.99095892032575,0.9936173318687109,0.9957698048833725,0.997136034860436,0.9957018451309215,1.0005253101410692,0.9926339619598411
293,2890850000,0.9981082177352666,0.9950064701472388,0.9988502787023725,1.0020336997963422,0.9953048233553804,1.0024832009444924,0.995353427404529,1.001840047181717,0.9904938150519651,0.9950516645477046,0.9974943497851766,0.994553475751294,0.9915259115132158,0.9911929642660148,0.9939690908873643,0.9994437021317879,0.993485797870801,0.993500116903651,0.9974828988757731,0.9954688595586995,0.9972709002416357,1.0042134560155604,0.9915130975202012,1.0047421341321168,0.99321046950699,0.9946869815329618,0.9904615259727697,0.9967301507277435,0.9895712933977961,0.9877742815118089,0.9943889778584668,0.9928437886110936,0.9939480049586821,0.9942381455396763,1.002936737245842,0.9948935423570615,0.9942095643309974,0.9948642837002734,0.9949098687492977,0.9930899098756377,0.9956837927161465,0.9950435068220029,0.9950352735438958,0.995093750601194,0.9987565802505446,0.9946325147277161,0.993181193719548,0.9941750828176534,0.9993736525364338,0.9942488154033732
294,2891125000,0.9967448963717914,0.9978378783884777,0.9926117164584195,0.999930174566907,0.9916112262627947,1.00184671327431,0.9944001674313431,0.9931428063759001,0.9977630499520302,1.0027914094575674,0.9973159826113325,0.9973231795829641,0.9994363548455716,0.9952461214303725,1.0050250198525008,0.9946132895938901,0.995661858912954,0.9985674269108324,0.9948559466385629,0.9945761100900241,0.9988076711701702,0.9987183227737756,0.9893481724653181,0.995459889064582,0.9996058972985459,0.9922548896840614,0.9943473429889554,0.9925548430049516,0.9872967790304931,0.9938174176295902,1.0020532059738472,0.9957533740919217,1.0031910376154294,0.9898407692017406,0.9947111179251775,1.0000515423705822,0.9968211076997399,0.9963818364732286,0.9976922147060359,0.9802686543536021,0.9926154367686664,0.9949334076814326,0.9993077216355302,0.9944278093206962,0.9961594362046637,1.000145523406539,0.992744850519617,0.9990539495138044,1.00429506038462,0.9959400086453638
295,2891400000,1.003148262386699,1.0022516275340227,0.9956367191028695,0.9932696259505257,0.9958883727274881,0.9994279080163729,0.9947628557978057,0.9949925617018093,1.0013577544581904,0.9937480897997804,0.9970633494310758,0.9927421603133997,1.0015267273577264,0.9969102778382578,0.998428996439023,0.9978259178627359,0.9993349150719204,0.989609212195933,0.9923608946645698,0.9998567255998644,0.9956566322922034,0.9924780594965646,1.00060952383472,0.9967929863879748,0.998387382636701,0.9938553143352534,1.0006440324277694,0.9934717965502653,0.9899883963693591,0.9936347442977038,1.0001913383780163,1.0042618457926415,0.9840567422383698,0.9992627351461849,0.9902622038597783,0.9897857236065736,1.0012607045196769,0.9988038799055515,0.9941240389047777,0.9972098430599582,1.0000966641279314,0.997216168532786,1.000581295942769,0.993738744274887,1.0004868433681096,0.9974900642939785,0.9951625963571938,0.9942054742430448,0.9938093928939279,0.9940673210981518
296,2891675000,0.999975880954252,0.994281078405018,1.001222759064812,0.9976291219885158,0.990576404665532,1.0010557869067207,0.996998940905551,1.0028690446165667,0.9976796906400639,0.9957264409569863,1.000256722764139,0.996268229844476,0.9939781193826481,0.9922209003437267,0.9964505685231154,0.9927578776775261,0.9926029080192414,0.9933130186051184,0.9917335360380953,0.9950442401748155,0.9937209873481391,0.999640186004482,0.9961320709126958,0.9983178492438083,0.9916711720758453,0.9960153768414228,0.9914093752365578,0.9911090350746146,0.9991374552948801,0.9950118255591829,1.0012684038531139,0.9945707873086274,1.000723245049627,0.9937159189187236,0.993721297841747,1.0022059050788867,0.9918039293822517,0.9972291974880911,0.9901663481712807,0.9913214990259325,0.9900049683535317,1.0057060606740158,0.9948153403603482,0.9987410613104416,0.9978526547068768,0.9964926059004272,0.9943220858266718,1.0016625081603787,1.000042818512595,0.9894143150310928
297,2891950000,0.9955625223182559,0.9982901900612575,0.9947318696846166,0.9942287405511916,0.9939362672188355,0.9986385181539368,1.0022527683135656,0.9997987094413738,0.9987767896451255,0.9996730558720122,1.000496045452309,0.9982249510984357,0.9923008629101692,0.9907276290198882,0.9946474570364526,1.0008760816272853,0.9948380202101761,0.9962984036040999,0.9963070523573048,0.9950836685903586,0.9955472134778883,0.9980501227425067,1.003191371968234,0.9913178450083369,0.995454894486487,0.9969291825963125,0.9968782158808406,1.0018067913795194,0.9920606192138037,0.998086257505802,0.998601015210764,0.9983355214861208,0.9932205050827837,0.9925722176439601,0.9967517623528478,0.9970498186947251,0.9935364894178885,0.9987856728548477,0.9935232980127331,0.9952767709062298,0.9951994579246405,0.996573822269057,0.9944107642241771,0.9943838608682591,0.9926051063920772,0.993799082143668,0.9961022856029138,0.9985411193604029,0.9971277568986661,0.9915545590450624
298,2892225000,0.9973428577426277,0.9945925288818518,0.9963578980415417,0.9998797673115204,0.991138136669764,0.9965619356163822,1.0034790845897978,0.997855989516483,0.9970901210386952,0.9995038363327374,0.9975845273809109,0.9934041801616854,0.9916546586917532,1.004061057501253,0.9927900681341659,1.0012213231259592,0.9981485856257152,0.999068281149038,1.0039334925507166,0.9986605460292899,0.9925090541335687,0.9935360973285613,0.9972114630853741,1.0010759527630337,0.9924445928309944,0.9942602155311582,1.0102721931261036,0.9918708468723675,0.9927802309113721,0.9982918236628873,0.9971296365851706,0.9927184828096823,0.990429914733802,0.9952657339014359,0.9923750387151412,0.9924342537718048,0.9990592854642258,0.9993438200129257,0.9980031627447308,0.9960764925538715,0.9981742162649455,0.9983189002303515,0.9982356182822909,0.9930566590443319,0.9964257312597098,0.9949481734029009,0.9945505743073307,0.9981170627716655,1.000021840861798,1.0002151703347557
299,2892500000,0.9983825683191454,1.0002548233548978,0.9927830954084057,0.9927672832615935,1.001311045804589,0.9951189006661562,0.9977806217470375,0.9929506318278276,0.9994174856700246,0.9983730963651074,0.9957838699542465,0.9926610971325018,0.998284428520689,0.9934178924674609,0.9993059844452193,0.9910394698270064,0.9951109301649861,1.0003590144368248,0.9950746517109326,0.9910318060386576,0.9983090064738788,0.998378501265899,0.99227278177493,0.9973620716173748,0.9911897550717206,0.9930516692484878,1.0044988276662632,0.9934822575655423,0.9907349476640522,0.9963498661040464,0.9949780206456151,0.9973418282089059,0.9970633705172292,0.9968263170253283,1.0016320423755565,0.9927164578744796,0.9883911153765544,0.9981048346083635,1.0017567724001932,0.9969011308721768,0.9888536198306546,0.9890476111612657,0.9936831976083126,0.9969393112491576,0.9973549577905015,0.9955762141834473,0.9973367944401991,0.9992788459563344,0.9874479851745085,0.997680077628564
300,2892775000,1.005854118853175,1.0018616868282577,1.0010648654312964,0.9961377451385981,0.9943187145993359,0.9993940627083848,0.9951395748419485,0.9965033932067521,1.0008262720524739,0.993726688744683,0.9956074142089512,0.9961609573614847,1.0029696011563807,0.9927905566539116,0.9990280660603079,0.9912514666836875,1.0002373555318502,0.992940251290343,0.994773998573218,0.9894616224516581,0.9925885690260823,0.997702521667353,0.9895895240011936,0.9919275345030706,0.9909450622326206,1.0036289956766125,0.9881227339720516,0.9974335669132266,0.9992654869932804,0.9983139143094977,0.9957992036667401,1.0063366563533116,0.9957291349333677,0.9916093601374918,0.9997320688029426,0.9961656474090307,0.9973364722900772,0.9996480963883219,0.9909719954253039,0.9898533963097077,1.0004662577125476,0.994840163720839,0.9956367926582133,1.0035802316307287,0.9988301475969681,1.0031723686295668,0.991854540072693,0.9988190292229453,0.9960724082090098,0.9913213457361538
301,2893050000,1.0014610102426207,0.9966279385098131,0.9936654681548355,0.9954175614210898,0.9889147739849852,1.0002286058507253,0.9975263353766047,0.9993269809687332,1.0012154667937117,0.994205880974299,0.9933877525052573,0.9958952796085857,0.9925603762721247,0.9934476744380447,0.9926340713997657,0.9995748940635881,1.0023462466051472,0.9912071417247807,0.9968066010966298,0.9975437497084275,0.9919951610351387,0.9973116608413647,1.0018904143888174,0.9918542403413887,0.9877095823934463,0.9980301901199982,0.9974897773612863,1.0035809256784674,0.9930852076287147,0.9974456600191824,1.0020528825519857,0.998630803209219,0.9978051749221093,0.9916524511463195,0.998602013162241,0.9980471901117317,0.9989440009363039,0.9980993642073064,0.999992751019752,0.9972592101044337,0.9985784070769425,0.9997141139068086,0.9956466322465067,0.9986958567012644,0.9831839398510218,0.9973895817640726,0.9964618414522691,0.9940136180688989,0.9930616804562138,0.9974557488407462
302,2893325000,0.9971238220616823,0.9942999740446073,0.9970890058681581,0.9972795442072934,0.9973607870399088,0.999673765844987,0.99623885299029,0.9965534647444609,1.0049146790072812,0.9958542141901547,1.0002900067656666,0.9998069461497243,0.9965214995277821,0.990198757939982,0.9964306891286451,0.9976818392156893,0.9948936866900667,0.9931732972793135,0.998043946573356,1.001058261590163,0.997476102519356,0.9946349830619517,0.9969686058442168,0.9938807124373225,0.999588015598917,0.9985339619941911,0.9998213541072039,0.9986680157269673,1.001795593099261,0.989575986421133,0.9969453407202165,0.9967562093510304,0.9917083704542815,0.9897606071731753,1.0013449233311362,1.0007539696694743,0.9976997032393076,0.9938976703489856,0.9968477163759067,0.9987345621479392,0.9965948789378061,0.9966409166821553,0.9914711079861986,1.0013544510041215,1.0031924780890789,1.000358456464678,0.9975186363603756,1.0012178206475593,0.9975832122300929,0.9985355319691043
303,2893600000,1.0007646776659223,0.9978771777043662,0.9966214987640586,0.9956148996001329,0.9992634815266369,0.9932016959053177,1.0032299415199055,1.0001110852011763,0.9955749147430344,0.9909115735458576,0.9979170127882151,0.9997394196066803,1.0027253596367678,0.9937222179991742,0.9941078472012379,0.9993256005791615,0.9984685420438806,0.9981385594760954,0.9958802053666307,0.9939325920667567,0.997939276370831,0.987078278207928,0.9982539373959559,1.0009996426887773,1.0021736086199886,0.9898918146890526,0.9925544671881338,0.9981591801786904,0.994105739987688,1.0046296418467806,0.9987958454784952,0.9942695657746755,1.0037924497873667,0.9968168063505206,0.9947900885893272,0.9940886925262659,0.998063047543461,0.9935482302615709,0.9968311496659081,0.9947744679340831,0.9928569027099033,0.9953100471191729,1.0020084553369306,0.9982586774582274,0.9983397269256229,0.9942698128050896,0.9953356296897999,0.9942723025981037,0.9967979928211077,0.9940124311103473
304,2893875000,1.0014178025215423,0.9961372199498332,0.9979859682949594,1.00037350977847,0.9918554796345964,1.0033497156407516,0.9884580780011774,0.9912524259007793,0.9968918441757183,1.001677201249849,0.9981505493724427,0.9956481880219452,0.9994546071636363,0.9936182047445217,0.9950121187799816,0.9951086532124678,0.9900348502276249,0.991984974319145,0.9958458617837402,0.9949842915477914,0.9977803063623507,0.9864943699166185,0.9984521316799263,0.9963869274045801,0.9905126879778446,0.9960344978757663,1.0006961316949974,0.9915383337721929,0.9929531681857506,0.9985678019328748,0.9939690615582009,0.9925161451801883,0.9989256129927893,1.0003105990955468,0.996912843743763,0.9955510136513893,0.9999640709841254,0.9887633316966283,0.9938216594244802,1.0021023562059443,0.9975646431236226,0.9988354895678743,0.9989058313474009,0.9923881498159358,0.9961555793509217,0.9993201273475097,0.9998128704794665,1.004804872010482,0.9919236347571453,0.9989277297936665
305,2894150000,0.9960116685097721,0.9980532320480946,0.9933800054676578,0.9965529035737245,0.997167769479266,0.9944915719675264,0.9964585938860359,0.997581974486074,0.9987555806574883,0.9909037742807066,1.0044021254624307,0.9962807456945777,0.9965081729138412,0.9944119294888699,0.9983375676199523,0.9974145382060877,1.001139631752715,1.0072380270261554,0.9904656592268692,0.9952632800095703,0.9924412071946326,0.9951223566110047,0.9943084105946766,0.992251916837343,1.002694895284774,0.9958688049174129,0.9932302880137843,0.9954834062739865,0.993111514117128,1.005089584517059,1.0016997511657917,0.9980035019875397,0.9952791458369195,1.001417866477275,1.0007505479529686,0.9960993565144532,0.9986739155735477,1.0020839841333493,0.9994475913545903,0.9941323594583515,0.9958026604933257,1.001666803722977,0.9950640918963051,0.995556959962927,0.9917399908799315,0.9923849880697445,0.9998170043586695,0.992151325272086,1.0011458282762966,0.9933072581863907
306,2894425000,0.9968062464533485,0.998886032771508,0.9993158029716319,0.9916482873249653,1.0008512356480235,0.998403567114069,1.000415190649287,0.9954689058337323,1.0007175345035748,0.9969597699037543,0.9955672197164842,0.9956271923026977,0.9973075785054062,1.002096956569978,0.9973742848987883,0.9993457282883237,0.994890754125232,0.9930321591131501,1.003137031586777,0.9956671341263372,0.9941110735757788,0.9989931487077414,0.9972016335399074,0.9970486043397977,0.9993735309449849,1.0032448813348223,1.0021337073866499,0.9988978443474279,0.9962568399637558,0.9977113360962616,0.9983794457589213,0.9992666210950839,0.9952245275113861,0.9997223189549703,0.9937327927641723,0.9975801478448602,0.9969812810940872,0.9964606479543542,0.9955317112143632,0.9944874230597208,0.9943170674219789,0.9934550621525161,0.9955378741791976,0.9982400281352996,0.9998422120476526,0.9972876613566684,1.0015678843830724,0.9999963755484619,0.9982788275026939,0.9971765611162972
307,2894700000,1.0011724714701986,0.9938043167934745,1.0031880000331284,0.9955387551196959,0.9967774387404341,0.9976045371577654,0.9995933641509801,1.0040434470687885,0.9915428427589942,0.9981207180206909,0.9970607017809187,1.0038518293791068,1.0052618350312814,1.0016207414489988,0.9984324197307147,0.9968298276890132,0.9947754214865736,1.0028138098427377,1.0065126156641915,0.999168965173523,0.9948682792477039,1.0057427963418726,1.001398084866519,0.9969321377540111,0.9953187239771092,0.9960574631417658,0.9978553636399622,0.9926067799442497,1.0065924990991522,0.9922470277380769,0.9945906909503848,0.9925019147901379,1.0034478739084784,1.0004229122321453,1.003507859953326,0.9926764758675037,1.0009339322331197,0.9948484178582353,0.9942109401576966,0.9951616387562944,0.9931667935469485,0.9939024526187212,1.0005625941150256,0.9987285003307003,0.9956953677748629,0.9925792522184672,0.9889845370268608,1.0003119270008023,1.0001954239010207,0.9967454474275679
308,2894975000,0.996324233898637,0.9929121864445322,0.9921733211590094,0.9933869746110815,0.9934383374765158,0.9926755045934723,0.9927756429286363,0.9930757788305424,0.9912330734086976,1.004258446755617,0.9965340245041551,0.9931530309363901,0.9919936180370821,0.9931614519800864,0.9957416126769365,0.9974049947379958,1.0028484392412953,1.004496977671527,0.9978515960488619,0.996087173539013,0.9979124599433696,0.9916334265856265,0.987739488351618,0.9982870606789321,0.9962771275240869,0.9903761009872386,0.998957167397461,1.0021417306159168,1.004525561660125,1.0016226839903803,0.9932277601336819,1.0013134634718872,1.000269293320324,0.9959042542432109,0.9964208776281127,0.998517661312054,0.9976678156963603,0.9889733596410568,1.0015170884141786,1.001290918279976,0.9983345942796805,0.9950695650625901,0.9927557773952954,0.9935041199223354,1.0008587507603552,1.001369435903534,0.9952216607409234,0.9936601947143917,0.9960575335956726,0.9911368551131821
309,2895250000,0.9982711366339346,0.9955881550379015,0.9965240647967671,0.9959574318498439,1.0032378218644789,0.9987660071520761,0.9974665999834507,0.9947316589101808,0.9952153806183585,0.9995799976285302,0.9957681308014026,0.9962036021797177,0.9976281026782549,1.0068781615469755,1.0015624986009006,1.001906233576706,0.996658820714084,1.0034706518175902,1.0008836837008976,1.0029618589403733,0.9986812863133393,0.9992068631746869,0.993729309508281,0.997797575181058,0.996291490839273,1.0011119520891294,0.9954385005395372,0.9998621081675227,0.998638712869768,0.992704368722883,1.0045214021585565,1.0034434459562853,0.9854808616119023,0.9951180752541429,0.9989989989372428,0.9994840092305591,0.9932989274930824,0.9956764831157506,0.9990666158661464,0.9949000618720708,0.9902829685152695,0.9996803277339413,0.9978343739613924,0.9939594826021781,1.000750047756461,1.000474481925,0.994559170399615,0.9991642937592787,0.9944047033380166,0.999983720190095
310,2895525000,1.001972870696813,0.9992866503191741,1.00154702903595,0.9954362330104278,0.9991645737579902,0.9954941747991389,0.9957587238217874,0.9971921873648494,0.9981596808003604,0.9977688937625858,1.0002910705675316,0.9955790879475613,0.9985391324772724,0.9938947287061309,0.9952839553134769,0.9972729209719791,0.9985430091157823,0.9981569081415107,0.9978534998523488,0.9933717667559231,0.9969236547905935,0.9930408258447162,1.0017168572893513,0.9932369016097155,0.9887135537719582,1.0009430551007328,1.001720524855896,1.0058024465707929,0.9996562704965564,0.9897245030779469,1.001832716518195,0.9990048642397807,0.9982916470654561,1.0015015180984594,0.993193961871969,0.9920513845268027,0.9998690417332974,0.9965626352256468,1.0008299349248415,0.9926820353580547,0.9971196816523362,0.9956663967552021,0.9965130642040105,0.9984891250971586,1.0020411484820804,1.0016499328572543,0.9980655272636778,0.9924481348070937,1.002576184867462,0.9982945517327865
311,2895800000,1.0041021961740928,1.0011803090985323,0.999308730544147,0.996842529379306,0.9990835702712705,1.0023132707703513,0.9951295523379082,1.0008953722393608,0.9945593172611075,0.9948213505684339,0.9986692162621106,0.9995054433386966,1.001471683489809,0.9928658892706725,1.000641397041139,1.0015274542359527,0.9946879931865867,0.9983298794331724,1.0005319363346903,0.9992815394856294,0.9994598169301829,0.994255027372808,1.0041055467163562,1.001811303042875,0.9949302811957849,0.9927695200586844,0.9957211346784801,1.005068997227226,1.000137166502527,0.9960358610217798,0.9934664692717142,0.9932427581699995,0.9941124013134198,1.0009454759193757,0.995158225343515,0.9960913157314102,0.9944416754829695,1.0023434900799786,1.0030858372970604,0.9973244456547661,1.000459818372395,0.9924072446771884,0.9987395522488998,0.9936827805183179,0.99583967944771,1.0005377040837526,1.0034927787481542,0.9978996496559731,0.9966612514664738,0.9973438127696401
312,2896075000,0.9953141670833403,1.000406848808421,1.000643389120548,1.0021670992396738,1.0003431005882615,0.9980429784680859,0.9986376327310112,0.9880768920428037,1.0062750587681204,1.002456817416285,0.9983778512780926,0.9963630078147235,1.0000651274802514,0.9955513677612895,1.0021467769818728,1.001013378153172,0.9939684676485532,1.0014747420423882,1.0001199527113116,0.9984039295555629,1.0004259717499782,0.9932184965391702,0.9990492874441439,0.9948687110110034,1.0022902720791529,1.0005777311053683,0.9887484445251019,0.9939835763640007,0.9985577935695956,1.000975932837821,0.9975784109636633,0.9941714035259509,0.9893737579643952,0.9937017500821894,1.0018043986576368,0.9946308197303014,1.001335752260988,1.0004352254523932,0.9957475896203224,1.0017179040213742,0.9954161869267213,1.0022955865228127,0.9954226590575149,1.0016555513328969,0.9995461828851293,0.9968475576897916,0.9944487100240773,1.000879562283241,0.9902830863087233,1.0013800665698542
313,2896350000,1.000012034942718,1.0028686482185585,0.9986684043716335,1.002134257544345,1.0056511560570447,1.0016040143426121,0.9950985725651292,0.997505669991705,0.998643619771834,0.9909255821320753,1.0031871840516735,0.9976616764180082,0.9956632275866562,1.0009995662207352,0.9991337399807724,0.9977128442892801,0.9983194872682636,0.9954562609830203,0.9990481117558315,0.9931494851503556,0.9938132230320897,0.991818785371439,0.9982928214061101,1.00305415323938,1.0005349428173353,1.0017381119043776,0.9907760782114023,0.9923966610437814,0.9935974702179898,0.9995443810188477,0.9945627591185647,0.9953440599202692,1.0024532230033751,0.9987404277602648,0.9905541384317648,0.995617797056379,1.0010211937123645,0.9927554537224601,0.997331134581753,0.996014221079231,1.0018531363823522,0.9963424528761162,0.9921377396547699,0.9956530077385086,0.9995864033558296,0.9961889179094134,0.9949160181038613,1.0012839991431473,0.9992294471955225,0.9950788731630817
314,2896625000,0.9997008603678676,0.9986788500941427,0.9968637795607469,0.995583030115865,0.9955873673421728,0.9942980304171591,0.9928171246209434,0.997070561207375,0.9988058235544297,0.9972309702583648,0.9948316800456343,0.9989904103805362,0.9956177330335757,0.9967486294060193,0.9985856749752617,0.9990106585246373,0.9978566846253809,1.002722320874974,1.0019722594242289,0.999944534251997,1.0011918089241667,1.0019151614873119,0.9964686886981645,0.9969673264046494,0.9949604548143326,0.9986537830481135,0.9963214796378452,0.996210993669995,1.0048127125781812,0.9937964952330907,1.0029712010987781,0.9938885692299865,1.004951888689116,0.9955493207926611,0.9992259482709298,1.0002897739996317,0.9986250121507126,0.9956976228512032,0.9935187670388378,1.0005686253462185,1.002844453116201,1.0008344071999853,0.9911988846935309,1.0017401192022428,1.002416205387094,0.989705241517704,0.9995278705679704,1.0009558235619713,0.9961557517619702,0.9973640863203771
315,2896900000,1.0026517515347468,0.9994246515722299,0.999704839863315,0.9985259876998213,0.9990866690517399,0.9991819480892463,1.000897597651197,0.9904631778443218,1.0001344520410338,0.9981097569337449,0.9947039382795365,0.9882294975321825,1.004507298745727,0.9960940468865118,0.9978924126771611,0.9982028214420188,0.9947969111328829,0.9929649569920403,0.9936293240928304,0.992813004277988,0.9993562949178767,0.9942592704087176,1.0019286777380778,0.9890132744940489,0.9963788029747864,1.0020869920965627,0.9927013341236641,0.995208417438938,1.0024022442442873,0.990979677538837,0.9927511751169382,1.0032512695926576,0.9983463838575632,0.9887700594351626,0.9957167483290991,1.0017275301518316,1.0015795854318996,1.0016337025502953,1.0046051489957373,0.9977224920672082,1.0012167306440056,0.9918758780074166,0.9968661139622973,1.0081655244894423,1.0082848842192542,1.0051216512386723,1.0010998511901423,1.0027193439072306,0.9971539905702413,1.0006635356974252
316,2897175000,0.9962409574334522,0.9965925706860862,1.006421398226604,1.002664882676149,0.9934843437374274,0.9883736565365432,0.9975332953372618,0.9965240281108996,1.0029666058575677,0.9924649938927942,0.9981250005683382,0.9989260960549553,1.0037466278313691,1.0011199526385555,0.9931134475038563,0.9945266812569414,1.0020700391994406,0.9982826497315247,0.999204925543368,0.9899250571042438,1.0025756043543999,1.003044773485679,0.9939789454939051,0.9865496482302178,0.998023907373013,0.9952839472075866,0.9976503228960191,0.995713401588008,0.995195611312901,0.9942805784685791,0.9933814602479164,1.0024396642471511,1.0004657313488152,0.9988987858909392,0.9986378816226119,1.0023687751855912,1.001870263035326,1.0034811347655972,0.9968912974824437,1.006209191098057,0.9930903546907733,1.0001441997339648,1.0003787663044972,0.9946992659053947,0.9954632255287023,0.993167233681785,1.0032887439619256,0.9991641115423551,0.9924656274107174,0.9978702298697613
317,2897450000,0.9951648614347287,0.9972280968368373,0.9952314217556527,0.9955610809197307,1.0067919666849268,0.9968861578801967,0.9982463458083265,1.0010397538866374,0.9970437344112593,1.000127016655322,1.0000832640187545,0.9968127227944976,1.0002043036165795,1.0042811256520843,0.9976422223710414,0.9930016101242783,0.9999019908485955,1.000704784511766,1.002819277307225,0.9928999415239463,0.9961636849850252,0.9998543386642234,0.999683370192874,1.0002848781878655,1.0021857344714995,0.9937146618015095,0.9973292530053532,0.9961435254298803,0.9964266233001464,0.9999666771653005,0.9959272296923375,0.9946064438070484,0.998259540824557,0.9909261084652718,1.0020975791708062,1.0015282137428474,0.9974697494198673,0.9964695998197418,1.001856401653438,0.9932708233466172,1.0028744686408673,1.0025207786483785,0.9977286894376002,0.9978866022554143,0.9992834490314163,0.9949804284573025,1.0054864254570646,0.9977349581824637,0.992576038247834,0.9990701331216005
318,2897725000,0.9941327992138318,1.0022948026156004,1.0002840115235274,1.000190797347664,1.0022652976961233,0.9952050970361718,0.9994440932627258,1.000739579570779,0.9944091379277796,0.9953230319268309,0.9966719123032562,1.0037452151905049,1.0015105147746461,0.9928438560924342,1.0009832123633278,1.0011769384656377,1.002211179078874,1.0009614639999889,0.9992806217519995,0.9977918714062881,0.9964216368323078,0.9983186397104498,1.0035166703034566,1.0031488591027402,0.9891592479472217,1.0011984390776059,0.9989222967227708,0.9987255476102231,1.0036150939410549,0.9999089207374289,0.9983361177412142,1.001343918561819,0.9972558716024882,0.9918939030536581,0.9976134544781383,1.0021859076468915,0.9956483437432712,0.9942842585929501,1.0006502028301651,0.999787030286084,1.0012706058549998,0.9984521608232391,1.0055663555982237,0.992632764752542,1.0000670264096028,0.9908115381257547,1.0013949812605523,0.9916928125816165,0.996274965250045,1.005076157620315
319,2898000000,0.9952079655846755,0.9978311411080755,0.999988149218411,0.9916132237209847,0.9938745562604365,1.0024964674628636,1.0035936050105823,0.9979951260748053,0.9977617526418611,0.9961645288852978,0.9967003866518455,0.9990960123536244,0.997494291963147,1.003773122179395,0.9986519130818395,0.9974687076986458,0.9918847041055541,1.0054390747123152,0.9976844823792913,0.9930095743807527,0.9937903572373884,0.993464887698575,0.998366755661181,0.9947634993855786,1.0008553640481568,1.0072656291444653,0.9947756766159132,1.0017313313027671,0.9975938860104767,0.9934568069324315,0.9937048562239394,0.9980451431234937,1.0004770645564198,1.0005631789444118,0.9940667427883298,0.9943339606291346,0.9954967613664678,1.0075065105009047,1.0009603601325925,1.0038565225379332,0.9910199373641315,0.9956284638912192,1.0015002011986687,1.0020232790642714,1.0050736909124052,0.9926340344102241,0.9995657967262104,0.9951986960997937,0.9979301418949388,0.9986104383374427
320,2898275000,1.0055199067293636,0.9948809891755749,1.0008453963047812,0.9932915327695242,0.9951866811973767,0.9935642543560739,0.9995809167384124,0.9968800510353502,0.9944942705500696,0.9990744188538726,0.9981547141643153,1.0002757436597831,0.9928504203517766,0.9965258922901842,1.000630140773706,0.9922825452732901,0.9986800549973238,0.994258158979742,1.0048928437298916,1.0008979717006754,0.9942897837665481,1.0007373910121373,1.0032040677526584,0.995349375233655,0.9975618674258884,1.0022398711169629,0.9971799430766373,0.9947646843477196,0.9958885811609085,0.9982062792290299,0.9917117311832966,0.9995421604076696,0.9946504044235788,1.0029643274227906,0.998085343899953,0.9953520123640799,0.9930436458132403,1.0013644616676431,0.9958653998492715,1.0026063563730834,0.9985962088678298,0.9976089941827451,0.996806333480506,0.9929515818547697,1.0004256310669777,1.001874901646381,0.999984198755002,1.0034051455262876,1.0034771571987557,1.0009239661565443
321,2898550000,0.9989448655164892,0.9974503971858508,0.9912401494907319,1.0016075514040477,0.9869625861554616,0.9968983811768057,0.9977755151947356,0.9954520899567494,0.9997719679869763,0.9961414466225486,1.005666762226845,0.993518174013303,0.9967878159759241,1.004011780470766,1.0012498798170206,0.9957558787577961,0.9961932741848166,1.00511783848127,1.001869848041319,0.9952460885565666,0.9897377567641717,1.0025848263254749,1.0001703251540603,0.997357157816815,1.0039037523663854,0.993267160350076,0.9978680570604679,0.998560498718573,0.9941782731307219,0.9979516013609567,0.998813351603949,0.9947899651284443,0.9952972797458888,0.9986506397764111,1.0009608345200214,0.9952986343288485,1.001444874549193,0.9944353221464978,0.9921220062558146,0.9970947098236507,0.9967435235459461,0.999501210464565,1.0016802035069223,0.9925870988597618,1.0047052622290928,1.0011061829123413,1.0051919987376594,0.9947634140915159,0.9984126564077632,0.999616824826191
322,2898825000,0.9976431076308419,0.9995881751679896,1.001042167553636,0.9994051377533506,0.9962181320326962,1.003092508734663,1.000691454875793,1.003475776939376,0.9957569355627518,0.995351593420673,0.998418675774771,1.0012253469344228,1.0066731544761847,0.9975577117332233,0.9981443357200372,1.0042632569798235,1.000924653269232,1.0019826382873314,0.9964661830243254,1.0011359570781595,0.9976287749291243,0.9954125406039439,0.9942011511745261,0.9950759481450339,1.0028517683956617,1.0033414320618204,0.9978798105951524,0.9963124438539506,0.9975297767947189,1.000418778487406,0.9981365848605354,0.9955473785272015,0.9973206168880138,0.9985631222402991,0.9998672651127711,1.0009164718954482,0.992647697135055,0.9956769699437358,0.999925022167443,0.9977744804323209,1.0000784279384596,1.0087904648891326,0.9961890885846587,0.9956929003868769,0.9997239834169874,1.0058198940945458,0.9924201953773221,0.9979220990474736,1.0013340504223907,1.001454409697209
323,2899100000,0.9886959806980455,1.0023412466749473,0.9946865601713941,0.9955388222731584,1.0012714434017138,0.996527919651636,0.996745750683827,0.9961782234232044,0.9908870061347403,0.9924684245902325,1.0061085519425845,0.9961899613930337,0.9961565752653937,1.0008377593805788,1.0066861889756915,1.0027080583919543,1.0011181339356252,0.9998941370553183,1.0020048353149198,1.0018805082901663,0.9948002250924504,0.9992418484094534,1.000292946159938,0.9975571814133042,1.0001050479926603,1.0024874893086964,0.9951658995425228,0.9988411496191018,1.0004154089538992,0.9953824833081937,0.9942792997344901,1.005750515116014,0.9951305345560125,1.001158891498346,1.0003763017966452,1.0030481066696826,0.9946367324492049,1.0017493014875998,0.998779167954895,0.9999434280052516,1.000179868951177,0.9948434924394844,0.9945298791142921,0.9960452047619851,0.9911950136668181,0.9957695152361,0.9979271992150803,1.001970258728381,0.9961533784552282,0.9985440257952243
324,2899375000,0.9984197499077214,1.0041038288064195,0.9964588457900371,0.9995960686412594,0.9978460943426434,1.0044183182642978,0.9966123175856979,1.0025158141922932,0.9969776195724431,0.9951975449753258,0.9971223765524448,1.0052482326645298,0.9962460852109036,1.0016158136864388,0.9969321527636816,0.9997594830007392,0.9991817829967006,1.000175963889198,1.0003319771131725,1.001470712099754,0.9990490495064913,0.9955018774089278,0.9963439882689246,1.0001905024331321,0.998184177291672,0.9989946690611181,0.9898750536578255,0.9923814277673351,0.9993385837762284,0.994270603532395,1.0003531699125092,0.9989797170530795,1.0014777971965232,0.9946892243091419,1.0093459311053015,1.009707348370021,0.9906777091578198,0.9946134129628212,0.9939441781121696,0.9975155719159364,0.9936104393501294,0.9985835912296922,1.001050337058317,0.9977283497245891,0.9945955798055497,0.9970587356708172,0.99040191749613,1.001258931159941,1.007230460599432,1.0059696990496287
325,2899650000,1.0068641497662587,0.9954326188570308,0.99290809922544,1.0008571432319857,0.9988648192316202,1.0006660693970526,0.9955766919939241,1.0005718366940028,0.9961910282788126,0.997307315009511,0.9953991798060613,1.0040168357710264,0.9934739035203866,1.0039331556091466,1.0018991889969515,0.9944285198257293,0.9962949599149586,0.9994067695923305,0.9977555205707161,0.9944626458630131,1.001017431756482,0.9975989887935887,0.9990428268351933,0.997923061641282,0.9890466039454052,0.9997558003903995,1.00206661223302,0.9943677609674559,0.9941611116803093,1.0034990397780768,0.9970645487837649,0.9969745739354824,0.998484794175996,0.9984102607182083,0.9931769802805522,0.9960230583533864,1.0013018233655087,0.9967136059364554,0.9958800992129075,1.0011954550839293,0.9910591466498208,1.0000910383281025,1.0003735226022514,0.9988054595517176,1.0007534833975364,1.0017317553214304,1.00122208497465,0.9970129210624239,1.0002567265814304,0.99953204089883
326,2899925000,0.9953971520353248,1.0023861412464297,1.0004941862237495,0.9975353371734931,0.9952779455767486,1.004660332223913,0.997123053167998,0.9927049225406147,0.9927367616146584,0.9910147231469052,1.0031131659660002,1.0057245287248409,1.0003926246560206,1.001470956731168,0.9983456919613782,0.998818970252818,0.9933383435030065,0.9969063290775423,0.9964605904151093,0.9954336243571686,0.9991134523790451,1.0007446021147604,1.0032260242371522,1.000723753012582,0.9975067636225681,0.9985901801793029,0.9962267058019981,0.9968905087114174,1.0001404709321555,1.0012542520381233,0.9961556664000712,0.9983277591587474,0.9980197926622779,0.9925278848323391,1.0017132484570366,0.9981633395207257,1.0002163013620815,0.9909898801246361,0.9957467337527292,0.9992407764258225,1.0025971082821221,0.9974253947683883,1.000686126880663,1.000464173841421,0.9964462712794965,1.0005232912456001,1.0000108196183335,0.9958747626910777,0.9967005518428982,0.9988434116208863
327,2900200000,1.0050634605049624,1.0052890354850328,0.9979536246234251,0.9993515207624261,0.9983922204158973,1.0013314373006725,0.9927488185390502,0.9977108128175485,0.9955410044277929,1.0010330900911704,0.9995105636574111,0.9938813072704971,0.9962209976627253,1.0007769311892336,1.0064642696439745,1.0026233721805542,0.9918730508748486,0.9957067447069111,1.0008488301039558,1.000877020326571,0.9958924407836797,0.995788884735283,0.9965280668663962,1.0005930338017917,1.0019771138439106,1.0035076468728032,0.9954877381044888,0.9984439129306077,0.9985291359995666,1.0031957078303602,0.9965166207882384,0.9960673403653678,0.9994176949499008,1.0029018910602834,0.9983671024477684,1.0002528421348746,0.9968451457617791,0.9991420823816256,0.9936439043614717,0.9982599819873726,0.9961698274151329,1.0011230943234397,0.9983658269136259,0.9955783929956127,0.9997390812562132,1.0040811995800105,0.999210632738043,0.9966229758143322,0.999353200745761,0.9994619306172232
328,2900475000,0.9997696353683639,1.0000354599742256,0.998357506066714,0.9959536474864717,0.9925551918994303,1.0007967098617443,0.994664476632582,1.0062779719855448,0.9980980523057359,0.9957800027365957,0.9942415649696458,0.9982911700267937,0.9956335979688539,1.0047178167279054,0.999338186217881,0.9987726320639263,0.9985501117426936,1.0005850735654573,1.0070871740389866,0.9948646179190884,0.9990084880311375,0.9923983247207346,0.9966962469472085,0.9958984530373141,0.9973224126465645,0.9998060713059872,1.0032248597214526,0.9943535152683403,0.9984943053776241,0.9914019987992088,1.0035637782417748,0.9983095096178337,0.9981093595082096,1.0012804261117374,0.9985900186723721,0.9980843105806556,0.9993830482951586,0.9982561245076021,1.0047862938523793,0.9929663692211697,1.0066500695957077,0.997198748910878,0.9986951034432284,1.0012392873358211,1.001498636369612,0.9978049136026698,0.9941981308771933,0.9970971083331771,0.9958806141279019,0.9999797672454752
329,2900750000,0.9980133536876347,1.0001646054777003,0.9949819379205407,0.9965284894579021,1.0002267170398744,0.9985625001783227,0.9985221302221572,0.9991141770718222,0.998288743670272,0.9992431275582653,1.0010571416933776,0.9997002037443766,0.9935038561948102,1.003115958267072,1.0006031481949915,0.9953314463466797,1.0021711392001738,0.99984845034378,1.0022347654530248,0.9962594888653882,0.999033075005022,1.0000219777870507,1.002571793305861,1.0031216654637949,0.9963806561213502,1.0018336548347935,0.9957494708991421,0.9944814867380036,0.9975704628222877,1.0033508924962249,0.9984084293592413,1.0010879680816485,0.9922320101539835,1.0035666541480917,0.9991905781407858,0.9976334029980675,0.9931157622123505,0.9969954294000394,0.993750459932264,1.0021479794249137,0.9937590243638061,0.9964227749973913,1.001952381345499,1.001275255281257,1.0036848218198478,1.0005507281187696,1.00083668529148,0.9995403064868689,0.9975405739363227,1.0030588109749248
330,2901025000,1.002001517703214,0.9992344702303171,0.9990416014521928,0.9967951156548122,0.9998732558044042,1.0004638121876113,0.9949498797777695,0.991291406701316,1.0018598651787314,1.002940249806039,1.0020126864152628,0.9987985219884413,0.9977491315100738,1.0012468868218178,0.9896841615891491,0.995990353774383,0.9991273774423157,1.0023182749899664,1.0054291637564705,1.0018030319949085,1.0015469508383987,1.0049834014474732,1.0023797337577045,1.0034120912099127,1.0032310532904465,1.007711329317567,1.0059524192567866,1.0019041535703457,1.0014221471456797,1.003897207761599,0.9979983837915901,1.0050814757659552,0.9908913406918076,1.000188755417665,0.9974866528773151,1.0033277852824534,0.997654444534265,0.9963491733247019,0.9965598277697468,1.0044627334530276,0.9996298189618231,0.996214509345907,1.0047680444937572,0.9951183202291563,0.9987859745388407,0.997452907866315,0.9991605882212884,0.9998515822348131,0.9905725191797715,1.0064658322405586
331,2901300000,0.9999712823676508,0.9985713338066892,0.9989202091432597,0.9967758714604065,1.0039946168929306,1.0049446829167743,1.003543014904114,0.9954832744231441,0.9954212363823319,1.0004068595119007,0.9975932082137875,0.9978441291766166,0.9967225836933957,0.9960558771086848,0.9951009954829155,0.9999254545781209,0.991509490995803,1.004762554981015,0.9906959145684595,0.9972332139111805,0.9992244830134855,0.9971512747481015,0.9983008933673272,0.9953557584583335,1.0050004703575024,0.999270560379509,0.9978279734319674,0.9966552783739658,1.002283522223211,1.0047170818669569,1.0089082475010838,1.0014580425306703,1.0058142779776955,1.001967763740001,1.0005700792745669,1.0018295719243442,0.9976527111892489,1.0018270151479163,0.9958178668608236,0.9983393498003152,0.9976116516002145,0.9959672408635901,1.0007747269747431,0.9975241652366551,1.0056041726362686,0.996194426786522,0.9985252609917916,0.9955345699076403,1.0009660471448905,0.9978859470061631
332,2901575000,0.9966591095618443,0.9999742572095998,0.998460090444913,0.9979725721416253,1.0014540417043107,0.9996564771615565,1.0080221629583406,1.0012303334908679,1.0001515661004103,1.0060487930061506,0.9961364256241019,1.0004558247115156,1.0029261263313962,0.996737341397886,1.0032852301179982,0.9928046639954443,0.9915415224749055,0.9985693240209578,0.9958888014990096,0.995891531283889,1.0007688727984037,1.003694623903638,0.9989629116781766,0.9973720163650022,0.9999040621045922,1.001922023096486,1.0089998551551829,0.9964888816469103,0.9997177701603679,0.9913822205194828,0.9961272843081342,0.9992878713925202,0.9981777759955147,0.9986997054337131,1.0041156928706654,0.9990793299959887,1.0000179857438138,0.9970081503568127,0.9901923284345612,1.0029953192337449,0.9994149765390788,0.9993622944726488,0.9913430918972669,1.0012119736814282,0.9972979577476656,0.9913116493471401,1.0009275389508325,0.9988879771791414,0.9969651262142445,1.0000979149207283
333,2901850000,0.9953780663330929,1.0003959282027004,1.0004026084897104,0.9927015411648838,0.9957067358987092,1.0024664192731367,0.9989429178403775,1.001713183297791,1.0045508158408805,0.9952168902332486,0.9902770421467989,0.9998825601362274,0.996507582926128,0.994642135239592,0.9975341855817879,1.0040341030525521,0.9950283773292921,0.9943075237979918,1.000583443063492,0.9971593454660523,0.9964403153057203,0.9951331515841642,1.0013982872861964,0.9986039853542809,1.0036823110728585,0.9984984820895209,0.9979684007773656,0.9977730191288251,0.999420663993553,0.9987177264926356,1.0024884775869636,0.9971340692009775,0.995738870898233,1.001327657661943,0.9988682534928314,0.9965229163291576,1.0001228777436422,1.001512609413555,0.998556014476589,1.0024269548138243,0.992518546141137,0.9985456956106037,1.0027337228189352,0.9970256848494454,1.0002139384490794,1.0017088151590143,0.9988346162144406,0.9978115977379088,1.0036252370037595,1.0007257136769703
334,2902125000,0.9995101456411537,0.9948071363367276,1.0021040981966527,0.9992578007093718,0.9997929991623076,0.99602663221766,1.0039393754028214,0.9952864028168472,0.9993124883597897,0.9977699629710381,1.00611507099866,0.9949996093511039,0.9987270465370504,0.9976265694172172,1.0009953550739028,0.9988490034941476,1.0007923865016628,1.0039397532458931,0.990374353285814,1.001969690395287,0.9886383517628944,0.9984098225613456,0.9979440550534776,1.0035531548854184,0.9938136183365338,1.0061632338155042,1.0016522319050682,0.9894475669831221,0.9975435589590552,0.9974610305243871,0.9970260408463275,1.0026248452093902,0.9961856095414305,0.9958833978249634,0.9918990828348194,1.0033412905382046,0.9996969704521348,0.9991696735754286,0.9986917412555988,1.001845106089219,0.9969191702734397,1.0048241010669328,0.9917724734105481,0.996294411857004,0.9982955325614311,1.0031738889942194,1.000299665585763,0.9977423181907055,0.9971943333577103,0.9960839733582854
335,2902400000,1.0002571783121708,0.9929860493427584,0.9987195950074453,0.9926859130951436,0.9984589461188146,1.0005051198238517,1.0034720832052155,1.0022863531955066,0.9981076446568854,1.0047742326564801,1.0049045028220032,0.9931831172613491,1.004949864123306,0.998212647236242,0.9987730965195851,0.9986813951934539,0.9974863350021065,0.9985253745185383,0.9989625819788465,1.0011441583453875,0.9959759719877942,0.9951594719164125,1.0005049381407896,0.9981094831234426,0.9912449403894343,0.9964061638645998,0.9969007457336662,0.9951506194022277,0.9971716200334012,1.0004883098863973,0.9928982344371183,0.9978775709311977,1.0013572065803182,0.999049346241714,0.9974996392816706,1.0024349061731042,0.9959220549597938,0.9974837220247461,1.0043094352360649,1.0030217019871255,0.9951677735042247,0.9911412703208025,0.9975926847281088,1.0002053194202687,0.9986475347910603,1.0023669472946224,1.0079151262058985,0.9869152357495545,0.9989205972457144,0.9996455260498165
336,2902675000,0.9967485115760838,0.9995221504406976,0.994153961589479,1.0010082823779023,0.9995042040836624,1.00326406382775,0.9970487831794237,0.996640435964102,1.000902788662718,1.0004184899623423,0.9934446976889282,0.9931167857001395,0.9961945303266102,1.0007184246468526,0.9955431101512582,0.9966601761593704,0.996220247866355,0.9962122012818695,0.9962471846678936,0.9894090496865791,0.9971227089822774,1.0022168380569325,1.0020954196577545,1.0019153029603856,0.9959772174264061,0.998235493370451,0.9999194120362458,0.9918176735089442,1.0054910283908844,1.0056378937447863,1.001128902555336,0.9987687576305918,1.0044159862856517,0.999008625682108,1.0043141082167093,0.9992504814033912,0.9948049889649218,1.0053986794442837,0.9922712451123566,1.0053631601490218,1.0012836812687322,0.9960464572567155,1.0038894187634584,1.003131076718062,1.0017587504667471,0.9951598799519283,0.9995681576212747,0.9972034510515326,1.0037474082970765,0.9997445550196974
337,2902950000,0.999798348709257,1.0026094062264894,0.9991551540034882,1.0036152099402371,1.0007301965326236,1.000732633264108,0.9969917108731617,0.9943759420465114,0.9928886218433383,1.0025885883522754,1.0026297759712266,1.0015211020107684,0.9984293920293612,0.9990283076802089,1.000017919015231,0.9950781081566137,0.998456215273714,0.9910697306754956,1.0040744403293407,1.0029838933008337,0.993440835907071,0.9930370798338151,0.9993620992297529,1.0008447804284981,1.0028151835243144,1.006916460531556,1.0037138000919006,0.9998039762034857,0.9948144965564922,0.9950883874333051,1.0116695858585674,1.0009968594049772,1.0024135947466377,0.999581221520164,0.9985426479672637,0.9992988673994043,0.9966250629621812,1.0050075745137945,1.0043307779414274,0.9963081224099921,0.9947923963488393,0.9994587121160442,0.9949358198995499,1.0046263934426507,1.0030304388072697,0.9971546451920011,0.9981148906414741,0.9949751862198289,1.0029392077433392,0.9941940643528242
338,2903225000,0.9969498074311458,1.0008859474138563,0.9984369537777955,0.9966205608919598,1.0051231209539737,1.0009021325925516,0.9980313491878804,0.9986805873726544,0.9973888422253584,0.9998363116306084,1.006601811170758,1.0012515111743863,0.9944444091366627,0.9991422841151573,1.0071127579980963,0.9979272233564519,0.9990850628854092,1.0013866058113359,0.9988501763039753,1.0027584810149337,0.9946400087340965,0.996459806404308,1.0002584452320593,1.0005478071270535,0.9992045101861404,1.002395044568917,0.9982888876446182,0.9983771514701711,0.9991487328806767,0.9981106964905764,0.99738501349052,0.9979502450585077,1.0033018814696872,0.9889388111125216,0.9969010150947956,1.0002960301973962,1.0021976870856333,0.9973728626622573,0.9993757717204925,0.995378642292305,1.0050903644943447,0.9934642686381644,0.9959284088469142,1.0016644522683764,0.9981443265670812,1.0051596354350438,1.004966960134586,1.0029588254547932,0.9901514499877354,1.0005489354375925
339,2903500000,0.9966399657924779,0.9995984039614455,0.9991713256700429,0.9974788735333554,0.9991117694430559,1.002494720080103,1.0013012944511626,0.9925499011193746,0.9967667408781472,0.9941076135013337,0.9973895189196578,0.9961702525447237,1.003800351890547,1.0013781657535126,0.9976701409847084,1.003474563760216,1.0003148587890518,1.00509075582354,0.9969383808550509,1.0019307668845425,0.998239893932513,0.9838043193165352,0.9937968335980056,0.9951711250818897,1.0011385401430137,0.9963196341496074,1.0035210943416026,0.9943988339941454,1.0034095239247236,0.9955853869034097,0.997406410901849,0.9977594872532993,0.9968794007084463,0.9978183411144632,1.001157961181766,0.9982431673738918,1.000013087061884,0.9965158081329718,0.9979729483677047,0.9997918543424313,1.001261178675238,1.0047343367233825,1.0014506237157719,1.00094398829782,1.0012225218246003,1.0049710459443173,1.0016057446420132,0.9992942728088372,0.9946037058374003,1.0113290319989285
340,2903775000,0.994968029317764,0.9980706323082151,1.000562064087489,0.999886776994083,0.9995079011142203,0.9999991325403431,0.999150804406801,1.0003297515872909,1.0040807018177307,1.0035565816484555,1.0014375024619926,0.9946585781573002,1.0005421048918242,0.9985699483364883,1.007735590659976,0.9953991831717878,1.0005542612981062,1.0053286635480425,1.0033145943496897,0.997869145485777,0.9956833013002481,0.9956646831005986,0.9987353175746769,0.9979949198158541,0.9990024438946052,1.0008455891042898,1.0025217531221038,0.9957387894205597,1.0015470382372929,1.000364526047968,0.998820763364531,0.9995846850397653,1.0046039414910537,1.0073497493349859,1.0032253895023557,1.0020256608889595,0.9995734478142513,0.9972952276930791,1.001297511397478,0.9965972384639774,0.992456452936888,0.9997394070426588,0.9993582001920105,1.0038665916880891,0.9996811176964583,0.9961835337374978,1.000339410709949,0.9966262140382796,1.0007224902393692,1.00096888362217
341,2904050000,0.9973869507041955,1.0005398321001984,0.9946796411867563,1.003230585648355,0.9927812284214173,1.004233062023125,1.00023715330635,0.9967618548488912,0.9994058228710836,0.9963447471127804,0.9988162438267463,1.0021964785521895,0.9969211473993134,0.9991789753300694,0.9934610530261878,1.0008576762675014,0.9952071165801011,0.9959553136608068,0.9972817807234329,0.9925750069374141,0.997545748609724,1.0070740164774783,0.9972301249366805,0.9975890697580371,0.9972046815865218,1.003899154447062,1.002949103352875,0.999147344870637,1.003294689236297,0.9981960980581398,0.9918148914629299,1.0042542827808492,0.9981606114711716,1.0017859385522199,0.99735868567392,0.9965871235912538,1.0011718801993097,0.9966355048022262,1.001309495553748,0.9954242345535771,1.0034657105186693,0.9959701127697134,0.9972291665009829,0.997361374717097,1.001761154026434,0.9970870020242446,1.0006165352674208,0.9911945316092108,1.0027375345426561,0.9996292689790214
342,2904325000,0.9943092787870766,0.9999395013065763,0.9973699300474764,0.999307040681077,1.00787186641962,1.0000128236194914,0.9937392881946792,0.9965377070756694,0.9942458527250702,0.9974215384381672,1.0025877439302622,1.0002296339966947,1.0000909174682235,0.9963880645987016,1.0007074359790047,0.9976048263326381,1.0088502998278297,0.996607269733043,1.0000665836401108,1.0052014070033832,0.9937880157392751,0.9999241652939795,0.9989868388265466,0.9995721807928301,1.002307693098862,0.998896602163542,0.9936319386761618,1.002766332596813,1.001711915080214,0.9956714965066266,1.000875101989548,0.9994729984383829,1.0038813544389136,0.9927463984178179,1.0040711223748084,0.9940517231507648,0.9978823904124985,1.0051035497786478,1.0027165669835767,0.9919058461821242,1.0028756552315865,1.004924088770286,0.9981796906401006,1.003635809777456,1.002757960748013,0.9954608578334162,1.0001633407884156,0.9950846668136213,1.0013921696079355,0.9934782634466148
343,2904600000,0.9986687289772115,0.9993948436830044,0.9991075518424949,1.0074664750477051,0.9982226421184205,1.0011432645037448,1.0006003817202707,1.0003926676967192,1.003749283950916,0.999984586089466,0.9979873041298697,1.0008931013199558,0.99968371058396,0.9979453454397763,0.9994156713987769,1.0080733695640214,0.9891906182450549,1.0028876376900535,0.9983323924603184,1.001518458013712,1.0024480191341643,0.9971442938115648,0.9976638387169089,0.9991037321282267,0.9950849214864936,0.9937440664222611,1.002500469274671,1.0035082424249728,1.0071108256221122,0.9948268763925969,0.9946716420003094,0.9963239576716267,0.9974914782183318,1.0059208928924532,1.0004254099578438,0.9955766878541233,0.9964638823208043,0.9922457765841243,0.9999633770530326,0.9976606058354277,0.9981881196269569,1.00041341229335,1.0017653653219885,0.998204569035218,0.9995402086020432,1.0031180470036292,0.9939835272388724,0.9956574663435767,1.007596945962772,0.9968797363248106
344,2904875000,1.0033996099881795,0.9975598196563514,0.9999480158401799,0.9966189215959229,1.0059827258892304,0.9975710560736571,0.9933737631363405,0.9962753031193389,0.996850721727716,0.9997725775993829,0.9947707791895664,0.9992089737436642,0.9965253828541842,0.9995174470500279,0.9951553804181892,0.9967119971510029,0.9995971820485978,1.0011365741182132,1.0034270040993076,0.9945030084412793,0.9989637319712629,1.0011592220531282,0.9959652704648844,0.9976355812498864,1.0041702733891795,1.0022303273438933,1.0018949751719775,0.9965496736510346,0.9967044078995416,1.0021490373747604,0.9979828373142628,0.9977126214720885,0.997043437052544,0.9931556518019439,1.0011274941408723,1.002019159797154,1.0007749315258787,1.0037604212018005,0.9949264658954814,0.9983036449177696,1.0009092859653814,0.9992932042278305,0.9981879258546669,0.9971086401754754,0.9982486055303031,0.996358071400916,0.998529446848265,0.998538605057148,1.0047791999541762,1.0009612874198714
345,2905150000,1.0042907691298206,0.9952495837096541,0.9982792555931904,0.9963690678085116,0.997568929479147,0.9908516226842565,0.9964425295195416,0.9945995138682031,0.9958872324886628,1.00694220202006,0.998522277628853,0.9982461668762889,0.9940833187071466,0.9972616521258283,1.00250522023547,0.9963484957974112,1.0028854148568838,0.9956511300642074,0.9986926283997611,0.9992455888453984,1.0041887894050185,0.992035527704957,0.997030327424455,1.0061477993838517,0.9951980249624438,1.0051840306429825,1.0001643342906994,1.004788745658291,0.9907706218131636,0.9999404962145756,1.0034652003072684,0.993800038149297,1.0040392499071096,0.99695566787144,1.0033343585611367,0.9938115038569575,0.9992009427315595,0.9934439971194409,0.9991779216421292,0.9937154147081889,1.0004136721473358,0.9993976715795178,1.0030846744147746,0.9966619393089903,0.9984561900747371,0.9928863428963958,1.0008512507012903,0.9983332973128753,1.0001595155263752,1.000541279847467
346,2905425000,0.998532389979402,1.0001626215984647,0.993893635955513,1.0013929858417614,0.9978148277962322,1.0032403935703467,1.0027642714461422,0.9989372895751331,1.0002306872723186,1.0051884191309894,0.9933484169078808,1.0037890499028912,1.0003755680064008,0.9985007339733323,0.9986433749541268,0.9914485438612985,1.0037213270000451,0.9988962795209478,1.00157972138765,1.0007123496022454,1.004247568012356,1.003862342492461,0.9987924469924221,0.9976755302817496,1.0009224564859402,0.9963900497440673,0.9966241472480052,0.9972044277789782,1.0037045530039375,0.9988403131112428,0.9985792791976345,1.002426406207464,0.9952656736596593,0.9991101663732795,1.0024036374215293,1.003425373577068,1.0029061204603755,0.9996893565687678,0.9951852309401908,1.0017924994809662,1.0042049727016436,0.9978381274552213,1.0026380246445585,0.9975858115269244,1.0007565840339196,1.0008265938133198,1.0031799602545812,0.9926807873986621,1.0086244046675192,1.000687050151014
347,2905700000,0.996058779568791,1.0012201295209913,0.9995919725170338,1.007438080112716,0.9956451531974373,0.9951073364581206,0.9991735845025542,0.9911227172754006,1.0006243996190856,0.9942389783746056,0.9987595183449347,1.0050971241069462,0.993384820964269,1.0019531719735923,0.9950138317597297,1.0017881655882932,0.9992564719294563,0.9991881430320139,0.9943807777117325,0.9983369861005741,0.9978316828077989,0.99510500265845,0.998890405750516,0.9988318967601909,1.0102106526190302,0.9980941158725283,0.9989397015255569,0.9992851729467698,1.0006688456550046,1.0051622643560312,1.003634723697049,0.9947602038918092,0.9974786879395151,1.0023565296896773,0.9994653393895754,1.0003696690872912,0.9995326243953069,0.9948956735896011,1.0000494017205404,0.9987502499922137,1.0047149073206751,0.9980767770353386,1.0006073991235527,0.9955465110896095,1.0007237248378573,0.9946925914464753,1.0031037674003198,0.996826329319344,1.000277354321789,0.9998172325658539
348,2905975000,1.0014866113808512,0.9924658446997269,0.9931784932466688,0.9953224908580142,1.005365912508447,1.003005598219935,0.9965937032703726,0.9991734234300106,0.9964738701147476,1.0053390346262354,1.004937866769684,0.994800784560674,0.995265158400365,0.9953694406532049,0.9948597208471035,1.002020409967373,0.9967122869379634,0.998823381071647,1.0030557299772345,1.0005335549650813,0.99953369530992,1.0006001585742625,1.0067981218919715,0.9977946375790817,0.9971844301739206,0.9941236327014755,0.9946786002642628,1.0024662706411924,0.9916111030962931,0.9920323028341146,1.003696210453221,1.0032236678141824,1.0012179921452822,1.0028337325038594,1.000387719142066,0.998500255404802,0.9969244306019838,1.0002858207552028,0.995577974552101,0.9983600228407704,0.9932860783462917,1.0044370487635628,0.9974380403160795,0.9991523262218772,0.9986354642270076,0.9955155521298806,0.9937330000169238,1.0016957394335766,0.9956943895236023,1.0015662394982165
349,2906250000,1.0015287684655267,0.9949287088761491,0.9983737351564509,1.0015064642156544,0.9962084699158973,0.9995112596064762,0.9947532290139821,0.9955282804559589,1.0053571180321548,1.001086613191771,1.0001327431507927,0.9919443583561105,0.998972652854208,1.00238369555917,0.998281574353159,1.000239538027431,0.995731684707121,0.9975029581039849,0.9956454820527499,0.9955453784261207,0.9983535319155287,1.0002695384683564,1.0008478304705688,0.9941908615197753,1.0064595964349317,1.0001599821888347,1.0006714243880335,0.9951292675679978,0.996480202265663,0.9951860755493114,1.0019824156318622,0.992931216959449,1.001685310806463,1.0023841559713695,0.9991957876296732,0.9959941351891622,0.9955269964459802,0.9935834389532792,1.0019950245517841,1.0028985183644934,0.9962628350186932,0.9992887181983352,0.9995081002224951,0.9985352117060211,0.9898420946571515,0.9963974513304197,1.0012093780525075,0.9980926795019693,0.9909219500950263,1.0031319170012436
350,2906525000,0.9991902824151342,0.9995290514762887,1.0000938566983821,0.9958601359475165,0.9972371498893333,1.0012077311978043,0.9973479199143089,0.9964912071405069,0.9990638703934406,0.9984680509571486,1.0018899030990285,0.9967138592144791,0.9969536362367634,0.9980950093073653,0.9961931589292843,0.9990635577438491,1.0018857979785605,0.9965866187419732,0.9916203971293499,1.0034229911113812,0.9932027695609519,1.0012460399359016,0.9977114986002245,0.9972604006518669,0.9974668557264338,1.006820043126358,0.9956703732529371,0.9987187298259428,1.0001479622472131,1.006376609264542,1.000997859658445,1.0001321432579133,0.9987165784203644,1.002533374430478,0.9935502191538438,0.9980329564361218,1.0013291895448175,1.000016052760123,0.9984635897178831,0.9872818998409781,0.995377076860781,1.002331884613031,1.0014621969983573,1.004959312910065,0.9998636937310159,0.9954234050251749,0.9958307133867371,0.9956135480131936,1.0051433646955958,1.0022877309533507
351,2906800000,1.0007562474749019,0.9990957403043849,1.003944566536819,1.0019146647742707,0.9954412630533243,0.9991358813078999,1.0003687635996314,0.9962112667937681,1.0044634128739325,1.0011518649439837,0.9964963009682194,0.9964611169353385,1.0002840804244608,0.9978250385672219,0.9996987380372444,0.9934033558921243,1.0031699617511347,0.994664653163595,0.9951245578240372,0.9940491957530234,0.9947600128806053,1.008531422636285,0.9955657607484918,0.9970012375058109,0.9984516040717758,0.9924448596363412,1.0028158008980572,0.996284382663141,1.0007994294587954,1.0001784725370118,1.0017305238038399,0.9909340452211585,0.9994614075536111,0.9942114999418404,0.9933394460849239,1.0019184442950875,1.0032791165416675,0.9915054114675869,1.006674655531872,0.9981342671417806,1.0042083782387992,1.0030299090541623,0.9950720822410979,0.9986641190050868,0.9956906782147522,1.0017184388048648,0.9971345774047928,0.9947792531801003,0.9999138102394756,0.9913920899418706
352,2907075000,0.9955922907290096,0.998681935739625,0.9977439570536537,1.0023600776163801,1.0030404691675623,0.9946077562009307,0.9940649005222246,1.0034690863340536,0.9942099628022185,0.9929005637818262,1.0008140062036686,1.0048718527500078,0.9972227999463664,0.9985472674378115,1.0020106776020874,0.9900137518823529,1.001620018846136,0.999588972871279,0.9966677368451392,0.9962065815030069,1.0007353264439824,1.0009261040791952,0.9950540852883465,0.9996147757604975,1.000838237196573,0.9965328739822494,0.9916244095443915,0.9977088355161684,1.0041987017567486,1.002977412739691,0.9970829506132121,1.0025894318904705,0.9905086881962906,0.9971344650773138,0.9995960909800857,0.992414904045288,1.002986755748587,0.9998465173809058,1.001759260214765,1.002052422283911,0.9942776923081614,0.9915395852772988,1.007877814024557,0.9933490013327677,1.0032192982540835,0.9977774798653668,0.996369246363697,0.9969362198211887,0.9965638505121523,0.9993810459063569
353,2907350000,1.003579812659656,0.9983139713453874,0.9975881631322762,0.9955272660407526,1.0015398343921629,0.9962608238237185,0.9933023919497673,0.9959661486266279,0.9942122612680498,1.0010770059318248,0.9973408930827935,0.9951037143706067,1.0042254584013361,0.9955036995756065,1.0015589203039261,0.9913990139581316,0.9965118209353119,1.0037030798782733,1.0022799383289267,1.0013261205056636,1.0017119191559074,1.0009943754603186,0.986046054971563,1.0002315506846005,1.0034388913054084,1.0054196788743295,0.9909244887857392,1.003672330262368,0.9988247009903425,1.0010166887022287,0.99840716783612,0.9996757496727481,0.9993202095105748,1.002559290907772,1.000415572846796,1.0018379686002228,0.9989353176131106,1.000656837591756,0.9961005801915992,0.9918801184614108,0.9956932210515713,1.0055968257067833,1.0001645019403176,0.9939168894892427,0.9992734080639114,1.0058385570986346,0.9971241509444565,0.9979319775270186,0.9906804089764236,1.002099374072736
354,2907625000,0.9988201932104609,0.9921570266227513,0.9969523930986149,0.9940355508319154,1.000045969103891,0.9955087780532894,0.9982362455696641,0.9981022640462576,0.9986373523654665,0.9950682327862785,0.9955809420989069,1.0035615106545708,0.9994164455233426,0.9964027488013208,0.999429985904774,0.9980054262712398,0.9979243418377781,1.002550169320306,0.9922699263770831,1.0079341970815503,0.9961810434599384,1.0013951951982323,1.0037869282900864,0.9940458995469966,0.994143013685309,0.9964717795896596,0.9958572625538479,0.9986376135011105,1.0009972033085714,1.0001878802682267,1.0030824354162209,1.003202461976442,1.00135361465868,1.0018902153956453,1.002852409020268,0.9951506339360294,1.004195368242118,0.9981368056510302,0.9972076778048082,0.9970111268259783,0.9997410501638307,1.0013648966017905,1.0008229312718668,0.9994169579574609,0.9951572190019355,0.9999913874293029,1.0024289839639162,0.9960755132415546,0.9961949235284293,0.9985072991852242
355,2907900000,1.0014369213221919,1.0037892783619258,1.000589126927869,0.9970534806397419,0.9971406940790722,0.999372413456647,1.001754542996505,0.9962838560963199,1.0001512811328752,1.0041467901675993,1.0013341519109784,1.0013602198668112,1.0037534388126303,0.9978920854634831,0.9966571972045999,1.010259152683672,0.999664792679365,0.9962874412547063,0.9969084891094413,1.0007096827668625,0.9983975676420063,0.9935899014558461,0.9981282826398425,0.9991202282620726,1.0005263826299338,0.9977735372450149,0.997056489015101,0.9959516676643175,0.9941147467723586,0.9976466040503187,0.9952623821969377,1.0013623599538581,0.998144447769283,1.005377021229966,0.9951772207922237,1.0074089671809308,1.0003867707943082,0.9982961735310858,1.0004349990684958,0.9954732767943276,0.9998661330392896,1.0031760301326247,1.0042498504149788,0.9986802451592565,0.9949462817111764,1.000597393635393,1.000162140332607,1.0024989949753165,1.0025219158456398,0.99720783077269
356,2908175000,0.9986103146719641,1.0015563667253338,1.0022545595927064,0.9913324360972585,0.9992471666311539,0.993296915293057,1.000357602613302,0.9992123841097396,1.0021797597827105,0.9988972328867733,0.9996228592879776,1.0033799727574126,0.99757053751499,0.9959463335547691,1.003161413261104,1.0014872133644548,0.9989206548207988,0.9938546427485655,0.9948255833982128,0.9989155990877553,0.998339141180873,1.0004721405689903,1.000529939246717,1.0028246601370743,0.9913371275489217,0.9952373779530816,0.9935924829727683,1.0014519813555833,1.0022185975103597,0.9942372917279334,1.002838579150342,0.9997381312082415,0.9998335999949953,1.0040382826113023,1.0026780259318133,1.0029516116707997,0.9930970028729752,0.9952494948393179,1.003374158714138,1.0003462824653806,1.0074717110052522,0.9978897641173736,1.0004040455881769,0.9957556258364596,0.9953523546590091,1.0020553667408398,1.0008862354286425,0.9955365362563598,0.999960676582083,0.9977134582593686
357,2908450000,0.9995776929861593,0.9960591965090148,0.9981362177838459,0.9894665501098296,1.001749525407607,1.004171777720578,1.0017888014044372,0.9973771722253045,0.9996592451683143,1.0006937075704352,0.9993625183875537,0.9948939665248314,0.9969214220880053,0.9949067125649664,0.9986714171861536,1.0020500890035264,1.0037037743971065,1.0051385861270683,0.9989188966923344,0.9975520733298828,0.9956430615974426,1.0013739690532757,1.0087830913136424,1.002955928576,1.003045014834081,1.0005182453748118,1.001733844362277,0.9996834010965939,0.9925789329278335,1.0000776831536407,1.0009699931215534,0.9993507408368193,0.9969188510676469,1.000161100473049,0.9971202874339192,0.9983619437607556,1.0018924053976637,1.0034206022711194,0.9959277521457341,0.9959788575888452,0.9995046255668377,0.9983931622735628,0.9999681588337985,0.9969686051311902,0.9992737997766117,1.0003764377794668,0.993683819515472,0.9964427551237601,1.0046792814565926,0.9982077483131159
358,2908725000,0.9980664986431206,1.0036990521473974,1.0038491498544118,0.9928505598505768,0.9993243673234796,0.9996948364644718,0.995004201275501,0.9892727732098451,0.9995998515021407,1.000600001626641,0.9991904624324305,0.994719069030806,0.9967748165726208,0.9989992665373899,1.0044575646268976,0.998557248842239,1.0030647927909218,1.0049510318646335,0.996218991794162,1.0009569213025327,1.0033217527385174,0.9996027380977632,0.9961594768030735,1.0072110394834801,1.0028694817083088,0.996013576540089,1.00014481602544,0.9997876795818674,0.9985913949797198,1.0035980319484497,1.0036205075333717,0.9997639073916754,1.0020352914815536,1.001268075729243,0.9944663403273312,0.9934402418258379,1.002604938479304,1.0010981400317174,0.9928715721478911,0.9958945549794457,1.0054424081963635,0.9998421185117564,1.0009169274708214,1.0024640400656064,0.999146633441956,1.0051169270570224,1.0058904981982868,0.9916719205955874,0.998829324161891,1.003423184406677
359,2909000000,0.9982667457397817,1.0018911094755405,1.0036661163880511,0.9993090049154633,0.9932756524515927,1.0038053584640616,0.9998481810284328,1.0024772553810346,1.0023695978162546,1.007365362079163,1.0053516899881956,0.994851353127991,0.997948120588175,0.994473188460918,0.9954362552703218,0.9976405190027948,0.9997172717265708,1.0008732263418838,0.9967887375046853,0.9995764582638688,0.995835154770536,1.0046415145865268,0.9960828185864655,0.9979519187496396,0.9982961539309063,1.0021545937076863,0.9973026616912032,1.00240740821889,1.0025770252136084,1.0005298833019554,0.998836527880829,0.9990678789248884,0.9983395883137712,0.9951948519412108,1.003935464431977,1.002374476436038,0.9994360967162578,0.9973370702801577,1.0019079958217867,0.9985026478232669,1.0003721277672117,0.9964545509157051,0.994474279425686,0.9976988939409297,0.9946961748174528,0.9978560743420338,0.9966610430015471,0.9988154502131239,0.9990423284409223,1.004665431538377
360,2909275000,0.9971676185205648,0.9969427942602916,1.0027479970006332,0.9993258387622507,0.9997450170055491,0.9973620589561685,1.0018100859017243,0.9934977590706517,0.9986076555424793,1.0063214520074606,1.0011261981694384,0.9990082456891238,0.9965365398659446,0.9982890745451912,1.001029914890115,0.994121393012404,0.9995851790847571,0.994650902034745,1.0002474463864117,0.9983516256590618,0.9928039453347798,0.9982647035675416,1.0016643622011183,1.0023917029734744,0.9970916430627308,1.0051280379564715,0.9963238873453185,1.0015297052968417,0.9991874217003706,1.001535312408365,1.0028936928195669,0.9940902167686039,0.9990469665501786,1.0016782208686106,1.0053276078344315,1.0025513029472188,0.9991866371123048,0.9977141806779485,1.005221082124689,0.9996416010420742,0.9995907056522135,0.998852840134921,1.0052247524926512,1.005895779093874,0.9949535514420734,1.003672995398543,1.0000395456079512,0.9992341839493235,0.9955452953813351,1.0037084081890528
361,2909550000,1.000277033408224,1.0020398100800496,0.9999491934494765,1.0018611622193954,1.0048007941050918,0.9956350708282837,0.9999604211902329,1.0010225322871487,1.0029520642077163,0.9967831261478685,0.9932195457835308,0.9960361939808536,0.9955306748292414,0.9988534324464875,1.0038599547276759,1.0013145617044963,0.9948631287501739,0.999761372037555,0.9998580137142762,1.0004558042193188,0.9898004645874215,1.001409869639853,0.9970845431659624,1.004416355243198,0.9994645065418147,1.0055404479381553,0.9948533233898295,1.0068801717502034,0.994309007159033,0.9971454717528839,1.0012302518017038,0.9942762236230178,0.9996616464315304,1.000407246313536,0.9984426980256513,0.9977182368974127,0.9986949120159533,1.0033816751786688,0.9994284595001542,0.9932690004814424,0.9957286553250564,0.9892390058913992,0.9990345601060902,0.9979884993235095,0.9956888236662048,1.0003266782349531,0.9980200390749789,1.003740394260698,0.9996553720474769,1.0063626683480478
362,2909825000,0.9999851742828202,0.9983375044771328,1.0046634151586333,1.000074489798925,1.0012811904737562,0.9955023100757561,0.997171848701616,0.9976681154355862,0.9982468645312801,0.9920008769296904,1.0045675166983885,1.0015698799495492,1.00114209324919,1.0024715367249264,0.9983368674825912,0.990628671379076,0.9994465271800729,0.9947675866094253,1.0032276676568128,1.0037076020549855,1.0040147990969073,1.0011535158262561,0.9965345573908889,0.9976364299924662,0.99767255628672,0.9916650672470213,1.0005561568369807,1.00821223030282,1.0023501115685853,1.003625893827234,0.9972131953054901,1.0069561688945048,1.0098644165175727,0.9940654560663739,1.005050060322331,0.9991170615322302,1.0008955153030972,0.9965530615878614,0.9932966751963854,0.9970123313703435,0.9977932462845971,1.004809630422642,1.000706361642234,0.9957841539222091,1.0050261980719968,1.0010130731468951,1.000750241032481,0.9934733025329356,0.9974025714549485,0.9929783633489309
363,2910100000,0.9951346910703383,0.9951031587040075,1.0011768274967028,0.9988735765697164,0.9967016772794789,1.0024430628823975,1.0076103284570472,1.0082123341627285,1.0031996926693894,0.9990916901283439,0.9985837799387114,0.997143361902896,1.0023177268392567,1.0027728996227672,1.0019830778274101,0.9955168163391698,0.9905608544122386,0.9978333896644747,1.0100119393092066,1.0013122492490085,0.9992503355254743,0.9932513449816359,1.0051357000515764,0.99396187545172,0.9989485032849129,0.9994125723013414,0.9998090706947558,1.0062464813389598,0.9966294294793028,1.002632320388131,1.0034580068691668,1.003325368730528,1.0000685118194457,0.9946129251106735,1.0024143615343641,0.9980331507479693,0.9946309211235519,0.9992060347395398,0.9956641636426068,0.9986340134802295,1.004678001106169,0.9991258468289173,0.9983929920209798,1.0054430685930447,1.0026085947406154,0.9948730203313556,1.0005230936482126,0.9991492321494414,0.996387427060118,1.002676832746968
364,2910375000,0.9982084418759901,1.0011931721581975,0.9954558588582347,0.9973405644452888,1.0024149522522414,0.9969551640809771,0.9953148819755876,1.0026685006835305,1.001905994405199,1.0028403439880476,0.9994247381230217,0.9997623265773941,1.0045383861819284,1.0034062296724338,1.000908007171794,0.9996930851890637,0.9988432446771762,0.9963596933079704,0.9972733032716765,0.9994648230083474,0.9977650033948324,0.9967365670752574,1.0021947387440158,0.9946840559245651,1.0013729831498284,0.9900678392664495,0.998917346970517,0.9980475541717084,0.9988603756690205,1.000462749688109,0.9979660766034452,0.995030464492038,0.9954777232776776,0.9966078566195337,0.9973942375055247,1.0041784978452244,0.9978244144687138,0.999833184637095,1.0012282038297486,1.00307842304846,0.9983698036614994,0.9990407908795333,0.9968905192869607,0.9965897020900591,1.000972159812904,1.007581254606551,0.9969311832046988,1.0121778386793556,0.9963295984301299,1.001847305430649
365,2910650000,0.9992474561657458,0.9985229488018293,0.9940487696528397,0.9983860739831932,0.9927219484489341,1.0043399406125102,1.0050486854327665,1.0061252305853086,0.996563898255885,0.9990778503361316,1.001233657579083,1.0034726986505456,1.0021527515127573,1.0023824241832793,1.0057638709691679,1.0067822967274493,0.9999883985280666,0.995746549880855,0.997652652958052,1.0033785018413426,1.0037070051829242,0.9924821469203327,0.9990093732999566,0.9932588393807078,1.005124676328179,1.0036985559816047,0.9996708401214423,0.9994404426744732,1.00188908257709,0.9973169956525518,0.9960472527794564,0.9958841184593412,0.9975676019011903,0.9990656083842133,0.9962957709232722,1.002961680095341,1.0021469219088779,0.9962850392191571,1.0044659524721111,1.0032042055082093,0.9932885318424742,0.9973449947436792,0.9997140248046714,0.9996924835089904,0.9954416895782556,0.994395650791817,0.9961349603191456,1.0010342021500716,0.995624486698443,0.9969084336856459
366,2910925000,0.9971664801990062,0.9982504844892902,1.0018202718296563,0.9963072856997389,0.9981964125544844,1.001335275576627,0.9997829864878439,0.9908071783064,0.9965714503612798,0.9924368640635491,0.9968558588630355,0.998117009891621,0.9951511670960328,0.9960586555888715,0.9965127584618503,1.0003074421502114,0.9961949527475396,0.9993517307791625,0.9981840942270042,0.995653345057889,1.0051714207588487,1.001158358471597,0.9948345552806162,1.0008350948915272,0.9962430852868425,0.9927792446990964,0.9988401504226105,1.0035163616523506,0.997098960838944,0.9967856098857977,0.9941281553543191,1.0008374907708326,1.0014042916799117,1.0006539461018031,0.9987712795379757,1.0028352575091986,0.9977237087125789,0.9980323590111496,0.9966629667580148,0.9925107430903404,1.0019805060700795,0.9938484842504626,1.0037555770402184,1.0023263592038667,0.9957947254026389,0.9952009646439096,0.9952887761449486,1.0028373639954304,0.9943435767459913,1.0017277491847074
367,2911200000,1.0008503994480842,1.0035623614049027,1.00555018304022,0.9954013422547899,1.0041912999992795,1.0037505625551657,0.9970961015893911,0.9998010798889867,1.0034446626780247,0.9917878728948526,0.9992625308911057,0.9982067191601947,0.9978615749788246,1.0007331763879197,0.9910503867647036,1.0015450173717995,0.9977263586510966,0.9968985623930806,1.0000230558873324,1.0046562567122401,1.003312326800656,0.9936128967250522,0.9980159095113248,1.0023237595778378,0.9981229480717517,0.9965367365898192,0.9964289809939748,0.9961428629816842,1.0012493065044787,1.0035510124341311,1.0049557914602805,0.9993871266987822,0.9980620275671398,0.9923824247262217,0.9982573599947927,0.994795741723438,1.0020075101441206,1.005482848077071,0.9928969873012596,0.9954180789662131,0.9950304681449575,0.9974002098820341,0.9979023162802496,1.0014612697693008,1.0022606577432926,0.9950633584764895,1.0063693558357345,0.9979505899313802,0.9995880850257799,1.0000689448711793
368,2911475000,1.0001687745985774,1.00001996626476,1.000226002105953,1.0034730287793125,0.997734939184475,0.9984171484032464,1.0029941817846837,1.0079059745843768,1.0028385839967286,0.993692796093889,0.997920388881138,0.9978827580212745,1.0045642122158427,1.0043341897348423,0.9918027882216393,0.9971287875515904,0.9931078107030609,0.9978271964525782,0.9991027365773737,1.0002412925069373,1.0066772902155858,1.0019368878058037,1.0039380490947702,1.0024622603359268,1.001935957878805,1.0030043441893592,0.9993141958873906,0.9988700083469949,1.0035144762178387,1.001197097718281,1.0022663431150254,1.001948002425907,0.9962263933909826,0.9987633987348208,1.000807262700088,0.9949912574916928,0.9969905056136527,0.9988023743526228,0.9984303061760331,0.9968063776639432,0.996159501979141,0.9971493769486455,0.9966905292820372,1.001781555115907,0.9967886422944914,1.0106001929741442,0.9924753934751122,0.9970416300827377,0.999683555667753,0.9971250649580914
369,2911750000,0.9991283272030715,1.0036624921160213,1.0005684890858617,0.9952461035298084,1.0040946786511944,1.0057720611761694,1.0037896065929415,0.9966305357939566,1.0029131730676193,0.9990742941642586,0.9962236239078507,0.999445179210171,1.0009320387494622,1.0026733654986941,1.0049557804300102,0.9946933563375491,1.002153994883547,1.0026405495655841,0.9978627834750585,1.0000772350131946,0.9955493840704858,1.0023743815621975,0.9965651899589142,0.9972773318112417,0.9987802062418344,0.996116751814807,0.9958063687252721,1.0002421696580748,0.9988538290969448,1.0010762337201653,1.0015192360142018,1.0044461201873913,0.9969074135134448,0.9961582697359856,0.9987326196487509,1.0009028745817659,1.0036233933175378,1.001429762578827,0.9934225866668985,1.0009724793825912,0.9943475713630983,0.9995366400543338,1.0025900764752644,1.0019516841822098,0.9996816352163355,1.0018402020548591,0.9971355530280147,0.9995359258157023,0.9993845097571445,1.0086644900482837
370,2912025000,0.9983132573517262,1.0004043532160174,0.9963166030294061,1.006618547055761,1.0005116676822645,0.9957908603102028,0.9969555471660411,0.9991810014511937,0.9982562548844953,0.9987897103106235,1.0013522852555694,0.9943364030679464,0.9946554039029638,0.995876450501349,0.9974063519831333,1.0010078677101193,1.0005281275150073,0.9996521566917901,1.0004837525703103,0.9909394814711627,0.9992211029995433,0.9986409314625603,0.9972421449856052,1.0064350738069918,1.001246280661403,0.9988665520074737,1.0005142032759171,1.0068148273838822,0.997949146582395,1.0012083224225126,0.9929605541370583,1.0013428949461716,1.0024644023213776,1.0007768570779987,0.9973632741769156,0.9876161072275905,0.996380904876061,0.9953810239656,0.9912969015181655,1.0023970665788422,1.0012344957305297,1.0011296907687268,1.000342923356756,0.9984568021995821,0.995794486286431,1.005499835178817,1.004601129417276,1.002309226556545,0.9962378211746596,0.992191969846388
371,2912300000,1.0003946251070914,0.9999777867835901,0.9994575859450479,0.9903355610674331,1.0018603043244274,0.9937887710086345,0.9951044723812581,0.9986988932396462,1.0024734956184664,0.9989670817758833,0.9979933097959129,1.0048583630266195,0.9987889524708669,1.002129728307339,1.001966958331784,1.0030685426387966,1.0050775053586025,1.0030646312412177,0.9998276763044245,0.9998821192723211,0.9961016871394853,0.9979429810234809,1.0005488722250895,1.000071361237092,1.0005878591498327,0.9960305345217392,0.9960433721946218,1.0027957684720334,1.0034162425350515,1.00245511561574,0.9921973468200278,0.9939706180717858,1.0024952526063613,0.999824795485735,0.9974986167341107,0.9968242357482172,1.0004032457383127,1.005093142244432,0.9975430581860953,0.9939002418732925,1.0023428951661235,1.0033915151785815,1.0015910872946543,1.0057685443385649,1.0017373362645459,0.9895490661180341,0.9993606968039791,1.0020744182863024,1.0031348396714332,0.9964104355219917
372,2912575000,1.004908049660934,0.9974113411342228,0.9965147601739958,1.003504315531049,0.9975843337537897,1.0063040841542106,1.0003514960763662,0.9999770191973526,1.0041768483286044,1.0024249625252921,1.003229074562413,1.0024647574573482,0.9976830853291485,0.9962904841902264,1.0007515794831388,0.9945878333824635,0.9948730419295907,1.0014994679144475,0.9995159558517897,0.9979181485651304,0.9988337880115936,1.0038830168800388,0.9925485149928528,0.9952098229595495,1.0042110026897921,1.004642363947192,0.9992606963546756,1.0104182585864956,1.0000195666836809,0.9958700596082327,0.9983206131892589,0.997610583558616,1.0011261068032034,1.0004872125659645,0.998022655200791,1.0006477919775598,0.9968168059941142,1.0038755474530483,0.9987801048188384,0.9959884540161087,1.0058177826412535,0.9987615102808043,1.005537640115508,1.002328488676587,1.004739537169112,1.0016509367172066,1.0022380955239825,1.0005144224653688,0.9989638890455628,0.9916175078709442
373,2912850000,0.9949238399110831,0.9978024096806574,1.0061111926249902,0.9949461452954161,1.003241452811893,0.9979159827404668,0.9923619676055103,0.9960320557399619,0.9953836070499182,0.9967443720689896,0.9937213230667353,0.9935886344188466,1.0010338614460899,0.9959202359887878,0.9931171871493837,1.0019426095677835,1.000642361259674,1.004057325430009,0.9946102202593418,0.9929637069803932,0.9953017973242612,0.9947697340567876,0.9954801509723782,1.003949376596019,1.001793071755064,0.9936730524544822,0.9944299843471537,1.0008603394886186,0.9963343333671112,0.9908495571610985,0.9971133395943808,0.9975068497738188,1.00275019787033,0.996615949563908,1.001676505962932,1.0000059774825008,0.9986139256535126,1.0052825457301138,1.0036687196008964,0.9994144436636276,0.9965766281936209,0.9999948226039932,1.0023332396277616,1.0033667187094457,0.9977530195397273,1.0038301886147303,0.9980953160358523,1.0037450206931742,1.006864401815911,1.0046645712496642
374,2913125000,1.0036857449390897,0.9962129306511422,0.9945619472856538,1.0047896842534616,1.0030740775522993,0.9987599607364319,0.9972622220864694,1.0009236247449131,0.9905066333559883,1.0001654588507956,0.9985924068294664,0.999271325242553,1.0023669557732449,1.000371519356443,0.9985421929488829,1.0017763161905875,1.0015097763718286,0.9975224512218194,1.011703373934683,0.9918767267998418,0.9925553728896559,1.0038198401757537,1.004949139491338,1.0060723762693773,1.0005111935091664,0.9943147359968604,1.0029889789863937,1.0052694913818474,1.0065741894799745,0.9979259045536553,1.002459091819945,0.9994685667860492,1.0002763817459879,0.9943833726428071,0.9984868000648751,0.9998822711516936,1.001551732128078,1.0036700698139496,1.0060884603647067,0.9970315480656977,0.9985974084383374,1.0004364568729267,1.0035356143926966,0.9978648327675228,0.9976068852934457,1.0007389435699026,0.9975874221069233,0.9907186218292077,1.010837493532571,0.9987365812895709
375,2913400000,1.0029645148621125,1.0032411708038873,1.002272381122271,0.9982924952540775,0.9986422331646723,0.9975025530928205,1.0030191286930858,0.9944683689575935,1.0008804352028402,0.992503909924163,1.0094685774958525,0.9919525336712632,0.9967936513200444,1.0041098181884518,0.9958308809242784,0.9990212406757116,0.9990735634582498,0.9886570406747444,1.0033042714880422,1.003636679983333,0.998366403582418,0.9973412277020821,1.0056901525738104,1.0041000677419492,1.0018765426195835,1.0047271170335235,1.0011060637569933,1.000857976525199,0.9989744345516792,1.001373399762757,0.9976323254484709,0.9923328832586648,0.9989874285879002,1.004068200219431,1.0019263061117896,0.9979357391016119,0.9977112704717577,0.9998951344062347,0.9992357392783656,1.0076766286468912,1.0056728710313674,1.0023965634375946,1.0021431915692345,0.993818245560445,0.9955256561657209,0.997626804955708,1.001597191544496,0.9956626753491479,1.001857813947762,1.002610402255684
376,2913675000,0.9970514546497896,0.9985975478096105,1.0028112001448946,1.0058186260413824,0.9937418141567335,1.0001481608304048,0.9953603092355034,0.9998624981111807,1.000371162614536,0.9973039539437516,1.008954209988302,1.0032831023013662,1.0032511540618412,1.005181293880559,0.9917819410334022,0.9983767355905845,0.9995372508201251,0.9992844394458849,0.9963999333646981,0.9984051810941007,1.001827037957818,0.9981101131938287,0.9983697875548396,1.0018915172285134,1.0016750987919663,1.0019067993582145,1.0021778237819967,0.9977141181947916,1.0016257712193204,1.007878481807257,0.9986159647381062,0.9926296865158085,1.0067098693146213,0.9939843962333444,1.0014359340623094,0.9993107972272677,0.9969016093287992,1.0022306061987065,0.997679484413729,1.0028863572835764,0.9992213940304229,1.0005288427681585,1.0010854777761968,1.0031835524844173,0.9923544364209368,0.9973206699699624,0.9974679204742716,0.998664500563247,0.9984441352831865,0.9970327875038609
377,2913950000,0.998558342408532,1.0011455216111442,1.0044949705484647,1.0029963403429214,0.9989951408096821,0.9957099414298484,0.9978528789493241,0.9989647755060418,0.9913745040563067,1.002534287566626,1.0050127586339206,0.9919935662575062,0.9952423964772315,1.000903950569303,0.9973684793543535,1.0040558313876653,1.0033062767144347,0.9967628017023271,0.9972760467880211,0.9962153629525895,0.9976923944946319,1.0073116564275704,0.9994964794296745,1.003499126322801,0.9993353274636292,1.0020126510522882,1.0006072627647808,0.9988126687505314,1.004430173988377,1.0059795746988889,1.0008121409673438,0.9950902879586205,1.0014630322081408,1.0055036881198969,1.0058824774425965,0.9962553689410121,1.0020265890311741,0.9923464125299846,1.0025979838141115,0.9951614814578703,0.9969001237973304,1.0045355522341364,1.001945244401167,1.0017084915526469,1.0003633438692365,1.0004257176968254,0.9992546160543807,0.9969484914671228,0.9983369138409863,1.0056746174049143
378,2914225000,0.9951115941094938,0.9992065774892298,1.0000828770678338,0.9907110498691979,0.9918408244907996,0.998445964427667,1.001652443213275,0.9989540588561939,0.9920355303197969,1.0034595466066865,0.9999233748498572,0.9970303134587039,1.0028662269634654,0.9977332770920753,1.0024829137717515,0.9984588166900044,0.9990794060721555,0.9952013855582266,0.9977148918138519,0.9953798547639061,0.998482313549133,1.009111986432691,0.9980223507180307,1.0011515290465005,0.9968028868741216,0.9976243406134003,0.9978174684462164,0.9989361343629324,0.9981170588474101,0.9975076987623192,0.9965500060555348,1.002838102679466,1.0019712332402697,1.0004678542375565,1.001652719447962,0.9997346367743969,0.9967661778371257,0.9929169546836891,0.9899038210737761,1.007096433573067,1.0012492197512108,0.9953124494574207,0.9952924247829233,1.0026505064522948,0.9993971644294055,0.9982605630140374,1.0021163123279226,0.9995115023181904,1.0005259701225222,0.9998931227177836
379,2914500000,1.0023679482780614,0.9949786616115627,0.995975800951767,0.998523093815198,0.9908380271192029,0.9989295258598715,1.0072827557327895,1.0032272459861884,0.9989181701020822,0.9974227431869507,1.000084645525052,1.0032533544190196,0.9971012611254568,0.9956398282789092,0.9976163850505632,0.9978605714514791,0.9981679567784913,0.9984418030365815,1.0052902724888881,1.0031664513436709,0.9957224563777519,1.0047832229593967,0.999649811243434,0.998637586308087,1.0009053743773304,0.9968854498767158,0.9998033541241569,0.9969275594539354,1.0028822302443856,1.0035012958699785,0.9971464155673357,1.000175813819132,1.0003536575618164,1.00875874581538,1.0008145520016531,1.0030498983204839,1.0000326764881313,1.0028553890280776,1.0018168467485462,1.0008978178376036,0.9981639091583014,0.9924983084506627,0.9997183278463525,0.999224898902667,0.997745602025175,0.9997016352480586,1.0070950035511654,0.9936517334536502,0.9964019211795803,1.0087641511878118
380,2914775000,1.0018490263100694,1.0003531543534268,1.0113548738339633,1.004440578721704,1.0032812344644004,1.0002101583667782,0.9905111382768613,0.9993152698574226,0.9937801469030966,0.9897587155423985,1.0056971745582273,1.0009952107793252,1.0006787578270142,1.0016729406823166,1.001983515128709,1.0010147117538437,1.0033443848412564,0.9965879626406324,1.001723319002322,0.9965082957272635,0.9982963890830402,0.9981423752919515,1.0033506978821995,0.9964991325992781,1.0016597380183787,0.998053995218124,0.9977543848399704,0.9954648375413637,0.9977495684796948,1.0061063288036147,1.0050872412340495,0.9978755230028129,0.9977610518102727,0.9966713551141162,0.987910038967609,1.0042893440639071,1.000303512179899,0.998726439476773,1.0053721437576428,0.9992655290728614,0.9975580013400466,0.9989917097394849,1.004806963309145,0.9993146492466474,1.0049697407443987,1.0040385228003208,1.0082290692409384,1.0070202907432355,1.0038994659116125,1.0024001836465832
381,2915050000,0.9978541063563081,1.0008765508993054,1.0011056389884732,1.000219128420977,1.0024520352160606,0.9992743668990139,1.0045187196636456,0.9987023313758391,1.0075965918210552,1.0072474277223915,1.0040423381956676,1.0086676274712314,1.007469439776804,1.0006041039475524,1.003219558861706,0.9977027478256868,1.0012525764035607,1.0033232502706957,0.998110677961826,0.9965466724330341,0.9995865104978673,0.9988721439233174,1.0039775228911645,0.9981411593514786,1.0030237919980238,1.0028331560354555,1.0039478304760607,0.9998788626161749,0.9987163496304999,0.9931572042500907,0.9974046592434312,1.0049896312719264,0.9963616321381449,1.0027641559572267,0.9981116986827335,0.9986124664245042,0.9932884754054097,0.9982041552540348,0.9986750818933124,0.9982094119319624,0.9998877724298418,0.9993972466892276,1.007815321262155,1.0027596268683994,0.9987250167662319,0.9949960464044985,1.0030145595711906,1.0019341369892656,0.9928912697590413,1.0039084846189217
382,2915325000,0.9982312142801156,0.9967837863290917,0.996556415220911,1.0011459395987725,1.0042330477230783,1.0028795180706216,0.9986068462971729,1.000212662475645,0.9978493356166229,0.9990309494024938,1.0079898344554739,0.9951176262708238,1.0004173989912082,1.0022334081641093,0.995768528601018,0.9976108698643394,0.9941294081664966,0.9968557767141893,0.9986072460773036,0.9964482509586754,0.9997706369063446,0.9938026946594694,1.00253061529084,0.9952796742132216,1.004162922052886,0.9941343201488945,0.9987684034172003,0.9984252939802675,1.0032239829949283,1.0017122694564105,1.0028312117596165,0.9964969183018115,1.00019650206662,1.0051775655549915,1.0030970106668207,1.004720250431073,1.0033042836339279,0.9968327182879684,1.0033023417817075,1.0023546526571334,0.9977618905210446,0.9944076427744052,0.9973449457734826,0.9987906849601822,0.9981439890832443,0.9985791795061825,0.9933315625683105,0.9991460274990657,1.0005815750083056,1.001572716878622
383,2915600000,1.0002495290138342,0.990762683849637,0.9984058880096394,1.001824395574093,1.002980930693479,1.0077584650418352,0.9979300125818779,0.9970394376611906,0.9932984796483015,1.0010948913820719,1.0045573111254418,0.9976925472470061,1.0010802388868891,1.0057650530963977,1.0024082649519888,0.9960037739501759,0.9983396863815952,1.0011987063438905,1.0028201197833888,1.0033258748517981,0.995480393316153,0.9945769225239233,0.9953970871841155,1.0043847836468973,0.9965063183968309,0.9972355662226325,0.997047125614646,1.002024954334804,0.9935293069629108,0.993345254942885,1.0060649279345488,0.9975851320915379,1.0073788467195117,1.0008046028294142,0.991763812928979,1.0020709306912385,1.001587904794388,0.9991541357979208,0.9980190052208641,0.9999302673875812,1.0048413589942535,0.9920035226933285,0.9993960176910259,0.9994259714762936,0.999523221504083,0.9998612116520004,0.9933480133166988,0.9967282835074823,0.9999114612969237,1.0033765697080261
384,2915875000,1.001044735195261,1.0001473792968476,1.001404437333699,1.0001329128773757,1.002428514399332,1.0012932069909402,1.0005455332743305,1.0024320844105679,1.0020674502511857,0.9960974674937395,0.9996060840303762,1.0054564372983303,1.004023721932204,1.0032724282428342,0.9989169817385248,1.0021124965869384,1.0006128841008233,0.9970770989811985,1.0007940405916842,0.9970474735525975,1.0025905844471767,0.9948786786003998,1.0028851042417677,0.9989213817416116,0.9964950419620613,1.005980830013208,0.9952935251988406,1.007409159859938,0.9987760823740274,0.9945082927229055,0.9907517708656314,0.9964883246222732,0.9989510329693555,0.9961098518232671,1.0072450175019263,0.9955453586750026,1.0021702896137312,1.0027393033253889,0.99779407623134,1.0079190537462603,1.0032251290550656,0.9981169452572478,0.9967820694565376,1.0018438058866141,0.9999725399764671,1.0035121984467077,1.0020118744205229,1.0111529555128485,0.9941097520945138,0.998125549420476
385,2916150000,1.0004907330354555,1.0023312778592341,0.9957010756290986,1.0034016023835404,1.0015729265052193,1.0071198690727718,1.00170269977162,0.9949230916383741,0.997696497868654,1.008771776408789,1.0035197713418884,1.0024093097179492,0.9970242255452797,0.9936362982303552,1.0012912616244711,0.9948597992637142,1.000480175517197,0.997475509757385,0.999785322418314,0.9952794544622271,0.9950947295699167,0.9981972458976708,0.9986404042521781,0.993961077084455,1.0020134618094982,0.9980645025803869,1.0008922739737693,1.0015269928604091,0.9987631101971938,1.0042262051794386,0.9959971635151169,1.0035929151510568,1.0035268853876032,0.9976959889539848,1.0030746071967929,0.9996736180342429,0.9936095213718213,1.0061136718603396,0.9999727447205502,0.9977811700132364,0.9920121788896448,0.9971350810564714,0.9993051109813114,0.9981251495459731,1.0069211270548521,1.003578400730283,0.9981835031014181,1.002468284574147,1.0007874626950726,1.0009372270440065
386,2916425000,1.0051068369860354,1.000626917256499,1.002505200291501,0.9886741291792719,1.0055847246469682,1.0049077854168764,0.99135084322095,1.0006502688367467,1.0015383297516514,1.0022352323047123,0.997363761818006,1.0015174730991405,1.0063635021250819,1.00450993425795,0.9946479398112454,1.0000947710498822,0.9963489943406647,1.0016831185596355,0.9973041372111412,0.9959420926961863,1.005005400936571,0.998102535664594,1.000551383342265,0.9964929523926596,0.9961564300587074,1.0008865150473139,1.0085492967058511,1.005328609093393,0.9965567370955292,0.9975728749837083,1.0023483628778327,0.999766702908324,0.998011161073759,1.002222358532196,0.9941686764241732,1.0024893972517375,1.0027199166593368,1.0042530692712608,0.9976544872068286,0.9973155032915176,1.0025540304674014,0.9999671054466428,0.9967045952870527,1.001589797499018,1.0053557784196838,1.002524347821047,1.002977627159603,0.9943926490083744,0.9942123607667462,0.9955812729038258
387,2916700000,0.9990618685513382,1.0001243895980887,0.9955540989357311,1.0048004134755482,1.0042546952933213,0.9949638330660944,0.997397278644018,1.0075449410088388,0.9979944234023108,1.0035779998954741,1.0063631148678223,0.9949996825716892,1.0085030048037842,1.0046030118722087,0.9950245294243169,1.0059690541641055,0.9989362202062964,0.9982643712785766,0.998636755074541,0.9986231451877883,0.9970233409855547,1.0025085440283588,0.999730622595391,0.9994453925971981,0.991476093946426,1.0018525738895505,1.005263476455519,0.9991830619662834,0.9998181145370396,1.000837912628651,1.0021811173726682,0.9926051554109351,0.9934332825946108,1.0034991446411252,0.9938591738547307,0.994250973762058,0.9997328437268183,0.9990314187824312,0.9982466913663112,1.0114235414313013,0.9967736284546089,0.9953893237717922,1.0028091084822353,1.0041212027804478,0.9951612084354834,1.0029710287068758,0.9990367003246388,1.0044104077608342,0.9946678608676439,1.0048244044132877
388,2916975000,0.9966492221666293,1.0032419877140422,1.0015920737923323,1.0027631610986878,1.0074440329445409,1.00244184592948,0.9908748701911478,0.9944810193064747,0.9980830062720311,0.9974096314286397,0.9944581787053766,0.9990319872427239,1.0051619906337819,0.9960247421953734,1.000599707380368,0.9967847036392321,1.0018699626034429,0.9970426702050946,0.9935495858664327,0.9992348803112664,0.9982118912027371,0.9920415578307427,1.0029434661839325,1.0014209623672645,1.0024947016642658,0.9973921176402833,0.9942992618313564,0.996228124537424,0.9969232738990895,0.9941293262617781,0.991682834276659,1.0009048127713898,0.9988911162624119,0.9970143175592056,0.9991866258963189,0.998118475566845,1.0062751108798476,1.0025673915856523,1.0059986841077728,1.001281922623894,0.9973650808864011,1.0020714967938005,1.0023112328757628,0.9993012500823037,1.0051922948053942,1.0015181774766333,1.002252644024318,0.9976614044307222,1.0011031827836347,1.0027959259247265
389,2917250000,1.0013898745718002,1.0029002154243407,1.00046869199435,0.9968115845030668,1.00183948194716,0.9929854833230173,1.0043585647876387,0.9952262684020529,1.0024591720378893,1.001537900702788,1.0063982309579032,0.9989426686562064,0.9959812788437955,1.002908486644216,1.0035013016211072,0.9959931221153223,0.9969523946631675,1.000893593191509,0.9926065422192213,0.9989421879545762,0.998239152390141,0.9990707083672936,0.9924039188050348,1.0034275940190813,0.998928567823284,0.9915492156529139,0.9946608308008004,1.0052834759972844,0.9909995872861446,0.9999925668331634,1.0003523674512036,1.0048531504269882,0.998652525685498,1.0051740025548008,1.001195091034454,1.0087898803526052,1.0050817642095864,1.0044042531441717,0.9964516060962477,1.0045258601899387,0.9980680230644303,0.998073611507019,0.9940934667868317,1.0044934188856944,0.9962507207095617,0.9946283411206795,0.9950532272905455,0.9992127322339174,0.9982341923228715,0.9964458480317147
390,2917525000,1.0047914065283472,0.9990025450694711,0.9958310189426085,1.0037068317217834,0.9998403899514058,0.996702697711364,1.0007814866196088,0.9979224895231225,1.004101415257634,0.9984352815251544,1.009166764833664,1.0106934107017052,1.0029260852354014,1.0014197898375579,0.9969420654784372,0.9972530332483978,0.9940301708230993,1.0031197015259605,0.9941316745632577,0.9990717340060231,1.003523198590549,0.997568985641681,0.9998552589713203,0.9999512636578262,0.9952890264952732,0.9982016172856834,1.0086731026943314,1.0001846908814889,1.000862697110992,0.9973313014274567,1.006369198323015,0.9984529083720155,0.9934290802211918,0.9986446937019682,0.9993722301285619,1.003209187872386,1.0054575685874627,0.9997935201423932,0.9959959604869978,0.9975956791765076,1.0031363246647063,0.9968024779137504,0.9987221191189225,1.002049764167609,1.002113031925078,0.9979819731413859,1.004521831150347,1.0074735624633144,1.0014118739266336,1.0020332541196826
391,2917800000,1.0018591242377126,0.9974006647442497,1.0019362887131738,0.997213726997602,1.0060388028215619,0.994753354906484,1.0033667984467511,0.9972671818429222,0.9982217632519443,1.0010916684059548,1.0059772631642985,0.9957581140818792,0.9981855851133313,1.0035933929855543,1.0049457647898852,1.0000209928754957,1.0032768688355596,0.9997123426364257,0.994650370366516,1.0020638026362247,1.0035843700133267,0.9995125816202135,1.001120027567922,0.9985867385459791,1.0063546737524518,0.9968980388539086,0.9989329404723213,0.9975161942321338,0.99561683565176,1.0039612254238703,1.0028093180754314,1.0025812029543095,0.9954913951677615,0.9984679503218992,0.994638458025871,0.998911681155074,1.0006195700841234,1.002167380965507,1.0027234050949776,0.9995931812150918,0.9959518273104055,1.0020872110108683,1.0023693879086963,1.0035790912125913,1.001279104897457,0.9887914339358197,0.9927786348483185,0.998509439535674,1.0005739818832173,1.0010117429229133
392,2918075000,1.0005129143913258,1.0046212957181127,1.0000522885066079,0.998525405397077,1.0031289473766913,0.9935460610850877,1.002169118241233,0.9982922542498708,1.0015778242655204,0.9978569647564391,0.9993126893782354,0.998960394857402,1.00586369039463,0.9954426601939013,1.00664365007313,1.0006183389993322,0.9943197666150131,0.9972809588456101,1.0049997981812773,0.9992960901211129,0.9994958355677471,1.0042960275070305,1.0088952827401994,1.0031028847622214,1.0001390633629756,1.0015535794308765,0.9990922380921591,0.9978141327392602,0.9993770949513585,0.9994420180628439,1.0036818162577328,0.997981409758952,0.9966911606464929,1.0007753959552652,1.0041112275195814,0.9984914152261415,1.0031501813381423,1.0001433444011174,0.9999154809009676,0.9998137268818612,1.0040307234796106,0.998026929931856,1.0000998814446025,0.9993361560330953,1.00168588232224,0.9992758401049202,0.9962156805468351,1.0055468868057658,1.0052191746009367,1.0021103773949873
393,2918350000,1.0056703161577405,0.9973689361156206,1.0000580596638835,1.0016661473685333,0.9967385341104538,0.9962778591086203,0.9961298365009147,0.9950117511014507,0.9962790388650064,1.0027355439135814,1.003701417418897,1.004577108041067,0.9924239969315126,0.9983492844820546,0.9996220275861911,0.9954530546354358,0.9985959285449048,1.0038517392454398,0.992925362779064,1.0037424503360621,0.9973825827283358,0.9981507571845261,0.99438690296136,1.0019714750997424,0.9989434605825686,1.002252577989457,1.0002575633681707,0.9978716598592589,0.9949119946288938,0.9947811785381813,0.9946646797084504,0.9983383588061098,0.9964236972854782,0.9979610181132458,1.0015321617870414,1.0068070491663597,0.9967118744404244,0.9968505633759737,1.0052216578300148,1.0018472797507172,1.0026371996275525,1.0076392066252227,1.002590337359698,1.0003640836356449,1.0024604586161803,1.0008771652403288,0.9995470407674463,1.0004306797793054,1.0064843690840424,1.0034659917050233
394,2918625000,0.994804497277676,1.0040451352602362,0.9970487355922032,1.0050571034300975,0.9930125560733687,0.9931535753222455,1.0019428858771469,1.0053903278521816,0.9983248325066789,1.0019578350611509,0.9966689887939127,0.9926968399822933,0.9982392257965875,0.999430151370563,0.998005882452045,0.9960733840602243,0.9980124657272094,1.00399907525652,1.0039321962748755,0.9998607737359188,1.0040275693129186,0.9981452364098621,0.9972628287479868,0.992993028455721,1.0060433400077842,1.001885726848932,0.9975920977188535,0.9995138086391565,1.0019596440183236,1.0060418677874816,1.0002872503628655,0.9961545177585485,0.9979055264385619,0.9957236099713647,1.0013830784933035,1.0059730099663746,1.0013453729591033,0.9993596074076438,1.0019532752326346,0.9962486080725671,1.0021152588302509,0.9927613317773233,1.0023134815911532,1.0006415397926436,0.9997071006616892,1.001516571570252,0.9950587069622915,1.0055464061856907,0.995990348260452,1.0014446514474906
395,2918900000,0.9993197754775472,0.997706097233061,1.0034793224557639,0.99596690508974,1.0000895328728927,0.9961518293479643,0.9999996540514611,1.00489987236836,0.9963607258188465,0.9978575778807556,0.9980559423548753,0.9939707771821831,0.9999686621545321,0.9888318551114144,1.0053466941211422,1.0030129256052895,0.9962783938887352,0.9944297845810955,1.003911578572995,1.0017914783119926,0.998591944912752,1.0005643235078305,0.9983809461944576,1.0078651756510026,0.9995005455897424,0.9979446405611027,1.0008929566604803,0.9966764080910704,0.9993889508919332,1.0014997251889348,0.9980479273413335,1.0036312785344457,1.0038261972737876,0.9966059953206321,1.002336245411191,1.0001856426699556,1.0013236425768972,1.0034025932615949,0.9996714050949888,1.0018163522743257,1.0010962172819309,1.004018874545887,1.0012322882434763,1.0057277165842933,1.0002463435665339,1.0012510021568852,0.9987079652534376,1.0007352742679092,1.0063735061037393,0.9995852444634643
396,2919175000,1.0027114355782007,0.9947489929090807,0.9969294478868639,0.9957376285045482,0.9980252223906846,0.9965268018021738,0.997254583585977,1.000644111092179,0.9982956278413132,1.001281122894226,1.0023656621868746,0.9977727557474009,0.9946577055919815,0.9933067098291336,0.9989180098183382,1.0004434530380635,1.0007745342083172,1.004362261277758,1.0048899929898556,0.992423920292811,0.9921839163601195,1.0064953370248202,0.9980733380059006,0.9964731335157943,1.003773854447179,1.0005029919978115,0.9923036861301605,0.9998448774131159,0.9987985753574016,1.0057070017323306,0.9995507189038618,0.9916682995200657,1.0014608629802866,1.0040018080909765,0.9944781768577201,0.9940701479006905,0.9975205063398666,1.003056247955739,0.9986617898017358,0.9984451861961597,1.0010829164915414,1.0009048100816575,1.0063001440595458,1.0006101808286505,0.99981150384359,1.0015043384213496,1.0056325175251597,0.9984057599826774,1.0008917424770067,0.999998658495011
397,2919450000,1.0043446571724721,1.0042238978911666,1.0084374225560861,1.0028074271239484,1.0056013387631964,0.9962255102269892,1.0023734761445429,0.9969357633895873,1.0046015405895448,1.0039053797418254,1.0038820733268088,1.0036379912335232,0.9996780254128306,0.993971551046564,0.9956113174082201,1.0048108298575913,0.9992927746313102,1.000300475695199,1.0000678522836914,0.9988809634216352,0.998263198125232,1.0056391524985269,0.9972782412033336,1.0040583272135497,0.9980201265622428,0.99779739433934,1.0050423531231203,0.9996594708129779,1.004258126916237,0.9980728845831142,1.0040683812616262,0.9946004935023726,1.002027283255293,1.0006586181409542,1.001223030339842,0.9992970012551936,0.9959523305733521,1.005918249856251,0.9945624453398964,0.997527000866321,1.0034015883595724,0.9983756481470818,0.9950684273032404,0.9934109836309852,1.0062629285501314,0.9989786642308753,0.996568266807687,0.9965165727490977,1.0025769231613475,1.0036403328885026
398,2919725000,1.0011854928399286,0.9950799896962639,0.9960670335441809,1.002489293486848,1.0007925676542637,0.9999890959764206,1.0043041750174804,0.996761346967928,0.9963297359832117,1.0053380295796313,0.9999691416372213,0.9964819658954337,1.0007959907085537,0.9991521173804004,1.0002129610923924,0.9961259144868121,1.007432451347214,0.9952970849618036,0.9988700898527815,1.0002740875006013,1.0022081081307592,1.0062960905809724,1.0038114600478663,0.9984930564640911,1.0010419413358966,0.9942614861031418,1.0016711620467211,1.0004095335493224,0.9931893473881352,1.0056141271799164,0.9983342237362659,1.0013959364206868,1.001551042090413,1.0039620067204744,0.9981115055757855,0.9963342244331115,1.004491357927968,1.0008664289131266,1.0006845971694311,0.9975437653461364,1.0022360278567117,1.0041400531078155,1.0044519873007176,1.0014763559742224,0.9981498679392891,1.0019507066025435,0.995999115491227,0.9960300653038089,1.0014212585264008,1.0015356744693031
399,2920000000,1.0027683185589917,1.00031229831864,0.9996844293427669,1.0009699938964367,0.997186878835562,0.9986325176499948,1.0059295157074828,0.9952286248333473,1.0031602528584371,1.0012905526971319,1.0075346725658776,0.9960074089941849,0.9951864231313245,0.9973186183355296,0.9986929127980204,1.0021192149809846,1.0041578419627253,1.0020938419357033,1.0130954785908166,1.0003432819286324,1.0034336440560612,0.9968504514351666,0.9971836507259132,0.9999297665905096,0.9991904973064908,0.9980577279457117,1.0057006896040075,0.9962112756684831,0.9968682122060697,0.999991238529839,1.0024954417888936,0.9986757011263272,0.9965823309813421,0.9952109163893168,0.9993693900277333,0.992808995077486,1.003701261458805,1.0097372671461742,0.9979727041035139,1.0007979358066688,0.9996204814489811,1.0108090434375303,1.0045172205199768,1.0035857070805212,1.0038784007944033,0.9976298409546261,1.0012565992321347,0.9925994850145823,0.9985150364350095,1.0028020485141231
