,0.0,1709003834.0,1709005656.0,1709007477.0,1709009160.0,1709010981.0,1709012803.0,1709014625.0,1709016450.0,1709018271.0,1709020093.0,1709021915.0,1709023737.0,1709025559.0,1709027381.0,1709029203.0,1709031030.0,1709032852.0,1709034674.0,1709036495.0,1709038317.0,1709040139.0,1709041961.0,1709043783.0,1709045611.0,1709047433.0,1709049255.0,1709051077.0,1709052898.0,1709054720.0,1709056542.0,1709058364.0,1709060194.0,1709062016.0,1709063838.0,1709065660.0,1709067482.0,1709069304.0,1709071126.0,1709072947.0,1709074774.0,1709076596.0,1709078418.0,1709080239.0,1709082061.0,1709083883.0,1709085704.0,1709087526.0,1709089350.0,1709091171.0,1709092993.0,1709094814.0,1709096636.0,1709098457.0
0,2810550000,0.9960496900392424,0.9957347092012935,1.0013551003202215,0.9956224307693623,1.001362630472251,1.0010551790744715,0.9961195674461163,1.00888967835432,1.0030208916238257,0.9974531349448976,0.9960739128774637,0.9955439732209209,1.0041336176835693,0.9957343779311493,0.9946822859949492,0.9997541107576924,0.9975360268420608,1.000975859456623,0.9997641726090583,1.0014545039184308,0.9940346891033639,0.9913225399707187,0.9996950109743639,1.0040597081528806,0.9959089735543647,0.9998343347295267,0.9932688907539571,0.9988521051307251,1.0019321106471533,0.9973016786119486,0.9956250651246757,1.0035682849528598,1.00183129986748,0.9958686927283653,0.9993105755752435,0.9988848117498947,1.0003838272969057,0.9976320558611411,1.0039114514065772,0.9945139366631955,1.0036820558748407,0.9979312800050321,1.0026657145889954,1.0006452061594158,0.9985963334524599,0.9973513638212027,0.9897368166088998,1.0004579990095965,0.9970499858492388,1.000135736069472,1.001318472665994,1.000829518905641,0.9964715805528868
1,2811100000,0.9937430312818604,0.9994554368235617,1.0034735676322268,0.9982638589618175,0.9996797616401092,0.9950411676603024,1.0019582703333911,0.9995756115942831,0.9969171637085715,0.9925729462463595,0.9962160047697601,1.0003087825649237,1.004668678015887,0.993948292521585,1.00323963923424,0.9957112023121072,0.9964031148547704,0.9957951458953216,0.9998487959550918,0.9943906454707531,1.0003509515295432,0.9985514416885427,0.9987377410947338,1.0002814533873112,0.9927221762239595,0.9939865700751462,1.002780825297719,0.9995933876445169,0.9936900178343029,1.0015501083094693,0.9945070289693053,0.9933749766710674,0.9972837432606703,0.9979894926152493,0.9999089389756595,1.0001272141109967,0.9998484605528007,0.9995297565122955,0.9980034669991337,0.9987119670520003,0.9944407079924139,1.0088262284997822,0.9983502045250672,0.995705040993397,0.9929921610466337,0.996418513360807,1.0052947825825806,1.0017511840339346,0.999042565080838,1.002382878312617,1.0023991767660199,1.0000739158135719,0.9948100411357125
2,2811650000,0.9938438641075021,0.9996650453405196,0.9917234717730765,0.9918977058829108,0.9949170719040488,1.0060483215346225,0.9972097316753578,0.994771203921639,1.0053109773141473,1.0014739386506544,0.9967901177778273,0.9921587915520736,1.0030303813702157,1.000664487608256,0.9966475896068879,0.9993167576834221,1.001621615249201,0.993452977674401,0.9959631648789831,0.9986903207125262,0.9961081522565238,0.9989206244636601,0.997486893910038,1.0014253531998303,0.9988252663601781,1.0020102317106094,1.0008603325408547,0.997751607774729,0.9944166740405568,1.0005368470953062,1.0013818486689376,0.9980279650661726,0.9996028916601384,1.0024215172264161,1.0019841353051822,0.9972816919270252,0.9939498397053215,0.9961604762929572,0.9970845221170848,0.9989413847732908,1.0105341597785287,1.0033815216635211,0.9910942275921629,1.0053579878777092,0.9991274602001101,1.001993699337126,1.001891884301266,0.9944091447565501,1.0029032633487576,1.0027020932519544,0.9979471408797413,0.9954024145562536,0.9983253532400662
3,2812200000,1.0039229410671209,1.0025265160719468,1.001522715544009,0.999828552803124,1.0003635055225255,0.9995522527819785,0.997794354857462,1.001416659156095,0.9970557402660477,1.0010566234647367,0.9968792434463588,0.9954889747782885,0.9973666028870379,0.9925150697076423,1.0044289757726945,0.9948284539592261,0.9993860620487962,0.9980793727080275,0.9982265962857253,1.0074756137113887,0.9951256136721085,0.9963851905581367,0.999644473989883,0.9974157710854108,0.9929945122610293,1.0021051961204113,1.0020370563063619,0.9991239465250862,0.9986901195725821,1.0024576498680362,0.9938018449496769,1.001323674221086,0.9932853941608387,0.9985648330638572,0.9989063759616307,1.000492071175451,0.9939623618658152,0.9948408006612403,0.9961932302347585,0.9972561024402323,0.999491308504404,0.9905113170772157,0.9986297183331325,1.0019120733626343,1.0003812218876447,0.9927478818418235,0.9987363149578452,0.9918421295634811,1.0002308009153136,1.0000884966817283,0.9959390972681118,0.9941557266310361,0.9954463482138484
4,2812750000,0.9958242631232367,1.0020613081442407,1.0038510747355078,1.0049240534609294,0.9884334224159675,0.9996183832515473,0.9977759479502647,1.0019641530406738,0.9970213406472407,0.9893308545436988,1.0032064913734977,0.9951999304928482,1.0006200860991612,0.9998359144106428,0.9955152116464395,1.0011541744684918,1.0013220917451904,0.9966594385434897,0.999272368642665,1.0067917002876936,0.9946998946600841,1.0029177487646428,1.0025309542238028,1.0004480423191664,0.9992015621001183,1.0032136816512296,1.0007807699361626,0.9936438352363028,1.0003182037094613,0.9955718914139847,0.9982227217953308,1.0015677939530638,0.9989471505297034,1.0033653957378528,0.9985257924717521,0.9979545373603552,1.0061726223819898,1.0004088771836988,0.9968716068011287,1.0040587139073491,1.0007896555097173,1.0025773578707051,0.9928262301775618,0.9902193913275797,0.9969941769204366,0.995409424313054,1.0025308928252512,1.0018482601421983,0.9984445180030829,0.996207760446633,1.0044300975913933,0.9967613027612455,0.9962241160374076
5,2813300000,0.9987228549152533,1.0013177474844028,1.0086355694498905,1.0019627241277238,0.9915139073685499,0.9919464325989492,1.0031401043394594,0.9982245294768259,0.9990941458245761,0.9945000382487084,1.0019817192811575,1.0021050005964627,0.9879979314076175,1.001820343571772,0.9954733279535525,1.0021442692565197,0.9984241920787141,0.9971853052462443,1.0013807585448067,0.9985607482835148,0.9984831188920587,1.0014478989813531,0.9980143951728022,1.000931237840225,0.9992254170134665,1.0034139684322287,1.0011187698351283,0.9982332310572728,1.0003557963178915,0.9930672127391326,1.0048265312090918,1.001049159982157,0.998692576279908,1.0004988158795136,0.9973854252820453,0.9987833749686373,1.0002181739879117,0.9974080198539058,0.9948921259200569,1.0000928458891345,1.0077776155816436,1.005087783491874,1.0014302411816627,1.0039903135064183,0.9963976320384258,1.0005513466068003,0.9982337398615353,0.9993295322974438,0.9966686247032208,1.0001050257463606,0.9942334187303065,1.0005006840370985,0.9889252312743234
6,2813850000,0.9990704742280935,0.998486116702172,1.0060329381870123,0.9934900600266798,0.9975580434310183,0.9976398626958974,0.9953278213199331,1.0021214810213532,1.0050044085705299,1.0031104227588832,0.9903241005642515,1.0019838949692335,1.0047975951295696,0.9973293508793492,1.0040272712526979,1.0036914285016485,0.9977025574768625,0.9970953141319784,1.0040189714481054,0.9974782224057102,0.9937944076216827,1.0000647727226248,1.0000579926779887,1.0051204614166396,0.9951892684970276,1.0061636256471602,0.9959734776294157,0.9931742822477803,1.0026863364318839,0.9956156742297625,0.9972311727831447,1.0042418487046871,0.9968721628477939,0.9975195100195725,1.0007852610889714,0.9978379273681023,1.000434032449387,1.0038894769570132,1.0029775380765664,1.000790502426501,0.9954070679819714,0.9947485796484695,1.0011788560973316,1.000347259810585,0.9988519263975764,0.9965804919057837,0.9926084000826494,1.0031233474746042,1.0047530155383562,0.9990063577330767,0.9946124024006383,0.9995836302831358,1.0023173090204487
7,2814400000,0.9983773502709316,1.002034409292911,0.9990131266971883,1.001100825641344,1.002859484271833,1.0047496122653574,1.0014148864022363,1.00042422656591,0.9900716089233704,0.9978441514450426,0.9995869226178379,0.9968768744784156,0.9988769957250913,0.9989206440440157,1.0035112416515342,1.0016016506416467,0.9964654748361893,0.9971407960346836,1.001409451783834,1.0024028799318077,0.9943098008456249,1.0002330715125998,1.00336381132375,1.00074615664968,0.9991146076518803,1.0029164701180542,0.9966719660390546,1.0025276868569593,1.0011765702532127,0.9918773721680454,1.003864840989399,1.0009217339977272,1.0007030549567053,1.0063221713865884,0.9964306240136351,1.0011484656875604,0.9941818190605792,1.0000881949989402,0.9937193923053872,1.0019928823165465,0.9927787326659818,0.997362719334148,0.9951650229441712,0.9973243633760442,1.0004640566517413,1.0028611599536503,1.0025890513307645,1.0002092488408671,1.000070854371583,0.9951798551897671,0.996250605965265,1.0007683002729824,0.9958849848013928
8,2814950000,0.9942048240553568,0.9977455032068065,1.0018784210190164,0.9908135016141024,0.9988235219093151,1.0053695954283757,0.9974752735984898,0.9999406239666626,1.0004492973231442,0.9982991637960542,1.0020675284633263,0.9982715338892122,1.0053783270163137,0.9957846334143923,1.0037776081211833,0.9972084104602317,0.9986779382203004,0.9987184523282978,0.9979608040436196,0.9997906131024086,1.0027503005974767,1.0007891672796687,0.9990953215648862,0.9985426049705286,1.004609561282286,1.0013966061909576,0.9996793817060451,1.0010042759140763,0.9968014798620516,0.9994183792378327,1.0024847548027307,1.0007609420411967,0.9982641808004799,1.0000745107647575,0.9976972711523242,0.999755099308327,0.9969563225294266,0.9971458028830502,0.9957259410802085,0.9986078233984143,1.000086113126863,0.9969531799417101,1.0047608309204898,0.9984487618676925,0.9956556496115568,0.9929756822314377,1.0052229352661408,0.9974821329504708,0.993213949852209,0.995005882459024,0.9958130569230718,1.0033182404175414,1.0076205525716524
9,2815500000,0.9977667003321313,0.9981331373209137,1.004426634095413,0.9926476816770758,0.9970651455425901,0.9980064772534428,0.9969435226081929,0.9972738767532485,1.0003625549189816,1.0055130651048965,0.9936994955262815,0.9982691982232597,1.003532272431193,1.0030034276405841,1.0019431913403052,1.000328845986909,0.9945960491537486,1.003367480003272,0.9938603683592446,1.0015579636129686,1.0001526619578822,0.9953057960847115,0.9968583792845874,0.9981471934016627,0.9968271900162365,0.9973090619997931,0.99724989134489,0.9970037955646422,1.0020577738870904,0.9983284304178126,1.0022813908040953,0.9967184318249345,1.0049594871883458,0.9900970278226089,0.9994505577689156,0.9992284523762647,0.9973131974863946,0.9984051797105022,0.9992826649594418,1.0024774752812335,0.999661405479868,0.999568213228054,1.0009006052355252,1.002198063766653,1.002703340773332,0.9981675990047881,0.9988619168246825,1.0068952169810728,0.9926789567790386,1.0008524613578829,0.9996463129922177,0.9965045781146848,1.0040172109656313
10,2816050000,0.9990902462950699,0.9960962520072587,1.001185827980671,0.9998291667156367,1.0004562822042173,0.994296381039163,0.9965947161963161,0.9957824137487605,1.0087019805563444,1.0052805010048542,1.0035295854078297,0.9982881909424085,0.9958245639491483,1.0067930513562007,1.0036782190949363,1.0036964654240956,0.9929973290632718,0.99979917723111,1.0016586517566795,0.996000406193333,1.0047831316013283,0.9954638239400605,1.0033938037233532,0.998827396184755,0.9891593907114142,0.9967349716732894,1.0023481706036719,1.0043307667768482,1.0034840280299657,0.9991755650148642,0.9972442331889848,0.9988548188070102,1.0005438078841316,1.0013651552186837,0.9982915279493195,0.9952758930548552,0.9944968119272911,1.0090476934556227,0.9928030409250581,0.9997662091814209,0.9956676715835131,1.0003315506593824,0.9945304569144359,1.0034999615040416,0.9969703208511567,1.0037878219406748,0.995705831347134,1.0014177991953048,1.0039787126826463,1.0007868833754519,0.9985657204104516,1.0030126760613165,1.00580068391573
11,2816600000,1.0014598105627326,1.0085126126428945,0.9987582663448583,0.9946195196622987,1.0009738258811625,1.0018263081640477,1.001922974288545,1.0043050519490868,1.000201275974548,0.9993957518874281,0.9994685692108255,1.000559829329089,1.0028256054937688,0.9953797762714944,0.9960438003431468,0.9958204231038883,0.9995808012557071,0.9941647104070298,0.9978884689959492,0.995998094650261,0.9983003271159041,0.9945159768006427,1.0036371126616488,1.0001220390654266,1.0025180780823149,1.0092569392289528,1.0015019079478316,1.0017117249006364,0.9993255299908255,0.997287648111076,1.0025183869723542,0.9959075506970531,1.0084728210645821,0.9968365057853569,1.0009200480844251,1.0007775957897447,1.0007995858694532,0.9968556811431711,0.9979501096825291,0.9956120115945388,1.00197260016142,0.9983274140222806,1.0032972003516154,1.0000534421705305,0.9979518240144768,0.9982430354462428,1.00221079170622,1.0035981724788254,1.001424016763689,0.9998524498237493,0.9992975462553334,0.9961073568763403,0.9954265858466061
12,2817150000,0.993132585983137,0.9970445195320763,0.9988974362155607,0.9901644352757166,1.0029062452275892,0.9980895655838908,0.9997493379036122,0.9972503539791882,1.0057957289388852,1.0046670304028507,0.9961928717598909,1.0060192149668252,1.000326295724851,1.0023761332054983,0.9966155825536754,1.0006231405211108,0.9974642908443004,0.99654543869437,1.0031290277897034,0.9957309246920333,0.9976996009254414,1.0010488535006277,0.996011196892846,0.9979885645239711,0.9974069499269173,1.0006371432976429,0.9924539343661369,0.9912852927589493,1.002282291291956,0.9960991863748401,0.995050430450655,1.0008129394669396,1.000725800899851,0.9951090090297173,1.0034902436165174,0.9987664673498703,1.005601023682429,0.9969904845984111,0.99801970302973,0.9997308051081198,1.0001066332536719,0.9956750508912589,0.991781947639067,0.9941554061629113,0.9960241567160706,1.0007815629339454,1.0023740952647673,1.0001763437544546,0.9994901535130394,0.9978586999123673,0.997686594663327,0.9967686877564532,1.0002258545921783
13,2817700000,0.9929491844685799,1.0006259882319397,1.0037725032652436,0.9951343899543403,0.9972788413173259,0.9970854715356088,0.9988661948636394,1.004400835323023,0.989579015567161,1.0036728832115283,1.0020190480097777,0.9972460584476323,1.00414390931335,0.9980171489471185,0.9950659934997437,0.9959331633789897,1.0042883793594175,1.0040036173391365,1.0008210985224748,1.0043344164162797,0.9990451992531593,0.9968274290347269,0.9944338548265516,1.004036459746596,1.0045635957455037,1.0005887858226115,0.9940785324207674,0.9986410147208178,1.0077658749184557,1.000750881420577,0.9984363126256854,1.000499871673211,0.9958859643888353,0.9968743898912098,0.999824812292516,1.0021051468227329,0.9998911302133733,1.0007697630940566,1.0013730786402844,0.9980379322458875,0.994380351685235,1.0052787297995416,1.0060849076481935,0.9985960387935894,0.9999377481979734,0.9995667605781214,0.9945446340146984,1.0071913215840704,1.0033934691135016,0.9964382666614311,0.9908949260471941,0.9955163627911477,1.003751452104399
14,2818250000,0.9947873520058682,0.9951995314646399,1.0066226406068877,0.9977496766972965,1.0026953164257242,0.9961201242512918,1.0006526591454838,0.9990487524449168,0.9937412419886864,0.9963224132941292,1.000225490839922,1.0002173177865898,1.002507470391987,0.998733390280426,0.9953303545582863,0.9973292506463606,0.995034258698543,0.9993118533147664,0.9977849919190908,0.9973297003609154,1.004527505726982,1.0043974192321792,1.0011098899987,1.0038699323226117,0.9955596675560765,1.0012230167638052,1.0124986124230406,0.9942898344757037,1.0053265094541357,1.000379570529062,0.9954195681263834,0.996031508975473,0.9989848487826372,0.9982270337527445,1.0013194817680515,1.0008492048146638,1.0052416941310502,0.9950113911738245,1.0005310319261673,1.0011310432543263,0.9974427532433027,0.9942593473474467,0.9988119230703987,0.9993835388502554,1.0022399120685554,1.0000199725959276,1.0042638936044925,1.0034793727934963,1.000618624091195,0.9996756952708605,1.0030044442500134,1.0005857935713938,0.9988861634912911
15,2818800000,0.9974701373747173,0.9951716846857457,0.9987282639239363,0.9988192632214044,0.9949949192645978,1.000972668303402,0.9939101425022099,0.9989224245261551,1.0050100267556052,1.0010740145592016,1.0054526872934908,0.9966512205894834,0.9937325338793681,1.0012542592453244,1.0049588018563331,0.9941070115907895,0.991348053617296,0.9989655954038413,0.9995109387521612,1.0048390069314614,1.0020388242392173,0.9970110749752555,1.000362388231836,0.9965602111086987,0.9965720106386113,0.9975363257104878,1.0009270138982191,0.9989329860402987,0.9994431527068218,1.0005973399520969,0.99973749679872,0.9992456535538975,1.004908974509533,1.0001074978623001,0.9998756651654779,0.9996581384693911,0.9956128502784996,1.0003171382798555,1.0066218451407356,1.00015624372044,1.0017531392418375,1.0000572444515698,1.0023089121260027,0.9979751472798926,0.9983361846603354,1.008152093790329,0.9990197533651578,1.0006541917279392,1.0046424195499795,0.995591559332723,0.9993077464352303,0.998692449274256,0.9955654592056628
16,2819350000,0.9966506188147954,1.00121467246937,1.0001735979911368,1.0068112269049931,0.9974549427140728,0.995076984669984,0.9968355382583437,0.9984954338674213,1.0036240071106204,0.9997979034011492,0.9996056344364682,0.9980708289248602,1.0001869577593892,0.9961968254070752,1.0001843984996541,1.000749820384094,0.9987210887558065,1.000036200824204,1.0060520846822603,0.9992940174746582,1.001001854850075,0.9922766260683044,0.9968242419284662,1.003415182060906,1.0046733026430659,1.0049193691824734,1.0010963250678158,1.0026416092886474,1.0000400497918434,0.9972414636373226,1.0000105223739282,1.0053852378302994,0.9983108598092667,0.9971647889781198,0.9970438714436648,0.9990601006934602,1.0091478572856727,0.9979003101311521,0.9963823350340237,1.004778299824819,0.9960525652610518,1.0058299988897121,0.9954232835977214,0.9966539914248006,1.0011220964126735,1.0055087744568636,1.0012820251403325,1.0036829241212604,0.9992366097002794,0.9987325548101329,0.9971587920867322,1.0039451397290953,0.9953918462883903
17,2819900000,1.0010926036354224,1.00380803696909,0.9951573142386292,0.9989112872369154,0.9982375342182765,1.0000765720605889,1.0016480912844825,1.0024127434393342,1.005630499978696,0.9906840454322895,1.0042608772070072,1.0033878311187718,0.9993692418862677,0.9940290863435023,1.0018503677156514,1.0010652382004184,1.0004928618847815,1.0051418422735794,1.0024489879703482,0.99915115689615,0.996654229088098,1.000232284834644,0.9970070095560932,0.9928881621995552,0.9976006786297502,0.9999404875105847,1.0004337166377884,0.9982717267453968,1.0012913452989582,1.0007051079254419,0.9995139961853532,1.001641564429489,0.9916282184337062,0.9965398878796994,0.999675833756067,0.9980390860463537,0.997298802269458,1.0053587505959218,1.001123623043865,0.9995610467491988,0.9962136554068304,0.9986334962079854,1.0045061674597062,1.000870834108397,0.999195755429397,1.000189030122364,1.0012272650111884,1.0048995254796782,1.0045399838240854,1.0061117635830654,1.0031041300899224,0.9979935280475979,1.002017810620887
18,2820450000,0.9999681408681625,0.9989417692215892,0.9956379065401769,1.0042673481484254,0.9920551753466627,0.9950787977114508,0.9980046581002046,0.9928760266215337,0.9981736295032597,0.9996241441007481,1.0014561567992875,1.0010037476696574,0.9916290682608333,1.0078919271788234,1.0009717955731052,1.001851850757785,0.9998070308410143,1.001976830643852,0.9990953158498947,1.0000989809946883,0.9942226316629198,1.0048016172745493,1.0030941971118148,0.9976593369161695,1.0045344881170752,1.00021385706839,0.999980142470329,1.0053468817099365,1.0036774237722839,0.9971806744255783,0.9967228721049993,0.997228897748496,1.001081367784192,1.0056349137036995,0.9987975492611556,0.9997470965224337,1.001737151892252,1.0019590196995873,0.9971067040185971,1.002655972565876,1.0083521105830067,0.9957238802276354,1.001014009838224,0.999097815630777,1.002801518492882,1.0069067172835342,0.9959800481958512,0.9997308199272349,1.0035345448265125,1.0024818172221939,0.9977054918060572,1.0060508619775312,0.9949581286974606
19,2821000000,0.9975722511005619,1.0036416292276096,1.0033633745726267,1.001855364029952,0.9964940468027579,1.0026446147120505,0.9987219548290661,0.9949259329758638,1.0010128724935765,0.9996978283771246,1.0048219696550686,1.0034701969592206,1.006370195081791,1.0018316686018465,1.0032267264175534,0.9990328394690002,0.9985209815699431,0.9990518400115685,1.0008369028080966,0.9979533682852173,0.9997045552461884,1.0019810340343094,1.0005010881434113,1.0073931157985903,1.0029649368070015,0.9902304347251804,1.0002114209713158,0.9972067997062568,1.0005444614159968,0.9944373318942556,0.9956607526531703,1.0022668532180188,0.998838763054556,0.9962826089869384,0.9981417601850603,0.9979724077682959,0.9946476062252494,0.997723939933116,0.9982887314199207,0.9976592511993494,0.9932699096603558,1.002793978764977,0.9925199751182283,1.002383299445598,1.0110403718055228,1.008508808625098,1.0017817566739273,1.0071748567556038,1.0067193294425159,0.9983706720692794,1.0034993289464087,0.9877097067865297,1.0038889147345154
20,2821550000,1.0059176359327762,0.9925036570375997,0.9953356923760245,0.9999364756539022,1.0083691104431192,1.0027703223062687,0.9993102516459965,1.0030656729394252,1.0001933030526846,1.0020759017938776,0.9953379603652388,0.9984052462344334,0.9961990346191304,1.0027314998810137,0.9983906507620628,0.9872475071180455,1.002186678818599,1.0006916342311138,1.0037369906625349,1.0027457086184364,0.9962927541097178,0.9997839976246647,0.9916633629926066,0.9939311514564634,0.9988880189017996,1.0018235482401845,0.9957688732812959,1.0013706264916462,0.9939360357159303,1.0060798268659246,0.9998299762510896,0.9993256063900698,0.9937153984206043,0.9970383249615252,1.000747630255171,1.00613772836023,0.9981243416678707,0.9980473422483759,1.0040249408967412,1.0030081124208359,0.999942972194143,1.0036718376990807,0.9965236050151985,0.996411187217867,0.999629797135263,0.9995700673837532,0.9944170210255898,1.0055038877961897,1.0092271612217714,0.9980753321096508,0.9870300817658444,1.0031848592026713,0.9973507592686693
21,2822100000,0.9982284075933705,0.999220521302856,1.0038506744192415,0.9913494229751622,0.9990949117788016,0.9955527518962303,1.0008015211757335,0.9997314740184701,0.9960302095336596,1.0060774714440563,0.9999348986589124,0.9946711874795725,0.9990112809132302,0.998446174360618,1.0037174187169022,0.9977827476621115,0.9980882627084932,0.9920754309865719,0.9947028205879442,0.9974021747223781,0.9997866375340508,0.9975857413049165,1.0023707400039081,1.0021381182601201,1.005502571390107,1.0008330368116571,0.9995964062495093,0.9974097773080075,1.0042328423952225,1.0093471684681623,1.0020705128422183,0.9981396699754921,0.9988089844798675,0.9990544268550255,1.002731569974207,1.0006187743781638,1.0046927797736538,0.9987369680942191,1.003732929645499,1.0007952311114638,0.9969908365651902,1.001126431580876,1.0047019450920507,0.9933344598476291,0.9974372082030832,0.9972639748630943,0.9888134238851796,0.9987172749203835,1.0043035303930552,0.994235211321895,0.9987352720141229,0.9982561540752137,1.0000263181529079
22,2822650000,1.0048300572682112,1.0031003708999866,1.0022538233441927,1.001291191378283,1.0023304664158212,1.0088144810582813,0.997478647409075,1.0002777867955674,1.0029422213995016,0.9954001301131351,0.9988166914573579,1.0065643671592115,0.9961414218294151,0.9988270080881964,1.0005422823930843,1.001200901853867,1.0004721382254838,1.0045705303806818,1.0021471436102651,0.9949177145956031,1.0045482317526153,0.9993027748536145,0.9973984346146412,0.9980938232393775,0.9967313334767496,1.0018607043186825,0.9961562968843548,1.0011099467995845,1.0018514259987392,1.0015663233543481,0.99711343327999,1.00015911735598,1.0045587014787616,0.9943431273862786,0.998599313899868,0.9999913003307419,1.0007182128140224,0.9960476521284207,0.9943473582981229,1.005729993577152,1.000975287526552,1.0121574087333656,1.0054427436582716,0.9994119070763463,0.9962727555114261,1.0028630825166995,0.997323644307368,1.0014192007024905,1.0008629284429693,1.0002026828219401,0.9971742041565785,1.0030357499287446,1.001581489192934
23,2823200000,0.9966065650011545,1.0034662815407966,0.9979854292027749,0.999163599225227,0.9996453289521828,0.9989858822634191,0.99763406606762,1.0099450378229082,1.004855706276094,1.009820562777022,1.0031599586670736,1.0048458748485325,0.9981143435847739,0.9969915033606749,1.0007715622260664,1.0006898984200734,0.9990024633464829,0.9995944683303047,0.9944442206841005,0.9890450796165228,1.0028455071476818,0.997508445764015,1.002065806446602,0.9992176654578251,0.9953924646186765,1.0039541634016402,1.0032825066063604,0.9993309330895047,0.9937124144433543,1.0004586107392768,0.996121694843944,0.9980919535656637,1.0041402913285757,0.9985530883246487,0.9977906175000333,0.9992738358332167,0.9959758566336313,1.0088379940366037,1.0003406678166706,1.0004088873623482,0.9992645977828477,1.0018659920681425,0.9973082062940068,1.00147005545316,1.0001239352308018,1.0006115319980162,0.991025965377829,1.0067660317368732,1.0011643516680566,0.9991541142806079,0.9931058401724082,0.99644938013686,0.99771728033988
24,2823750000,1.0004016173138954,1.0093001205024235,0.9966586741397206,1.0042568392161877,0.9980190019962174,0.9968296420196437,1.0004020452635987,1.0044346589120612,1.0052023428145511,1.0006394276509,1.0007267575821166,1.007882718663336,0.997850118361349,1.0025911724254855,0.9920889354743956,0.9966729963221743,0.9889353523910139,1.0049026698127244,1.0034785551762333,0.9956710750786335,0.9978767967266795,0.9923740896366533,0.9960997040917988,0.9957898959637483,0.9956793654413362,0.9947391457250078,0.9982867679528248,0.9984078651248407,1.000095462137653,1.0009939308476845,1.003643794523775,0.995186635006595,0.9981122476769122,1.0000245616475885,0.9993086745107574,1.000620990539712,0.9926764547161233,1.0065640294664653,1.0044912873854457,0.9963117771628461,0.9986086093028733,0.9973764383792182,1.0052619388944026,0.9963969163963172,0.9995789833888598,1.0001031009005419,1.0017562477334387,1.00451380937884,1.0001147128210133,0.9976595540403288,1.0002007644780644,0.9995271543131722,1.0044368731542173
25,2824300000,0.9943212449016265,0.999905151030855,0.9948271562997466,1.0000499420053994,0.9893078986947682,1.0007637192904038,0.9940890084141969,0.9951506501193941,1.008273345692597,0.9962576323639812,1.0035053673113192,0.9916062058989189,0.9992764248488033,1.0088388786658162,0.999162019030709,0.9994493106009109,1.0024433803361381,1.0002013178964921,0.9986034130024932,1.0013912397362783,0.999474062013463,1.0006779155856598,0.99661264309469,0.9944817830961141,1.0001651651117789,1.000429393985927,1.0031020765095406,0.996475208888466,1.0029512363553703,1.0026531288190386,1.0033063142966723,0.9992205449567494,0.9944308622065368,1.000255345692413,1.0026319545433886,1.0034446950794327,1.0021840390533399,0.9957080733555528,1.0050823115234324,1.0012764186805414,1.0023815003780958,1.0053311298311347,1.0026717752057346,1.0019552126774145,0.9986455391698268,0.9976351084043927,0.9922806518340511,0.9980378782894218,0.998336103192715,0.9998374437006337,1.0033444006095276,1.0028846966059743,0.9936332488701567
26,2824850000,0.9986877106465545,0.9985471418131642,0.9964883490322347,0.9930965624047503,1.0032203360908227,0.9965499197573289,1.0040093374351409,0.9926413208886203,0.9989296929224816,1.0019872039153532,1.0004276421934308,1.0018272101428112,0.9964338447202545,0.996201299334379,0.9978785897413385,0.9962577959799668,1.0013320598154594,0.9985926061828989,0.9926309822450771,0.9986603042479798,1.0000203730087414,1.0011204135928442,0.9988864414625727,1.0033376191737564,1.002516359663702,0.9972438892243559,1.004542065427461,0.9989738061033152,0.9947449670992079,1.0008425884159469,0.9947763417621818,0.99376680186412,1.006179347332294,0.9991964515826427,1.002584847181183,0.9986903562905409,1.004150342084778,1.008223551553074,0.9974141731867434,0.9952718901158503,0.9978521564056043,1.0022446417314579,0.9992549855455107,1.0038246322749806,1.0047572095593797,1.0007074779410041,1.0004277696651538,0.9939200321297741,1.0001300285688417,1.0002146677326957,0.9972502661294385,1.0042381122591448,0.9947636525319861
27,2825400000,1.0009648966167801,0.9970040023447664,1.0027864597441778,0.9991909310477721,1.0007462486853076,0.9992761470335779,1.002349224932592,1.0014716203945377,1.0051225259244234,1.0021423376419905,0.9960351762704523,0.9956746347920511,0.9983902077128815,1.004707018596652,0.9942985832377618,1.0009652618569298,1.0033896803149116,0.9967850727038011,1.0021655465637407,1.0015207600204261,0.9987663760993504,1.000150018130314,1.0025225127284936,1.0003027500428778,0.9983042546463945,0.9961008985128086,0.999208514466111,0.99701919737882,0.9986108517017421,0.9991446081780644,0.9954482472795687,1.0038587694114873,1.0016155922606251,0.9965272769393684,0.9994836554056622,1.0004523982187576,1.0056651313832539,1.0061467263577937,0.998147876932979,0.9986992299247461,0.9985304059354391,0.9979375208254267,1.0062948896417743,0.9957823035938159,0.9990142225819584,1.0049859117484734,1.0082837826534037,1.002007177509347,1.0082291590798007,0.9956061716792172,0.995226765080746,0.9968969431077704,1.002139789270732
28,2825950000,0.9931147861778727,1.0009449452867427,1.002106588275545,1.0013055772605448,0.9990349735179865,1.0039022132902262,0.9972647489746282,0.9972340904697677,1.001200228300345,1.0037175117657486,1.0027824799670508,1.0043687904318224,0.9947797293088361,0.997015174246152,1.0029614794637143,1.0060052681350407,1.0027187993689253,0.9957688289379263,0.9960505750919897,1.000610700909407,1.0015265254481829,1.0046290173958015,0.9940375591535198,0.9972843837060484,1.0011588901197237,1.0040370676336972,1.0010475194706738,0.9985376353493474,1.0015461248826827,1.004026716800716,0.9970096611641281,1.0011889753769765,0.9984725223145619,0.9981850838315979,1.0014461452035208,0.9984090136094473,0.9994055400953061,0.9932284267103934,0.9957881455628572,1.0025332133215796,0.9958478355597193,1.003737983578612,1.0027058425318638,0.998681750196488,1.0078160644831282,0.9977050288137118,0.9971000679730729,0.9939651329377062,0.998085784099239,0.9953189600264959,1.0007059256634598,0.9978651319726646,0.9983616721360515
29,2826500000,0.9997941863049769,0.999601180909071,1.0020997484831042,0.9967540904950334,0.9997295588776961,1.0108468775270831,1.0022227098270915,1.0035595749591932,0.9976891197419234,0.9897394284303079,0.9994526100247396,1.0078134836372237,0.9921281791354131,0.9997187164914136,1.0004306053028242,1.0014543494685262,0.9997958832300436,0.9974130621352464,1.0022833482228348,1.0005777549324972,1.0026192456866685,1.000821335823153,1.0016457678122483,1.0029887349581201,0.9998517513655513,0.9939948094109922,1.0019200954755678,0.9880010542156181,1.0055938533037199,0.9918032638811298,1.0065763505968115,0.9917510364452558,1.0009320791874516,1.00260143293493,0.9988740330996191,0.9995352526614031,1.0014201003392507,0.9980279622544522,1.0011728707888177,1.0023078365321112,0.998292143974972,1.0033953637896527,1.0050672792671713,0.9974982013880211,1.001360583079254,0.9992333770348523,1.0029665311543416,0.9921626288955724,1.0027831543354986,1.0069304889651394,1.0014158692637687,0.9996993648611704,1.0001983383195627
30,2827050000,0.9978512604706881,1.003163524853656,0.9957408715147644,1.0012581969886987,1.0043236438471213,1.0077774435923863,0.9953641672248817,1.001887584628055,0.9963514977352504,0.994325816610679,1.001344220608435,0.9972938419891616,1.0025909423100379,1.0022038826448445,1.0081504662189047,0.9869640523079063,1.0089285516145072,0.9933962244038508,0.9970534599967245,0.9995587723876639,1.0064265195030107,0.9987609015460491,1.0035904584868987,0.9976661704934747,0.9988933053904275,1.0032647844034412,1.0027665237267949,0.9969745553953964,1.0031283450551298,0.9989505594932255,1.0048210542593172,1.007531336895586,0.997514498389528,0.9943525600762362,0.9974463936893782,0.9932662990162191,1.0008393417679637,0.9958718646783297,1.0006672274261403,0.998793525298819,1.0048390838702002,0.9975385987916109,0.9995083172691958,0.9993698372544128,0.9952126708707761,0.9989719202651023,1.0041591114958708,0.9982459978503159,1.0021176946497465,1.0019713180286713,1.0088666375523236,0.9986319199261718,1.0022648748588057
31,2827600000,0.9877723283618538,0.9955257341119522,0.9931629744757965,1.0029008017953462,0.9975009784634796,1.002128113786537,1.0025095862049005,0.9923438328762293,0.9974198127139636,0.9964363564407548,1.0014100890108435,0.9952560376025202,0.9970258936331765,0.9953969860278606,1.0010886472270053,1.0047715276866191,1.0010835728691614,1.0035144237263052,0.9926987356022154,0.9987698453628481,0.9985691826565305,1.0040031779633412,0.9975877773012071,0.9941668733690865,1.0048576960574005,1.0007305332257248,0.9953205232064815,1.001489895723303,0.9993836165025373,1.004423325620689,1.0028221328770195,1.0013673781842718,0.9978316101451783,1.0013428160980768,1.0007995406034662,1.0006278117160903,0.9939627894727937,0.9993938114939646,0.996263691965189,0.9955558804243536,1.0024373543324294,1.010553338654542,1.0041903499599756,1.0029077063330245,0.9961505248327552,1.0007928480464707,0.9984234087431154,1.0092601045494642,0.9956724969897902,0.9936939359471454,0.9970124282825857,0.9981954403954434,0.9984910706320351
32,2828150000,0.9956166751313674,0.9963032362279667,0.9986929802487036,0.9936393158323856,0.9955056899351244,1.0006004446357757,0.9962407944528033,0.9967438784246708,0.9927347263348321,0.9967011463250889,0.9988609350822854,0.9983562263646724,1.0060583980798046,1.0016571104772856,1.0043045034528526,0.9975380933272653,0.9963288164319768,0.9964957991878113,0.99669879666503,1.0021779746362873,0.9943181708297096,0.9995221964300852,0.9963779770584745,1.0004083859434023,0.9985236544834464,1.0015645313036,1.0007012161369613,1.004453543015325,1.0013220211070082,1.0046355825162188,1.0033805079357856,1.0031722871593562,1.0010474742071438,0.9999840345787568,1.0003775072218475,1.0010154873008523,0.9967449245850031,0.9975798426201852,1.003881214449494,0.99996353756892,1.0062567699294362,1.0058801288939643,0.9990318706303873,0.9997808098402818,0.9943876050461844,0.9996686507246325,1.00020131875748,0.9954979213777769,1.0034401708794582,1.0021161827006522,0.9951235558202484,0.9934568338122692,0.9978414650928966
33,2828700000,1.001512352646614,0.9970917718060075,1.0002224329659444,1.0055009952644127,1.0044165938817946,0.9958775985825288,1.0032297709464804,0.9979922244732629,0.9956253317784484,0.9971733463222547,0.9959859314463957,0.9992785733744793,1.0082006834648738,1.0061123123442548,1.001831953066344,1.0047337511946728,0.99855570402712,1.001745755205585,1.0000482084503555,1.007587375670923,0.9988605315002392,1.0019744369426606,0.9998236409754516,1.0054248898572526,1.001170806599824,1.004630564121453,1.000198650713052,0.9914005490628873,0.9943134971743082,0.9901364506708936,1.0034767069200974,0.9929672279449027,0.999001147472365,1.0018513053866644,0.9993841035318611,1.0032928163066384,0.9919722572812677,0.9951655530723491,1.000313408006168,1.004571267723657,0.9992243874492608,1.001724047266953,1.0010639669112833,1.0082859957961865,1.0046842334581698,0.995565277524046,0.9962226950290521,0.9981246367818001,0.9990046138872878,1.0089729374066514,0.9978220902351467,1.0053626122942927,1.004407407657593
34,2829250000,0.9970838796593736,0.9971649015146977,1.0037403700556038,0.9991643796304256,0.992607450510291,0.996660459064569,0.9974481105935343,1.0019542501514036,0.9983766837131135,0.9959171461024783,1.0022462729221364,0.9970238536613479,1.0044906730178573,0.9983807018351809,0.997589954518685,0.9979714336924363,1.0007262497982092,0.9962220577223688,0.9960857077848284,0.995175515361919,1.0006358597348106,0.9954762354006125,0.9973554843330307,1.0006758477779254,0.9988036190032517,1.0031981844676652,1.001503709304397,1.0042025503595111,0.9971067573880904,1.0058807505034364,0.9963604499827597,0.998198881256249,1.0046735762043968,1.001116878912299,0.9988933959729829,0.9996284825088627,0.9980484012378384,1.0062063463790338,0.997306669803926,1.0006242897245237,0.9977280840358353,0.996087606277805,1.0019813312511934,1.0015638820559303,0.9916487614146969,1.0026050782752816,0.9927583127638362,1.0024417030533985,0.9982794334047724,0.9956036628072539,0.9960080305914578,1.0021056294993154,1.0009816878978908
35,2829800000,0.9967361963795479,1.0107014826537053,0.9992998782149896,1.003639628918287,1.0056382897209188,0.999564754926033,1.0035264204145375,1.0045595705563732,1.0003475443324539,1.0020004754232175,1.0003281166799005,1.0044218454325122,1.000588318986755,0.9984871858920119,0.9991668772624455,0.9990037172241747,0.9983580759946766,1.0035973472656612,1.0013262062187864,0.9979795499431047,0.996778273598133,1.002912747411883,0.998301795421947,1.0058657463518288,0.9990618530677988,1.0060856693802154,0.994683218019795,1.0024429797769225,1.0004025828948084,0.9927514660976253,1.0001262353484788,0.9988061045528895,0.9979156435622547,1.0034016711683353,0.9983804056913382,1.0009674700799862,1.0033005758921156,0.9981688999711406,0.9927857572581474,0.9977627416935265,1.0040373176386472,0.9962107918603945,1.0012591317517676,1.0002202255666401,1.000180051348884,0.9992056704706623,0.9957112642606326,1.0020549400131669,0.9953855237943495,0.9996299427699209,1.004261164486544,0.995607799693521,1.0000850674475719
36,2830350000,1.0004916281071947,0.9941482276972139,0.9964477447969585,0.9926035115869319,1.009017235644312,0.9982071380904419,1.0010309569874984,0.9905289290512712,0.998847552961311,0.9970556026883782,0.9991538028017609,0.9966753437628001,0.998028087429386,0.9968618635553467,1.002478304585941,1.0004552451040851,1.0004591981706294,1.0000486886606479,0.9934166747040885,1.0068982441285854,1.0028893420127218,0.9987756112351179,0.9996704771802368,0.9963219728367301,0.9979519809716262,1.0002982902833504,1.0023121640930697,0.9975345047879584,1.0024445677635847,0.9931046685077448,0.9983030965854356,1.0025767846457585,0.996396848790469,1.000260710752151,0.9985343752801943,0.9980441089115405,1.0011194096337936,0.9973335328128293,0.9999030267425089,1.0024616327615818,1.0018477879968737,0.9978117388734735,1.0010499022944686,1.0049634517143424,1.0046586426889144,0.9918680450453774,1.0015172743213394,0.9989355696412442,0.9941674576114201,1.0016982391141829,0.9947203465256694,1.0000730559945012,0.9996291231482435
37,2830900000,1.007393624803319,1.0007748614888707,1.002087678521646,1.0038427076677394,1.0031033307944228,0.9978738836125098,0.9959773009651626,0.9991749860464321,1.001202193281535,0.9976580706291297,0.9942572356043391,0.9978945171235302,1.0038292067519814,0.9977982704849839,0.9979061805664771,1.0039688160777456,0.9982759876004395,0.9980943777855673,0.9989177345518001,0.9975628203366382,0.9999870629573518,0.9999500221357822,0.993996755150722,1.0014062143691091,0.9975767730887479,0.9984687399870023,0.9987219904364504,0.995747370129626,0.9966360330368372,0.9993047873690745,0.9978067938846413,0.996948678145397,1.0018440139353006,0.9999993533269423,1.0004629880694114,0.9996788831593267,1.0019118817389394,1.0042122661599853,0.9962495977328224,1.0030374204330887,0.9999237813320149,0.998972205821591,0.9979959440497739,1.0030758376823425,1.0026221067173007,1.002436256376241,1.001148103269674,1.00281664106137,1.004999955851414,1.0055768384960257,1.0000387237023465,1.0041524376230966,1.0000869848955012
38,2831450000,0.9971731212078937,0.9985135860532278,1.0016403481850928,1.0020386749148744,1.0053935964716543,1.00103234381619,1.0052801824258102,1.0082359847148927,0.9970749343242102,0.9970379921444005,1.0008474641423482,1.0019173204165512,0.9961152749920827,1.0054545528603631,0.9867529524452103,0.998376561484099,0.9987580850566841,1.0002655555602287,0.9893791931069547,1.0044894895723964,1.0032500889510274,1.00302378441183,0.9974139989417634,0.9943765288991777,1.0033410881033615,0.9970753804079512,1.0028780452191155,0.9968757556464745,0.9989219150703579,0.9909341334881467,0.9926189826394821,1.00199397404429,0.9999765842022655,1.0002773133629732,0.9994044009766786,0.9986483847239296,0.9920904137174769,0.9993046182275619,1.0005036901017932,0.9972803556249566,1.0024733042853695,0.9991209088692797,0.9976208244699564,0.9969264462239306,1.0033271882743755,1.0041315840906753,1.000955573332419,0.9933375890538443,1.0001133827011726,0.9973283925688313,0.9948053756712943,1.004008046789823,0.9920232125079224
39,2832000000,1.0068345188245118,1.0034985762634778,0.9954798271249976,0.9969691402106693,1.005098664350255,0.9984673394559722,0.9937419310548272,0.9967724511445697,0.9988333428249959,1.0006558932762701,0.9918973688197035,0.9930295012144824,0.9996152792789323,1.002126480537232,0.9968649843608245,1.0012410993054914,0.994153855696814,0.9978290614221836,0.9997602415700385,0.9999265927090345,1.0030465234158763,0.9950036897940386,1.0033581057164536,1.0031965024533902,1.007175395169263,1.0040906228254778,0.998852740165917,0.99865071956643,0.999412515772141,0.9977622633696509,1.003364112859658,1.0004203255817465,0.9958242209333837,1.000332908046586,0.9997110834210972,1.0024623934130283,1.000925660546772,0.9893333003439745,0.9963753689173157,0.9995286690228883,0.9973187412349142,0.9958892831055178,0.9984953286433735,0.9995534147940565,0.9960411143008939,0.9988512726179729,0.9958682102966699,0.9998299771861018,1.000595856442597,1.0034384412320816,1.0088810570335074,0.9980386179626959,1.0004529679423975
40,2832550000,0.9969891534797243,0.9910145169633398,0.9990260975336315,0.9991510548465935,0.9977782964197346,0.9959172308173699,1.0013580979067935,0.9962059472128417,1.0054144995955263,1.0066294937793308,0.9998255599858105,0.9994439458149851,1.0052239208403728,0.995740422723883,0.9994663992278426,1.0017109361655556,1.0043062452677325,1.0009320620263034,1.0048874583286618,0.9981294263677187,0.9957793480052027,0.9994426937698623,1.002623292188331,0.9947170280244645,1.0006533542685219,1.0016451631216494,1.0098884066883347,0.9924261339619006,1.004832798320163,1.0028931667178556,0.9978236009828733,1.0048578644893085,0.9998278650425443,0.9994898225840729,1.0010258323661996,1.000669622312448,0.9966813347564878,0.9979673518398978,0.9972224853729285,1.006049830167505,0.9919176382447945,1.0024901825734673,0.9980711009649029,0.9954116754110814,1.0007041027394783,1.0014405634779306,1.0016572832684425,1.0001738496693937,0.9945736475651263,1.000754462277343,1.0000070787050903,0.990950994186971,0.9949093813643185
41,2833100000,0.9938303927067236,1.0032764414248454,0.9981108649229151,0.9977239516299953,0.9956361933066575,1.0050561809942584,1.000880637358525,1.0010612183403618,0.9948273767903174,1.0022231384768985,1.0102861342431957,0.9998813087470797,1.000617574709129,0.9972494616234491,0.9994854022044407,0.9996636533931272,0.9987191581322228,0.9985371093529007,1.002281663097715,0.9969817270620274,0.9998472091922831,0.992460728257301,1.0024270505672923,0.9959551543766967,0.9983433593373717,1.0024319197932754,1.0033758224474818,0.9997597665453661,1.0000162870680795,1.003996192949701,1.0014401330968665,0.9961482778818357,1.0017941228219922,0.9945559553878953,1.000101250753197,1.0036067661145252,0.9909534175191176,0.9924339856511619,0.9964884212648979,0.9988027276585162,1.003789600785199,1.0064611188026134,1.0016605891039396,1.0032887403474728,0.9941246373976933,1.0086626584223712,1.004637768958525,0.9981004569223612,0.9978716277985378,0.9952332130535564,0.9980003108877816,1.0025379782905564,0.9975195738819734
42,2833650000,0.9986327097655191,0.9932651764828823,1.0010637123781119,1.0075092900215725,1.0043265917199504,0.9961941288263224,0.9922418802376256,0.9923732107717051,1.0020204682455067,0.9971348796855634,1.0041476285498343,0.990837923346379,1.0036209029410783,1.0059793232673135,0.9952729611705751,1.008813671098205,1.0054140350395206,0.9974905010689986,0.9986918864118841,0.9902015669834451,1.0018719990762588,1.0008646952863025,1.0009101904643294,0.9989849929076149,1.0016186604153923,1.003005504215851,0.9972690376478983,1.002089930313471,0.9980889377950508,1.0050194132861923,0.9934312397388518,1.0039396897067776,0.9992269639969632,0.9966177412712881,1.0027974873133905,0.99453826342286,1.0041787253323693,1.0015193131294682,0.9962019636687258,0.999284342549319,0.9972592361541089,1.002536309383848,1.0055253701767994,0.9974467139767995,1.0020794418530112,1.0008977967458237,0.9984348756042253,1.0006960869758534,0.9989888390695238,0.9934622260654585,0.9967290138543159,1.0076192704050893,0.9948098055976015
43,2834200000,1.0041356041880547,0.9957826038619567,1.002094472642422,1.0035879142787307,1.000487173766492,1.0029393451863144,0.9963851217531867,0.9992921028647032,1.0001636412479806,0.9965265074799269,1.0071460802879175,0.9995364404775977,1.0003341802455825,0.9973316036181956,1.0092005633457422,0.9878334026066321,1.005117255942214,1.0009290254464454,1.001135770807472,1.0001439388326,0.9987847428544514,0.9960560819787502,1.003886920826286,1.0074485247469338,1.0028559014921332,0.9957913692960204,1.0004190265044897,1.0003680291829018,0.9999467158557639,0.9970924882113652,0.9971056770225705,0.9929002753681717,0.9953196902569205,1.000094029580724,1.0018152293888996,1.0017832830024684,0.9974031549050683,1.0040330459308096,0.9963251333848233,1.0115534895916316,1.0075061855546168,1.0045861539898622,0.9981299538341892,1.0045410570180993,0.9974943464884474,1.0083254948632094,1.0020190635087745,1.0016746553929614,1.0032889203292998,1.0001977204997072,0.9953438806899666,0.9939611426415598,0.9981500460974131
44,2834750000,1.002992602452546,1.001903211299799,0.9964843066147177,1.0022780887132077,0.9926056111342066,1.0025332587986324,0.9989276963791452,0.9971396042451709,0.999597777262587,0.998027615668777,1.0059242299548652,1.0017934912336484,1.001951718937388,1.0078733907650987,1.0052066716191657,0.9958228108293457,0.9992897758402984,1.0013793759242968,0.9985862534343523,1.0060741449767212,1.001041690840634,1.0016666469343292,1.0005928566007194,1.0057821541088927,0.9963794892154472,0.9896704525522686,1.0031843755147078,1.0030009145330747,0.9964765223240438,1.0010548633036709,1.000563962612886,1.0034936800952505,1.001844584771344,1.0037714439159058,1.0008468946065634,1.0008771022764902,0.9983211839579688,0.9925787243718422,1.00061198266859,1.0051581806531826,0.9962916213715889,0.9959584185405413,0.9978444473339975,1.0011983382132241,1.0028186626075442,1.0021184033214345,1.0023054508874834,0.9987381327020505,0.995796640200695,1.0027757651664406,0.9933461420338258,0.9972484318759636,1.002365949796696
45,2835300000,0.9985531410026349,1.003831809790609,0.996602172285362,1.001691995787293,1.0037170563087998,1.0048753442028315,0.9956220702677707,0.9971228295083616,0.9979906349201353,1.0075783528545061,1.0055169897121845,0.999228287813611,1.000876417839289,0.99363744025924,0.9961514191486728,1.0011283486967575,1.001676924290381,0.9928927915991902,0.9995065021301783,0.9994730509197151,0.9982196055588825,1.0045109020908847,0.9935467174462492,1.0044491065268744,0.9930918686123406,1.0016383695436548,0.9931116131944507,0.990624249200042,0.9972359631623242,0.990785927119381,1.0046909915496574,1.0004192500700921,0.9966164492665838,1.0020750186384408,1.0002809744674466,1.006828612760634,0.9987066690279595,1.0048248924754966,1.000203239115514,1.0039842548594284,1.0024101296566765,1.0065575882662818,1.001889060849451,0.9997619545731399,0.9985250715063312,0.9940627665532416,0.9986524033132825,1.0022138566463252,0.9971156187643744,1.0015015944934884,1.0004782705460475,0.9987890848080098,0.9954080968730135
46,2835850000,1.00186530802795,0.9988911150681441,1.0003580920505846,1.0060060562645279,1.0004036217605292,0.9961662422749962,0.9899819817071978,0.9935931036190133,0.998256103676058,1.0037257679818157,1.0033158512582097,0.9998132678406327,0.9993005340248762,1.0014580589962472,0.99828566406321,0.993759714313773,1.0012408481808772,0.9998086669801963,1.0026568311450315,0.9981058156892046,1.0000806460226384,1.001831172873232,1.0038425564609574,1.0091475992308105,0.9958233768103766,0.997927075181209,1.0009969395088858,0.9962481898800101,1.0032784029081103,0.9987892048584361,1.0021278102036515,0.9979516175620816,1.0008397448504127,1.0057343016803715,0.9977447974594508,0.9982045382401168,0.9995516747377017,0.9925024588742359,0.9979148382671951,0.9887117620795624,0.9955029189668079,0.9956869533822033,1.004586491795877,0.9985670351635576,0.9900789554690157,1.0028676930770604,1.0021810656256398,1.0037234455172506,0.9985458146833918,1.0015660558625323,1.002178846076203,0.9934129553749564,0.995422341682401
47,2836400000,0.998471310111194,1.0042655600560089,0.9973018617527857,0.9982428198220188,0.9963024870887437,1.001213308746412,0.9955215568762619,0.9980808708325608,1.000135039401298,0.9915932939126383,1.0037969677137983,1.0054830818062823,0.9969177307617005,0.9967279154732772,1.0027790581154392,0.9960317055613341,1.0014428047649306,0.9957910806911174,1.0022286638136229,0.9961736632271233,1.011742225246926,1.005215914655771,1.0020501153673023,0.9919141479815273,1.0030056613736464,0.9976735175089289,0.9988906788473529,0.9941517841912113,1.00000608724283,0.9952042054734058,0.9954096042690987,1.0034761121575668,0.9950460375507248,0.9916667445712484,0.9964570863678918,0.9983024422883436,1.0005965453582806,1.0018358672569123,1.0067501150680949,1.0037414481860834,0.9983651318012395,1.0007034311383565,0.9926110607844518,1.006132907272103,1.004903301574881,0.9989361689253998,0.9975934644330837,1.0003351493852426,1.0002835474484584,0.9964615654048598,1.0073076293624033,1.0051550443532216,0.9986939585995186
48,2836950000,0.9977169427415505,1.0036387717319435,1.001811583521703,0.9959642990102331,0.9980147517481869,1.0054955884945531,1.0050633764131927,1.003589413093334,1.0011802616008625,0.9993627489739922,1.0030590392416254,0.9996976502773154,0.9924659619225379,1.0025358828850108,1.006257113512892,1.0064847876826186,0.9980133377615877,1.0002747390939968,1.0059024515369113,1.0019289560642402,0.9978852297872494,0.9990955750686572,0.9951725193627531,1.0010121320242167,1.0002948001102088,1.002312978923236,1.0041668633341978,1.005551181263312,0.9944746222865988,0.9982263525958686,1.0015410152610722,1.0031312408506865,0.9953285776792649,0.9944158566797118,0.9979784967162222,0.9976332119248698,1.0025885259154328,0.9975150842612003,0.9989635011493245,0.9964256133764967,0.9979461266700855,1.0026761370760846,1.002671402250541,1.0022078925172457,0.9952501898479128,1.0024833125865196,0.9983390634464788,1.007688427879264,0.9938221827267633,1.0007718416269415,0.9996916115501601,0.998548490829424,0.9950794524803817
49,2837500000,1.004512569747678,1.0009824148161421,0.9992449824703907,0.9997480449025666,1.001451576530039,0.9941033099075414,0.9980231858567055,0.9939575717331249,0.9940687272350011,1.0068048988144036,1.0005777857741678,1.002843427661736,1.0052871073446783,1.0002027210258746,0.9911395009705857,0.98970656526462,0.9961175296214363,1.0040365072659707,1.0012097803058142,0.9979929674971445,0.9977238005272901,1.001052579532045,1.0029142269718925,0.9943824470499291,1.0016836564585363,0.9958556732937905,0.9982231402359243,0.999439238376943,1.0050486170667987,1.0063591968476893,0.9923514965355416,0.9897442141422289,0.9978395035567637,1.0018629317460135,0.9981497132668786,1.001765545542136,0.9974378892449627,1.0012252527366698,1.0009356283322166,0.9966223462489537,0.9997457990564935,1.0019358684585493,0.9944506778031531,0.9954401926241917,1.0018842866924222,1.0007641582806328,0.9954034705651033,0.9930598305842102,1.006735534825973,0.9995993070515446,0.9997464541717506,1.001839566185609,1.0020749893451981
50,2838050000,1.0013544202424145,0.9988991902062223,0.9995264493462138,0.9997573175382253,0.995940106549093,0.9996767522237014,0.997447644162727,0.9982337565600946,0.997138386016008,0.9979526424636218,0.9943669436174868,0.9948602471346719,1.0012980962693003,0.9999817065938044,0.999427126770327,1.0082845154871893,1.0057511371537895,1.0019995871634046,0.9910147340824463,0.9912470499620143,1.0001315600571934,1.0015922983352077,0.9960212025901208,1.0017732083503639,1.0031712666680441,0.9968137518907816,0.9934183849553552,0.9979024016300109,0.9986822866702458,1.005245117840832,0.9969384471021246,1.0046655522851773,0.9976008302572605,0.9959596167383511,0.9990513805428887,1.0006218832789167,0.9988590675329205,1.000602166698958,0.9964618373812624,0.99550324462103,0.9997727643804367,0.9964305733356159,0.9961243254575041,0.9952691426549625,1.0049297580619065,0.9998123372505079,0.9943605748877007,1.0016815372382317,0.9974671877864908,0.9935690935451871,0.9991391886216902,0.9970816242652816,0.9935533760613713
51,2838600000,0.9981065413675285,0.9948130913255478,0.9951495862362398,0.9974237254059545,1.0045317843089303,1.0018069387211817,0.9988599923409249,0.9936249818381193,1.0046881293730643,0.9969665860172968,0.9985421810659432,0.9973863400189051,1.004421941979776,1.0004528660001761,1.0032408259387018,0.9997149930988767,0.9997224456037532,1.0007214352027078,1.0000963674555574,0.9927349783287481,1.0010464893326287,1.0022362515101,0.9990330718606384,1.0029871883590948,0.9984915747637465,0.9982327520307365,1.0039027332915185,1.0006779609678282,1.001760794312651,0.9928189282886376,0.9958829963552853,0.9959465038871234,1.0036931006470158,1.0021620364618649,1.0001828725038595,1.0093563218093078,0.998896387902025,0.9970712914124045,0.9956221182276411,1.0012260796524601,0.999613815453181,1.0040396351690364,0.9992031902485627,1.003509341676469,0.9988145962680806,0.9942621682639592,0.9994376852505645,0.9980946861049563,0.9996921824897441,1.001879296154679,0.9937489174375611,1.004079015935828,0.996542483122875
52,2839150000,0.9996391127238173,0.9954288818363258,0.9993927911307775,0.9974153799965203,1.002129935203208,0.9991387996449942,0.9925824871813272,0.9972020814208271,1.0010299552431674,0.9917648857986645,0.9915581696574473,1.002297974888118,0.9970615713211987,0.998368294893577,0.9975373752737295,0.9980306688338325,0.9984210369290593,0.9982624469243737,1.0018335423439368,0.9992754095615439,0.9994935408946308,1.0002124108296802,1.0049711722752674,1.0021481752467045,0.9896554305842251,0.9925846914298637,1.003900964661115,0.9972076308838537,0.9949895338239143,0.990351467837457,1.0031943438820994,0.9968968669888212,0.9998803075044129,0.9919809716690796,0.9992159181435976,0.9909572902004347,0.9992373422727241,0.9989963310878701,0.9933244210087718,0.998856521461657,1.003055489517877,0.9980276372170396,1.0119303118916014,1.0027832175122189,0.9967366713861003,0.9955097322200741,0.9989827694628202,0.9983786229990296,0.9954776855908933,1.00405382363149,0.9979240978879156,1.0000783940747642,1.0006646036378524
53,2839700000,1.0071722309878752,0.9988088482345113,0.9976319150419389,0.9993853976444108,0.9976215511424127,1.0016684977440622,0.99689598023782,1.0029166560666563,0.995871142354945,0.99518971732957,0.9991208957219153,0.9952992824763693,1.0013043335954879,1.0008621428993036,0.9962657443137751,0.9955211373619308,1.003914825594552,0.9972319660836431,0.9998025203318314,1.011625284122146,1.0013909399768914,1.0010801528281807,1.0004721175127493,0.9953738963791376,1.0029300063285,1.0005949804289809,0.9935588153044622,1.0032879919432,0.9915155180252448,1.0060741057021294,0.9981378290193944,0.9873129984882913,0.9997664659375234,1.0056111251101847,0.9978031917057529,0.9907535119097264,1.0010834064156078,0.9978181654948829,0.9986061386950316,0.9926811776496823,1.0039646377860967,0.9968447955717319,0.9967472197645137,0.9985645501179932,1.0050788641222035,1.0073399996836898,0.9923280733450511,0.9999153312727509,0.9974340888120691,0.9961710257099301,1.000103612198501,0.9986682575125154,1.0045332523621544
54,2840250000,1.000330367854338,0.9980491576600851,0.9943932881517561,0.9982775368953014,0.9950946540298072,0.9951917465661992,1.0068181113336958,0.9978620202277421,0.9932762459996407,0.9962172225683987,1.0010738272586084,0.9981501096479741,0.9980693333788484,0.9962010007734527,0.9957919733207387,0.9992111594095427,0.994098704140916,1.0015648781220738,0.993726646524386,1.0010149255441234,0.9983098859253658,0.9916759382631875,0.9955695471264405,0.9985332096136512,1.0010201106280452,0.9912370328319653,0.994742667567755,1.0017043284436518,1.0004753478633461,0.9951611477188765,0.9945882894250372,0.9972945118451393,1.0053243247916723,0.9989292357932308,1.0010281387196303,1.0005942928477112,0.9931639584123252,0.9957724715245238,0.9992097837079722,1.006070116203187,0.9972293162619836,0.9978560918897355,0.9990811895728472,1.0011001748622401,1.0008699321470524,0.9997736840929136,0.988491203474214,1.0055158004165838,0.9962025897809653,1.0001414903945751,0.9982502387817755,0.9978935057436811,0.9965063825885342
55,2840800000,1.0040300749429836,0.9984479220000598,1.0036781927475433,0.9998934018389212,1.005838327748608,1.0050443043721644,0.99809543643015,1.0078857727706607,0.99552460935598,0.9974887371219655,0.9921292560427423,0.9963665559532867,0.9981373032708537,1.0043450630442838,1.0023833632246986,0.9945283110037413,0.9987905268401499,1.0052142583932586,1.0032565824380408,0.9957171840869614,0.9966219730353342,0.9974889478917639,0.9937185924287228,0.9947841196582083,0.9952107125586882,0.9957214862125449,0.9964458489031875,0.9998535653062837,0.9987932982654921,1.0016078989743902,0.9990043667082087,0.9964711052109616,0.9924027122086972,0.9983361164042388,0.9981524862091062,1.0012963996983548,0.9956485427268943,1.000370747285955,0.9989312799205409,0.9944564356692128,1.0013826179079768,0.9975227073675728,0.995367271912833,1.002458345370783,1.0007432506575258,0.9949589438598379,1.0054108839933478,1.0039408456851122,1.0057271655823687,1.00472539266436,1.001773490150997,1.0026358420302122,0.9909663265536368
56,2841350000,1.0016769117282023,1.0027761971546405,0.9982883674612428,0.9969247298493991,0.9888984257044533,0.9914495300284266,0.9978049909344409,1.0025410953518665,0.9986436268803065,0.9958576851106933,0.9969084239179878,1.0006455798654417,1.0005098515743678,1.0025969923837386,0.9987207079460322,0.9982223932144858,1.004528180691442,1.0022055172787123,0.9991073934058116,0.9984501816903906,0.9943137533553894,0.9979704192013711,1.0022508811399111,1.0001145236320326,0.9985068642921849,1.004866208903682,1.0027905727960897,1.0017885455388191,1.0017322387101988,0.9947874378461304,0.9976649980214829,0.9991837987291811,0.9984239597976499,0.995325709483442,1.001721899235706,1.0006339148522767,1.0043382365280558,0.9958106276837778,1.0005147146273172,1.0025759150274303,1.006447006731902,1.0017606074555823,0.9935683884746027,0.9935787602312658,0.9961619756796884,1.007129876227191,1.0013073510427584,0.9921758787062399,1.0030316502836376,1.0006097279763604,1.002870076764506,0.999486474130092,1.0005577011245366
57,2841900000,0.9953872471649495,0.9946496823994379,0.9942180819534575,1.0016959784666355,0.9999956342982201,0.9967991269426956,0.9933691730660763,0.9972006621152502,1.0001124332679414,1.0002425876958425,0.9893043407676866,1.0020759098955458,0.9959342486295496,0.9981444463802036,1.0055320511640355,1.0024074140460737,0.998227966230744,0.9964059896532067,1.0072333675532457,0.9983489116371552,1.0000118819759825,0.9929454937882033,1.000487317980833,1.0001655893561787,0.9927239841177024,0.9967176807737818,0.9983619748585374,1.001062953221536,0.992043289072265,0.9938198831501319,0.9990619161781608,0.9976083761164943,0.995861254542184,0.9921016007070905,1.0023987737144768,1.0030307583641482,1.0000808465332325,0.9983186578907532,0.9972471776493783,1.001281338464456,0.9903848232631459,0.99618245980727,0.9927796262857288,1.0014100908795758,1.0001035820009463,0.9969277488850438,0.9988726868730979,0.999139153644147,1.0008077322218687,0.9976410983850015,0.9982272381936081,0.9984091038523825,0.9971002326361986
58,2842450000,0.9916484403846572,0.9956872074627262,0.9989548964845315,0.9903360921478133,0.9992985652811985,0.9979632051579519,0.9938411804110355,0.9993755957307716,0.9994320623850915,0.9997160524314089,1.003466723253795,0.9995919647439166,0.9984210279573623,0.9993631219808269,0.9919401771675954,1.0062545229141233,0.9942391845476581,0.9944625387570551,0.9964533595427679,0.9974189738674476,1.006661629741905,1.0008644917913232,1.0047513745553898,0.99842962077662,1.0018970095239024,0.9984977560304023,0.9939475834890427,1.0051942342200675,0.9959970532617118,0.9982376725930909,1.000018784549764,0.9973625127325989,0.998172132431624,0.9999022129476434,0.9966031226269169,1.001818695308412,0.9966408850782544,1.0004709479942213,0.999761215176016,0.9923531655216146,1.0006397658878026,0.9950771277951977,1.0044081636805755,0.9937225589251691,0.9947414089635426,1.0069377369834174,0.9979945213898324,0.9970593029140906,0.9999192489653196,1.0007650312267888,0.9960347191888475,1.0034229942749748,0.9980551117623679
59,2843000000,0.996653759187584,1.0002375141106699,0.9985126118608236,0.9927999009887903,1.0070258405750132,1.0013767029979144,1.0032126312225929,1.0085254598122688,1.0034585451696874,0.9965069331076147,1.0016664621511036,1.0008036785085164,0.9975867920166455,1.004461680303634,0.9969349834290097,1.005366579506052,0.9983235499281164,1.0009093138462273,0.996200731889336,0.9977141160119859,0.9972287908028692,0.9979619156159142,1.0094513708253823,0.9973691707742417,0.9967830405834557,1.0007996780206678,0.9976060420576585,0.9984317146778263,0.9958337813363569,0.9943193807309836,1.002453199977966,1.002441598456687,0.99492923690214,1.000030100420005,0.998575609814184,1.0063772591012938,1.003911441728713,0.9969984758966548,1.00253277382033,1.0052427902340793,0.9953060307472551,1.0046649082440162,1.0000876121472493,0.999237335667508,0.9973479118092556,0.9924161241993589,0.9985188269949755,0.9916190033676763,0.9924834367445441,0.9994832766988793,1.0060438940609873,1.00102302615911,1.0036014067611025
60,2843550000,0.9983484244318265,0.9947254939740869,0.9973496627804433,1.0020115626601136,0.9956192499189268,1.0011540811149502,0.9990862554031344,0.9918859711832788,0.9929620115044251,0.997813470129189,1.0004662152163597,0.9936509855386864,0.9967578609276923,1.0055176477380208,0.9924772045163218,0.9998451236555796,1.00300578476211,0.9974908611601417,1.0003410377522164,1.0033839842623082,1.0003684718924082,0.9945027083672143,0.9986692795394333,1.0019053567338017,0.9967844098806202,0.9953484644623704,0.9998926537549168,1.0027486076898047,1.0030012089449898,0.9982832074875834,0.9887072479043912,0.9969379290120355,0.9978305182923135,0.9987053105163042,1.00105098322256,0.9996079639875731,0.9972230586928972,0.9990280529999508,0.9969967284968595,1.0066951214115685,0.9963718100553872,1.0039730992535052,1.0008066992812943,0.9993435164361442,1.0028555983094987,0.9969389782297167,0.9992164541485228,1.003493791420879,0.9959517659633841,0.9977760344072714,1.0041467987795036,0.9958144667846236,0.9949720811379131
61,2844100000,1.003344745242501,0.9993792226911061,1.0033300482088088,1.00088809979956,0.9981783494159714,1.002641136424899,1.0038992063986623,0.9991519058778607,1.000445992829985,0.9899520817642062,0.993758853443436,0.9959582467471078,0.9996426153751807,0.996263247662276,1.0012252307175715,1.003629719740439,0.9961027578254786,0.9996368445065464,1.0052096674740825,0.9907217874317419,0.9985286309204172,0.9931412282718877,0.9919170339865988,1.0008126064145146,0.9970634737083192,0.9960878982878769,1.0011039613165686,1.0010305112941156,0.9981344037836858,0.994925460540239,0.9962685289804016,0.9998855083762662,1.0043933196342596,0.9964249686009624,0.9944521580399643,1.0002641007287005,0.9922200236163469,1.0035971731696538,0.9996192017790883,0.9974167475616635,0.9991725843032732,0.9959263541421897,1.0017012322969998,1.001870821989836,1.000704454487624,0.9927430876230521,0.9937395029176626,0.9985522155994169,0.9983382848882707,0.9978359975433565,0.9937999372282033,1.0029836535137353,0.9964812787701469
62,2844650000,0.9962950904151299,0.9930912266345219,1.001787637687479,0.9956973105705608,0.9987405390224846,1.0051646894117805,1.0000600368574506,1.0011238412736243,1.0016026944520295,0.9995625044826479,0.9972255088942031,0.9944564532625432,0.9986939243599129,1.0014444391676793,1.0085948918595722,0.9999989929606857,0.9969933796642628,0.9980233692134046,0.9996432485484249,0.9987173746342451,0.9945010002728052,1.0003704738241912,0.9967882015279929,0.9958752679104325,1.0000846096553497,1.0000374631818525,0.9942212149095155,0.9985342180605353,1.0030339190434292,0.9994194917752096,1.0014813218986462,0.9943343318010279,1.0025412722375937,1.0012896989635185,0.9969193941853122,0.9971467811499509,0.99915402348435,0.9944905031705124,1.0010820528626487,0.9923990606469106,0.9979588227057233,1.0025965017838796,0.9979600190066907,0.99820513710631,0.9986486419640322,0.9992950948169151,0.9939477028218535,0.9933035831137942,0.9968973140220865,1.0015964139293627,1.0022072119761671,0.9986573171233586,1.005677590106441
63,2845200000,1.0010310391521355,0.999937411863526,0.9898842676692048,0.9968572519763759,0.9937288656385312,1.0012421715294226,1.0018098119572088,0.9961473881451092,1.0058527494343996,0.9934563491799985,1.0005170306168212,0.9932695330769974,0.9984971494015057,1.0016824765662449,0.9964644180441323,0.9983416084823378,1.0060444404198274,0.9984594200818026,0.9990356135056634,1.000617371528004,0.9985986593718248,1.0007919826560003,0.9948841839703614,0.9980430388467614,0.998903591594755,1.0053331548542963,0.9913942245197098,0.9975885960354005,1.005712479532661,0.9982709896124805,0.9945099615145688,1.000604943194131,0.9962038719469555,0.9979456687693514,0.9997572607533964,0.9957662373697497,1.0001737830779802,0.9986722824493858,0.9899063910077732,0.9979034265443086,0.9975182990151631,0.9984342820207748,1.0022611919056874,0.9978265752925445,1.0002119486082266,0.9959964803088245,1.0034989165174055,0.9945500943802599,0.9977425979332277,0.9973599915500626,0.9958236644917652,0.9985887135845377,0.9976290419947197
64,2845750000,1.0018825688241946,0.9975311141061396,0.9928104884726188,0.9988223422481202,1.0070188483545093,1.0039115953986004,0.9974972228248259,0.9933583500055588,1.008531176733302,1.0021083150147418,0.9986110335824376,0.9988580690808269,0.9987841943679646,0.9954551175094234,0.999567516247957,1.0044188243423662,0.9942481193267994,1.0042231181600687,0.999359498370971,1.0021165310960922,0.9982415765022038,0.989570747677013,1.0013273089971542,0.9972741008708952,0.9991992641851651,0.9993508109285174,0.9901189770730666,0.9981306313384682,1.0034224900369906,0.9964129245126458,0.9997633743023131,1.000326958894605,1.0010113410065626,0.9990680974317414,0.9985391622519793,1.0018059831731372,1.0023223596344737,1.0032403833900947,1.0068838101384874,1.0017658745290448,1.003092061295308,0.9941797447690994,0.9921472543119358,0.9933823680217991,0.9987561821895642,0.9978696749499181,1.0023246240563988,1.0007063977855244,1.002364877641574,0.9969887975702055,0.99692495623706,0.9987116713893999,1.0027458012860673
65,2846300000,1.0009558242317462,0.9913082639052264,0.9953623444897486,0.9986884981234573,0.9999905610041444,1.0009857588231166,0.9964756450008928,1.0009691816323916,0.9939596364732399,0.9950957686634296,0.9947327972931875,0.9925551715072445,0.9990449796808158,0.9981082130917085,0.9945953281197658,0.9938793785676191,0.9942255675433582,1.00573910509751,0.9956665333413084,1.000135074665173,0.9971222455469391,0.9984395168992913,0.9977658107206372,0.9931324149225378,1.0059262729051444,0.9945693423333335,0.9935351310014636,0.9943386817324581,1.0004783177063044,0.9946158673065061,0.9931511087752084,1.004036756906628,0.9933647753040886,1.0008612956850598,0.9932277718627704,0.9950081497550238,0.9950376040246338,0.9999677676887793,0.9957323637317622,0.9892388731612607,0.9989985710868029,1.0010413120064645,0.9946795224744182,0.9952145552417995,1.0026317413521983,1.000921625491703,1.0021029345522479,1.0049363279051353,0.9911393016054348,0.997935350519875,1.0010388566655974,1.0026843777832481,1.0017830506946883
66,2846850000,0.9958980322241198,1.0047471455633732,0.9935317355850833,0.9968252499868542,1.006144493361259,1.0039482350506768,1.0011934084987002,0.9987751814231203,0.9973958404969712,0.9983054589612829,0.9969662652588642,0.9914012555900991,0.9971124311328243,0.9945223373425762,0.9968448396222725,1.0013831910058917,1.0002875550772001,1.0040943358128793,0.9963453093478631,0.9969266889778134,1.0002496377192565,1.0026088247196112,0.9941677696014375,1.0025584671810646,1.0002361870423204,0.9935025299991167,0.9964973925429328,0.9982464113484808,0.996216756856306,0.9972514936957886,0.9958198766285299,0.9996801736799231,0.9972077429627529,0.9983224695066951,0.9999125963438822,1.0034268461578584,0.9971807651200675,1.00039623262254,0.9932888450976611,1.0039539162424163,0.9995963066187964,1.0013289800525367,1.0035607240827615,0.9980923681790553,0.99383394859705,0.9974387986284866,1.006534781312058,0.9990708674306967,0.996707209734207,0.9886796346752421,1.0016711443201545,0.9987085049907107,0.9997719082388045
67,2847400000,0.9972232387612363,1.0030285876457172,0.9988162209548179,1.0021004945948566,0.9962721013141173,0.9958380827457428,0.9966707370755338,0.9975842993098223,0.9926436367896933,0.9940410734025338,0.9961834556895437,1.0011639608098473,0.9936944421166501,1.0004079859306925,0.9950691443339279,1.0009986610571464,0.9987885055462725,0.9900743107953619,0.9960773087610114,0.9933298281683124,0.9992171922682244,0.9925363989596773,0.9973283344904758,0.99767584913579,0.9987876672681257,0.9971562854324199,1.0012483187435908,0.996526254628796,1.0028489574622008,1.00085211339608,0.9986641280447978,1.0017738401348044,0.9954622778017398,1.0030542250772512,0.9993753437620767,1.0038809652903202,1.0103808355310329,0.9968955257043219,0.9940508121977093,0.9956406225625689,1.0033176507825012,0.9953907250973449,1.0030164273266602,0.995784756052438,0.9931273084498587,0.9939981630234068,0.9953984213155633,0.9929574606218449,1.0004974192184697,0.9911496162894168,0.9968374331247782,0.9901477057616077,0.9938363200716093
68,2847950000,0.9909688374461659,0.9981054591287745,0.9992650083307091,1.0004680649391129,0.9964380660078658,1.0005281549986125,1.0014764083602437,0.9982951516155057,0.9919758362936261,0.998270473990381,0.9951583757969892,0.9969553275563209,0.9991525286111506,0.9978140818947707,0.9985429796215749,1.001021726093963,1.0013190298731902,0.9953445605794209,0.9946124811701962,1.0034860445589866,0.999352193138697,0.9994096147155828,0.9950399541195855,0.993255661551326,0.9989823575996515,1.0051723019716785,0.9945875669006994,0.9925672803985653,1.0011071567205114,0.9932157464399309,1.0021299770874368,1.0093542167136473,0.9982230910436044,0.9947352388955351,0.9973797994366937,0.9948088766808941,0.9958991465345818,1.0032233580027614,1.00047025682625,0.9971127101743753,0.9961635935506412,0.998569464290445,0.999137841361221,0.9908578512351113,1.004967126306088,1.002723703388496,0.9956692641065574,0.9956231519436026,0.9912995302897714,0.9997092968347746,0.996145266932038,0.9985814117861109,0.9997375917614983
69,2848500000,0.9938118911764152,0.9974070350229827,0.9921503851972298,0.9896355964175608,1.0017479523207171,0.9991177488984012,0.9996740166167286,1.0014075852825033,0.9997300582208631,0.9954849423166245,0.9952261088608981,0.9999839075713485,0.9969378031491886,0.9973663086426012,0.9969897543689105,0.9984040955549625,1.0019023684782769,1.0038027154471716,0.9972722882437042,1.0023059441017372,0.9959309362816263,0.993408897208989,1.0031286354590034,0.9974976761183855,0.9986032437934672,0.9975266078093173,0.9951218887305774,0.9989607660591023,1.0016609850403233,1.0015834744483558,0.9975912072517462,0.9970415218638395,0.9994190844485394,0.9993666649242063,1.0001309590499174,0.996143543741521,1.001033095273356,0.9956067840776068,1.0018715165466245,0.991698708794257,1.002352533968348,1.0058350570825818,1.0004532805078048,0.996212120593292,1.0004129161234572,0.996722102099876,0.9960515723101363,0.9985851222640755,0.997038951704543,0.9955037897591179,1.002205939717273,0.9967604801610973,0.9972614465089281
70,2849050000,0.9991339577257183,0.9969517161025997,1.0023473155278644,0.9980645478161781,0.9909168590838257,1.0069765217888502,1.0001043519852577,0.9929864458078093,0.9976050111054893,0.994339394342597,1.006827612149143,0.9981746270641261,0.9895242176402065,0.9937209363781884,0.9960670230964446,1.0028739137145228,0.9979986191358947,0.9949001464104948,0.997666725754189,0.9995318686934843,1.0019162503637649,1.0019770033086968,0.9978267730441492,0.9936192785149105,0.9934532826779076,0.9975405167328394,0.9872492640159197,0.9933124788178266,0.9944918946719373,1.0015131826890837,0.9985819889964033,0.9959526920492259,1.0014529798905016,0.9976164058402421,1.0005947114430336,0.999054634134045,0.9952722727701372,1.0002949073713965,0.9999536620753643,0.9976920350027575,1.0004587719825897,0.9998318786300665,0.9945967175926536,0.9986012054202508,0.9924499503987054,0.9977316295795583,0.9958223512444718,1.004813768935732,0.9985969267777463,0.9976565865012196,0.9906936985838946,0.9938115931686333,1.0031738447741478
71,2849600000,0.9893938333530903,1.003431854432767,1.0009859106171675,1.002992649994602,1.0023458720481095,0.9981366186474973,0.998995615994368,1.0052568066439647,0.9982417287146816,0.9974306144177602,0.9939820374735612,0.9989125545355001,1.0021128542646647,0.9964750920546919,0.9946246044200023,0.999473549271061,0.9969594790248313,1.000654948086755,0.9929880535363214,1.0050312466057105,0.9891171759257703,0.9973209397023204,0.9994829411806596,0.9955810909676536,1.0000493282391065,0.9974871655429784,0.9983189914874333,0.9905824540780693,1.0001471424538413,0.9836923785355371,1.0033996104703924,0.9963710196014485,1.0015652139172242,1.0004990151710136,0.9981682570085396,0.9898862566229022,1.0008669230388996,0.9958443871965178,0.9976483093812104,0.9951432575998691,1.001818663047301,0.9974701430062072,0.9898258403796681,0.9937687148445855,1.0011726681266142,0.9953878401984222,0.9961720465125472,0.9978873096158032,1.0001973073567287,0.9983961022884251,0.9929494894618216,0.9960926004669777,0.9940042575151005
72,2850150000,0.9975114970743121,1.0108115324971478,0.996619231062395,1.0017436309162684,0.9936881837423848,1.0020803603974768,0.9966390607585702,0.9968338926380037,0.9942051218362143,0.9901943710554029,0.9985973148198719,0.9979374023182872,0.9965557162057995,0.9921255798424056,0.9966247952645586,1.0030425277674593,1.0047540012844796,0.9892493504321981,0.9990841608964485,0.9988221204886588,1.0008782710884028,0.9928132152078593,0.999152962557501,0.9884409458869384,0.9968179935072542,0.9962265248475971,0.9963571700755339,0.9951210771099152,1.0001852898798689,1.0031445116397404,1.002713901704223,0.9947391307826503,1.0000080348723484,0.9910814905119576,1.001919132539153,1.0037988548670511,0.997879288936365,1.0060523028910784,0.9956150265945495,0.9903527741976265,0.999589417665771,1.0000824215933868,0.9979691640011337,0.996359546071165,0.9917954634735716,0.9991219008959903,0.9981163494233136,0.9949368989314402,1.0020310884297075,0.9967202702921868,0.9927824864855459,0.991959080568218,0.9987340059222314
73,2850700000,0.9957965106175188,0.9947598253071029,0.9962307486581592,0.9956589875650801,0.9940669686654613,0.9942256538527282,1.0083249094918343,0.9952053948721634,0.9974037880044778,0.9962621548597429,0.9926857191469525,1.0065064057277096,1.0005981726741948,0.9952125960484167,0.9936434878453885,0.9957381663920863,0.997780311257533,0.9926256039851383,0.9902318753415174,1.0003376563178,0.9966145474890412,0.9965665725387571,1.0000685827766316,0.9952157852855161,0.9955966819672241,0.9992889330079899,1.004357382940754,0.9954231632545197,0.9997947058918747,0.9977056615502192,0.9960128793820585,0.9982667401175703,0.998729440127398,0.988541156225119,0.9985670864817016,0.9912769061678419,0.9965869427511734,0.9881315771112218,0.9918203155192262,0.9960727389975222,1.0007196385004962,0.9908537973764008,0.9970398737073192,0.9880825287096412,0.9931218246791309,0.9929539696036623,0.9973764185125438,0.9960278658869346,0.9957804003015495,1.0002841869630166,0.9984695966653243,0.9991841777860055,1.0018846032199165
74,2851250000,0.9988797444633447,0.9978277325554358,0.9980946835367703,0.9934086502909105,0.996639379115158,0.9995563371608309,0.9934171686571587,1.0022607721064756,0.995268000748515,1.0002921277502943,0.9912557691623056,0.9926124420534023,1.0024889444273162,0.9950358420775733,0.9841787146010444,1.0023463058656283,0.9975000528300553,0.9982129420602283,0.9978884023043177,0.9930952043699263,0.9927072708448965,0.9974713770290502,1.000068395195423,0.9907619798289267,0.9980563377524314,0.9982128673101655,0.9942618345310998,0.9996989564004714,0.9999798111597824,0.9956321467929263,0.989092973417005,0.9943799571775359,0.99817793706023,0.9990090316962694,0.9971236496301824,0.9917478578046818,0.9974757842310059,0.993648128358073,0.9961216207247897,0.9935113986892917,0.9910648678729386,0.992113225535259,0.9927927232974192,0.9974046085526749,0.993516798103204,0.9957315829383347,0.9913914840869521,0.9955424303865017,0.9959882837177981,0.9974550396538446,0.9992838491554015,0.9948352518942061,0.9913141246067498
75,2851800000,0.989494246496383,0.9988192602093078,1.0071185893026573,1.0039461073956613,0.9993328001236808,0.9974226081280921,0.9951401109131004,0.9871180090975438,0.9910304879787184,0.9959302491872651,0.9948956287996492,0.991728352810156,0.9904960733200333,0.9991767482893155,1.003385290152408,0.9875120183975412,0.9954244696962714,0.9928336980080528,0.9964927906355148,0.9980702588723936,0.9934418997088,0.9932072940594632,0.9926408030442336,0.9956548956678191,0.9967937743069283,1.0039136639948312,0.9945033321252937,0.9954408855513274,0.9968730983891638,0.9945511805216593,0.9923087719422947,0.9927384681563616,0.9922470981021175,0.9925664691572645,0.9974449232706231,0.9956217933638543,0.9925835727415756,0.9968192934110162,0.9914456757695775,0.9931585978629114,0.9933226636006433,1.0009313299649671,0.9881157945911258,0.9916913851044107,0.9987543056611662,0.9903507669092422,0.9903472586016133,0.9977107506566812,1.0021976194349718,0.9986349464120793,0.9941446883441484,1.0006855786824362,1.0019667044198166
76,2852350000,0.9890965815590352,0.9919869310069024,1.000884345455208,0.9992610241943944,0.993207552627907,0.9931581750505909,0.9934581657612056,0.9947693138186041,0.9982579568438517,0.9923085386018465,0.9955160727503528,0.990583636592499,0.9963655528850814,0.9950400533229276,0.9885234580054618,0.9891722097225063,1.0003110483270956,1.002742984317832,0.9979772576570429,0.9924155157508621,0.9888526266587848,0.9980263517382123,0.9994138773281454,0.9997085696586995,0.9963497194303337,1.0014949215887237,0.9910968544731269,0.996585048985547,0.9972570602618598,0.9912714690726973,0.9985417714970961,0.9983222474011676,0.9989786046176263,0.9990818155175129,1.0005713432009125,0.9934418597144415,0.9957195823420474,0.9911248248180988,0.9958239835547745,1.001534406542178,0.9983918829901594,0.9903632394041927,0.9929696009621558,0.9847663200691005,0.9961944923936733,0.9896757302834107,0.9970547265252231,0.9908134136044568,0.9925861395913411,0.9927331303460869,0.99519665983532,0.9919819494782398,0.9977240210261239
77,2852900000,0.9956270554241267,0.9948996623838758,0.9988885212463723,0.9960847084383765,0.9939230012423167,0.9945617814965124,0.9967687777574691,0.9940515665247559,0.9941078259430354,0.9934477312752654,0.9937631165340153,0.9915702300936382,0.9940243856392234,0.9903647629093731,0.9848061770529649,0.9922564564415747,0.9967075994288056,0.9939443093890171,0.9923645553041135,0.9927045888080096,0.9901385391625078,0.9973849728014726,1.00273042208754,1.0017727072002283,0.991502562845524,0.9941075517864723,0.9916277069409283,0.9972435748463542,0.9909007168842737,0.9984593570716247,0.9943855630263739,0.9940212768368202,0.9940733782069292,0.9923111492320595,0.9990429271414455,0.9901364734936304,0.9968689323060883,0.9987299339315721,0.997733387925968,0.9967788764783593,0.9915799266938592,0.9919009813007778,0.9938257752657339,0.9970018111304183,0.996974388342861,0.9906579451734314,0.992292014750363,0.9955999549692955,0.9919124938959025,0.9946739498549366,0.9999707242979831,0.9926660507175902,0.999624075376942
78,2853450000,0.9936849533320531,0.9951783383210463,0.993742635825193,0.9865185295547471,0.9902858066274709,0.9976162768509421,0.9930457340427502,0.9985497912416313,0.9951552254413855,0.998041501160497,0.9899707033016873,0.9965381252142331,0.9968498770603855,0.9939135494569745,0.9915731604544469,0.9885633735074417,0.9975570490084957,0.9932894503572521,0.9874859102503248,0.9952029329483986,0.985408200101827,0.9975727332772093,0.9870949721980946,0.9950319926416419,0.9895795354037907,0.9960003600107477,0.9949699819813697,0.994072411767765,0.9884850470785783,0.9917626087362518,0.9984526119902096,1.0020775938254207,0.9836298093539733,0.9944597935682019,0.9989583063014954,0.991190505167897,0.9955187331515214,0.9917220414876057,0.9926399202351525,0.9918946313455604,0.9938628258986199,0.9943099412290802,0.9903013873738388,0.993001245674226,1.002088226568819,0.98921256657094,0.9941578839462286,0.9989636284240064,0.9997653276603764,0.99966472534646,0.9983109220487703,0.9966097961690968,0.9947036755859933
79,2854000000,1.0004156191534137,0.9924505008176269,0.9907518743393309,0.9888980953240193,0.9952786435673174,0.9947379793422695,0.9914884133958973,0.9889419080831603,0.9914041755147824,0.9924972328236238,0.9931498623105766,0.9873922616483007,0.9889897834406793,0.9928096707774563,0.9998131682687279,0.9938297764672662,0.9958519021391142,0.9891631901120175,0.9890875081168139,0.9924367350442941,0.998797928028084,0.9864867391919578,0.9943109479274247,0.997528485173868,0.990470373909419,0.9885911491089818,0.9952313354463592,0.9952607855264731,0.9932258353122076,0.9940897218749294,0.9949542651029384,0.9938448170984618,0.9997881461414034,0.996172971685071,1.0000037699005333,0.9946240809792211,0.9954466771212008,0.9983828774471963,0.9875412105621718,0.998886771692712,0.9943140927469653,0.9988924594123965,1.0021582847304265,0.9916283000944223,0.9938261709557674,1.0030444440249435,1.0052041221522094,0.9981462151074231,0.9863384984774647,0.995882909276699,0.9886961841513205,0.9982657614494534,0.9867139108278221
80,2854550000,0.9936479662167411,0.9947566627858013,0.9949442886761468,0.9921522784203112,0.9975333071029866,0.9940239000511233,0.9913495550461473,0.9901216352755312,0.9948661468015143,0.99095929352934,1.0000577912852073,0.9895905197606242,0.9904398719345843,0.9891414143321793,1.000205921035641,0.9946186482660532,0.9877109521643197,0.9968382256728047,0.9926892678992791,0.9956373022780977,0.9952759139789632,0.9872333851365525,0.9946425696628358,0.9958952256772171,0.9942746820464385,0.9996033718536933,0.9960826073547555,0.9930813391439786,0.9989938777412507,0.9925903795588519,0.9881301698495194,0.9975230034951755,0.9977096648943351,0.9976489555983411,0.9977079712953674,0.9974404120015092,0.9939481121961434,1.000330458507544,0.9937344378223294,0.9910709056176688,0.9961432326680586,0.9965944324667142,0.9980112241597988,0.9902715437607432,0.9916944801990053,0.9939100313467829,0.994426407000757,0.9918554570508502,0.9874205062926731,0.9922483133017302,0.9961423487117302,0.9929990866269828,0.9925523541645598
81,2855100000,0.9930191400898092,0.9961390318162774,0.9889548673585014,0.9959307403260631,0.9933254045688432,0.9937479732528501,0.9943419797019847,0.9958879961119981,0.9838210351094075,0.9954750852817095,0.9908159185299757,0.99635881305787,0.9925921404598199,0.9904018648771287,0.9936034843745103,1.0042562622554232,0.9925804083174536,0.9901327091724892,0.9906799346015921,0.9935954270581302,0.9917220871908528,0.9978045888163645,0.9981489138301373,0.9914693480234691,0.9879621709852446,1.0032816648045324,0.991372262637486,0.9874078815005377,0.9920261280105837,0.9907923591881198,0.9917039314895391,0.988704945908813,0.9947703510523682,0.9947770926950199,0.9990689998080506,0.9886661653886939,0.9884365439597198,0.9909899174897112,0.9978596154704603,0.9881135292864458,0.9948658493847126,0.9977469502533255,0.9944888592774069,0.9918208564221483,0.9910700763973344,0.9942052997941699,0.9878966203761286,0.9884035035402139,0.9938046371992966,0.9989441155954449,0.9913104282746183,1.0024205723284778,0.9873495731166778
82,2855650000,0.9954052905787795,0.9967901461267329,0.9885227466693354,0.9971884569604675,0.9889715911857759,0.9869118991087062,0.9889320125020731,0.993317153508696,0.9940029658745289,0.9857269383719278,0.9871223850756728,0.9921409879609377,0.9877431020361197,0.9905996022215022,0.9920461788186345,0.9926672421704682,0.9969884218336132,0.9957802656839252,0.9925800706812826,0.9932836625303619,0.9925986034425828,0.9909253837937636,0.9939911947806774,0.9991377648239638,0.9920171911200001,0.9898726773364984,0.9956082230833345,0.9911794385864005,0.9932429832288652,0.9945882998511669,0.9889252336039576,0.9935637535311564,0.9924768272179172,0.9917791302048581,0.9959809367694937,0.995637488369032,0.9842263433178489,0.9903840996862295,0.994570624343436,0.991715143253785,0.9899022851654056,0.9886397272737893,0.9919338465583505,0.9914935257214103,0.9882522672811898,0.9876842762706635,0.9928368264295014,0.9900664826135165,0.9911175615434368,0.9902858951363224,0.9976355157451193,0.9945512308064575,0.9925790118514911
83,2856200000,0.9947743633078366,0.9928655807654396,0.9860472047752251,0.9891281334232622,0.9924042251428343,0.986928536726904,0.9909446072968195,0.9926936887464908,0.9945629757366792,0.993884461938653,0.987839034114011,0.999166257555266,0.9955614377765488,0.991291670720233,0.9875775595611004,0.9983736538334349,0.9945683577108588,0.986845111557863,0.9896450664569416,0.9915374563344781,0.9964922904394427,0.999054455612165,0.9893262450195518,0.990564230641138,0.9972061350077904,0.9886850630210925,0.994293171936176,0.9885672065231395,0.9898751272502603,0.9886656524283904,0.9964599546637295,0.9861240284452332,0.9883471256957898,0.9844194480121383,0.9990014801628068,0.9902464208713612,0.9899075944972857,0.9976340962335636,0.9917039463620262,0.991772862557794,0.9880598929792874,0.9887335936642359,0.9975949782710882,0.9899832387595286,0.9820758141233173,0.9925474886634272,0.9923805605953975,0.9856216229809109,0.9906461678513119,0.9855398121795516,0.9863336419168305,0.9916522964945391,0.9917709701464658
84,2856750000,0.9881891195922833,0.986416887412712,0.9881441597587154,0.9895070352215679,0.9935121450293598,0.9945394485575346,0.9901190664151334,0.9803070481320963,0.9847567925106253,0.9893643438894086,0.995070419961126,0.9831877421633384,0.9898553078893637,0.9844342174322297,0.9911864907289795,0.9902571111614208,0.9872941582750113,0.9869084178710089,0.9886729369242655,0.9879309945502927,0.9947976857967537,0.9965898171593344,0.9908832707631551,0.9914978674857998,1.0023694629164503,0.9886466008787963,0.9861649895116663,0.9883410940373326,0.9872878486710595,0.98619770759515,0.9875886500079788,0.9972619965764626,0.99143093560918,0.9959310408543004,0.9966895091422607,0.9945056994658992,0.993986742533003,0.9889536508950922,0.9919440214875949,0.9960047449816534,0.990980463087784,0.9910769010459005,0.9877527657375739,0.992826398560046,0.9823678747116918,0.9883698230552215,0.9982989403322471,0.9873920444850076,0.9866918698884053,0.9884780850201837,0.9959394162718711,0.9843617138282629,0.9873296854202565
85,2857300000,0.9987428583157744,0.9987426919656773,0.9876700530148367,0.9915026526776639,0.9906335605248022,0.9833606235636242,0.9931220199411115,0.9880951756763877,0.9851405115616914,0.98509967908448,0.9891902492533823,0.9919167598785469,0.987866979224012,0.9828010443460704,0.985417059194076,0.9919824666733423,0.9872618309942708,0.9804604016565825,0.9899519911293334,0.9874825923128653,0.9823472983883713,0.9859051251396813,0.9949601205206289,0.9802279360149522,0.9906711202491912,0.9956404467396859,0.993828204761501,0.9952885017738311,0.9893599205943244,0.992738601708706,0.9903800732585345,0.983093651476267,0.9901214015601676,0.9816183566638522,0.9973183112007185,0.9911937976948675,0.9905056453045592,0.9890536010255497,0.9877451611663799,0.990823123622991,0.9936895865671327,0.9877711850123355,0.987394100395759,0.9844487251923207,0.9973385384407163,0.9860931583172299,0.9909415094270592,0.9902583172366387,0.9864438156875913,0.9857463155903522,0.9897061913066544,0.9900279691573253,0.9818896364260049
86,2857850000,0.9930576129509583,0.9981169510726442,0.9874057777892289,0.9901335117318701,0.9923174253899996,0.9810625745049568,0.9886789430732433,0.9886924820757489,0.9921410864691411,0.9856626926074252,0.9813944362702962,0.983278668229302,0.9876939091730799,0.9924364923686158,0.9844362861626196,0.9882074807047925,0.9817948180133274,0.9923438728417129,0.9976321193610829,0.9932769259797709,0.9903881707754822,0.9895731646039548,0.9888899098941669,0.9879431374520103,0.9855726401721406,0.9799589873458654,0.9857395920962487,0.9852642889048066,0.9890178237262753,0.9875175323247225,0.9859818695537701,0.9914617280361449,0.9868641945720469,0.9859009214962794,0.9996556485251513,0.9903999498830759,0.9917037847216416,0.9846590942843333,0.9868497024458142,0.9846930245216143,0.9910907331792443,0.985216612490445,0.9902258499753305,0.9884899501736694,0.9894643178145511,0.991538217751812,0.9874760245239399,0.9854326259438795,0.9806964538332045,0.9836245292455796,0.987639405372364,0.9911813241819442,0.9869039056672066
87,2858400000,0.9858895132467946,0.9882864988591876,0.9832454625705168,0.9853364567517914,0.9845672853719132,0.9855364523988056,0.9890679776195729,0.9814384098379804,0.9857126850455946,0.9867561362957891,0.9926857294240425,0.9850534134328659,0.9881144815592192,0.9840882650990318,0.986637365363787,0.9833756682444773,0.9925247945826283,0.9876613730885242,0.9849036657372842,0.9857341920425627,0.9874528370338407,0.9873657885464494,0.9892364954413586,0.9900886552080285,0.9864778299024188,0.9874416056447789,0.9830452405796676,0.9947611786787816,0.9879967479635506,0.984572404602079,0.9834824111695561,0.9864773088069252,0.9847626777294113,0.9815010623548149,0.9995393012878675,0.9884971010479252,0.9840420026278264,0.9828497579244047,0.9790372069563443,0.9811043697582894,0.9868774812321007,0.9838031554759763,0.9869827235300027,0.9841568542343561,0.9819615916601673,0.9907211473236444,0.9929317082204184,0.9832019947226672,0.9849634718877192,0.9882686172260567,0.9886107757503695,0.9871027698392119,0.9887237896200974
88,2858950000,0.9752037808907872,0.984910133424329,0.9845163398599094,0.9814760403050637,0.9774914352673413,0.9835802009177611,0.9807563202259696,0.9826365527207883,0.9771906842315283,0.9880657587129326,0.9866769548112282,0.9826887970668191,0.9862927803229224,0.9833932257005992,0.9792144399760292,0.9838599711744227,0.9875064303497851,0.9797019434104713,0.9842531177390937,0.9858643731472181,0.9862245720076146,0.9869286894460729,0.9778998638089776,0.9857668554788487,0.9814969101067578,0.9864914883708987,0.9860764348682761,0.9883272490101186,0.9849675102258986,0.9893398149255577,0.9826452128340784,0.9944625534193788,0.9885427240574974,0.9806696098492422,0.9957671207600906,0.9850926682230663,0.9826863150683433,0.9814624841806918,0.989779815587716,0.99556891159149,0.9844079585871118,0.9904938190735704,0.9838164689090897,0.9884317467678206,0.9846601951741834,0.9833664533076322,0.9836431840211179,0.9898655137491188,0.9841600028653071,0.9910574221583184,0.990421089132083,0.9807029043734328,0.9880075229771812
89,2859500000,0.9826017600258132,0.980411097957371,0.984761064653509,0.9825025104816544,0.9844148314575839,0.974119317150965,0.9798689811667788,0.9806079098871455,0.9829477775850479,0.9855662023954558,0.9812554031035643,0.9795830509687604,0.9847025567145327,0.9854457392122298,0.9805073581738313,0.9809836417310424,0.9864855273601492,0.988309578561683,0.9814526131712419,0.9858668760558417,0.9854375412502975,0.9847935985266711,0.9793292268539125,0.9812042015708512,0.9894429968085249,0.984294467971255,0.9814425703104288,0.9789978567028884,0.988434658752266,0.9874384520437687,0.9842622252725957,0.9757750515228354,0.9802032099261383,0.9926517193317852,0.9952372233796373,0.9803721433929838,0.9784065277764918,0.9825981303468055,0.9850286367313664,0.9851171671882336,0.9769586501497589,0.987329475573808,0.9911985103287996,0.9853179778166711,0.9815183362159603,0.982552185853052,0.98373389421764,0.9827784090264623,0.9816241436809706,0.9882627838488922,0.9843692773969446,0.988275797050048,0.9839123123007487
90,2860050000,0.9803422047316968,0.9789644176720435,0.9795131478612222,0.9832037938206615,0.9861107101496839,0.9827497508949735,0.9771759955661593,0.9755770495568097,0.9728221148543731,0.9844920981711454,0.9864694439014998,0.9946628966614256,0.9881778642053834,0.9850503097375037,0.9866063601195214,0.9766666230164293,0.9829187825453473,0.9781536726985914,0.9861655783849086,0.9799455589757776,0.9824245990902137,0.9811796195405592,0.9876504627712807,0.9817091019771865,0.9814973170255413,0.9835680082384161,0.9898924178519058,0.982091138507745,0.9861149589963354,0.9812152978162701,0.980950324888021,0.9852134132930024,0.9819869618915801,0.9983539213342074,0.9956282567304579,0.9845739642094078,0.9819709910347563,0.9868030995262651,0.981091692730043,0.9774223288872513,0.9797335235725253,0.9843162562668889,0.978688523367787,0.9872576472981254,0.9851999978285917,0.9834944171435985,0.9827090637590293,0.9843087780985913,0.9937444313531618,0.9822336789708337,0.9845760346227008,0.9797181253654014,0.9824002000900747
91,2860600000,0.9799073740817876,0.9806618529985258,0.9830165806565597,0.9809724104436252,0.9819714802252633,0.9830338233719204,0.9881722917058948,0.9780210417376239,0.9841851322056692,0.9821644144045769,0.976837134469737,0.9783824462198113,0.9801552153272002,0.9837541951750409,0.9722397639475725,0.9828772279799144,0.9805048254283596,0.9781621124840382,0.9770738609584984,0.9755285009774436,0.9767354663314515,0.9788879502717991,0.974353093620068,0.9861677894134392,0.9813044578168352,0.9816435695837117,0.9796272793495976,0.9851834115379707,0.9862365464215743,0.9759444032434315,0.985465238682327,0.9827960697238233,0.9802149100018269,0.9952673646966553,0.9987972898215431,0.9778737705616908,0.9782419481879969,0.9844594633868763,0.9726068026402852,0.9856196731253808,0.9769207502888708,0.9796953177858951,0.9764447612139712,0.9742353108926671,0.982651420281804,0.9894606602807351,0.9803675169965588,0.9781995378879917,0.9824870031692642,0.9830877541636808,0.9900862961705095,0.9837403531531191,0.9871232574775931
92,2861150000,0.9772344121300717,0.9763750928190678,0.9784890260637659,0.977205580661042,0.9811771829495499,0.9753054524201625,0.9781161770090406,0.9775963850716276,0.9779670416614361,0.9727505274908532,0.987425322691769,0.9767593408931301,0.9756746098511281,0.9797238429485887,0.9747614503379549,0.9805907055995714,0.9877124532763665,0.9775320281596714,0.9721211061309668,0.9773048031494346,0.980927932633258,0.9730296364949922,0.9843423533143391,0.9802761877740261,0.9772117484214589,0.9860704056195596,0.9778606652824001,0.9775809865862484,0.9797337525176854,0.9834245060295124,0.9824249582385917,0.9885758584214982,0.9819210875753878,0.997747161302837,0.9949534853856014,0.9788208821535054,0.9807588033369059,0.9855768468125036,0.9820525959052137,0.9809762303762853,0.9743020207807755,0.9844530889159051,0.9798370780342665,0.9775161220898663,0.980722243921784,0.9814557624334161,0.9803716233536622,0.9760476353690243,0.9762886734202343,0.9788433973009543,0.9836939825183253,0.9848005126614684,0.9804211502131254
93,2861700000,0.9759185723739809,0.9758775339400187,0.9711482530206842,0.9760754578398101,0.9805965519604126,0.9804285305688003,0.9794274745861937,0.9779240670072883,0.9790673333906418,0.9809787804977754,0.9840852621915299,0.981834951837109,0.9785620682505272,0.97744949507954,0.9779163654782458,0.9805181028078909,0.9828497532109975,0.9793969571998887,0.9747889201907377,0.9814461499291006,0.9795503516618606,0.9714945064661248,0.9707566269716342,0.9780382268697728,0.9796031978553252,0.9752178131160019,0.970144359787768,0.9827515329391093,0.9726791760747191,0.9771371991051652,0.9792962065004305,0.9771024336389288,0.9805917000164607,0.9932195352817584,0.9960028374727877,0.9872465157982544,0.9732289658154551,0.9773854726348836,0.9820895374991914,0.9860900450072063,0.9763943493634605,0.9758570246034224,0.978465144035894,0.977475976091478,0.976506359595498,0.9820445164279544,0.9729231761544734,0.9752237879212552,0.9839197456647919,0.9731693873896253,0.9834920017270387,0.9824855795968287,0.9764571910701788
94,2862250000,0.9791440951720644,0.974408213231148,0.9750463916465638,0.9785452711464852,0.9770935331257327,0.9782182379297389,0.9770639549973816,0.98277146145474,0.9732001603368945,0.9724807511193222,0.9764073217321684,0.9805717479994158,0.9774717710501997,0.9772324950919643,0.9777563826380856,0.9765775435091691,0.978331314397347,0.9738580361105312,0.9676762747450923,0.9760233986081494,0.9792823519399134,0.9838926619039127,0.9829044114833894,0.9783483327900465,0.9803814447167671,0.9708885769543394,0.9766741799147964,0.9780475403636621,0.9740922377542846,0.9796720723842146,0.9784761498772729,0.9755365307372065,0.9803230716479276,0.9944313674087963,0.9952024652855082,0.9719912882506119,0.9748807444200335,0.97152332813032,0.9790677114626462,0.9726767281964775,0.9802767023676232,0.9778913237410835,0.9702640529929543,0.9789185585245631,0.9847368507293847,0.9826604043115268,0.973337955802675,0.978808532359155,0.9793256011243932,0.9709949211408382,0.9797927607832596,0.9754438139609538,0.9798435789415155
95,2862800000,0.9819330950151723,0.9735487026045938,0.9686960828330806,0.9783663874958288,0.9757123126137698,0.9724152482724023,0.969689473531153,0.9657510168983415,0.9784174370556878,0.9690598656189569,0.9750883891677088,0.9721650558389657,0.9741612967018644,0.9736386018462928,0.9711673970421562,0.9759544635203605,0.9753368143351026,0.9770493113918385,0.9781872795598852,0.9756591394261156,0.9746664296901508,0.9690903610252172,0.9720186115783148,0.974553668770309,0.9763750657910839,0.9776603563660888,0.9703351588445643,0.9786706387472718,0.9741280632283501,0.9710185510324019,0.977180695902618,0.9713859967584157,0.9809589793542606,0.9963506488903627,0.9977643810540636,0.9703775780566033,0.9752678289770115,0.9709798810113713,0.97011209930996,0.9743082940103186,0.9722258482658254,0.9760974264472368,0.970386152130455,0.9778636336624565,0.9651274651124034,0.9713538585814192,0.9841271010888347,0.9767690295004481,0.9757878185801175,0.9758376639373497,0.9764465922651615,0.9715137614106796,0.9775238301253014
96,2863350000,0.9749764739608001,0.9740295134969091,0.9719238461517063,0.9718332794749932,0.9678444564711607,0.9668743601540334,0.9762805091252743,0.9652750535370211,0.9703378229509239,0.9665583602387067,0.9666227417998629,0.9728055984409789,0.9772666312451,0.968354106446324,0.9801841177601026,0.9711902738550778,0.9760101135848996,0.9737078007319433,0.9714785313775345,0.9761664663976075,0.9766164923248314,0.9736879382852592,0.9709677381537233,0.9762767428314251,0.9701593023719152,0.9695576007660105,0.9713424489577815,0.9735144468475997,0.9724548309406958,0.9755293592438397,0.969457527485158,0.971934673590363,0.9718813768313557,0.9974455827622878,0.9938973665793283,0.9711848429821547,0.9715122275440461,0.9727263649897774,0.9687588657756075,0.97711648111348,0.9744816015834139,0.9697480842954023,0.9735535529580946,0.9757559161017089,0.9773939795328616,0.9673165559637525,0.9739249513684435,0.9756956057376911,0.9706409450207947,0.9768549456509393,0.97216705567753,0.9697851062938537,0.9744329186574922
97,2863900000,0.9765877185936169,0.9674481342631795,0.9659026373317746,0.9659883129396848,0.9698071602731261,0.9709820803577291,0.9692146757274811,0.9648289099551063,0.96802113049671,0.9724713923571889,0.974025077560938,0.9728145562344888,0.9686449284130745,0.9674637855410121,0.975859353195669,0.9793434885853314,0.9677270443942889,0.9737700485384886,0.9718940473549069,0.9689389737088406,0.9755322841610158,0.9645076057455616,0.9713420437760184,0.9740580265301951,0.9749336232208904,0.9688062185621928,0.9703827981577844,0.9731991672550416,0.9742553607281649,0.9686869986709452,0.9738120999298617,0.9658369219664434,0.9646850542620187,0.9992110113219071,0.9942885536494163,0.9740556513364402,0.9678753843090298,0.9695518657363442,0.9741788819636904,0.971062199702257,0.9629890519220295,0.9760622780270429,0.9685362205032326,0.968806884757361,0.9665860789580017,0.9673989673482133,0.9721014152600924,0.9700378416167595,0.9765090529523902,0.9781594767124693,0.9708847558810568,0.9738961771405871,0.9665913896394717
98,2864450000,0.9731345392434722,0.9778112134696905,0.9664478817850216,0.9731224140360583,0.9625073795775969,0.9708350395070257,0.966138480274074,0.9710619275057177,0.9720363794682373,0.9682614418343429,0.9719786078095295,0.9687766083489912,0.9709931787954179,0.9665121810195508,0.9632720683301556,0.9658737393696322,0.9739332982724955,0.9623617675427423,0.9717544342670799,0.9666218578382642,0.9659227395454936,0.9705190756061499,0.9712389707680207,0.9720867611977807,0.9701476387609707,0.9700214987344542,0.9763980621569833,0.9711972263275692,0.9751377332716947,0.9708926891839279,0.9691308296654849,0.96801947437292,0.9665726448924544,0.9953296143133521,0.9940374658450774,0.9741091951175601,0.9762627789289895,0.9666532902546296,0.9730519487756231,0.9701678214562993,0.9736268974073786,0.9711344791669412,0.9717532664855038,0.9702282274692392,0.970201926889243,0.9666897737696415,0.9684064838773204,0.9760398044441861,0.9695739280741302,0.9656961116569003,0.9681501113064896,0.9677922817319654,0.9708843620083046
99,2865000000,0.9689831778424107,0.9641144385331168,0.9718226767755737,0.9652149961112803,0.963229783229286,0.9682887544012284,0.9698528686320378,0.9727878813423994,0.9674012551112464,0.9700210420462086,0.9680750566010902,0.9666028635407548,0.9726163739622451,0.9745724777110374,0.9723972787987971,0.9642253397269036,0.965788072476253,0.9658975385344307,0.9685583933793485,0.9686626377922277,0.9769127696966102,0.9711599555096853,0.9644875484678056,0.9697351091603564,0.9750609433849828,0.9709745396190701,0.967057933392956,0.9649117771755684,0.9618096328188739,0.9684028748770234,0.9708414801213692,0.9725732688987296,0.9730583249773919,0.9922649701706905,0.994582844496745,0.9742842875841056,0.9681520202604156,0.970184732022254,0.973848344637199,0.9763366261751631,0.9686862288089368,0.97168644960062,0.966495312128412,0.9704891398011893,0.9742103210473244,0.9701735297185513,0.9703747793110858,0.9666481544933011,0.9678794609142259,0.9689360701891008,0.9722154764828427,0.9696329974017479,0.967867519468102
100,2865550000,0.9708122973388545,0.973403786543192,0.9733909219559367,0.9671412032671088,0.9694246168022697,0.9719118416623037,0.9722120365046502,0.9692843958860502,0.9711613612582458,0.9698237871457264,0.9627811780797695,0.9748276760067776,0.9669283601452758,0.9638667872371882,0.9689597434112215,0.9689516714421886,0.9738941170454439,0.969295968103363,0.9719742267157413,0.9627285815855673,0.9792613349536118,0.9667786521021468,0.9678195336080344,0.9698570170841498,0.9743905204574852,0.9649797209843731,0.9673203620319409,0.9726841702667085,0.9753245716674885,0.9615558906730334,0.9704450016230145,0.966539623656937,0.9690256088479514,0.9937640224762156,0.9931805428808418,0.9666094026715141,0.9786137451637273,0.9728129659542055,0.9693669784959378,0.9660981468472518,0.9751361637162949,0.9691527745699489,0.9704250178472408,0.9703194341392932,0.961048810067056,0.9738366530719902,0.9682184338621116,0.975367822550981,0.9680486144836002,0.9611382453342474,0.9704050025170049,0.9663717388091068,0.9695010714239146
101,2866100000,0.9676432000483783,0.9723450284868513,0.9646826866774382,0.9619288268998795,0.97110050608329,0.9735477369052585,0.9677498151405641,0.9717036236752882,0.9685828289113217,0.970332954506521,0.9707074369165807,0.970205411475824,0.969557807460288,0.9673146005298348,0.9726650465147212,0.970456898200076,0.9662398126415257,0.9754542362488902,0.9704975298821357,0.9760194680426661,0.9720793274553957,0.9726446102625833,0.9725740726688961,0.9675305135335891,0.9721373207336085,0.971191826458211,0.9684524227551949,0.966940005294155,0.9692681535832024,0.9647854553446913,0.9763898369906544,0.967671604123597,0.9736768665181148,0.9957488165326577,0.9959608802544521,0.9669321535325117,0.9685614696753571,0.9666298552269805,0.9738904332995093,0.9682453782882244,0.9657883146422727,0.9678766431899679,0.9705650123419202,0.9684237003104331,0.968655899851363,0.9689622413555884,0.9624041469504739,0.970840940718395,0.9729739174072549,0.9689619444891757,0.9686952538858004,0.9724608209534978,0.9667391197714902
102,2866650000,0.9724745336849016,0.9748340349826871,0.9741753246933945,0.9758137733433793,0.9745151507786305,0.9758988954602028,0.9708270120612355,0.9695907206570177,0.9779645407392981,0.9679032734590982,0.9719436796424521,0.9737261441240891,0.9796142136719654,0.9723507406838576,0.9697384346702921,0.9714946362039508,0.9696790074376591,0.975526342942759,0.9697452770303064,0.9688932065595524,0.9717190793953275,0.9700023013289889,0.9748544641316574,0.9654875810093785,0.9796233726283623,0.9778318570249073,0.9678980834921322,0.9842372326140059,0.9681025634011446,0.9680855359352053,0.9747248842283083,0.9708766337726236,0.9722125417874729,0.9992906484676387,0.9953658773062384,0.981197167079801,0.9716071008985557,0.9748297613412304,0.9731997439811562,0.9737811035901047,0.9715491045561241,0.9684973643136631,0.9750313396735678,0.9789362309385604,0.9761186607847087,0.9714232340293653,0.9660966377498366,0.9671232644778508,0.9719228651256863,0.972066400661047,0.9710722726208215,0.9688906134951436,0.9726647145131982
103,2867200000,0.9678461783322431,0.9777044294757277,0.9744911725851041,0.9722107094353422,0.9768484855362881,0.9710945008946182,0.9743887277464242,0.9768776318330477,0.9795734508839493,0.9813018039374787,0.9689911800898867,0.9721686102260599,0.977704435703022,0.9807838229914303,0.9774106495134947,0.9757398041941575,0.9667391832263238,0.9848491915220232,0.9709642483209162,0.9738880031461783,0.9732106851870631,0.9703065762961032,0.9723511160270834,0.9765390012995694,0.9836440615791884,0.9726724693919059,0.974491940084748,0.9844687774846085,0.9801815847755423,0.9761076286134819,0.9697217645991838,0.9809910086937097,0.9715258463782073,0.9934186670903942,0.9965779876259304,0.9723298342056452,0.9737437198825601,0.9755329773451188,0.9807732606119398,0.9674937750714705,0.9736101562484062,0.9765509993718632,0.976430048414052,0.9784421560154285,0.9784682899659852,0.9711430949262074,0.9818782491811406,0.9758864749457096,0.9735524404431136,0.9668593784910005,0.9712519936793136,0.9831868923566333,0.9781474270011067
104,2867750000,0.9800902643370383,0.973636502145644,0.9801749507212444,0.9844353935669755,0.9753444168430849,0.9753503136951034,0.9799719224482898,0.9763247007881791,0.9791747018560668,0.9810326557637217,0.9788617719698948,0.9778408942959375,0.9801403039728966,0.9807350695474121,0.9797911589092663,0.9759264270541823,0.9810966841300212,0.9789766193931956,0.979195276882634,0.9809365458712781,0.9792381358174976,0.9735369759904606,0.9799305116829,0.9666592376413747,0.9821980307538806,0.9764924419343893,0.9741558131223251,0.977486810656353,0.9769935106182741,0.984123914726297,0.9773346206166075,0.9778145369102156,0.9797599033789649,0.996473552165529,0.995887446785976,0.9774918168230622,0.981784822100679,0.9768187388878731,0.9837592340193212,0.9781636870769073,0.9791553789589819,0.9745933741534701,0.9822006989212706,0.9746176756163536,0.9789496252078875,0.9815864965587031,0.9774475424871424,0.9747924966743843,0.9790210342497817,0.9722261821091877,0.9817946378601712,0.9797140983596283,0.983135006557206
105,2868300000,0.9819586555088851,0.9835699806479568,0.9767125569905434,0.9805274377756117,0.9856034543993709,0.9762695460219156,0.9772201143807373,0.9822694098252256,0.9734451927730039,0.9817913181270095,0.9776150733149485,0.9699288687192931,0.9832628857514027,0.9808989942931275,0.9801661813624657,0.982492334857057,0.9819930949195407,0.9761168229370104,0.9739694345873497,0.9706011417420308,0.9788721230599252,0.9776829721592767,0.9734141848817981,0.9741388838661497,0.9783455227482307,0.9720257832429169,0.9811590363386974,0.9802839883499617,0.984166486581341,0.9769973513441971,0.9830760884354653,0.9793373150825171,0.9837148428659424,0.9961714232407285,0.9930357724263317,0.9842985923951921,0.9776919847611597,0.9790674350545338,0.9809189181923711,0.9852969748087492,0.9733599274858264,0.978565781044506,0.9849231955640221,0.9772205630120611,0.9803429303990171,0.9721907135829845,0.9740131059646728,0.9819804922460023,0.9828941310071074,0.9823946583856177,0.9774502196058049,0.9770496818810209,0.9757265617946526
106,2868850000,0.9886303829059038,0.9766507008404581,0.9776571064826945,0.9804765857504698,0.9776397993886657,0.9783264169935248,0.9826772821163362,0.9789027053042088,0.975218742692311,0.9747720672484474,0.9790170820633456,0.9825856198311843,0.9815301559367606,0.980728172594584,0.9834740289010961,0.9742740595381334,0.9777865892574641,0.9727678842873101,0.9860284143936384,0.9767067346810802,0.9784379597220737,0.9821689020779227,0.9781629552060278,0.9773828031560848,0.9728392025044162,0.9782836298532961,0.9786787931457205,0.9844129095508947,0.9786620786493584,0.9817680963595863,0.9763211658819252,0.9867922936092164,0.9732498275471825,0.9976030510800403,0.994675044900135,0.9784388056757942,0.9763829373573986,0.9797313069833676,0.9777190964160495,0.976656067199327,0.9807458806293576,0.9812045396210343,0.9859565702265396,0.9715200882315066,0.9820507776888229,0.9828036803431036,0.9808074942826944,0.9785078413392007,0.9763253025274642,0.979895214556504,0.9822942057593964,0.9837926349193297,0.9825009881501595
107,2869400000,0.9825094429003516,0.9699078198752218,0.9758764855023221,0.9759605467111794,0.9802667515787001,0.9836430297121391,0.9763183751014006,0.9831091839001569,0.9787673459944488,0.9744876436438227,0.9777696204934245,0.982716468269148,0.9764799981788257,0.9760376705299372,0.9727908635545613,0.9827758208024563,0.977487369819763,0.9824570027237534,0.9847641461959468,0.9729158648054284,0.9742253592492107,0.9780139132781727,0.975993096544189,0.9787352207104284,0.9735171309384077,0.9740585151050631,0.982445043018078,0.9767668740583306,0.9732397111801127,0.9752006524739483,0.975844880171975,0.9854939253928873,0.980615108326526,0.9936001873827248,0.9930569588890709,0.9718942550357668,0.9806647516663458,0.9768568167272609,0.9779454416063132,0.9787110075735485,0.9762016905202404,0.9784411187851102,0.9857405009953257,0.9828738375220268,0.9817181774192418,0.9735234233019817,0.9822606796918373,0.9782397018747186,0.9816679302687324,0.98110090263712,0.9809230973261666,0.9806917408216638,0.9746374013560503
108,2869950000,0.9734144275055011,0.9724660156103971,0.981103041093791,0.9764985446680982,0.9741332141015157,0.9816910897762475,0.9725843748222605,0.9837635668455154,0.9774969419771863,0.9753740603604943,0.9724770790065522,0.9772743930028691,0.9684259102225418,0.9775032912185712,0.975162327558891,0.9775934060236705,0.9803328579989071,0.9770391362628177,0.975888172554684,0.9697142792192036,0.979954551257815,0.9737177182680935,0.9750826520873668,0.9733988619094175,0.9778262663654614,0.9691235524303679,0.9755114735820245,0.9735305336771762,0.9759949857507945,0.9760904638809659,0.9778903231562225,0.9729310480335687,0.9805468201783912,0.9963261193951856,0.993067112127295,0.9787166621654158,0.9732339145608789,0.9739062544458373,0.9824026932251898,0.9763533926740187,0.979164995813422,0.9689081757070581,0.9713029778098127,0.9750353221140013,0.9722814015938618,0.9724461162199182,0.9744485567042629,0.9765935670663626,0.9713530915642683,0.9740929445986319,0.9803922559842799,0.9771638221355027,0.9777775794501611
109,2870500000,0.973865505285425,0.9747402051767952,0.9736168768400163,0.9685392004922905,0.9785514096208717,0.9743545261433894,0.9703915548762471,0.9775789597601038,0.9726141367942611,0.9741310943020525,0.9794960336553222,0.9713744001806386,0.9769847889991845,0.9806308770740423,0.9731858872775987,0.973193619544035,0.9646019667541612,0.9682049740265739,0.9674757074346816,0.9741215268002853,0.9746542633637417,0.9752886327778493,0.9676400849483672,0.9728874101885481,0.9729613077771462,0.9778085040905211,0.9777805882563021,0.9697480197031692,0.9727011280940303,0.9796540932682494,0.9748468424982856,0.9695122369994387,0.9821712871439382,0.994547625350928,0.9946971831581847,0.9754067218290122,0.9694520077755436,0.9651209840366742,0.9741386492476458,0.9724801909470204,0.9705278073901739,0.96548489736495,0.9637470403726546,0.9688091259268728,0.967266358880723,0.9826145797916127,0.9739891329781165,0.974179000060162,0.9727504545471953,0.971751305632402,0.971266146711544,0.9775899380342831,0.9698070067483229
110,2871050000,0.9668381741563218,0.9683408393331889,0.97538079489788,0.9738328061233789,0.9726765286299418,0.9749219044009236,0.9722528347179831,0.9700855477739782,0.9716926628763454,0.9740242750119404,0.9654277541390743,0.9693068073370009,0.9658622817519594,0.9697177150154127,0.9695606118482466,0.9681382943272948,0.9733707245705988,0.9723292443168297,0.9676187945366865,0.9679802802412333,0.9640139904931402,0.9766635915794645,0.9655894901682874,0.973886700241893,0.9711989739396067,0.9822564540529993,0.9723485881193339,0.9730015115814901,0.9725418221524619,0.9762486448915243,0.9701776898256274,0.9689495425105045,0.9680093545983951,0.9953764965105287,0.996720822024643,0.9680935229644961,0.9674672501235201,0.9817696163039339,0.9670307681760455,0.9672991857704963,0.976272427026519,0.9650188927518379,0.9691927306617506,0.9662880555150984,0.9664045321673826,0.970570718418621,0.969453237095524,0.9668383774815601,0.9656152368233633,0.976871683531115,0.9670443749514588,0.9746289899732037,0.9676690202043566
111,2871600000,0.9654613988911104,0.9675521089057015,0.9635998745871356,0.9650314352837377,0.9697839533900326,0.9644402989655808,0.9675090531367474,0.970724966693597,0.9690062067618462,0.9679302257229339,0.9678823126602911,0.971022224433059,0.9677723024868975,0.9682090949016109,0.9671102345887979,0.9734852295484163,0.9617657864786885,0.9690170480190782,0.9719866257914277,0.9697547412474747,0.9714666025592033,0.9649118095337147,0.9624632070911502,0.9675126632471704,0.9669259045544228,0.967984015025675,0.9674977526928775,0.9676156063907044,0.9624420933707235,0.965108729774229,0.9768780310291683,0.9657401411178955,0.972868782123233,0.9946348440959566,0.9942682663909926,0.964536143435574,0.9731498995470511,0.9703403282546245,0.9683019402606396,0.969594453813695,0.9721515785496684,0.9701040987404824,0.9759947405292029,0.9767908360632277,0.9665275079705751,0.9617766380375289,0.9676938681172993,0.9679900397827782,0.9697977561439157,0.9658146431826325,0.9716386395014365,0.9696937341441676,0.9716517696732998
112,2872150000,0.973808638486102,0.9625858576411466,0.9643998411069411,0.9751644557523891,0.9683362590890167,0.972492109555378,0.9690596985127549,0.9672452733732286,0.9720111139516727,0.9616885984531719,0.9708177177198752,0.9709750503998787,0.9673872858628513,0.9601917066992116,0.9659304130434719,0.9742308838580522,0.9711702914113107,0.9718212232728759,0.9686358862591792,0.9705200895115014,0.9713358774502387,0.9715113024128805,0.964836874350264,0.9744732180972774,0.9672266680280839,0.970700277146461,0.9625953917515426,0.9702376304359677,0.9726997885571425,0.9691554837541662,0.9631625902389633,0.9696603212754932,0.9726455411922771,0.994436012424486,0.9942292968218353,0.9704445360485136,0.9753958973154052,0.9717493282308748,0.9692743850925001,0.9741156604215445,0.9609292990975311,0.9647719117365544,0.9735843063264967,0.9746219552126957,0.9711956400564413,0.9671657901893358,0.9718572668931583,0.9707949425901263,0.9689215601863523,0.9740235650742685,0.9577912894220787,0.9742232402910744,0.9676851815525512
113,2872700000,0.967985968301797,0.9697791549250881,0.975340660828771,0.9675747279629371,0.963164466922642,0.9721336301902317,0.9713012319725935,0.9684848715748497,0.9659252776329252,0.9681677216622864,0.9675974556385394,0.9683812006440479,0.9679415400184483,0.9768298645430046,0.9591766432816804,0.9730477266141534,0.9657210944401103,0.964679137201218,0.9681578754272178,0.9718084203054786,0.9736807188383382,0.9716405927879653,0.9727264347988974,0.9704226673739481,0.9725129979146774,0.9719388962050788,0.9660699867787503,0.9665910928027909,0.9622872655455735,0.9682849228416509,0.9746055160134047,0.9701953937976978,0.9701377806967664,0.9942876053151725,0.9941072777113816,0.9684128943342882,0.9764940985381931,0.9658236515677864,0.9792706942945596,0.9674450951610584,0.9743764495538413,0.9711625154992392,0.9750408015297508,0.9687053051929166,0.9711017573981089,0.9718690248085194,0.969308861608298,0.9720902797679519,0.9597873746816239,0.9666265970085589,0.96837469476245,0.9705005331886792,0.9725905718645729
114,2873250000,0.9772915915710934,0.9708665580271039,0.9681991949243154,0.9690114959620957,0.9722109697483671,0.9723570865267889,0.968830756484794,0.9690892789557631,0.9696391354253112,0.9690319599404534,0.9732005003712255,0.9687684678164661,0.9716461206696245,0.9758518583765028,0.9730698243931359,0.9788422663159926,0.9752445732275771,0.9712444164724672,0.9684106259807322,0.9708634583707444,0.9694516928429328,0.9694146975427101,0.9688360049739284,0.969063473171729,0.9674213966270907,0.9662205747821921,0.9626063925955586,0.95866710450613,0.9722897937423791,0.9693921144395772,0.9655493529384304,0.9752687123766666,0.9759830147428078,0.9950990661961834,0.9942685392223676,0.9666564839413831,0.9641114755202403,0.9598151074209544,0.9691393346927728,0.9688019691074189,0.966802604957404,0.9760787927656098,0.9749308204647492,0.9731631329949862,0.9698228222273183,0.971283859167773,0.9704407435894074,0.9700867171268885,0.9726658959633252,0.9720990467366073,0.9759421905536496,0.9721724793137861,0.9732693160860894
115,2873800000,0.9661364176856132,0.9755144270898134,0.9799765490141388,0.9733366453528561,0.9690859306310918,0.9719561554501214,0.9654775910177356,0.9781147952705893,0.9717739646425321,0.968423921818349,0.9703268420598132,0.9718317820901241,0.9733185523102363,0.973033733298561,0.9727368953747851,0.9742909545210052,0.9792571471259228,0.9697582805059054,0.9732754205935287,0.9671795839083674,0.9711947847855885,0.9780778221259204,0.9729931262026018,0.9761954043468767,0.9739556550979815,0.9675698308673992,0.970734294118129,0.9731962335567047,0.9751912904216009,0.9622949016346362,0.9744749411773164,0.9712362583546118,0.9763655246262032,0.9978479785000178,0.9946252040891916,0.967844663798271,0.9693562567013784,0.9689376678881902,0.9662817611027791,0.9632504264048952,0.9704313805286597,0.9719533090095068,0.9748514030894706,0.9727722476337152,0.9712117517365377,0.9740862936721524,0.9778998934690414,0.9858942264235149,0.965788052531013,0.9711428351801161,0.9690180177809936,0.9702589878182066,0.9647545281396
116,2874350000,0.9750486611793164,0.980308948624033,0.9713826171304996,0.977576813543429,0.9711376730148545,0.9774577970789337,0.9764024908322878,0.9713458439020046,0.9763676633052976,0.9702112443485392,0.9684804020198753,0.9758975883676448,0.9748743447288082,0.9749404117218782,0.9740132189945655,0.971646673137202,0.9725961851722892,0.9746321587141937,0.9672333747817814,0.9744464726424461,0.9714978257956858,0.9820218917869697,0.9717625957691322,0.9702106716761534,0.9737918124628744,0.9769097853463014,0.9777564438195551,0.9745491395887134,0.9730386572473774,0.9717103429547533,0.9785573202022002,0.9648409271572453,0.9699399709862009,0.9963239293161948,0.9985733532403327,0.9735656568915085,0.9752889216347936,0.9742570454857957,0.9802409985735031,0.978121689228679,0.9748332303012233,0.9769234591334461,0.9762947806776028,0.9693999640916926,0.9693412966570604,0.9753484945610675,0.971432101421633,0.971462293330644,0.975073846020614,0.9799417273686011,0.979206586754572,0.9736321012232411,0.975693406050986
117,2874900000,0.9785215879429693,0.9755319640448561,0.979099238194798,0.9830914798591498,0.9682369222054618,0.9731749374252766,0.9695379623313714,0.970481698760086,0.9785231893430936,0.9785792379109501,0.9739094709706265,0.9751698534852108,0.9770876572970701,0.9750730087679216,0.9728675525790662,0.973414296826407,0.9757084807792336,0.9802771187246897,0.9802032542762678,0.9762030756622967,0.973966702089875,0.9726444665837781,0.9798976226469173,0.9712520428672968,0.9736069649934035,0.9780900269511825,0.978118079184396,0.9765581752229,0.9759568987151622,0.9850233131339766,0.9737194319535778,0.9703826892877128,0.9788042041410837,0.9978053795398323,0.9933620382789914,0.9785580839941983,0.9729401362024369,0.9752933477670152,0.977810902828795,0.9773639950241308,0.9754951037620019,0.9806178777134464,0.978915894280606,0.9780882514880418,0.9787319586124021,0.9776285289587064,0.9746874088170162,0.9790339697261006,0.978266504215459,0.9764136480680476,0.9814995820017687,0.9708288917003571,0.9744539643377289
118,2875450000,0.9727890584206028,0.9743224067429141,0.9728035330990171,0.9796217808056925,0.9800311520443528,0.9765348961729019,0.9748628109612973,0.970393614447814,0.9775846752113181,0.977020073292622,0.9856312334404342,0.9771026384499839,0.9776452485383047,0.9747188467998403,0.9698322115932492,0.9777621254807032,0.9821781300812136,0.9738985893867139,0.9827010023724668,0.9796578513706166,0.9774008724225989,0.9763543617844918,0.9794489101418461,0.9789175890020041,0.9791445141802138,0.9714566408401222,0.9776111460898862,0.9777367972592877,0.9725522591168483,0.9782686096081772,0.9752133992763765,0.9719713531811716,0.9798188900293667,0.9924605291110853,0.9961080813764156,0.9736165504512586,0.9742233136012136,0.9734668611782789,0.9827627635194145,0.9751173032310446,0.972870677367768,0.9801328521524714,0.9775350814584453,0.9755405392084843,0.9755481123004364,0.9796237012372466,0.9808779279601411,0.9811567863257439,0.9787232585521289,0.9750198839715093,0.9713927437543948,0.9781781500346728,0.9784807213044736
119,2876000000,0.977221242819076,0.9845379058602978,0.9780431578469189,0.9805024887139725,0.9767141871356774,0.9798927118872074,0.9752733783778954,0.9836254814105223,0.9751205408547858,0.9765103133828276,0.98033036879332,0.9795966457492097,0.9774884653142951,0.9788553993890584,0.9793990958402753,0.9791632759033713,0.9788254127079572,0.9764513928618079,0.973562815622285,0.9762806313532665,0.9711075016624499,0.9806285466333443,0.9804103593561414,0.9848029252659933,0.9751354351127149,0.9783269018132106,0.9752849836558466,0.9815561903411826,0.9756808381902894,0.9834191631733549,0.9788540961657413,0.9739760150643659,0.9761918936699955,0.9974036586596289,0.9947372071657242,0.982928708233314,0.9748122170439562,0.977557200412007,0.9797387604375338,0.9757119751464813,0.982034214586523,0.982987881259266,0.9867900425416105,0.9848134175652967,0.9784062067764898,0.9820479722142336,0.9804715423795918,0.9778777591046827,0.9809887351720189,0.979284412919639,0.9826341272876297,0.9739780641223038,0.9847905062964423
120,2876550000,0.9817248463780375,0.9849236115875486,0.9766696985435738,0.9796867076667296,0.9803206284496664,0.9892771853822345,0.9807624998978971,0.9846421123312658,0.9864262501327284,0.9809942295532238,0.9823308216589927,0.9804442990232974,0.9782358190494175,0.9844130364094774,0.9702085289517915,0.9879332058472231,0.988224479394161,0.9835630541175745,0.987117127362989,0.9860827990214955,0.9848169695408401,0.9799589636443339,0.9791877530030286,0.9772783743513378,0.9813682869198912,0.9809155604064473,0.9814747947943359,0.9817848950753553,0.9807487311152905,0.9828898408499993,0.9809029227310626,0.9757484379382564,0.9796034207518727,0.997397056308859,0.9970802801746532,0.9812684206866067,0.9867491666119435,0.9800468013252238,0.97279505215007,0.9757187508074249,0.9812425418677417,0.9850965410795601,0.9843034100598053,0.9792243294722931,0.9807454107378283,0.9850249998024481,0.9831801142827321,0.987116152755069,0.9823898200376524,0.9827003261949994,0.9841503977359992,0.9790476817843682,0.9841626881475346
121,2877100000,0.9784843346599936,0.9778901130041289,0.9775208538274244,0.9797375352271549,0.9809296052659131,0.985756248059592,0.979992381937082,0.9870971172669494,0.984278008515867,0.9874790115051535,0.9824816712396824,0.9810189556414242,0.9778928432401512,0.9820683865472448,0.9924292142250168,0.9920196049100365,0.9776059794163657,0.9743176873628729,0.9892973642609223,0.9833186562708949,0.9826131706090965,0.9774050726094098,0.9792528860301867,0.9835431238895656,0.9787620642262645,0.9788347416825484,0.9770077872832238,0.973668015586097,0.9850267545599991,0.9825948777748154,0.9845801489334448,0.9817700952073788,0.982942887969658,0.9953061513607979,0.9982356935444394,0.9792094846928032,0.981536851072109,0.9795111613088548,0.9785176868770895,0.9809492887147575,0.9807628721090693,0.9846784755725082,0.9827901072407602,0.9816205529030707,0.9831146792834663,0.9850538885606349,0.9818348046409214,0.9917661392997441,0.9825918717322321,0.9889237230815572,0.9784927131595772,0.982164157870577,0.9827745061742418
122,2877650000,0.9817106835713548,0.9843617950603265,0.9831934165117597,0.9855764268521053,0.9848753938568608,0.9784181988666925,0.9873857971957329,0.9799984704168921,0.9846079361455916,0.9811748954362028,0.9865960605654933,0.9814295001024107,0.9786742888954819,0.9839511313471576,0.9835827717693334,0.9874001584254549,0.985423275610656,0.9837156925043806,0.9838405913712459,0.9810948307395587,0.9849967068661123,0.9842257379419468,0.9832509936766134,0.9842186260659789,0.9847767054647119,0.9872553494281959,0.9884641520682208,0.9878572365524773,0.9853081701858891,0.9784828539220745,0.9858790702292629,0.9819340537872341,0.9809543836846049,0.9963539965263825,0.9947622597071216,0.9860887694543679,0.9819732056099707,0.9811853808938052,0.985236715053494,0.9770930723825613,0.9823594443974428,0.9867049682125311,0.9854454610780846,0.9810017420650963,0.9864484691695914,0.9858646713229301,0.9892812544554495,0.9870733147744913,0.9851971217824237,0.9847096319878141,0.9924958643169284,0.9792361399490366,0.9824798883773725
123,2878200000,0.9832189540900076,0.9859859414115318,0.9835788162264917,0.9825438467109321,0.9870622326952591,0.978950969872343,0.9847758639480221,0.9821215411808535,0.9815972096904391,0.9828921081945651,0.9820881404393501,0.9810124795923255,0.9816124491154443,0.9853198548355396,0.9842712192788764,0.9853746423814613,0.9875510813752654,0.9876761227204379,0.9880256630557228,0.9866372063881487,0.982096475603288,0.9779666117630849,0.9873188739224386,0.9850002114585754,0.9867535343824386,0.9870073477780263,0.9878737058803194,0.9839611723074655,0.985314504243789,0.9791005322194208,0.9876579936294378,0.9846153929503183,0.9830901523539278,0.9964200945284079,0.9965133012431728,0.9847945073308295,0.9828424035089026,0.9881756878256691,0.9867722015663296,0.9855325556574073,0.9916188571129829,0.9799392652556044,0.9834742272809588,0.9880887449237117,0.9844650287334181,0.9853773729057197,0.987533339563116,0.9856203210974428,0.9838909273829359,0.9874725754372626,0.9912541606870017,0.9847050679946949,0.9870021286904298
124,2878750000,0.9812099009153862,0.9957753498194208,0.9893687585207029,0.9874818659067903,0.9947640220763592,0.9860363697925688,0.9844861407291668,0.9854612860211605,0.9886423053300888,0.984008582691773,0.9831856082561194,0.9901851588264988,0.993162356984679,0.9828766108828885,0.9863996595041952,0.9861758731885183,0.9912475406185866,0.9837188433695224,0.9877851420324439,0.9876875860169225,0.9822263512541934,0.9891692180325922,0.9795809315262476,0.979433486671119,0.9879836816225438,0.9834584876915857,0.9840390054229312,0.9862474578522485,0.9822999704309704,0.9841328581440034,0.985912532824069,0.9857108046400029,0.980930960271967,0.9920101398052126,0.995905492818742,0.9804866672898769,0.9851011580612173,0.9872076160930786,0.9815447424775756,0.9881249110276263,0.9889241469893386,0.9893459621153625,0.9822918639506495,0.9887557993614361,0.9836299581651223,0.9891297555830808,0.984410018349291,0.979921364122666,0.9839200464282527,0.9829296271949164,0.9867385134672971,0.9832178667994182,0.9838257903178881
125,2879300000,0.9890839587420067,0.991990292139478,0.9858447975990783,0.9895603482365706,0.9951187542583338,0.9912287504224041,0.9865669939841516,0.9836718605105472,0.9942920499607244,0.9862391211508891,0.9854868692424488,0.984375146966484,0.9863078061818684,0.9910415341020018,0.9910480083269727,0.98502193194186,0.985175489631523,0.9852974978551303,0.9878739225553864,0.9853483478347208,0.9897911791917365,0.9904583429263041,0.9845280538307759,0.9832537183458941,0.9948726121479596,0.9908676057875239,0.9845643890710557,0.9835895272289149,0.9899449794619414,0.9831951313929597,0.9851374914245618,0.9860734814516098,0.9887097117633791,0.9947284446155755,0.9955999544032182,0.982814356070558,0.9891246830237357,0.9916081590742375,0.986815184382732,0.9878606421563261,0.9875173323926333,0.9873797934411302,0.9881703181430649,0.9848181672229984,0.9888575761567276,0.9832175658772563,0.9900654149901961,0.9914527159762131,0.9916159110839124,0.9896686308855019,0.9864441338914636,0.9870716770354655,0.987514534586438
126,2879850000,0.9888916328053504,0.9937343710499689,0.989334932560459,0.9888677847126397,0.9904232512749345,0.9889380970240493,0.9820638119992673,0.9926937861164186,0.986420420433968,0.9936618133545112,0.983148256239461,0.9852543064475059,0.9908794017114428,0.9892212288852978,0.9849218635271475,0.9825342502528718,0.9801853525840639,0.9863739998490855,0.9936503033634793,0.987871972542147,0.989894355674769,0.9876374699024788,0.989058880917124,0.9907372669763886,0.9963630404660992,0.9872217557577995,0.9839220677605058,0.9824391697405717,0.9884088162353483,0.9880477843592276,0.9888094585354563,0.9865311821752618,0.989766893109661,0.9965693989794671,0.9986951237623606,0.9852567973964592,0.9928960656528896,0.9878924066191553,0.9936490625495598,0.9880461647196892,0.9855918386557124,0.9911815516845128,0.9891816983435386,0.9873269527664168,0.9867054074986505,0.992014572035369,0.9898523203879208,0.9929129151060759,0.9878846740336165,0.9863300788876093,0.9875713551224258,0.9807025962871155,0.9933883065347637
127,2880400000,0.9987801704241277,0.9856812873132819,0.9904590196661586,0.9827358890900759,0.9901094636902341,0.9947272219453673,0.9899328525300678,0.9850961704308574,0.9851628512658531,0.9896863316994057,0.9878664723407193,0.9930246965887894,0.9910966192780393,0.9899138599807832,0.980219332998108,0.982049495474926,0.9783887485792523,0.9860680222669537,0.9904080378775691,0.9864373854561033,0.9853449767743587,0.9894797480979853,0.9926372166946311,0.9925631847621172,0.9836828112731816,0.9891034279635117,0.9901411457330547,0.979322103548628,0.9833585047852844,0.9929204304653383,0.9905932056246443,0.9885513377451868,0.984515618870483,0.9984287203727186,0.9970586619906983,0.9854021457899864,0.9871943282275463,0.9909160819613435,0.992210080669166,0.986534797244667,0.9939817790056928,0.9845204383789533,0.9910988873818994,0.9806651879227937,0.9841923788566962,0.9851684776720646,0.9844938886363109,0.9928317395772728,0.9904291478944677,0.9871495535823496,0.9846841972400917,0.9839378437756977,0.986044870483737
128,2880950000,0.988350734042063,0.9956539376550614,0.9904070323345229,0.9870415904392983,0.9972584436491954,0.9942833148673389,0.9933685768474564,0.9918921114599655,0.9806709913899543,0.9857226260814796,0.9913063206162355,0.9921997212359058,0.9886300195990327,0.9924439252335717,0.9861377204617323,0.9925004226819341,0.9931979178068004,0.9891323004389064,0.9903285109172754,0.9869527562008725,0.9873413599216642,0.9910679718907983,0.992625007944115,0.9836355260119878,0.9899169108047553,0.9926209865382565,0.9881672656207706,0.984670736669614,0.988220242439886,0.9893989380145651,0.9860549096698343,0.9913527409128189,0.9874982817751191,0.9969877008877694,0.9953159723637364,0.9944733491722819,0.9898888723531765,0.98683723697469,0.9896873588894212,0.990468415248862,0.9918002667151635,0.9884374581736193,0.9932686436653375,0.9885579279448833,0.9895684056993825,0.9825914276454,0.9974183892818168,0.9919639211389409,0.9937210053491198,0.9879145142497624,0.9975238261343268,0.9942406753897968,0.9884457673128787
129,2881500000,0.9886326708174294,0.9919141207329351,0.9914100255284244,0.9919802537964846,0.9881649393158326,0.9905037625222692,0.9931428448797825,0.9916799681791444,0.9922377976430028,0.9948939214268667,0.9879270442779954,0.9971233964483269,0.9932764895713746,0.9876645463146824,0.9957807108781833,0.9884088332427126,0.9919398687982179,0.9950543444959612,0.9940401530255611,0.9885360362016719,0.9953486789242567,0.984731914978112,0.9906441522782706,0.9919554320601127,0.9897345386851764,0.9923833620911073,0.9909143603977114,0.9881292096543843,0.998721274197744,0.9819351229219666,0.994422820610997,0.9864597856628797,0.9831522827516946,0.9971940469323244,1.000471307755705,0.9917242775594323,0.992297736637558,0.9918247467804715,0.9876322815385495,0.9868748447973837,0.9911278824072037,0.9891422590597172,0.9928838539719196,0.9881357368468024,0.9954385689538315,0.9956319654166536,0.9908703319377368,0.9872195512348259,0.9847612554874324,0.9929322360142127,0.9867962775053979,0.9994665290118288,0.9922572096708046
130,2882050000,0.9881669168412057,0.9894703804091962,0.9836241882755323,0.9823112567789474,0.9877717802112842,0.992908734208051,0.9911605254249756,0.9907811086898621,0.9865983374056181,0.9938085147378596,0.9942499048452917,0.9970275954349155,0.9925033410663053,0.9908362655903112,0.9891114445971712,0.9914524449025086,0.9943488702988162,0.9928544731717585,0.9880647792672975,0.9946934957976643,0.9930384408544105,0.9900220047184138,0.9952212022714274,0.9984519633949369,0.9896581914301547,0.9908853135323347,0.9942564367502962,0.9905040095474484,0.9862555427746662,0.9840627978627978,0.9877061736516909,0.9934670097876735,0.9868064927241924,0.9973078126285468,0.9983703845566759,0.9859479807808218,0.9903102336335685,0.9932199237386541,0.9933559275117646,0.9880831132758855,0.9921987374309664,0.9933756887385466,0.9888220144249363,0.9938942981652308,0.9979052461655072,0.9939546515763507,0.98640891343307,0.9981303898644543,0.994564721873616,0.9964169534789473,0.9956823193443635,0.9996363858212969,0.9911224219249432
131,2882600000,0.9900419641600081,0.9973020677861051,0.9905838423152878,0.9867029285851429,0.9920235827752674,0.9869017438082878,0.9932144152826718,0.9883866425831291,0.9955066766963345,0.985553679856017,0.9912620644275172,0.9970433874889467,0.9902293213736584,0.9994736829377009,0.9925143250419353,0.9969168696896809,0.9915022367708163,0.9881399693238841,0.9963794304603758,0.9867163456211805,0.9944665142861804,0.9977119102413773,0.9918110567096703,0.9945474465039111,0.9933631122492755,1.002964212255961,0.9883923792463489,0.9910306786009082,0.991794071195324,0.987378745280462,0.9925676938670933,0.9969282985407306,0.9915846015329749,0.9953847661414799,0.9984066398129652,0.9937215632265604,0.9946071243476301,1.0013811641864607,0.9987567233915446,0.9940459014881092,0.9929310342603387,0.991650415046989,0.9927512044564069,0.9950949207830659,0.9928858376631801,0.9869742179218723,0.9927420787444797,0.9949520102073852,0.9926951094607297,0.9963895685462124,0.9956166733064648,0.9848997700106181,0.9881793268725375
132,2883150000,0.9965224153766442,0.9907755589562502,0.9922488209351198,0.9896623720878032,0.9888137669471313,0.991710818990487,0.9916859905409999,0.9924205688655463,0.9915526485831992,0.9969774778596198,0.9909631451786881,0.9943967937758231,0.9902190899139399,0.991368128098969,0.9913487478297396,0.9918329040862114,0.987002294294578,0.98914900566422,0.9919263661119577,0.9903817455391215,0.9891002060205939,0.9908763829263606,0.9903706942836321,0.997050382269508,0.9962651079431644,0.9906385360922025,0.9982862031552711,0.9899027651055465,1.0017856009823847,0.9986406101678009,0.9979241578490847,0.9910529084047937,0.9878945165878537,0.999393420604579,0.9964405864796776,0.9973324886076578,0.9931446181152358,0.9933154610443973,0.9951692230117826,0.9946498865735502,0.9971752394169431,0.995662607858903,0.9945373664930205,0.9910767182060485,0.9913256450764815,0.9893729122277122,0.9955552923466113,0.9950656986520982,0.9955724210359655,0.9937691681391257,0.9928710409551463,0.9938629763230261,0.9918375155892559
133,2883700000,0.9921784470117676,0.9889349701438752,0.9875856531874788,0.9870072383107593,0.9976669004677283,0.9949293657055676,0.9958929736334982,0.9946548171065926,0.9866253721979223,0.9856765781053859,0.9983415466592369,0.9937057478540561,0.995322530005272,0.9989993674424248,0.9918077587659203,0.9934559482667537,0.9969998293109956,0.9886626614912247,0.9914914855100745,0.9916544463891314,0.9898209320557702,0.9923084390364375,0.9951458841533447,0.9948599200911795,0.9923288759980314,0.9962566590563909,0.9892836688633537,0.9964828182842285,0.9931156238850662,0.996664937150572,0.9947991532665318,0.9943211748802018,0.9974481367489796,1.0003508882904604,0.9986698008814883,0.9900482225894813,0.9927441169398316,0.9916435025735266,0.9933638675945713,0.9922620065791307,0.9934577000471155,0.9909590662053577,0.9930872819443625,0.9874587985917086,0.9897269537192293,0.9922482721617742,0.9965361716408034,0.9897924844971264,0.9949249040759529,0.9901513478795725,1.0007378307733088,0.9910587680709984,0.9932248187961336
134,2884250000,0.9943566563884378,0.9920268336765191,0.9953532279108568,0.9944580514466083,1.0001986997993473,0.9975269233986097,0.9930660309027463,1.0041683510948831,0.995143636216146,0.9902202351176232,0.9947374956780648,0.9971264267482958,0.9925759782738054,1.003207379025395,0.9959636336841102,0.9927974794784357,0.9940977948048217,0.9982611471913134,0.9927753293995653,0.98946451340538,0.9970503623490915,0.9945447333041154,0.9994408752326243,0.9966679692577426,0.9925644694735564,0.9932752479488693,0.9886789932721215,0.9968867822476418,0.9975399038252376,0.9887021638139508,0.9930443227125565,0.9919115137321732,0.9877692387121965,1.0022923498180545,0.9990446051751262,0.9996188928782773,0.9951143205979226,0.9973412606892704,0.988392758898437,0.9945735414827737,1.0036803181053473,0.9921167695033315,1.0010752658924287,0.9960259927563768,0.9939220476875332,0.9967013994542345,0.9940490524892167,0.9985089339543374,0.9962483753066141,0.9918138473374047,0.9982329967123761,0.9944997125874405,0.9936598922545249
135,2884800000,0.9908235302740345,0.9913231096165908,0.9969388604633945,0.9972725807054384,0.9852367828724572,0.9897499212380162,0.993724033474309,0.9935546595428457,0.9993197639730584,0.9932745353888949,0.9951610899359917,0.9960805937585508,0.9996771403097592,0.9940773392696944,0.9977262875835838,0.9933914772369111,0.9914258617982036,0.9967856764503656,0.9923832371195472,0.9920135366360846,0.9948118111470932,0.988429337071454,0.9891197659228378,0.9996866178270097,0.9961268602766933,0.9891953289940629,0.9909665886547915,0.9963378874905748,0.9953203513126726,0.9848613994313559,0.990879286304569,0.9932589009231786,0.9912411577015071,1.0014978812550825,1.0013812883519333,0.9902293455736153,0.9940720128061811,1.0003886092455707,0.9954725739009802,0.9957989778305257,1.0033780028310866,0.9955118295769394,0.9923331233183259,0.9929656913793167,0.9900843989066792,0.991625844162203,0.9907118736473847,1.0000561788659958,0.9900086888994197,0.9908055068988688,0.9938981102774115,0.9812213416515622,0.9952334674898593
136,2885350000,0.9912675383797865,0.9978632918345925,0.9921793705137829,1.002132171139082,0.990920247715813,0.9977147735938484,0.9971196589211225,0.9967716072924416,1.0011433224775292,1.0066341080852643,0.9954803795790207,1.0004162434535928,0.9902458249262904,0.9899455034658088,0.9954641842849432,1.0022369442097887,0.9936808283771886,0.9990714755984421,0.997658961569438,0.9910407301933548,0.9935521880402727,0.9939752501206968,0.9958009505429251,0.9889597885121744,0.9930592209722618,0.9886993326352187,0.9933168461371599,0.9935366717052568,0.9918265352371245,0.9963435781634664,0.9967050695432347,0.9968606089042501,0.9958663105952628,0.9985985763620921,0.998456800054474,0.9982511022163427,1.0013598450427148,0.9964722652129613,0.9940518312467745,1.000473746201231,0.9956286193192312,1.0011942208784863,0.9974371358759305,0.9910211406096706,0.9850045441433315,0.9955632900403286,0.996122088982937,0.9921795420360341,0.9976928183657302,0.9924537324495064,0.9933862413117904,0.9926041140155025,0.9983506070826801
137,2885900000,0.9985203278730699,0.9894972383115197,0.9951433223880294,0.9831270635253647,0.9983921639262688,0.9982113593285337,0.9949855828127723,0.9984116888943801,0.9894041295974182,0.9928941031442956,0.9997987790749815,0.9967980919941701,1.0018003881391027,0.9992901562608237,0.9956661190487868,0.9955013281016329,0.9997225398341695,0.9937858817147033,0.9977957125498434,0.9966327917948613,0.9955789612142337,0.9936755183400536,0.9960249642852786,0.9910691502914571,0.9969637011364004,1.0010857098672192,0.9904356516342696,0.9938875392962477,1.0020146486565937,0.9909558406416645,0.9968609718689323,1.0012112622782423,0.9952574380975358,1.0017548580092799,0.9996086331465988,0.9976450138415291,0.994248826692907,0.9951344100794971,0.999681895831212,0.9919361620280619,0.992799593685504,0.9988872109378163,0.9948152120623964,1.0025307367269094,0.9985743370967146,0.9927766703717242,1.0052840615843803,0.9873112918883158,0.9928131774095289,0.9848346209880816,1.0000443108445876,0.988471545560648,1.0029491663603853
138,2886450000,1.002295913683759,0.9960182655638657,1.000281588695375,0.9959644828453248,0.9938137291968744,1.0002395015649568,0.9923556071535011,1.0000844023071689,1.0001343614629796,0.9921680939361789,1.0012845380424584,1.0035626237298318,0.9937715306494062,0.9969094790234239,1.0006333325142047,1.002020144083752,0.9940814373488204,0.9968021654618734,0.9969074191159525,0.987678035918137,0.9913411208465492,0.9985499107332033,0.9890463112931165,0.9960128787854544,0.9970471397398928,0.9916522719372524,0.9946877904923638,0.9911768007607763,1.001830155488004,0.9972268541450532,0.9936805786375521,0.9956845647244094,0.9971553245875316,1.002934318932379,0.9975486444822103,0.9971812875235749,0.9939416719207519,0.9935862501849358,0.9906525635250957,0.9964937398958716,0.9966285896991534,0.9937044551248673,0.9973657038324264,0.9943349016385818,0.9997201688320199,0.9993617670028614,0.994351739382948,0.9996042930748279,0.9929328200369486,0.9961920905157386,0.9916439903277061,0.9953591106764534,0.9924496855877089
139,2887000000,0.9975302072674047,1.0007271474590353,0.9935786756075726,0.9908388632107722,0.9968745658085525,0.9984782427578099,0.9956815975725712,0.9993363273462845,0.9965463617190161,0.9967383218648066,0.9995061510663097,0.9993292267771675,0.9975116593530365,0.9941141105154621,0.9999438746201547,0.9933230935104198,0.9982695504805602,1.0016223328079912,0.9955283056754988,0.9968076707989421,1.003034907352564,0.9968955430672283,0.9920180583127123,0.9944717834229458,1.0013923342854558,0.9999880983742286,0.994143258468011,0.993671180959818,0.9930765589188905,0.9976935083609795,1.0054500153104926,1.0037000853951474,1.0003965526154779,0.996500479387965,0.9967544567381429,1.0000873372974675,1.0013424358436733,0.9912692234223405,0.9874459168795893,0.9968381125341501,0.9944037883827693,0.9947420230478047,0.9927481970002856,1.0017637160723047,0.9981498044122196,0.9936280116478154,0.9987058984715715,0.996785056094647,0.9924256857010448,0.9963149858448332,0.9909313810791336,1.0051566981169326,0.9972410442525096
140,2887550000,1.0011085566846223,0.9895028478508445,1.0046214598874639,0.9972705682842585,0.9968314654709616,1.0015208021294504,0.9952566224278792,0.9937452997506275,0.9998654241695779,0.997810199488336,0.9922485510996858,0.9935811789524218,0.9962784040926765,0.9964945761303639,1.0027467267221857,0.997058789473583,0.9912748806975804,1.0021480085451895,0.9973933200098483,0.9909509159874595,1.0015485865242653,1.0006367686067525,1.0006606666661397,1.0004222545310182,0.9915994419284998,0.9935869128783538,0.9937390388376531,0.9953951932617406,0.9923564009266934,0.9913551909498437,0.9975245824900476,0.9989071150003206,0.9984037736790242,0.9990027940372375,0.9985737683407387,0.9959928230571602,0.9977015087052121,0.9962950987956534,0.9935444006384881,0.9971504229328845,0.9977913428607663,0.9962473116271175,0.9926329732215444,0.992121339601006,0.9986447774519011,0.9955164540581994,0.9958757255025176,0.9926591812072055,0.9938069152038588,0.9915482512920456,0.9976593292358025,0.9915874418118213,0.9935977042093439
141,2888100000,0.9972568937453485,0.9925090999412806,0.9992864140563713,1.0005785810221917,0.9949655817177858,0.9955009331978604,1.0014058674977135,0.998898906781784,1.0015551780412668,0.9994380853709631,0.9908819540087744,0.9947364915753082,1.0021179583362905,0.9998025768350436,1.0057829889673686,0.9938030885523548,0.9977918268988664,1.001823806137174,0.9944899799497653,0.9965637750954303,0.9968337503152745,0.9973739069425052,1.0008076346649495,0.9944834154351907,0.9940333012402038,1.0043670360727652,0.9959120891509262,0.99929960090767,0.9954614585662936,0.9952242087425046,1.0007548966292754,0.9986014628262754,0.9979896256008134,0.9989673789580514,0.9991036096161313,0.9898096286082224,1.0027244633837735,0.9949757904585168,0.9964954185415057,0.9950116528466015,0.9998527822122809,0.9967216809679047,1.0021698220487851,0.998377894707095,0.9943753309402475,1.001896938610519,0.9899799747236055,0.9989069536449918,1.0011534212260125,0.9988087988903477,0.9978857019917053,0.9971146659277262,1.0026767618457357
142,2888650000,0.9971032622769131,1.0045206541655742,0.9921960896680628,0.9984146620082998,0.992901974626958,0.9979809302500964,1.0046671173457398,0.9936480949601972,0.9983481769286046,0.9942906272821149,1.000430303002857,0.9953989981027863,0.9931044184527219,1.0036501924788148,0.9947153961399458,0.9993468072082328,0.9935049456263919,0.992191097308872,0.9996663262886097,0.9973652008264356,0.9973181670744086,0.9959829023058937,0.9975056628184913,0.9981326219518138,1.0015450904787537,0.9954150913767307,0.9940332805759641,0.9920397462288932,0.9972999823054588,0.9942171632170896,1.001103245856908,0.9999020716106644,0.9947191998766152,0.9988291449380593,1.0005688605713117,0.9946146708599175,0.998456745285158,0.9970279919772055,0.9972235682241436,1.0019061768757422,1.001677296205219,1.0031749656518412,1.000806932657468,0.999479727748387,1.0001826280791053,0.9941051282343453,0.9972727752684627,0.9984178643872393,0.9946358967493188,0.9941598657920008,1.0025619339060523,0.9978629777811737,0.9937541210017256
143,2889200000,0.9963961870428745,0.9995533476216772,0.9955582823954593,0.9973501694274909,1.0075964340310835,0.9962177242933187,1.0014530841852332,1.0054307165552547,0.9965819077994343,0.9964644865441712,0.9910644264185705,0.9913908084704518,1.0018109671958242,0.9921557027029804,1.0008493496709088,0.9959845172441387,0.9952943244384886,1.0004926234744649,0.9984272297776832,1.0056835290309787,0.998990112388573,0.9955054943795121,0.9982070562831659,0.9996917108460317,0.9980268393598742,1.0016240929436924,0.9928602231668215,1.0013754602189215,1.0062927695284252,1.004943214315535,0.9904572664909238,0.9963520583327871,0.9997788053635802,1.0005423276004084,0.9992097014056363,0.9950862418253896,0.9920008560760575,1.0035640297614736,0.9997364374341944,0.9930649500801974,1.0015124383165581,0.9957644865676116,0.9988926915183987,0.9897758591997452,0.9995418391047687,0.9988590775831624,0.9931627671819786,0.9993639383181574,0.9929106074881433,1.0038077976785216,1.000370114823474,0.9985790430851661,0.9979326208733036
144,2889750000,1.0002444512247874,0.9997790629005835,0.9907068174060232,0.9965616549719472,0.9993306673684939,0.9925304270806861,0.9932332489899502,1.0007609203206171,0.9959290091773041,1.0013608084960397,1.0035242605422017,1.0006407067601182,0.9984566291295702,0.9940699107426094,0.9973942335968241,0.9970160121859675,0.9901093753331722,1.0035710879358655,1.0025270524246794,0.9939526225407924,1.000709325759316,1.0000412006951127,0.9967621744969348,0.9899899962027454,1.0014759200827228,1.001917305324418,0.9991220848913089,0.9948503914884861,1.0040084356219927,1.0046949230710935,0.9941454786844559,0.9994194993216599,0.9905716048688091,1.0012839303564467,0.9998349183784443,0.9960899145767096,0.9992410834886224,0.9967983863220785,0.9972490841310447,0.995548395791615,1.0006825644293709,0.9925565165515224,0.9983100736851387,0.9978922473534891,0.9961117116408633,1.0018597039897357,0.9947823697302692,0.9985397052366792,1.0030978815853282,0.9980869906979699,1.000500299049537,0.9974938383014834,1.0003944633745714
145,2890300000,1.0020238385692093,0.9975279018479745,1.004256576716426,1.003295379156452,0.9961661842780895,1.001397206120285,1.0015488478692267,1.004636463319507,0.9991984144480184,0.9899533897667414,0.9938576068794104,0.9913717391581055,0.993001798224647,1.0045251099203738,0.9991214720492994,0.9939692279948987,1.004445305359883,0.9981980089164858,0.9993823465059366,0.9878892179932229,0.9934233892594372,0.9979745018588894,0.9982859324412446,0.9924062455739743,0.9978065449588128,0.998822091553799,0.9929099623875937,1.0021352643637456,0.989980319744516,0.9961135960947564,0.9994078292349701,0.9948590032198733,1.0020599811215904,1.0006746873887826,0.9986171211234167,0.9943172571316308,0.9922153674688201,1.0029234464500163,1.0010831257180721,0.9896575553892348,0.9939066154412857,1.0076362558037322,0.9989101623052159,1.0000253343519718,0.9937668478445523,0.9914278977571583,0.9953301210181608,1.0013444701974699,1.0048079810835264,1.0035226331243314,0.9941547327193554,1.0015521968200136,0.9926229354385276
146,2890850000,1.0045935400761363,0.9919877626085163,0.9908100115910555,0.9942990438238505,1.0012951947497124,0.9968324710470079,1.0024799780325158,0.9998836043947976,0.9965171113791329,0.9999241745412231,0.9978161796716222,0.9978154435233214,1.0006205093691773,0.9983801239808507,0.9926497714445378,0.9996892868113082,0.9991362890188414,0.9987490500371174,0.9959482650367172,1.0019910154379703,1.0000377079764353,0.9922095051680664,0.9960812257151912,0.998915734641833,0.9968551289803225,0.9903376357550596,1.0053272479477078,1.003277823793051,1.0034157074310601,0.9971842431107107,1.0025250541276078,0.995920134818671,1.001495508346991,1.000137435688839,1.0011118197619033,1.00126125533541,0.9933927264165586,0.9921150584114429,0.9963497142768436,0.9985882006135997,0.9983860352560395,0.9974690537324926,0.9993113550809111,0.9944965798640125,0.9939595400952927,0.9958370305506453,0.995843711360575,0.9977672449060722,0.9992181190053013,0.9933165459580116,0.9991130454954139,0.9953751402635695,0.9990129349683633
147,2891400000,1.0012388058606814,0.9946610905389517,0.9996438158608085,0.9986680129022432,0.9995346313186974,0.9942901521871446,1.008057839171485,1.0019754724720058,0.996549459518761,0.9877467163327629,0.9927319443061184,0.9983582827617639,1.0019503500218454,1.005358746643154,0.9937696792494826,0.9976346642660521,1.003505886098676,0.9965236737474458,1.004427939812338,0.9918523933656419,0.9975927282026698,0.9937512076629001,0.9947695872467497,0.9971136261664045,1.0004376450811707,0.9932026618316786,0.996039617797705,1.002538115074006,0.9926157281301,1.001214783663076,0.9990527444567627,1.0022782956822747,1.002334768580342,1.0010375187554275,1.0021414643337314,0.9999027020715303,0.9990413445452861,0.9889513776563326,1.00069018080388,0.9967607655417764,0.9986464557967493,0.9974893457156262,1.0006230220305932,0.9989576050838664,0.9947657345167178,1.0043022259341507,0.9952776724244516,1.0013654689410978,0.9950112926648,0.9953044873684543,1.0044466164944155,1.0029154501247657,1.001693048346904
148,2891950000,0.9991332354802593,0.9937126103406121,1.0023702879232745,0.9933999319870211,1.0013747788740666,0.9994134590489695,0.9968532262067978,0.9958914772539448,1.0020605184759672,0.9947201980295672,0.9934636706770923,0.990159767002641,0.9965936005028456,1.0032029528063926,0.9976902974284944,0.9921652511440298,0.9963933042486618,0.9933384650188162,1.005661420289464,0.9875974795427297,0.9957842305272292,0.9965730917532875,0.9970656948787381,1.0038618862561441,0.9943894871449996,1.0005116938406369,0.9972111889195932,1.0002490173745067,0.9947890281767012,0.9901726895882089,0.9957878180111397,0.99648498985735,0.9972686763068767,1.002810310515925,0.9992455985248436,0.9978896533774817,0.997251850226079,0.9985747072049722,0.9939099517976308,0.9952254701716822,0.9932673115949936,0.9926069481096743,1.005687310361691,0.9974432133139068,1.00453521683885,1.0001637598205844,0.9970072773244328,1.00090700219083,1.0035923376060332,1.0046414152283953,1.0012463889712608,0.9938416304250499,0.9974437514086315
149,2892500000,1.003705514663912,0.9944045673175942,0.9983845381879691,0.9925966446647093,1.0033970200282911,1.004114674945788,0.9971958860950669,1.0008440694517422,0.99688940895307,1.0031528044246203,1.0045732641508518,1.004616897358682,1.0049818763058243,0.9969996254905571,0.9978709562466842,0.9991916626831349,0.999671153463992,1.0048108376431757,1.0032146792732937,0.9991263329268958,0.9979214030230701,0.9985534905909619,0.9971834347766767,1.000221912525362,0.9983291860959765,0.9997157614766912,0.9970417992802608,0.9955507440778434,1.0016650094514734,0.997994529487093,0.9983423100868593,0.998089015900596,1.0008369704105777,0.9989322552069226,0.9948624902034788,0.9901789392891254,0.9930531569308669,0.9955224115168688,0.994867035287154,0.9967541962525673,1.0054026883452125,0.9970062486705844,0.9950830717409131,0.9925886396898983,0.994391868911797,1.001856605968152,0.9981131366677597,0.9963882196563832,0.9939887574594469,0.9993542234157734,0.9961788972918104,1.0070800551334818,0.9989943308402995
150,2893050000,1.0008849547143377,0.9923095654476974,0.9989901256767512,1.0018309047630118,0.9925519832279535,1.0002895708439743,0.996845377169075,0.9982115526921014,0.9969596913488247,0.995666549468755,0.9956789435471891,0.9874246113071328,0.9925708229701417,0.99783617197957,0.9938518154077731,0.9949313971022009,1.0005235298672381,0.9923826358294897,1.0032318085218963,1.000433508611718,0.9955242798618953,0.992301340928062,0.9997047889409082,0.9965805121329798,1.0006471672053663,0.9969764297749494,1.002201234037536,1.0033294473100705,1.003391590531911,0.9953079105324835,1.001364065550966,0.9944375180441426,1.00211488606691,1.0003345010210898,0.997731563394173,1.0019646366648882,0.9980808759738112,0.9964076238471287,1.007066511062049,0.9958752190077136,1.0036268206620558,0.9958770190402628,0.9931882301619933,0.9961705338542173,1.0055621439055746,0.999507053481199,0.9963656874288621,0.996086089406189,1.003153551971888,1.004053986761227,1.0064856106925144,1.0003801619971862,0.9978847419008882
151,2893600000,0.9974190624229259,0.9991710385304279,1.0004326302006317,0.999111693997646,0.9932746459182761,0.9987463182782631,0.9966129964404001,1.0017479746344358,1.0091269457812748,0.9984997531897815,0.9938929659237371,0.9959284094450284,0.9934056828406763,1.0010170391564168,0.9961180004816862,0.996239957608159,0.9930733973085402,1.002166861157234,1.001415537782784,0.995242363697616,0.9977307802205692,0.9985903800760465,0.998589520942831,0.992867076007276,0.9962191500059965,1.0024209414002314,1.0055624101868708,0.9974523395126982,0.996129035005376,0.9996896394558038,0.999221870269333,0.9972367453712713,0.9972191081722953,1.0038166662297805,0.9997576147753389,1.0070332944534501,1.0002183762268295,1.0017474760824252,0.9992426515715108,0.9994290876330824,1.001421299465094,0.9955464266079349,0.9983944458095366,1.0072050001548905,0.990807142075859,0.9976375907292547,1.0053764945657175,0.9992158430920622,0.9961632678745809,0.9971595677248997,0.9994361288229902,1.0037792331683488,0.9951486278249584
152,2894150000,0.9976556619147139,0.9972476573325513,0.994246498690842,1.0032656941470919,1.0009250231212874,0.9940350042821426,0.9946712894318064,0.9991379894392242,0.9943725242100315,0.997855819865467,0.9985381563409058,0.9984197346175079,0.9993414923527024,0.9954181089820141,0.9987299682483518,1.005297825916113,1.0002965205049832,0.9939698315895601,0.9937536090799869,1.0015557520924991,1.0023981648146851,0.9919032294960513,1.0018984649005964,0.9972366518220498,0.9948786844751248,0.9976301795339718,1.003698522897383,1.000381876593296,1.0032321738438625,0.9997573072270324,0.9977196001343396,0.9982653882031455,0.9993089813587357,0.9999064102957537,1.0031687601558066,0.999007122686023,1.0019702549008755,0.9917678298696869,0.9975675360258877,1.0081404499618432,0.9940972349793311,0.9989955003427378,1.0018299059374653,0.9898791111054455,0.9894904710716371,0.9948339129163115,1.0033750649896525,1.0008317656464762,1.0084258982213534,1.0068857139831338,0.9980606159277091,0.9930947287842935,1.0001540141139114
153,2894700000,1.0056649390098278,1.0020068715182142,1.0011070270089675,0.9989605026612643,0.9941350181101584,0.9988986982863789,0.9989423062976265,0.9936207863299137,1.0005968382465251,0.9981291054760377,0.9947278625729417,1.0025010545451043,0.9972460128034808,1.0049423314909418,0.9999504913392391,1.003056218666531,0.9930491124798801,0.99972470317366,0.9999915864172432,0.9989140505625446,1.0028830071519121,0.9969239909571672,1.0033171219921655,0.9946148971144947,0.9979535509154589,1.0011653915606098,0.9999224317838755,1.0048773530667217,0.9956583290191174,0.9992209514472512,0.9990121324865869,1.0066007059629292,0.9980016028266319,1.0013301989283767,0.9973381322225815,0.9964728589247058,1.0032242272962757,1.004466966330039,1.00377613029448,1.0075320712212767,1.0049859473069942,0.999364566038954,1.0003974981576758,0.9943509774301799,0.9961504907198492,1.000545095257274,0.9974606332872563,0.9959230233799043,0.9966817201734565,0.9998030415658637,1.0017407998143968,0.9954338765659988,0.9931082137964062
154,2895250000,1.0019146625754687,0.9958475995014601,0.9974595745904824,0.9959008248189989,1.0035676342604047,0.9983828671400312,1.0004742806337712,0.9995570445700996,0.9911093263100739,1.0054199160542059,1.008083391230607,1.0016951026383083,0.9983810364870639,0.9982226342608261,0.9918735793447567,1.0032276908641293,1.0023952003338688,0.9972948552649509,0.9971824892093715,1.0009604058664976,0.9993513039374257,1.0001284650088873,1.0012960438512286,1.000896401085364,0.9912693050281329,1.00377205456568,1.0027176739526094,1.0024805293444639,0.9885605292526742,1.0022290918019632,0.9945291197109563,0.9946448707380671,0.9920076553706548,0.9973017904676483,1.0004443108397318,0.9942647612690859,0.9979048768400883,1.003160679963497,0.9860458929718879,1.0076186499174338,0.9927736933220263,0.9992445998879623,0.9964649438831589,0.9965804350224555,1.0031226849881276,1.004246786502046,1.0036654867233439,0.9919939041570636,1.0001666848608117,0.9993853211208272,1.0019473926062656,0.9998659245944054,1.0039169081692352
155,2895800000,0.9960826605104569,0.9985080410447812,0.994687497045338,0.9925992306565683,0.9989960386428827,0.9996935936795567,0.9998554151026706,0.9991513829830493,1.001016531530384,1.0026641368929696,1.0043615823378178,0.9957512892066541,0.9978427746136838,0.9995047575908056,1.002192814584337,1.0000363532835945,0.994633010532202,1.0024502839726692,1.0012468626410838,1.0082051246174617,0.9976869930199928,1.0027747539313645,0.9985166344370553,0.9946339616562585,1.0016779955484836,1.003062366108184,0.9968261323694168,0.9987808099667106,0.9997413345455567,0.9978199266875174,1.0003441347612396,1.000242525669072,1.0024823039638548,0.9992062902584742,0.9944567377235484,0.9998623838629537,1.0038356996592563,1.0070925052943758,0.9990000368191715,1.0068152605574685,1.0001668050576942,0.9906140550167103,0.9941409767082993,0.9947142456164026,0.9983547979478148,1.001786198770931,0.9993404547688111,0.9983582032047423,0.9959707472639769,1.0000229764875286,1.0045876980400896,1.0016355297295614,0.99573864471302
156,2896350000,1.000611495578421,0.9960320779515264,0.9948579871591,0.9970619520852296,0.9995676032984786,1.0025226979867683,1.0025144423513495,0.9970600104998234,0.9950393460060096,0.9975197324839576,1.0027477866948296,1.00294306894153,1.0016115505673617,1.00404364816336,1.004856977214334,0.9968670695049421,0.9973148146138178,1.003520282983604,0.9985631469099548,0.992995548761989,0.9976492133800704,1.0027185134146315,0.9973697371289634,0.9933251762775198,1.0037916080745661,1.0005567712489358,1.0020620051435531,0.9959288487856304,1.0072488363999752,0.997281255195689,1.0011043119370395,0.9930143130384267,0.9978345811163385,1.0005750799464843,0.9987824583093919,0.9923876737992499,1.0009884103931035,0.9911787105271861,0.9978398972548637,0.9938496750097798,0.9979396920720556,1.000142022386154,0.9991067525796273,0.9979458424893314,1.0021134054107765,0.9981599427704796,0.9945132756932938,0.997985611949191,0.9940964929441816,1.00050909088091,1.0007012983422707,0.9995742380651328,0.9990893525029204
157,2896900000,1.002059594993241,1.00019944109231,1.0058058950499622,0.9993963650224209,0.993711864699439,1.0009216422701022,1.0037444279165342,0.9971297654766331,1.0024837372712323,0.9952590748183352,1.0013240084499646,1.0056265702699834,0.99222031888774,0.9978782168145843,0.9979397512146421,0.9971383637585367,1.0009902895872729,0.9922472816705384,0.9996909783697492,1.001037992741855,0.9980536234491875,0.9951546344882842,1.0002281173755838,1.0010833662047876,0.9984254952342697,0.9996983854338402,1.00013522682428,0.9973816295088362,0.9948871264789633,0.9984152155235271,0.9925959372772504,0.9984775691421386,0.9973892575716846,0.9985250440479201,0.9989882077435175,0.9958412632932245,0.9993103097724472,1.0082494656897707,1.0002690105000152,0.9995791225657201,0.9994849007907488,0.9998607783030213,0.9982201646402291,1.0073763975138212,1.0017173499718963,0.9904332028379461,0.9918181428717391,1.0052757362115683,0.9987752291316198,1.0026363221791903,0.9988895379020263,1.000766545634167,0.9996863406456732
158,2897450000,1.0003469500308975,1.0005006606004696,0.9982030561740248,0.9970150817849883,0.9976471828340523,0.9997247381240296,0.9985378892428788,1.0047121770386696,1.003163932351372,0.9944173286038165,0.9995734273753197,0.9989635925346645,0.9982018795628206,1.001476704938683,1.0012532286720244,0.9881946041058709,1.0024641837512687,0.9980157339149086,0.9896722912585774,1.001744801270853,1.0129448633656557,1.0004347102807556,0.9928357652235454,1.008303248773272,0.9959573194508572,1.002453907120001,0.9972506431494589,0.9941246417450944,1.0066130074363033,0.9994545854961311,0.9984129267725597,1.0024048613442575,0.9993069936173651,0.9968893491711939,0.9963535465031106,1.0018475003260232,0.9967592149917129,0.9972482611354688,1.0039241155660488,0.9978019616503159,0.9938685216125941,0.9955154406445296,1.0022675436468322,1.0035408687196323,0.9947094368114588,1.0005645408273978,0.9954095645928341,0.9995072252357721,0.9950588441327893,1.0015546792583676,1.0011251179460718,1.0077058773376022,0.9970252927606675
159,2898000000,0.9976580665430369,0.9961787670577517,1.0010095786723114,1.0037470262843946,1.0054645709953498,1.0066274714503516,0.9944435602972544,1.002712429662612,0.9993875324767846,1.0004021321384815,0.9985919131923277,1.0003114944809868,0.9993860392057778,0.9987466937216437,1.000537141764505,0.9966808337520084,0.9973606045273464,0.9944665014259124,0.9995029411565127,1.0013300797650289,1.0043096133469,0.9930529966171464,0.9974990124239612,0.9972810771614037,0.9986441004917506,0.997536687604114,0.9962619100921478,1.0021563206752115,1.0016030026913378,0.9985448959245374,1.0052305929172285,0.9973258307644648,0.9973841226097199,0.9990270093150393,0.9977838193383329,1.0037460482417009,0.9981666556038222,0.9978996435015902,1.0016650594273302,0.9968562010758895,0.9989320511099181,1.0019736825556016,0.9947954613370451,0.9988719834645408,1.002933591628546,0.9987425690104843,0.9917602868933019,1.0016922399602313,0.9951060580933856,0.9927770749179171,1.003664914446403,1.0035776394678633,1.0078442443419464
160,2898550000,0.9983178711121846,0.9987683754177884,0.994279451099683,0.9929695349553103,1.0006525894043659,0.9980287110316981,0.9953303496590777,1.0004283782868195,1.0039294680810686,0.9955044379770583,0.9973515664982369,0.9968439733841125,1.0025004079863136,1.0013514664411425,0.9980327671007037,1.0010936421538066,0.9991223345034839,0.9982749818567447,0.9997479063856287,0.9982925640963228,0.995855529257384,0.9964170165370339,0.9923001223206388,0.9988857898748126,1.0023484767434803,1.0026736835174221,0.9943289247780998,0.9984107494614541,0.9983354036959563,1.0024749976831393,0.9924457603761091,1.0002497387745093,0.9994780112727608,1.001634841099179,1.0001181388445397,0.9952448079292379,0.9988488277756237,1.0016130203746645,1.001465715973027,1.0073399613205576,0.9935457608303293,0.9974819468463921,0.9958315148512924,0.9988923952262839,1.000322473749633,1.0000015451491528,0.9997439361351703,0.9990033268704206,0.9979198559620557,0.9967735745984156,0.9955843845144409,0.9962383978557344,1.0003637696314027
161,2899100000,1.0079387206480177,0.9949665799089308,1.0003171179597028,0.99279178251265,1.0048058233715027,0.9960224319358514,1.0008890277740368,1.0025408657439525,1.0018859792836565,0.9954911384806299,1.0003276417665963,1.0038692556855386,0.9972183902568957,0.9988410049917285,1.0018656786313238,0.9945564149677055,1.0017647736069377,0.9947143001834146,0.9990319441360702,0.9955075061833617,1.002229115996067,0.9979990875004738,0.9929123796886754,1.0035000700826116,0.9987144934255537,1.004544261814843,1.0101738916203433,0.99722730232226,1.0001120038729339,0.9910425781872212,0.9943242669633375,0.9985779278153294,0.999197578879243,1.0005639092796692,1.0006718739978795,0.9958089429621517,1.0003620498567514,0.9972922760866472,1.0036534558225239,1.0023576431554322,0.9985745364213412,0.9946123384746874,0.992114228006137,0.9925313887146348,0.9972877810246876,0.9987341276247519,1.0000610242437296,0.9991552321168777,1.0102764176834718,1.0069233004415783,0.9917635133384807,0.9939209431628592,0.9974358348274179
162,2899650000,0.9967479298706564,0.9910544438005506,0.9999925788430759,0.9997047029269651,0.993694597932063,1.0062321776913696,1.008205331934998,1.0055690328136626,0.9990260582108959,1.0066332051073812,0.9997256241300795,0.9940690697224698,0.9998099192183908,1.0050577685230322,0.9994317728141259,0.9960727647746694,0.9993587769304216,1.0015360024100142,0.997222221876645,1.0041039423254776,0.9994746255967659,0.994257841637274,1.0014203403166164,0.9959616654924169,0.998520655998558,1.0004588336966396,1.0003406684867417,0.9899961456126525,0.998701646854579,1.0026715644115312,0.9953840341474867,1.0050215769792912,0.9970836180700036,1.0009917768202903,1.0017571514724861,0.9986197655210359,0.997623234777468,1.0030835783966758,0.9962135748140484,1.003525634732777,1.004102082733179,0.9988124827256009,0.9974204879829099,1.007368981258625,0.9959507746193995,1.0023609900290642,1.0003321691173128,0.999195873678885,1.0040945204524527,0.9956048394052536,1.003597080157864,0.9967185530004946,0.9981693845997445
163,2900200000,0.9970501885477671,0.9986333514367942,1.0047831013017623,0.9924843813563613,1.0011652358067433,0.9983969205350175,0.9978615312617666,0.9939806647074859,0.9987030712017962,1.0037282692908795,0.996303630416334,0.9977151797187356,0.9981057679350034,1.0008872890924443,1.0005050875421677,0.9984613741813194,0.998306181924249,0.9990176162483294,1.0011431757232723,0.9975179194636866,0.9950074662664176,0.997919294231415,0.9915024428827854,0.9966919155220006,1.006122456900429,1.0063579374905942,0.9977662959504016,1.0012539592857446,0.9992073545204256,1.0064768048492705,1.0020648514096966,0.9988259183039887,1.0023956467722117,0.9977792473896077,1.0014309768697287,1.0044427248830388,0.9951668487546206,1.0028790183117064,0.9890648980335921,0.995195514176503,0.9991892609599667,0.9999745339621766,0.9945544911220106,0.9963298446532302,0.9937744641253307,1.003535540055416,0.9989795590493507,1.0001821060303457,1.0035792559504773,0.9963095284618109,1.002671578145747,0.99943976386378,0.9984628289085147
164,2900750000,1.0002462047613554,0.99917737324238,0.9948029750080843,0.9973340091811975,1.0002258446988153,0.999971003852098,0.9992616879148563,1.0053649167592793,1.004485844351032,0.9998968760379795,0.9960917791463012,1.0017712813224415,0.9977969418078284,0.9974471114653229,0.996955127432328,0.9917864810738737,0.9952227755289783,1.003361596258782,0.9994700073180337,1.00469257848214,1.0034329394677792,0.9989004074604572,0.9954751975434599,0.9957943379894829,1.0001157940639338,0.9951393139371175,1.0048159666700174,0.99539678056256,0.9983286906430043,1.0038925727309838,1.0014522093164775,0.9893475433817684,1.0045806843703888,1.005774709872376,0.9994278018672147,0.9962858887210608,0.9942564365057981,1.0034188776408246,0.9980617337829079,0.997983788142748,1.0010778742410655,1.001767430017386,1.0027087362509242,1.003787186271491,1.0058420077435397,1.0036515427612278,1.006287533964694,1.0025675162689218,0.9986345904119815,1.0086740690875715,0.9985292133901832,1.004928268903982,0.9956199782029428
165,2901300000,1.0015186921718857,1.0032051748970465,1.000834340589462,1.0027561349091554,0.9919854119568919,0.9986462789606234,0.9949499716553344,1.0048758661157022,1.0096149228731084,0.9955808491525663,0.9960141331150053,0.9967634290458637,0.9989274686569904,1.001944550890885,0.9943491373328067,1.0070411367260672,0.997129092785602,1.0028201756146398,0.9962570935449694,0.9909238604811814,0.9971377931647954,0.9966357410819523,0.9944701542114072,0.9975002428988499,0.9968837118460678,0.9963458255133393,1.0022381147718615,1.0066056701453987,0.9948874080940427,1.0004107604869288,0.9949488141488046,0.995625160405983,0.998583178535503,1.0010629582402657,0.9992598013559566,0.9983220463851658,0.9985943182065222,1.001829494642279,1.00108267007892,1.0059586823288014,1.000705374468347,0.9985662766971425,1.0002424466189754,1.0018574449998872,1.005617378982888,1.0053500165923808,1.0027292471034053,1.0088954943688646,1.0024238798146998,0.9970943425595877,1.0035212013782326,1.004531777512679,1.0054815521336276
166,2901850000,1.0011348542916583,0.9987564664954274,1.0033929417266942,1.0014844260441038,1.0014126155186784,1.0048630171237234,1.0060398451437542,0.9969073246159399,1.0018479295746459,0.9994618648396522,0.9978265898472425,1.0005484416479826,1.0055755142908416,0.9940018172836583,1.0071903265255429,0.9940240840491236,1.0008731704241063,1.001800194658466,0.9977731103466684,1.0014002466476752,1.0024037363979346,1.0004941098153588,1.0011437826209542,1.0015516170741223,1.0003796860945058,0.9996233824506879,0.9996802885992236,0.9997138808530213,1.0027819204538413,1.001003575863805,0.9946756654203647,1.0012364210010936,0.999831649303451,1.0010203179364088,0.9983254333330152,0.9999906149888667,0.9969971529076448,0.9940148227935129,1.0019323785466203,0.9928328116472853,1.00088712340211,1.0056589243128764,1.0008979408736016,1.004139330907857,0.9970337678885438,0.9995066509563825,0.9963661142766906,1.0047732458716487,0.992454307988739,0.9934024066724858,0.9902979496236114,0.998689607271262,0.9945853487464597
167,2902400000,0.9977131969575302,0.9965165098929554,0.997058201054241,1.0002734270134086,1.0007912722911598,0.997938966949816,0.993223022647396,1.0034288453358438,1.000736837570235,1.0031295320973812,0.9987940453353227,1.003984271079613,0.9997809854883811,0.9961304822072953,1.0001228923828005,0.9970894042813226,1.0083605315909268,0.9962444604683444,0.9945389846083944,1.0017657202693782,0.9950175213233027,1.0022950165306426,1.0042256532217655,0.9989833272051908,1.0023352073484117,1.0043132896691982,1.0000013661637097,0.9994809885106299,1.0082629371539937,1.002745951128094,1.0016520672782772,0.9982253972056689,1.0049645338271633,1.0003353999199887,0.9992228362948748,1.0012469058347055,1.0014405443718253,1.002282895478277,1.0023861181317826,1.0032393451198154,1.001143934191263,0.9961051961528525,0.9963543667915563,1.0041461426623923,0.9957817988009116,0.9912019041369342,1.0053930949626293,0.9977167747131002,0.9960685863665083,0.9986501899771907,0.9979402418016808,0.9987951915689369,1.00597058484126
168,2902950000,1.0024745251648055,1.0008485668556113,0.9924754054698379,1.00371654444426,1.0075300497439161,0.9966580029893287,1.01015341077848,0.9992201625636256,1.0029536178539356,1.0026518091313505,0.9917620051194506,0.9986977121759406,1.002742820234486,0.9999343339017648,1.002436476817733,0.992660089439204,0.9991402741918576,1.001981656743894,0.9984772757790576,1.0026104912754632,0.997322457803864,0.996838418157306,0.9959797357423648,1.0052388716450065,1.0059244061801158,0.9926511881254793,1.0046855425463816,1.0016361213053884,1.0009856558068289,0.9966805886521044,0.9970796529743017,1.0014392378804047,0.9945899136088894,1.0013771323232432,1.0003335249917937,0.990848363795337,1.0018640103907837,1.0000472859870215,1.0018896712475573,0.9926821579567475,0.9954978952379631,1.0005233073196553,1.0033387777546707,0.9988450601785656,0.9976931648577413,0.9945521932732365,1.0051650084326333,0.999456928092843,1.0003546411628501,0.9947935028695759,0.999494595210208,1.000327536764297,1.0036464593859127
169,2903500000,0.9983892624890355,1.0007577038636024,0.9969090696026799,0.9973112698286549,0.9969779431291242,1.0026035050790638,1.0029799815839078,1.0073046197932953,1.0004177889321808,0.9998473247204739,1.0052197021247404,1.001868537113303,1.001756397370729,0.993207686156407,0.9930734758443192,0.9984732336816176,0.9963518685846409,0.9940696250246817,1.0008271320035405,1.007034232988851,0.9920584493215224,0.9980713983289459,1.000822004489921,0.9997868313832032,1.004181999390041,1.0124339927567494,0.9981926933417056,1.000970397318619,0.9965572958299037,1.0050782381841064,0.9979622026670986,1.0052262852677878,0.9979382471649935,1.0006002740997075,0.9977224086735624,1.0017429201521926,0.9997781926076387,1.0127337729887218,1.0060510994505065,1.006409238401358,1.0033917544264048,0.9931427235406363,1.0017836432299356,0.9987602752090142,1.0047534023685243,1.0054370505471693,1.0023786059493234,1.0018693775088696,0.9996247723870887,1.0004689354132688,1.0025881430170385,1.0009378554631132,1.0001693286616364
170,2904050000,1.0000086754277355,0.9960546170940875,,0.9912252021276632,0.9995598595400527,1.0003373098846924,0.9919227438511282,1.0016950160325893,0.996385007150327,1.0000213125619488,0.9929232191588061,0.998649339987441,0.995296764103571,0.9996373395137039,1.005892517970803,0.9967183492037452,0.9973676469578288,1.0018518746209786,1.000974976915835,1.0006838494900347,1.0047307225337792,0.9952798077864179,1.0008162908158273,0.9996691854375751,1.0038220352730602,0.9926944506034455,1.001674096815952,0.9972768948554335,0.9999502647148892,1.005251960411527,0.9942717818482156,0.9952365394804417,0.9939356273206443,1.0040393480172372,1.0027658589507598,1.0038817908954232,0.9915992745989042,0.9993393781667671,0.9980699752331007,1.0021309726468712,1.0032216753405465,1.0046556880923023,0.9932003863872942,0.9975178003598316,0.9923926772212299,1.0007591413691537,1.008777552982386,0.9981709352131118,0.9986873731882998,1.0025534251298984,1.0025151067580091,0.9989908282411263,1.0010193888280845
171,2904600000,1.0043274060112013,0.9975591188939424,,1.0083278732166603,1.0038083295527753,1.00076711170417,1.0040381041371689,1.002198733996641,1.0006245138622873,1.0031067337989414,1.0014377897542193,1.0009009382361411,1.0012746218908006,0.9987550570038124,0.9974749828953371,1.0065023684181356,1.0014406057375693,1.001550967762197,1.0041340601458657,0.9983994157210393,1.0025239692076848,0.998073810025182,0.9988787689963607,0.9986896796254474,0.9986471233664609,1.000835455735472,0.9985824895978821,1.0025854751901704,0.9993484905282896,0.9968689360793573,0.9995806727526657,1.0007080682653235,1.000471115538308,1.00052576600134,0.9971612733990464,1.0016100507889796,0.9972892915057829,0.9999755926234923,1.0078477889464734,1.0001991972103235,1.008256805717716,1.0064645729995467,0.9988238598101593,0.9957570693425848,0.9950259877702172,1.0048105681576442,0.9971484055250555,0.9986209839698759,1.0002437850872863,1.000284631842825,0.9988434240180916,1.0017467720527267,1.0050084937435704
172,2905150000,1.001701774552589,1.0049296098491398,,1.0026381495364851,1.0035068681292112,1.0033136433904046,1.0044312978397603,1.0010131454872235,1.0004630653504218,1.0004125778036295,0.9951909862912975,1.0023101887838042,1.0017544836597532,0.9923770368569838,1.00204187560552,1.0029993647758884,1.0020121809113642,1.000638243032509,1.0055248999776154,1.0037893135472686,0.9980088169841911,0.9998353064656411,1.000862358130809,0.9954759228541821,0.9968393144502594,1.0003111712921828,1.002308107794172,0.9960950122948266,0.9891709691033285,0.997780606421467,1.0001198092271095,0.9964175627938996,0.9984367310033145,0.9996621904800047,0.9984979374997419,0.9991808559607199,1.002774736531921,0.9962195423449504,0.9956685126049023,0.9953339993701459,1.0067076304071165,0.9997727668871517,0.9927226848383184,1.0004565403364787,0.9975413189325648,0.995244178634532,0.9961773949698941,0.9970871749550926,1.005357144316957,0.99725367869809,0.9969574159220443,1.00197426330847,0.9985340360663597
173,2905700000,1.0016818258246745,1.000040717678636,,1.002590686965045,1.0076425742351616,1.0040820108209347,1.0025482995417523,0.9972511361776141,1.0024875838276501,1.0024748984216811,1.0002021341812124,0.9982167003600994,1.0048791706381544,0.9984258940722616,0.9940923125026724,1.00058677585115,1.0033141197132365,0.9985479293016618,0.9989292377365186,0.9936876096142384,0.9937345258308597,0.9941855012689661,0.9974866357014688,1.0031242618034313,0.9986507415361303,1.0033990315516041,1.0026639404003101,1.0003329197706423,1.0062002739456908,0.9976681464583657,0.999558445743668,0.998956023771017,0.9961769359357764,1.000276127447463,1.003059681447201,0.9967016814285226,1.0013304828831715,0.9960277704369963,0.9959266842039652,0.9987520824658291,0.9996090997228093,1.0003168864588232,0.9967112499835916,1.0042057468351062,0.9952256884288605,1.0010501407938048,0.9955744166460649,1.002786227221338,1.0004826572381615,0.9980923003972103,0.9974090071288653,0.9940962109515297,0.9980969973905828
174,2906250000,1.003128773980524,1.0076955640547374,,1.0023061384517555,1.0081566359074705,1.0072385118085345,0.9986690707366863,0.9954875631338672,1.0033352964688402,0.9912761280635453,0.9923671137486683,1.004749344124032,0.9984846029346931,1.0012365294107577,1.0016393034987812,1.00298919721725,0.9998821597192626,1.0011947396201795,1.0015888757395288,0.9967012652588585,0.9965422376325396,0.9989860716022759,1.0051859130927883,0.9949930459598213,0.9953275547029662,0.9942155250492692,1.0106567101086863,0.9961579474120948,1.0076821071463264,1.0031735682026597,1.0000934418565726,1.0034699475981974,1.003472439348989,1.0014123851473027,1.0022156214823827,1.0000646282651195,0.9934708414853385,0.9961326967409598,1.0030111117805878,1.004136866463112,1.0053666600054,1.0028422953093634,0.9977872040779916,0.996876378945929,0.9972014491509859,0.9984136469308998,0.9985721616432021,1.0034712567031248,0.9954864263660189,0.9914767956585177,1.0002547305910952,0.9968725385390259,1.000878143650323
175,2906800000,1.0012123676214486,1.0050584343106153,,0.9965803808168058,1.002238412520032,1.0011249433685738,1.0028880406133003,0.9911439562292943,0.9983863408843597,1.0010890545571192,0.9982744643194711,0.9915724246280166,1.003517460540531,0.9942211269198908,0.9999987320826851,1.0023301366648918,0.992960617770617,0.9998767667152061,0.9993738439035659,0.9978122039648173,1.0015082935820128,1.0061665565529783,0.9951930001694671,0.9974057897929929,1.000653438074932,1.0094410108407006,0.9984523570643333,0.995600172629201,0.9982910005894791,1.0038874253498427,1.0056810646838703,0.9965352495200895,1.0016133883508669,0.9989444677175131,1.0044804454058318,0.9934912768824008,1.0070004965853114,0.9962573421957183,0.9994815584108422,1.003357232949579,0.9955507291717325,0.9956472635277074,1.0063533233447015,1.0020711792519,1.0031968605805135,1.0013981793330904,1.0025296124362706,1.0030450779104576,1.0049092741944874,1.0010060423416065,0.997628919951299,1.0033549626807048,0.9929580373256859
176,2907350000,0.9994982525548276,1.0030404795739851,,0.9929200125441665,1.0025076885490756,1.0005043807702618,1.00061903001087,0.9937852646838742,1.0015283039272074,0.9988762627878881,1.0012977157666128,1.0037735600582636,0.9971787740836395,0.9945464673194472,0.9953966827455897,1.0027003687189016,1.0014700225291573,1.002407981840232,0.9988686955370034,0.9982008045842093,0.9954987530620135,0.9913316917162632,1.0040646274787313,1.0048688718440548,1.0030673820388656,1.0045661463129267,0.9958028409249978,0.9991657378513791,1.0050446180065125,1.007657130762787,1.00240247599558,0.9958238445831554,0.9983671093944466,1.002013788204367,0.9998466899938844,0.9898587727525496,1.004516446847304,1.0067775585395,0.9979772888791334,0.9995413496458754,1.0053851427595846,0.999078751895195,0.9986230009161241,1.0006707882862098,0.9956716430892594,0.9997456228676156,1.0018243629605839,1.001839520469178,0.9979683767615551,0.9975855240235898,0.9981902422265033,0.996352751656765,1.0002150984544405
177,2907900000,0.998412161413842,0.9966697626946158,,0.9983488096274017,1.0024059231155569,1.002564425744247,1.0003943903337051,1.0010728836399414,0.998510469724305,0.9982569224320258,0.9959929726406017,0.9938692479271277,0.9956503906872892,1.0006379290893772,1.0026285062927387,0.995500339424902,0.9975838379458876,0.9984449390017042,1.0045927223693134,1.0035615598777534,1.0058476201199615,0.9997140725609116,1.0034476464980797,1.004806447829465,1.001123499287095,1.005717936284046,0.9999894298970237,0.9980475747926091,0.9971734751706682,0.9993677739609983,0.9987661648339041,0.9941974322407942,1.0036049166735062,0.9965264079417816,0.9980785585712102,1.0014097435025313,1.0002379036207394,0.9955732731225252,1.001599829423007,1.0036424142935836,1.004984355041914,1.0012571343235803,0.9991263247314529,1.0049089199442802,1.0026027413065657,1.0016131743118954,0.998631106807132,1.001408031642604,1.0030126848558187,1.0056971507235084,1.0036676403785216,1.0015000205439069,0.9948927899566264
178,2908450000,0.9979990599433074,1.0015831997685696,,1.002762344316619,0.9975219191980204,1.0039463348812987,1.0013702516001908,1.004064699344326,0.9976083174857058,1.0020291291603713,1.0030853516152505,0.9971239747276387,0.9971747569700417,0.9995610012364132,0.9976716533152302,0.995092923876036,0.9956521738118977,0.9970569276643038,1.0033101587567266,1.0004395687510739,0.9986375704042324,0.9941200509176117,1.0014635713151205,1.0017616371017761,0.996142742454742,1.0002439483723313,1.0072038630235114,1.0051710882082032,0.9994843124379376,1.0004279833791327,0.9994618629722006,1.0079932724866172,1.0005144212935966,1.0017450168434558,1.0034593336098732,1.0023681152818567,1.0054219749761022,0.996552505809307,0.9968120913051214,1.0030852397583003,1.001436444478389,1.0025798000477162,0.994315454182148,0.9955601445885347,1.0012383187547818,0.9980558243514703,1.0031587309921963,1.0083990257261102,0.997490377644243,0.9996814676168359,1.001675695466842,1.0028954355561133,1.0055136496597783
179,2909000000,1.0015561981793313,0.9988555746635199,,0.9936979997821871,1.0001506584094286,1.0065092506469826,0.9961145287693358,1.000594018414361,1.0045806636612502,0.9940896974112902,1.0020687987007055,0.9947017472910337,1.0020184434986448,0.995445039709484,1.0043575654932162,1.0021727067253705,1.005485715872393,1.00148280464829,0.9969137406922165,1.0008613768826156,1.002778660201099,1.0051711905155174,1.0044367236308018,1.0027730945371158,1.0004326251991686,0.9988202039551255,1.0010203453892008,1.004610956326773,1.0055630229710082,0.9985172416477256,0.9954882141391115,1.0082985978202716,1.0050801159115865,1.0032770493659002,0.99895037174904,0.990949313607889,0.9933008898123217,0.9990936910079063,1.0038495913443042,0.9996701247550156,0.9939705077833647,0.9998636525934669,0.9990233824955794,0.9986628024485591,1.0068821530789456,0.9997803523528391,1.003483515744274,0.992437119544732,0.9996612409075994,1.0026918652310683,0.9947980511489752,0.9936192082543235,0.9975342433631584
180,2909550000,0.999330889054214,0.9950284523870039,,0.9985566700955893,1.0028580142385044,0.9992633525583731,1.0000890905738549,0.9957249034329237,0.9988383939268594,0.9912941550958525,1.001376427297198,0.9957670398424898,1.001341644670153,1.0030395074555596,0.9961067488796064,1.0029098966650594,0.9987944654673604,0.9970626016403991,0.9984387143990572,0.9991221093005426,1.001809031528304,0.9952374968574377,1.0000341863534419,0.9947921501940794,0.998035303857197,0.9992670560793065,1.0048573881601344,0.99832920139288,0.9985489677261433,0.9981811938070531,0.9990533672478057,0.9999967147359583,1.0002252495361896,1.0007234450458278,1.0012981731085198,0.9995021234539768,0.9963158015928091,0.9993136395115212,0.9959254225746382,0.996439448272365,1.0043110054598372,0.9948127787384073,0.9959854423877895,1.002165031553692,0.9977630923619129,1.0023335050071922,0.9969253417757662,0.997409121882964,1.0034498326196293,1.0004140648075854,0.9959835402999956,0.9983724026693871,1.0017085886765407
181,2910100000,0.9990569131232498,1.0013033786939054,,0.9985714493709391,1.0010783131295498,0.9990077585136946,0.995028515212362,0.9956262720294424,0.9942537142634037,0.9983611050884009,0.9968254417585947,0.9981368952581114,1.0028320679722431,0.999419432341067,1.0063728904494698,1.0051588079847475,0.9972743104511895,1.0001928157367395,0.9927968487355047,0.999433198924093,1.001277531376041,0.999396086915917,1.0005385507163096,0.999575308002626,1.0033348699316655,1.0034248632479599,1.004333628815496,1.0017838620090649,1.0011060241231227,1.0022580097781415,0.9945484928854839,1.0006865832321536,1.0022083284181462,0.998658813834994,0.9992276913053926,1.0003654817301246,0.9955731922687203,1.0009358728540658,1.0022248105981708,0.9981612241409519,1.0026277508822736,0.9935877595703472,1.0001977999459504,1.002540424628455,0.9996117695570872,0.9979124079665226,1.0039165486873896,1.0000154534824024,1.002323977136585,0.9967443669193674,0.9980840107037755,1.0010460252747888,0.9925693162177653
182,2910650000,0.998367983598705,0.9965755260227127,,0.9948502133247821,1.0024231210762613,0.9959227632093081,0.9999951462886846,1.0003767858623183,1.0020732836473785,1.0017759489731803,0.992602944844046,0.9896643008460775,1.0011147056068066,0.997745407607942,1.002094654856534,1.0029254238146783,1.0043241980277886,0.9988891331740332,1.0042562136994715,1.0054134036845066,1.0010780330250761,1.0058949744972319,0.9985694749373369,1.0012171590900085,0.9967183158179425,1.0018259723093617,1.0021336402736907,0.9979560143995767,1.0060285729855039,1.007704496293551,0.9944800221670294,0.9938945893206254,0.9965464752480542,1.0007710618200936,1.0015971924668552,0.9948918516067518,1.001239591024834,1.0009886181173973,0.998623609298971,0.9947867410105332,1.0078094041293288,1.001641961987706,0.994353463013617,1.000422657387389,0.9990956782360373,0.9970279961298131,0.9970068203740949,0.9966407866548666,0.9985810055594917,1.003379121698787,0.9966353772004511,0.995256792819658,1.000437515234871
183,2911200000,0.9964327828115676,1.002562759308518,,1.0023426978350103,0.9994984048219511,1.002543911293132,0.997980380176433,0.9981658524095571,1.0008065447736119,1.003759878415881,1.0064778809928936,0.9919502775769158,1.0001305178822133,1.0059769410290151,1.000911047891889,0.9976541354863958,0.9965700552938054,0.9952795712122616,1.006861834209242,1.0010700480874368,0.9934289800061874,1.0045809735621463,1.004495755065433,1.0035813494182697,1.0032909936185337,0.9992742371546396,0.9951067217732742,0.9986914835712405,0.9914644864183345,1.001559490982816,1.0019084717225717,0.996123788298397,0.9982021245541722,0.9989512810980862,1.0014494911825014,1.0078735699818462,1.0012979169736238,1.0045174303347395,1.0010051136647888,0.9959490273492614,1.0040965370842982,1.0030432978830361,1.002705875096082,1.000929309281323,0.9947787406032904,0.9980811234744408,0.9981452191079647,0.9997465229342276,0.9954763574749853,0.9965150557377032,1.0044921217542306,0.9960070996366128,0.995570668689623
184,2911750000,1.005978344544412,0.9930369990950154,,1.0081616729288279,1.0048688230206129,1.0022471623304292,0.9988086946441871,0.9996894542692437,1.001418344199248,1.002040108655056,1.0019839931193395,0.9997985581704562,0.9994551966354458,0.992201325604445,0.9973282951307454,0.9963223414356217,1.0010178570046064,0.9974287301066407,0.9993689236136386,0.9998480124211166,0.9974747243377133,0.9931572772859198,0.9979747810765802,1.0048888467483723,1.006930478183663,1.0053998366094015,0.9988134221359243,1.001498992887365,1.0005565720799345,0.9986102843172998,1.0018270423513402,1.0021794716886916,0.9971529645041031,1.002656882734271,0.9996282940019507,0.9974889601585396,0.9984457352830205,1.0053263403886374,1.0008952906786095,0.9996641974014887,0.9994840695966781,0.997957324289662,1.003396512984423,0.9944097454910745,1.0013135826657333,1.0031820122338027,1.0010217687618197,1.0003157053635763,1.003713588476658,0.9983912827556143,0.9984500544542689,1.0057823406372044,1.0041101693358638
185,2912300000,0.997741553576236,1.004421122486577,,0.9999125924442328,0.9999923151239307,0.9983801475527876,1.000260943892579,0.9992326466521789,1.003322758857134,0.9989920775954013,0.9968449580047036,1.0038219462378042,1.0045546113776003,1.0001576748436443,0.992615878980514,0.9989037718597832,0.9998303552626641,0.9996796119277727,1.0001062210466602,1.001647083366458,1.0061078913433854,0.9955915969600284,1.0034859129291096,1.0045459951034943,0.9938923834461683,1.0016864631426232,0.9979859733726462,0.998572718457134,1.0036288721042725,1.0010159203533475,1.0003333120515248,0.9955990721556605,1.0020587131309269,0.9994228384987671,1.0031367903582864,0.9965401957002005,1.000627957025219,1.000810729807116,0.9987504532860073,0.9976595107206929,1.0008795317983774,1.0053638794838666,1.0060209659687889,0.999431974459704,0.9993745616657856,1.0043323379166982,0.9992853182604545,1.0017687441116887,0.9997518852381124,0.9960414437214333,1.0057054763588045,0.9967925653325199,0.9989117555748959
186,2912850000,0.9989016954613886,0.997898351049355,,0.9937210045061148,0.9991445913708676,0.9981790003141919,1.0045753184022288,0.9980780211012826,1.0008745989073105,0.9944553674376079,1.0015224574586343,0.9980297052955195,1.0062891837829875,1.005712378449275,1.0024176828703257,0.9980156246503985,1.0044948332496522,0.995778560538699,1.0045824558443988,1.0062484550791222,0.9979485460022306,0.9935730322133156,0.9949374366468123,0.9992541334398832,1.0020236743747037,1.0009491739670062,0.9977091685875819,1.005520760283036,1.0021757651993641,0.9975115247688773,1.000831232397459,1.0027153559050772,1.000485544149846,1.0029200224181312,0.9984457150618262,0.9968538091767162,0.9996607313802836,0.9984345002445216,0.9956454471681296,1.001930089387111,0.9993003485678299,0.9994064714244364,1.0036025297135531,0.991892323313753,1.0013908592914147,1.0045027632499344,0.9995719255230405,1.0036743262009329,0.9944183046236824,1.0005347859627924,0.9973658313708564,1.0007445255697776,1.0001577521493925
187,2913400000,0.9910034526212758,0.9951344278878461,,1.0038874772151776,1.0062889224342493,1.000462914115441,0.9946391436390084,0.9961602180056851,1.0040167705388525,1.0004839043234006,0.9950289452218897,0.9894026615954107,0.9926162056159532,0.999007054985307,0.9998199625289924,0.99872107415028,1.0000608943045715,0.9998116053315071,1.000395518249669,1.002902331042838,0.996515684549451,0.9973066562691653,0.9984149590879335,1.0013315562241538,1.0038108331104938,1.0036097559227877,1.0037215365874652,0.9972878086189315,1.0119202019837057,0.9971123145460662,1.0004133752457258,1.0002779498003465,0.9936659837314732,0.9973289844785471,0.9962602309146461,1.0013749133691687,1.0016436185054725,1.0046412095055761,1.0012953723661868,0.995219615722834,0.9987845108622229,0.994422491462863,1.0066179627394956,0.9956352652175487,0.9960795928578451,1.0017296067397228,1.0015248499680833,0.9978625123215727,0.9974684239497547,1.0007117123434128,0.998469071834947,0.9904246548709928,0.9931871678165972
188,2913950000,1.0050916307888371,0.9993741966282176,,1.0006928697596955,0.9970654375332076,0.996600279091808,1.003363473378648,1.0036561899743404,0.9968360769835115,0.9996378674226416,0.9982506723704554,1.00436014569889,0.9962815463762543,1.0046811394754336,0.9959301712932965,0.9934885330129274,1.0030784005567022,0.9990904951956497,1.0034340224977498,1.0035637053653368,0.9959937115601012,0.9966383558167209,1.0009337103669016,1.0050127430770879,0.9974168363980129,0.9948818316087252,1.0004677912569153,0.9962407974174864,0.9987545249259568,1.0029599747586,1.003756658175045,1.0061461261503286,0.9989422148639366,0.9989933049436198,1.0019946543221911,1.0087159443524818,1.0010424945829577,0.9985021727718976,1.0038528304603962,0.9918988760318486,0.9988376764450968,1.0011824788581023,1.0022216101722285,0.9907423539506608,1.003139508709903,1.0049602479600754,0.9991063041033326,0.9993949447725956,0.9974419904720081,0.9980428427428687,1.0036359615070762,1.0014855537739464,0.9998228941928295
189,2914500000,0.9992524119572929,0.999532570884087,,0.998601675166555,1.0044626153590188,1.0024641566467407,1.0001623598979243,0.9996098804254053,1.0013390458739722,1.0031301594464628,1.0048706478464668,0.999728447576192,1.005095495058321,1.0050495402734543,0.9971337777909857,0.998706576721123,0.9966597378096261,1.0035274278630986,1.002192134066732,1.0031461138792843,0.9967730060548099,0.9988058086708398,0.9950534435841455,0.9973228143993824,0.9942961724223541,1.0002656859457173,1.000403078543003,0.9977222651421872,0.9954945239829819,0.9973947328875374,1.0012709360340981,0.9967411435118285,0.9979281933918198,0.9969232198864038,0.9972850848537824,1.0063697732905947,1.0014806532217633,1.000768656746467,1.0015309441348528,1.0046081856740887,1.0027296354861006,1.0006464067028764,1.003700209821686,0.999106391801024,0.9960985858623345,1.0024970912881697,0.9976865991214506,0.9918377925616996,0.9947275690455863,1.0028713639354283,0.9994008337825219,0.9987827340060024,0.9996196609142507
190,2915050000,1.0013457977130975,0.9972831682997237,,0.9960186619384671,0.9997000543885649,1.0003808192442085,1.0025345582274565,1.0008306758566936,1.0000114829683358,0.9984615287809793,0.9999688538718506,0.9993396522319977,0.9994630890121297,0.9981354364625938,1.001021803109054,1.0013533422423446,0.9989804320517848,1.002363114024944,0.9989207202257654,0.9967073731431938,0.9972830673541447,0.9994691073975808,0.9951939566570592,0.9955255310592676,1.0091830814908225,1.0027816836957124,0.9963956317178169,0.9908171894976907,0.9936558742278702,0.9997762555378927,0.9963180600571405,1.000806042348422,0.998073704383335,0.9990725045256421,1.0008653222790944,0.9957241594193831,1.0053349411667911,0.9917160732648885,0.9988208091320467,0.9989982911608991,1.005260411172311,1.0025607951860913,1.0130443754817051,1.0020136811091283,0.9956483712566737,0.9925924675087467,0.9988582241491786,1.0055730565613672,0.994738281369282,1.0009140085032724,0.9943985884665496,1.0058067565064794,0.9953443259497351
191,2915600000,1.0032926304006602,0.9998566707337418,,1.0038984602343106,1.0017325630955587,1.0011838082449194,1.00366773822856,0.999402033920173,1.0044623272567335,1.0005955194848384,0.9997337420627184,1.0003085016909496,0.9999325448884954,0.9975913048488044,0.9990853542916899,0.9990381386426959,1.004382768005584,0.9918722209288596,0.996848492102822,0.997456679920568,0.995950461497855,0.9949646393394834,0.9962039254319731,0.9989274656866777,0.9998235029439569,0.9999890029640635,0.9979924182478194,0.9948156853253203,1.000784413350457,1.0020510287623154,0.9925531501334021,0.9940659586592602,0.996664127453725,1.000848699827256,0.9999600675891185,0.9989510355052486,1.0022879155231,1.0015829017568634,1.001029948637663,0.9953529038064457,1.0024235645750166,1.0026573821067926,1.0027019352307898,1.004306828913041,1.0059911449914054,0.998444098742111,0.9976192101548679,0.9974132795385771,1.0065909159800088,0.9982924430175389,0.9959611919537664,1.0015910172586169,1.0046484286689563
192,2916150000,1.0006911453972238,1.0028511997854597,,1.0028512877980371,0.9983660018063608,0.9988269250227005,1.0057611507811446,1.0004334303664772,1.003392781758166,0.995393722590997,1.0043021000601584,1.0137237716103644,0.9949224583214413,0.9978237316555851,0.9996053277277385,1.0036936133744272,1.0045911018746903,0.9978310368413028,1.0000213960368405,0.9989756509211511,0.998180091870819,1.0024308446309433,1.0001719114860472,1.0052632426575385,0.9977823762859214,0.9980771720489662,0.9998011327942916,1.0019090143566496,1.0016257503546273,1.0035833656655813,0.9955982994071749,0.9975492949130749,0.9998796330798987,1.0015196344655053,1.0034254925535966,0.9968281927005799,1.004392650433136,1.002839968331561,0.9988275961386509,0.9974931196898001,0.9993426507730961,1.0027667968663863,1.0104228235875912,0.9909924314475839,1.0024312856075006,0.9961212852090227,0.9961463441392934,0.9942615555136636,1.0020745335871863,0.9981507958917385,1.002525075183818,1.0004665043830312,0.9942127184485189
193,2916700000,1.0012798898001782,0.9983997002800202,,1.004341797322352,0.9989896011770699,1.0048371507322031,1.000441390446344,1.0058806680310792,0.9979880805694458,0.9958482383485626,0.9938128431614692,1.0041537147395767,0.9970094022548966,0.9967373936928778,1.0006755866407857,1.0005163138585471,0.9983426971687643,1.0043207890528387,1.0004245485137,1.0051805269284502,0.9948281560031171,1.0034070436592801,0.99963099285289,1.0011625410016252,1.0027475293962869,0.9993006092255273,1.0019840937092614,1.004017175851907,1.0006142672336997,1.0035120174806402,1.0014741964809177,0.9956077574601587,0.9976452706957935,0.9964227585096542,0.9989787331056055,1.0056426021143179,1.0009027646022397,1.008373889471092,1.000840449496553,0.9978070596920504,0.9975834614677155,0.997917977321731,1.0020088442205046,1.0040542679304174,0.9973256176345607,0.9993693881292742,1.0014350228649074,1.004979267812736,0.9966401085742389,1.0002266252444147,1.000329724187895,1.0042441961058803,0.9967414674893372
194,2917250000,1.0004294055735758,0.9972470873898908,,0.9961108723611861,1.0019634200965444,0.992328429484353,0.998686804977849,0.9988669864917132,0.9990983459620079,0.9950626712703381,1.0057690097562924,0.9986741031694045,0.9939294478972471,1.0007614559038125,0.9952756188752733,0.9996161666585024,0.9880256401464942,1.0025072785538571,0.9943090787966313,1.0011032257903107,1.0000859286580432,0.9998326098500677,0.999780968782447,1.003804541147958,1.0015234929573364,0.9939365046216808,1.0051748145045543,1.0052517182846077,1.0019401053881194,1.006352218106138,0.9994904019810561,1.0011534867468856,0.9917117068420199,0.9991899310137664,1.0029091075735617,0.9943253793968939,0.998716975318574,1.0030036864439151,0.9973246519467426,0.9931845411243047,1.0053122453289127,0.9978574557823541,1.0067122953702992,1.000084842885518,1.0010178572668902,1.0004298439795614,1.00303089038017,1.0007684633979366,1.0007304598321491,1.0021087251347416,0.9976082338120146,1.0024607197302218,0.9969584601221809
195,2917800000,0.9923373985153439,1.0020496949880602,,0.9908597747624118,0.9955623804739563,0.9923182596289405,0.9970661869887548,1.0045165517871757,0.998656653326961,1.0024759964263597,1.0016222950927427,1.000913692341784,1.003965268530243,0.9966210030664823,0.9922538170915247,0.9981646240366403,0.996537883767148,0.9991487780279271,0.9924659952100802,1.0097000805029872,0.9962764837998395,0.9947839058529899,0.999875115120478,1.0023393701813912,1.0037788889362043,1.0022343860057847,1.0091752549491098,1.0040055253819753,0.9998678785514459,1.002004218439672,1.0008025877917346,0.9972080810163618,1.010277692988418,1.0018152405521794,1.0015505866033951,0.9990295909996122,1.0018737522975272,1.0003249442788855,0.9961351388465602,0.9976440990413226,0.9986688192665135,0.9991378034251822,1.0057459319390074,0.9944657273080714,1.0003651125461028,0.9926236871768945,1.0012991417342596,1.0058416387711804,1.0077128823235169,1.004886997145502,0.9998111748092019,0.9993617739900059,0.999926703887849
196,2918350000,0.9940933890313202,0.995528203854167,,0.9986221221391652,1.0077734591936764,0.9947891893630177,0.9939548970303176,0.9913206295301034,1.002073840415105,0.99520857201054,0.9996748773123474,1.0031670573522629,0.9982903653880416,1.0063204205282386,1.007348605589773,0.9962173207853643,1.0001466442331524,0.9942724231266415,1.0023699521237484,1.0009032180571107,0.9904513186865779,0.9928590591926907,0.9955366050174528,0.9971246331499698,1.0051463521791242,1.0012435935896213,0.9995613989479865,1.0010528986223899,1.00037203494065,0.9961105700902334,1.003666094492616,0.9940347428967514,0.9959015779948256,1.002665870371126,0.9986886677616567,0.9980911185155525,0.9919549321730171,0.9954393946251998,1.0010170579746733,0.9997110376469228,1.0066449340190085,0.9994903849671354,0.9925361256170038,0.9964297690296563,1.00422342800207,0.9991254015830124,0.998642387188758,1.0028920313786496,1.0033654007012864,1.0006522969680733,0.9967425120150716,1.0022880996891226,0.9985664337165204
197,2918900000,0.9958724604150951,0.9953985313838934,,1.0038232436243608,1.0031002934637485,1.0008721338513242,0.9970690098855423,0.99960252833825,1.000008722687668,1.000137189156257,1.0014903986104862,0.9981329870512634,1.0031670948327516,0.9976718360216381,1.0001312455038784,1.0029273356127195,1.0131148652930366,0.9985578356424566,1.0013588475176185,0.9970112581022554,0.992876742108993,0.9951139118562347,0.9977607173964782,0.9940671278388583,1.0040909726846423,1.0066807988292314,0.9999842293679486,0.997746564498918,1.0001173417604903,0.9992708224807448,1.0003931312571108,0.997374379660628,1.0018780347151084,0.9986719651383085,1.0019976685508438,0.9989579009331023,1.0035237662972651,0.9932936919442987,1.000466100796558,0.9988628051021935,1.0056018454641333,1.0044303504333492,1.0045700896439014,0.9965186602213542,1.0006961797762672,0.9987514464786302,1.0011957722162688,0.9949030411523213,1.0027282049082114,0.9970079097690467,1.003926950951742,1.008071812148864,1.0042945157897538
198,2919450000,1.0062489108961867,1.0004378160352079,,1.0025394340529779,1.00233987901184,1.000122357224083,1.0056280477414536,0.9979342577110918,1.0017570370776019,1.0020891087835224,0.9966928969913127,0.995866347297711,0.9953626786939006,1.0042896581928553,0.9975715718638927,0.9982102800996744,0.9979015124064721,0.9987099536147606,0.9952431169979115,0.9966910900453959,1.0036125043981907,1.0033262386780437,0.996299376572394,0.9946338691767447,1.0027795899493617,0.9974597692961092,1.0009134626127514,0.9964240465312709,0.9966782149942346,0.9995916212035552,0.9966132640542684,1.0007620295007378,1.0030558943767593,1.00025598705464,1.0011178257555156,1.003248271149783,0.9980964696274586,0.9984156985371614,0.9990618495063869,0.9963867073755741,0.9996894709549354,0.9917140533012063,1.0019313056981967,0.9934764912189683,1.0052310950522656,1.0064553460223444,0.9977791267527538,1.0048565554996616,1.0005805415901574,1.0041463057517828,1.0029526727036684,1.0007421301771642,0.9972512685062872
199,2920000000,1.0021732193207145,1.0030459905216131,,0.995833513616273,1.0039857103982597,0.9987941881914921,0.9978782429288328,0.9939324197010857,1.0002907585328449,0.9908218211204022,1.0024506877521673,1.0044703234224663,0.996591198305463,1.0030590271035322,0.9996203616328311,0.9961591433081353,0.9979829930295855,1.0037235540063605,1.0041765844802633,1.0017842555878105,0.9962871108476719,1.001118617303678,1.002958729932717,1.0010580193205942,0.9938606560201202,1.0034105255499433,1.0000941475317466,0.996077133963695,0.9983139111597052,1.0069199374828286,1.004896356303344,1.005654018864863,0.9976542756607922,1.000393459517456,0.998311109553593,0.9977959743135298,1.000263692834071,1.006733531075632,1.002784208280519,1.0051539660811695,0.998838486823723,1.0027174087500226,0.9998847981970588,1.0050876582966632,0.9926673743637654,1.0023808901907993,1.0072613513927584,0.9957670500875185,1.0007398897309392,1.0016512003584133,0.9978852396052624,0.9971940721748195,1.0068998133609453
