,0.0,1710025497.0,1710029130.0,1710032770.0,1710036402.0,1710040035.0,1710043667.0,1710047309.0,1710050942.0,1710054574.0,1710058207.0,1710061845.0,1710065477.0,1710069109.0,1710072742.0,1710076378.0,1710080011.0,1710083643.0,1710087276.0,1710090909.0,1710094541.0,1710098174.0,1710101806.0,1710105439.0,1710109071.0,1710112704.0,1710116337.0,1710119976.0,1710123609.0,1710127241.0,1710130874.0,1710134510.0,1710138143.0,1710141777.0,1710145428.0,1710149061.0,1710152693.0,1710156326.0,1710159970.0,1710163603.0,1710167236.0,1710170869.0,1710174512.0,1710178144.0,1710181777.0,1710185410.0,1710189054.0,1710192687.0,1710196319.0,1710199952.0,1710203590.0
0,2810275000,1.002175649335342,0.997573498259198,1.00238333643267,0.9993645025471732,1.0004244465884355,1.00006726809297,1.0030526520897365,1.0068041200178866,1.0023614315296239,0.9939130314709588,0.9957640235068033,0.9965846447487553,0.998249371831905,1.000847234209617,0.9987144740966568,1.0016417804877378,0.9984272635483744,1.0024628445236774,1.0080862529169357,1.000794281682871,0.9968474015648835,0.995416250262724,1.000920282286156,0.9964836844863268,0.9996413755900219,1.001329433125459,0.9935428806299939,1.0043399500513401,1.005704390710544,0.9977821847251386,1.0029542433287568,1.004975219114194,0.9957011536254426,1.0019656512522592,0.99166615131115,1.0007697791736871,1.000980626887065,1.000581536727965,0.9980199961884151,0.9974612187364053,1.0020567469397075,0.9955672827068884,0.9972620120188401,0.9863865659762028,0.9946482720538571,1.0017034078727305,0.9982730566024299,0.9996267727107765,0.9945288951094531,0.9981714202283364
1,2810550000,0.9994485333851265,1.0002737723008148,0.9973755659043918,1.0008585320323213,0.9962051519903438,1.0063589435153806,0.9936242080003523,0.9994972955419104,0.9985237585902955,0.9945149941622647,0.9996696388304621,1.0014291801029962,0.9974426159443739,0.9997614241858324,1.0009082136412044,1.0016179532825655,1.0005251497843675,0.999907981954549,1.0012798832105045,0.998955706345177,1.0022979470541793,0.9974280140541294,0.9916039282758999,1.0008772091351736,0.9979349681059747,0.9951027508361756,0.9938955661221553,1.0009914201230503,0.9990329772016557,1.0025185146308462,0.9936706850781906,0.9962468230741534,1.0054195457479227,0.9968700664263799,0.9995752720438874,0.9992984792308645,0.9970336149235861,0.9967555690832139,0.9996685444503424,0.9925254706682181,0.9977438287955607,0.9955737565121574,1.000806701125922,0.9951978396602598,1.0039985672302543,0.9966217317336735,0.994154723075337,0.9969510693956795,1.0038887350753105,0.9968338680739945
2,2810825000,1.0056017895519958,0.9934205685580142,0.9968424538534782,0.9957339314642695,1.0001569251145277,0.9928941339382882,0.9947565815474545,0.9990157909161537,0.99525641377156,0.9958427385218191,0.9989724823098328,0.997082537356596,0.9953834565678626,1.0000968070711878,1.0030136434287031,0.997333928005339,0.9998490380569847,0.9974069738289387,1.0016307883459477,1.0002823134465377,1.0016650992725744,0.9986079940988591,0.9977931501845176,0.9925434027027713,1.004816336447781,1.0050551716317857,0.9999428871013929,0.9932503509335181,0.9987377765087891,1.0025337613835483,1.000030938400198,1.0000888702173523,1.001056691511099,1.0012563936558248,0.9986302261870448,0.9923173535897135,1.002742205851915,0.9979325223066916,0.994149487350323,0.9998763877742525,1.003178437801389,0.9972428752302185,1.0027761008422535,1.001721344513869,0.9984350353063007,1.003274992726066,0.9968305962743537,1.008592966886793,0.9957520232258641,1.0013827910989135
3,2811100000,0.9959444121339911,0.9943872827268014,0.9960135064143427,0.998180472185373,0.9915888046695579,0.9958095607165227,0.9945190926742477,0.9903225512209184,0.9991325677100515,1.0042530960453522,1.0057646203116677,0.9921081272034944,0.9988335101241148,0.9989853177201538,0.9956610107982539,1.0024958204059677,0.9942992380138546,0.9980679267479081,1.0029294785582634,0.9968114412102168,1.005327080840084,0.9959125280905062,0.9968160431685517,0.9990746764598271,1.0027019018644578,0.9922561935598576,0.9990882853965558,1.0051964837792495,1.0009558416820536,0.9943831821998637,0.9984543522510897,0.9954931661529746,0.9967004876107443,1.0021040559592769,1.0031382857659676,0.9974583851210795,1.0022302559899139,0.9977380403305779,0.9941291048859162,0.997978680251692,0.9951511601481037,1.0050014512317613,0.9985563485327831,1.0029550912748841,0.9970999473770401,1.0055109224968926,1.0009058282313437,1.0010018826356688,0.9919899343159898,1.0041423196769776
4,2811375000,0.9996092754758366,0.9987180916289982,0.9929562425432203,0.9971090503940445,0.9944174943411174,0.9962626780314771,1.0019654852183986,1.0007059892056898,0.996308987140863,1.0015538573513927,1.0044787105935982,1.0003124614302201,0.9969221870576327,0.9991613704239027,0.9999961453158404,1.0001932435403085,0.9946985567616156,0.9987226133582671,0.9983465605534163,0.9980885578983705,1.0040055980251648,0.9975335008045322,0.99469082445623,0.9994039741073661,0.9965835006256968,1.0027280546230972,0.9951231782860566,0.9925449149426234,1.0051336915021418,1.0012339055522586,0.9970661725261094,1.002225162876112,0.9971820011788748,1.003301395714267,0.9955342917679039,0.9983979729023281,0.9979284339608373,0.999177888416458,0.9967896296699447,1.0066073208408186,1.0051745620292192,0.9987299038016585,0.9951230995323639,0.9922447795687449,0.991999392634714,1.003507650547739,0.9913028954931267,0.9927757817947076,0.9980193519475278,0.99569992898554
5,2811650000,0.9986048001006304,1.0010573785879722,0.9966303386789354,1.0022665658671348,0.9945027416283516,0.9992549305897335,1.004429066394274,0.9995225894871641,0.9961647912841163,0.9990609481501999,0.9989641552628439,1.0018090486580902,0.9991711832553959,1.0062289757461669,0.9957387301152304,0.9954407515000966,1.0034872070050849,1.0011104244385065,0.9935452739053646,0.9960498350629675,1.0007466448069908,0.9977252429681118,0.9971374847257499,1.0041813718711419,1.0002433759422436,0.9976676266218586,0.9973744536674738,0.995742894243918,0.9914651875050158,0.9932669725004643,0.9955011816890718,1.0051793528405348,0.998375735279822,1.0006184901978508,1.0023540552515264,0.9993393023851891,0.998406832384022,0.9912134853925458,0.9982814643985506,0.9963832952783171,0.9942594182560963,0.9961616631055176,0.9981595204041172,0.9998783891751576,0.997486634666247,0.9992290179380097,1.0004930189324848,1.0025679038270117,0.9961674578081952,0.9978947257434472
6,2811925000,0.9969802704485823,0.9997144530462694,1.002171947283801,0.9971557629416306,0.9965510003298942,0.9988787181247121,1.0110753656578613,0.9991394451018226,0.9952573161645084,0.9922264969408043,0.9978441595303206,0.9995041980805713,0.9976512066684439,1.000178796526786,0.9988670262140948,0.9978545096309682,1.0017258665847786,1.0022195447140585,0.998954210033701,0.9989346322146733,1.0013423809147257,0.9964070593124286,1.0015004149634064,0.9985055728644354,0.9970450869968536,0.9981527488846282,0.9972894232425179,1.001014333684568,0.9962923939262468,0.9970762487065841,0.9983825841953206,1.0026861436480101,1.0004355681989232,0.9927295959689334,0.9970473272084304,1.0025854995144203,0.9921544003214118,0.9929252493426993,0.9983094938425727,0.994179515449322,0.9984888578922045,0.9991664510093409,1.0019414034859437,1.0006466998495231,0.9950472653373444,0.9981312805305552,0.9983321762793841,0.9960306710314452,0.9995976182494125,1.0002959552410136
7,2812200000,0.9958765719039766,0.9935298624173521,1.0013182609211257,0.9998917277669103,1.0000371793136982,1.00243159963195,0.9963262855884183,1.0032619482509988,0.995533910114138,1.002045621007287,1.0002993994948168,0.9933258883311665,0.9965168233011259,0.998454473490126,0.9961787308594923,0.9961549212576731,1.003941000227495,0.9961691318386959,0.9981946486691043,0.9942528645422805,0.9966106465540036,1.0017636514880337,0.9983019310399917,1.0018480546182884,0.9954635519227228,0.9994565818818238,1.000757121033666,0.9932819135989747,0.9965392773669582,0.9927411890875658,0.9963002270445054,1.0004985858962063,0.9961153287650489,0.9957239473238366,1.0034286672006196,1.0029050326967954,1.0028299997358912,0.9999312555964786,0.9924728912428764,1.0029832479885015,0.9995757119609999,0.9994976325522447,0.992784987557389,0.9982282675341397,0.9987608027516752,0.9908361443207487,0.9996792258288608,1.0005648673975707,0.9998982350880963,0.994657032078637
8,2812475000,0.9997068650672679,0.9924332557502994,0.9983150340314065,1.0024326284321174,1.0033199538481397,0.9971856599798201,1.0039155241172726,1.0010995927772832,1.0043507977536812,1.0010354350509714,0.9931589526409105,0.9959307165011975,1.000038337609547,1.0005763098736737,0.995070429271244,0.9995611830585711,1.003680551079042,0.9997061607723398,0.9957654080657321,0.9966584552682058,0.9976767966486673,0.9998045018734666,0.9943154054687874,1.0025574988763295,0.9980840315176265,0.9981776608565187,0.9987812007599718,0.998521526332257,0.9949047120999301,0.9995945469774662,0.9988170778042093,0.999721062722463,1.0025136968138664,0.9963173190409379,0.9962245545559016,1.000857697633409,0.9991874670138451,0.997687886205065,0.9952753839987893,1.003779379369488,0.9922002944736672,1.001305720979712,1.0043626295425778,0.9983749513803345,1.0007513379896762,1.0006544155926798,1.0017463020500363,1.001871594709411,0.9936572805029866,0.9975989070708723
9,2812750000,1.0017010595576346,0.9946568595555817,0.9942770670044525,0.9918915184465771,1.0025964659739834,0.997159947675008,0.9932569558762342,0.9924500127223249,1.000425072558985,0.9954289802219946,0.9939369559511523,0.9976790479395378,1.0018636747842915,0.9990524157593665,0.9947352479866304,0.9946842293356767,0.998236721358952,0.9984356553416304,1.000121562553942,0.9918303697502988,0.997499979062119,0.9945056784085318,0.9999277917636015,0.9987615532316381,0.9992588355824191,0.9982057067088951,1.0011394569350989,0.9965569019416511,0.992729894182915,1.0036516967851412,0.9999806093754391,0.9942002750466883,0.9959332052202733,0.9983854557770212,1.0005886443481922,0.9983641314352466,1.001466934991023,0.994613772070504,0.9965721068197576,0.9999507825786238,0.9948930492302385,0.9948154678497624,0.9962401945452304,1.0019348336794291,1.003121570631702,0.9957861319893693,0.9966691328211938,0.9962995281917215,0.999731717223866,1.0033821698425551
10,2813025000,0.998599872609678,0.9997094142999056,0.9999255472646184,0.9988223682125712,1.0057462102027892,1.001572231862325,0.9943232158109044,1.0006973843880331,1.0055805584389435,0.9995349747744552,0.9954526811085624,0.9937553505970592,1.0027013700794651,1.0029324719604227,0.9967060810603998,0.9974773992269468,0.9948842754089476,0.9981473666649027,1.0001451955304133,1.0045641909941059,0.9932108049028924,0.9997397230811855,1.002168394658843,0.9960120257625515,0.9992002679243722,0.9981227870963915,0.9970580304470962,0.9976056453332145,1.0001702595770878,1.0063557620891117,1.0027086746985765,0.9991355892214433,1.002310996992801,0.9947377627639798,0.9979031779181402,1.0002322396733687,0.9990584369274331,0.9996981462175695,0.9936631758491986,1.0008796714211163,0.9935844710059828,0.9994636366951629,0.9986090874555335,1.0021961180253542,0.9946613058594256,1.0015703574706523,1.0032523785214018,1.0017241374226742,1.0039804262082812,1.0035476919526853
11,2813300000,1.0003571348800195,0.9977915018450916,1.0003759868571012,0.9896606753845283,1.0001614338524547,1.0026357693745633,1.0022038037370453,0.9999241568260258,0.9958305836763797,1.0014848296801282,0.9996275556561237,1.0071269387622417,1.0009529126518832,1.0008890973424744,0.9927830641557654,1.002542351349308,1.004792385860385,1.0041620973227696,1.0030277830106964,0.9958649097011703,0.9992474393642838,0.997152492635877,1.0004141044084862,0.9947627886160849,1.0008820123684858,1.001183424860598,0.9956596113396179,0.9979361596703707,0.9997331019077638,0.998338681276827,0.9977887799767705,0.9996357469601117,0.9978794629041566,1.0029423782178095,1.006182660999266,1.0008637047393267,0.9942464803876501,0.9989514220339651,0.996363790167162,1.002319286037477,1.0014692842223272,1.0021996052439888,1.0024498961224255,1.0023831397781495,0.9903304974603432,0.9989953016313332,0.991929395151546,0.9997500978341305,0.9942915726653878,1.0043681124124693
12,2813575000,1.00142142847204,0.9957700062066621,0.9970703697966827,0.9995091678241977,0.9949466970249202,0.9946540200203146,0.9995957229630471,0.9936276374206396,0.999427569648974,0.9951526620463096,1.003291837658467,0.9921841797837619,1.0028833820183154,0.9995393430595352,0.9974081305803073,0.998982194563877,1.0055612610405478,1.0037967384817255,0.9972268288105254,1.0019649228438767,0.997859611203577,0.9975184250590222,1.0011561381019451,0.9958880308973138,0.9967910093994826,1.0011769996145121,1.002175743264452,1.0007378581598962,1.0009297219569389,1.0030229458543738,0.9974085642617628,0.9942820252831662,0.9955702644431766,1.0002967012456896,1.0016582916857286,1.001524616201487,0.9984029302322007,0.9945901281041915,1.0000735338447195,1.0032601952649458,1.0001204940352713,0.9988308556582314,1.002140574247181,0.9990092395687404,0.9940034689490711,1.0057486734621304,0.9968974369295609,0.9987288614643145,0.9975200052007448,0.9953185770073049
13,2813850000,0.9981217385549858,0.9973719921232476,0.9934692854437606,1.0068167546091464,0.9980992723316935,0.9926876157905922,1.0039430733186643,0.9951568455239602,0.9998282509956455,0.9969448530282792,0.9947340403665286,1.0008771222602906,0.9933047142375598,0.9969401669153076,0.9964390593615142,1.0019487914825507,1.0053159929950484,1.00157502746953,0.9941036213221942,0.996586037177192,0.9994355348912966,0.9955011862288892,1.0014196963300532,1.002294197589476,0.9953346452348846,0.9974970165219073,1.0021638201684044,1.0026369498548078,1.0006786975956534,0.9974735237207737,0.9923590328126791,0.9945124990962857,0.995719415902354,1.002663902999496,1.0051562127696196,1.0020785458995651,0.9944835275870447,1.0037527380374103,0.995759558543476,1.0068883066824004,1.000146570182639,0.9982742069471557,0.9983544558357974,0.9988660098246631,0.9984662008971603,0.9988759248628881,1.0005107804592888,1.0054726302583743,1.0061339313904725,0.9996561717569411
14,2814125000,1.0045818998701177,0.9965637180694421,0.9964032135123397,1.0045554522399915,0.9964672654428679,1.0057430113186547,1.0008251330178835,0.994966825589041,0.9973553195329601,1.0004194869765453,1.005510671028235,0.9952106678856669,0.9996557692870298,1.0029079856220868,0.999064262463658,0.9887714268106121,0.9972622660853607,0.9995496610387666,1.0035623057696008,0.9985925635846445,0.996671617834613,1.0011308712734783,0.9979184847996143,0.9995393802812107,0.999454871770283,1.00030918793577,0.9920721584126346,0.9942138517300829,0.9987746339334681,0.9982080133553228,0.9918837309147159,0.9971422970111974,0.997833802235079,1.008433574325794,0.9956329966036921,1.001180241013329,0.9979601213617835,1.0001571011495944,0.9968634542319668,1.0009452497161133,0.9974873840783116,1.0030535571947088,1.0022928660576371,0.9933863694536987,0.9916809328398296,0.9947509265107904,1.0037202091273534,1.0026015887808026,0.9990948475552388,0.9927130977120503
15,2814400000,0.9942323568735325,0.9938063478461374,1.0013652555205992,0.9999632095329877,0.9990856961419615,0.9938745789834135,1.0007733313148033,1.008316327965556,1.000643315996898,0.9984764459735924,0.9970992398842587,0.9860425500349858,0.9880633242047461,0.9988299138573011,0.9986451808987267,1.0018874656791819,0.999936721416068,0.999070691869073,0.9970647836085226,0.9970912318017424,0.987331986309905,1.0040944259315245,0.9930615966142444,0.9997332362825746,1.0070504293275893,1.0000841592061567,1.0030534775286113,0.9945989219307833,0.9912770749963885,0.9994137375363241,0.9930278709474467,0.9942167045885206,0.9971287457930766,0.9989735094962736,1.0017875265413685,0.9982112362497219,0.9958748559683508,0.9953511089801628,0.9918740131857342,0.9997294386879219,0.9939417929110758,1.0025314356796062,0.9974696856461168,0.9942839643527371,0.9983360130524234,1.0047430007458895,1.0010765335878067,1.002630966910228,0.9990003756411051,1.001750184014602
16,2814675000,0.9954525615564245,0.9910394452379913,1.0023468277459437,0.9986384790024193,0.9976276102800695,0.9905453237786892,1.0015625417991976,0.9961729703598254,0.9989616586428379,0.9953302906596682,1.002629779932558,1.0028432405337258,0.99851005315133,0.9992594075510772,0.9974054625656543,1.0008881913154366,0.9970883854595303,0.9964691331086433,0.9977631820488005,0.9956849382563951,1.000665663398372,1.0056089997197293,0.9954251610150304,0.9925238912982298,1.0024003344487273,0.9987786913281272,1.0003740992945533,0.9935987866491895,0.9929348548657688,1.0031480013821354,1.00073882720991,0.9961165565758596,0.9973160817021768,0.9986626881640819,1.000436877360869,0.9996300708193151,1.002896473214651,1.0013957709144716,1.00260722767877,0.9964876170716641,1.0042127126344158,1.0035763509381281,0.9960328920942239,1.005502550755641,0.9954990998455386,0.9956686287376514,1.0072641336216257,0.9960772352151865,0.9949836559454476,1.000985269526347
17,2814950000,0.9972351930471249,0.9938545916848797,1.0016460201089508,1.001686520700351,0.9977193559183509,0.9947970334598271,0.9968407980600015,0.9958695340625062,1.0042952657450654,1.0052366956198944,0.9976064577649579,0.999800509236964,0.9966646250134225,1.000120408028407,1.0034952791218459,1.0044269040279596,1.0023879150035684,0.9953183530162079,1.0027479750931128,0.9946338824051374,1.0021829310614958,1.0021232211667386,1.0034754408205806,1.0004701109370866,0.9995726979563336,0.9964422322357297,1.000871620971546,0.999199529066195,1.0049267444206633,0.9961127600514126,0.9958271373787811,0.9946904199543547,0.997450104786681,1.0027407784075872,0.9940867006628191,1.0055723934072986,1.0028030474054137,0.9911960514914167,0.9864122275291188,1.0015237582992522,0.9950863836619743,0.9943656912560423,1.007329474939181,0.9943129334661901,1.0039938861849789,0.999306180713638,0.9956846361867663,1.0000663683173558,1.0017170997428138,0.9951271217860085
18,2815225000,0.998577902454433,0.9932694692459855,1.00003685746498,1.0019207912361876,1.002524483751621,1.0013079232818034,1.0004915204033151,1.0003560606599273,0.9993007025536903,1.0001270330437892,1.0020818121304114,1.0049406788379813,0.9979891978913504,0.9940251490143772,0.999998689488123,0.9990353193207316,0.9897223761294659,0.9999520435821112,0.9955719726335294,1.0031635259587481,0.996577863887963,1.0000498987440911,1.0002288894376983,1.0029900629615836,0.9976017840736894,1.0002086044433283,0.9966815303391703,0.9991051054309633,0.9993507519229281,1.0001726033833638,0.9868636641531577,1.0003733608430931,0.9964160716835224,0.9991963158202074,0.9937670900337882,1.0057744431853688,1.0047082660930415,0.9978041076871088,0.9943086574710437,1.0030386911462899,1.0025406292000847,0.9979646592988769,0.9983723522082365,1.0058696105581904,0.9981689610853177,0.9966352406683222,0.9947528643766302,1.0085161886983656,1.001336507177292,0.9994947816930124
19,2815500000,0.9948615997181354,0.9952318271816946,0.9988781758207138,1.0091918057125329,0.9977906326536202,0.999721735416263,0.9970124926541205,0.9986848850675951,1.0094877017288528,0.9989829425771395,1.00306147589842,0.9988674231434641,1.0023988745349073,0.9945173088333333,1.0055470475668167,0.9975030335734237,0.9967219984920611,0.9985101649765045,0.9965264117629685,0.9983129661335486,1.0026746173887202,0.9999581151742986,1.0000764443726395,0.9996338315436646,0.9990312161253283,0.998514028196706,1.0023522845040678,0.9965866812885468,0.9999299327006111,0.9924705902808922,0.988786564756308,1.0015356145894208,0.9939162117430002,0.9954159591006805,1.0011629016014483,1.0031436472133712,0.9974156765634863,0.9996241373652027,1.0045065806524158,1.002212857895563,0.9981738636286065,0.9984255627219182,1.0035812359014933,0.997672531582876,1.005136460145595,0.9989264875705494,0.9971587052903718,1.0055590806227197,1.0027845320712787,0.9989320735604874
20,2815775000,1.002193702734599,0.9998968116011023,0.9974339730729586,1.0045998160142282,1.0016174902646555,0.9996558236038984,1.0017205410114016,0.9941249333361973,0.9974083952159686,1.00304409018893,1.0042012601104777,0.998488439323076,1.0005183958133703,1.0016698570421354,1.0028571446795473,1.003324255719737,1.0015976458359075,0.9965196931730335,1.001203794812664,0.9985520542785756,0.9993889233683613,0.999080908113474,0.9979201473134381,0.997298077904285,0.9974080358796813,1.0068234020202966,1.0029958486387776,0.9975299260899511,1.0016352244128264,0.9964790192374251,1.0043206608420636,0.9978655463921834,1.0009069972536733,0.9980183945043039,0.9977906347941662,1.0006818205581336,1.0005509440910767,0.9942867453215057,1.0029497394487856,0.9975871954274367,1.0006338839236155,1.0028433862899566,0.9988596444883568,0.9980352407624641,0.9986078754765949,0.995643809555339,0.9989000427279807,1.0014598823122103,0.9949413033073023,0.9996817839620238
21,2816050000,0.9982100575890868,0.9944077805402793,0.9993725853773495,0.9997933064452359,1.002735055354384,0.9975270262099539,0.9975252001651838,1.0044547988288621,1.001666413289335,0.9972409509107698,0.9987330564476199,0.9985710911190463,0.9957149254679792,0.9962213490333486,0.9986344970194981,0.9993368933951604,1.0073371588116071,0.9960455327743384,0.9961998362963644,0.9941498625382232,1.000798611627392,1.0040767193843325,0.9993971272108116,1.0001784654608663,1.0021257689877123,1.0020933748547547,1.0032365603016973,0.9919313376817382,0.9933632049123087,0.9951182481519889,1.0021335393549176,1.001798187284954,0.9989471833204954,1.0051104363164274,0.997903017492094,1.00040027374898,0.9989957891695294,1.0028058636781219,0.9994985892612899,0.9964289475274448,0.9914324132953378,1.0055785014927578,1.0000945194644435,1.004364747159841,0.9949535498264425,0.9979103475503908,1.0006047110693248,1.0023506291131385,1.0031801071417823,0.9964755100820498
22,2816325000,0.9991490459063179,1.0026009911429594,1.0022479802110638,0.9978741001325785,1.0059285642553255,0.9910224260639361,1.007426942597134,0.9976030530470764,0.9989583696102128,1.000353598513635,1.0022405680457565,1.0000051345691874,0.9964991363508828,1.0025469055550582,0.9931526788823211,0.9987445154289246,0.9965739027852734,1.0021400232371307,0.9946951624938849,0.9942254633718532,0.9943356795351319,1.0023154266700944,1.0036828676194651,0.9998467802948574,1.0008259897021043,1.0046540172126213,1.0004035097220014,1.0005555938477264,0.9983899939696471,0.9952967230087959,0.99988519278254,1.0018487075769331,0.9976884583983776,0.9913135419502799,0.9941850829944099,1.0007476297382694,0.9964075045318193,0.9972985476957497,0.9976197962311745,0.9955684242135304,1.0022498818682326,0.9998719293280318,0.9965580846295499,1.00076554008474,1.0092755341783888,1.0050914545222733,0.9964301190635307,0.996032296488795,0.9921460604324123,0.9954421904612392
23,2816600000,0.9948843482134938,0.9957099001546094,0.993428422670768,0.9998768730894128,0.9966830401478812,0.9945623731388793,0.9934682646442665,1.0027812649941028,1.0027181110971677,1.0031193054842766,1.0020746111654262,0.9932751196033206,1.0003438167027332,1.0001942228026048,0.999273253716631,1.0038173351258934,0.9955771709769091,0.9972063138453043,0.9995951798051285,1.0029808324047416,0.9975277639602802,0.9948424184119249,0.9974435923609846,1.0005658396527641,0.9991202316026616,1.0028701054631115,1.0031213488420863,1.0012400416296812,1.005729840071938,0.9978312729780507,1.0023326550689184,0.9953144721629138,1.0009734696465535,0.9938499872422315,1.0015714442748502,0.9961850665282063,1.0005617367481372,0.9989010351657502,1.0015485752060707,1.0025232310146035,1.0015829799025127,0.9948587555306123,0.9999465740503524,1.0000390679808429,0.997226702676748,0.9988757229134223,0.9936575005237662,1.0044460627051341,1.0004667078121852,0.9988561110584332
24,2816875000,1.0020286285800215,0.9993248709690319,0.9978531193859731,1.0039736015844283,1.0003688720150787,0.9968401584929352,1.0013338404946386,0.9983001703405293,1.0008457545364515,0.9938559628571867,0.9958496952772419,0.9973363448036415,0.9976672993690346,1.0054315938246852,0.9947147197574255,0.9976527735250078,0.9911122258341365,1.0060579765748405,1.0049866961945648,0.9998301019761646,1.0054815307627165,1.0011479591010517,0.9959052667335712,0.9980135703153528,0.9953141310881591,0.9992000314693503,0.9995724349091321,0.9958537733940366,1.0006109769158342,1.0068109698356205,0.9990148377734849,0.9970451023556561,0.9993232487832154,1.0006503554439818,0.9991984700031719,0.9882474665755195,1.0008648242899685,0.9959405155394747,0.9970371447526071,1.0016109983998756,0.9969152094978885,1.0015955936989753,1.0063047792317859,0.9953864085252516,1.0002043127918534,1.0002493113390454,1.0005290565164229,0.9955805942036824,0.992349897233215,0.9971659770369974
25,2817150000,1.0036256579307723,0.992816857534321,1.0006626195281785,0.9949371402952949,1.0004950998271491,0.9985206346489593,0.9974848239354921,1.0017405052666712,0.9930079791451507,0.9899219738370324,1.0005304741359073,1.0024911883023242,1.0032446084083224,1.0030894603779326,1.0030102166666228,1.0000958431328888,0.9956393247611869,1.003075456294399,1.0028588995462306,0.9950471712688249,1.000825922997495,0.9962348115567404,1.000183809364158,1.000939490808223,0.9952544367287208,0.9978470650513419,1.0041858433103656,1.001008570341569,0.9989921858471607,1.0019161286744096,1.0077699210183566,1.0000992210467916,1.000621350270307,0.9949811570537276,0.9972536462579938,1.0005425640065144,1.004094584367475,0.9996359841538301,0.9988765389847718,1.0006221144116938,0.9976027566333024,1.0006707143158091,1.0042678635123239,0.9933173711919044,1.0008417094879773,0.9959450046823752,1.0003453557850623,1.0003994272347756,0.9990316747030877,1.0008359017959383
26,2817425000,0.9985587241462867,1.0110173710298864,1.0022223129336254,0.9947218769761681,1.0044708569794778,0.9998718996097623,0.9985624285090069,0.9987573962715883,1.0072366376671171,0.9932507959060735,0.9977448966496354,1.008013547358957,1.0026304152518581,0.9974710178074397,1.003913516834021,1.0011426651814468,1.003106311275347,0.9981846288533776,0.9994203179839688,1.001543988043793,0.9970833012549605,1.0028832790720326,0.9963803301811569,0.9997584831520941,0.9978355221686361,1.0019784237911409,1.0062872353920234,1.000722983965393,1.001092382701733,1.0016158949501601,1.0028371843816286,1.0009199501628352,1.0020233140593664,0.9984764342814331,0.9993358065358743,1.00279859153729,0.9957141124336194,0.9966567438040279,0.999389312591657,0.9990758994896781,1.0018835488573137,0.9936727365902728,1.0045620174763084,0.9968497051751866,0.9941107397063655,1.0011691473835038,0.9965486607603755,0.9988861108080588,0.9964674366712293,1.0089010600898476
27,2817700000,0.9939937938479004,1.0020423358784927,0.9982187624875382,1.0026053550173122,1.0042540491493646,1.0071713672860299,1.0038460598532344,1.0043854082523471,1.0016144627005075,0.9973853284096855,0.9977181281071165,0.9965270891954456,1.0043286452832334,0.9997415670468527,1.0024642737887557,0.9948399569609465,0.9977506737112556,0.9919133101428755,0.995943808890438,0.9991441489377229,0.9933149578338301,1.0003838455929315,1.0022482053387598,1.0036157395530931,1.0029908476855496,1.0029700102980885,0.9974825340475156,1.002767310459935,0.9981611634364409,1.0021034208398933,1.005471415399004,0.9995768142678981,0.9971674483175688,0.996244068573711,0.9976594818130651,0.9986422757832646,1.0017234091167952,0.9978454269429035,1.0025807532768296,0.9971685445134607,0.9975653965060791,0.9950184282024596,1.0000972674943671,0.9995762558714183,1.001816121783254,1.0029047858858837,0.9988594342966016,0.9928838754764963,0.9950544978096928,1.0081291194308573
28,2817975000,1.0006293456544022,1.0032145706531266,0.9990099030127697,1.0043829979348955,1.0004239114237703,0.9956892178385073,0.9973022403169297,1.0024252408284404,0.9973415946686212,0.9976523403909865,0.9950196890544293,0.9987582870467085,1.0000743385113426,1.0068032797198512,0.9945771198707575,0.9937919756140169,0.9932261250596498,0.9912267496684006,1.0028225590587772,0.9995482251874173,1.0078054785810742,1.0005415631101338,1.0033187384801894,0.9974907489491466,1.0003326906617216,0.9988289591932452,1.0032289292614838,1.0007284205284501,1.0005595939890362,0.9950612623132563,1.0062279914799308,0.9963485163345267,0.9992019358355921,0.999298708665558,1.0072920820707407,0.9978565983198403,1.0026409670738898,0.9966085390360682,0.9986252305954577,1.0046951679445537,0.990184540615627,1.001669893434654,1.0004307625461635,0.9917874439480665,1.0002478289008776,0.9984096224655782,0.9980814523937465,1.000688685353175,1.0043786568622992,0.9988523786018852
29,2818250000,0.995634639713495,1.002384744887472,1.0029955374570758,0.997263938932152,1.0011720699583868,0.9997344481273107,1.0006260232368003,0.9978438443020237,0.9940764484304617,0.9997442243772129,0.9980967691671002,0.9994468434391126,0.9937536761617287,0.9985051010456555,1.0107939273199644,1.0068203095787638,1.0011223093232013,1.003120450153933,0.997544433020035,0.9950217899087679,1.000120265350734,0.9987169047541045,1.0003492550633826,0.9968139342135188,0.9973353486889678,1.0041721037977833,0.9987819090498,0.9952605970401054,0.9994119001780523,0.998756744261332,1.0046586123797274,0.9972981446217986,1.0031245856464623,0.9959793129738717,0.9944684195133033,0.9940537546021563,1.0009979197145826,1.0017671832336332,1.0063382151897151,0.9963930491214642,0.9989378143909577,1.005342725362854,0.9984755866328209,0.995938309298402,0.9984728955989491,0.99825220469991,1.0000449869001968,1.0023793546046,1.0021945220962118,1.002226734997165
30,2818525000,0.9965646648387827,1.0001101351713535,1.0016151465454866,1.005105576601662,1.0000648381383306,0.9979486676713574,0.998563502427415,1.0013746669127184,1.0008341463851276,1.0065086621177608,1.004038461305971,0.9967591616643622,1.001027340692868,1.006184722180831,1.0045935325071094,1.0017181724646593,1.0029049144898403,0.9986223382008388,1.0004833852126347,0.9979332283780673,0.9981227051226632,1.0042085849993014,1.0038302887358472,0.9954927978212468,1.0030161980344225,1.0062052818330598,1.0037631169227743,1.0037764633988409,1.00234659664885,1.0006128375127739,1.0004349590539416,0.9979075598290441,1.001227638478243,0.9994127099955397,0.996883983946129,0.9990502795001437,0.9969843890840505,1.0018632635902918,0.9957430952821245,1.002176473371459,1.0021253898561253,0.9959207073904408,0.9984924872130232,1.0003149157481914,0.9996728752078589,1.0061792544878612,0.9893476592583463,0.9989130616129301,1.000162439043518,0.9977011642425796
31,2818800000,1.0008985013217344,0.9989479453690605,0.9981071214635028,1.0016971314632102,1.0017780058888357,1.0011167084593884,1.0013224520065926,1.0002960448559512,1.0021892431518264,1.0024577187817723,0.9986830737072045,1.0013106955156452,1.0015284420180108,0.9998636614709494,1.0008985817080651,1.0007177333263362,0.9954446287760143,0.9973704197940897,1.0037051030691928,1.0052465905381496,1.0016093159763968,0.9896355450207899,1.0003834012751054,1.0012218342796668,1.0086468570568723,1.0009254647873336,1.001592825733592,0.9999961094890074,0.9978890172873118,0.9983893187951469,0.9972669869106574,0.9998494489018105,1.0074384397219878,0.9955189422662415,1.0046955592214801,1.00247605044082,1.0009290256418464,0.9926831534251106,1.000981907160866,1.002898938009727,1.0053373493279376,0.9939638911452421,1.0009884570955756,1.001426910160197,0.9961382116667323,1.0072550815329662,0.9918159096622301,1.0002920074963206,0.9992548406767106,0.9951329948133324
32,2819075000,1.005140186127746,0.9929358450854538,0.9970220157809719,1.0012576074926043,0.9930353644174429,1.0022696490865919,0.9993831172615857,1.0016073216333352,0.9989030469906268,0.993190625033491,0.9972083152225766,1.0025213464723828,0.9968230552522712,0.9915802819471659,0.9996833385081837,1.000087460150917,0.995014090700156,1.006606919781402,0.9980364114523929,1.0058012754098,1.0034277066790969,0.9977105615198439,1.0015075914247435,0.9987101638832033,0.9943330892698575,1.000407381896582,0.9973187178111017,0.9997633939070477,0.9978200482985824,0.9973728198666395,1.0064796234907856,0.9983621064109903,0.9972410283606136,0.9977384700443295,0.9975353820492461,0.9996507441866472,0.994633544844398,1.0028577932606813,0.9944807502652036,0.9982498301929346,1.003068407496201,0.9946226665101664,1.0013695803922458,1.0046650628272442,0.9953016105843104,0.995248515424125,0.9928856374571556,0.9987597919374954,0.9950443153699416,0.999465876346797
33,2819350000,0.9998624690420654,0.9979318627509121,0.9969893634914611,1.0006377818188998,1.000263296171643,0.9943340772753038,1.003185950517096,1.002125348963892,0.9961606655196048,0.9987332468573877,0.9994379209266946,0.9954319383923825,1.0010197003478845,0.997856404144699,1.0015331612334393,1.0045347045901847,1.0042208922850886,0.9967648501474642,0.9993738479355251,1.0069834180583161,1.0092476050381252,1.0007385531570205,1.0050443779503988,1.001151565481025,0.9983236349032898,0.9930269037232503,1.0077284620543416,1.0030154484261693,0.9945824011451156,1.0000535133554962,1.0029860774770467,0.9997357613189941,1.0102055698168684,0.9986957144357385,0.9995375148709786,1.0034524711097308,0.9965639642657622,0.9961643157947765,1.0063079317611103,1.008113030165977,1.0005372070998946,1.0013747362385659,0.9960096985354818,0.9928956487239148,0.9990441948289692,0.9972012503688757,0.9943787062732553,1.0056629291087729,1.00106921893099,1.0030947062073792
34,2819625000,1.00122769036541,0.9952458797348578,1.0023063683682236,1.0070841542135545,1.0026033933775755,0.9904921976407677,0.9962261449845198,1.0027185913364332,0.9936480235544715,1.0014371372199338,0.999877717793671,0.9949758985661269,1.0011498135282524,0.9933664157796144,1.0073936010963562,0.9947896654339561,1.0004589912522237,0.9972751575916922,0.9977024450424843,0.9946183839499506,0.9981559193587167,0.999306397235745,0.9944917726800655,0.9947165460526397,1.0046207569128573,1.0094261782770955,0.9931459825428341,0.9921766811724998,1.0013420802479378,0.9990804787918787,1.0033724585371298,1.001651948878643,0.9983145540998342,0.9992619560017993,0.9948385443427659,0.9966137632270715,0.9920396610965966,1.0017171181371072,1.0065202315726758,0.9982473079771953,0.9998602543059171,0.9993997391045599,1.005425645571631,0.9996717184373014,0.9989793309274673,0.9930167300319649,0.9948610932114487,1.0002408451344371,0.9982593647663616,1.0027810409024165
35,2819900000,0.9977473559242551,1.0014363521000624,1.0040506262821374,1.003771623238417,1.0000387532035089,0.99611448118146,0.9969770395742431,0.9958574626824809,0.9934352921048364,0.9986069520891735,0.9999244966426314,1.0006757093839127,0.9933593488525108,1.0002071119470044,1.0008518025642488,1.0039236122707969,0.9930756808482608,1.0053032376934636,0.9979007998198195,0.9954521731043319,0.9947222416824999,0.9932091138099288,0.9970336495260788,0.9986298436196518,1.0000004055959817,1.0021605148862045,0.9972198092847039,0.9978601645673915,1.0017343123074312,1.0033978783048014,0.9967549610447232,0.9980738663702683,1.0082112514868933,1.0027819379249718,1.0070926595167025,1.0006584986326328,0.995738509481328,0.9958472660688678,1.0009858636205817,1.009059450166807,1.0030204367135862,1.0016116773763546,1.0007715734095262,0.9986667782616706,0.9991164396636258,1.0020203789666746,0.9993650335589392,1.001557015822226,1.004039952614538,0.9932674319723623
36,2820175000,0.9934451948186267,1.0006632058609495,0.9982036490775401,1.0015182566307765,1.0012202812948376,0.999704481050498,1.0015189625425398,1.0029622000862577,0.9945735878003864,0.9990542545178293,0.9992140335650416,0.9967439462756056,0.9992476802801088,1.0097227051501305,1.0062733403535307,0.9984330655177824,1.0041199795180968,1.0023533052232336,1.0022298342427305,1.0012097640793016,1.0029206308074932,0.9997671379790432,1.0043787621118312,0.9965919274074553,0.997148445634317,0.9973841893215152,1.000706681720637,1.0034758110867992,0.9978257525222254,1.001938222157423,0.9956083723279621,0.9989958090175833,0.9937493333390406,0.9977198906471547,0.9937454309229149,0.9965650114154697,0.9967182978111737,0.9998250866007176,1.0005446503390836,0.9993661816856928,0.9998793585179327,1.0005515108717493,1.003154051396341,0.999729059507343,1.0017789069257,0.9963171361363412,1.0006735754658609,0.9989272659190498,1.0056232049100438,1.0002528157584547
37,2820450000,1.0020359544370492,1.000770931687877,1.0045345331196707,1.0044961025869354,0.9972229717930562,1.0057350974235335,0.9993715053200075,0.9953584293917331,1.0012079090656931,0.9983786287831995,0.9950299712577727,0.9990010676645964,1.006406140542971,1.0068430000946145,1.0037633548762703,1.000361989299004,1.0071650425350003,0.9948947554722649,1.0009345665481082,0.9975952914673052,1.000348329771342,0.9952896592561512,1.0012577065742179,1.0046400450856412,0.9979744027949282,0.9996091328534994,0.9995099914126497,1.0008580934135631,1.0017672740682515,0.9951918176705526,0.9951701264074183,1.0031122562766648,0.9977851224553285,1.0001207845575515,0.9968066011005758,0.9989919507829217,1.002770141226862,1.0015031045784855,0.9916396773644113,0.9990663942395381,1.0015324382507182,1.0025567253935574,0.99911111558368,0.9967991520438522,1.002081384905816,0.9957203248021876,1.0072146816287453,0.9957411400884536,1.0008656348907703,1.0007082467085378
38,2820725000,1.0014318296176963,1.0009408214143058,1.0004752532543193,0.9974622816074927,1.0011677590938723,1.0015674740294802,1.0060541994551246,0.9967161610521225,0.9953595738673434,0.9996402864121114,0.999416845684737,1.0005188365695352,1.003394515955494,0.9972013931792182,1.0009633261479591,0.9986107941011866,1.003111388157776,0.9915316776601295,0.9974478456788411,0.9940990969728944,1.001312866720816,1.0040140470746044,0.9930810126660974,0.9963754875138691,1.0013210481525752,0.9986756405489202,0.9972990052885969,0.9996689898374566,1.0029848663313086,0.9956490783297901,1.0064850075160985,1.002919722423352,1.0005312962163233,0.9983312005423693,0.9938720534738231,1.0033573519113674,1.0013644327284976,0.99684845093993,0.9996980647575987,0.9975168232353987,1.0017912813117356,0.9997323585724097,0.9967843925615976,1.0043821512156434,1.0031469363336678,0.9976585700069585,1.003927674688893,0.9978898963651948,1.0053299685414039,0.9976396097356732
39,2821000000,1.000466265421976,0.993811386214164,1.0014658828167582,1.0005868702182954,1.0014374429861157,0.9944208551060949,0.9978311656537212,0.9984755189938487,0.999543802080469,0.9937463616892424,1.0020092823335613,0.996782049089541,0.9985184259921475,1.0004251837957703,0.9987503940712548,1.0009169662721986,1.004284447821137,0.9966617753898253,1.000663825042157,0.9955703650931036,0.9985065189730763,0.9969830480483984,1.0013324105330694,0.9982779341283511,0.9959935374585467,1.003764683163194,1.003738722589774,1.0078183489835173,0.9955925684723049,1.0011118902962488,0.9978717776038392,1.0034486697950036,1.0030228688333513,1.0010410925380366,0.9999431202691674,0.9992482467381192,1.002289193700826,0.9974801088814431,0.997549870577365,1.000719680970658,0.9981745532202534,1.0021381485028313,0.9959693371151074,1.0036968691143204,0.9986325418978566,0.9982308436275013,1.0019273597660114,0.9986877402953627,1.004579709907283,0.999929819849518
40,2821275000,1.005307238798131,0.9989025761206147,1.002453870478647,1.0045774077945733,0.9943795433789304,0.9957686916003462,0.9991645617962265,0.9961551702119288,0.9942901008379558,0.9987185189104401,1.0023310074612801,1.0006417366312041,1.0003681073489215,1.0032886648349844,1.003888857874037,0.9959787543064628,0.9981056630431101,0.997732883976471,1.0016334719265025,1.0046131798006999,0.9958206566983351,0.99977443627483,0.991852342007391,1.0018414903118624,1.008090891610388,0.9959779513040726,0.999304217222594,0.9996201786105413,1.0039622808486295,0.9948626489416135,1.0085625950476829,0.9974041681547287,0.9990601545213379,1.0013403478050342,1.0013561026541793,0.9965245291427053,0.9985153876244829,1.0011752567493488,0.997180285410197,0.9943696752774458,1.0000361567263194,1.0010438983508612,1.0021829128341373,0.9968034337470485,0.9971198309468583,1.0015468180392764,1.0025688739834397,1.0002892109229071,1.006053249615628,0.9998501734031106
41,2821550000,0.9989757862868305,0.9965826905609091,1.0014054538453956,1.0009552353649989,0.9929352556729824,1.0021317375111236,0.9934706831464066,1.000116171634177,0.99255418933018,0.9965961218355122,0.9967206198713473,0.993219336457672,1.0050895957155521,0.994248725374932,1.0028526262354982,1.00217055894106,1.0039067974950124,1.0005571040647656,1.0034283200479637,1.0045558473639975,1.0008474722376968,1.0003817442607343,0.9964681491641303,1.0060037397498272,1.0017519664606862,0.9964398399016804,1.002957342174387,1.0080487423675863,0.9983226829291535,0.989780085398707,1.002424318182282,0.9995755304654346,1.0053162649842655,0.9955569580938818,0.9975898442918547,1.0081189731983986,0.9943859644166456,1.0075065184749226,0.9966588452983124,1.0026703283474845,1.0036640100032612,1.000945193757978,1.0009586907562473,1.00670092416592,0.9973787867303535,0.9982978500979554,1.0051492414775833,1.0014134326261603,1.0067354072596801,0.993881269200557
42,2821825000,1.0041869513235242,1.0100575289511438,1.00493725244866,0.9950820451965229,0.997306071406255,0.9983785339178469,0.9970659844748677,0.9946223435610637,0.9990468832997436,0.9968161120642347,0.9955366356260872,0.9948636850634397,0.9981777386696579,0.9972964431533375,0.99778773668502,0.9980956028125267,1.001197397862797,1.0071515845883845,1.00718267261843,1.0018952412767326,1.0014915976382368,0.9977596782783775,1.0020458757885173,0.9996776349547154,0.9985540637547403,1.0037822846817694,0.9969419938342216,1.0012321733212022,0.9982236366458077,0.9979897594053726,0.9979051229825231,0.9982769892701503,1.0017384900801252,0.9999533166700655,1.0084811276155683,0.9978033712646802,1.004580771547534,0.9932670082104198,1.0033750350104487,0.998669191888499,0.9989363687988566,1.0040175964382005,1.0044259532675317,1.004952382791381,0.9949916586039709,0.9917824310394938,0.9997897956930702,1.008161277517358,0.9993341152585755,0.9928698875458633
43,2822100000,0.9975866341603145,0.9959525647875903,0.9988594102136106,0.9966801194111732,0.997010991007499,1.0007869318012281,0.9988523595252851,1.0047189011895892,0.9993976997487569,1.0042474288778798,0.99335621345542,1.0009099278087712,0.9991514211504152,0.9971175844963351,0.9967545447968572,1.0066874651026436,1.0019436075941905,0.9964985379048424,0.9959133481569031,1.0006924319519879,0.9957846545500973,1.0043002855977772,1.0039375196313753,1.0007257465847095,1.000387326951994,1.0040649133769115,0.9941968226830613,1.005216266368534,0.9896479791776143,0.9983328635963424,0.9984184928225568,1.0002687259724812,0.9953849349690578,1.000988480088494,1.0021380234982116,1.0056917540155355,1.0005702070651588,0.9917896245882621,1.0013241660029242,1.0019536482387128,1.003226613612574,0.99925040198592,0.9979939082408007,1.0020233900996158,1.0052699829723326,1.0031573182816413,0.9984383325606607,0.9965208608650704,1.0069970438131903,1.001873392366839
44,2822375000,1.0036809611265205,0.9943837148222403,0.9995233590423473,0.9992650180270546,1.0062874656261374,1.0004833370575124,1.0038358258532099,0.995651187749862,1.0054686336044143,0.9932077309465281,0.9951810143400267,0.9974937959595916,1.0030999416102908,1.0027056984774694,0.9954862504205371,0.9962300208967484,1.0024013740662452,0.9988211911652872,0.9936438978151015,0.9948800722258708,0.9980732716043509,1.003444711525476,0.9994434179361812,0.9971050465027035,1.0003900431451231,0.99110327540624,1.0017407952490318,1.0022476962302498,1.0112709089243126,1.0014971146744205,0.9985503302388445,1.0031738752042814,1.005643009083006,1.002802743025214,0.9964819427474877,0.9988744125108384,1.0059729954483416,0.9957148672113445,1.0023580037132043,1.002976034112063,0.9955585765758751,0.9927061022110729,0.9926371179316644,1.0005603533013165,1.0035823794570977,1.0031055168610132,0.9998544226478703,1.0029348644545653,1.002686050228925,0.9979717660870461
45,2822650000,1.0017891620180932,0.9990335226282904,0.9921996109377597,0.9996969179138381,0.997881773932561,0.9983687786287433,0.9996188614776986,0.9934752266537715,1.0006118682083465,0.9973212195394248,1.0032483317312768,1.0087195760551362,1.0030295909188138,1.0005633314401574,1.0036563556687157,0.9968075065547419,0.9972705527610536,1.0002103911656473,1.0010948606698806,1.000748414310765,1.0022295544241715,1.0020015394463102,0.9949768865983508,0.9991004720862897,0.993845303115005,0.9971012015845379,0.9974174358326526,0.99813445001477,1.001334098627381,1.0024516476549206,0.9968572758668278,1.0007812676250758,0.9964608919067883,1.00205164841395,0.9943303032457844,1.0006583307022365,0.9929150227976996,1.006723875881187,0.9990906346694001,0.9964826130592712,1.0017576099993672,0.9954881963604034,0.9991755765733031,1.0000716887908199,0.9995634275223517,1.008861991285667,0.9957858562977673,1.0034818515486448,1.0001371764132,0.9992266533136462
46,2822925000,1.0024029826487473,1.0025538274488324,1.0009886000619568,1.0090952511083078,0.9989538279232643,0.9971452622607201,0.9935073437785149,1.0057805501314667,0.9991492943460214,0.9995623923029976,1.000987435873842,0.9966748660658592,1.0008707558467842,0.9872177025120301,0.9983705109554512,0.9958181187863979,1.0017617230517726,1.0022849006813657,0.998428123335844,1.0034029594158245,1.0031339349300468,0.9996133983615483,0.9998159244161109,0.9980405367829273,1.0005543023424324,1.0010523041839718,0.9977379927161883,0.995896637191562,0.9945230420798064,0.9972516676298001,1.0043959646131602,1.0044024839914731,1.006780693816252,0.9982170542760427,1.0023898989326625,0.9962113920155256,1.007122220813757,0.9963173532533329,0.9973036826234528,1.004434443682487,0.9972743847273164,0.995941427069438,1.0021534955277505,0.9986198057938377,0.9981677338722403,1.004444853859855,0.9988312530674972,0.9971290785298,1.004968599400724,1.0056419276428794
47,2823200000,0.9948812130625011,1.0071348913963687,0.9955220081711019,0.9945842439071045,0.9988171428543843,1.0062466209457779,1.0031769221246611,1.006832415089912,0.9891011224043982,1.0058104616413652,0.9958152679999388,1.0006740819805824,1.0044254058874336,1.0013972222477976,0.9966706805386353,1.0024152195781422,1.0015610635244883,0.9971643661816221,1.0043137306455154,1.0045930485238808,0.9960186994615216,1.002958312965437,0.9970826338082893,0.9938629410053395,1.0009234557313949,1.0035182511413778,1.0042916677387714,1.007129272072453,0.99600980238041,0.995019189703559,1.001180856371531,0.9961163415565764,1.0013465488830993,1.0038625982023226,0.9966513085756638,1.0068086272823005,0.9986684418208764,0.9975867555195751,0.9927150445111382,0.9953285598337553,0.9957308926840887,1.0023246553151373,0.9930440761012236,0.996959076983518,0.9950832146591874,1.0034336730852809,1.002201365513327,1.003983984695383,0.9998481685287944,0.9987420656620097
48,2823475000,0.9977189272250075,0.9991697747727859,0.9970456701077636,0.9949044649783334,1.0018835859270225,0.9956922303864434,1.0019116335653142,0.9981362138353514,0.9990900104751123,0.9986973757224609,1.0051512277224488,0.9983091164686391,0.9984293466806359,0.9966722089766833,1.0056910202227443,1.0035852635739742,0.9986327965956983,1.0047581308109403,0.9963000296798373,1.0011034969301882,0.9997175755316887,0.9971763376584567,0.9988017159681585,1.001257148460519,0.9963954655518055,0.9969332628369953,1.0001598390547135,1.0030816867228636,1.003646835958747,0.9977860995797608,1.004250784043328,1.0005855077347015,0.991509226004306,0.9966367932334859,0.9952613520051716,1.0035887266485486,0.9944428560763402,0.9925760981766161,1.003290124117668,1.0001833630629542,0.9967945515717269,0.9894679654234916,1.0073882885185348,1.0010890177377112,0.9999054807615633,1.0026000693697816,0.9956145640008277,0.9950239676106618,0.9995992871992174,0.9931656317614896
49,2823750000,0.9972032516066616,0.9966463689602374,0.999392868013453,0.9982136538340577,1.0049341023022833,1.0013808334722523,1.0067603728840477,0.9966312406907498,0.9959697216035743,0.9923982205237358,0.9995879993161341,0.9984876786936776,0.9996148424133883,0.9989649698774892,0.9944858363573971,1.0017238423616879,1.0064576870616007,1.0017415889046832,1.0015250687099007,1.001525823545229,1.0008279273704648,1.0068534858773637,1.003791610005828,0.9972209439978753,0.9976322401423551,0.9924623114813685,0.9967502000213224,0.9956352196202215,0.9991813470770807,1.0034169146117773,0.9998137634402041,0.9984120966541893,1.0049888526298576,1.002766925447834,1.0004070213740623,1.0013735203514331,1.0011869190498852,0.9949422849413819,1.0010137528719978,1.0017100545355395,0.9966193196997805,0.9989983518207118,1.0013817040590118,1.0080132979817753,1.002179105624194,1.0021205606029266,1.0007427813191865,0.9976930532220973,0.9970747711956919,0.9924811006474782
50,2824025000,1.001184727475057,1.0004362355156067,1.0011372647984234,0.9998314415119071,0.9981696489999585,0.9996578146148758,0.9972856735961902,1.0012197768241675,1.0000984939692807,0.9964077557375873,0.9982128202044586,0.9973772185232632,0.9934410495285483,1.002996058805652,0.9942353211045137,0.9986591051253638,0.9954240689627242,0.9943169182142291,0.9997623213294125,0.9955650200680733,0.9978401925146485,1.0010226499921095,0.9974708231008992,0.9973312639437257,0.9917585301252242,0.9964568895897004,0.9988448174544262,1.001150822390771,1.0030646200794817,0.996426593003984,1.0047040803114455,0.9934008545537845,0.9974699919242036,0.9980344088910269,0.9903582232002476,0.9941979578509644,0.9996001645569259,1.0033500635222263,0.9998567708659064,1.0024033289529788,1.0031700300664008,1.0046706426507697,1.0003606712361217,0.9947981459444684,1.002885652354991,1.005259786332921,1.0026612990243626,1.0066996342892076,1.000715460569876,0.9982822233613132
51,2824300000,0.9974320810480077,1.0010085194757443,1.0021567621528116,0.9993085096911527,0.9945236424661209,1.0078117051328985,1.0004890725840538,0.9953462655640398,0.9970779451034071,0.9991308599554356,1.001915973905669,0.9957893934578461,1.0040149721520193,1.0073116531015531,1.0064589251722136,0.9995632634364101,0.9944713802197052,1.0016753372202827,0.9977972862135559,0.9996516560315406,0.9931216940937261,0.9973397083716383,1.0029509574757762,1.0009544303427766,0.9950893838861389,0.9967933790845662,0.9974813278715914,0.9971555846090605,1.0011907844743135,1.0043148541027531,1.003943757037855,1.0006248468677907,0.9987186405654983,1.0032320545330553,1.0010948129917043,0.9962138292105479,0.9952575860315915,1.0031032766667336,1.0024609905477933,0.9920745119879034,0.9982667030794272,0.9929013955160663,0.9988715204951126,1.0028532573605278,1.002172198543772,0.9993574788901768,1.0013103833024166,0.9969533459805168,0.9979200050597217,0.9997891676283065
52,2824575000,1.0015398267120525,0.9965724241104399,0.9977591761310007,1.000281996252512,0.9993529269447994,0.9980951622773844,0.997324401156461,1.0074068681509551,1.0017017753551045,1.0015103232253812,1.0066313945029686,0.9988756128818287,1.0078196787750824,0.9973248443521276,0.999444517758712,0.9990637407648699,0.9965081569240041,1.0056689961292558,1.0073864137306319,0.9976054862434733,1.0021463126038181,1.0010418117366833,0.9958304788904664,1.0110737447386366,0.9994788790012414,1.011678193927001,1.0095982807240174,1.000031662759312,1.002519228320572,0.998192156998086,0.9992232954332513,0.999644153050776,0.998461086251741,1.002451241675707,0.9972139216653585,1.0050882678436832,0.999189824199303,0.994965423169583,0.9991280533903942,0.9997208515783415,0.9990042986886531,0.9981063756315093,1.000378471059925,1.003273943298993,1.0024303054583288,0.9980495533298518,0.9972071925312261,0.9940200711551638,1.00600836812755,1.0071327489379038
53,2824850000,1.0033238876340838,0.995687249489787,0.9994253767107568,1.009165290246508,0.9984869936249898,0.9999273722788801,1.0009402445999742,0.9988139514170608,1.0003281574768121,1.005193749964651,0.9954115309887868,0.9989942946111454,0.9973860137003949,0.9984439396965292,0.9983321763320618,1.006470811364598,1.002216078485373,1.00252669419386,1.000977685812309,0.998216240327558,1.0067567195576574,0.9972136581957769,0.9958935002629248,1.0036227294722706,0.9996167648066071,0.9983919211726805,1.0044502467238425,1.0032166772902842,0.9924170700610034,0.9972450227251155,1.0057203681807805,1.005467508827731,1.0057927221870482,0.996616105010298,0.9973022475753329,1.0027489984362075,0.9979198501840345,0.9980057943183901,1.0028491145021192,0.9945585386538528,1.0019208762034164,1.0013103098202327,0.9978761461608554,1.0079811790149549,0.9969857626037161,1.004030022383229,0.9965529040863258,0.9969492025841091,1.0055045080198861,0.9998257471952114
54,2825125000,0.9982162891173231,0.9986491505349856,1.002603397311552,1.0021700614071498,0.9990001973949011,0.9962560812611645,0.9956350122168062,1.002837152138741,1.0040980927330823,1.0038481169143878,0.9963875412211252,1.0004110810120381,1.0019338246225982,0.9988131832634886,0.9954443966327194,1.001409491847278,1.0026683506113123,1.003033501501975,0.9940934210054252,0.9967566497589556,1.0010759869838237,1.0057770249426108,1.002936362671527,1.00325934948967,0.9955640280096184,1.0036113864263676,1.0002387871119462,1.0021559842063537,1.0059863545744319,0.9984802598178182,1.0015276139945393,1.0026495938749747,0.9998062213609499,1.0001936079989682,1.0028109389743076,0.9984192208621607,1.0060203397967902,0.9974213596110165,0.9973358980585643,0.9979602304039622,1.0021917034447785,0.9902634378192486,1.0071539319703404,0.9946981083154611,1.003725831287922,0.9990470068166418,1.001108689540897,0.99572963152791,1.0025929675892833,1.0050727319076036
55,2825400000,0.9949449379165641,0.9961486538764152,0.9946009970369903,0.9971116649319366,1.0005718042763763,0.9967476414894381,0.996800066583535,1.0010940733823572,1.0008817081447015,1.0057474984245993,1.002335198626113,1.0034889192220404,0.9989580978510818,0.999786917750718,1.000328112839757,0.99279173542648,1.0022278781759,1.0014154553511163,1.0038833698450875,0.9952839326006377,1.0009325682118848,0.9977025727487486,1.0034701290411587,0.9922931458904308,0.9990710589763655,1.002036394108987,1.0035983207402286,0.9986605650594016,0.9976418271961967,0.996632322592433,1.0000036333986553,0.9984734125768872,1.0015342040220816,1.0039260567518014,0.9946686593223685,1.0016471579332311,1.0001641783282254,0.9968055155499496,1.002258511242369,1.003137174467276,1.00618406541169,1.003433396961413,1.00095856108151,1.0049621789957697,1.0041762497742497,0.994655652764573,1.0017127969896544,1.0005065454662976,0.9929573640545065,1.0028361150578862
56,2825675000,0.9978661947506065,1.002635007733621,1.0035829370639142,0.9986899415733029,1.0033895679731646,0.9957013973151808,0.9980669343516033,1.0025383839263415,0.9990785979670526,0.9946319774274275,0.9964598732945101,1.0047523811810788,1.00210628209324,1.0004401517205324,0.997520092622039,1.0022303601223435,0.995057284444166,0.999640670835825,0.9934030807498382,1.0006909800158572,0.9956710115306678,0.9976797738734199,0.9984609369368882,0.9938997931104758,0.9979626894213399,0.996795944367021,1.0048432636979843,0.9926436756722881,1.002430361741994,1.002103832271656,0.9981546847938174,0.9997466918001169,0.9936699699645454,1.000775368894965,0.9936951510996487,0.9982376740938875,0.9954002231271077,1.0068192949002444,1.0007178459276584,1.0019936032742056,0.9953688778689516,1.0000786314553665,0.998774933627767,0.997451866891733,1.0018912271676272,1.0044351172495607,1.0012323831558425,0.996337439161702,1.0025093346728209,1.0022906430977951
57,2825950000,0.9959290388049685,0.9996502359740848,1.0031173832805125,1.0016706223517906,1.0000827590302916,1.0001769102034648,1.0053118631769842,0.9969044688700927,0.9993662352270379,1.007397029143952,0.9990481766903204,0.9995319423831978,0.9995419406064044,1.0015468781494912,0.9994992739416272,0.9972107348732064,1.009972463988257,0.9993552033897897,0.9987057551823547,0.997120538991164,1.0052498311640081,1.000843830813304,1.0068187416590837,1.0011136816088948,0.9985739205781958,1.0027752579426366,0.9973402121337543,1.005510618383242,0.9999137059284653,0.9945577173831921,1.000673141279348,0.9987772714636941,0.9969450192491391,1.0028455241925283,1.0030350831357469,0.997921789923792,1.0026690891319403,1.000809375184867,1.0010530036590648,0.9991314078184577,0.9997065473180647,0.9986053168818825,0.9931896994506949,1.004037852891934,0.9941386846351142,1.0025337128234941,1.0041011274041687,0.9935735345888701,0.9978340956422402,0.994823961867277
58,2826225000,0.9998981251446346,0.9997900723317719,0.993865463727207,1.0008562550673632,0.9961958098457058,0.9997861279319518,1.000579677590987,1.0006651489592766,1.0028263507780766,0.9901396508425067,0.9999257079793596,1.0101366213433673,0.9990796092195158,0.9960506399549292,0.9976756875419155,1.0033057252386213,0.9987519385234089,1.0006972089983608,0.999941228807357,1.0002681376420166,0.996038932616988,0.9883143458259732,1.0072998114308647,0.999018745299118,1.0020013173717948,0.9992739422890875,0.9968211870732673,0.9977714682506414,0.9996771302600995,0.9960217998333941,0.9994043418803148,0.9964683675847349,0.998847880229615,1.0039646814274366,0.996196095800117,1.0019764787986924,0.9998808919075486,0.9976629549941833,1.005806083807545,1.0034365436870567,1.0027816433381571,0.9987966158194997,1.0055763848409345,0.9935999294620634,0.9983832358689967,0.9985709091040486,1.0019813238875288,0.995491658080349,0.9989913392202235,0.9964288322379996
59,2826500000,0.998746919805477,1.0030450863714275,0.9973058629820163,1.0006512928492557,0.9982570751489085,1.0050138317125137,0.9971317670204594,1.0006830349897988,1.0023827528317115,0.9989445769010705,1.0023910473208948,1.0015905976721413,0.9968763352363953,0.9981546717683867,0.997756027542476,0.9983898702590575,0.9936833603495793,0.9969656656195682,1.0048135510504774,0.996577079713168,0.9947476464029903,0.9980650456874951,0.9996561675733374,0.996926226394452,1.0041606916569479,1.0004709222541701,1.001672134054505,1.0076786080769142,0.9996388140945378,0.9969077425890426,1.005522050563887,0.9987669616390739,1.0015239730890764,1.0002188330247235,1.0095704540333743,0.9937256784306098,0.9942369867375103,0.9927878479488457,0.9998368317181171,1.001364575333972,1.0014967005933675,0.9977843124833967,1.002121667436805,1.009203442830688,0.9970406670976211,0.9994740307686841,0.9965199660902672,0.9977869766857477,1.0034265189300835,0.9957403047762516
60,2826775000,1.003052769741534,0.9984957638994674,1.0034939624234867,1.0019205875890183,1.001549249075076,1.001247434034452,1.0043067759870878,0.9986854681615089,1.0058535907571935,1.004948419544458,1.0031477727098344,0.9982530108731849,1.0005617656956716,0.9937017959858742,1.0020848340647521,0.9932651331375394,0.9938621815183837,0.9961997341484367,0.9976329125155893,0.9977504654785585,0.9969615482699381,1.0066801464389747,1.0028995291243905,1.002985674067263,1.001821938620872,1.0002974307286334,1.0035265132327205,1.0055610772171568,0.999242828827186,1.0024200601666782,1.0016868460284272,1.0071025110242555,0.998409408101955,1.0000746794130968,1.00419938804414,1.0006052757410224,1.0003883961561302,0.9992996123700031,0.9979477217215265,1.0009733611394784,0.9936361826986243,1.0013567169562803,1.0013858553604957,0.9955449719476691,0.9957873024553106,1.0030345984371476,0.9987446291176325,1.0037094595624656,0.9950236227886805,1.0011936718589305
61,2827050000,0.9935975589780186,0.9963119204155814,1.005551458055919,0.9944608353723737,0.9942609737710858,1.0000592922589868,1.0027578291131478,1.002442713938693,1.0052390820810968,1.0034294708516918,1.0004542749553618,0.9941769201951077,1.0010644356155567,0.9977531562422848,0.9960637057184615,1.004070744707064,1.0042942553188814,1.001627213707992,1.0033312321495873,0.9995589744219798,1.0098840749138334,1.0024274590374536,1.0037894350745402,1.003537738099032,1.003683843827519,0.9985018557441409,1.002026866908777,0.9987767248836023,0.9979090419150095,0.9988252385682098,1.0032473173887897,1.0028253331293258,0.9968970453242934,1.000017656877694,0.9978969963123533,1.0039419891903258,0.9998556312672146,0.9945038365033214,0.9969255827668859,1.0007384795985717,1.0030317429905844,1.0015655403927717,1.0026912566397381,1.0013376527310323,0.9941406206201017,0.9957129579313305,1.0007206859326496,0.9990098143509545,0.9943894880683424,0.9975755688775615
62,2827325000,0.9975510045149082,1.000731585551496,0.9978644235255963,0.9985468455569358,0.9994531194800634,1.0008549311593837,0.9931535369263612,1.0039893211370496,0.9945502633135754,0.99687429335473,0.9974882061862357,1.0042200473180403,0.999738354505399,0.9995898611725398,0.9975906256699333,1.002047005765834,0.995343564513689,1.0012817036128232,1.0018805033767677,0.9984535474868891,0.9973704281579826,1.0010604900617643,1.0002096413620578,1.0062241675686963,0.9972829248183974,0.9977407399630711,1.0077959216646517,1.0004595505299532,1.0139485048998955,0.9946223661355225,0.9984955331118431,0.9978507053020251,0.9936369040368421,0.9995907480899132,0.9964710545321698,0.9988684895779953,1.0029975160894966,0.9996776809784241,0.9989971069345855,0.996578180004881,1.0028794955947076,0.9989317280337157,1.0006931662735044,1.0034613768868084,0.9925789629141905,1.0022053587622652,1.0014393184782875,0.9975882532934065,1.0042347273314158,0.9999115708718881
63,2827600000,0.998097996034336,1.0057727385625899,1.0017010075048183,0.9955435362284235,0.999437308835995,1.001723454095984,0.998684317020413,1.0025743619123622,1.0003112574516344,0.9994264795832419,0.9983633986420951,1.0035375898062597,1.0092683108837013,1.0059866613205897,1.001625515413367,0.9935376384228684,1.0011157018586243,0.9971546966171381,1.0029216418200952,0.9975240315651805,0.9920775505303308,1.0023283071864337,0.9943849755815086,1.0049639985423966,1.0033750716451144,0.9986986885436862,0.9950110185843138,0.9999665556124221,1.0012540074923253,1.0033092590526516,0.9946174675244283,0.9939985508237472,0.9996408629959738,0.9948085045878213,1.0078974127164142,1.001597106476157,1.0020632330798829,0.9999796169852788,1.0042445651446315,0.9983628084225645,1.002582931812788,1.001605914974376,1.0014118618613896,1.0051913023970946,1.004691954806496,0.9966883132292632,0.9990061652968751,1.0025764399581827,1.0026361060614841,1.0034795636292446
64,2827875000,0.9971658141507227,0.9976977783753197,1.0059473537904111,0.9948312140311613,0.9990561191819107,1.0011037674593595,1.003380742167919,1.0007190248376252,0.9907611795445369,1.0011929060620361,1.0015800244061261,0.9938613377911972,1.0019598439399016,1.0021223425762198,0.9958038676816634,1.0038118960270168,0.9969478700423169,0.9997204627055456,0.9967080743610909,0.9960338424203536,0.9991163873224076,1.000907115433895,0.9957062249520671,1.00755435426128,1.0026822628859204,0.9957509863642663,1.0020406616019903,1.001751323551372,1.0002311984146341,1.0046444957836154,0.9926631218869372,0.9999247353285887,1.001748098126334,1.0038777991734522,0.9995429609030725,1.0009186185724588,1.0000317129782499,0.9969734329950772,0.9974826243076189,1.0093526036926919,1.0064920225933298,0.9950861957284404,0.9951293834849635,0.9935043345034843,1.0023187640706788,0.9993639083334744,1.0023915979464226,0.9989918417066538,0.9955835544022581,0.9952505272793147
65,2828150000,0.9995387685505519,0.9992983139741516,1.0070639501827754,1.0045762219671,1.00355400202549,0.9995746797575518,1.0044956851879405,1.0040204264752728,1.003692000078365,0.9992464251201197,0.9971511542211207,0.9999196890079248,0.9922698827230516,0.9973121480276359,1.0027918338650397,0.9948227627476635,0.9927365737015973,1.0041907454855694,1.0003282760819405,0.9941140109222816,1.0008672565121601,0.9966698500456405,0.9946475244219777,0.9950149479232171,1.0027764193562387,0.9987333935160645,1.0021023851779625,0.9975580562574596,1.0006210168307808,1.0043363156738394,1.005177142170152,1.0081428329884214,0.9945601367498176,1.006849864977804,1.005550842424298,0.9984448689325554,1.0077442331675137,0.9977775266774646,0.9941170729596784,1.0001755722153653,1.003826804391414,0.9981717116947061,1.0037965966631763,0.9962071273539266,1.0019752991885171,0.9938500068407297,1.003970805787955,0.9988164473057073,1.0014524937589293,1.001327149004289
66,2828425000,0.9950534040600282,1.0004747229017144,1.0079048106302968,1.001537941286923,1.0003694008566366,0.9960957651198704,1.002232886018374,0.998578261420546,1.0004904837586492,1.005969340851019,0.999867779347599,0.9957894742091801,0.9948923796978578,1.0053326126224507,0.9992447760881149,0.9998439705872956,0.9930380061522223,0.9972560527716834,0.998084944340746,0.994808409789787,1.0045601644757929,0.9987078429031746,0.9963858956538905,0.9992135847292721,0.9981321712124487,0.9981549263140267,1.0018472953882116,0.9897165627039003,1.0057349721638145,1.0025791231805132,1.0063856991580191,0.9991296340283519,1.004611778862621,1.008686913055435,1.000346516646692,1.0025899810549186,0.993633937737053,1.0021796087266628,0.9978755253953402,1.0031941845189112,1.003119792552972,0.9946051599001973,0.9913334625787115,1.0026217242195075,1.006888842625558,1.0021701748633383,0.9913833160441217,0.9948472825296026,1.0038755319315842,0.9963240180186241
67,2828700000,1.0017609549137552,1.0052730175149842,1.0037046817505386,1.0053008360300872,0.9947954069535312,1.0025403434044415,1.0048328847354056,0.995735947067868,0.9960492343941262,1.0030391283998867,1.006956211351093,1.0027044299992847,1.0014806411170352,1.0016117101195927,1.002717811618614,0.995232514489299,1.001186301977835,1.0005669061499822,1.0016769491225668,1.0003368095823382,0.9971980562431181,0.9938453706012537,0.9952281238340759,0.9993960687858487,0.9950462427376381,0.9970868816147658,0.9971087800253301,0.9991720463578836,0.9960080733616483,1.0038421793121397,0.9957562255298997,0.9967739176803349,1.0025088330878256,1.0001700477048157,0.9994600943479489,1.0006893524160883,0.9907678227674858,1.006616548885591,0.9990077216502322,1.0013862809396703,1.0017460630788797,1.000675309603444,1.0021201491502094,1.0012180563572288,1.0010628717287855,0.9983558564024692,1.0027461275438445,0.9964924388642632,0.9961661138801022,0.9980838421938618
68,2828975000,1.000649053800077,0.9987321787327904,0.9971561447145283,0.9980209371440888,0.9979398467859664,0.9937690978132666,0.9996098361014452,1.0069793249393493,0.9993839824993098,1.002922964717081,1.0019429822245445,1.0020816481783477,1.0026902867965382,0.9945864385505818,0.9975676785963652,1.001948698219597,0.9986710634468761,0.9960216183619904,0.998065348289507,0.9985291573401384,0.9965401798343987,0.9994101631358002,1.006044419470732,0.9965451871101336,0.9980131404903094,0.9913786935305394,0.9953606397611914,0.9924447604167824,1.0022609152925595,1.003849725411328,0.9954632085020375,1.000295782972707,0.9983381491102875,1.0029353996485046,0.9987807672667733,0.9913598601358633,1.0042424212287686,0.9959818191254723,0.9989931881881589,0.9974764993614947,0.9958096172567663,1.002065590966431,0.9965380392425631,0.9971238827223377,1.004312287640138,0.9960931426278585,1.000198355498074,0.9955598905538067,1.0074896571123557,1.0050950837475807
69,2829250000,1.004247968447432,1.0033316791876425,0.9941026987018461,0.996663006012411,0.9998750569400804,1.0000768256005854,0.9995085228767059,0.9995703802764385,0.9985232291808379,1.0019956359078244,1.0009352936957792,0.994450231337497,1.0048213306257772,0.9974338235944484,1.0043790844556415,0.9958127914208623,0.9986436699848098,0.9964035156184019,1.0003359536325973,0.9993195134859032,0.9946760490864613,0.9966979257304941,1.002043909699868,0.993679735003329,1.0034922678789082,1.005657986382762,0.9995388872163564,0.9995257824513378,1.004569128200223,1.0051233756368978,1.0012013853940898,1.00365054316919,0.9940764820016034,1.0028462950655588,1.0022487286361892,0.9995959346177846,1.0053711929260252,1.0018887064075517,1.0047531845423783,0.9965362988788476,0.9993406331465153,0.9986439654236101,0.995950276850924,1.0055562708942023,0.998660306829222,1.0015449159775491,0.9907507248915326,1.0017970225355572,0.9963140385751528,0.9987097153612831
70,2829525000,1.00050082979391,1.0038181012306988,0.9996113041556481,0.9953706794617095,0.99889808895253,1.0012836804099288,1.0025126642416238,0.9982669344306255,0.9961683501475836,0.9978319222467364,1.0033616918016153,1.007335985609383,0.9989782079522831,0.9990532843670752,1.0001252092654649,0.9973796020047737,1.0005663202269317,1.0003773500547017,0.9985195837944328,1.0025324674586977,1.001581942415184,0.9995670706155869,1.0063220355192226,0.9917885196990399,0.9982184475419679,1.0015622453860027,1.0064844618824365,0.9954870455529446,1.0044071849404754,0.9967265117799612,1.0021391460645899,0.9942896439403762,0.9973329956098405,0.9975768818395286,0.9931656970029986,0.9941136383861624,1.0034473713156864,0.9999257583705673,1.0018891416563198,0.9990481628836327,1.0086078400867031,0.9985541478396034,0.9985488505141656,1.0036406983950104,1.0021675210898442,1.0017041467615297,1.0002606113673818,1.004726666058142,0.9976273314431701,0.9963013189250972
71,2829800000,1.0022624708398207,0.9964033611320042,0.9966302948849397,1.0018101529833514,1.002473924293648,0.9988517715759526,0.9948465621316779,1.001707234498882,1.0023260213919782,0.9997397812389061,1.0080988894463379,0.9919195317241574,0.9963788555733272,0.9983921345546525,0.9983876969945026,0.9943677296725496,1.000012683451406,1.004327974166811,0.9941917412961078,0.9984847808839354,1.0054275580525336,0.9945140268060287,0.991265799691533,0.9970790986806637,1.0061497147206293,1.0017461510897145,0.99295552316858,1.0009837651641975,1.0034112936443758,0.9996972747008867,0.9991118184314948,0.9953090728988818,1.008869356690457,0.9983392988981833,0.9935225444534641,0.9931608008698911,0.9955703818634022,0.9948478418438247,0.999942509092826,1.0015932892217791,0.9996724639811808,1.0020529058350343,1.0000005885379721,0.9941850930221634,0.9987686211800139,1.005580226346438,0.9998805939818622,0.9999098252425727,0.9985711940039149,1.0082031590282399
72,2830075000,1.0045532873178742,1.0002035767443018,1.003352306775749,0.9998828237755463,0.9929780655674857,1.001171503646292,0.9959682490239411,1.0063840329043376,0.9944969956787932,0.9978615643846218,1.0022102394767622,0.9913076163010481,0.9938040395710166,1.002940800636592,1.003715189103053,0.9998856060571643,0.9980789194982023,1.0024922279087658,1.0051611162053353,0.992996863159379,1.002823391571332,1.001482338506278,1.0006316037675207,1.0025781159000726,1.001574119802585,0.998860472329152,0.9967341247138228,0.9992851357730634,1.002323089362706,0.9984186440916701,0.9935251833293919,0.9998065930243142,0.9957787604734988,1.00497237995745,0.9999954082988215,0.9968749482995544,1.0037889631878054,1.001668362316843,0.990230988989105,1.00373095153178,1.0008437670133155,0.9999454614436852,1.0048113663243616,1.0050969541681574,0.997416612240404,0.9986095298707206,1.003608829834008,0.9901038792185441,0.999409592314698,0.9952761979976863
73,2830350000,0.998946664288245,1.0025460024705624,0.9992989154746021,1.003323410334674,0.999879441887915,0.9948816258990112,0.9968978499916905,0.9967625067986473,1.0006583800983402,1.00380651355589,1.0009181423478373,0.9997697053830985,0.9979391713875801,0.9927948768586168,1.005353311255245,1.0056690013584768,1.0006538686603614,1.0021105848173584,0.9970051946614011,0.9948284691541077,1.0057922441810865,0.9985877998754662,1.0035669780070167,1.002063163617433,0.9972321461463727,0.9999887558070935,1.0019254139874043,1.0005103621514988,1.0033060331501589,1.001670553899759,1.0025849341428235,1.0024283677596544,0.9998966585723909,1.0062522704057648,1.000604039843027,0.9946102485967404,0.9979784462981076,0.9948357544405351,1.0018956631367335,0.9927925396562215,0.9984238190334629,0.9984143330587181,0.9990934272679501,0.9921731274221957,0.9995890059335099,0.997956061990744,1.0012722848060498,0.9939080646221439,0.998257008264996,1.000701332331667
74,2830625000,1.0019535393782453,0.9972151661929597,1.008480180256443,0.9999595722163162,1.0053580938363964,0.988703687982985,0.9988676462114086,0.9989142794880191,0.9981969163716257,0.9960096265711673,0.9918242121846723,0.9937497108527132,1.00029970370947,1.0064907121039746,1.0019419060089867,0.9983482280816877,0.999538119253599,0.9947379276231783,1.0051724581358903,1.0051929578997625,1.004252951167845,1.003259965714656,0.9989158394122926,0.9950409767610738,0.9925717089744004,1.0048814527121723,0.9922620507190092,0.9994753699662433,0.9989225887748558,0.9988867645204271,0.9945539365573675,1.0000227737789518,1.0065868098786186,0.9985338565731909,0.9987932097586679,1.0003862747120353,0.9987678061923243,1.0060077790881328,0.9978878126608604,0.9981533647977063,0.9967032395581796,0.9983197529792706,1.0052950439800628,1.0073908718842395,1.009160512948654,0.9947552365870835,0.994570241777407,0.999933362285166,0.9969892697276033,1.0057303662871637
75,2830900000,1.0021515875723963,0.9986620468281142,0.9988059190986031,0.9984710570483251,1.0045139659796876,0.9985616456234042,1.0049783326772515,0.9939430169176938,0.9977098806020438,1.0008647390194538,0.9968859645230208,0.9979395021201576,1.003736584577148,0.9997350893441735,0.9983314818146881,0.9955784708509253,1.0012419320945558,1.0034415658260296,0.9922658056598401,0.9926498833159474,0.9973608251145396,0.9993360137472067,1.006788077782865,1.0038240758554084,1.004570681337074,0.9940392503267713,1.0082869022759986,0.996815464335382,1.0035268900015417,0.9961707933043851,0.9958541735107465,1.0010987237219242,0.9967658111251452,1.0068960393058886,0.9942567459769014,0.9911697135035273,0.9998843847678923,1.0018349563721023,1.0033131244194988,0.999106164884959,0.9992890483696548,0.9960964946067009,0.998468011360245,1.0022453547088075,0.9977403639683657,0.9949665635642031,0.9984145809891636,1.008728501256278,0.997562987008913,0.9983597818933087
76,2831175000,0.9960963382058021,0.9983467337610002,1.0006416054835818,0.9964254027977002,1.008002894657181,0.9958753691841714,1.0049896221402794,0.9963644961601479,0.9943470343171686,0.9981361057062492,0.9973188232959777,0.9938813953977134,0.9952718418445986,0.9955524303053375,0.99474869135861,0.9994820438648241,1.0006323008567666,1.0020366531330334,0.9986036703061896,1.0028274846007599,0.9938527553829455,1.0019766953299822,0.9981815297834853,0.9986976849703526,0.9999372928045632,0.9939537227289331,0.9996065657818749,0.9980488057166703,1.0031149079195172,0.999901561465687,0.9986840819618142,0.9987070358153929,0.9957710425198228,1.002204282234106,0.9975398975200903,1.00600057104929,1.0048044028883805,0.9983561412806456,0.9964377835386707,0.9974373529177113,0.9950597327432773,0.9989949543544963,1.003994774634582,1.0044210466176597,1.0032171564109935,0.9996374785097552,0.9960191882230882,0.9934446566691274,0.9975716712500795,0.997381742673584
77,2831450000,0.9994138647281265,0.9968973260900934,0.9980038815901533,0.9988520494863852,1.0044128834755446,1.0002314490280932,0.9998388759466453,0.9997944263427123,1.000879498220645,1.005172578478142,1.002370889693811,1.0037085522712583,0.9956242727589987,0.9972519660573549,0.994715599845722,1.0002713930382066,0.9936889977339334,0.9928184235191819,1.000722343773913,1.0073516663443711,0.9940347992429945,1.0004211954056514,0.9996612424901099,1.0028049603224751,1.0016471800643827,1.0035633098393355,1.0017140668395443,1.0017555911093643,1.0015478730642904,1.0027461341202784,0.9994420326932604,0.9918457752921453,0.9993429389248255,0.9987712370291526,1.0022358475452886,0.9978332166749989,1.0035098854341904,0.9922394728420048,1.0040613376538767,1.0042932007355654,1.0002676271024986,0.99176629345934,0.9973595878964074,0.9982830290463328,1.0007258652557538,0.9993691146708499,0.9960300402645832,1.0005501782349853,1.007404736612527,1.0021407133735187
78,2831725000,0.9951091962247357,0.9992621128814331,0.996910663531486,1.0012286550386251,1.0029132441959945,1.004675290081952,0.991679203807126,0.9966198221915243,1.0034775170408738,0.9985654432939101,0.997207355262483,1.003402357886103,0.9983604078816427,1.0012673367167628,0.994768600893841,0.9955713196840752,1.00193017787651,0.9964924188636789,0.9960896475830924,1.0015130737826743,0.9967615829650298,0.9983827034130447,1.0103078953415237,1.000653346464477,0.9989842583873765,1.0031036847183967,0.9954240907375738,0.9998505530542158,1.001968423898436,0.9975628886601067,1.0024260354748888,0.9978714301863831,0.9963927889603902,1.0037190001997387,1.0018505704982477,1.0016455054576614,0.9930492289879939,1.0002782869088434,1.001066451400665,1.0094965219260608,1.0003514558658124,1.005270408059204,1.001137136130191,0.9970237328784222,1.0056503882650687,0.9932436327986861,1.005921068869646,1.0005204184830139,1.001332955520785,0.9968547148962184
79,2832000000,0.9999315742782638,0.9930028381710618,1.0010935366976979,0.9982816139379075,1.0027620483771278,0.9932880933827541,1.0002759035764432,0.9963480907997899,1.002080877194059,1.002496472216224,1.002884512986423,0.999732015389948,0.9988050652757738,1.0003300561371522,0.994206181981846,1.004661472994605,1.0054974005212274,1.0009600729349066,0.9967855305237551,0.9954106468015016,0.9953245292980524,0.994774339327181,0.9971441363113017,1.0001097323225154,1.0016390951933367,1.0046273582409353,1.001861621520904,0.9929626191750457,1.0017696517283345,1.0001246710608478,1.0007736399836398,0.9978744432262817,1.0044486613983798,1.002542901140545,1.002381927633437,1.0023106002374784,1.0016572020784977,0.9934209133669246,0.9960522515935525,1.0026743250827297,1.0077896693649702,0.9987580298897575,0.9971468655340069,0.9943477680335443,1.0034331096007585,0.9999530709638381,0.9973617876714521,0.9961859277940108,0.9981193536305529,1.0029361966942372
80,2832275000,0.9985066709315379,0.9985966513655333,0.9972477504817422,1.0083609595090515,1.002386495855589,0.9934419822374787,1.0006034617662651,1.0008905115295594,1.0010398956493056,0.9970186253313388,0.9980837938179853,1.0008032206121344,0.9969338072806297,0.9967036129611889,0.9930554869012236,1.0067866054708663,0.9996762673921503,0.9973013502512155,0.9985423773723467,1.0024179667783957,1.0012707185008543,0.9996026960103966,1.0003788429560683,1.0036456552119322,1.0022291771340819,0.9930044326433567,0.9942871239872308,0.9966025185846383,0.9963909288806094,1.000555375773852,0.9966811222778463,1.0015024814191995,0.9969690136524465,0.9968989584664606,0.9977437855927253,0.9965471901695885,1.0027390361946706,1.0015736198175604,1.004658838527488,0.9972642345267141,0.9958876136060157,1.000850761104091,0.9937729280738578,1.0001759372716645,0.998076950940843,1.0037743016313456,1.0031455710983972,1.0049522107625886,0.9947073568741295,0.9999991930024499
81,2832550000,0.9998808679782637,1.004487327167403,1.004672738544719,0.9984458611033847,0.997379863053497,1.0004555642942674,1.0020733182270998,1.0007399496654112,0.9970898239725848,0.9985789331876654,1.0035035417775007,0.995606389198166,1.0062428738499085,0.9973270075551454,0.9965318071012977,1.0034377219844524,1.0051010415934303,1.0026447019689377,0.9969440711842508,0.9989062936009688,0.9956046578178024,0.999280993528233,1.0036408270203552,1.0001030086648985,1.0000815535109602,0.9965336833072012,0.994639594571685,0.9956740906999175,0.9940917873710264,1.0012595867269776,1.0000206795831865,0.9985917173750197,0.9936035948001819,0.9985168198345052,0.9925682853038071,1.0027443394819073,1.0043419264114848,0.9986920843365866,1.005359390654252,0.9988179303085699,1.0043465968571776,0.9952993564235857,0.9957654789994748,1.0049043816320113,0.9989256650141572,1.0016374572335034,1.0004491505533681,1.0056643289855347,1.0011955683727791,0.9964000302155979
82,2832825000,0.9984805081975958,1.0001629263654703,0.998757975986165,0.9981871504379837,1.0013616769758895,1.00016105675457,1.0011578474690148,1.0001240655669232,0.999552332424376,0.9982386865435295,0.9997566292517501,1.0011830387036058,1.000709057243225,0.9948306278727025,1.0049526177155983,1.0018181878038057,0.9991095224003044,1.001291196215136,1.0028072425265149,0.9953304459336141,1.002700047211785,1.001886478029798,1.0085515696381309,1.0037773452047345,1.0013718244547478,1.0001919688223029,1.0020930731332796,1.0048015435145783,0.9984669837413784,0.9955092410104456,0.9984463224774033,0.9932213335987817,0.9989224353317252,0.9987183777421411,0.9979250385813522,1.0016193746134012,0.9988940891714089,0.996816741184226,1.0082930147694933,1.0062644551242692,1.0003920599635507,0.9959975152593505,1.004232069191876,0.9972503709658179,1.0056690836869957,0.9994243586111147,1.0010477585567377,0.9952344432729523,1.0007975719811417,0.9887082178457229
83,2833100000,0.9930163164293633,1.0062761889872485,0.9926197351810956,0.9945130164408814,1.0048790040710824,1.000503734202901,1.0003438090285508,0.9960814676453368,0.9927600503355241,0.9945189828713282,0.9984814687188117,0.9993089841911327,0.9967519111397858,1.000391317408498,1.0034643507606797,0.998857045278058,0.9993080450115738,1.0012310620828155,1.0099152487689773,0.9940942178541531,0.9900432084922425,0.9975191819427731,1.004173365887677,1.0022593616340787,1.002520652415591,0.9986673374823826,0.9949445758545522,0.999446480492603,0.9939689124587673,0.9987740123240364,0.9995538855467689,0.9930045588894384,0.9974881205557521,0.9916573661989062,0.9976577350489557,0.9971262643165834,0.9964097609732494,0.9938598393135001,0.9980956146270514,1.002888496852834,1.001546931215023,0.995851537674403,1.0032367773448385,0.9955521906369824,1.003332974395312,1.0040907837941,1.0020698178295522,1.0000570823927724,1.0016487880404887,0.995753838308737
84,2833375000,1.004097762739823,0.9981592277338763,0.9995698371633486,0.9898401426982614,0.9996838918715827,0.9981698590303465,0.9969035101305203,1.0014863717228524,0.9985284096298659,0.9954337880675748,0.9958626729088418,0.9969227729647215,1.0052329176014287,1.006803024234673,0.9989494221288164,0.9943030186718341,0.997854627918336,1.0005436581487652,1.000627947977859,0.9971920577941268,1.0061118683128731,0.9986716386441141,1.0015720679642974,0.9998511763341295,0.9926725292427421,0.9954687133905512,1.0031488679795217,0.9976156571612165,0.9983587875427378,0.9973170672129362,0.999654474117917,1.0010364702917924,1.004568339498583,0.9947603774936147,1.0037870760872534,0.9976687864287619,1.004094841197538,0.9997993199885755,0.9974056039475934,0.9943589113792348,1.0020169326551793,1.0029016547483198,1.0035718473091972,0.9992896876294115,0.9945905561837999,1.0050558978836026,1.0069930564114473,0.9955594249988597,0.9963374071346486,1.002964529924378
85,2833650000,0.9975686502552812,1.0074721888914833,0.9927283714412621,0.9941505682553884,1.001620260696083,1.0051693364955838,1.0000193688676267,1.002559715574253,1.0017895366934424,1.0004059954898186,1.000947647739564,0.999788524999604,0.9908242128421999,1.0053635851939131,1.0048883108230826,1.0051163120894124,0.9980545317677606,1.0028925561883277,1.0039529885634588,1.0050912525386904,1.005401130276917,1.0001661571292966,0.9931059385824437,1.0030983836699545,1.001545648663251,1.002289148822755,1.0046012764129173,1.0006066541599365,1.0024210950874033,0.9999279511073849,0.9918125504732712,1.0046776560123154,0.9966612103768833,1.0054761260268807,0.9979702699198567,0.9971079294381205,0.9929959123688819,0.9982707815885584,0.9960821214643826,0.995061382857752,1.0005802938753203,0.992491483942376,1.0058303134316975,1.0022262407700229,0.997967042927618,0.9976748350333886,1.0026267508705218,0.9993211453933211,1.005673451441511,1.0064701478258045
86,2833925000,0.9985505281171945,0.9953425571456648,1.0003693917472896,0.9969984774658108,0.9981387345532629,0.9944904450677532,0.9947724546755896,1.0036287840271976,0.9973332610996877,1.0016796064079,0.9927286228590034,1.0064723588015312,0.999637173935734,0.9952514851046815,1.0068671485253309,1.0023597921117795,0.9978872132739994,1.0002747130596943,1.00504401502582,0.9967566911655117,0.9956929701164126,1.0014911158265625,1.0038082329462417,1.0004105110075219,1.0030551891835504,0.9975062585039717,0.9999099863986756,0.9975958173937155,1.002853565316243,0.9941970968151815,1.0019479148124124,0.9982706471778168,0.996646268990889,1.0007698473498845,0.9956380040430759,1.0002995840179185,1.002038262645342,1.0001878276572846,1.0063966814855936,1.0047261660533957,1.0018981269646416,0.9973012479075569,0.9959438907289924,1.0030444671785328,0.9870470397249868,0.9950500443105592,1.0005018860191164,1.0003816229816942,0.9968502604554703,1.0008823693174025
87,2834200000,1.0053479889913255,1.0046672422990683,0.9968163767248723,1.0008316937468897,1.0033262678476886,1.0016719933363651,1.0044055498845075,1.0016479175751063,0.9985281187521877,0.9928444191051028,1.0047291997932564,0.9999656890790236,0.9919315643954597,0.995581152598833,0.9949983765682898,0.992049421778576,0.9996570261049464,0.9889887143425518,1.0001411816716237,0.9959723055249581,0.9961962862151041,1.0015617696951635,1.0042205188502162,1.0028101534787448,1.0005459963270489,0.9997557275941442,1.0025312731272118,1.0009180015113608,0.999810080605392,0.9982466208459142,0.9992680865557899,0.9973550941568942,0.998667444238785,1.0017022120709,0.9978081843943557,1.0042437926856795,1.0023379253582272,1.0002985372068705,0.9952669733513504,0.9972252143661369,1.0036421992232931,1.0007563903749146,1.0006447881469247,0.9949657256479781,0.9990396146051728,1.0002630525568859,1.004006300541423,0.9982811124034867,0.9968131675261047,0.9976545061036685
88,2834475000,1.0023250160181192,0.9973308340863613,0.9983384162292425,0.9964545086745608,1.0016502921427772,0.9993722306806103,1.001755224023898,1.0003846704106232,1.0053566792608573,0.9951316992434678,0.9984819734849039,0.9995367855293315,1.0022163203994565,1.002372004067341,1.0061524675784013,1.00108522239474,1.0025856589979596,0.9992547387445012,0.9963760646388359,0.9927876937329623,1.0068763811907895,0.9952670106308488,1.0028594766136285,0.9957835741115751,1.000194168613464,0.9997433053571833,1.0034215570703688,0.9973028582283596,0.9989320270439709,1.0030664268649168,1.0011630650489747,1.006502963574815,1.0002595535142753,1.004361554186615,0.998315237381032,0.9966327771298276,1.0060983073563299,0.9968009684572291,0.9957656272712322,0.9957409817597016,0.9968179097363322,0.9995548997154821,0.9958637878812435,1.0035468214227006,0.9998764142626635,1.0034073066101337,0.9999618490988113,0.9968096922146552,1.0012690849877661,1.0053824300812604
89,2834750000,1.0013578497343874,0.9994500438657445,0.9948833164586895,1.0005168274714313,1.0013581085040952,0.9966667969716914,1.002181806445797,0.9987134835060346,1.0029222140164253,0.9979788902832886,0.9992850459920503,0.9900619371782875,1.0019722944209277,0.9958174821115908,1.0042810378837614,1.0008952413204408,1.0035770118967968,1.0010535866705925,1.0004795287637154,0.9968724620538497,0.9890551508235067,0.9994334359727705,1.0063466950664002,0.9941963167373112,1.000768340927275,0.9941223139557838,0.9997802162974994,1.0056594064746758,0.9979437714624012,0.9957578140062868,0.9974862307926077,0.9950428733220118,1.0060551046700055,0.9983826306686435,0.9952780613790195,1.0017596232500994,0.9952764482146567,0.9994777396022543,1.0026049076748385,1.0039294231683211,0.9877610077448125,1.0035670598755282,1.0015800755290654,1.001338503002443,0.9991313079586531,1.0000250577617629,0.9938553804164092,0.9995934588411615,0.9942060987109729,0.9982742123420274
90,2835025000,0.9970160333389068,0.9993174950972264,1.0012246591771572,1.0046423322745388,1.00298308804284,1.0003381135114537,0.998391896541886,0.9991299954681612,0.9971653967831067,0.997635252904173,1.00198136328719,1.003314592021306,1.0045743898256723,0.9964816884813911,0.9992958279669636,1.002573544220334,0.999736284634243,0.9995285004325363,0.9953824841755937,0.9978953017184117,0.9954221133058938,0.9907156802958499,0.9976030268096316,1.0016192981427725,0.997655837200472,1.0011609091672942,0.9961747082093465,0.9933094729222407,0.9993531944737346,0.9986401961115287,0.9970690632878897,1.002013979121925,1.005252901507501,0.9990214260614826,1.0014062710698381,1.0007180785869951,1.0015015834777565,0.9945766617324852,0.9999442503350635,0.9947371188065322,0.9940049521606196,0.9965795162579051,1.0012122514101895,0.9992193038581614,1.0036925365255875,0.9990205718306231,0.9952469550019033,1.0023997780533744,0.9988427719943943,0.9962871509924962
91,2835300000,0.9937366158419947,0.9981664350277214,0.9971831701779197,1.0065036486278391,0.998208774643055,1.0024845697449556,0.9919938973726972,1.0040385888230137,1.0050977081889543,1.0000595724139094,0.993963888288753,0.9995491592488132,0.9950992283554537,0.9946202607473332,0.997640424737956,0.9972965227177519,1.002429778780661,1.0039607038363105,0.9992973675058681,0.9965766386942987,0.9958372040629405,0.9967068338365351,1.0013555037878996,0.9994111416660256,1.0040156305094567,0.993670387270283,0.9924633011545759,1.000564046489757,1.0018547867050773,1.0014859813265866,1.0045296077221821,0.9998844296190333,0.9976352351548529,1.0051072975599473,0.9939101317937834,0.996448729370957,1.011047732056243,0.9995508893868338,1.0000818087590873,1.0061784845242945,0.9971913014681874,0.9976566354332791,1.005154093466681,1.0032255051593555,0.9916918203644216,0.9928149372709054,1.0002824444891785,1.0025310634439768,0.9986807118652163,1.0055682824563945
92,2835575000,0.9989289674717136,1.0028748189105268,1.0034889684654416,1.0001923143545706,1.0027347850043982,1.001477130218984,0.9954335581807711,0.9973547779427611,0.9986448990212908,1.001245807533966,0.9978473814905687,1.0018782229321912,1.0007296013201452,1.0001467616909634,1.0010474876135036,1.001399468084684,0.9987571579994734,1.000350294789121,1.000172826411172,1.0014093126457682,0.9995529144190526,0.9923754700889885,0.9999910985510582,1.0001890175318418,1.002393333086644,1.005441749513744,0.9972528707697477,0.9997545695441374,0.9987761265397009,0.9929761841961566,0.9993020994783259,1.0024660254380133,0.9996093948724539,1.0037644986595426,0.9984876443390941,1.0003300589001265,1.0068367334728898,1.0001021084981143,0.9993738589825861,1.0039172913842007,1.0044558667983383,1.0020382384659619,0.998162828710365,1.0066860743202815,0.9966968204919311,0.9943195879964468,1.0002181980542446,1.008522817785237,0.9939463423160803,0.9931302744339594
93,2835850000,0.997940227254288,0.9998212478759173,1.0003853391795092,1.0032154125780426,1.0016010238381243,0.9976245826668839,1.0005594720742192,1.0044263692834685,0.9964879742404009,0.9974411611481063,0.9989420400525928,1.0038948882986567,0.9968936004517972,0.9955189340869688,0.9995740521598431,0.9964620261123256,1.0085538995111316,1.0043516266371293,1.0030914883360347,0.9939048487115725,1.000356074052036,1.0007357007903281,0.9975097899195684,1.0050181195366055,0.9961882884416879,1.004479349273602,1.0015015442682522,0.9944495047319581,1.0001250026226072,0.9971108847329119,0.9920646312954485,1.0010801488064747,1.0016793407379092,0.9996821354980439,1.0002782600279936,0.9951642058430532,1.0029565450174778,0.9995888391023967,0.9993040693478744,0.9999215469119671,0.9902696211855023,1.0054686563650128,1.0006998539014311,0.9935162533731625,0.994920416918925,1.0018834744307605,0.9977912579927992,0.99971936839758,0.9988201911985497,0.9913936384176885
94,2836125000,1.0026372498019802,1.001216257199252,0.997290566507908,0.9943789807890892,1.0018766478952268,0.9984286543075935,1.0049924102072858,1.0015747480886552,0.9987451618374995,1.0023760618737445,0.9971891089821288,0.9955783822412795,0.9940475737201611,1.001137447632587,1.002112123851878,1.0052308109015768,1.0006602621776315,1.0009692413927067,0.9953874071415898,0.9997552401385527,1.0027917748278063,1.001525921332423,1.0026469279660806,1.00368898496447,1.0050791400015844,0.998055075044485,0.9969953426042276,1.001646691501872,1.0056122100524325,0.9982967034346095,1.0041826106524991,0.9943904799871529,1.0050858540719252,1.0023705925956776,1.0030940734564315,0.9949286449537931,1.003599312131152,0.9951037872034205,1.0033631933110654,0.9985222866090281,1.0013906634518615,1.002554219440529,0.9999746275001314,1.002481254035113,0.9991256249518341,1.004117650112581,0.996274962169012,0.9930516862821493,1.0001001626439834,1.0000225558061755
95,2836400000,1.0031193349134304,0.9906043433818567,0.9936438118555335,1.0047845933789095,1.0016105869867373,0.9967459019250046,1.0034688608928164,1.0000838639434397,1.0024623109475912,1.0069275366135384,0.999842843295802,0.9994352092658972,0.9977372710742038,0.9959272151406604,0.9970018801704222,0.9963263827681622,1.0001387039486067,0.994826615596364,1.0002688866100458,1.000000930871094,1.0087235817357696,1.0030077682820606,0.9965276575699554,0.9953626889741637,1.0001116057057913,1.000126756976793,1.0030506257231804,1.0016538065669218,0.9973191569843061,1.0004833225190515,1.006494415897104,1.0016366278181095,0.9982759826885274,0.989066568860954,1.00419690819085,0.9913776604736485,0.993322154371412,0.998535530471468,1.002992503504631,0.996579596647801,1.001296353125737,1.0037861607834262,0.999325364816195,0.9948570904498513,1.0004752057989792,0.9980754540841608,1.0023652670353167,0.9929844407038546,1.0013621559743866,0.9934362259248136
96,2836675000,0.9984625762502607,0.9963832524171623,0.9957482643343164,1.0065292617537573,0.9949128249868209,1.0013983340042838,0.9930012376682905,1.003050750594642,1.0019736700732418,0.9977304569610226,1.0024948229827912,1.004544105753562,0.9984582320775481,1.0042371805380916,0.9992763538561021,0.9902943197987297,0.9999225411771042,1.0003038734076648,0.9966254203517304,1.0010872496355627,0.9977388806021873,1.0008335727275723,0.9972451176311187,1.0004196006475072,0.9920866842330539,1.0028877835123178,1.0058257976259464,0.9994440921769965,1.004734807930625,1.0072067404141845,1.0002887322008263,1.000343399901872,1.0014434148154434,1.0003173278934383,1.003593161654045,1.0001204685735299,0.9939445756826268,1.009705864335496,1.0047227321702852,1.003483959149714,1.003665527092534,0.9978022618944795,0.9958356404123063,1.0036439179977288,0.9973942181259079,0.9960951879114345,1.0027516853772431,1.0000718608995842,0.9981656233124417,0.9940563025003839
97,2836950000,0.9973450049367399,0.9963903050760349,0.9965959499764947,1.0021686388043016,0.9982255690696807,0.9999131863568941,0.9920133707737679,0.9998786469289798,1.0020973301054033,0.9968424842679671,1.0049531661514475,0.9997956107512108,0.9985374797789398,0.9975356845253966,1.0001296256298025,1.0001304522494436,1.00125262880215,1.001739247450965,1.0029330892210404,0.9989715274078732,1.0034275624834026,1.0012772206699077,1.0020617399120397,0.9976408719888717,1.0013733979938946,0.9961817925840059,0.999528013638217,0.9954100095984755,0.9974658944107125,1.005423685506437,0.9986824385950397,1.0016975471806466,0.9989454655695562,0.9960755903302542,0.9994916638576972,1.0026535253426412,0.9948810706031181,0.9998820986001199,1.0045669895623097,0.9946351720952794,0.9987867171825581,0.9942666776556707,1.0001468343232198,0.999690750288734,1.0034217318439844,1.0035534251278475,1.0000792565105754,1.0037588653907643,0.9999412713992435,1.0019103214954985
98,2837225000,1.0017093156618448,0.9992371483188563,0.9993807071986387,1.000481519016843,1.0087908341371443,0.9978410993787271,0.9967910886201201,1.0045524804961568,0.9965745238191949,0.992165392031271,0.9977104593299038,0.9981161089278408,0.9995379448658614,1.0015470982192511,0.9960276904451589,0.997551212604023,1.0005088222788885,1.0036072264722138,0.9948764479464707,0.999180813092481,1.0064437077183959,1.0006881852867204,1.002286429881347,1.0000369221284127,0.999336931532366,1.000200633136436,1.0010498056101065,0.9971201227474535,0.9923970165579115,1.0021915658164424,0.9973353011419384,1.0022217155499678,0.9986825536217447,0.99872397537513,1.0068211596706906,1.003814445754554,1.0006429521776892,1.003354577103447,0.9969272479390385,0.9990147226061775,1.0014981870729793,0.9973795335556092,1.0033698656478678,0.9959149044491411,0.997798069825822,0.9965208359545566,0.9937125402321617,1.0032528032978412,0.995186132746019,0.9935240285686929
99,2837500000,0.9989998018839232,1.0050317576406016,1.0018415951708417,0.9942968689487248,0.9988731594023349,0.9953531720968183,1.0000457969934917,0.9942599820692367,0.9982375594787444,1.0028889932183738,1.0044389423033306,0.9943319498105383,1.0020020508691492,1.008502055441159,1.000104959299282,0.9994541170179096,1.0000831824768173,1.0010062153920436,0.9993576817553136,0.9981491949885436,0.9994671836290369,1.0021942417847682,0.9970379010224076,1.0015631433246814,0.9988237772333846,1.0053327328082573,1.002360097339165,0.9925246057884118,0.9969086324713463,0.997481850279783,0.9994115766916045,0.994090438309416,0.9971408543401176,0.9918148957164237,0.9971424982707628,0.9935169029500891,0.9959277426463823,1.009580300368698,1.0007016180950041,0.9946605879933601,0.9999536748800962,1.0043189342136831,1.000466546101995,1.0031460937038796,1.0021018488304196,0.9982488142002683,0.9919854784291301,1.000255753950344,0.9965780566413704,1.000209692754975
100,2837775000,1.0015855569579675,0.9951426737461484,1.0003572356666124,1.0042298164540644,1.0033302771906973,0.9990279833670809,0.9983032762882817,0.9923216383183324,0.9964574772556576,0.9976984332665804,0.9961702669208105,0.9994636638479037,0.9980100071519262,0.9929986347252366,0.9964056428267801,1.001152123637516,0.9998792084731283,0.9982038220908643,0.9983935683888014,0.9991342321126508,0.9972069802102517,1.0033059137826013,0.9965768552847948,0.9989557231946598,1.0008084123813024,0.9978417404999569,0.993035569377563,0.9973386156282943,0.9972642122682855,0.9942850417796661,0.9989946538866769,0.9966309269304058,0.9975161851196365,1.004703012625676,0.9930600547684431,0.9932584755207134,0.9992133841535151,1.0003237122404545,0.9963993085737259,1.0041245679450144,0.9935620442765765,1.0064420753460293,0.9905141409051028,0.9948013211696084,1.000345352136798,1.00832450412621,0.9989726697375336,0.9959050368655467,0.9923528939591789,0.9963038143769868
101,2838050000,0.9958506096899131,1.0045345171185576,0.9979980719723872,0.9942971492773829,0.9924999394795188,0.9900042173335671,0.9965087918840777,1.003341021981656,0.9991535772098314,0.9985750617662128,1.0033250769512045,1.0006478824428762,1.0009986533478727,0.9900328350218567,0.9983004290797183,0.998656642728646,0.9984664798446443,0.9968776726591512,0.9941036837597726,1.003195711975144,1.0014413386900058,1.002241509253405,0.9986709687123047,1.0041118341889814,0.9917569369069997,0.9991350715519984,1.005098496326814,0.999183132454778,0.9992821533436828,1.0035361436965107,1.005037805137385,1.0018623614411037,1.002573388508246,1.001599892247433,0.9972622551250079,0.9945076276082003,1.0037318034132972,1.0027517300087256,1.0037867849354296,1.002440780492444,1.002200383594631,0.9991037753149314,0.9957501780051005,0.9988020492283152,0.9969949609313964,0.9954782666602775,0.9961776903016254,0.9975507801633011,0.9984444968787749,0.9949700635959561
102,2838325000,0.9949199222238747,0.9987563995494214,0.9966455800426394,0.994398151782318,0.9973761041378316,0.9953141818915497,0.9959202253142189,1.0053926537783087,1.002407306307893,0.998093437414146,1.003770129557674,0.9931324777755596,1.0019749018338429,1.0029105139032581,0.9997995185432073,1.005011813668382,0.997105606883757,1.0039227147208896,1.0005113355054294,0.9972029152415424,0.9960899972659137,0.9986420883833792,1.0038980699491917,0.9972232722848041,0.9953710986626487,0.9993702864613779,0.9964332104124185,1.0014788041310418,0.9960816613376348,0.9957521307731115,1.004013265472374,1.0011711870598574,0.9971539295733817,0.9988649759186543,0.9963785978567314,0.998851322860215,1.0016103335873794,0.9986460872086006,1.0022285466102223,1.0006535742667895,0.9967902087045458,0.9975891755789102,0.9949509084766615,1.0054315536801466,0.9893917226786175,0.9995546338476958,0.9948902445742306,1.0014721356351544,1.0011192590793918,1.0030568950192227
103,2838600000,0.997331679241214,1.0010792453602027,1.0065800420964675,0.9924555294766163,1.0022518539887255,1.0002720463178252,1.0020950161849953,0.9991874976430399,0.994933857009372,1.0001588547389664,0.9975462695276957,1.0015436874372663,1.000648014448989,1.0065927731316997,0.9977643142333384,1.007024283935304,0.9952364961511093,0.9997563376047564,0.9991482706069247,1.002848167189488,0.9951413419685463,0.9948372715539272,1.000918888714989,0.9992518155198649,0.9990604343897739,0.9977675058779637,0.9993655476679026,0.9972160020564452,0.9936753501599142,0.9931634319114205,1.0067743531576612,0.9954413406862864,0.9941364390067792,0.9963077872794394,1.0028407667270098,0.9997932111379911,0.9894238413927057,0.9953498526177083,1.0014849684320013,1.0031959428573607,0.9975926582390879,1.0011320908198749,1.000191570445525,0.9971942728412522,0.9955413553422454,1.0002409693192487,0.9942956581847475,1.0026407264606443,0.9955593032129244,0.9967255970926411
104,2838875000,0.9996088153954098,0.9967570577053152,1.007793639921811,1.0025806457380768,0.9957018495369407,0.9974783802063643,0.99679252906708,0.9976703440442076,1.0028302979460704,1.0019917803361418,0.9997395565797161,0.993804841519895,1.0059768364734767,0.9979549351124184,1.004332678820733,1.003656534960868,0.9987458351130966,1.0027829986328631,0.9988288067717087,0.9988904442932799,0.9984360230082411,1.0056787406374879,1.0013087402526488,0.9965822593629726,1.004183020677976,0.995563404899478,1.0004913794716737,1.000510842342693,1.0021757588480276,1.0019706738705196,0.9954668924726441,0.9963576932110487,0.9986168710173818,0.9927624449055578,1.000649354917094,1.0016113780641778,1.0003268656697804,0.9979978725482351,1.000052359111159,1.0018993713664472,1.0019850390910965,1.0020622398759904,0.9963579135338911,0.9983850372325497,1.0026344267223917,0.9996139652250171,0.9996261319593899,1.0011277179789353,1.0013900030126828,0.9872535530658367
105,2839150000,1.0050787289363676,0.9965754087268044,1.0037425123501176,1.002394002167967,0.9975170134432281,1.0053232227289386,1.0054479806870638,0.9971039496217031,1.0006872606132544,0.9937672704038111,1.001712168907812,1.0002496950332054,1.0002091166065508,1.0001604326831086,1.001240247888779,1.0015491411200286,1.0031303120878905,0.9992011261170466,0.9903950003626434,0.9991774910025927,1.0000392484006277,1.0051224947089858,1.005463755767254,1.0036065364632554,1.001800406391474,1.0038490303152647,1.0003631229272156,0.9938610155764692,1.0026226994646703,0.99709410080252,1.0089156154633205,1.0005452410613116,0.9946869692272217,1.003160841354886,1.0012651341484229,0.9951205612979747,0.9950786742256993,0.9976250869740863,1.0068360576831408,0.9997967939172456,0.9977285732182017,0.9993869203935697,0.9981843834166038,1.0017490842619536,0.9983048211259109,0.9954185031083644,1.0018128776817183,0.9977472438648859,0.9980148419565044,0.9957915236224357
106,2839425000,0.994617828493025,0.9969942284636018,1.0014307704659733,0.9966141090581647,1.0029033063438568,0.9911641615465573,1.0014225609192098,1.0028390209140403,0.9989817918768014,0.9994109495583823,0.9978923419458161,0.9946826447707015,0.9975942790408647,0.9997317285196181,0.9930006531976647,0.9975697831308149,1.0031500937817794,0.9961815515433925,0.9946474909282326,1.0052178728919554,0.9978854301815578,1.003809371680849,0.9942271209742353,0.9943173374480798,0.9951800149096913,0.9922633068848744,1.005182174511278,1.0010671538869527,1.0022659106870289,1.0051473739355619,1.0031466515541858,0.9956303458413952,0.9987078480324232,0.9923802734641388,1.0015386399933308,0.986802901901488,1.001840536802748,0.9965942823817335,1.0016879377982777,0.9949458078025263,0.996634136339703,0.998608922243795,0.9915112526818258,1.0015814254758797,0.9955527194130261,1.0009066142888001,0.9923136480464745,0.9942422962650816,0.9969644936175973,1.0008697104258173
107,2839700000,0.9936796392645334,0.9992591367346857,1.00267662821023,1.0041896819803104,1.0031771113021486,0.9979753171279123,1.000881457919299,0.9970490164662031,0.9951828538157358,0.9953230813957994,1.0000663406334878,1.0044617279489214,0.9957872612064135,0.999022861785498,1.0035982051987946,0.9981609138006403,1.0005298078988758,0.995306552106358,0.9963851735878251,0.9999058797003708,1.002325767831141,1.0003014113619002,0.9986396679784444,0.9999120446269242,0.9973585635896316,0.9944951439777371,1.0011356364515784,1.001272057957269,0.9978637405652745,0.9983571738800223,0.9958226638522244,1.005580425907166,0.9988325393206761,0.9889954398502776,1.0044850868544117,0.9925347918588281,1.0002600839952998,1.0001566303655827,1.003560656247838,0.9950471679499273,1.0040974069165713,1.003617176490389,1.0043283072353966,0.9891564918898693,0.9991926830850265,1.0016646246758487,1.003670459704446,0.9960334960542168,1.0048365026819785,0.9969390196843751
108,2839975000,1.0042775397606616,0.9985184502519966,0.9972126541926288,0.9967672212218489,0.9897206526559359,0.9994009778800655,1.004755132787105,0.9999110235893522,1.0014862927158033,0.9926477481549092,0.995881239953692,1.0011007101914497,1.0014898939406702,1.0009749393862957,0.9944951452792847,1.0021192642751564,1.0010732307958883,0.9927578138701856,0.9969319800578174,1.0006670854400648,1.001011759345082,0.9935048158308268,0.9929646630684056,0.9955264197806228,0.9974424795965737,0.9994459651059241,0.9987847896077033,0.9984437691369795,0.9965395857077426,0.9957748109540989,0.9996407171291585,0.9953845770878917,0.9986483144772629,0.9980945972011019,0.9967063831464463,0.9968544178886416,0.9978159567267306,0.9983674568702389,0.9980100448632861,0.998427361359276,1.0043746246119418,1.000249280041203,0.9994455168920786,0.9958678817615261,0.9983265705566722,1.0028485487505863,1.000108652904661,0.9957756645798729,0.9975087122347294,0.9914857475343684
109,2840250000,1.0001742473161157,1.001844452364365,0.9964321192823963,0.9984723646689849,0.993712390606034,0.998916116026429,1.0003877389184552,0.9997395698939958,0.9983346165439246,0.9981028130008714,0.9981992795749408,1.0036003731576966,0.9945792657073462,1.0059635381900185,0.9909288119370717,0.9997422590611238,0.9941744742326211,1.0041188332931101,0.9941358942931805,0.9969351554183307,1.0056125240377938,0.9975149950471852,1.0011672654845702,0.9986413881920579,1.0035233894322144,1.0007178611560115,1.0028650627527487,0.998410097004788,1.0005274256794523,1.0008175245133886,1.0029410752132166,1.0043287087290376,1.0016127628494553,0.9976542579106881,1.0071189505179483,1.0007932229547123,1.0003508603307398,0.9952207717998404,1.0017758311979643,1.0076888279460443,0.9967179452037681,1.0007849961953406,0.994591127408497,0.9971630774592035,1.0001020308382569,1.0025507194503505,0.9949662199635946,0.9934135575577425,1.0028989957243166,0.995018140792515
110,2840525000,0.9958618037149168,1.002316403851518,1.001827585668022,0.9971303702975093,0.9979258911386607,0.9976875355825432,0.9993931230713144,0.9929840750538325,1.0039569071645766,0.9988867026953098,1.0012744980691184,1.0000559728696967,0.996833916832295,0.9948657886867515,0.9998791568336883,1.0057081982356315,1.0031818598260864,1.0025180504566191,0.9960552102604675,0.9984030225747196,0.9981090945886587,1.0007422805879551,1.0008196260881959,0.9948881287282666,0.9973035096829627,0.9947815224589505,1.0015337510934539,0.9940690174495116,0.9961972013126227,0.9965140431142293,1.0026253209114795,0.9956525142893584,1.0053575765235079,0.9927088391250327,1.0011511913550535,1.0029258864521213,0.9992922593379105,0.9997232487109612,0.9935587835673044,0.9927065662957864,0.9896592290899734,0.9865629489949564,0.9945939427898892,0.9975618101169107,0.9978468691224703,0.9997081430192138,1.0042144027300353,0.9971500802972357,1.001946607926496,1.0045623316562835
111,2840800000,1.0005027257116792,1.0075744220263707,1.001190386982386,1.0029433937446373,0.9987843727133104,0.9979186880225952,0.999693934641343,0.9980815584234937,0.9922255873729339,1.002835356122358,1.0007414517268642,0.9982239848366812,0.9973183552318894,1.0016483190468495,0.9983109158199351,1.001659366722993,1.000210018057924,0.9943503737815971,1.0019764128687658,0.9955989722780739,0.996839926897201,1.0008825428678334,0.9971163449156538,1.0017870907856676,0.998577122829172,0.995462078605259,0.9977382313273683,0.9910430336389578,0.9983220115432797,1.0028676392472675,0.9993973564422666,1.0012829038227435,1.0056618318658237,0.9975082126316653,0.9981791228256494,0.9988562706656787,0.9993322733803608,0.999507278632814,0.9937683240930787,1.0024192229830946,0.9971357190712895,0.999965401336888,0.998769832056615,0.9944109250519343,1.0020761482988554,0.995327584491321,1.0004700237778472,1.0021289849299997,1.0046250548961524,0.9972710824742492
112,2841075000,1.0012666947203401,0.9949446632875266,0.996409133920201,0.9997034924499024,0.9993294906892752,0.9987223160207308,1.0003881479581573,1.0018750593628565,0.9935812214465138,0.9933759301363321,0.9954703170541017,0.996853880464179,1.00460890430333,0.9994670449312769,1.001598773167091,1.0018454543031945,1.0019857955422018,1.0002765925363097,1.0000319245302889,1.004286047705027,0.9992254273091451,0.9911756927403164,0.9933023604876858,0.9989841514311808,1.000046279409564,0.9945562529008459,0.9980144793756518,1.0030939481183487,1.0043312601418084,1.0031650677289365,0.9994924664372898,0.9917163542356331,0.9968237792784224,1.0061315072165689,1.0008651549741279,0.9971073090651574,0.9999358224871185,1.002911631275861,1.0044191221329597,1.0031253483702054,1.0057938945967693,1.004825616175095,0.9955115669338345,1.0006597782994462,0.9998423262573967,0.993949815349554,0.9973699866044357,0.9965562746879163,0.9974509658150951,0.9973615742011662
113,2841350000,0.9953020840573272,0.9978136064058468,1.0050031866077163,1.0004862813950275,1.0006126237982782,0.9976500087956965,1.005511321401923,0.9977945221224982,1.0086331639062422,0.9976548030739955,0.9994889707088686,0.9963777030482577,0.995236055957173,1.003471009822542,1.0005218279425117,0.9967556866502364,0.9947587972943308,1.0067522857924807,0.9986910895968069,0.9961961012295335,1.0011544193278807,0.9975445170253954,0.9988687113783282,1.0052697259409518,0.9953435200750674,1.0006122497303418,0.9926713043169466,0.9964392876240381,0.9986427050988156,1.0005972642014411,0.9996936220380827,1.0018429480062656,1.0005051370441738,1.0024110578695296,0.994162958255487,1.0042925632563002,1.0085436998211619,1.0001871590677913,0.998158121429527,1.002735205659185,0.9987120768161154,0.9971141965754509,0.9968325800296138,1.0016401928157757,1.001831156214399,1.002736201400998,0.9977434791307942,1.0079699641231636,0.9959100943183519,0.9939259753852013
114,2841625000,0.9985702151786897,1.0046220788406317,0.9971870346690739,0.9906246064086243,1.0021718564326743,0.9976539806066498,1.0023430580466488,1.0002081066687967,0.9950761646469156,0.9960841844847557,0.999468358776632,0.9969989644905907,0.9944770132068305,0.9991529905677261,0.9984059140262901,1.002366144504626,1.0028720014480712,0.9960724639165037,0.9979561160612884,1.0022916353297036,1.0004080508275823,0.9988147253384324,1.0035082642411868,0.9996543516447878,0.9966717302076544,1.0006001678313363,1.001100309854854,0.9982653966102167,1.001056458490201,1.0009187381106932,0.994819205156787,0.9993932686908827,0.9949733626767945,1.00069025088033,1.0001099001202796,0.9934697652703265,0.9956190909565258,1.00535181238023,1.0005647040755437,1.0045787594125015,1.0053724968200506,0.997571162654192,1.0006598698024154,0.9951736167497893,0.9958956921043736,0.9998223706253725,0.9960721261654285,1.0011962520120643,1.004516172691119,0.9936700110419278
115,2841900000,0.9977477619944928,0.9955662847568898,0.9950285835443534,0.9989500649699332,0.9985685413911202,1.0016503619270984,0.9972764895367465,0.9945532934211178,1.005244693197861,0.9964706347916484,0.9995525580849921,0.9957405245402968,0.9947957956544886,0.9959886840047356,1.0012806916763337,0.9974706741865033,0.9991893424746648,0.9913219026038609,0.9946786522788241,0.9910861261841544,0.9986252607052725,1.0053154745648991,0.998058380361187,1.0003549745446148,0.997658432397339,0.9936047659871176,1.0041934081115946,0.9982140795220604,1.0071603417156707,0.9927701483418727,0.9896541332643707,0.9981372242290804,0.9925112639891849,0.9977523237826615,1.0022552941611502,1.0006473807736296,0.9937952767437723,0.9942165373903789,0.999745125619973,0.9991278608965438,0.9985466659311716,1.0032088293760313,0.9935749392627463,0.9954423965861062,0.9968045311390918,1.0073161966251643,1.005295846593561,1.0006262804278192,0.9943362883817054,1.0083254303322708
116,2842175000,0.9980769140524977,0.9938363526495763,1.001723978174273,1.0005213798537798,0.9954835476261925,0.9992078875585442,0.9994320112201466,0.9994186920388712,0.995823956521823,1.00587106729977,0.9992138742005844,0.9894239884438921,0.9977355710000747,0.9966173686718234,0.9980476205558183,0.9956629291522908,1.004318522445578,0.9968142496877993,0.9990282307345973,0.9992924937232311,0.9984699618640419,1.001742602210511,0.9967250784181848,1.0066812918836934,0.9847154171263116,0.9965944229532823,0.9982510787879271,1.0012530843340333,0.997259876499842,1.0001121330509426,0.9965992654190096,0.9913673971780945,0.9949148477102178,1.0010542604618267,0.9948270749500782,0.9989517570344351,0.9989918128336585,0.9996210031875213,1.0022054548012744,0.9940450698954738,0.9968564951864115,1.0001162612258139,1.0018083919651497,0.9953902267516502,1.0000837521289851,1.004379464625882,0.9993340702767814,0.9975690625481916,0.9978064026503092,0.995110005178299
117,2842450000,0.9963718285878791,1.0020582056553649,1.0021283659362195,1.0011984393243072,1.0045775206745484,0.9979383214647689,0.9932376934888555,1.0016286094541247,0.9933577310863754,1.0017229970718076,1.0040058749596257,1.0011007492327195,1.0022275428394374,0.9996957559142955,0.997070712743485,0.9972294376644876,0.9990965571875079,0.9959892310474963,1.0101691397722,0.9983019500162874,0.9967039463422399,0.9989284996245884,1.0017275957969611,0.9995930430930314,0.9936469094594621,0.9995153367417255,0.9954763315042433,1.0001116663262153,0.9961686046093359,1.0024863150188685,0.9979985769105035,1.0007632816390128,0.9954912733161444,1.0055431853543972,1.0042624140178789,1.0009755905568019,1.00033367569975,0.9966332331151111,0.9933416120638444,0.998900219541895,0.9951891632769386,0.9935572358546026,1.0004401314938982,0.9940302366237792,0.9992187364225038,1.0023915602314553,1.0030969524072442,0.9969120347239173,0.9981083666943057,0.9991185404198827
118,2842725000,1.0026387399109085,0.998894714136681,0.9978347795900772,0.9973294968360393,0.9991840445568444,0.9923222545687382,0.9968692914163325,0.9971322104968777,0.987778857028021,0.9975005113682975,1.0026029596500037,1.0031417912577105,0.9964012643050821,1.004965626812931,1.0035407719587182,1.0034717029642486,1.0014325970685762,0.9949859518525113,0.9925701506423014,0.9997044746764585,0.9929922162334102,1.0013115133467663,0.9993167564307357,1.0005579065132943,0.9998171181786778,0.9985001510200979,0.993040176651809,0.9978691336483599,1.0031855562446144,0.9984975681287686,1.0002057577515528,0.9979864828116741,0.9880291656829142,0.9961119769955883,0.9958187308949757,1.002613116446366,0.998418108829311,0.9950355260469018,0.9995093260122316,0.998916556233324,0.9927301143061479,0.9971034132509763,1.0031185832793925,1.0003953002658021,1.0095791999197743,0.9924079233031011,1.0010355648714258,0.9982584553433954,0.9939958291190228,0.9962740172237882
119,2843000000,0.9990565038687251,0.9928859733532527,0.9959427184954982,0.9977744356683786,0.9947184264929653,0.9998023708743358,1.004165103151083,0.9991893698186721,1.0010502290982266,0.9992959244450108,0.9988639124620969,1.000652534861445,1.0072293223627509,1.000716149056479,0.996667070451876,0.9987886604744229,0.9987688318577447,0.9995845618738776,0.9947556768670048,0.9979702190006483,1.0031844785515884,1.001034565506974,1.0013383032160041,0.9996651470632409,1.0041274765192565,1.004174055258669,0.9977954849334075,1.0069779247885156,0.9951345702201275,1.0031468601131908,0.9997162353512865,1.0003928843140988,0.9958885124495417,0.9965891133657689,1.0011294402822328,0.9992789108309882,0.9966225858022472,0.9927821603499596,0.9921783308543264,0.9991988112606829,0.9997481876475995,0.9960325596991496,0.9974184249358008,1.0002858213236185,0.9999515380465389,1.0027843000166698,0.9977637130723285,1.0048122698179525,1.0037641247950493,1.0033519238218942
120,2843275000,0.9999606906572575,1.002629058269433,1.0022036008510364,0.9898104329221297,0.9900442881419398,1.000372173380906,0.9979760460888759,1.0025579923397219,0.9946183989868507,0.9986280751034189,0.9992980080058904,1.0003400487933098,0.9997681834759681,1.0040875182349325,1.0053716591086668,0.99789229888966,1.0070636604696155,1.000302769910828,0.9969210342660448,0.9956878375313208,0.9925284699891016,0.9987795657733466,0.9927870591806645,0.9997824929398536,0.9961204437792168,0.9985894862557526,0.9991526329383784,0.9959838645879355,1.0027638237296532,0.9971639242926186,1.0050201014903033,1.0007736423404965,1.0020649987296033,0.9958622328257906,0.9996317985056785,1.0011277407807495,0.9984688901803522,1.0037600762338732,0.9899096657494298,0.9925835696778583,0.9976673299556559,0.9981784852495162,0.9964944332346239,1.005363432899823,0.99607814272039,0.997422415392128,0.9964737664549252,1.0036433085328207,1.0022110889270301,1.005833154607113
121,2843550000,0.9976133925665434,1.0008331182034562,1.0029312132259889,0.9995887043002306,1.0016054113552935,0.9957035463520638,1.0003003347452475,1.0009645085008465,0.9998352177853729,0.9969742283834262,0.9983940125060697,0.9962814445574365,0.9969965615442902,0.9987499881509664,0.9956043804910287,0.994741984825883,1.0022468435612402,0.995811868912547,1.0040349915008766,0.9928396506947584,1.001670720259088,0.9932176669282102,1.0001947790038979,0.9961414482246397,1.0049029597456347,0.9963996906666092,1.00216825806035,1.0060982445156363,0.990771477895944,0.9931059441677088,0.9926323268354741,1.0003321082854733,1.006228356281785,1.002551921392482,1.0014341972474015,0.9981362910664103,0.9953885758164922,0.9988307102479572,1.000541568780445,0.992688617142515,0.9978923473775677,0.9995003845689469,0.9979491098128281,0.9937700612674888,0.9966295770560191,0.9975100441364108,0.9962171394510262,0.9963538063291997,0.9962384054966962,0.9901271784454038
122,2843825000,0.9957983087091974,0.9986559556190958,0.9947521029856363,1.000252458037204,0.9944353549282805,0.9974397622190637,0.9916978210982563,1.0029326319399516,1.0012638723981635,1.000727690118185,0.9982487014444732,0.9945417418345383,0.9979782650591549,0.9963000773480378,1.0055312353082009,0.9980043067068003,0.9992651644983024,1.0009505691664167,0.9993841061961445,0.9953627421431076,0.9997357764602947,1.0001508973411133,1.0014790525582822,0.997610259509806,0.9972252576346986,0.9983583934837241,0.9971833726104008,0.9981834460034269,0.9985324100247877,0.998295586098776,0.9948835563372912,0.9975845064064905,1.0012131839333143,0.9960178476991759,0.9987437337259057,0.9991057185291083,0.9924882333325439,1.0032138270995754,0.9996027159549493,0.9987335287350343,1.0042195931873252,0.9977896705560344,0.9998404150644187,1.0044836717677414,0.9998402522516232,1.000854809366155,1.003800994398922,0.9919743770253336,0.9928312201078314,0.9939093736106899
123,2844100000,1.0060560860583714,1.0025406584734446,0.9981049196247096,1.0018510052595613,0.9968679842478568,0.9940133926560774,0.9976096122860146,0.9921307786813269,0.99869862373787,1.0027746168005534,1.0046461238585647,0.9956683281628057,1.0041354939488205,1.0060007605096652,1.0017282110976895,0.9974637728575685,1.000454810731866,1.0015674679092446,1.0017076671924243,0.9999242562080034,1.0015791610518578,0.9966887234793235,0.9993899801100087,1.0012444882973561,1.0011537259466186,0.9968978767019923,0.9953439318796299,0.996244150552602,1.0048672908811587,1.0055943549860644,0.9937389268258787,0.998367476571881,0.996043307049183,1.0043803068143917,1.0025326003072614,0.9964844715782226,0.996953984119636,0.9972136112821639,1.003529807355781,1.000305502029372,0.9925551860172759,0.9995308799092862,0.9879671275032021,1.0066333655252355,0.9995505369602484,0.9978982371869698,0.9942145569870237,0.9922283704744671,0.9969644376024906,1.000364611347199
124,2844375000,0.9972763917901778,0.998468926062567,0.9971264453721735,0.9991110955193473,0.9974178204947888,1.003669087642799,0.9979053408057712,1.0004037439013027,0.9999066810691383,1.001683601437374,0.9999345332875788,1.0008529654361873,0.9927092259380299,1.0038669243101903,1.0038052172370724,0.9978678224390253,1.000593031925951,0.9969791653787035,0.9948980406677468,0.9997145306900983,0.998279350794096,0.9920864035830447,1.0013123578492493,0.9985163463481858,0.9977833698607594,0.9940230490411227,1.000439430533313,0.9947407907137548,0.9905783877914852,0.9980251623243133,0.999275115861877,0.9981341784298297,0.9978547265217904,0.9979606773138859,0.9970511325711214,0.9944773540701894,0.9928348386704797,1.000793902557426,1.0007204777395726,0.9991716610348806,0.9897658538559221,0.9974792739201266,1.0018274118377604,0.9979266640029157,1.0010268221867729,0.9977292367849179,0.9982415819846221,0.9943989725814335,1.003531637640049,0.996950263736877
125,2844650000,0.9966046830960208,0.9980409802518543,1.0016637832716582,0.9956764312874548,0.9969816740496403,0.9917238682343793,0.9976392129578942,0.9950535148542764,1.0041865899332783,1.0009710188217218,0.9992549143930191,1.0017431174507294,0.9991269530986375,1.0012677181603238,0.9966626667844339,1.0016161796292298,1.0000124184544537,1.0011990882016755,1.0011245147583114,0.9994771311123122,0.9989548754142611,0.99969832058437,0.9957728104409627,0.9926788238891414,0.9944617785621516,0.9922785645798166,0.9975973561027943,1.0024204071132006,0.9954627938437385,0.9982492592605351,0.9980563122400045,0.9962951606818259,1.0009070451852096,1.001229000671993,0.9998419390354016,0.9989988739186689,1.0003518628379386,1.0029225967318807,0.9944190841736704,0.9991937224661591,1.0007281950469669,0.9954976194622731,0.9976148800957836,1.0000137179297508,0.9947383914373257,0.9999679217582976,1.0037481084551014,0.9987679698022223,1.0021496267817434,0.9939896524979518
126,2844925000,0.9938860442776932,1.0004730179085342,1.0042955888089562,1.000534982980076,0.9881816770445911,1.0018701270761659,1.0030084048938037,0.9930971559413263,0.9953343287134284,0.995877602538671,0.9943487717807427,0.9996602883625318,0.9991779126640311,0.9989742561492416,1.0024701157159988,1.0009646614250822,0.994830766447275,0.9946819107163246,0.9959240887804344,0.992680920776139,1.0001800824040474,0.998196557321376,0.9957854590767032,0.9992922273868394,0.9998323365716856,0.9978039779678386,0.9964976997834474,1.0006923872918831,0.9937637207629958,0.9975412462066234,1.0069761512459865,0.9995030248178635,0.9943019458381711,1.0040591857515102,0.9949244586924243,0.9959291496673044,0.999645863556532,0.9988223391548737,0.9933679798124182,0.9978805880433543,0.9983128721993627,1.003978312012323,0.9967163797882869,1.0000500525753835,1.0043452948704672,1.0017275914143895,1.0003157130687335,1.0101101187357562,0.9989926555482713,1.00181145262103
127,2845200000,1.0004435664393359,0.9966506185062763,0.9990183321978977,0.9928247258506102,1.002353856853336,0.9961968903899235,0.9970022472938291,0.9993726560457461,1.0037651011557562,0.9993566317155314,0.9957505119658802,0.9938205861801652,1.0025244870024792,0.9955804091978261,1.0024873910714827,0.9950525491121232,0.993507616967571,0.9984704039821817,1.0013329343599906,0.9890760266123902,0.9905809448096716,0.996291682813862,1.0010712947326257,0.9961162073904566,0.9965915377248552,1.0028460806088833,1.0067401327571592,0.9941189856651597,0.9991165299067915,0.995886442499734,0.9972568903780155,1.000978394486553,1.0019238137163897,0.9992361005970138,0.993355990435218,0.9943859110845176,0.9971141203129538,0.9986424064741134,0.9948770914063764,0.9966155120039373,0.9995175996007986,1.0020903436257806,0.9960246804441644,0.9962087870237076,1.0005655509126876,0.9915115281554394,1.0026158036764103,0.9921278550181579,0.9975934404787307,0.9983449898417527
128,2845475000,0.9956892965237528,0.9927896624751914,0.998264078926134,0.9968696569754791,0.9956843415041924,1.0054828079095044,0.9990128596787681,1.0003942048499288,1.0010343737625493,1.007774124673486,0.9994330839804988,0.9982543970489641,0.9997034322811058,1.0009403753308324,0.9937090305990595,1.0023599958365383,0.9966038791935729,1.0029755306432169,0.9927124391985818,1.0029156751555772,0.9965487670874087,0.9999589516120312,0.9993388276186828,0.9991714541350144,0.9928472167430792,0.9964075614358185,0.9986270133478286,1.002257097371907,1.000962811051046,1.0043724600256636,1.0035157083701334,0.9965502018984809,0.9961746346918536,1.0008572730651673,1.0009624758789102,1.0026774206345626,0.9976794808195653,0.998969485085232,0.9998142372431102,0.9963905118184039,0.9979559381065456,1.0028462294587288,0.9987203421955617,0.9843175214236505,0.9902597020723551,1.0011725564479108,0.9962349154505737,0.9931690635103172,0.9971267299420458,0.9984241497297394
129,2845750000,0.9979038555982025,0.9964031691042725,0.9974736251715329,1.001406974250539,0.9959481744285451,0.9881607069972902,1.0011325133030757,0.9985831823783002,1.0004875365307968,0.9994409840625443,1.0051734327538144,0.9971779100463743,1.000009737007206,1.0032609900052105,0.99989077177438,0.9898546857136549,1.0048759726154122,0.9976004042467483,1.0071891065027185,0.9978884274771231,0.9952463743085763,0.9990607283336914,0.9946914780697461,0.9951989956106247,0.9951371769005632,1.0026998266443348,0.997973730033528,0.998666695089759,0.9981361316218734,1.0043631379934486,0.9955047192184823,0.997797450079756,1.0046145265102724,0.9980772560524386,1.00199623710925,1.0002800924051336,1.0034151066410373,0.9935795108278362,0.9994333915422268,0.9950477887550627,0.9956148978747346,1.0005374383126506,1.0013354869621023,0.995963713774321,0.9986037893586476,1.002928770861929,0.9916378874993118,0.995755334905218,0.9956600170131384,1.0042762750595262
130,2846025000,0.99313432496036,1.002394091600014,0.9989053941661277,0.9953600611534731,0.9961089452280689,1.0044992351025246,1.001549374455119,0.9954265182223158,1.0057658512304664,0.9979415329832043,0.9908136763878985,1.0003871450188002,1.0004588186159573,0.994016283394101,0.9982536080472344,0.9949654129526806,1.0006258064741334,1.0035847335226593,0.9953113999622787,1.0006518455360052,0.9998101904154165,0.992814457929719,1.0026059588590157,1.0008306630728059,0.9986584893451259,1.00420389777296,0.9943024024817639,0.9955882337776253,0.9897768227574428,1.0021879001866039,1.0000999855512518,0.9986541342192752,0.9976908574386946,1.0042451562396493,0.997013398025539,0.9941824701417609,1.0015093216826862,0.9901988910891021,0.9994176557089354,0.9948183576190005,1.0011890146047138,0.995470269968481,0.9970007374424823,0.9960169479443837,0.991949666440679,0.9969806586597482,0.995429448942352,0.9955164986543148,0.9968894767567363,0.9970508906768396
131,2846300000,1.0036134005856434,0.9965088316466756,1.0035974538825463,0.999286072216555,0.9943162742594337,0.9933512975991965,1.0012672161848397,1.0018724461235133,1.001004275361863,0.993282584247726,0.9934991531360491,0.9929183972103859,0.997468372354228,1.0006698287031677,0.9945241244284508,1.0056657466084347,1.0007829820697334,1.0038491762286017,0.9947074593377788,0.9984269083472349,1.0042324271169136,0.9950774536300234,1.0060453065670825,1.0018891536937706,1.0036961775413813,0.9998717454383544,1.0013159384257129,0.9970819045503889,0.9954771471806498,1.0026475786129816,0.9910635547674789,1.0037816218287943,1.0050035490564848,0.997416728889388,1.0056234837940308,0.9973173346915242,0.9986521117707742,0.9976049180920767,0.9956966999841326,1.0005051356277332,0.9995359237634007,1.004611665149263,1.0022347933317168,0.9978194572473846,1.000779339387007,0.9961167620378436,1.0025342970038484,0.9955159147379997,0.9977340070375138,0.9950768374019319
132,2846575000,1.0007976061826467,0.9989557645869962,0.9975321763060271,0.9957832184273574,1.0019602656041198,1.001105283309899,0.99693162838343,1.0004963258064474,0.9941917513004468,1.0013715444629756,0.9992091908875438,0.9938072427004032,0.9997110079503599,0.9995320761039225,0.9978491114045299,0.9978420800954945,0.9999236250749186,0.99789020322775,1.0020151649054347,1.0047036950360992,0.9983762106848589,1.0036761575491342,0.9970067634910479,0.9998190411699855,0.9995075170573838,0.997506916173843,0.9905399048014566,1.0008943866969777,1.000791744649269,0.9993702930692282,1.0040430581283009,1.0039156389520683,0.9994859190369626,0.9991545818876979,0.9877028836023848,0.998123758993833,1.0033213550586018,0.9966508718337366,1.0016352450666761,0.9929235313844136,0.9956002339951265,0.9997460006573475,0.9979262767455775,1.0072123813943292,1.0037338643886995,1.0004337912743726,0.9958293330506356,0.9983211231042942,0.9976008132381072,0.9946428602722236
133,2846850000,0.9966810655693739,1.0033783706556436,0.9994309093804247,0.9967330109488888,0.9971569068801083,1.0012643787229227,0.9903864656191343,0.9967473674688434,0.9990622264813337,1.0066073149145418,1.0019510540231331,1.0004603214819114,0.9933569981451442,1.0029802313827774,1.0013838489390197,0.99940224251272,0.9973530662529616,0.9941718036785561,0.9987327820428822,1.0050622021505284,0.9999021741786884,0.99490638479184,0.9994668373152829,0.9987369647644752,0.9996333496606058,1.0022028796607592,0.9925350196327745,0.9963393589633914,0.9997753568937537,0.9948242688413809,0.999590667278253,0.995961000533748,1.0060855438599543,0.9955399551567796,0.9991780587554394,0.9975388756448201,0.9942516787436313,0.9993125343513598,0.9926354396924492,1.0040693008965054,0.9926259477258067,1.0018701537009669,0.998303189892495,1.0010789221559173,0.9930509855983889,0.99598824519298,0.9984292322879684,0.9952652106760685,0.9953022316210698,0.9902145077167414
134,2847125000,1.0023545198031294,0.9978727022121412,1.004097033082849,0.9973891513106158,0.9993856172079073,0.9985334083019013,0.9984544919994157,0.9978300018566444,1.0020940323707996,0.9950970798319321,0.9968237075368079,0.9979137464139257,0.9982063427133563,0.9920485756804025,0.9981547601988173,0.997223892786091,0.9991034462435926,1.0051891216076678,0.9993577034426663,0.9972329927407686,0.9998407779253875,0.9944457692410118,1.0004388485189175,1.005094800355878,0.997655882933075,0.997996649112463,0.9898865278140073,0.9937997596500271,0.9989923403165433,0.9970417908202445,0.9956402832997465,0.9940609368094027,0.9958233417102711,0.9940812598576888,0.9988624079039609,0.9989169301567957,0.9996171635859556,1.0054002532727966,0.9951880002289426,0.9967844466712213,0.9911803024609919,0.9940074121524571,0.9958038280268934,1.000559112653707,1.0031944224556868,1.0002201042167473,0.999670462035747,1.002275387102092,0.9923527245805549,0.9961078482501823
135,2847400000,0.9936975166855122,0.9960984689702105,0.9967486631928777,0.9987127132857928,0.9934030143914541,1.0035323121714526,0.9958962837440186,0.9980037009189437,0.9999028086523214,0.997553371130035,0.991243226451379,1.0020429286423174,0.9914282971636095,0.9966450590746423,0.9992215361744813,0.9974593944560987,0.99916058863211,0.9930266304801211,0.9992032955313717,0.9950537909507448,0.9971048808581986,0.9981810239761898,0.999036396544523,0.998717682658075,1.0011471850743803,1.0116728961750776,0.994633604275479,0.9959690680587235,1.0010446227285736,1.0000172265977225,0.9931881149347709,1.0044451893729738,0.996274112315351,1.0021870644834732,0.9986459604295208,0.9940966859985857,0.9950684167442186,1.0000947417510686,0.9962210475100268,0.9924358342867481,0.9998983242167757,0.998173591448842,0.998015497366966,0.998118395577924,0.9974098603381829,1.00449333236926,0.9941242581535811,0.9937899171591517,1.0008307017207643,1.0034049153782982
136,2847675000,0.9969440895721301,1.0068523653801718,1.0006748675164163,1.0077068722210374,0.9926511021421079,0.9979787996843636,1.002845904051731,0.9983072234743909,1.0003722394230654,0.9973089661857781,0.9978449088470872,0.9965434925185139,0.9940528923442639,0.9961710583190905,0.9942743862435006,0.9994290935144958,0.9945063176450819,0.9910888084464253,0.9997037430632523,0.992728260387598,0.9943644560917939,1.0063866329721325,1.0008988052978602,0.9947416936204201,0.9936017506408553,1.0019120505258385,0.9992266318113135,0.9945765129820223,0.9978039914645628,0.9974993281323876,0.993416204183085,0.9938514277194295,0.9967171646210834,0.9977220232585473,0.9972262906747357,1.001579264018827,0.9992710245762324,1.005197219523723,0.999059906626285,1.0039064620308278,0.994309240572948,0.993765658052212,0.9959104235522188,0.9997644962178692,0.99267049137275,0.9922600717258379,1.0025133409168485,0.9913809138414434,1.0027817377310688,0.9977584366849863
137,2847950000,0.9926546751795527,0.9957956315649458,0.99809820036625,1.0016222177226248,1.0027469541503136,0.9942785496174318,0.9957412644166944,0.9994318471368583,0.9958836480587606,0.9916706114632726,1.006453486430459,0.9961926569496652,0.9985477474575096,1.0008580352619239,1.0072507426676056,0.9964361545573616,1.0079312986061801,1.0027301011297325,1.0015228749843137,1.0044090941612114,0.992377484177802,0.9984648244005112,1.000285479191501,0.9947857370542014,1.0030005433363458,0.9993634992049326,0.9874672885655498,0.9974418322472194,0.9981025166733413,1.000640356212717,0.9983820868083453,0.995536591807829,0.9977155354823715,0.9942800783493503,1.0001975979498736,1.0070355458889686,0.9954087418319411,0.9987007092256535,1.000846291651588,1.002313130525568,0.9938796330185752,0.9966282807847008,0.9961103714857207,0.9969900675385729,1.0028131080623033,0.9987694717933703,1.0019701491508728,1.0006850964340104,0.9999805943013175,0.9963087748664838
138,2848225000,0.9960210537653218,0.989375537599053,1.000826636330209,0.9979304943785701,1.0027291851756692,1.0008931652499884,1.0046233146369157,0.9964399393192531,0.9961659393071663,1.0019317930278162,0.993773855655023,0.9966256508355917,1.0006658461904863,0.9939884976777665,1.0000117087297555,1.0013599710676298,0.9990606249232798,0.9923190346152413,0.9906770870348278,0.9995672261194212,0.9980131010413766,0.9910242627895047,1.001654376108769,0.9954011779480492,1.0007678405013516,0.9896657251309534,0.9989435914067576,0.9994485877792574,0.998806758990956,1.0016452367370292,0.9942865249541104,0.9928032397937332,0.9979548674618178,1.003834645672209,0.9997410459188618,0.9938441772334501,0.9993785720349464,0.9963894077524253,1.006454588471519,0.9942180183515977,0.9996902231430596,0.9964254510731285,0.9998745516317004,1.0013159679654449,0.9949949432956989,1.0013175520000421,0.9945947729246782,1.000170762751792,0.9946595331095063,0.9855605141198789
139,2848500000,0.9996156956984632,0.9933979657531142,0.9990074154049549,1.000471755467826,0.9964355605992637,1.001625452195624,0.9973628243628831,0.9973508095248119,0.9949280108471066,1.006164242531796,0.9967475691314353,0.9956707705231492,0.9971549869119734,0.9923438228044508,0.9938728309070454,0.9977435716128283,0.9987116135256355,0.9944218469725753,0.9894909877125481,0.997555105634056,0.9899469373867605,0.9978588116168345,0.9990911748693673,1.000480891457233,0.9975812121858317,1.001135304693272,0.9959820650338184,0.9928914695217614,1.0009366177817651,1.0036066656502263,0.9999928900711111,0.9946854587046828,0.9955452813641148,1.004484788756354,1.0005954996735265,0.9974724656507213,1.0011690149039534,0.9992015323543704,0.9992256692645172,0.9941219431334083,0.9958320863620624,0.9985375373455154,0.9981847750020137,0.9985385083684246,1.0052453532182755,1.0058453555295959,0.9945387967461984,1.0017172301560309,0.9925144118159469,0.9991875134732879
140,2848775000,0.9973991954124133,0.9948277900439477,0.9957904595719366,0.9989575228593718,0.9994072349040535,1.0012540816939672,0.9943917962756739,0.9978824306773549,0.9935850243153582,0.9959535793847681,0.9956400755715338,0.994282420721445,0.9977115407088571,0.9946373681400561,0.9921985472959929,1.003280492567814,0.9956692258821825,0.9927152052177826,0.9959843801592992,1.0040585360358951,0.9994262155460869,1.0015045269333478,0.9970509950191623,0.9952418953170695,1.0006706929516658,1.0002682822177436,0.9984444159765008,0.995549854867949,0.9989139678353657,1.0004952594926768,0.99607058749018,0.9995911084609406,0.9925401010120833,0.9935759632071578,0.9945393967518962,0.9996762626077447,0.9974160330989338,0.9931776473657329,1.0035468915837118,0.9974542710408033,1.0131098134500505,0.9982796090325947,0.9997839036516105,0.9967370527482515,1.0032873511948392,0.9960247935071306,1.005582045854537,0.9951408452784581,0.9995826563408742,1.0017623359152257
141,2849050000,1.0009314790314259,0.9993916611945495,0.9946094390624869,0.993294291193917,1.0076950155149316,0.999055618714624,1.0050235607674929,0.9976152964617403,0.9981411189812625,0.9982047273222445,0.9997498513705071,0.9967514741185698,1.0014770233745682,0.9992799701736796,0.9937230315200549,1.0013607680827905,1.0056648828668402,0.9974583620743799,0.9920494101309094,0.999437731405515,0.9998670229269664,0.993680431605262,0.997783815950142,0.999386251478308,0.9930390687138383,0.9957656867331441,0.9939669216450497,0.9981142032561359,1.000340922868005,0.994265573936544,0.996706885744589,0.9989841461013912,0.9926548533038659,0.994496326121203,0.9972233844746166,0.9999142266467748,0.9969100107825727,0.9960844090888172,0.9987562813693758,0.9973496245841117,0.9999638388337516,0.9955639012002413,0.9973758508490507,0.9963926739678196,0.9974017293445644,0.9972655045148909,1.0046069247456186,0.9982188731817896,0.995061421912672,0.991053442064339
142,2849325000,1.001305932134197,0.9983983644606094,1.0009284082374403,1.0015691554671575,1.003116976371636,0.9993699428469855,0.9971682132557207,0.9955410444898193,0.9969865299909,0.9987297565169748,0.9918044002185976,0.9962907420446503,0.9959480902677726,0.9891578276344145,0.9995788693741824,0.9985712607467154,0.9976362771150771,0.9944970953273276,0.996052945965824,0.9954919505779334,1.0078535684702146,1.0045448639870573,0.9999256818541202,0.9995997310502285,1.0015746335912625,0.9948173842383244,1.001734810526291,0.9971221308823499,0.99714769444029,0.9991728429488418,1.0042056780111466,0.9984901277254465,0.9973501567656284,1.00221428642492,1.0019402034094507,1.0008849699253417,0.9958356008443087,1.0012443467264773,1.0031050141016096,0.9996326981384132,0.9956448687460364,1.0013863162142067,0.9980637970686277,0.9934613082404218,0.9944946172486872,0.9992302572903632,0.9955156979985464,0.9939785062412829,0.9957409111504524,0.9973227670022008
143,2849600000,0.9999552845454086,0.9993831023298652,1.0033208192326464,0.9980456481160944,0.9988811205564707,0.9995657256995192,0.9940453843298995,0.991111974875783,0.9957129592097467,1.0047812516744936,0.9980984013488814,0.9989879246464668,0.99272850701621,0.9915868919509756,0.999296193055128,0.9988136082310605,0.994412170297773,0.9972336949068321,0.9907361853293483,0.9953389248614931,0.9959805285009469,1.0043769207518765,0.985377081413659,0.9942968227958915,0.999541033143175,0.9913761421374473,1.0012792883661006,1.0045531076837042,0.999130854575435,0.9945837120946361,0.9975836681427576,0.9968951086698131,0.9977930923220505,0.9981733066024443,0.9910684022090205,0.9982663851517783,0.9936540959014218,0.9976951271165012,0.9993526845796746,0.9995460440220001,1.000506963925707,0.9894888047496524,0.998931006099614,0.9942229250669358,0.9976492063733287,0.9904964606039995,0.9967035477408055,1.0045321780932153,0.9957872516521084,0.9952167575954345
144,2849875000,0.9944021278290905,0.9958153549198077,1.0013014478570934,0.9989288506326195,0.9914755563455215,0.9989608172787328,0.996891671126709,1.0049080034137632,0.9962485881584848,0.9998110320948738,0.9950002572917449,0.9995322679858897,0.9970646016048058,1.000136168529197,0.9991116760146798,0.9921066437845013,0.9954159651655561,1.0037551917274616,0.9948471139204877,0.9981093356645138,0.9983125773497712,1.0052721031653045,1.000746222284889,0.9997524135651448,0.9993843445990755,0.9991398762045371,0.9975576278919556,0.9973373307755938,1.0000118819227446,0.9956001140378169,0.9981733417682442,0.9990090712776657,0.9948053039156624,1.003722846457028,0.9953575540700293,0.9944154910162359,1.0003300577664842,0.9932007977074083,0.9893442968534414,0.9961598736581944,0.9978904721338451,0.9977800306204114,1.000345957548414,0.9963953601937541,0.9943891753420319,1.0032053111824348,0.9954214365107911,0.9970265117524,1.0006509136390247,0.9978943324468016
145,2850150000,0.9997863414393355,0.9963856779148811,0.9951279755821284,1.0073054148225602,0.993765852507653,0.9955083625567995,0.9935731332983471,0.9909241584107452,1.000696528523497,0.9964728857430927,0.9991109420847983,0.9955292823701841,1.0023944705124517,1.000020824487669,0.995511425360943,0.9969337686675139,0.9913260581546076,0.9981290623882627,0.9917072697555395,0.9885684489305216,1.0012877110304448,0.9957132016187277,0.9943293882149209,1.0050832745920086,0.999839582375828,0.9965172887335118,1.0052522754157713,1.0023399294786401,0.9996408962430269,0.9926051404550955,0.9936444247785158,1.0005789620357413,0.9951044758220744,0.9975235542817998,1.001505812977567,0.9930886873119157,0.9967507846726307,0.9987228729577445,0.998318904898423,0.9987505372763628,0.9964257874774437,0.9998426473358064,0.9980347855981838,1.0023978072166433,0.9896017341577197,0.9950889271830459,0.9959487842432737,0.9945483101199852,0.9927011370752126,0.9953922439407883
146,2850425000,0.998447512241092,0.9938070465210099,0.9944948924746471,0.9992672271352231,1.0005663792726152,0.997010886068517,1.000679422087846,1.0013817788222734,0.9998609551363682,0.9984685585871383,1.002060391697473,0.9981480718082946,0.9946465925958408,0.996764011044889,1.0006015781847257,0.9965759960562898,0.9973302874749104,1.001323726202641,0.9994276513425455,0.9954068724582477,0.9987517562587234,0.9940209081085271,1.0010047373973179,0.9935983944191744,0.998436464768306,0.9982817802113875,0.999241703630677,1.0049122891056623,0.9991746859036242,0.9949631749399486,0.9958363076169174,0.9955203210986786,0.994851139992808,0.9939633956162156,0.9981950600922279,0.9963888633588013,0.9929899329887563,0.9912159817635753,0.9960059211708789,0.9943863234077209,0.9991571056101279,0.9925431961856053,0.9990720619702195,0.9922827789663987,0.9973149875723005,0.9946429338813347,0.9908231338262256,0.9987319239420264,0.9970581725207138,0.9965385854468568
147,2850700000,1.0033801831883544,0.9982914862475903,0.999416384342802,0.997445025405354,0.9999306197235747,0.9972341220570491,0.9932932484956409,1.0026299586152898,0.9970194866950413,1.0020005018530092,0.9968355976336075,0.9916949818249754,0.9937222101158998,1.0015649235358466,0.9938947112543103,0.9997334135706806,0.9924422358789013,0.9882966071719405,0.9953860967924603,0.9989776684803594,0.9942971234270397,0.9997957714668896,0.9896479344211175,0.9948309655597802,0.9929723291252144,0.9973333375019794,0.9980203715691851,1.005157910384032,0.9992873878024199,0.9939202304093107,0.9953206395126256,0.9948353928549254,0.9957353593822266,1.0063862431964958,0.9990299531795576,0.9963511691236488,0.9967865920913066,0.9948670034851171,0.9987986297038307,0.9961063307129757,1.0003783560639508,1.0053993807056598,0.999050667974855,0.9982464202816442,0.9993667829116095,0.9932407668473604,0.9968723839892056,0.9931197316701482,0.9954151739142731,0.9995992474599451
148,2850975000,0.9941758377470747,1.0019848102721867,0.9928384473734764,1.0008534510453144,0.9959279804784585,0.9953099683290395,1.0061130058188943,0.9903092328596372,1.0012618625619345,0.9961342282740886,0.9974382937458225,0.9988050740781622,0.9979737238645018,0.9957148967651104,1.0001610670653165,0.999539211747406,0.9932068612458265,0.9992459192433298,0.9940186805723987,0.9983454816353146,0.9980478642944833,0.9931435010004335,1.0068078605247193,0.9970111608805384,0.9919183440165652,0.9951158861271179,0.9970363876700579,0.9967760082392644,0.9937462956922363,1.0003676297070037,0.9950608428854331,0.999026801093905,0.9943593862346445,0.9998265366511618,0.9932829278337751,0.9959507556167307,1.001214092924132,1.0017410152940895,0.9895931927849422,0.995406639051712,1.0000582635988624,0.9987954217499417,0.9951943832185981,0.991771467101671,0.9999855655212565,0.992870513749128,0.9938716876440279,0.9992623499891926,0.9972846434542806,0.996834598452099
149,2851250000,0.9936567119400259,0.9934991578983539,0.9952838261592732,0.994871674049236,0.9935563259768916,0.9921299226190128,0.9980784297402019,0.9917486041815085,1.0004929691668447,0.9981156232640334,0.9976974383607797,0.9973968342351474,0.994936662597955,0.9979907333819814,0.9882261494168096,0.9941096344430362,0.998948738203355,0.9982015054756909,0.9864547853394298,0.9921808181085967,1.0002291206455434,0.9935125629470375,0.9973905906583462,0.9947971694344202,1.0012106537437828,0.9952440662920309,0.9919889813430346,0.9994928404988785,1.001764545854988,1.0003973717492367,0.9957645636535344,0.9973187935794048,0.9985987807008881,1.001066182831002,0.9982098370587995,0.9949011721294713,0.9908476512151821,0.9942992581554008,0.9994202688533961,0.996307735560415,1.0039702909121797,0.9988539009653049,1.0024031908356776,0.9916780424973124,0.9970469688409509,0.9986933950987302,0.9866124101362854,0.9831907629165467,1.0018030561193543,0.994290398277829
150,2851525000,0.996078862427843,1.0033980220808398,0.9964432810512562,1.0012873306195722,1.0009600666433067,0.9922116990205156,0.9935504203686785,0.9908442669377994,0.9968494886229926,0.997180865571092,0.9916026294232297,0.9895243034980428,0.9984818241652036,0.9972059960194917,0.9984024803234486,0.9984776315033577,1.003465901132964,1.0026926631744801,0.9936420647980345,0.997203278483818,0.9909996300983017,0.9968042004396004,0.9990481052777264,0.999447271298221,0.9939750232082516,0.9975570140423027,0.9987704211323181,0.9989773501220871,0.9940089776546167,1.006923879942096,0.9954781080079176,1.0003467439470424,1.0000422796020614,1.0004395260845371,0.9892320005931404,0.9959138746036299,0.999917107837989,0.997697092397562,0.9982724127072101,1.000616355547125,0.9919876356702233,0.994090254790329,0.9983094675268321,0.9960674036562619,0.9997801872287696,1.0035212498191886,1.001883502112908,1.0028236118757274,0.997270335156687,0.9935891315840664
151,2851800000,0.9935846908043419,0.9966486542932819,0.9893073646320504,0.9928914750406412,1.0022211595430652,1.0007959684875347,0.9983601319423282,0.9869771585991444,0.9974686666874286,0.9979385976871933,0.996194252596463,0.9899692590705678,0.9926944030544794,0.9966284463833477,0.994659890267523,0.9970267942055409,0.9922466057116504,0.999679254144493,0.9952812168178957,0.9947238605107067,0.9930864275185437,1.00122993731672,0.9992838796301229,0.9978450711188867,0.9935122082647996,0.9992550902650728,0.9933306737198035,0.9967121317928302,0.9956126914121978,0.993338696365695,0.9978269293960775,0.998794330826411,0.9904614751552664,0.9992138457173432,1.0002542705789081,0.9888070080750629,0.9950127111451097,0.9988227733415075,0.994961231822482,0.9885795116127919,0.9964464382561806,0.9954789047552053,0.9933221245380995,0.9883214510317002,1.0023444373795034,0.995874506957884,0.9897767272389388,0.9930306105229867,0.9981517163302445,0.9885512168090621
152,2852075000,0.9954370681071013,1.0013687947967957,0.9975134702990859,0.987278413508016,0.9976910723008581,0.9960983240585343,1.0011184623116796,0.9958961811716129,0.9942212523838778,0.9917724744973582,0.9925258849640134,0.995096934855081,0.9920295080114686,0.9990991329386685,0.9919015453773112,0.9983390647613465,0.9902451375859125,0.996801529311896,0.9975972566879281,1.0017584708077234,0.993587351205526,0.9977475677068102,1.0015785663450263,0.9896369622754814,0.9927093225016715,0.9999689757619619,0.9979652474135088,0.9966132047800931,0.9892088208007349,0.9933367909736499,0.9958337412383885,1.0004558368508951,0.9989864596207542,0.9990816399280148,0.9975950068479281,0.9959571632198021,1.0045497695200434,0.9953598334504511,0.9926263283536068,0.9890919921101051,0.9932831512505108,0.9957210697577998,1.0002832285758327,0.9909472883586751,0.9959362492834839,0.9958541986824722,1.0020848208214035,0.9892541696472564,0.9938738483180181,0.9970873634554767
153,2852350000,0.9914849510435103,0.9990896268950631,0.9993545362708264,0.9961455038441714,1.0007442515307488,0.9914898436826369,1.0034505041724866,0.9966470463838738,0.9901272327019214,1.0007041061735535,0.9900381634853112,0.9976266867346816,0.9930813261476729,0.9942536797973983,0.9879977825665051,1.0017680222791112,0.9988842255182921,0.9964304848635984,0.99449687525934,0.9840089635288113,0.9986235713707508,0.9937768807543265,0.998052932013672,1.0026077374307902,1.0008188044030657,0.9982581076831311,0.9985853718671928,0.992445301082684,0.9934505247031855,0.9948567495321913,0.9902125241757997,0.9979857204855062,0.9912164595844747,0.9914776836900365,0.9985282988459114,1.0003679572724362,1.002509025300482,0.9945312122241897,0.9936373721854651,0.9886639833996717,0.995875694938251,0.9927620746777711,0.9925563710797085,0.9955299026704655,0.9965965641784033,0.9972567159232765,0.999056458356079,0.9993759319814663,0.9974915120953124,0.9926234104878445
154,2852625000,0.9942396196173674,0.9901777953227513,0.9920161841731923,0.9947347660430608,0.9930979545142609,0.9979206468643465,0.9927199773915985,0.9981595860873868,0.9966026488873652,0.9994730640502812,0.9985776917591443,0.9953071830656327,0.9961186337162902,0.9931943108145481,0.9962666738208579,1.0033100197928564,0.9901332373650596,0.9954792867768539,0.9940889172824764,0.997081739119685,0.9953462736313211,0.9942463320212565,0.9938444431741087,0.997550712277164,1.0028622398368658,0.9920185140617198,0.9966123000707731,0.9953947110250684,0.9950869821459186,0.9978533562300079,0.9928734224000778,0.992701945529211,0.9921489635711261,1.0011045626795503,0.9963918309737025,0.9962904718948745,0.9975405052767808,0.9893312129279165,0.9951663480716567,0.9996546676416855,0.9936927613488433,0.9971615101692294,0.9934087396111108,0.9901603287297649,0.9977372238718187,0.9882267414587597,0.98522900619704,1.0001879349155458,0.9926206058331919,0.9978393637821913
155,2852900000,0.9977597267081634,0.9996334446884166,0.996556031329331,0.9967001528522232,0.9966864760636092,0.9918914555782834,0.9967729996507281,0.9925573463852597,0.9989352301010991,0.9977503690600019,0.9989339568801683,0.9926998914862039,0.9934304815773833,0.9988263236475191,0.9882868988352274,0.9894850467947919,1.0042418862973108,0.9975351125835249,0.9970349573644569,1.0002113812224642,0.9947133544145058,0.9905871274023306,0.9933554558539656,0.9906824380511549,0.9957479034860779,0.9921398036491513,0.9943522015272257,0.994632878057985,0.9872065118557236,0.9934760331847392,0.9913709063200621,0.998388880495739,1.0016722734351646,0.9975988209772807,0.993386779228004,0.992543735413268,0.9903352312168334,0.9970401025830051,0.9906152143323892,0.9917124036874689,0.9998460712778362,0.9945619226849498,0.9967926136114678,0.9999079946962766,0.9953937737065321,0.9915385171399859,0.9983641027725985,0.996405404036852,0.995090882590122,0.9898153371424637
156,2853175000,0.9922518470617631,0.9923309160891334,0.9953754807238125,0.9935075691792192,0.9971840174236807,0.996887267618649,0.9919032056504322,1.001299261934528,0.9992639816129968,0.9966799924616876,0.9937060165721872,0.9971371828537824,0.9945691071007143,0.9920518095597232,0.9934532713861343,0.9917627529586046,0.9986139267587926,0.9966159484419722,0.9907535174347802,0.9950332108478244,0.990571357439683,1.0015457624478061,0.9866739258918953,0.9885895583926548,0.9939038095433718,0.9923567573110169,0.9982064822411267,0.9950944562785011,0.9903335619670565,0.9928957849090925,0.996808735618829,0.9990475867721094,0.9927934067574345,0.9992695973966244,0.992595624306724,0.9941332937595473,0.9930878400863811,0.9961123277022442,0.9971117962394854,0.9974758452338837,0.9973879244320651,0.9911026140569894,0.9855539049259773,0.9920934489568857,0.9960775442893778,0.9976973780963383,0.9924688702427464,0.9974720903698274,0.9983596703425641,0.996677816581786
157,2853450000,0.9974839566028496,0.9932066460467077,0.9962733129004362,0.9954864643616879,1.0031790779618062,0.9991263362121638,0.9963455896917053,0.987874802880238,0.9960171303779515,0.9916435182789131,0.9907829063367346,0.9952289552512071,0.9938109415002941,0.9910218947428983,0.9907441816900295,0.9899799279499181,0.9905514604941589,0.9879129277205645,0.9929644847128581,0.9919919485814925,0.9894122524956477,0.9958411415875121,0.9917753629985732,0.9922388851247745,0.9837986101026984,0.9993168949644705,0.9923530610693854,0.9915604698738475,0.9952136829463807,0.9900788556595314,0.9933788037041977,0.9930492997086733,0.9912518569358563,0.9927641911526469,0.997443184641037,0.993981719528441,0.9931715490157916,0.9957124055113068,0.992129367074606,0.9937822349872211,0.9909587299730654,0.9984729952436194,0.9951794507898867,0.9919542782744919,0.990693795686083,0.9928476226981554,0.9943381663369016,0.9959645065401465,0.9919367320696055,0.9953839418102007
158,2853725000,0.9932315860659839,0.9968092114123586,0.9909334818049718,0.9959727380234584,0.9987312726628848,0.9964633640680511,1.0045063474947034,0.9887371089691804,0.9941344657146148,1.0022407951674945,0.9940273118314621,0.9926819385686224,1.002076996262503,0.9965540176904453,0.995349378187577,0.9907381488198738,0.9940399497960043,0.9934018806521036,0.9948060099564756,0.9969724221150774,0.9996228655561921,0.9944101442362338,0.9897150239388098,0.9943506692348211,0.9950057884526976,0.9974116570353594,0.9961291115541457,0.9972189917794995,0.9984792329252015,0.9950111565609385,0.9929601460773639,0.9987676016411957,0.9936192607564692,0.9954300111397776,0.9933349644897638,0.987794417342723,1.0039365443499775,0.9933474597592475,0.9919466439100829,0.9937793850515908,0.9988326391295971,0.99490026157504,0.9976415716994113,1.0021052114664195,0.9936895439720299,0.9983739669029938,0.9977433569499555,0.994212687841751,0.9921583720491397,0.9864485100243355
159,2854000000,0.9918640075641337,0.9967640816993972,1.0002648572922912,0.9977047039777692,0.9942980944336174,0.988353772436363,1.0000456989610331,0.9869613775992185,0.9925495700042877,0.994103828730829,0.9900456961964245,0.9999490879477968,0.9965443338998836,0.9943141879924512,1.001536051377223,0.9917994925642808,0.9970276182337293,0.9941430423181374,0.9969724156959805,0.9955061927611252,0.9953913730887829,0.9996797699389405,0.9941953508483096,0.9928305550512475,0.9906556996689042,0.9956518006139642,0.9893579046655686,0.9966839755561159,0.9914565815134108,0.9985168301328,0.9967293433771677,0.9923291924408517,0.9958247705247943,0.9967914753886942,0.9940118314365155,0.9948620019065989,1.000995245214729,0.99129969035413,0.9967998362087912,0.9941560023032164,0.9922819118857809,0.9908355224994372,0.9976012036397589,0.9940441371942379,0.998934036729595,0.9879624315095061,0.9969976024537626,0.9947667331183041,0.9844253153042747,0.9915707748728214
160,2854275000,0.9897968917873665,0.9972199490522304,0.9960788307656202,0.999336799450421,0.9937631337404241,0.9952648004083073,0.9967215368621064,0.9968377156318092,0.9929914450692479,0.9871929385034343,0.9970363842759663,0.9914233304628363,0.992893444472735,0.9923627780418582,0.9947488319410454,0.9905828308746448,0.9972194437740982,0.9988358839353334,0.9908078501849303,0.9915825731930892,0.995530462952051,0.9926087731440376,0.9949284254428191,0.9870759252586591,0.9920514915889282,0.991457434361491,0.9904399861292119,0.9992885580009875,0.9954318924557134,0.9987962506128731,0.9922168168491898,0.9953810769044203,0.9907900690372076,0.9928126755955756,0.9908259096280391,0.9942558999402341,0.9941360262413678,0.9935258295077779,0.9944787257611511,0.9914560017673381,0.9958856465555563,0.9952802944880527,0.9953480223044378,1.0000175487480045,0.9945185392283578,0.9938303477223183,0.9901842158757335,1.000317277446347,0.9860200345609728,0.991717046231304
161,2854550000,0.9896167082983715,0.984215410853418,0.9936538913459299,0.9851684001795401,0.989209877221316,0.9956461024077788,0.9928002282748286,0.9917991913312271,0.9920904128669144,0.9946658112464368,0.9946209052638537,0.9950455732365053,0.9944033465652681,0.9971649834061017,0.9967556833641756,0.9862791592220682,0.9848348973057951,0.9884268294506131,0.9861919184293574,0.9949123477482759,0.9986050528308951,0.9940644272240602,0.9913493517009114,0.9903297663074708,0.9905355628746098,0.9936303989387466,0.9882119210877447,1.000985972259905,0.9937034413837821,0.9943600199928275,0.9910005653042694,0.9964189570843043,0.9925998835888957,0.9886017031214646,0.991309282690701,0.992765367812443,0.990390189330063,0.9968282931457084,0.9966147029371895,0.9990408097912035,0.9947730996790203,0.9850010767725682,0.9888920605703575,0.997236286526981,0.9972362489537927,0.9949060131217937,0.9978250386636912,0.9952629843016805,0.994618266594871,0.9981255636314633
162,2854825000,0.9965030490186845,0.9974846846861551,0.992698973357101,0.9954415400824805,0.9907747721939165,0.9993507527221142,0.9927720491523881,0.9907441410427111,0.9921904766260611,0.9836953206411609,0.9977900231795565,0.9866824738048339,0.9926498220928388,0.9841586668463541,0.9974265164505234,0.9899569734461479,0.9903048068631336,0.9927044670056469,0.997021876237291,0.9937632457639668,0.9937928373107717,0.9982820084909024,0.9919348575313913,0.9895478842094789,0.9977430140872158,0.9932991829500839,0.9992591461847845,0.9911588553070414,0.9913279381980429,0.9972723818555619,0.9937353252502646,0.9915453416800075,0.995308057393418,0.996457088970264,0.987238446932001,0.9911138601555595,0.995099658355397,0.9912340450365579,0.9953657288338862,0.9952154995876681,0.9959120440893715,0.99303298278963,0.9910014638499299,0.9922597730929581,0.9928182263731702,0.9919663686237643,0.9935029432953547,0.9884602340552604,0.9893171124163667,1.0023841337504729
163,2855100000,0.9948009891675886,0.9872193549670696,0.9924218481062305,0.9932144946000865,0.9975523170504056,0.9922085874025961,0.9901936995903293,0.9913525055535003,0.996722478027267,0.9866433238931168,0.9852868247635768,0.9935344246623797,0.9967750204820025,0.9908140863327249,0.9905534561053483,0.9903296290151897,0.988718442562054,0.9922169148647945,0.9922562442039315,0.9941937009585309,0.9940157294104071,0.9906846709338248,0.992907303502479,0.991635585654851,0.994985655661779,0.9877952873328174,0.9920285411168336,0.9936638536182151,0.996988708040666,0.9988870527704303,0.9922472388447766,0.9926113722489389,0.9909833521137735,0.9932433833370703,0.99728120839373,0.9964095330305187,0.9979803383276804,0.9920930509275789,0.9932971985124163,0.9932594464802793,0.9983445098076149,0.9939132724133047,0.9885766988290506,0.9933080829433222,0.9942537898341869,0.9893147628050211,0.9925245396767932,0.9969813817314644,0.9870132491696707,0.9956697802480073
164,2855375000,0.995174423320132,0.9882226105666181,0.9904181084544574,0.9978344615152379,0.9912877038738825,0.9944645408990507,0.9889451580093996,0.997343032414425,0.9898172277090099,0.9906913107792548,0.9888745185882858,0.990462186737344,0.9920154282734215,0.9904618976311443,0.9920217537909972,0.9895605210710617,0.987977517061629,0.9951417734958719,0.9959202413790081,0.9903385233077269,0.9949725160775091,0.9911099640604618,0.9915377714933763,0.984252520712739,0.9859030225718116,0.9906564997820895,0.9914342559205056,0.9937300537373394,0.9960097397027926,0.9897155931548892,0.9958985720969876,0.9887245586818489,0.9945864640944219,0.9914725623365703,0.9880620224979035,0.9923970104996669,0.9934168417602735,0.9893623656513211,0.9903517215140628,0.9935918833943269,0.9960980276821507,0.9964331524157354,0.990000054127497,0.9958134146877256,0.9927556197129931,0.994558717126602,0.9883276669746105,0.9899302967998656,0.985837216839512,0.9943812471738989
165,2855650000,0.9881261138432893,0.9851281031678915,0.9950569253814152,0.9997596216497479,0.995697891879862,0.9941459474194456,0.9869577665511623,0.986664670784298,0.9884685506634769,0.991890365488845,0.9907144467626167,0.9981739267058085,0.9869227949739272,0.9923364679240289,0.9908613602328264,0.9952412546871408,0.9931134374094996,0.9922549555527219,0.9931738098640742,0.9949254789270732,0.9930251529077623,0.9903758851634987,0.9856134355268998,0.9910463371167977,0.9987398200126728,0.990070639582652,0.9870898017912129,0.9908825201894105,0.9988193706475694,0.9935297645276416,0.9934081384613677,0.9899465415864765,0.9958148327048442,0.9896531542584608,0.9964975027175821,0.9881365544068237,0.9879707423841415,0.9860502984597024,0.987831505376164,0.9936953880156196,0.9891022803794381,0.995574290910168,0.9911591844523878,0.9917062906181188,0.9885694553703602,0.9956742298237635,0.9933123342926703,0.9938551492692922,0.9913103958749545,0.9913632266809942
166,2855925000,0.989770651053368,0.9877995505896957,0.9913813358188581,0.9873304355625185,0.9900084230621993,0.9877165457707555,0.9884453280972411,0.9901489850306286,0.9977613967801139,0.9888127126721603,0.9950982377676775,0.9979583078801881,0.9954067826898179,0.9893209500109679,0.9917512343864411,0.9921750509535867,0.9896852926685029,0.99175823266954,0.9924500352743859,0.9867813007271653,0.9938926585687899,0.9895761462264333,0.9914756594240592,0.9865649306952788,0.9885180385827878,0.9956222238870301,0.9908373173845694,0.9849886760040848,0.9948574323901329,0.9906377106001129,0.9911400517376071,0.9864979571370482,0.9866942549272414,0.9909787170928873,0.9940896138212194,0.9902196129268279,0.9928420218332019,0.9878253000325945,0.98996239096034,0.9904774888719127,0.994998263848469,0.9984218599635923,0.9891778612886007,0.9930007081112465,0.9891898103053027,0.9907291264603226,0.9991925123741471,0.9865733504284689,0.99656620445317,0.9913553861983831
167,2856200000,0.9907945987560468,0.9918702451877958,0.9961968089970207,0.9943985465941528,0.9862866082690568,0.9854516549711938,0.9908445482297475,0.9899388492413607,0.9972199533030582,0.9862631243251923,0.9880773122568902,0.9901573917064762,0.987379131581293,0.9898153445910903,0.997357257555087,0.9900596761254484,0.992477584272021,0.9907713471950667,0.9935935141147532,0.9886894463051064,0.9845084470077277,0.9867719992202124,0.990809367304888,0.9882856876572894,0.985179727518397,0.9927587902187308,0.9890845771942604,0.9911041848310489,0.988585221075661,0.9927629049730089,0.9908084655028612,0.9933255207519431,0.9884568400613527,0.9889066033885388,0.9883994194896238,0.9897852480252519,0.9862544816095613,0.9889807651205605,0.9901774645039857,0.9953792742476648,0.9866244110124297,0.9901665775287918,0.9965063621207797,0.9875951575252528,0.9851952472653719,0.9849520255609138,0.9925010169670915,0.9931696117539157,0.9927033256417367,0.9925394055092279
168,2856475000,0.9956880553184374,0.9848538840764988,0.9925370403264567,0.9814729471349262,0.9895492621475352,0.9925565299073829,0.9911373267791513,0.9960806432276553,0.9923231992296049,0.9924659197058809,0.9934722764874588,0.9850675274678811,0.9940161240041264,0.9949623356754046,0.9945966709469989,0.9866425572379621,0.9811683200646711,0.9893306420137037,0.9943814913759873,0.9920919664685176,0.9851797168350522,0.9867550027712939,0.9895428940915972,0.9838214080539542,0.9901466327618339,0.9900311057814752,0.9898040122278599,0.9980636082053654,0.9999953195935486,0.9934394534949764,0.9902212084682102,0.9929251413097644,0.9946510603739375,0.9906398127228909,0.9956884060458235,0.9947295511634998,0.9905479027648012,0.9955376083006972,0.9879921827406581,0.99415653785928,0.989625331655455,0.990262677991685,0.990296423426307,0.9955876479016071,0.9892820194347381,0.9920596410094186,0.9927520100337592,0.9871548684146798,0.9864694182071939,0.9884711170158635
169,2856750000,0.9946525358973656,0.9874558308234312,0.987296785971465,0.9922232278835585,0.9807098488225954,0.9879385373243336,0.9876926681006115,0.9823901307801232,0.9941727536891931,0.9857480371562173,0.9871781234837044,0.9843266235618839,0.9921727765695142,0.9833907474111075,0.9910327253973162,0.9983049743393395,0.9925878307273951,0.987452262136191,0.998805396087004,0.9906884705283104,0.9900961620226743,0.9925568906880988,0.9900955571209609,0.9890041318080284,0.9912243236288237,0.9894048195651485,0.9858176195874925,0.9909728121187545,0.9984017212434635,0.9894736470987602,0.9902978854361162,0.9944443355720001,0.9872852604842426,0.9865865414342339,0.987116165293666,0.9914539608604638,0.9954208931793044,0.9920520471343848,0.9943359636504817,0.9938805656736348,0.9909384586522515,0.9853564826642666,0.9954975544269044,0.9892589955102437,0.9849117841846124,0.9886683817138125,0.9927711886152543,0.9908200525818536,0.9847905596339825,0.9870733053457975
170,2857025000,0.9952495324241334,0.9884255585361715,0.9922240780610777,0.9919529598321539,0.9984358863628073,0.9895161278185366,0.9902857314267348,0.9858265528891249,0.9841063173392327,0.985251718120917,0.9864772970282004,0.9916480984284389,0.9934553036842406,0.9880772221345597,0.9822349806923788,0.9851098646140964,0.9909084240487356,0.9911311991054893,0.9896170649974859,0.9923882844767006,0.9897456124783653,0.9921552322627555,0.9977541662431965,0.9806261665497086,0.9890220000353601,0.9905170233811715,0.998218087189196,0.9880020497298371,0.9930883162513101,0.9899423105995623,0.9889198549182153,0.9909169061889618,0.9905026216854155,0.9872067401110564,0.9959562207118875,0.9884318050292923,0.9914838032177281,0.9970284123006935,0.9819217135379177,0.9939311286930894,0.9852749727175114,0.9951667758743451,0.9908628963519225,0.9922481447993219,0.9897061575394897,0.9928834330047466,0.9928321295051433,0.991679648396992,0.9891809767641608,0.9844116601488924
171,2857300000,0.989113712790215,0.987946878301567,0.9797308390530308,0.9855421104378839,0.9965085889438459,0.9889298479334084,0.9902813967522556,0.9833317085449241,0.9880759368089238,0.9901954446977255,0.9823961829319369,0.9875183008662749,0.98908191763,0.9844232473628757,0.9899900953045807,0.9896002627302046,0.9836028428940256,0.9885484105228874,0.9930932538480622,0.9926230337619191,0.9869432187063607,0.9839125297043958,0.9899188104430856,0.9869752200897572,0.988363597309857,0.987455453674605,0.9891850367709701,0.9929608523908443,0.9934565598663839,0.9903348943594363,0.9915432989385282,0.9874578244242821,0.9849233286406909,0.9855948403630004,0.9967118727087988,0.9934169319278421,0.9905138701775104,0.9955403873160042,0.9879566394607019,0.9924281962256667,0.9859741507298281,0.991473938815541,0.9897819964749583,0.9878854951231543,0.9955882523940682,0.9883888412424604,0.9876283089637822,0.9987551157658184,0.9898212723924882,0.989983454007853
172,2857575000,0.9862283983139644,0.981527789732397,0.9948242083807537,0.9955286168394332,0.9905122068130847,0.9937508101488569,0.991768692023046,0.987926855108165,0.9927154546229988,0.9844080433883174,0.9878997639817082,0.9940703217335755,0.989489364085955,0.9920936552081957,0.9856594895737647,0.9838489348386669,0.9865685257070304,0.9901042952375867,0.9888185604951946,0.9957538931482025,0.9874880473914499,0.9906153710209434,0.9818569853531436,0.9859349386219923,0.9804831141321654,0.9855120116294455,0.9910947750678691,0.9960920442574063,0.98664720525582,0.9820082409966264,0.9799134173087691,0.9884118003270638,0.9875723413234703,0.9871051590834092,0.98002935552847,0.9873015540144201,0.9882464227381685,0.9866077156398624,0.9882709315874095,0.9906541878637575,0.9890873126938712,0.9849117241090352,0.9849509569604543,0.9883886301300884,0.9918254974813157,0.9906197720179896,0.9867830036006985,0.9870168972407747,0.9875827131930295,0.9809781482433793
173,2857850000,0.9826543721566999,0.9819982138453048,0.983827085702934,0.9836240003936467,0.9871153013512192,0.9940647114864755,0.986904155589733,0.9836160997775698,0.9888594213602556,0.9928766766636025,0.9907915123465846,0.9871611106364999,0.9887649781946393,0.9861418738756029,0.9828203815008721,0.9843955367702317,0.9946648821687892,0.9862360009871969,0.9857301317474066,0.9991871560709173,0.9889079528700176,0.9868172111050137,0.9793300556427974,0.9849139285714669,0.9923834155421337,0.9867006020744294,0.9821292566415526,0.9876154887009051,0.9860650218106382,0.9869908130980327,0.9848971710504358,0.9877182846507719,0.9864390352691846,0.9927713754994384,0.9941405105297357,0.9893073880910089,0.9944601388300234,0.9962809812695066,0.9846753031332274,0.9827770761868989,0.9868167843855273,0.9892212149953251,0.9905922342201045,0.9893446068828481,0.9854616522265308,0.9869834075048898,0.9845433568731531,0.9936349387374722,0.990134623406636,0.987899543975877
174,2858125000,0.9820520912987022,0.9887776231500759,0.9880059994928614,0.9899342382205527,0.9785111995119724,0.982248492400111,0.9905530302907921,0.9911412220487664,0.9901228729210707,0.9843429625633939,0.9853821944245099,0.9860307406800435,0.9865978604867675,0.9864576045248565,0.9872385486019738,0.9890569181630838,0.9855443801660486,0.9897018304368601,0.987837493475863,0.9881103982731426,0.987997406517978,0.9868631760818756,0.9834053687214933,0.9904683349265185,0.9783999962662329,0.9853745965059301,0.9899515303435498,0.9902421531816311,0.9913894879803654,0.9879774404217537,0.9860096892302302,0.9798151581604783,0.9804637680240945,0.986674679315791,0.9805901019960704,0.9881108070830822,0.9869492849544047,0.9798005365746141,0.9836917206286537,0.9927429832269866,0.9918036251363815,0.9851478850201241,0.9922784982460994,0.9794727405847768,0.9845575862689887,0.98232695655211,0.988911178588896,0.9920984352251465,0.9905487020887512,0.990808877885367
175,2858400000,0.9849602027147082,0.984089678303379,0.9938884663895328,0.9877622284193529,0.9881518785781964,0.9903405380643268,0.9834247604900385,0.9850412474365455,0.9884088184236732,0.9862147071253444,0.9882912869660289,0.9881892071094328,0.9920985428851687,0.9850967841856528,0.9798042267473291,0.9875797782363185,0.9878234866555312,0.9886663222212857,0.9859640294671123,0.9924012287459513,0.9835703165081097,0.986541229400405,0.9833610452568129,0.9823475748514376,0.9854511083864042,0.9804772890301436,0.9916733905319309,0.9918130071617016,0.9817305805318638,0.9860575696617064,0.9847298412823332,0.981894687311858,0.9830937735303589,0.9810419701280882,0.9865072618508635,0.9946163932792754,0.9833349127482753,0.9915121996483114,0.9864681079972661,0.9827660377880745,0.9875120005146457,0.9860507397534868,0.9905028491530561,0.9870816278243623,0.9869707695391785,0.9850320199876322,0.9908062819708132,0.9912079300845816,0.9905502772690749,0.9802415253865101
176,2858675000,0.9855623773172426,0.9856828095013673,0.9870462187845486,0.9915305933576647,0.9833854009907568,0.986319968107053,0.9870974088031903,0.9838460830001626,0.9928903771691031,0.981749301924098,0.988580262872643,0.9900080257216115,0.9820939284283094,0.984753739798128,0.9821129946477014,0.9877271390918745,0.9790083470967582,0.9860508549426598,0.9826206447323146,0.9825314422387829,0.9853697565838303,0.9852893307312381,0.9903760323283008,0.985886202225117,0.990219073529244,0.9881956014835702,0.9892687538041275,0.9879782174298688,0.9854764068267712,0.9878594343448901,0.9844765459199599,0.9874341026609272,0.9804141426466696,0.991181223515201,0.9845973403373485,0.9920568580634578,0.9850350580935611,0.9842026405368296,0.9936215667196824,0.9873652252531642,0.9885339628733281,0.9896011541377032,0.9840151251541337,0.9908780922693957,0.9814678700551046,0.980493635192322,0.9903618600361195,0.9850767914645272,0.9906641703853167,0.9831535373660931
177,2858950000,0.9885711600240721,0.9869216869454321,0.984216142672776,0.9888836265617124,0.9863701446856483,0.9818986642578459,0.9859446514458957,0.9883813402228965,0.9821498044145176,0.9857743529531159,0.9829103023043056,0.9857641581821617,0.9831733362353258,0.9929648746406241,0.989011045561049,0.9793021069413909,0.9820953326052442,0.9849507505277377,0.9804970156343821,0.9832541594371246,0.9782417669765128,0.9820731795476976,0.9916435130178858,0.9887178172892138,0.9848416799327979,0.9847070969082381,0.9839591634876559,0.9832394350547704,0.9862967858812065,0.9852499773142173,0.9859367678426241,0.9848756876940722,0.9876751999883735,0.9885439178531401,0.9904509006508901,0.989198460696772,0.9826322974583658,0.9795428745842335,0.9854141860164274,0.9836180170502737,0.9923630128209607,0.9822688082648869,0.9829901457277754,0.9846455791672905,0.9792020123765011,0.9862941208646627,0.9846411394792236,0.9860536441223582,0.9875934981023621,0.978535006561118
178,2859225000,0.9820542196656454,0.983190955822202,0.976420113589606,0.9785693403487241,0.9838260729222494,0.9910218974434396,0.9812336217636067,0.9876080302342537,0.9859070196896569,0.9806486164116126,0.9828480218362181,0.9767849482764641,0.9864489118806797,0.9880461757756273,0.988890484031982,0.9815939859680765,0.9842813185511554,0.9908873386002617,0.9845107692495992,0.9900851088475774,0.987214150877157,0.9823145459060721,0.9939532271737775,0.9851978445039098,0.9862117523605235,0.9835288159419785,0.9830328149655807,0.9847992673681475,0.9839346811292498,0.9804693431963875,0.9908445206738166,0.9893319513208298,0.982698391858523,0.9871891465043506,0.9764527275889521,0.9830600490985645,0.9807520533285404,0.9766891558055165,0.984515568635911,0.9854595445251546,0.9886291961454534,0.9877119912155102,0.9829720913574369,0.9873203135013945,0.9821000306127825,0.9834250955836394,0.991967968810506,0.9841666602912887,0.986877409861327,0.9842187721154424
179,2859500000,0.9928988615211761,0.9784208352198,0.9753373096069002,0.9826916839601435,0.9897304138624122,0.9847562912447849,0.982683790652053,0.9880971764901396,0.988335237412494,0.9845166559754882,0.9917319237793526,0.9814956742448092,0.9817695030471559,0.9813921860733983,0.9845726919113211,0.9767494985817622,0.9847121302145921,0.9857156204220185,0.980365115448282,0.9744941921615581,0.9862246115292022,0.9836772161280674,0.9803635327666697,0.9855999755125842,0.9864423551301275,0.9882934794521464,0.982144221080226,0.989275310450727,0.9813009412396455,0.9920478518862017,0.9807221614007126,0.9846825764248894,0.9802229646938575,0.9814264359889913,0.9840710927522143,0.9848487138955394,0.989835651014496,0.9816404548087864,0.9829295882907718,0.9792756233040435,0.9778836648554877,0.9844512552693034,0.9945468463157437,0.9862637177533212,0.986590230919527,0.9796900194326045,0.9807078288732356,0.9842891747868152,0.9832561432828958,0.9889582790200061
180,2859775000,0.9873938646447314,0.9742513744584957,0.9802204770389008,0.9857578451039423,0.9787901028577327,0.986040942815898,0.9823324722328448,0.9844462027264314,0.9755838712965852,0.9894178075940517,0.9900492257877118,0.9810890483539618,0.9820865001057212,0.9904383214798553,0.9818780236445673,0.9797403958417493,0.990836639080824,0.9815313377128877,0.984345875161358,0.9834841469096053,0.9796689320382853,0.9808082178887151,0.983645531425173,0.9912698122732324,0.980751234521927,0.9838675094211714,0.9849823107958972,0.9900721713609983,0.9791303476121156,0.9849894261250498,0.9812069782242078,0.9863694455933357,0.9879957302453228,0.989700919877344,0.9831656405613662,0.9818818153955924,0.9812579531624297,0.9789108076514453,0.983660964630269,0.9827631363769554,0.9865601429909906,0.9815747723598872,0.9849366215311938,0.9837886056805,0.9862752649225481,0.9850193463463697,0.9813136451773035,0.9833491125787316,0.983101035646101,0.9816198291572775
181,2860050000,0.9842823811558611,0.9762592094958576,0.9815291490566836,0.975156831606379,0.9847232920405241,0.9872205097716362,0.9825738894332364,0.9878203664299975,0.9814474542507213,0.9839112744696291,0.9798664072607548,0.9841788249439295,0.9818460873680054,0.9855651753529305,0.9838275499860608,0.9875097017160678,0.9851189025617384,0.9815856684174775,0.9782412195594581,0.9829053995665407,0.9787964441975615,0.9813068437255433,0.9822776637995788,0.976987279965581,0.9839149699267474,0.9808163375165733,0.9806948820834006,0.979244853870694,0.9790620407794226,0.9806966995893321,0.9866028495713148,0.9812864883210078,0.9836426859434264,0.9864753514084991,0.9836149026475078,0.9855905274710487,0.9801391741407169,0.9745640818127602,0.9791984794693813,0.9815921543524133,0.9844302245464065,0.9876208717165673,0.987219404464458,0.9884159233410144,0.985594098217802,0.9831555244496182,0.9794546712974854,0.9829888120404144,0.9861995059349192,0.9848914670735541
182,2860325000,0.9846204059832679,0.9836652617607857,0.984666781569142,0.9826370825129361,0.9811983411268551,0.9817650319248291,0.9826286797961914,0.9798707670574571,0.9777373765889288,0.9814120954520112,0.9865779396932933,0.9858664667897858,0.9774477996032735,0.9880061441694326,0.978169045788248,0.9810830263770053,0.9818750236685951,0.9774891917244277,0.9780603438099735,0.9787151634407995,0.9849924044468054,0.9819124979018333,0.9804520065382221,0.9803775665081448,0.9807353198979734,0.9912044896195112,0.9782886117145931,0.979005378880728,0.9784066230343107,0.985647282707749,0.9843893688265177,0.9828495428089227,0.9816991315664405,0.9854789780103111,0.9823065386489632,0.9746938391647477,0.9826135450521836,0.9808080692920784,0.9839152130601349,0.98516111728222,0.979091503327283,0.9838952147200509,0.9822333617989222,0.9805724526725621,0.9786666805635004,0.9795420482156106,0.9859322506680498,0.9796394015978334,0.979876701779735,0.9754790369588885
183,2860600000,0.9751087444968091,0.9847814931778855,0.9768780914094538,0.9757372304054157,0.9833198527499172,0.978757158082418,0.9812905025075093,0.9733997647884691,0.9800566028299529,0.9822203374306039,0.9816983677359498,0.9829675688640159,0.9864207346733144,0.9863986936346946,0.9806500239861053,0.9785631224607896,0.9846535885385783,0.9841126982504346,0.9791928938139587,0.9812361699297684,0.9836946387085684,0.9789674915710177,0.9797017354100729,0.9771819512300747,0.9814360549139057,0.9787949089968828,0.9833591624596035,0.9803444683668998,0.986138311301929,0.9771710173844008,0.980961850019754,0.9864829106781672,0.9812575165008749,0.9818986667663301,0.98188168798215,0.9849280024495548,0.9842943354472727,0.9840726164684038,0.986860401759668,0.9756186913494623,0.9778692986073023,0.9802949196568053,0.978372421175154,0.9819252601284851,0.9842947806586927,0.983908429100207,0.979521224929713,0.9776400953943785,0.9757198903230869,0.9873711940565247
184,2860875000,0.9822524447880951,0.9802302752995807,0.9770207797016462,0.9799667809551831,0.9793281636496795,0.9778727093138535,0.9827494178704003,0.9870900103981897,0.9759694411884414,0.9876487138771165,0.9841435420650265,0.9797785252378618,0.9824369415659909,0.9776821639334198,0.9803486126067635,0.9802988896561159,0.982575431526686,0.973949017809896,0.9874132026519703,0.9874214268049948,0.984655049605379,0.9767975656624498,0.9842392797529267,0.983711891123429,0.9810991064567628,0.9853985995056922,0.980539611371113,0.9794481502733647,0.979086391624599,0.9758691036023271,0.9767366183747767,0.9792970739009534,0.9818250687723759,0.9803224139045534,0.9791411593721918,0.9828196455136844,0.9701932332789694,0.9815681826744617,0.9768056599897776,0.9895110173340284,0.9814200881502049,0.9842827599178688,0.9852128801955928,0.9870665915441361,0.9764914282683873,0.983446585287836,0.9817742556799004,0.9821155421308415,0.9788962279366533,0.9882081336925413
185,2861150000,0.9782674305654779,0.9814385968834338,0.9762651859504592,0.9779202245547013,0.9782911089841232,0.986600043827525,0.9786930501840345,0.981448168735358,0.976599533996452,0.9815903522410223,0.9866914191712151,0.9769642514218979,0.9862730043469297,0.9796384400594795,0.9805425413860896,0.9833426779767015,0.9847223932572117,0.9764681001869459,0.9777928647562726,0.9768155038366099,0.9872837713410052,0.9819155338071123,0.9734143333756927,0.9802584374881022,0.9772804811085943,0.9883668886916316,0.9795188018125583,0.9814955766640343,0.9877476968421037,0.9753567797640496,0.9837009877769486,0.9783253502400879,0.9745452137407004,0.9796007276900203,0.9820047909438082,0.9760219082236475,0.9839738509705432,0.9791988547668798,0.9791292188382409,0.983265999805472,0.9815721611290552,0.9786143173321069,0.9759875764720536,0.9809675163000637,0.9710350965989158,0.9815883219888871,0.9841222631774584,0.9846511856192409,0.9830268040956345,0.9834777037744874
186,2861425000,0.9767949584903701,0.9797012193950702,0.9781201304891817,0.9781312345422372,0.981064081618611,0.9856725922035247,0.9821887141255402,0.9810914598646819,0.9776624331813243,0.9781281840440842,0.9735852619787977,0.9758315078637095,0.9822072467486868,0.9807066070924881,0.9702153708802125,0.9793646133357617,0.9786017459512288,0.9772806051448851,0.9805122990205538,0.9835062956036991,0.9765911525439698,0.9819361216685656,0.9705392373435003,0.9787166951080379,0.9763333249964502,0.9852999476387643,0.9796547054175306,0.9782731002893632,0.975887126348402,0.9753602494788982,0.9808654718173475,0.9831092596534448,0.9873002620063438,0.9850957098051092,0.9766814161321953,0.975480807997714,0.9760230786807587,0.9793946067282329,0.9740103068060376,0.9724385694654135,0.9782145399308563,0.9788432725992448,0.9754406390183754,0.9814806500067685,0.9882843321169977,0.9782167887346881,0.9768433184347396,0.9775513090838043,0.9755581403980328,0.9790286643363011
187,2861700000,0.9810227096938751,0.9762895152061295,0.9807411547648008,0.9805255486016142,0.9750248842541085,0.98043435420737,0.9779267756738649,0.976676645618333,0.9805831024197722,0.980094913001576,0.9818802379922958,0.980148508892562,0.9776914758690537,0.9731003783245469,0.9754743676686917,0.9761960263248088,0.9783569844842619,0.978186274678497,0.9797900728024876,0.9884685658136942,0.9757635040368293,0.9783201735925003,0.9769723032743904,0.9775040780561424,0.9814280942533841,0.9829936611015125,0.9782434725733941,0.9808105782503082,0.9806892038462472,0.9777126574352771,0.9767100361341301,0.9767596572152101,0.972484986427825,0.9797545875660995,0.9765789644907871,0.9875804142759868,0.974053717574457,0.9743355383569232,0.9739882862515996,0.9767413337444698,0.980927108067618,0.9772192658186102,0.9778792284577943,0.9797128739435621,0.9739222169184403,0.9760663143007562,0.9843559452602143,0.9703270580995293,0.9749941417145862,0.9783696408572587
188,2861975000,0.9749980062027228,0.9746546172945327,0.9688756763832622,0.9777957780310098,0.9799736102479327,0.9739129749697606,0.9730542904330144,0.975639760482035,0.9736305653281716,0.9755901181734592,0.9759330523300165,0.9797384099776152,0.9741371569909133,0.9763410589468421,0.9824555128726911,0.976405534416629,0.9768613626257873,0.9745736087547527,0.9834177492901327,0.9785853418629197,0.9874304691865682,0.9719811371294883,0.9707001514558244,0.9721501554042573,0.973867667006968,0.9758315796409381,0.9781649625112636,0.9789135219217462,0.9781795218450793,0.9789091050190033,0.9788888526263863,0.9695288395491152,0.9784055496885081,0.9810096994618823,0.973554949349407,0.9780803790404717,0.9798472729762157,0.9788191534950482,0.9732896719970873,0.9725853552905348,0.9799337850138401,0.9782436587389385,0.974506246689443,0.9712533926590383,0.9824381147049399,0.9781349601634451,0.9774643375147766,0.9780285706978651,0.971312787113937,0.9754651724535585
189,2862250000,0.9729775165581798,0.9730010149837823,0.9679584017703353,0.9810356958810126,0.9748466224157027,0.9754782529914505,0.9778757653201687,0.9739138154318793,0.975903345847107,0.9730512729888325,0.9777140892449477,0.9783168150133059,0.9813983679330742,0.9781304590808811,0.9792884858018039,0.974394059120516,0.9732209375624219,0.9764527547061728,0.982070588171476,0.9780155405486033,0.9725063601055446,0.9778184976580766,0.9784634322115318,0.9791507808356538,0.9783901287878374,0.9816767424977955,0.9771886441730847,0.9792105585810142,0.9771993572959002,0.9676086702501082,0.9798896778671691,0.9715700356144875,0.9808869285300157,0.9813448108144549,0.9757506713882242,0.9754532975050633,0.9737957863231931,0.971155014045699,0.9766155112077416,0.9752253956651717,0.9787938787811175,0.9808577807163087,0.9733109550319788,0.9773734131699977,0.9748629034275302,0.9724533604743921,0.9690353744718879,0.97328892800104,0.9774084773023836,0.9823559526938446
190,2862525000,0.974760134427245,0.9722502805348864,0.9822319221205719,0.9754837189294714,0.972088053205078,0.9788226226445123,0.9733872223397423,0.973795734728382,0.9737467504809649,0.9745559671433605,0.9732217297385231,0.9755063182308301,0.9846092587305793,0.9808889997538077,0.975917286576003,0.9768214136740424,0.984981432286347,0.9775526543436353,0.9753037514963927,0.9736298718624032,0.9735135701485391,0.9765742903555382,0.9769314954520474,0.9829134111824089,0.9735184401177648,0.978895025063915,0.9823707732009552,0.9790369622819542,0.976150866854776,0.9819708867714512,0.9678374147427601,0.9727712793738897,0.9726484104661322,0.9782751037733906,0.9660628982303751,0.9795505305749872,0.9696881160054045,0.9739399142502095,0.9695532856682328,0.9761434482975175,0.9743504170926596,0.9770288399619521,0.9737293789691435,0.968967529347719,0.9744764069631962,0.9732990407326688,0.9768320031119583,0.9753666852858567,0.9733992309060705,0.9779074515729917
191,2862800000,0.9723853443023934,0.9777801323638073,0.9754004360451656,0.9731633693697131,0.9746754990716043,0.9751804367464111,0.9706851264736912,0.9782976725542692,0.9716574945348564,0.9776584922083125,0.9738832825810024,0.969275768785563,0.9714822093918443,0.9796983738376345,0.9682537848940245,0.9785145096086665,0.9712104875996725,0.9793559363312022,0.9718476463661152,0.9754799295505188,0.9782956018151788,0.9709118029455883,0.9735513124063557,0.9709681510925287,0.9735836722777547,0.973297628667101,0.9771172368035327,0.9760373983174196,0.9775465599165231,0.9702632252009527,0.9672265094636141,0.9754166009282702,0.9730873882478661,0.9732129404539669,0.9710232820440061,0.9709862104859827,0.9742270001271542,0.9733866367978257,0.9693030631420875,0.9753226571437682,0.9797974545171306,0.9741163965809905,0.9786571799255981,0.9733845261800621,0.9770522289344576,0.9708175680702723,0.9772822042563474,0.9762758854893359,0.9798795506941838,0.9771711243270429
192,2863075000,0.9771690279073535,0.9691286760495206,0.9687758089617508,0.9659219955936144,0.972852736205212,0.975124268364045,0.9668786319299796,0.974865865868985,0.9754996958295519,0.9698184615753744,0.975011758452203,0.969243895732562,0.9785173000272684,0.973761985031544,0.9756070728491947,0.9787625284862335,0.9763125216598828,0.9744109633237559,0.9701158266634563,0.9703888862677655,0.9779912708492002,0.9798609973604181,0.9783883245750042,0.9754725802243108,0.9740943613936629,0.9652072311941674,0.9751297453397307,0.9720197655118208,0.9708079549476638,0.975289570842329,0.9731914677169945,0.9694771341644376,0.9774349079858083,0.9675624619829338,0.963514548834831,0.9776779856281969,0.9667268130899933,0.9696522077189822,0.9764596379266327,0.9626169920189916,0.9712835305877109,0.9748012545721334,0.970469347348016,0.9732813896087446,0.9681290275788181,0.9753335846833593,0.9702823213939407,0.9741526712224662,0.9749110921402508,0.9693485718734912
193,2863350000,0.9797778779738767,0.977304489649487,0.9727584505649508,0.9751835556518051,0.9721597652022262,0.9746400705733644,0.9739647253653544,0.9691744540679292,0.9738686573900565,0.973593242586631,0.9778971153889868,0.9712669315307816,0.9740539752635344,0.9701341929313412,0.9701621874974989,0.9695824505325173,0.9719595871396103,0.9743167914206551,0.9779641125178576,0.973688480917307,0.9734057925536256,0.9713653807844583,0.9680124119032254,0.9709704034617843,0.976220824685842,0.9673520643151288,0.9692541055251038,0.9697794013158699,0.9727692767717494,0.9739033326454375,0.9718840930486861,0.9758427985012869,0.9706451637633303,0.9706438163551412,0.9659457932259364,0.970497207849569,0.9749387139774777,0.9780188674907483,0.9816093109529433,0.9672315017791743,0.9703455392602561,0.9752043510944983,0.9701726190904285,0.9696247087324347,0.9725508386609272,0.9781644215660008,0.9720031467244509,0.9716166335775622,0.9678700221243495,0.9741629771240875
194,2863625000,0.9752669090038072,0.9756357477306741,0.9744559795824476,0.9726898465170879,0.9697833037994853,0.9728712773314795,0.9687222012554217,0.9779178109958632,0.9698009684999913,0.9736866168443968,0.9716725684881221,0.9694118838853991,0.9704256462274965,0.9671576962217852,0.9742159150813465,0.9751531089520497,0.9736307441807698,0.9712285567539883,0.9786633182959463,0.9701516857189523,0.9729158333361998,0.9699986873259319,0.9770721872039783,0.978230616268238,0.9600341631781406,0.9696422826652693,0.9725262063907061,0.9803332985112713,0.9734788272083869,0.9782144211229049,0.9696575323890019,0.9745770794080189,0.9712945911846227,0.9738793332384045,0.9691936368819358,0.9739138482237689,0.9715471116894395,0.9737848224074548,0.9779459811962872,0.9665185831894625,0.9685216233004812,0.9709056155497292,0.9680350812389262,0.9714041515763344,0.9685030031371378,0.9738121205565393,0.9690817933900882,0.9730825571251498,0.9783046687343142,0.9776786540410919
195,2863900000,0.9714874168273605,0.9660113618256192,0.9717703941229789,0.9651188433179086,0.975993613153293,0.972695978694722,0.9696220603816135,0.9655778602632848,0.9742434852795858,0.9712990633502573,0.973619985812922,0.9756482217476805,0.9729171034859054,0.9736912105654714,0.973154107835141,0.9720784845848393,0.9746951041657325,0.9709138920961207,0.9665495032095428,0.9741145537234434,0.9663570652362203,0.9749416312238472,0.9711614620760877,0.9675920213074171,0.9672390658472955,0.9697536939851037,0.9738327680902988,0.9730401421897774,0.969694200158555,0.9759279135786503,0.9753275531091814,0.9790745891028673,0.974671502467911,0.9652169039241911,0.9687026658676632,0.9701623866902529,0.9694032978901158,0.9704882579395057,0.9666385185454696,0.9674008563244361,0.9771136555215945,0.9695299775740317,0.9747639468781601,0.9717769155192905,0.9703498496793858,0.9684272256466143,0.966834254127502,0.9656253266018981,0.9740629985349654,0.9694607435924734
196,2864175000,0.9641562302458195,0.9672499677638537,0.9687331214913154,0.9736383900672978,0.9657668593352814,0.9673415337283714,0.9741848993291653,0.969587100570316,0.9638741146050647,0.9682799059277423,0.9699982791467905,0.9724485768368016,0.9737737534815598,0.9693752423765439,0.9727450906918389,0.9694898681423063,0.976478493786701,0.9690512344085347,0.9790343831393649,0.9699375525892793,0.9732198113628716,0.9744000840687143,0.9728452764955055,0.9697803966245793,0.9689775853755146,0.9680680534273061,0.9695400780278471,0.9675471323805818,0.974635043863434,0.9687481497575607,0.9721271140231791,0.9676627294545563,0.9780654504125549,0.9718157619919202,0.9696817277276559,0.9742520223119576,0.97912035899227,0.9701900792480598,0.9740401132310642,0.9706900244108818,0.9698317007809645,0.9755159335672395,0.9774590359963437,0.9632118315072976,0.9644275488815099,0.9783772275129504,0.9727792941339904,0.9617530920640147,0.9723345274255117,0.9755283813322722
197,2864450000,0.9708138778026335,0.9708569937529953,0.9695429134412951,0.9637653202811647,0.9682777988147585,0.9760164778904209,0.9761798794005921,0.9683309164661842,0.9684107928615788,0.972079255867386,0.9689391878661714,0.9762308272981705,0.9723902764596806,0.9720149196454585,0.9644870782384373,0.9664805363017004,0.9741496274744907,0.9659734811656605,0.9700990224137797,0.9763117104210018,0.9760956298360444,0.9698285886264888,0.9698360859368567,0.9708780626242307,0.9706803046167777,0.9679017028642374,0.967325303929667,0.9640492140970468,0.9654914053531407,0.9739977461852327,0.974416095467298,0.9657403724878256,0.9716389799070277,0.9692124275298527,0.976425137317906,0.9688568442521401,0.9678386507325989,0.9709216093012861,0.9680926021541529,0.9640816584012971,0.9648462297993644,0.9720075408332451,0.9649149404291203,0.9626207068567376,0.9637573392903369,0.9721765566608669,0.975720336396322,0.9716625525828293,0.9590034179641068,0.9603476794841932
198,2864725000,0.9658231381215775,0.9660614322172119,0.9692830173454337,0.9749117048352092,0.9728041876017878,0.9648063488263257,0.9655092193137355,0.9719284741859794,0.968481938903812,0.9644313565227355,0.9702939804666584,0.9708334710406504,0.9692560361543386,0.9775551516367339,0.9695682986174092,0.9698711438014431,0.9738759096381706,0.965096144162905,0.972336882654088,0.9689460240756095,0.9684428389819749,0.9663056151001612,0.9704232505485411,0.975724221976553,0.9766856068324591,0.9653508774269253,0.9734640079732971,0.9693995675876119,0.9666457475982659,0.9731125504331952,0.9667736924880912,0.9703467996988763,0.9675391571898997,0.9710813751126316,0.9681840620338554,0.9679433357145688,0.9756416206367893,0.9671684990401624,0.9682063967121415,0.9699437436094657,0.9652332933660566,0.974929551535859,0.9702319257736027,0.9631041997933887,0.9745392677686205,0.9717600725373271,0.9690769699487536,0.9706268002217733,0.9658966066101341,0.9584007415672458
199,2865000000,0.9657114838724237,0.9688485364903302,0.9696184204871369,0.9671449702582371,0.9758590462268463,0.9688743002398678,0.9633942329371749,0.9677267420455825,0.9667723737652177,0.9769926778605732,0.9656802395005103,0.9735321290031104,0.9706201550887297,0.9658819740500955,0.9705154592293586,0.9623719801854949,0.964217534096244,0.9683046586529257,0.9694274535589046,0.9679125151570686,0.968490019168313,0.969405854943337,0.9710996805022574,0.9766928208700577,0.9721844593430968,0.9728287836474914,0.9714677152809038,0.9669926850919213,0.9698620696978079,0.97207982290061,0.969279767298611,0.9728206136162586,0.9645776414523278,0.9694733329893337,0.9691885134418502,0.9675208667077173,0.9754031386761233,0.9656146203987311,0.9749005362133811,0.9648794449570781,0.9696316433995263,0.97159732602543,0.9635605219163659,0.9684528793370245,0.9653106454129461,0.968793498793168,0.9662452719991145,0.9752168073245618,0.9709662791354464,0.9699802188675493
200,2865275000,0.966928159919514,0.973785466850506,0.9688073054655231,0.9680761420953751,0.9675269269556745,0.9695625587249651,0.9794293533894558,0.9573785908016491,0.9700015153836609,0.9718905155463653,0.9750902585672796,0.9774695722878163,0.9696968531279572,0.9700106128362237,0.9686915334884683,0.9652657916705615,0.9647010250207527,0.9656485444908174,0.9662796063979741,0.9621223674391556,0.9722022753698947,0.970268341845564,0.965477495504022,0.9682984828419936,0.9730500569539549,0.9643167097884436,0.9658214245044766,0.965470736587597,0.9670723126621966,0.9710418031195603,0.9748545005370207,0.9712409887301211,0.9702067926712261,0.9676279883506895,0.971202806871483,0.9664627478869894,0.964171680681561,0.964012229671851,0.9723871154044744,0.9717060681906272,0.9652007997237718,0.9758464696665041,0.9698768344374427,0.968138310755484,0.9671847220099575,0.9723268803518289,0.9718293138974948,0.9685272381779522,0.9676722334661564,0.978811732302655
201,2865550000,0.969379683570926,0.9671963200480607,0.9676805223458729,0.9666794779110561,0.9653552519846024,0.9683146527864354,0.9607252435000254,0.9687153333861693,0.9716082831497227,0.9717873912770976,0.9660341091851847,0.9721012933472735,0.9638658354830643,0.9674887878960375,0.9708302785631874,0.9771020834201163,0.9707810709711524,0.9703578573439045,0.9711698508899844,0.9673097639096818,0.9735007948511503,0.9752225393105097,0.9681050543002891,0.9646714083647245,0.9727764320575473,0.9740606290384716,0.9679954624617456,0.9730825481906674,0.969072392117002,0.966105051546343,0.9648614389072372,0.9717214876806448,0.9681576671105117,0.9654643074190356,0.9734118238029813,0.9736011902665382,0.9635172245123975,0.9673956831075624,0.9724396287198843,0.977113505003279,0.9646705789002731,0.9691526327170276,0.9643768218588449,0.9717856848463358,0.9613707125586314,0.9726924823826817,0.9763771577090535,0.968201401323054,0.9655822946179502,0.9731402701209714
202,2865825000,0.9663132493771958,0.9677538202425929,0.968471924748435,0.9758688355213326,0.9744780023964346,0.9664083888836166,0.9688926558719579,0.9724418452204582,0.9699623116078573,0.9780278745272423,0.9783772684262949,0.9706210287979362,0.9725323082887969,0.9685335721841218,0.9684074697607505,0.9636393017602473,0.9721917565347497,0.9685207316869374,0.9757812184246601,0.9666514101526175,0.9662195788364708,0.973565202402123,0.9738205813653916,0.9721349290658937,0.9695787233394045,0.9764739232948721,0.9716721768297406,0.9659804289987384,0.9663643993696734,0.9637224725333685,0.9640896126880132,0.9749734263613,0.9720398584878309,0.9725521558147832,0.9728071420292767,0.9687261942322233,0.9674723633226452,0.964460288819311,0.9653485114083004,0.9669300390232365,0.966904433981028,0.9707502187443633,0.9759971744508937,0.974329062533683,0.9606250055196427,0.9623634981504814,0.9670320595999138,0.9707806483975486,0.968576797183072,0.9662621311636425
203,2866100000,0.9688634518061982,0.9745775793091798,0.9670709157289644,0.9722628467209259,0.9694202567234982,0.9664021445649699,0.9740135519146857,0.9702252440841174,0.9742020643861409,0.9716101702594471,0.9701896657214685,0.9691807840181548,0.9722598313043614,0.9700117035610019,0.9708594672544865,0.9781579887874269,0.9802214978792777,0.9668044313790767,0.9712665742016944,0.9747201424622135,0.9694419317548034,0.9700954226362277,0.9703350916014227,0.9720174724901947,0.9699246390362185,0.9702227285058085,0.9679671777886557,0.9760083316139768,0.9704810028557703,0.9663004103552514,0.971749661453069,0.9703822143928039,0.9674700186621353,0.9665834730173358,0.9703251459011084,0.966171634049147,0.9691848322026861,0.9718548292486021,0.9679008802150609,0.97290846513796,0.96328025573238,0.9704220249022729,0.9717930249821032,0.9643504916674923,0.9649446850000869,0.9670128803769777,0.9792119713570543,0.9749037146530327,0.967321356203153,0.9706430539906955
204,2866375000,0.9702082300414108,0.9698653451442647,0.970393060078851,0.972389813771987,0.9701015882325348,0.9718598267007887,0.9791353378888226,0.9754669187567756,0.9744901604410844,0.9756831824600503,0.9706488404668668,0.9759762783863626,0.9693287797385561,0.9724925420210713,0.9718489945595516,0.9718771067262274,0.9682249357551986,0.978072178770396,0.9708293883875869,0.9666881144495989,0.9662901611143676,0.9720876641712909,0.9713775142850717,0.9726252204259718,0.9654257958704676,0.9697218271901241,0.971049995329383,0.982605433303826,0.9732881938974072,0.9678578512748607,0.9703262920128234,0.970272776955265,0.9696892800474259,0.9705695969339525,0.9721384305161489,0.9761417109367463,0.9754856333475337,0.9755532663840908,0.9743902782230837,0.9793449820153621,0.9703047018461968,0.9664377575037232,0.9735531734177937,0.9759303938443181,0.9743527573023826,0.9687819124953001,0.9737280064363787,0.9708241964636342,0.9726413454265642,0.9757766691838279
205,2866650000,0.9739814580170987,0.9679175949385554,0.9760671386121376,0.9704479749868824,0.9761208583879101,0.9725584206569694,0.9773339150718041,0.9761321973105562,0.9740301040397602,0.9757059644997818,0.9699093720194031,0.9696093571372417,0.973248226672598,0.9765726798365019,0.9663556029654995,0.9733971048798465,0.9761440394636303,0.9785733704102968,0.9823426425249037,0.9744940482635911,0.9743028433508575,0.9739162423955368,0.9727154077874968,0.9728052649926016,0.973730536636744,0.9760556423112797,0.9728139660508227,0.967516825669062,0.9681808589448673,0.9722544638681063,0.9748873000150433,0.9724124580284218,0.9703004139578025,0.9695977158910004,0.9764456408781963,0.9758422871044198,0.9711038208334258,0.971916493293353,0.9750305779368699,0.9687975279043679,0.9740254770534404,0.9677526854653135,0.9710176673156611,0.9746950288337857,0.9781101797268946,0.9715639981022647,0.9762069868890031,0.9704447581577164,0.9716949337897607,0.9712717350028838
206,2866925000,0.9733366727501399,0.9763384878021617,0.9775784779864009,0.9815570982305534,0.9755022684578903,0.966978031901602,0.9737731078303589,0.9776845902590963,0.9766189951805221,0.9718564138950069,0.9747425374588335,0.9782300573673777,0.9811389868951339,0.9798586828438824,0.9742742046205327,0.9728252964836426,0.9740904204669699,0.9733072049754506,0.9788507864619097,0.9721362674418549,0.9788838394837277,0.9761651750685102,0.9769010758612283,0.9719733356066845,0.9819523190037225,0.9711539841659516,0.9726309526721177,0.9723283730196851,0.9793378073756138,0.9769467909937288,0.9737844023084458,0.9632487296437954,0.9770218768191756,0.97995205952267,0.976874970822485,0.9727307818203081,0.9744152383584758,0.9732736119462302,0.9827822966722098,0.9719546033637484,0.9737685170730472,0.972927473240992,0.9762920930563813,0.9699658280455925,0.9732477363998228,0.97472125270693,0.973847117741305,0.9707751313429306,0.9791210523720381,0.9732729180983605
207,2867200000,0.9746002160604436,0.9791641026482084,0.976803218991861,0.9807546256509347,0.9811579513736831,0.9739735913563604,0.9745525723472525,0.9801936827270201,0.9797887949104567,0.9760757878928238,0.9720645959917255,0.9818889862491452,0.9728514606604539,0.9703726343064388,0.9821042359705269,0.9814125172269438,0.9746606480566171,0.9756711123046603,0.976811458432827,0.9751245796714556,0.9772386783481112,0.9730961989510412,0.9727279582766275,0.9795711522710425,0.9835473817310377,0.9744762370327154,0.9778399344848215,0.9759214842531545,0.978242495563559,0.9761587690175566,0.9770300889112155,0.9800788896331969,0.9777795207651554,0.9753965560070605,0.9789865823113213,0.9726524320002383,0.976590854367115,0.9744294535278486,0.97874842591244,0.9799749069848895,0.9713580065696918,0.9728095082116514,0.9729825679002775,0.9870628177499361,0.9739731597477896,0.9783247251871193,0.9749258147733108,0.9732736639813835,0.9733926303797552,0.9828063027691162
208,2867475000,0.9784935085422654,0.9772349457633893,0.9747583076592207,0.977627110439682,0.9794822371150794,0.9750014054533505,0.9772008103771418,0.9759554947487749,0.9754023754022096,0.9830604359595889,0.9807601743596835,0.9829841590005417,0.9743632718256441,0.9782796932275725,0.9781800460757603,0.9754541061575841,0.9773580158885886,0.9780870564934917,0.9775859227249781,0.9761106409721441,0.9782881862051728,0.9798594535207804,0.9829682775460775,0.9720439755968899,0.9716353115640989,0.9778811470642228,0.9796846810326598,0.9778398260907623,0.9810317113707315,0.9737140001570911,0.984542771840619,0.9769727440328572,0.985923109664621,0.9743516475725494,0.9781054032256676,0.9804932470943736,0.9824671055767775,0.9796228297240338,0.9819645155290904,0.9788319648464704,0.9719258024405535,0.9666353182223694,0.9744141272280425,0.9731981504103572,0.98137722524225,0.9798288756935675,0.9812268324556801,0.9767907370083087,0.9837985743191755,0.9854784861447458
209,2867750000,0.9744482644866725,0.9705444294406845,0.97452491974345,0.9764096771271523,0.9781353843610214,0.9809902196303706,0.9758786221323145,0.9753216290256447,0.9903700082778681,0.9728447616086169,0.9744237482067135,0.9802038444491824,0.9734236221233578,0.9800264129519615,0.9760885469387232,0.978836595512756,0.9788068925930845,0.9732543146287665,0.9737079997564314,0.9839229931006661,0.9781630187151683,0.9750765647887268,0.9782754719507003,0.9771013139963455,0.9827013958212498,0.9793781653119741,0.9797782897264787,0.9725279957053538,0.9777020964481666,0.974776910852831,0.9778173846077758,0.9779019017074483,0.9790863867162161,0.9825263512976451,0.9838343318599315,0.9819343074742986,0.9844584449379421,0.9820323165115866,0.9821028519617242,0.9720674049416064,0.9789384520318529,0.973891190439328,0.9767880677140397,0.9750707919815035,0.9773617459207412,0.9747772587336069,0.9833681829288019,0.9797766938705548,0.9755272665162822,0.9748033012730996
210,2868025000,0.9875591244764849,0.9780141955893716,0.983789810857385,0.9785733349739787,0.9806234970721471,0.9767189042895221,0.9804422066843302,0.9804861312602258,0.9826713128217969,0.9724007871521236,0.9843040625645098,0.9806093864005487,0.979505047483472,0.9728242970648335,0.9796805349464632,0.9736185202303019,0.9803121116946759,0.9787182884402162,0.9813266001551535,0.9835546199817216,0.9789767424465841,0.9752700654712007,0.9759076867662151,0.9768704084806661,0.9843965442735707,0.9802063831938995,0.9774676241762489,0.9768973377598877,0.9820699957183916,0.9807121221115567,0.9700376929241421,0.9808913077964365,0.9769422500352833,0.9787769641280752,0.9751990549906823,0.9800964103469697,0.9782710515494434,0.9740072784958962,0.9794419572128564,0.9885169586848975,0.9811639876547891,0.9830811771955561,0.9777317433396472,0.9831885125175444,0.9811470226311201,0.9756882319026451,0.9777469198442741,0.9787786039846096,0.9713369682059967,0.974536622110981
211,2868300000,0.9842075603778749,0.9823061231911959,0.976979758367925,0.9877471345200212,0.980443793056256,0.9786530726327812,0.9795959300387064,0.9797761074642923,0.9897393977307175,0.9845589815043185,0.9804826960541357,0.981267440607338,0.9858900291365849,0.9738048323481687,0.9793213544635638,0.9759392928494082,0.9820446461778363,0.9738555436003172,0.9801910677632015,0.9734317167805643,0.9797603185948137,0.9768387437314832,0.9812194276482795,0.9804718860808729,0.9841889520185909,0.9820843037868926,0.98250173552197,0.9830623111086246,0.9747266511193386,0.9823601120859737,0.9767605668307442,0.9768561038253422,0.980511294567282,0.9785493115663411,0.9806122375422506,0.9871992925134001,0.9765274102916075,0.9818590166861083,0.9746965029059029,0.9740458716166094,0.97690379824983,0.9800157522486309,0.9780524914225982,0.9762819076872541,0.9814016555303756,0.9758755003226147,0.9761793640611869,0.9708866334826497,0.9746613889523111,0.9869320665672273
212,2868575000,0.9795203116603028,0.9842714831574851,0.975119656320472,0.9835909557532956,0.9782618566359939,0.9822318270689775,0.9823730052622638,0.9821857449607232,0.9873456360424716,0.9795644000999202,0.9726695810933382,0.9769185889432361,0.9748170900627882,0.9828529320299878,0.982367694742015,0.9803549113514952,0.9779324636858333,0.9795739503513993,0.9774559638280134,0.9806516477157793,0.9824047216958459,0.9812711781651307,0.9816575695340954,0.9823677050482263,0.9794829586164494,0.983524167509981,0.9758215537988776,0.9739735718668512,0.9851145584152322,0.9772613552238596,0.9841244931638027,0.9810583241591823,0.9850934336726979,0.9769259880529545,0.9841391524899278,0.9866712759249159,0.98230112876852,0.9815304333683956,0.9769519153832957,0.9792538194412674,0.9802702120479538,0.9774861936268703,0.9843962183987693,0.9803292784651011,0.9744278890626599,0.9796530719863389,0.9709940827842595,0.9761016882080527,0.9767462834039853,0.9759621302065857
213,2868850000,0.9799425434240417,0.9803161702328514,0.9831532963383599,0.9810429022566348,0.9736612075275507,0.9788893099899465,0.9761660219414245,0.9804186308466375,0.9827001733115962,0.9827650093674846,0.9757597419980573,0.9832515119546724,0.9761364963661586,0.9787512146705848,0.976056615653117,0.9775468967125236,0.9794427289272535,0.9874522820036756,0.980010419261074,0.9898395985567346,0.977349686898358,0.9753070894211945,0.9803249896814609,0.9851108918678486,0.9765766671512516,0.9787822805151695,0.9889640006934668,0.9777466800313458,0.9789256662158663,0.9762697808855433,0.9755105936117984,0.9731948936092181,0.9791512989267006,0.9741257933563195,0.9824136568885714,0.9796715863337143,0.9877699720592483,0.9873421329699292,0.9783379865139123,0.9777571529751892,0.9850207843932902,0.9725516282325397,0.9791233485619762,0.984816402287756,0.9814966664847716,0.9757296882488686,0.9768711087692035,0.9842358048940328,0.9765015292936162,0.9813698719840493
214,2869125000,0.9861443172037725,0.9734888060219488,0.9854695495138879,0.9810920905142618,0.9743250222192898,0.9812584068477186,0.9848342237391059,0.9779392247517149,0.9798544667205517,0.9810696388495067,0.9755327857366736,0.9859419013616166,0.9695578008066965,0.9818951840433484,0.9770830736253509,0.9811830326388175,0.9779782867270963,0.9793502726536005,0.9764578075218817,0.97324487572936,0.9784547105085379,0.9781091249514037,0.9801342992914998,0.9812021546379323,0.9830120325709548,0.9694759369484369,0.9824483286391802,0.9771546576758892,0.9737694525348212,0.9774068104506497,0.9786754996313856,0.9768349989964479,0.983949872293238,0.9788617372776272,0.9804563913785167,0.9798165647705701,0.9848198930238987,0.9798449630195467,0.9771853768076127,0.9849875213518751,0.9720759299924683,0.9799647840426262,0.9764493048355926,0.9821337056147601,0.976395209707829,0.9755954354000722,0.9794003353603644,0.9820647888854854,0.9780954188624829,0.976360161354512
215,2869400000,0.9816548940151969,0.9748693645131844,0.9704510701103201,0.9723307351038144,0.9808861480847437,0.9780998791856097,0.9801598071912255,0.9755171351510162,0.9791920474369389,0.9835983265521842,0.983074978461394,0.9728641941631627,0.9795431306806068,0.9786850474207606,0.9838697015873036,0.9804691685045075,0.9817328650222454,0.9753593863012908,0.9811047183708488,0.9852789544235729,0.9777074562375786,0.9756065152065708,0.979255790446575,0.9795810263760513,0.9753297861484582,0.9767284564641598,0.9781252653724478,0.9761312565567323,0.9795382138258916,0.9816504797466953,0.9815596870386777,0.9742936602623214,0.9775099748276856,0.9790629908226944,0.9759447032722217,0.9813421483005935,0.9821151023106661,0.9825089876277245,0.9769601158083094,0.9786916981789555,0.9784366722478972,0.9734949647610047,0.9710723083264671,0.9770016216596322,0.980376920573983,0.96915981942288,0.9797290560037293,0.9812089180928786,0.9775102447515058,0.9784818725545512
216,2869675000,0.9760547895113123,0.9767219231790687,0.9780793148447424,0.9776011682988128,0.9736188800752317,0.975684046141649,0.9775100451237377,0.9772805744573716,0.9780469199670633,0.9772569624888533,0.9778194372545662,0.9771184539882435,0.9741540345870988,0.9717246660218876,0.9692893381974449,0.9743768587309649,0.9758962579461886,0.9792122542483006,0.9797775493922829,0.9797495898824897,0.9852272730604261,0.9788154914864748,0.9781340718162221,0.9831663883411436,0.9844383738473538,0.9799086840010712,0.9849048203080725,0.9763305839835312,0.9741560815023456,0.9842642416081796,0.9820438331591484,0.9775199504705454,0.9708987008814687,0.9716879280632315,0.9723360517581555,0.9800983461536276,0.9753632609513022,0.9756784722908943,0.9785236740091237,0.9728394175653838,0.9766420761565267,0.9816684389998449,0.9797665996742412,0.9800748991507785,0.9795048576628159,0.9836606201782816,0.9716331988396915,0.9685487477298813,0.9834936402524094,0.9795254038173422
217,2869950000,0.9784949799643331,0.9723633678421845,0.9773373192940389,0.9655808961458773,0.9780678950095267,0.9758548499011385,0.9709344701520222,0.9757481480482669,0.9782395640248075,0.9759786098711635,0.9704787109170887,0.976057913522395,0.9657388807457988,0.9764746174392853,0.9759962224483162,0.9766413477408764,0.9767544201500685,0.9659080678669502,0.97391771691961,0.9753164753170792,0.9678669285765948,0.9742727606702256,0.9768583996675796,0.9725036757070814,0.9765176835255124,0.9726828034589856,0.9691243741895947,0.9732216923768715,0.9765887355367796,0.9743922789919643,0.9756818170956508,0.9721705496110089,0.9743450478923356,0.9757246515706363,0.974334375359186,0.9771444012919187,0.9753982913355137,0.9814249285461971,0.9735114009861137,0.9728711700727616,0.9738203521632981,0.9746311162733443,0.9743970774942352,0.9813650928280409,0.9770388053218413,0.9773086489544742,0.9786813100599311,0.9774854591712124,0.9724664241613467,0.977521128479767
218,2870225000,0.9648948553969416,0.9652392287142297,0.9709111074041901,0.9763422499244601,0.9678696338536412,0.9725943130038306,0.9630967342373457,0.9728253796971305,0.9743477383285789,0.9769823668579596,0.9779644396309093,0.9689082756114263,0.9746186188661051,0.9732938527073429,0.9729910163385573,0.974947592475924,0.9755825064688156,0.9796255939921381,0.978871564469,0.9789452185452164,0.9766966544073771,0.9756486606368612,0.9776584539208583,0.9705862658771893,0.9726763883136335,0.9717369090724016,0.969923080057748,0.9712414980885556,0.9689743681050299,0.9732282775134148,0.9775514411755757,0.9753126496946738,0.9735767933798939,0.9774543400759722,0.9778347959381758,0.9755962152011927,0.9813250643542497,0.9854623944079501,0.9686994150552053,0.976929404303534,0.972202998226784,0.9703411384301929,0.9731031293621412,0.9753641879304294,0.978647766969724,0.9750099934591285,0.975361351690609,0.9719846187458691,0.9725286246088112,0.9760448794692124
219,2870500000,0.9730657611222603,0.9711886382432424,0.9721339911439233,0.9759481698209056,0.9736835239500532,0.9744418128625122,0.972861316527423,0.9713728275813076,0.9724978040444806,0.9719430456497077,0.9637996453568882,0.9648448069513714,0.970864993552427,0.972910595596055,0.9667594967956388,0.9785450359492701,0.9737560367485444,0.9750543092918237,0.9769500401763066,0.9756798605434466,0.9752776457894855,0.9710899309824823,0.978870557195126,0.9721766723141582,0.9672656895550301,0.9742332536126919,0.9731732928348763,0.9667776313247398,0.9745611905346203,0.9743810810214637,0.9739828164325603,0.9743476275943808,0.9745977240715094,0.9718976239277067,0.9686779233018634,0.9702728484811648,0.977002355945988,0.9764204120199212,0.9678150498604877,0.9629272870573098,0.9758743476459631,0.9733640647711256,0.9748242293080565,0.9721723047840719,0.9766793774598745,0.9798080201176789,0.9715906647805633,0.9709810935303143,0.9706788056828629,0.9803573139916261
220,2870775000,0.9704225753499226,0.9708547846718678,0.96830540319678,0.9726182137372315,0.9703345333820416,0.9753618872480304,0.9702064907382533,0.9719918852778193,0.9683698181339143,0.9733022965069833,0.9757627762983015,0.9618857674764716,0.9657914632007463,0.9731079248036448,0.9643087073183599,0.9732757312062164,0.9697840017563532,0.9698418607435036,0.9693828475307431,0.9740954958606824,0.9679074248553288,0.9727322432700025,0.9700600679278547,0.9737746312687648,0.9682460304440191,0.9677946427535643,0.9719399973653199,0.9666322419457195,0.9699542190642787,0.9764804214608316,0.9749450421301228,0.9660028353157534,0.9677399842029604,0.97344226832407,0.9625905203362812,0.9674075748914436,0.9717839671494348,0.9687157373599135,0.9718547438802473,0.9732122986924013,0.9668257210324215,0.9726256895760671,0.9739660186519024,0.9750054717645972,0.9649287924678998,0.9696269663825443,0.966321933687893,0.9824302282390888,0.9685074332126555,0.9676326077803211
221,2871050000,0.9741808413198739,0.9727250964580245,0.9677312462862635,0.9745253947461019,0.9702018375031264,0.9731827882771227,0.9726588338240869,0.9687089676948105,0.9660227326914161,0.9726821528155677,0.9609998705981763,0.9674078702057199,0.9756878925436144,0.9745853213610003,0.9678700784261495,0.9698743017069091,0.9682064961304908,0.9704750202664361,0.9658773337107404,0.9715124981621673,0.9692357328944571,0.971720197454392,0.9703869809166401,0.9710158347444612,0.9711849357276546,0.9684608542159677,0.9699266069142016,0.9781255609007165,0.9704279289198182,0.9700866822421272,0.969158928140048,0.9773068387996893,0.9732497449023765,0.9692989466546914,0.9695777923880362,0.9735051387385544,0.9656250134099936,0.9719388358448193,0.9738492507787856,0.9741693843679403,0.9663791369673621,0.9661404648892917,0.9703226275095284,0.9764147966896357,0.9709740624407772,0.971695902228028,0.9707980375266806,0.9741146921327197,0.9671196061667406,0.9659985845731927
222,2871325000,0.9735075340840408,0.9751701367077176,0.9676001067632741,0.967987684472196,0.9703990847942774,0.9764254018867806,0.9638559700748337,0.9699762037918686,0.96238520597158,0.9704521013749464,0.9629693880938016,0.9690277998348751,0.9744021935272557,0.9740678696942582,0.9634722207116628,0.9686456522026728,0.9688366784071487,0.9713487987037279,0.9665487352351679,0.9672041524220193,0.9711225167038013,0.9682960006352587,0.9723891516615505,0.967194028752208,0.9650078292381828,0.9679865000291036,0.9669306093261234,0.9677555832270474,0.9707010255896735,0.9690341108790493,0.9671335841844264,0.9693074293704412,0.9696450831277211,0.966266903562937,0.9720446742482656,0.9739240411171172,0.9634561357380746,0.9710617341141535,0.9636294502939119,0.9806215891912959,0.9688473907579142,0.9665094476554228,0.9770610313035459,0.9692379580586972,0.9727950392585282,0.9688707770996278,0.9709116964340891,0.9743136832989159,0.9716148905157709,0.9679078760969486
223,2871600000,0.9611658845129608,0.9690083082493641,0.9711624687877161,0.967519961847876,0.9740696280198459,0.9653102369900948,0.9675788127229906,0.9664632828093177,0.969293476028969,0.9675253729776643,0.969965856668135,0.971851592602385,0.9675865066729099,0.9709020616366452,0.97204867540717,0.9737024644358518,0.9687363848638105,0.9633123210493565,0.9660384390903385,0.9697378999970391,0.9715253293480339,0.964020403701165,0.9705753596775276,0.9679313344965335,0.9616845650216875,0.9716900299954199,0.9701451896073102,0.9649935164946607,0.9702746972125406,0.9637440336356039,0.9725532714343628,0.9684153027484741,0.9710988231149363,0.9725551231530656,0.9685605713045073,0.9622375425934565,0.9690276276543216,0.9652890682218856,0.9711745950837484,0.9653041292645417,0.965430445301457,0.9697518831896518,0.9680189123906916,0.9635453958821577,0.97157007037661,0.9744992751352111,0.9561099437717353,0.9629741392106945,0.972485295649036,0.9719216488158557
224,2871875000,0.9660858300524577,0.9622586445979814,0.9698988230968014,0.9734206226537834,0.9693109921111547,0.9699654585011913,0.9671765151473077,0.9674628412523502,0.9712052717065793,0.9643376034756316,0.9752373841917832,0.9649907053328184,0.9679933712778719,0.9720562846281209,0.9650096654174449,0.9658381060032792,0.9685414111943701,0.9711081133674518,0.970813321611492,0.9675856889406697,0.9692249590880057,0.9750125970273132,0.9714466615252343,0.9707724986954893,0.9655965693305852,0.9762162655325051,0.9762028382877763,0.9684182004231553,0.9668705265118163,0.9619000784468115,0.9681611660250181,0.9641775516141089,0.9707199710776819,0.9652221783501753,0.9622891177988042,0.9713852183719547,0.9684250900756792,0.9673841059770528,0.9728569497851615,0.9648212548105372,0.9663192653282752,0.9639982075778084,0.9623088730663746,0.9686441633897565,0.9616802042624576,0.9667146292660401,0.9699202660196086,0.96318590272969,0.9687861615975858,0.9688384887394892
225,2872150000,0.9657305356918897,0.9628518114355092,0.9733865088066597,0.9666834459790711,0.9706725395003628,0.9728503120310089,0.9740186419440786,0.9753154708314556,0.9707197835654492,0.9686226443611977,0.9692720083099955,0.9695500174611522,0.9658222099833382,0.9706440488639134,0.9734195836659847,0.9728428555064752,0.970380967101965,0.9656448159943071,0.9694722952158554,0.9706797190216034,0.9662721408832106,0.9710023847008633,0.968767092584244,0.9742449387833605,0.972395088263656,0.9584974699694379,0.967349611535485,0.9675150039801949,0.9697339077925161,0.9679182828291116,0.9671530360987802,0.9605233401592483,0.9667551855104477,0.9716286453140814,0.9705587396610211,0.9663094384665168,0.9758290585453858,0.9700047279531435,0.9664361384167008,0.9702233702213461,0.9646826396125837,0.9739133156713088,0.973069206525712,0.9659869584077138,0.967643973548934,0.9733262322217476,0.9693730705086282,0.9667223211463629,0.9631811950535851,0.9695832836315696
226,2872425000,0.9700392495848689,0.9695242533592574,0.9623503103409187,0.9700523598669806,0.9714256948729473,0.9720590195292126,0.9648928410755195,0.9683739102316306,0.9723179316716186,0.9740487962130208,0.9708228923487433,0.9672477074910424,0.9627755638707756,0.9675743238264798,0.9714521932060632,0.9687660673197446,0.9686809785131206,0.9619848295125814,0.9666929595295587,0.9710954338230144,0.9627320477259985,0.9689271381016383,0.9693084846549163,0.9753197278060681,0.9650169304800752,0.9721608738370594,0.9723166238499756,0.9722216329316112,0.974947278696291,0.9755170476099655,0.9696419322038285,0.9685616433652562,0.9681366367897167,0.9730156804627048,0.9692889850670856,0.9737975436993265,0.9673903249397687,0.9706280101325724,0.9727922162314764,0.9668330283718393,0.9700760644979517,0.9708883649385978,0.970344002248575,0.9682447143670514,0.9703689953460309,0.9691147968990294,0.968219536263881,0.9592316875852303,0.9729111857215276,0.9644373755662256
227,2872700000,0.9743666368366511,0.9677191960396873,0.9719910172233219,0.9712092745949374,0.9682727063410932,0.9686132864379785,0.9674699669179319,0.9649542480375388,0.9657053553609044,0.9706375914437504,0.9708904080302921,0.9681347799424924,0.9686968202080664,0.9767679723441643,0.9720854260827639,0.9763400878385626,0.973561092398059,0.9718861178171854,0.970366140188816,0.9674670368556428,0.9683120760827598,0.9648552533868184,0.9692681935667443,0.9722327813229322,0.9733108016224479,0.9702506822970591,0.9665059766623357,0.976183821888067,0.9735724758910299,0.9695451921200269,0.9621676801115644,0.9639303199007259,0.970384822431202,0.9716154975472115,0.9683640094755617,0.9654135063257823,0.971584715344127,0.9687446849767858,0.9685251044415911,0.9675240113404766,0.9651809209280018,0.9726819323006591,0.9692808945367856,0.964491796890729,0.9621473794254675,0.9785758880869615,0.9630741871585509,0.9671823364087984,0.9665305963326324,0.9687264521478981
228,2872975000,0.9686781039035252,0.9663528586819745,0.9677302712755088,0.9727931076639189,0.9699576970006168,0.9747020701647161,0.9715591205604985,0.9742798111157914,0.9691350499184102,0.9723835334113463,0.9697621076441335,0.9678024096159128,0.9717346345601187,0.9707860486363792,0.9695352507754629,0.9683296605998738,0.975467676366907,0.9721801268631809,0.9700955532948343,0.9635825798273271,0.9673973425524899,0.9776009679632138,0.9740998807622699,0.9756716503703764,0.9765221745852999,0.9681996106857971,0.9722776783407204,0.9710932570868697,0.9679453961961814,0.9752935908675633,0.9707749363966314,0.9638007669032751,0.9757739023180535,0.9677961552383836,0.9660613279775143,0.9715961866627297,0.9707560894723717,0.9683371152559788,0.9748826145906526,0.9743071415578859,0.9673806421971168,0.9753567587784172,0.9718973798521254,0.9687570143616087,0.9693034618769039,0.9739754640970285,0.9615586735243221,0.97293156969016,0.9723114843493321,0.9693193085357096
229,2873250000,0.9670686153641342,0.973096255304828,0.9724040296638711,0.9729263108162656,0.9699213768892304,0.9722449822331776,0.9717625727143323,0.9681674456945848,0.967223022527269,0.9747786008143855,0.9696293897508158,0.9713508441240376,0.9716062369334844,0.9703667522331698,0.9754393994524746,0.9763420920805149,0.9687483518889958,0.9671058773456215,0.9714449327820784,0.9686926657105606,0.9809676408313599,0.9691729461114301,0.9737205488649301,0.9703287096526063,0.9650053518729274,0.9651299667525586,0.9696123077113459,0.9731205256422268,0.972442046469686,0.97047367609368,0.9707159902281642,0.97351500717403,0.9649276753608498,0.9732349594154278,0.9621831325219459,0.9683366025342092,0.9666307521883571,0.9699075519232987,0.9741295309584692,0.9749438961685074,0.972949211985088,0.9701816586817718,0.9707672845434945,0.9785184055523671,0.9662417333773844,0.9681910097731963,0.96352387706543,0.9627950801220678,0.9716107505400987,0.9766809574641008
230,2873525000,0.9755494692470552,0.9722226370131307,0.9766478319996811,0.9754204742374185,0.9711542287849987,0.9676061136366698,0.9753784373844331,0.9678643777778824,0.9714971960103652,0.9700036205381157,0.9642446140579891,0.970642698785519,0.9750853392926372,0.9696487833770073,0.9771741608382459,0.9729437087857504,0.9762888120204859,0.9702933229426008,0.9739157837731521,0.973223277858955,0.967526426524639,0.971148754864792,0.9738608207668196,0.9715464309468076,0.9722832993318615,0.9706624022406842,0.9752928118277362,0.9706744697329963,0.9698657196406844,0.9743739213154067,0.9630243433860084,0.974785619765846,0.9661346382336391,0.9788438989585037,0.9708766514122266,0.9800477303511657,0.972171766397547,0.9754440387498309,0.9724985111846126,0.9704876579377388,0.9705095618002079,0.976064383086061,0.9661510170359541,0.9724091769110301,0.9747081726311209,0.9716993811044672,0.971553305957392,0.971866388431126,0.9775235514294449,0.9682440157306751
231,2873800000,0.9794509485601205,0.9684092578628547,0.9757634717858948,0.9750692242886608,0.9809974998774539,0.9685136773228631,0.968446612288835,0.9756990441759574,0.9786571746026606,0.9764053662041142,0.96723437424604,0.9766007799638288,0.9761083605475999,0.9699079430541299,0.9765002842558927,0.9770376803358862,0.9770703227317941,0.9715950381360025,0.9704052222928887,0.9754519518988295,0.9734830479815322,0.9745263584872139,0.9692868363177458,0.9767675355249609,0.9662738905008683,0.9691201919827571,0.9731103171989212,0.9742665166223264,0.974599857557922,0.9716975492316009,0.9746426686353213,0.9722466458208936,0.9757886101565532,0.973119027521774,0.9671142850556107,0.971937693539613,0.9736364797495846,0.9706392355303316,0.977174130077747,0.97189906088086,0.9680532572809106,0.9778649402228173,0.9709284773539422,0.9735839533577887,0.9719039124176538,0.9703443561761852,0.9736758160958423,0.9788224242497809,0.9717319574587133,0.9742811499702538
232,2874075000,0.9765018126322287,0.975606341435476,0.9708980493633529,0.9667413163167005,0.9719129489502073,0.9668320626461011,0.9746329888511719,0.9758532205485408,0.9667124982625509,0.9744875250702228,0.9797594300326218,0.9796918702715596,0.9751402541759164,0.9704590247531388,0.9759870435600703,0.9750201905602588,0.9715933123093337,0.9752368974716981,0.9723597553839316,0.9741027077761912,0.9772725684362497,0.9744744773210416,0.9670871482519141,0.9783617137133055,0.9742991148576564,0.9773326146526952,0.9704794688143361,0.9670028691780416,0.9792240098097826,0.9767303106623896,0.9705745570257788,0.9768402008294415,0.9708774853597986,0.9723921073869385,0.9713201656366527,0.9768119090402897,0.9747421779123153,0.9755934628474264,0.9709753749302441,0.9740389817213612,0.9724502395918234,0.9756804857120992,0.9734166320345052,0.9706178506925016,0.9736531368323597,0.9689366249066406,0.9769192884353957,0.9686065752459767,0.9740913146816237,0.9695219762163401
233,2874350000,0.9762241788323165,0.9738397347661959,0.9712401585157084,0.973433008687557,0.9754029948036728,0.9735843436012903,0.9759874457715744,0.9763423934441458,0.979942637224265,0.9711483606156783,0.9769736419115919,0.973999089848643,0.9738300761842864,0.9839726576245095,0.971855025006952,0.9707325240841634,0.9835089481034983,0.9718188251421683,0.9763825389171847,0.9715888260933302,0.9734491463919057,0.9738846890380567,0.9755286274713179,0.9726184843934486,0.9768298846937876,0.9793794503862437,0.9767506825289737,0.9746710023483762,0.9745474042575747,0.9773090068952467,0.9719836543966137,0.9743304121476526,0.9718605639819098,0.9779204869894847,0.9757616048852349,0.9777746317164773,0.9739642228325718,0.9655693472276315,0.9714344736953153,0.9730756213557976,0.9687157716131762,0.9741192835576711,0.9739235835692224,0.9641631017361344,0.975110159213594,0.9745035033928592,0.978233774145824,0.9734356836330024,0.9671078990609705,0.9766019342962536
234,2874625000,0.9749791350477848,0.9764463737741917,0.9791494124076225,0.975058992373711,0.9747188959935636,0.9739018690323302,0.970716375241873,0.9740998528099224,0.9777484397625443,0.9789258043944348,0.9702265922498483,0.9716949470980418,0.9791330905090563,0.9784196379729622,0.9765325302043424,0.9725667805013947,0.9695677296937496,0.9752724331542356,0.9701252789359947,0.9853596328382037,0.9717068515825543,0.9708916250560343,0.9784537486167914,0.9724401265356153,0.9806726536590116,0.9783297000150529,0.9758051178571565,0.9707062793934748,0.975167735091413,0.9718886252151047,0.9767303054367303,0.9775763486565422,0.9803949668767559,0.9727012903958724,0.9735980171309088,0.9784799586401159,0.9697626662544166,0.977453573244103,0.9787220161736764,0.9698139760594021,0.9746702683207106,0.9793243184096418,0.9711363306906411,0.9796473021355315,0.9756645389065747,0.9781812494800954,0.9722880632342507,0.9714810848537792,0.97441171051674,0.9735884364550765
235,2874900000,0.9724376219980602,0.9745234175906811,0.9753167430267493,0.9769726668759842,0.9742242032969487,0.9788081828228611,0.9848198209954702,0.9789851821513319,0.9747119352838086,0.9786722631964954,0.976363822183485,0.9722034754912675,0.9712109039372341,0.9704914582928933,0.9719519380942842,0.9798599635856634,0.9834560205114323,0.9819920826612701,0.9716166362740234,0.97515191879049,0.9688967344938361,0.9814730106805665,0.9749212912660584,0.9754424001720025,0.9752243281988662,0.9804043275425196,0.9789581531764775,0.9702788838011276,0.9822199693597231,0.9787083700766369,0.9755384919387347,0.9791493054301014,0.9758777024515535,0.9814266867663979,0.98046626760393,0.9759239130145159,0.9776650671963879,0.9783031360423994,0.9772069858616016,0.978925921804698,0.9769992777197,0.9735857685689843,0.9814597870273398,0.9777175241302926,0.9826064480004647,0.9793687237162197,0.9785960741977694,0.9735801236632806,0.9786246284369728,0.9725980523620493
236,2875175000,0.981008522127999,0.9665887298125945,0.9778375642263092,0.9844176594420913,0.9708706776616581,0.9746147667982294,0.9805508415160309,0.9773184704664796,0.9798014811628876,0.9810440953652575,0.9794539406531829,0.9826304012847871,0.9819651518804905,0.9774840538477384,0.9777749640993647,0.9672027298964908,0.9810054466784128,0.9797110520551705,0.9711731663899,0.9793905732837043,0.977945435364739,0.9803818856966324,0.975033116417324,0.9736531353101324,0.976047412612265,0.9771402690986836,0.9736061023062598,0.9762521153668081,0.9726907683800307,0.9779909914112689,0.9790304250932717,0.9834450817672498,0.977295378007071,0.9768353478336712,0.9765432419940595,0.9754353462385276,0.9773581900428676,0.9787047611581654,0.9818894408321946,0.9789192823539173,0.9778164188729151,0.9776527643222439,0.9796423870641681,0.9733379372745103,0.9736202756744547,0.9784444384010625,0.9818771772690766,0.976017551061059,0.9739180234490626,0.9860729078519435
237,2875450000,0.9674612165767228,0.9760650877970447,0.9749888098862122,0.9808554097663826,0.9783901979926121,0.9812313167179649,0.9818045211082292,0.9763246067360387,0.9718866322120829,0.9732527982121462,0.9814953123393514,0.9743803586211183,0.9813462687328532,0.9786558661018422,0.9728930120518072,0.9801030065976785,0.9746075463932699,0.9775564665523023,0.9783615135762277,0.9793857283301818,0.979584476152836,0.971224164121306,0.9780632921779996,0.9737591873425596,0.9760613452187162,0.9765493229874298,0.9754134374195634,0.9804599464467176,0.9789725168882529,0.9697402711047356,0.9791286141337773,0.9840088347771996,0.9717973568232875,0.9757195471455026,0.9822733050612098,0.9782713440307879,0.9734073421536342,0.9763499958253832,0.9793389753246027,0.9821151984364161,0.9832050497501748,0.9808492942578189,0.9820836294860158,0.9766817165914736,0.9659145635380867,0.9791155847623373,0.9747384168471668,0.9793734211946046,0.9734387549020016,0.97605948993414
238,2875725000,0.9764360503191991,0.9762935373422871,0.976637421324,0.9703070798065861,0.9820827896387182,0.9798287782600652,0.9812594297031397,0.9789565090863716,0.978474015375155,0.9822973799280325,0.9746030390943962,0.9767577320878748,0.9810270538530447,0.9774428158131818,0.9727176906959207,0.9753159094858195,0.9788055825059699,0.9778767162898718,0.9813968647501184,0.9765125703374472,0.9803256379178749,0.9841615843282759,0.9744423086948086,0.9762851695359904,0.9803694478472131,0.9771339676253996,0.9821768039044009,0.9729236274652673,0.9727105624962985,0.9897211371234229,0.9857047218328868,0.9833873847871769,0.975884759615755,0.9825105477789854,0.979156699923762,0.9813894902065585,0.9810126238453496,0.9771196711894803,0.9709031280973561,0.9795399943784994,0.978699917002717,0.9768175965040604,0.9822000920810326,0.9814111621321383,0.981548976029328,0.9763920589736749,0.9784747546530375,0.9860450014284527,0.9762958802166526,0.9829835320964174
239,2876000000,0.9768095290116073,0.9804340786940233,0.9775218067157028,0.9758795081266904,0.9791276098037506,0.9768796391398208,0.9822584015308163,0.9763615797867261,0.9774572887661598,0.9830878130934909,0.9724974055343221,0.9730503013118151,0.9826037644886346,0.9813521667165619,0.9813612414740442,0.9818184077330292,0.975406037522223,0.9795031146391544,0.9853649408791788,0.9669339231465927,0.9826079616262411,0.9769447202628095,0.9822544197507528,0.9793702958836656,0.9736285204016908,0.9737043004674317,0.9780520874040315,0.9788875452232872,0.9797349481663671,0.9795173511777194,0.9810017544069702,0.9771615888267441,0.9779325531200167,0.9823086381469105,0.9826638067632596,0.9750847091853898,0.9797314755584171,0.9771273202384863,0.9871025809287853,0.9761749390465078,0.9728205818054182,0.9782079173773486,0.9708758323754106,0.9840481618435383,0.9728516272569926,0.9793628070903659,0.9776372013809961,0.9838303673704925,0.9802897777989167,0.9822530669391459
240,2876275000,0.9749880075584837,0.972974379236739,0.9780884031539233,0.9836246823664102,0.9743214129285421,0.9778480409992452,0.9753995047914689,0.9786434212379826,0.9712487180100597,0.9804213733353511,0.9805134570875103,0.9828030412174534,0.9814298411502735,0.9810782989384443,0.9805900806071786,0.9780413226481771,0.9822033590995027,0.9840987880015639,0.9811394431524967,0.9841843277393885,0.9811002856370046,0.9831237172204175,0.9870841312386605,0.9869706264089958,0.9811936265839893,0.9844255892359428,0.9786828951601061,0.9795996323681403,0.9808026064769954,0.9800104646541585,0.9821081227056677,0.979077326834186,0.9813546041658999,0.9813373061118406,0.9731615637419211,0.9811275852411101,0.9810006045648407,0.9844818020771263,0.9693158510527999,0.9808683391621479,0.9781055750663992,0.9839049398977443,0.9777473619323961,0.983734012164193,0.9762967691202454,0.9826280092736775,0.9824000564665998,0.9799150219688173,0.9811100293199204,0.9839692528316846
241,2876550000,0.9844853502767354,0.9782118473000632,0.9780297183563539,0.9843122486021336,0.9835406494020797,0.9835240696000237,0.9811880782920444,0.9872029176032262,0.9784605393136799,0.9797499020974065,0.9717979339444563,0.9812554501804939,0.9798390830592753,0.9815734673094696,0.9836774018760758,0.9798836828767522,0.9891411507908932,0.977665771311739,0.9814113634677125,0.9870714806717455,0.9841090496460431,0.978395035449946,0.9719661853930521,0.9776608526885932,0.9816317431050625,0.98744899697883,0.9770718805167845,0.9799951495569879,0.9781116737033876,0.9821382267252491,0.9786963661176348,0.9754396932765597,0.9811598386265278,0.9804248562678004,0.9828530390946169,0.9840030354724919,0.9801767463752427,0.9807960411237582,0.9819755424665527,0.9814172234555631,0.9896893506404716,0.9747881876358874,0.9779487297925332,0.9820581918213352,0.9792643416435035,0.9753223306058719,0.9783187804346013,0.979811906143892,0.9776414919452769,0.9774302061052977
242,2876825000,0.9795176223568955,0.9797199245515794,0.9843555974131262,0.9831770329328665,0.9810126051204758,0.9797273484270687,0.9814466950979258,0.9836257116645928,0.9812176758131089,0.9845488502501676,0.9819342662876748,0.9803344638035616,0.9854119671828648,0.9835919231847781,0.9827658194255348,0.9870610231714013,0.9792956657663798,0.9848652354515359,0.9741434079592776,0.9825335224847813,0.9818321561578236,0.9801088429558179,0.9851806905663004,0.9861783031626888,0.9796786865917767,0.9818265636665837,0.9806403638143948,0.9823412754485035,0.989284729736378,0.9845814145211325,0.9740452478091302,0.9772374412956758,0.9811553858500343,0.986589130624405,0.9890269741382907,0.9813156128014133,0.9907809094729608,0.9788097943071236,0.9799555833113995,0.9897272882106994,0.9810265744233165,0.9787621723773542,0.97530587979695,0.9868352586542914,0.9796396152999483,0.9783384739317368,0.9890011479812447,0.9838797559292698,0.9782697663396556,0.9814769997211302
243,2877100000,0.9894688432711986,0.9845803987099447,0.97972033194218,0.9768914798757738,0.989055480500807,0.9860818663321597,0.9838137242581914,0.988193077372221,0.983854273467521,0.9816845379313679,0.9829044609554871,0.9830165538980152,0.9858970539846864,0.9859173991827187,0.9877337269152677,0.9768306556489035,0.9838580828732955,0.9784388843892836,0.9764976747134374,0.9837194672937345,0.9908242237206398,0.9839636072413216,0.9862104855736618,0.9842339357249619,0.9895630210321688,0.9848481318525777,0.9917777627053108,0.9871700667229881,0.9734206128787689,0.9865258817414482,0.9849880318364206,0.9819784770245689,0.9853196826059822,0.985266993264464,0.9831068910264606,0.9798342409329223,0.9891475718003373,0.9833982575437035,0.9866246951939901,0.9837619258951862,0.9768537183524888,0.982871197478424,0.980338345210117,0.9897855207476133,0.9761869470391699,0.9884415083528038,0.9869549922308632,0.9842779193421064,0.987759785038938,0.9836217494544005
244,2877375000,0.9859687940492404,0.9857484089515797,0.9867122882343867,0.9851281141259322,0.9816724834720308,0.9832535746737633,0.9809947668222636,0.9814945508894587,0.9841891087953324,0.9843331911733981,0.9825080936836376,0.9854799340150816,0.9904152499095333,0.9830921892104294,0.9835649334531316,0.9852814285951789,0.9886711421886535,0.9835464332601804,0.97712208636338,0.9791048147476202,0.97614817821304,0.9804058597201226,0.97641375153349,0.9824411844040826,0.9773828258535372,0.9825042196079636,0.9839149770384666,0.985644257391751,0.9776791532430092,0.9838387936824541,0.9865590685938599,0.9716679205612285,0.9756067366091652,0.9836771787996657,0.9767489625952749,0.9795773992722556,0.9858179350968971,0.9840662102745823,0.9862415302903891,0.980570677919331,0.9892340782559162,0.984834893079596,0.9843057710707908,0.9817707961769987,0.9831352896564325,0.9815275852190274,0.9823036086699048,0.9785030150222074,0.9818844431035882,0.9839836287251601
245,2877650000,0.982272319720802,0.9879542100350112,0.984668732403138,0.9797520230976791,0.9839692578727266,0.9864759482131402,0.9831966883427867,0.9904527567405723,0.9850527588670587,0.9829685866708557,0.978686079970462,0.9833732154765614,0.9838137758006701,0.9828520527118945,0.9823625875844879,0.9833317141348515,0.9773794558820028,0.9852356013039693,0.9834477663210839,0.9845800875733001,0.9898202946220358,0.9802047707342877,0.9836814204325465,0.9829842557835169,0.9907447421869197,0.9828604467832356,0.9784999506697969,0.9785078533276678,0.9849172100297808,0.9833525223329642,0.9841113024481313,0.9864152467194323,0.9842104870953065,0.9813509107831662,0.9805494701639529,0.9835061825698322,0.9842499063331421,0.9891070299637856,0.9888930156947673,0.98287064703299,0.9757988609814979,0.9769917960240554,0.9844883522696884,0.9852982844182298,0.9846742797403355,0.9787437292105842,0.992586143966924,0.9824528209875274,0.9834940464874483,0.9832118806322311
246,2877925000,0.9855520922340065,0.9887043201500467,0.9844195549423466,0.9861213025439876,0.9880888637446578,0.9873992609989325,0.984135289793132,0.9878000545013312,0.9868103319072928,0.9842812816865354,0.9856206738008592,0.9845450404798136,0.9893444584826209,0.9878691420948278,0.9835095572411051,0.9852839730447199,0.9820807926372124,0.9872408199960601,0.9837546390212205,0.9886730443662118,0.9869864600693098,0.9855411336146532,0.9815653655337497,0.98851184720339,0.9825359006199684,0.9861143006579521,0.9938816975444641,0.9824720867865425,0.9834464239251418,0.9820974968481223,0.9815215289943874,0.9828052470486387,0.9991504366913403,0.9871687068490469,0.9868873969998452,0.9757283234711146,0.9850315667522256,0.9828760597409811,0.984348056904121,0.9839617085627028,0.9890805271109128,0.9807092302686958,0.9822997088647861,0.9829488163152059,0.9837733454619745,0.9863040936708344,0.9844978519989906,0.9861340918845091,0.9854354067031812,0.9800333221576392
247,2878200000,0.9880649229521051,0.9893353899812208,0.9875067780464626,0.9782999637990847,0.9897816308686854,0.9825139373640402,0.9883757478998721,0.9886382524835975,0.9840881618659918,0.9884398590768643,0.987861575143965,0.9907009459867954,0.9897418757357953,0.983107097011198,0.9871193367450611,0.9909171224765279,0.986928119584052,0.9897094848468576,0.9906034668974414,0.9873577415256335,0.9942569589163158,0.9853882644336623,0.9876011089062143,0.9883238059596146,0.9840090748654718,0.9850560196161317,0.9887562032798984,0.9782309855408445,0.9831523974045769,0.98287608936967,0.9795865989637326,0.9844912505845468,0.9856238933601245,0.9871918994219309,0.9810997792056326,0.9852535805896327,0.9815504182010087,0.9926832423971408,0.9868609950367175,0.9836350137226577,0.9870498782959529,0.9887782191761674,0.981071063063388,0.9804866351132415,0.9842689511351461,0.9812658341032353,0.9784820205150597,0.9824202122768462,0.9813987687207062,0.9816687789107735
248,2878475000,0.990760635206781,0.9851924977324773,0.9875559158890561,0.9856626584743412,0.9873951960009516,0.9824107279650894,0.987465510045973,0.9871343532616118,0.9849743530179718,0.9817368729512865,0.9882101295452878,0.981779759793987,0.9951046206748765,0.9936545650462336,0.9896672008225637,0.9899612587246885,0.9845601037821257,0.97958276698624,0.987405050276227,0.9839117379418605,0.9882049375802907,0.9862845672857014,0.9843490879708855,0.9836617428870775,0.979607801238402,0.9905134555185929,0.9844761074199596,0.9857001878994307,0.9910399301424774,0.9858843795441452,0.9774456340255935,0.9879719581965063,0.9860940707209993,0.988368627877295,0.984994400192116,0.9832671854671928,0.9796987784700882,0.9804581073806546,0.9819730755686675,0.9852645584127304,0.9846674899801842,0.984492924762561,0.9890512093530341,0.9870453441206256,0.9874685304121747,0.987174619467308,0.9765767106099233,0.9845187880460439,0.9855685444122602,0.9848325024188599
249,2878750000,0.9829383061098531,0.9842652537656437,0.9890645771911908,0.9836862826585622,0.9882740462621804,0.9802868895351273,0.9896991492097972,0.9822634505878697,0.9945141401475811,0.9833141642283802,0.9885991747682181,0.9837693377305671,0.9848024965112027,0.9892385809496174,0.9875522555891718,0.9930036252134926,0.9851972878532591,0.9876805042942141,0.9885567253153072,0.9739544518509893,0.985800778711121,0.9855200159391472,0.9870226280817728,0.9841880313432346,0.9820704384577098,0.9865812211844517,0.9842608111457473,0.9870569172883658,0.9853916767220654,0.9910091097970372,0.9789652384164114,0.9828365420043921,0.9884581631479967,0.9828059259201716,0.9850802625119647,0.9869717343370523,0.9836069050002785,0.9848001397601417,0.9794558852370788,0.9844827463669709,0.9922882832632204,0.9899469575360323,0.9846170890990416,0.9828408181820976,0.9777404323273564,0.9854825570187523,0.9896982107385996,0.9947455382657485,0.9857696175709406,0.9856581789288893
250,2879025000,0.9841520914029792,0.9854223847997435,0.9811247433330482,0.9881071717617169,0.9856193896368213,0.9857940120413538,0.991452375217268,0.9903415693708582,0.9788979088210437,0.9876735149007868,0.9941039689103092,0.982808441752259,0.9883018192690206,0.9886013209659027,0.9817681611122632,0.988707829202677,0.9886701050751289,0.9896237836672649,0.9840564284583756,0.982707553724102,0.9855985361754779,0.9864670676294911,0.9853046396346002,0.9825174964764447,0.9963126676055785,0.9878490877956778,0.9881950876917247,0.9887036003090104,0.986357773965767,0.9863322820421948,0.9866348473789508,0.9887806692408866,0.9928926156982245,0.9755672669871138,0.9895631873399608,0.9868490788301301,0.9830262503122602,0.9885378676336697,0.9861783479753967,0.9925516480710684,0.9879969341362065,0.9866397783530197,0.9889543091729313,0.9888202737047693,0.9899528615914122,0.9864552286953919,0.9891064054003533,0.9829312266581698,0.988474764950955,0.9866613861792953
251,2879300000,0.9989723418366471,0.9868972893200719,0.989018570568106,0.9915057539275373,0.979821204231286,0.9858732871116553,0.9906777819740527,0.9887319472721164,0.9851930778565705,0.9947004227227726,0.988970557224861,0.9853212066108236,0.984901373687531,0.9900930362654425,0.990523505347432,0.9935929745820902,0.9892606691657803,0.9872383431027408,0.9889439587391878,0.9941110681706193,0.990046665890753,0.9907895490141481,0.9823001023600128,0.9932516766589244,0.9912620670602198,0.9894969175544326,0.9874334857563439,0.9896333474389909,0.99458261012962,0.9926115956670951,0.9857948875546146,0.9813702485491421,0.9864952725053471,0.9886999464276867,0.9907214683283615,0.9941684592676836,0.9913582161455133,0.9831036141116491,0.992603194378629,0.9886699454322024,0.9851141140426848,0.9880723534323548,0.9854048566803226,0.9831707441332248,0.9830060478025978,0.988180271526315,0.9920836230155097,0.9815076243037507,0.9896183434700747,0.9869230775128638
252,2879575000,0.9834516516318339,0.9888929926856643,0.9869695066129075,0.994546682306054,0.9826363083474459,0.9886281109449531,0.9887130304825985,0.9926396907712749,0.9884030030657296,0.9907575446933006,0.9890893066324208,0.9880713198653283,0.9904964507915762,0.9929841431215903,0.9898831033048109,0.9900521462277353,0.9828279398808404,0.9923654612790352,0.9903310424880581,0.9897920103544992,0.9861378589715404,0.989893731255325,0.996072459822364,0.9853076168454448,0.9923449586787211,0.9828631204897663,0.9826196396434873,0.9886877951814578,0.9899236710593018,0.9840681429306087,0.988587873302398,0.9893762837919601,0.9894934207642327,0.9924389515000145,0.9916806576523628,0.9929355171815337,0.9902912217300532,0.9869963189827446,0.991325571337985,0.9812222308762797,0.9897311625141735,0.9877057444559593,0.9906357380031945,0.9878924542914356,0.9904224972568532,0.9861995630634585,0.9856244343957309,0.984693764273388,0.9867042272914681,0.9840156517290295
253,2879850000,0.9852859860285641,0.9865259094676867,0.9940439498125023,0.9872338703684356,0.9879889330296573,0.982741422094397,0.9839422263633422,0.9902369970985571,0.9873535376230675,0.9844315791456949,0.9915087208148363,0.9935878048586784,0.9886500227237098,0.9919747222306031,0.9859352326370843,0.9830581383768403,0.99392300063059,0.9900126485267174,0.9846066766813687,0.9969987001434838,0.9838497977322247,0.9813398854557402,0.9850602808962965,0.9836264632262556,0.9796381539112692,0.9834500781844615,0.984316257149422,0.9896212077543294,0.992234441208539,0.9855950841651416,0.9824615345203345,0.9926382629126598,0.9868621325509824,0.9852921339003904,0.9843678435228863,0.9882123907448288,0.9857112436557024,0.9928074443714453,0.9933909901612774,0.9836759780029953,0.989856470352846,0.9894942270231194,0.99101052009916,0.9867575023802135,0.9859741090935394,0.9890363755959524,0.9844232256836338,0.989512939186481,0.9870117245556204,0.9903366016074593
254,2880125000,0.9842839554091082,0.9878400611151039,0.9943630269668563,0.9913831490468147,0.9886297048377687,0.9915645862647834,0.9905930634383704,1.0001927317482104,0.9904634775502911,0.9815767722845898,0.987664172714971,0.9891771878073025,0.9892735371415808,0.9904479925350946,0.9877577932761675,0.996510491107558,0.9857987631829788,0.9888146249249092,0.9880759041483629,0.9845470801078623,0.9858794143951687,0.9886778392250835,0.9851357307338151,0.9964938343948098,0.9920563796953439,0.9860933135153458,0.9909366281781682,0.993638010310672,0.9860823678449264,0.9826195756694642,0.9871353099077935,0.9809377893699056,0.9862521317847168,0.9893121494377309,0.9865636588306458,0.9906677817514876,0.9890328737532498,0.9945601069295762,0.9887615302601737,0.9899805818038664,0.9850716985151039,0.9842595586958279,0.9868349875424403,0.9916583640108729,0.9844953804510035,0.9914063802470763,0.9846794459553809,0.9856857232272257,0.9861314484132129,0.9792916003548571
255,2880400000,0.9876416559026733,0.989079478816276,0.9910866882573133,0.9785093286567781,0.9923761455039393,0.9871093290408224,0.9887137978392566,0.988717846366115,0.9864208390869663,0.9959594182725704,0.987173362807106,0.9925044237837274,0.9853856737405091,0.9835385217609076,0.9888982400988688,0.9916034537953454,0.987709215642694,0.9810162974756922,0.9907954292291334,0.9877854957333745,0.9934101928803525,0.9902600433632395,0.991833830337683,0.9908550688116082,0.9864117675617727,0.9883355399818434,0.9834042142698105,0.9905263976979645,0.9878997099053197,0.9898632871953633,0.9912865889874256,0.9837752917725455,0.9875009166885719,0.9936287154117591,0.9853397953386617,0.9929239352761554,0.9953662256489764,0.9909567007679466,0.9860812163151201,0.9914340382373645,0.9965623860334312,0.9896740470964296,0.9911406958101179,0.9882058854781908,0.9949257591502138,0.9808356349576655,0.9901823317795598,0.9929781470275975,0.9818859796943528,0.99073737214099
256,2880675000,0.9916786489361528,0.9922848841616261,0.9857665057879899,1.0039008112824086,0.9876065992922842,0.9871305964349855,0.9922284905064468,0.9902845530544454,0.9885617924945657,0.9881334201692874,0.9913585855639192,0.9937275577532246,0.9897505783592683,0.9940284090645564,0.9924210898835685,0.9889650094218333,0.995649274866096,0.9897888523542503,0.9870347829165951,0.9957195395792712,0.9815629779167787,0.9931620934292683,0.9862172896410603,0.9876013044366481,0.9866719285798244,0.9906048839704843,0.9964730991348284,0.9904767578590431,0.9890228488641262,0.9953875674840028,0.989690905852563,0.9947460564787014,0.9939673731404631,0.9956263358219641,0.9900836901114234,0.9817431864801847,0.9855413665241682,0.9903710296637709,0.9857972706017039,0.9870967273647707,0.993598831819482,0.9847256071475714,0.9899759237174195,0.9899128951842739,0.9851583442453578,0.9890575092016921,0.9858632833039532,0.9923286628632432,0.9823836262356296,0.9933524038157704
257,2880950000,0.9878408143591474,0.9914914698978159,0.9887856409311447,0.995008049059516,0.9963625594589794,0.9907803583840475,0.9956861502564933,0.9870641731738851,0.9901160206294907,0.9908197654424439,0.9970513176947408,0.9911700910190051,0.985281137212461,0.9890107214945093,0.9842411515634769,0.9910794327983146,0.9924163107437379,0.9921427500187857,0.9908934701724518,0.99551466178067,0.9897866749254215,0.9851511516414252,0.9932933231040195,0.9883387730111078,0.9962705324477268,0.9907465894266468,0.9945707301684894,0.9904511733196762,0.9904211759398397,0.9954024936183116,0.9926316093901706,0.9913768608495902,0.9923598290594403,0.9887953727274477,0.9924953081994019,0.9950814972349937,0.9860422574570437,0.9856096409748174,0.981007661828548,0.9934174995134396,0.995269145417717,0.9914375561679833,0.9904432992834976,0.9847424162204709,0.9931419146128466,0.997582093013523,0.9869526800055564,0.9961248388568382,0.98703320571081,0.9880270813581911
258,2881225000,0.9927249497541307,0.9931349824349046,0.9897854341828766,0.9854028219171039,0.9973242779616388,0.9923939078271469,0.9828223666307351,0.988071675611498,0.9957379523875923,0.9912313733193197,0.9907603036237543,0.9895826799137618,0.9968926888582759,0.9868585327838566,0.993232905861008,0.991263846991681,0.9906418501832664,0.9877234226743389,0.9924342201630998,0.9964909944507399,0.9886901094388407,0.9891847601560426,0.9892759182125986,0.9903929908286516,0.9959292864250919,0.9975198130070903,0.9904349589417589,0.9866478237391667,0.9969833547106909,0.9894619169423727,0.988278557040688,0.9926564401670599,0.9860379823628492,0.9918973062328664,0.9848007368319668,0.9882153855973165,0.9898395203913367,0.9859507833328524,0.9904585219871106,0.9876307129457792,0.9915167039475947,0.9857772079096023,0.9850421787677974,0.9874042841234799,0.989076895875287,0.9920782614661044,0.9793660630732128,0.9937034872789866,0.9898038479333057,0.9885479155027792
259,2881500000,0.9890928193987694,0.9891075472278744,0.9870637541484292,0.992475459998067,0.9864286883660758,0.9888819450535754,0.994614566974076,0.9921944954345263,0.9850089567074091,0.9893749393678986,0.9914075564599122,0.9851081264654524,0.9934842413875475,0.993613292274013,0.9972627018600194,1.0020835569184992,0.9961490199641124,0.9961525695748656,0.9888750398265811,1.0000796745512375,0.9872563465456123,0.9945874440848219,0.9929025685437893,0.9927677273022035,0.9894123969884071,0.9874939256083635,0.9910963209825322,0.9849575865347651,0.9829288375554693,0.9937860918078089,0.9914477630533941,0.9915548722708865,0.9839185121881503,0.9923773139068874,0.9909013423931432,0.9954567764037573,0.9956157191760837,0.9894014471489235,0.9881216602231554,0.9884622557421754,0.9897188793569308,0.9868892106865568,0.9822540591212642,0.9957233376444677,0.9920056782192067,0.9954675258598745,0.9884013398635416,0.9910434432997123,0.9931784736904641,0.9985027706485748
260,2881775000,0.9939734459202304,0.9866541250454703,0.9887298789912025,0.988803170809418,0.9883945745644446,0.9967402015224962,0.9879730466000406,0.991219283908289,0.9963202360761554,0.9976682701242321,0.9929637796723061,0.9940935954106457,0.9890907955480466,0.9875740000894724,0.9930822366744331,0.9932886433139566,0.9974230563119441,0.9894661081371428,0.988433282125376,0.9936316617584705,0.9918889361806458,0.9935451221622073,0.993970348118001,0.9928211335747918,0.9880321564280704,0.9908372857965289,0.9901146285444933,0.9975026205472907,0.9882248252961434,0.9990925412339766,0.9851177393718038,0.9909444220442385,0.9967888675615947,0.9929668048824691,0.9939959496815504,0.9854550246441949,0.99456799997094,0.9953568449337629,0.9968733109501344,0.9825212932560795,0.9937214697516814,0.9978106109287096,0.9895078595887692,0.9910750435751556,0.9904436799160076,0.9893908559772778,0.9948486833620954,0.9883742553361732,0.9935287500863418,0.9912080252661385
261,2882050000,0.9844285728206948,0.9882798136930827,0.9952109090687663,0.9876836843447604,0.994960213171986,0.9882798145258324,0.9869173420349783,0.9928027465786944,1.001971168203331,0.9954497228575501,0.9940828024850749,0.9958980752093206,0.9932764132745935,0.9894252600426328,0.9963560345390903,0.992627192197452,0.9907142186203797,0.9882939402703509,0.9892554571194354,0.9966002072884478,0.9907931898588741,1.0006787521607154,0.9932613457066773,0.9977309052483924,0.9929328850020162,1.0007465408040863,0.9936671337842042,0.9859122852336472,0.992827144292419,0.9929301986009919,0.9963845373427422,0.9888714686987934,0.9845816477137764,0.9848900205004478,0.9865750980659486,0.996775833433633,0.9890009554569087,0.9938534293740656,0.9936648217108233,0.9936048573854133,0.9878673135731718,0.9960654333284735,0.9965278276562857,0.9906311940530362,0.9948700649008531,0.9902837254156125,0.9912186035960383,0.9846922722701118,0.9934509525868284,0.9964632442155058
262,2882325000,0.9911083415345936,0.9913890137212747,0.9935265772576172,0.9940817130620372,0.993567202373465,0.9894395436561138,0.9899855309435831,0.9937153036116845,0.9886958108563055,0.9897692688557203,0.9955538504063625,0.9917475824739534,0.9942438009251285,0.9926015430661923,0.9914444046344899,0.9935679651538385,0.9927518301351114,0.9951328321632333,0.9917808650450137,0.9891162294749725,0.989509538476012,0.9944752656878173,0.990547326707474,0.9933520423518518,0.9922104090086029,0.9984651724077604,0.9936210915963473,0.9962869255059956,0.9915766942152296,0.9873594520839075,0.997656431201021,0.9929400107914506,0.9945326749920556,0.9896801028787663,0.9952580320384843,0.9966790591064527,0.9934677796213015,0.9941924754323003,0.9947957317563498,0.986948519171845,0.9991440475920256,0.9952708099330706,0.985830491377227,0.9922953793367699,0.9971377297800776,0.9988619371739669,0.9871106685343636,0.9915559509824711,0.9915384158584061,0.9945380927172079
263,2882600000,0.9884516326263607,0.9887972195601112,0.9918720890345283,1.0025891438603565,0.9910943119452681,0.9943630021112978,0.9930903344956385,0.9968703843083776,0.9950119067264657,0.9945559750530909,0.9955987602076259,0.990794317011249,0.9933191453337009,0.9925752585949481,0.9907744114650742,0.9880571289019997,0.9956492187191764,0.9943777833965282,0.9914970793768296,0.9975480748416508,0.9894609215745812,0.9946871067575543,0.9877297273472795,0.9882274925811472,0.9951384417244553,0.9922954947734192,0.9889431686417597,0.9905700142334787,0.9883071630151584,0.9910402827339767,0.9955730350620212,0.9927825031521855,0.9902786110888068,0.992527009760549,0.9923569883479171,0.9859705912909521,0.9950166957117452,0.9926635319806465,0.992180617769511,0.9838507543443162,0.9872409306025695,0.9936696739070953,0.9880314417061843,0.9881772796350571,0.9968863326247325,0.9871393342717223,0.9963951583916504,0.9923330843944168,0.991424435439743,0.9926732706788386
264,2882875000,0.9979461492473943,0.9977563150969276,0.9999647798249451,0.9909305244112853,0.9874843632935083,0.997629402347659,0.9993195227939985,0.9839092508062143,0.9967092985008414,0.9969869571396397,0.9922028446302259,0.9960624098681546,0.9913534762780356,0.9872602363158828,0.9945938932098733,0.9903985493736558,0.9993177952277499,0.9989675833200701,0.9891392670390486,0.9960798286218343,0.9977227451926551,0.9988767324065212,0.9926007601202387,0.9879380380276817,0.9974353321818732,0.995656411334888,1.000074709571553,0.9976606827582462,1.0048077181688275,0.9924435118890125,0.989012145228833,0.9945139283153238,0.989189019368148,0.9914763229145586,0.9885502994278828,0.9963398854765034,0.9908764151125442,0.9914022144169968,0.983793064207803,0.9913913229722071,0.9863934864872357,0.9936550809688115,0.9885082389324154,0.9948560316053194,0.9957791699783173,0.9886763333285804,1.0016730672335452,0.9967398196183533,0.9933692166331807,0.9924142442113272
265,2883150000,0.9925686312497867,0.9941288327115628,0.9906063218255161,0.9933884402884439,0.9903211787559748,0.9941672702437101,0.9929461681255607,0.9991330564645026,0.9910470474636113,0.9983016519781773,0.9925076752045925,0.9990834885413202,0.9957255265039557,0.9912397868691675,0.9952939327229401,0.9941953138860542,0.9963207404076302,0.9986125763411431,1.001494467992295,0.9906973715422938,0.9929139772479371,0.9887204890524117,0.9920649604570287,0.9932265043109049,0.9984871958351537,0.9924488336858026,0.9990347874237261,0.992754525254709,0.9953733953464048,0.9987893725263082,0.9959430775179013,0.9963831807515441,1.0023831422954144,0.9951267858825182,0.9943557751567388,0.9920734264426977,0.9967563519313578,0.9969341785495821,0.9914689276661586,0.9981584802078965,0.9926016589241172,0.9925164958919903,0.9944547331627378,0.9945637322115407,0.9965384113935345,0.9941221384042739,0.995556404149045,0.994194006466132,0.9956820258952362,0.9907720628532167
266,2883425000,0.990359674014883,0.991472696432774,0.9917969931477463,0.9921963097779869,0.9889138948769992,0.9933209632417279,0.99503761762864,0.9958672674583366,0.98844310376196,0.9928280483043815,0.988900818633398,0.9918947050369912,0.9881787724270329,0.9955835571668816,0.9892750848125222,0.9891443090335515,0.9965349007748102,0.9972527382925268,0.999623742305878,0.9913133540687099,0.9861001572119782,0.9967415709107436,0.997104150705529,0.9877671070693446,0.9938064435714096,0.9892109980531284,0.9959746964596109,0.9935904233591093,0.9904959131430712,0.9931151517803332,0.9982839468808221,0.9920929906542921,0.9944680529854261,0.9922463293631126,1.0019238949648377,0.99364115182133,0.9948005404917547,0.9914386839567106,0.9895932427743256,0.9921899616706992,0.9895715473699485,0.9913234581406473,0.9954629070557267,0.9908125411010487,0.9931268522429864,0.9955574999446452,0.9924336444317894,0.9934855851896007,0.9998408689162211,0.9924466926957606
267,2883700000,0.989687337810806,0.9958454643573516,0.9980358555189738,0.9958715839274117,0.9898870764628408,0.9889247070395513,0.9932193964891268,0.9942110336545191,0.9941498264471114,0.9923944682046295,0.9885290946292347,0.9957797068926262,1.0010419835100957,0.9981623686141511,0.9910932006341583,0.9875347177341812,0.9917959967148073,0.994588979584064,0.9895208149212799,0.9963007757682719,0.9952544265536531,0.996070579030078,0.9908778651730695,0.9979856454597706,0.9898705756418916,0.9961847099096457,0.9942300833511355,0.9963528765761265,0.9898951594191157,0.9959144298093733,0.9895293522550839,0.9947484409913004,0.9961022139557216,1.0015389744192107,0.9983175330613884,0.9958468915209278,0.9915702729975565,0.990080816366103,0.9978769045596371,0.985921092405786,0.9925241924414996,0.9949261399814561,0.9893006422579202,0.9930049217424346,0.9888101394951189,0.9905476065004231,0.9982895221159953,0.996932308073089,0.990398747943353,0.9940125972531658
268,2883975000,0.9984071197659553,1.0017337391833125,1.001124246690503,0.997647279831461,0.9937255043945273,0.9928441244457887,0.9875156973150288,0.9886444514577973,0.9922439208527892,1.0044869719785356,0.9979284458511397,0.9894851475884802,0.9947010348259194,0.994147089294244,0.9949065065959841,0.9957505347050706,0.9898661624175568,0.9927663239161089,0.9948559484118843,0.9917033696518107,0.9921842054894725,0.9981124232974704,0.9957033105960816,0.9937937595601735,0.996992942595978,0.993776157288842,0.9924048719108164,0.9923062981528654,0.9906741233509746,0.993152523769281,1.0007723916777478,0.9933513516426196,0.9928165956439641,0.9876014639291384,0.9928598753836338,0.994750862334675,0.9929923148896033,1.0006828686162743,0.9925545305572469,0.9935158391920349,0.9917801920352772,0.9921006190370432,0.9959991837054043,0.9912396851265752,0.9901037465821576,0.9980435790924712,0.9946309982020576,0.9950744556826545,0.9935142320834079,0.9946964801654421
269,2884250000,0.9944018422512945,0.9879463890077574,0.9953827467065391,0.9974957057433593,1.0001733108570223,0.9888135027347952,0.9954781810884473,0.9939651195096211,0.9995955283452864,0.9882685193974661,0.9951763917644657,0.9939617505247226,0.9904347360826208,0.9994789734521251,0.9944225035148446,0.9945601768605278,0.9952336562801517,0.9942758202236702,0.9947638899314335,0.995632596773852,0.9940322900554777,0.9973130785412614,0.9918964001288344,0.9932841048230441,0.9901697051485607,0.9883624125892093,0.9959914239599512,0.9938016875365352,0.9893764890146541,0.9944179975292389,0.989009634006236,0.9954443454195854,0.9982483655993203,0.995335254842089,0.9888240572408956,0.9931133057175136,0.9946676671032982,1.0002271176005761,0.9916271889683025,0.9956611863589487,0.9889749975158326,1.0025069468748184,0.9901039846400717,0.9950135974235604,0.9934403082069667,1.0006031344027606,0.9948226914202697,0.9917194114132094,0.9961896125810898,0.9976397301406104
270,2884525000,0.9908636993977238,0.9945440655634855,0.9913457316899049,0.9937640090221688,0.9932990488255955,0.9958115763299282,0.9993285162378975,0.9965427144540357,0.9963216536512692,0.9996498647561475,0.9884160848712782,0.9969823707585083,0.9909972177791246,0.99771915143094,0.9952035355911509,0.9938124230329884,0.9981836862897966,0.9914878191620076,0.9961017000380871,0.9934265315757808,0.9953254276348739,0.9914954110386505,0.9891384779979338,0.9978853321094127,0.9924074289119772,0.9943988991376304,0.9953222212417516,0.9914113114211881,0.9930978351056127,0.9953291246029372,0.9956655328926797,0.9913362281222979,1.0012186195263224,0.9961875642197959,0.9962074031783674,0.9965752663497475,0.9943076266554342,0.9916029827801431,0.991061192684445,0.998569190639718,0.9919876196066827,0.9901174651331907,0.9920608599002356,0.9987770379462049,0.9890933105343016,0.9950052933208124,0.9945076158182958,0.9954587643769327,0.9944424670563279,0.9927579584964633
271,2884800000,0.9973995122321504,0.9917005497286864,0.995812887196733,0.9902721765894211,1.0012366354034228,0.9927281866618659,0.9917242250676983,0.999648814145241,0.9948993865589066,0.990597639206074,0.9964241471299002,0.9942602540299561,0.9939371340597147,0.9982647961347503,0.9915233201444056,0.9956113267161788,0.9996973316294135,0.9982321210058789,0.9910540330989634,0.9962400620388315,0.9973216623081451,0.9985566419974238,0.9972328703245857,0.9910655867564913,0.9974556979075084,0.9948412589359935,0.9930755490008463,0.9929341108540871,1.0030511008742609,0.9935242172290861,0.9952527702142122,0.9964345720819942,0.9822836449050228,0.9964873188964364,0.9893387264021912,0.9974205832873466,0.9890385520374319,0.9978263236606337,0.9903522944308008,0.9929293230303703,0.9950211984770715,0.999136595354268,1.0006874183268382,0.997108520964578,0.9985901553609738,0.9879580665471648,0.9985194809607111,0.9891967775794684,0.9859826180447057,0.9936394236992664
272,2885075000,0.992661922653578,0.9953456503495653,0.9925257572348827,0.9881371019436916,0.9904387367323522,0.9953316095776296,1.0022476440746901,0.9997968761385798,0.9892367395087251,0.9985934954093264,0.9940214952642346,1.0017569117972365,0.9930307788851213,0.9991858974878073,0.991410370149522,0.991984528735953,1.0045529356587721,0.9952262405475469,0.9932181750589751,0.9954143763890209,0.9952327711280169,0.9964540034954772,0.9959787309129469,0.9982333455972635,0.9913968400229817,0.9904261187548322,0.9978356007242758,0.9961197545831811,0.9930660473040759,0.9944044584759343,0.9910357757710432,1.0022118963468563,0.9974366628409016,1.0021712818230781,0.9919913523333648,0.9974589749941408,0.9906692968591488,0.9922630160143395,0.9987886666900576,0.9871169874920152,0.9931525342959083,0.9931017386143033,0.9984886896017872,0.9980042608725981,0.9978656254647602,0.9973425872605012,0.9935057007812904,0.9912475122784935,0.992872756657011,0.9978135959568705
273,2885350000,1.0011478110282939,0.9920010707463511,0.9876667399985957,0.992393665538125,0.994906943744796,0.9943321864136851,0.9968657228282571,0.9915695735844503,0.9924744399390856,1.0011385755492754,0.9963511672669063,0.9984807883103306,0.9935311607575114,0.9979926231451647,0.9952468535640903,0.9940590802232989,1.0041742840307315,0.9889644569637355,0.9958570054257008,0.9878388942472182,1.0025094390065252,0.9978744928873103,0.9928886248851684,0.9951611941833544,0.9919013101195636,0.9908439616236367,1.000889750439381,0.9952157564024446,0.9906814881841631,0.9977986961692747,0.996223078573411,0.9898371446416556,0.9951307054607704,0.9963409755682705,1.0016604859140381,0.9975199839725184,0.9953648715763923,1.0027137891493465,0.9976408910407204,0.9999295545675699,0.9938269906829981,0.9907314187439977,0.9902596417431135,0.9948610434065237,0.9984879275296397,0.9930131540925353,0.9940539763393789,0.9935618502831991,0.9965848868367781,0.9994867340517339
274,2885625000,0.9893906963361393,0.9918899703614772,0.9931118243298452,1.0008267442901724,0.9952888222203153,0.9926164952550288,0.993849224701285,0.9994751999257637,0.9949397084876577,0.9957069283020366,1.0001965703478635,0.9990792985383444,0.9988608673335917,0.994260253905795,0.9875611332470761,0.9961569398165712,0.9984634208639225,1.0025559197451481,0.9973933948575369,0.9928628366170177,1.0012764078018823,0.9921506341709605,0.997660574284274,0.9960015803386659,0.9935010865754391,0.9991369924233457,0.9930412791444175,0.9926030489171627,0.9978489170556972,0.9970046162138445,0.9969009818213707,0.9951418237163882,0.9894950510873248,0.9905648879960918,0.9916266941041817,0.9985622011821874,0.9951532813009595,0.9973008199613091,0.9938553797317399,1.0004836342017525,0.9945749108204518,0.9935421221520246,0.9958993495322076,0.9910582217444097,0.9961616160560975,0.9896411711020012,0.9969468672177851,0.988858451869835,0.9987642555501081,1.0004146726526535
275,2885900000,1.0001898858444762,0.9909471017531539,0.9963052441024841,0.9885293515704263,1.001406898812764,0.991388128763749,0.9946649277363486,0.9958407222087214,1.0002124336073572,1.0004144320069321,0.9924025815677151,0.9954479379041068,0.9985972669185178,0.994369235383558,0.999441474197705,0.9990974709739646,1.0027852757900797,0.9879403055460133,0.9954105479510401,0.9918170739344063,0.9935873215654095,0.9977998400390977,0.9945213911559992,0.9958071460502819,0.9949319531728679,0.9928230643715653,0.9982856152311208,0.9945216473643879,0.9958773742821729,0.9906422824861584,1.002451091217227,0.9942591214931792,0.9949951183265584,0.999960539818064,1.001930902357639,0.9963331962331102,0.9947611815513809,0.9984463085554468,0.9992427759905173,0.9905892593623425,0.9991865034969291,0.9968375770886706,1.0007997476032178,0.9995850187853557,0.9965082762453528,0.9982412320610883,0.9946610247516836,0.9985500864226444,0.9897062639883417,0.999609410506533
276,2886175000,1.0033244498341891,0.9957079583745161,1.0009085556811101,0.9965614630003464,0.9967171714293548,0.9950335713858006,0.9953170189571826,0.9919007123279269,0.9908332655049862,1.0002773926624828,0.9986546609632586,1.0006031267286863,0.9977378724869548,1.0066159793693343,0.9986868967565471,0.9857032216551637,0.9948154016060288,0.9912502961518201,0.9951182026344371,0.9960400466821586,0.9975596076574642,0.9957123310530165,0.9968910604790991,1.0024120435550907,0.9905087874800963,0.9957527783066488,0.9936934648679909,0.9871019841760266,0.993392774030417,0.993313201805588,0.9963620628939905,0.9940534489256774,0.9997003863316708,0.9898936889808415,0.9966717892348851,0.9975485272080217,0.9913914796186772,0.9974401255913964,0.9988241490459296,0.9974931164711442,1.0017663945435402,1.000431739290929,0.9977268597590832,0.9983656808901957,0.9974519356937515,0.9970691540295902,0.9998588358040162,0.9987696753118807,0.9977475809293187,0.9955554134786636
277,2886450000,0.9934158054509253,0.9969770908824704,0.9959904365999502,0.9958794898470329,0.9915151799640665,0.9909218387932223,0.9953239289084823,0.9989531699633502,0.9963143379059796,0.9943847840273532,0.9998747759325421,0.9914344065428938,0.9988503632835012,0.9966925143469096,0.9970868516348493,0.9970914434743555,1.0003950409477473,1.0025850374800453,1.0010594820019965,0.9896648316087093,0.9977664276315233,1.0004991370849747,1.0010727706845233,0.9930268706140157,0.9908030665462539,0.9952106593353565,1.00043734330389,1.002808338279099,1.0001177724129147,1.0011218865247966,0.9923341226519119,0.9930984397486567,1.0043830091649597,1.0005302015762827,0.9953571330799242,0.9983301987253084,0.9842114926207957,0.9975212267654865,0.9922947565975269,0.993511727392237,0.9980738777829806,0.994878883328332,0.9922403845719815,0.9960847228945714,0.9979537247643511,0.9935844124550696,0.9983806964541081,0.9989367194148585,0.9895482564536414,0.994186808533644
278,2886725000,0.9909848479928874,0.996605923496166,0.9996640202420466,0.998051430112394,0.9942581224002688,1.0000364262875405,1.0001142886993506,0.996992175015455,0.9990564077715747,0.996839044066291,0.9985853989621785,0.9983770115686046,1.0004755547748672,0.9951192105591837,0.999558719385787,1.0030298280581094,0.9918904233741602,0.9875637632864239,0.9911632985779947,0.998681056887295,0.9918383054945572,1.002195435921662,0.9969337816719752,0.9986989105373494,1.0010031507396524,0.9988617505401873,0.9947320793088241,0.9974408318220779,0.997797867266524,0.9989969440398567,1.0031647954730174,0.9956411460894974,0.9968868193275666,0.9981932517579578,0.9904886596975159,0.9969429379325835,0.9948808211557582,0.9988539535560759,1.0019373667867375,0.9952528729859959,0.9980037665077744,0.9959871222711887,0.9969879356865439,0.9918146017285445,0.9939233784294796,0.9967694232935975,0.9929010537720481,0.9896798325471259,0.9918078063234476,1.0031463685477267
279,2887000000,0.9929627314806904,0.996573027218551,0.9954727928388099,0.9956156281387593,0.9986933649976689,0.9990579174437078,0.9944457725888121,1.001076851115621,0.9973572397946423,0.9975255529673327,0.9957836913771475,0.9967885665117531,0.9904980244287743,1.0008526192443505,0.9996086009619347,0.996984767891384,0.9991756767685303,0.9937340592487723,1.0012397261328527,0.99546742412334,0.9941100519033976,1.001762898953624,0.9947781948581615,1.0020747944263846,1.0042103402674543,1.0005762815520987,0.992096528513691,0.9953086183760192,0.9997616775644279,0.9963548812295583,0.99496644059579,1.0013233221574807,0.9930670081126383,1.0000287119824678,0.9961420191059035,0.9973699492207444,1.00091394047768,0.9961104233148572,1.002447965326061,0.9978852368142833,0.9970970341338115,0.9967035331464684,0.9973245017061173,0.9937799005700042,1.000890927867882,0.9868030631850085,0.9976243825743222,0.9981203814322664,0.991380666498833,0.998898052584756
280,2887275000,0.9942883121388403,0.9997210648447018,0.9951512025968531,0.9947993798463046,0.9984800618294267,0.9984739185866367,0.9926329684136012,0.9955246540965387,0.9973295993406149,1.0021150182065761,0.9969700606882088,0.9959437460412657,0.9987827787364517,0.9970565862297369,0.996526525543446,0.9988323669033004,0.9944377084939104,0.9965597883077756,1.004788937997823,1.0080499157070317,0.9964261140313121,0.996036208201632,1.0011988087880324,0.9973745628435864,1.0035526324119406,0.9995774872401875,0.9963669519636773,0.9907853400680948,0.9957576446694438,0.9891548345590937,0.9970969916201693,1.000164706996279,0.999676216585956,0.9968622873494104,0.9978779263281847,0.9922362026472689,0.9966172348563823,0.995171701181733,0.9977549136833592,1.0001491955507997,0.9955775686838997,0.9975554671127069,0.9943411806716363,0.9940335543338861,0.9955205328659333,0.9880248088512754,0.9974137273418862,0.9938823031464377,0.9973816327993786,1.0016452556639743
281,2887550000,1.0009017797049111,1.003144480274759,1.0024696362147836,1.0009401474399806,0.995444401628019,0.9978296527552115,1.0059411700866432,0.9961733109352559,0.9957603278469045,1.000267084980638,0.9979810931060411,0.9950298402838846,0.9957098135615862,1.0009079085406543,0.996089439119427,1.000211155533364,0.9994358462649258,1.0005119100136581,0.9956667881475528,0.9948077272982785,0.9928354719408172,0.9901263797758872,0.9978670684041281,0.9934258909178263,0.9967790849001101,1.0002862714321088,0.9992842479045626,0.9975340870015698,0.9882529430643939,1.0023914632083506,1.002834529634222,0.9951524804227581,0.999245933824925,0.9993876533217926,0.9997511206994705,0.9999977263348842,0.9972747523612167,0.9967671363616506,0.9952503791478972,0.9971097007702615,0.9938059738625158,0.9980999224701276,0.9935224000514072,1.001487997918474,0.9975542935029957,1.0074191225998688,0.9965122456231181,0.9961463499168345,1.0009334433909505,0.9973381542003309
282,2887825000,0.9935089334314153,0.9956694503101521,1.003654154873099,1.0003113362195701,1.0005009735489856,1.001864074722818,0.9973848793488037,0.9977421510651533,0.9988416475170602,0.9950504111846098,0.9965383803177478,0.9946816639944392,0.9940450914613922,0.9846765277806194,0.9990749327496184,0.9925232548798895,1.0027357915806419,0.9956052969089475,0.9963987166160246,1.0048526798983626,1.001294612741926,0.9938064953202134,0.993667999995337,0.9887121099892617,0.9947294414742092,0.997592631949145,0.9941496050511259,0.9979965378106884,0.9905380257948556,0.9994313333154782,0.9892945309491314,0.9954684535146725,1.0025234040847075,0.9968475597792217,0.9930013769904192,1.0013335229928193,0.9949429892114803,0.9959633739522997,1.0004913141046963,1.0002690505502345,1.0018739547109674,0.9889896029830462,0.9974837429701618,0.9970919168746786,0.9961424244099187,0.9957781007889043,0.9968923686291056,0.9949730952489926,0.9931558339989514,0.9933494990710403
283,2888100000,0.9964968072872552,0.9972261758351484,0.9967992065971634,0.9932746554852044,0.992392433717303,1.0017645629093055,0.9969500077956611,0.9939452149062401,0.9880088902230316,0.9981251426641452,0.9952304373502625,1.0021033789919158,0.9959058123990362,0.9988569524748977,0.9912317486428195,0.9946667859981625,1.0004015325717728,0.9999424216187304,1.0001995263810046,0.993566389714261,1.003168080391226,0.989359608736927,1.0006706021155432,0.9960209041009853,0.9941732521054942,0.9951827013143307,0.9952044332695037,0.9969159580733316,0.9936187662149946,1.003670939420593,0.9937141288406905,0.998148253863857,0.9977661173040575,0.9949760436538663,0.9990569701558515,0.9946422223832739,0.9981747624366107,1.0021874601239027,1.0029510390668153,0.9967272999406704,0.9966199394692878,0.9946155594110838,1.0009483878849186,1.0020621949735626,0.9987136322672495,0.9998620747745873,1.0041535544139193,1.0055814509452172,0.9966690016104928,1.0006361905607044
284,2888375000,0.9957358657338987,0.999760537415937,0.9992431486649901,0.9948102113032888,0.9938620955581785,0.9938305685964344,0.9984472252895416,1.0034476293477923,0.9969129536729139,0.9930439774295008,0.9959947274840638,0.9967813143728201,0.9870858033611275,1.0001775230699288,0.9969105033772169,0.9932245612049656,0.9941630034383726,0.9996502725583953,0.999394682170888,0.9910348838225099,0.9969145846917071,0.9972052023789094,0.9941358418235369,1.0025240489763854,0.999615481466638,0.9904864813599662,0.9963822977405192,0.9969413590009584,1.0021161143234334,0.9968402309205453,0.9904773141226225,0.9963320500668911,1.002775930466824,0.9905645744766844,0.9983205341206413,0.9996397245069164,0.9970792728261121,1.0020566131443498,0.9951417635838867,0.9934611246803716,0.9935815829009735,0.9962722845175896,0.9990843259445651,0.9983629058561811,0.9926025263876418,1.000137678087895,0.9954834840791458,0.9983209429675894,1.0002081712314,0.9999623412468714
285,2888650000,0.9984139463582078,1.0024643077077584,0.9939697304085336,0.9941782090044741,0.9963545926431906,0.9948499279727591,0.9974929380048384,0.9932263066123125,0.9948572733212969,0.9941561995805447,0.9966405307932733,1.000194481209791,1.0014901081795669,0.9893965881043718,0.9966070401001568,0.9985216959282558,0.9912674279242132,0.9911024603946175,0.9994280210206047,1.0009156583818322,0.9970381803426457,0.990344929765942,0.9904335603779277,0.9990650631433174,0.9957712284646535,0.9971356125439343,0.9976267898880662,0.9953335520323021,0.9924079441611547,0.9919842358461547,0.995142919931736,0.9942181133746646,0.9949102141454803,1.000832884548849,0.9949309027261914,0.9948318841302268,0.9953304338029262,0.994888196668146,1.005774656629403,0.9967659405687014,0.9951751058214868,0.9964233548340566,0.9946058666526982,0.997038621972588,0.9893050713676028,0.9938878011648087,1.0014756431515335,1.000015243160204,0.998600300487379,1.0051914605881367
286,2888925000,0.9961496289117936,1.0005595000521132,1.0054465354087925,0.9993197345405982,0.9927277533660406,0.9925919393428216,0.9943779192444523,0.9917580942857096,0.9933172389899547,0.9937885866800301,1.0071721103917708,0.9956184775602699,0.9918042436093628,0.9978497614069726,0.9931971524120508,1.0035055550891114,0.9983995573474621,0.9963775272878017,0.9997305275821528,0.992373192417693,1.0001087002663438,0.9920734687008439,0.9971596434128936,1.005145885759469,0.99668295827997,0.9977549086773029,0.9975927289983556,0.9954237249052535,0.9987032406111459,0.994830125974002,1.0030310755604601,0.9976418581012392,0.9993980522885411,0.9918545031259999,0.9903586702116444,0.9989880983365135,0.9933985813501126,0.9993228735436881,1.0037541704022395,0.9932390381971653,1.002625481531717,0.9979563621032683,1.000530347740593,0.9969053901822267,1.0060094592137396,0.998786763015151,0.9926089020262825,0.9905726985788423,0.9964864167203593,0.9928775760143888
287,2889200000,1.0001654593042875,0.9949750888353891,0.9954698168720026,0.9988655312944899,1.0009876997821885,0.9948516861208464,0.9949049873438865,0.999765769860893,0.9987901679268072,0.9947899712750197,0.9998097266975166,1.0017799973936785,1.0060398578770229,0.9979604315351205,0.9974430193981755,0.9931772981940111,0.9953814754057296,0.9930006465133113,0.9963279359444462,0.9883242029861006,0.9951971604004468,0.9937947191504978,0.9989904582225068,0.9947321323376713,0.9930899690314001,0.998617247416913,1.0004890249692406,0.9958139447668986,0.9947848416450267,1.0033170504010307,0.9989365018586163,1.0016471494675958,0.9928420629615354,1.0037974116968778,1.0009016063361287,0.9996682234007145,0.992537544667558,0.9960411849976883,1.0009002468196537,1.0023261153139307,0.9963815876902349,1.0008475153134864,0.994264621349233,0.9972697019628672,0.9921171169248377,0.997031213627646,0.9924722087117414,0.9955642383266318,1.0008905790860654,0.9976239258385526
288,2889475000,1.00179392299486,1.0029393678950769,0.992439013233869,0.9960568188612668,0.9949918212030061,0.9958318685011829,1.0015047600157212,0.9961638921836861,0.9939872423783657,0.990183593786734,1.0022366723290874,0.9990567075906608,0.9949505567025505,0.994881549454977,1.0005256804145273,0.9976994706081451,0.995262766775132,1.0033951895375173,0.999673681109791,0.9979754458880924,0.9913545421595854,0.9973425135881395,0.9991293726126232,0.9946877593462045,0.9949325025309249,0.9911301984422021,0.9991562477638408,0.9932224736507527,0.9988074758831008,0.9956592073044005,1.0004716653899333,0.9987563504601649,0.9990475051841871,1.0046115304717915,1.000168133019373,1.0017783544451764,0.9953325313631478,0.9976881006187164,1.0012287852901631,0.9956834905392096,0.99749226624576,0.9993373016369219,1.0056573001472082,0.9989127126707686,0.9890157357095155,1.0034262853328317,0.9936500644072136,0.9997397210448855,0.99743078883526,0.9949083136071192
289,2889750000,1.0009936265128123,0.9971019967126684,1.0008142701155314,0.9920920511524823,1.0001920277375849,0.997106846723471,0.9960652754722008,0.9999643909841689,1.0076659813896447,1.0024506943685765,0.9962599860715686,0.9916858335513093,0.9986984960201228,0.9973044269110566,0.9995339085245392,0.9944136749721979,0.9987313844005294,0.9981271447714098,1.0011013511193887,1.003418053842686,0.9981563028349459,0.9977621653199528,0.9900317604734171,0.9955578400762005,0.9972640455485283,0.9983722929933118,0.9911934719319268,0.999511389542255,0.9934181070257772,0.9973357091479987,1.0052069023362105,1.0012274773786285,0.9975165335443923,0.9927222368822345,1.0036494190217677,0.9958585188186804,0.9963102267392256,0.9951798678036808,0.9996587208871176,0.9954914364780552,1.0016436153839283,0.9943588375912534,0.993613931569308,0.9959628722719136,1.0005075741722769,1.0026169902132862,0.9973913092429545,0.9946709724647296,0.9966777222815388,0.9934177147637328
290,2890025000,0.9994960223789742,1.002156417565226,1.000055646189276,0.9978123028071844,0.9903999994899481,0.9937066652312435,0.986898548837893,0.9953792633341313,0.9958010526275591,0.9953282942742944,0.9961384947525883,0.9993562131385749,0.9986491581906324,0.9970222467739941,0.996195863494133,1.0009620469416103,0.9955396574624377,1.0002880775591534,1.009086127421419,1.0002820368777956,0.9983398128548894,1.0000099606852593,0.9987184604758571,0.9972834218313871,0.9954063557474846,0.9975546141100319,0.9963618896370042,0.9958898674351093,0.9953121117493678,0.9921987634721604,0.9983512233032948,1.0000289754810738,1.0026820386569426,1.0039896810079108,1.002817699645063,1.0015506856912275,0.9966810944486034,0.9973924375780842,0.9976240529669188,1.0030166352049992,0.9947252463114642,0.9982976255562969,0.9927094260936938,1.0066207476230138,0.995196703925804,1.0001230491674304,0.9966609998462328,1.0021237525022246,1.000103419103941,0.9970418880490158
291,2890300000,0.994879109498103,0.997833067396338,1.0012183798395615,0.9931685473367279,1.0044658456015663,0.9974412827920093,1.000010380732644,0.9999835793337271,0.9875789959413734,1.0018558260119548,1.0004004856454605,1.0026050018096466,0.9989707464102132,0.9942697429650181,0.9948190503313367,1.007794118327619,0.996871174638625,0.9988179297078201,0.9916632191816407,0.9978518525307684,0.9870851223705369,0.988372056108268,0.9994366701333862,0.99251892309772,1.0039951398731346,0.9962315285199738,0.9947086487197219,0.994079265174963,0.998278696837999,1.0003427236545617,0.990517502910339,0.9978724631707111,0.9959837994086412,1.001762305134608,0.9949227823549014,1.0035394635758057,0.9917263631877801,0.9985625186983049,1.0005382322671492,0.996720461124015,0.9950219689926801,0.994394745928913,0.9957504395940812,1.000173616747734,0.9890063645080315,0.9991860653583863,0.9935448608992555,1.0014062320661496,1.0015377243010386,0.9971000942707912
292,2890575000,0.995434012428744,0.9959371206182192,0.9899154992670847,0.9971030158800265,0.997387454225248,0.9918218595081618,0.9937807812438963,0.9965405938328455,1.0077413682782834,0.9968968706955497,1.003180587500523,1.0012127658084657,0.99180903894714,1.0002378096203461,0.9910840974812687,0.9986786946941497,0.9928557258949717,0.9978876376451155,0.9920338556660822,1.0019558173914982,1.0004570448640357,1.0049254727307544,0.9984697340794911,0.9996831920826916,1.000384102774745,1.0015960907445505,1.008307348998268,0.9926834099919218,1.0006867645912767,1.0018397748579193,0.9935086496372908,0.9957260469499891,1.0016795531027352,0.9927624284736084,0.9960080850072704,0.9951157294095389,0.9933073200706137,0.9967309430794998,1.0053605281839837,0.9953761344611283,0.9931790147658432,0.9978322492903334,1.0021556336346051,0.9938185887840802,0.9954893855053303,0.9952693168906364,0.9976858871483878,0.9941163174115435,0.995834686910265,0.9941909962874826
293,2890850000,0.9959759569848147,1.0049598096934587,0.9994232205557942,0.9992751900099613,1.0023765531121176,0.9932975675261738,0.996591629150029,1.0062403821581571,0.9986889403340946,0.9953010198731547,0.9965795439475857,0.9999819596112511,0.9932485835633396,1.002566605249351,0.9925475245938518,0.9931684040912511,0.9950755548706217,0.9952924213282682,0.999232031331787,0.9984281212380006,0.9978646682521496,0.9986559699462875,0.997296848600364,0.9958433560962631,1.0004061674247429,0.9988606923675633,0.9985083667999964,0.995155152092108,0.9988036462451316,0.9962531833043137,0.9979819121000907,0.9999869348396828,0.9945701308408968,0.9914585479166824,0.9971310163508627,1.0000578689174457,0.9974413265074085,1.0088728311842772,0.9995086974200094,0.9959919061013941,0.9950980993192395,1.004511367911196,0.9955960121288046,1.003772703864583,1.0045877754997838,0.9975215726070723,1.0010668496635757,0.9958372323233531,0.993850412930492,0.9964284585968295
294,2891125000,0.998707840665728,0.9945198749666527,0.9948661749110869,1.001086112158689,0.9934696088042515,1.0004703915929924,1.0012853104674557,0.998639628089624,1.0021123482894891,0.9943043524244649,0.9995019546657642,0.9932499942716411,0.9924344180219556,1.0025123655919677,0.9977409039537363,0.9983906312847508,0.9979477587752501,1.002040268016339,0.9969886684668515,0.9908370335847992,1.0064366320642013,0.9993980277054665,0.9953850349561711,0.9989490111498063,0.9993332974142861,0.9938843358877512,0.9944550351522057,1.0022636259064588,0.9990057577729536,1.0029236038280511,0.9932080187384301,1.000812143232105,0.9934272483025142,0.9967292072218455,0.9982209281502085,0.9996422017388076,0.9950631847891024,0.9977106174563146,0.9959732361866986,0.9988256359909328,0.9981853642997526,0.9982565994785217,0.9958205134757342,0.999119060804865,0.9955818585276891,0.9959426832433431,0.9954471092749725,1.002380511612461,1.0020280712717218,0.9932960512308291
295,2891400000,1.005705134436628,1.0028420676143153,1.002269683982703,0.9876397476631438,1.0015522586731778,1.0034252467891456,1.0035422955572333,0.9919872846168438,0.9978129035779082,0.9967724482772884,0.9992281740203413,0.9978325686513703,0.9975071275245997,1.0024817482597246,0.9980619110659201,1.0028788497185002,0.9986119118321448,0.9926379397728032,0.9978499844602695,0.9988461208366457,1.005604723392347,0.9940929232097838,0.9939731172404095,0.9969067013525211,0.9988649494645483,1.000643950018884,0.9992567323693605,0.9963698078951719,0.9975004223578401,0.9979364281538914,0.998188107741165,1.001903874493836,0.9944779169546915,0.9986349424277078,0.9965684966432952,1.00582819303846,0.9997312441421682,1.0016230671350177,0.9924732220829778,0.998288755246672,0.9933211056632545,1.000354872621396,1.001006892058733,0.9960041416702734,0.9983535345214546,0.9995404660231993,1.0005386709927317,0.9981167364330803,0.9919015981721973,1.007491136257127
296,2891675000,1.0075679733971532,0.9954192481491879,0.9988164525781377,1.0006933021920654,0.9912639547812542,1.003585023991944,1.0062649252792526,1.0026366085232874,0.9987822320127759,1.003375958031367,1.004304494612451,0.9986923984771164,0.9904237577034719,0.9977403669686443,0.9967293005918219,0.9944791283954845,0.9947171654597105,0.9928792686514925,0.9974506183478045,0.9991270745340611,0.994053912354127,0.9986243605945878,0.9895591743533094,0.9981792586293757,1.0021601777443936,0.9966060025822606,0.9935553616045822,0.9985682483805479,0.9972014661168983,0.9938852604901737,0.9935973837366237,0.9975167829840327,0.9910694042236806,0.9923935122869494,0.9927160531136178,1.0051702756241683,1.0089068604909035,0.9986106660757265,0.999918068309701,1.0058971290028642,0.9969362178702147,0.9964843454386535,0.9989260131559677,1.0039496291164771,0.9963490698871538,1.004766449878217,0.9964157425875347,1.007745507762176,0.9970344397866585,0.9971940833822832
297,2891950000,0.9964669004629617,1.0043605958916726,0.9995717748315814,0.9937575422148585,1.0013396515271453,1.002575900896931,0.9942742319240614,0.9973223507697799,1.0025023358450202,1.0055119284184626,0.9991194562056553,1.003269699525961,1.005694105318086,1.0040639525383566,1.0048533140182985,0.9985176174813669,0.9989086574087682,0.9967552492216565,1.0021919093278697,1.0024931421874177,1.0016504944772529,0.996445993943639,1.0003450147488486,1.0001997888324252,0.9959194818627813,0.9910079967809701,0.9908460151238765,0.9957971902741168,0.9976886088888585,0.9978058698868343,0.9997101193373247,1.0039765089643329,0.997706861181779,0.9990187114590418,0.9989178048607071,0.9937331133817353,0.9964056766154558,0.9958702714063682,1.0043351028756249,0.9963721814300172,0.9929517235608974,1.0001420221277877,0.998489888260807,1.0032033959238487,0.995538008615569,0.9978324150883472,1.006596089024874,0.9965102334762668,1.0010283713694565,0.9976437524116281
298,2892225000,0.9918422861686856,0.9975411060148961,0.9940972909277865,1.0017737172621448,0.9987639965891578,0.9999718180287139,0.995837196028502,0.9992226284356563,1.00236556924297,1.0023111787667829,1.0019747325500696,1.0040456439622465,0.9939275785180458,0.9984533539894935,0.9918136163304436,0.9982244063086472,0.9912303004045577,0.9941297596272687,0.9989046837179452,0.9966789489909488,1.003072762250613,0.9919968321448073,0.9985329704696237,0.9979254751814212,0.9981309807751695,1.0059419533078,0.999115517610537,0.9949818434377886,1.006101889959998,0.9970326474374079,0.9935230800600087,0.9970637555216039,0.9950840780122993,1.0026963283269879,0.998236894435963,0.9973614668251783,0.9943138812582848,0.9995525368900969,0.9961163228037677,0.998329051302761,0.9993993278721747,0.9988562159987066,0.9979698036182777,0.998392522324377,0.9875482719630378,0.9962183459955427,1.001091888561206,0.9971134664656535,0.9980936627086553,0.9918807084090417
299,2892500000,0.997190728361785,0.9856934985817541,0.9942211347381607,0.9968255059951434,0.9975090695930942,0.9969650790029639,1.000264581346666,0.9995439833520549,0.9964325168999837,1.004320346738854,1.0040394161889505,0.9996052771813981,0.9997518979040139,0.9939795369419856,0.9931476689170733,0.993733146981539,0.9863377003138952,0.995708734559203,0.9928157506752571,0.9926416148023793,0.9983751419576554,1.0019235292148945,1.0003274881398483,0.9968336347929104,0.9972442676119719,1.003163738598264,0.9956646626621322,0.9993582484590502,1.0006775086800677,1.0001608720269262,0.9983074718407106,0.994425763729186,0.9938381593597445,1.0009725605268964,0.9997570075750645,1.0002144619300828,0.9987229506886459,0.9975965786527901,0.9967722068677916,0.9974594601786719,1.0020367540309125,0.9983308334964933,0.9929442833681982,1.0054912681029509,0.991922090048418,1.0020510373913096,0.997958430064347,1.0038742765855428,0.9942177912906699,0.9979191825626897
300,2892775000,0.9961479060622572,1.0002543656815013,0.9992641452077619,1.0028250933505398,0.9976357280689833,1.000987912363474,0.9998945970187099,0.9965537080610355,1.0035008653293171,1.0018144837067204,1.00026578390641,1.0017935380392406,1.001852502320929,0.9967685708025888,0.993300289042133,1.0007101024458784,0.9933333913151672,1.0025126769956787,0.9913606719898066,0.9966763083595095,0.9938153105198656,0.9964780734584312,1.0052666617108539,0.9943964975409574,0.9973533508000203,0.9952892074354519,0.9963010909648929,0.9988447562354285,0.9959540810347118,0.9971426411472892,0.9997488155186022,0.9987197876202427,0.993325836138555,0.9971147026295267,0.9986562333921845,0.9949643048763652,1.0068941152163937,0.9965878063894088,1.0038705880004204,1.0022588508794732,0.992294518741217,0.9968185644472825,1.0016371602669647,1.0007889300183637,0.994212022679697,0.9978980287330094,0.9951521364093571,1.000929881266014,0.996065783022009,0.9935920671963019
301,2893050000,1.0015506075176017,1.0015257942090747,0.9926335933981256,1.004432972468445,0.9905891531136775,1.0015096484934694,0.9985270713911958,0.9926632853450829,0.9999430975766261,1.0056796233189453,1.0048781509431817,0.9958981005986695,1.000531711458813,0.99496210796437,1.002768980848825,0.9962081541888679,1.0066148057766136,0.9968760573467981,1.0004666913236522,0.9989502817085293,0.9980380412195634,0.9955614431052546,0.9933965051147851,0.9950691360069894,0.9972638403885189,0.9940363109663273,0.9959541423228246,0.9996935717308086,0.9957066438227392,0.9992810817060687,0.9972879374423318,0.9961408386323622,0.9948559679703892,0.9933286406658389,1.0015942409292995,0.9963836242627879,0.9973254729063227,0.9964985157307408,1.0000921576338693,0.9980626408372583,1.0021431938631125,1.0054412966442863,0.9933534220284128,0.998514523050035,0.9915048454068341,0.9976350363578934,0.9983224299673256,1.0081657980244392,0.9959220857420094,0.9929289481104938
302,2893325000,1.0012447078968876,1.0020460568468144,0.9937038304593133,0.998367742603946,0.9960009926310681,0.9894273183111911,1.003007531333778,0.9971868010136025,0.9997695306988469,0.9892614987607844,0.9949958115586697,0.9959250881147167,1.007868098624954,0.9936720076413201,1.001011573866742,1.0020169193982884,1.0009304342505903,1.0008100085583438,0.9979466387633855,1.0001803362108532,0.9915654092874174,1.0072326700270657,1.0026386250650325,0.9908038058055794,1.0006247679312044,0.9969192239988155,1.0028553262791597,1.0018602742725755,1.0034344844834766,0.997564884064383,0.9968971137633217,1.0023336279952288,0.9911481021371314,0.9985749776083158,0.9990269150010795,1.0025856122125265,1.000018525951866,1.0009860154787482,0.9974451636401602,0.9958040795645396,0.9999824105913016,0.9989323979013833,0.9951583728517801,0.9948235660268989,1.0025672345818546,0.9978536218896669,0.9976160616997162,1.0026340897076371,1.0067406219022217,1.001470483481461
303,2893600000,0.9918301922577406,0.9936639501484196,1.0034813374994722,0.9999723515077653,1.000260126911101,0.9925347520798868,0.9988537444469013,0.9929672025657462,0.999036889135011,0.9969465674668352,0.9979203086220259,1.0044149217705658,0.9982077625272932,0.9984354597992737,0.9980178551709049,0.992835495056219,0.9943818672452422,1.00210708460151,0.9993878731127825,1.001268084958793,1.0014248114487487,1.0018227232995385,1.0000008152192938,0.9979354166968433,1.0060543680911425,0.9944988375387688,1.0015556789012947,0.9961302026267588,0.9976774492202143,0.9971492885032114,0.9984819334486092,0.991664651994958,0.9980480878279031,1.007150820782592,0.9953358076914467,1.000499484231928,0.9977716973023892,1.0020182275555594,1.0028862490840595,0.9998618926837852,0.9946828349329927,1.0067314777379055,1.0011619088226655,0.9981071406481374,0.9969122056239704,1.0028671348194793,1.0043556879479267,0.9949416734475638,0.9996840052137006,0.992917525740051
304,2893875000,0.9979953399469029,1.0007910674841531,0.996934327311063,1.006931179426786,0.9981919870297028,0.9965995071072403,1.0072461708650768,1.001123073384765,1.0058002918784166,0.9966504034278179,0.9969475903688546,0.9998946568781312,0.9968259123137536,1.0057480534539893,1.0012447567959042,0.9958493222865229,0.9935627552757778,0.9954387939413258,0.9974844532637651,0.9975196888589279,0.9887270163550894,1.0026563498316123,0.9956196894230193,0.9970354800082497,0.9979786529980675,0.9980681760223363,0.9962857254770069,1.0015612066138146,0.9937985153895628,0.9997052648217742,0.9986893538797331,1.002417047221362,0.994782964303064,0.9976435346835056,1.005986500197123,1.006929094311577,0.9976447418923716,1.0009040046452293,1.004932783118875,0.9972073546600101,0.9968573974246104,1.0039911575212983,0.9898996737016561,1.000624459864894,0.9957704845122316,0.9954219710734965,0.9975025150437354,0.992145064942471,0.99458764900193,1.0044259386596417
305,2894150000,0.9991024624787014,0.9965234378427502,1.000896609581983,0.9999332836731026,0.99191393847994,0.9982411643584456,1.0069826208548773,0.996677845212806,0.9975636081002871,0.9858103719299653,0.9960241133531065,0.9986671807553539,1.0021285263882163,0.9978506605954857,0.9989475111799965,1.0037653312140602,0.9991489595531096,1.000405850930259,0.997527739082977,0.9994902312217285,0.9997065794727465,0.9963971686536739,1.0002219620272539,1.004469006351038,1.0013000093279418,1.0026246028611288,0.9967194617737137,0.9999588825626353,0.9947381953184785,0.9955871893327782,0.9984074636322858,0.9943210961005282,0.9975853434538517,0.9964108070278591,0.9995302305614023,0.9986104041921551,1.0025495405225704,0.9984195485003782,1.0007656582358035,1.0001889155748533,1.0072339331756,0.9944411056159008,0.9948046641195676,0.9951611773083531,0.9925728321460299,0.9984973422016887,0.9931221294934844,0.9953673818393386,0.9997469383954616,1.0042285841406209
306,2894425000,0.9962028081849917,0.9983501251613285,0.9951039276563862,0.9897654840908767,0.9985619495307174,1.0026255245820614,0.9964319559188732,0.9998836935956804,0.9942255584764613,0.9988425271454671,1.0006814486155429,0.9998452450890221,0.9998811297352878,0.9949811427943263,1.001117395327215,1.004920398344048,0.9971782824937623,0.9979567069724118,0.9948389303974168,0.9905267723431685,0.9963723389148276,0.9949845275384221,1.0028584182273617,0.995503432381954,0.9980576535381338,0.9935573990586692,0.9957945658406636,0.9991225523277819,0.9990573684263879,0.9992274401271267,0.9930259786846372,0.9901185432261361,0.9975744167281541,1.0003740418516527,0.9982055037810947,1.0060572680357798,1.0008248096488355,0.9984479190831588,0.9961943336808222,0.9973988266404573,0.992632967139145,0.9996592872232276,0.9991735914589801,1.000947697415902,1.0045030326106201,1.002808122132565,1.003607253190454,0.9938190784612673,0.9920749124051206,1.0061475806462532
307,2894700000,0.9995965054735466,0.9956091231179578,0.9964301876103567,0.9944178359308282,1.001475820738679,0.9994179415983254,0.9966631535125132,0.9956802948977568,1.0002756434951932,0.9939203753804904,0.999522855219525,1.0003854705550497,0.9985393545439996,0.9984638487350663,0.9951048061346082,0.9975644627490277,1.0014800435205238,0.9961441767817695,1.0039659873091797,1.0005385749900864,1.0009229903006842,0.9969475186716135,0.9941809549104739,0.9945383811165801,1.006671635148401,0.9941900555397839,1.0054468684457187,1.0044144262335717,0.99606903084707,1.0009038645483723,1.0030010991922542,0.9976805329940933,0.9976466204407312,0.9948690001943754,1.0017540689622078,1.0032807188810329,1.0011482680534913,0.994083022343664,0.9996051366603497,0.9963266130781558,0.9934861405315356,1.0015268636889598,0.9940250522931828,1.0017671281892173,1.0014814720749143,0.9935730334912394,0.9952939122833783,0.999416492300565,0.9936604998696036,0.9984393395927365
308,2894975000,1.001254930789443,0.9971261009986752,0.9974566146223841,0.9948742348228243,1.0010919302665218,0.9966656556675947,1.000754351645095,0.9997287385288648,1.0031797964269917,0.9961588246541461,0.9980543296623372,1.000685769026926,0.9900024441367903,0.9915492782953517,0.9982321289090772,0.9947203134486609,1.0007502361344505,0.997474869211653,0.9957353378343532,1.0014272003536098,0.9968134929977164,0.9983062471777192,0.9934977373114069,0.9991713087872159,0.9983436274245729,0.9994326986869486,1.0006309435480862,1.0044896859518198,0.9924372966091938,0.9920665887800095,0.9971686376203447,0.9987283804769137,1.0008086921691446,0.9933776592919477,1.0042789954277875,0.9991446858635533,0.9981118533631155,1.0002155669027577,1.0024435042524766,0.9961013405985163,0.995035753582667,1.0007558199069972,0.9951777467747605,0.9967858229372886,0.9991572361563783,0.9986252510158962,0.9936709339506968,0.9985281466419251,1.0054969651973211,1.0033105752327658
309,2895250000,0.9963089640088835,1.0001745544347123,0.9962417054852423,0.994896075513101,0.9993696800262539,1.0004184854954343,1.0020945688708467,0.996484911993134,0.9988045662420184,0.996420041516214,0.9985115567469109,1.0028894775021677,0.9939935713943979,0.9979285330471664,0.9978994926848622,1.0007899227387547,0.9983471870147699,0.9998812247531896,1.0000596821422048,1.0003387337348553,1.0004812726155141,0.9982393140378483,1.002262012687411,0.9994268761807341,0.9946302919990908,1.000624049462946,1.002394031418915,1.0014941483364028,1.0011048749461635,0.9988251422080444,0.9971564605956184,0.9959769110597819,0.9962487717657115,0.995727434271921,0.9975852042569223,0.9933665767315271,1.007494510414038,0.9990440109667083,1.0033477437442893,0.9915163453962854,0.9936914425699904,1.0059033750836723,0.9999952234721098,1.0026045204785472,0.9987165796529919,0.9942439108801367,1.0016782947145122,0.9951688505512775,1.007440622256057,1.0079303084270872
310,2895525000,0.9978447702275425,0.9995890991075977,0.9930290105282988,1.0006405591704233,0.992530633659012,1.0018640266910883,0.9987300977775181,1.0002377638514712,0.9999564797032993,1.001091427995664,0.9974125759628965,0.999173081742407,0.996236012796952,0.9999328255077439,0.9984132777343284,0.9944981371727932,1.0002972424884338,1.002530428896997,0.9999970015205867,0.9929749045321536,0.9932394747097503,1.0012211043081114,0.9973819178135304,1.00797359387957,0.9991401749556514,0.9914062121635363,1.0049468274194568,0.9959691694911257,1.001693241827283,0.9989242841416168,0.9967264668931706,1.0009498957736207,0.9933648874649299,1.0075840994157093,0.9948445480981147,1.0062108431465548,0.9974765985911488,1.000941159148914,0.9968254904682194,1.0080781533230168,0.9987500682670238,0.9964782518343813,0.9979537959647888,1.001780706088006,1.0014319744906275,1.0001906407927739,0.9960910064755606,0.9998821291026332,0.9942027603805071,1.0012019703812902
311,2895800000,1.0027479366823806,0.9936350390893632,0.9982458609116294,0.9997594354439734,0.995455290171683,0.9961013411555446,1.0002291009129987,0.9997270425073491,0.9951070987148438,0.9900947941953402,1.00429160191578,1.0008251661178993,1.0005448388308915,1.0005654254679022,0.9995499602289744,1.0014734691695777,0.9943933678870811,0.9953503169066655,0.9975292169326041,0.9988683447973472,0.9979877427535186,0.9981797462643287,0.9987722921952517,1.0026781085621044,1.0036680422769726,0.996761120651644,1.001924312388138,0.9958478443188641,0.9965988451876648,0.996004831869449,0.9997821612696112,1.004821913551875,0.9940601571159781,0.9966478324979337,0.9905478816362518,0.9989187057841499,1.0004783801950599,0.9966587183263323,1.0047015709483544,0.9999858812546372,0.9958295276690883,1.0008559386849496,0.9982198107231247,1.0013069970822903,0.9984978425408568,0.9984195797517258,0.9949863554269114,1.0068479698550687,0.998297045239959,0.9993294410477006
312,2896075000,0.9985421524335812,1.0054336516886473,0.9988672897235782,1.0026362115678245,1.0033098325091123,0.9976682111374012,0.9949358723097111,0.9969227426186582,0.9937486970610744,0.9939989135552552,0.9966566479478521,1.0000745044278636,0.9949986283790822,0.9975065786984432,0.9959789670150792,1.0015619490181407,0.9965930624314301,1.0020274632828956,1.0017203227040457,0.9978424804037518,0.9979012431289608,1.0008993233765102,0.9960054239047313,0.9983695464385975,1.001664045999406,1.0046369874677088,0.9964089910731216,0.9956704726494185,1.0079217048027338,0.9991295705936908,1.0026291067874407,1.004106791013519,1.0100226124629077,1.001301374477784,0.9947824614393682,0.9980015503690344,0.9974453140165374,0.9948717117248455,1.0000252591110275,0.9932277554310903,1.0023698686630638,1.0018123854416978,1.0035489095314156,0.9987186234566175,1.0019652891651774,0.9950914146289065,0.9928032987192588,1.0001895416755255,0.9942535484747242,0.9989672411264164
313,2896350000,1.000425589089999,0.9986243421225255,0.9992575755794907,1.0015310612679653,1.001562990777799,1.001890962650799,1.005328059915215,0.999383089153459,0.9925089739719779,0.9989916850252516,0.9967460451881213,0.9944328291085395,0.9948411934586492,0.9981346065256729,1.0011884951117234,1.0038833595541312,0.9972610698449169,1.0031172080220319,1.0026827571706043,1.0032507701236546,0.9944817823962181,0.9989858609085657,0.9991047923841769,0.993053150879941,0.992290333187932,1.0045105804557788,1.0006694521760033,0.998448989770644,0.9942130087511811,1.0026568261388598,0.9993945152773662,1.0021085508890526,1.0049763232985436,1.0015723907303162,0.9965932051642685,0.9932651609144323,0.9976971077990091,0.9986698164955055,0.9948612730867235,1.0028870681615805,1.0019811573040631,1.0020938103507075,1.0061739260708975,0.9993120217998301,1.0017513876859998,1.0008989491381706,0.9970665903069553,1.0012034008382127,0.9913285349670365,1.0032231807843324
314,2896625000,0.9984016071976736,1.0018251156086992,1.0011311346040477,1.000010027859189,0.9969390997576768,1.003314660099084,0.9981066012823584,1.0030120918221124,1.0027919048663538,0.9989733696292306,1.0006055828215137,1.000864553639969,1.0053686562332467,1.000654015271805,1.00267343208951,0.9987357989441604,0.9996595797410948,0.9929305359303476,1.0026132621004038,0.9910173303740921,0.9933816421030025,1.0035637688684478,1.0035123706532274,0.9947885430865046,1.0005818105910764,0.9998361511217875,0.9985980386531927,0.9937831266858779,1.0000822362718425,0.9938851391716305,0.997201620385522,1.001068440204813,0.9996030414698968,0.9926553256691373,0.9982360456968306,1.0055352608908585,0.9938592914958756,1.0024317287253073,1.0041236131357394,0.997230104746902,0.999629547608695,0.9975225566364266,1.0001230622451749,0.9951403839124275,0.9997805089800406,0.9947040649103611,0.9988576015366207,1.0026757469935674,1.0019335509531058,1.0021926613649539
315,2896900000,1.0006611880123146,0.9994631512889359,0.9948072336559926,0.9989147808342258,0.9995809489924585,1.0039037773660484,0.9977626029436093,1.006142329587444,0.9995705326204497,1.0016251332298904,0.9991729158521317,0.9921864455240121,0.9985812074625374,1.0003282764306682,1.0006694746120952,0.99787567271831,1.0001245449550675,0.9945150042474663,0.9963751651637105,0.9990641644023325,0.9934673462364163,1.0014070161174724,0.997885449934905,0.9988422855443363,0.9996286879571425,0.9974567177870876,1.001792884201029,0.9947482621605971,1.000298794876695,0.992330373829821,1.000522425452978,0.9986015101919261,0.9974471586530209,0.9990369834598976,1.0092027995620727,0.9974359321920347,0.9908418939683655,0.9948689121974369,0.9941099015742547,1.0025954498417076,0.9997517524635468,1.0034332120552552,0.9976951043411046,0.9972910343912545,1.001611665381579,1.0039813001271634,0.9973111197058494,1.0063578771441977,1.001081784344061,0.9942786035685336
316,2897175000,0.9951554106703252,0.9933719480532212,0.9942938282573608,0.992847996413194,0.9959733481485052,0.9978070712985031,1.0010771266655694,1.0008399865144293,1.0038353134522786,0.9949604502970134,1.0039044211935035,1.0012259239614714,0.9948792198948548,1.00492412015906,1.0029442770184052,0.9935245353605697,0.995183279916859,0.9986250982324674,0.9907599830906174,0.9964286689830031,0.9996705823481888,1.00004918556129,1.0008214795608157,0.9975697194232535,0.9959827842065624,1.005586352355265,0.9943031932379361,0.99960532837331,0.995449718160842,0.9999254608901237,1.0034292469909039,0.9941480973286819,0.9924963712147178,0.9960799017513133,0.9977320027544804,1.003105333992834,0.9989163111908187,0.9919514470719673,1.003016539085913,0.9983698155829,0.9949122253294135,0.9955737368718475,1.0039508499801089,0.9995067356231041,0.997736012601211,0.9946993950364461,1.0022287239230026,1.003897439590576,0.9938427302042674,0.9963962227810442
317,2897450000,0.9982386758529078,0.994592368599418,1.0022905585683932,0.9993928564643385,1.0007711769581644,0.9977775147557238,0.9982883207918539,1.000331224653006,1.0005535071258675,1.0012081770726449,0.9989781831517952,1.0057610943321864,0.9994097071041103,0.998148098280994,0.9976054310622141,1.007715814809339,0.998064402059775,1.002802395717894,0.9957542744988599,0.9988181955732731,0.9982833259845075,0.9972833342245293,0.9956541812727837,0.9981302962527014,1.0052004725914165,0.9939388696388887,1.0047121759035913,0.9949011662119255,0.9988849337763918,0.9984203868654008,1.0005186184132686,0.9962609357150483,0.9997937607186826,1.0031577456155583,0.9990225627674222,1.0099214502156024,1.000015721052784,1.001151352900312,1.0043059690912872,0.9926013093305941,0.9991888263784371,1.0033416888557727,1.0005594873551236,1.0043693960074875,0.9971323346896621,1.00296754687489,1.0003316840638834,0.9961926429125216,0.9970504862804147,0.9959989715528572
318,2897725000,0.995115049879279,0.9999535893735051,1.00126842305793,0.9973934861101288,0.9979233088176382,1.0087023116169078,1.0054810730576569,0.9949607527356084,1.0040970623973071,0.9960073454952644,0.9923172598656589,1.002456223182292,0.9987027165291839,0.9948338568680634,0.9906741700438407,1.0063897754942164,0.9994284691746139,0.998420762404687,1.0129335366487133,0.9966044615806102,0.9993733038089795,1.0011854516760232,1.0085026286941223,0.9950114944912416,1.0053484206555747,0.9956327372549691,1.002226091564881,1.0009228876050016,1.0002798019185382,1.0028307755643218,1.0000024246247459,0.9932551133132838,1.0022739108616965,0.9931956961858106,1.0046268077858773,1.0052192413010208,0.9956579776856185,1.0021527680062998,0.9997283817790918,0.9987455835142872,1.0025754199773245,0.9985301542101348,1.0017681089936183,0.9953945945029755,0.9983470935960048,1.0005007784644988,1.0033278159412111,1.0078247581741846,0.9994339091558647,1.0047614218873098
319,2898000000,0.9936567562612791,1.0014535649128187,0.9970884642248184,0.9994644167229388,1.0038126938490852,1.0016088204554916,1.0022931995272395,0.999000496167808,1.003404934534121,1.0079279995803432,0.9940232603506105,1.0078667246506032,1.0021706723178287,1.0077401172447136,1.003941902358492,0.9946361023751397,1.0023648215540948,1.0003728717742082,1.0001498992853235,1.0009695919749346,0.9963314749648083,1.0011471213742196,0.995846201264477,1.006938460227203,0.9939449628894683,1.002319653116905,0.9987893029529216,1.0017989140362367,0.9965483615416186,1.0005637289611327,0.9961597119087215,1.0011633060731175,1.002384902917475,0.9995508175264407,0.9974475180844999,1.0055114455859777,0.9960104619270495,0.9936483486945382,0.9988119660693148,1.00585458074965,1.000161071096335,1.0034455895717982,1.0010354257797793,0.9961460400203106,1.0003688880378223,0.9974269879818365,1.0011125070778262,0.9996260478225631,0.9976481747822636,0.9967340718521571
320,2898275000,0.9924486702055142,0.9931368363012585,1.003036888081914,0.9954829572177951,0.9956392086170406,0.996346031447624,1.004796370743937,0.9971216171120619,0.995842227676345,1.0007801952873345,1.00699554934405,0.9982994238235084,0.9975642575749355,1.0040424811257733,0.9981391485849443,0.9992327478395611,0.9990596471292248,0.99665169730016,0.9976185928371477,1.0013070447038044,0.9959611647975326,1.0021497426600328,0.9990865759688162,1.000900363178043,0.9968895549332973,0.9962812910223372,0.9997344521126115,1.000383708135884,0.9985187058161611,0.991825328237956,0.9969979877375473,1.0013247608191491,0.997331680584151,0.9962925626751532,0.9954046294968169,0.9951150499860129,0.9980325561894754,1.004334470288659,0.9997513658696073,1.0020014644877084,0.9978940547883756,1.0016624523984843,0.9987319923168003,0.9944758537632541,1.0008913798252752,1.0022858527487881,1.0022614942528736,0.9978485245034313,1.0006898082187126,1.0085539447145595
321,2898550000,0.9979234469257253,0.9974517349800506,1.0013682764175837,0.9970497848618483,1.0093120128616953,1.0035204881366064,1.0045198863018754,0.9955760505041504,0.9957850224721319,0.9953171665956004,1.0059975535889065,0.9988607702509673,1.001254887078766,0.9961510348372647,1.0023703507089194,1.001176057532191,1.0034176751309856,0.9956973951700113,1.0077679494895213,0.999654597533257,0.9998289187480435,0.9996962801088779,0.99954316341428,0.9994770737106579,0.9993516849175268,0.999527645780344,0.993822124184761,0.9969269358440664,0.9921717013054367,0.9993183355061682,0.9998640142063647,1.0010513367096037,0.9982903976172595,0.9988220537676249,0.9972581852092542,0.9948379036030744,0.9914385011296333,1.0015776478959877,1.008364948187532,0.9948513722115419,1.008646639845594,0.9954260899717394,1.0014688849197748,1.0122917434185432,0.9980146131793814,0.995175425639423,0.9993123281757236,0.9974313487462618,0.9969126353948435,0.9971251296245235
322,2898825000,0.9995460668210604,0.9947546806503141,0.9963317893193359,0.9989574756963422,1.0006765604978671,0.9978076619109675,1.0050800992109863,0.9979881230830613,1.0031609593710777,0.9991333487882906,1.0046521122396868,0.9955348266012031,0.9883241420563597,0.9956493895370109,0.9944715742047071,0.9954668448648927,1.0013523660592114,1.0008303240651903,0.9961693358829267,0.989899840354489,0.9999760918290901,0.9980520397287632,1.003467349135985,1.0020302798686775,1.0013617202642422,0.9967200842517051,0.9994671331306104,0.9979043997813246,0.9993051069646588,0.9969703292537289,1.0050924251435296,1.0006899228887352,0.9933757067389813,1.0021701117095825,0.9962682344130974,0.9995811989566012,0.9983464329978621,1.0005515592313847,0.9969146532650759,1.0016303948887793,0.9993129205340355,0.9961832967545242,1.001579915025933,0.995189642710008,0.9948915126038637,0.9965912573320176,1.000061336642963,1.00369293997882,1.0094806876567757,0.9994953646444691
323,2899100000,1.0008287837565342,1.0000531427422148,1.001898358626191,1.002810272714099,1.0063952163935723,1.0005475788906564,0.9969238044601497,0.9994352932186585,0.9964025085259779,1.0040875086076375,0.9978080023947665,0.9983008320847742,0.9978830098427215,0.9993596021268075,0.9982292924144067,1.00429789167599,0.9962227612675697,0.9968093117294743,1.0041202719799167,0.9940916126481703,1.0029989221451696,0.9940792305558172,0.9971599647302478,0.9998658094541416,0.992415022592153,1.0038540371728226,0.9966249451739063,1.002880922635015,0.9942824852212357,0.9970854566255621,0.9932790815388005,1.0026247584117454,0.9986593178591991,1.0003360446874547,1.0039321933779428,0.9980773593811981,0.9916678168450046,1.0006367785632422,0.9983428770713949,0.9991030804981842,1.0070077459046594,1.003365794852827,0.9988563027185781,1.0026796843192332,0.9985666935578515,0.9983318495878206,1.0007188499801583,0.9963841340806119,1.0017251481581468,1.0012345292506424
324,2899375000,0.9952574785894454,0.9904316623770666,0.9969227400115315,1.0012097630947592,1.0003618616311833,0.9997110146734204,1.0033635356273607,0.9948719801784806,1.0032985812741675,1.0032768147937747,0.9979628744315645,0.9994876531349368,0.9984894645955551,1.0026256246704914,1.002349158714028,1.000623058962769,0.9989222890650312,0.9997382462948913,1.0014992953302813,1.0039433056506362,1.0000976238679558,0.9961548777456917,1.0006731312252855,0.9965658015240171,0.9948852973097022,0.9953101666067717,0.9997155047912065,0.9949565338929929,0.9971001968716083,0.996260664567059,1.0024440749589172,0.999244211358807,1.004460759895221,0.9948488435184939,1.0010177939177836,1.0029820873984088,1.0009438077932236,1.006494181413124,1.0002165733609591,1.001978903374337,0.9995016005255466,1.0046481274285457,1.000420560694009,1.0021071772963066,0.9943487287561033,1.0029646851840968,0.9954169526448875,0.9959457372072833,1.001050939460665,0.9995249865992373
325,2899650000,0.99882811840301,1.0010053571859545,0.999369606061854,0.9973060740910582,1.0071609744227148,1.0040555452361022,1.000301986635832,1.00335492502069,0.9906275331091832,1.0074762519845326,0.9978285861666657,0.9949976275708852,1.001878310925563,0.9966170934227059,0.9943600995123423,1.0045277133412995,1.0020573761428009,1.0057648727889494,1.0050645311175634,0.9947091305093083,1.0057682795426253,0.99465542516192,0.9948500125329448,0.99545802534509,1.002830206518706,1.0027951045418981,1.0103926544075919,1.0008059459996037,0.9999548841181115,1.000453796212612,0.9955653010583669,0.9997043409771016,0.998043763440762,0.9989643448661631,1.0021425607449506,1.0021850172232125,1.0055169534840065,0.9991667144124996,1.0044257927814582,0.9970514200822572,0.9940944845673251,0.9981001951950996,0.9898490195467087,0.9981412792989647,0.9976041309118093,0.9969919824351835,0.9973564331286401,1.0051679790811914,0.9976696388271576,0.9988991204806287
326,2899925000,0.9980565228469588,0.9921133962241565,1.0007119589368723,1.0017393012179558,0.9989413427230042,0.9959206780765066,0.9984863664157908,0.9944813342086639,0.9983403275381624,1.001559729803648,0.9965963487643087,1.0024246149100338,1.0058971785320006,0.9995314447761112,0.997501113826022,0.9992658720480275,0.9995604032151479,1.0005428212162126,1.0005190224840061,1.0040152863258551,0.9948281704444525,1.0055417840920269,0.9980505212295852,1.0044988018857195,0.9994650280471293,0.9999808144860163,0.998664672924042,0.9971072710030834,1.003824628013079,1.0026955144380998,1.0033820522317696,1.0055096868217697,0.9943434207234056,1.0050657737182551,0.9965987380821328,0.9962126445935575,0.9942413541281191,1.003611091501541,1.0035648379718194,1.0051338919258475,1.0019421762500382,0.9969320810637637,0.9988571252860764,1.0010547024109926,1.0011250359098565,1.0033171873682967,0.996832915711298,0.9978615381521647,1.005073867740997,0.9939366825611406
327,2900200000,1.000734561831727,1.0002707797497803,0.9885423788979508,0.9936241644966046,1.0014916856715688,0.9957202925599609,1.0035673169189299,1.0041245930373675,0.9949463494183621,1.00304991144003,0.9983424776976138,0.9952896826220803,0.9978105418519762,0.9987796183712448,0.9978768047429758,0.9975015478762296,1.0078189068140806,0.9929111779619963,0.9952346396249183,0.9984744615817829,0.9979474963385528,1.0052465465986555,0.9982808694847751,1.0063353556786416,1.0025585476040997,1.0044146749245892,0.9985667608300811,1.004647738831951,1.002629780604539,0.998591685298002,1.003155909746278,1.000473876728818,1.003933739187728,0.9959627588264686,0.9989746470697869,1.0003369204870796,0.9960866227691286,1.0029366944970735,0.9974553562596616,0.9999944343806327,0.9971957811544564,1.005594424667109,1.001302490608053,1.004896762293985,1.0023407105783695,1.008837830539213,0.9974889877098687,1.0005909765174776,0.9949672890669702,0.9973834440937718
328,2900475000,1.0000752619171263,0.9952293940420767,0.9970030964768977,1.003084451134439,0.9974509487563399,0.9989198543303611,1.001367625874051,0.9932802566836236,0.999218736881514,0.9989410536443325,1.002112432412778,1.0020341101322754,1.0040875797173767,0.9977020383455362,0.9977524213476953,1.0035079835100398,1.000446930217525,1.0002601198801924,1.0000719185367206,0.9976137643065637,0.999271210586124,0.9970588727842113,0.9966337960679447,1.0021192773037482,1.0026229132562419,0.9929360031891277,1.0038193976227512,0.9981043876563465,0.9995814536402632,1.0081793867247186,1.0000172766877402,0.9971658740366458,0.9944273164870082,0.9971354776147993,1.0072397094969003,0.9992590650887829,1.0013171825528295,1.000578596993155,0.9944692545744713,1.0052845286511867,0.9995829604849906,0.9956799257067964,0.9929789730087891,1.0079671828174357,1.0016926058339732,0.9942915283090472,1.0007751879357774,1.001390146644374,0.9957127205702979,0.9945207394945049
329,2900750000,1.002667796987303,1.0001495346621772,1.0059652594868924,1.0018052584343125,1.0016023789651667,1.0033584973885774,0.9958039667189691,0.996411086611024,0.9984642004837209,0.9993436931410942,0.9964274950598028,0.9989632006660699,0.995154045845832,0.9973671640645542,0.9973089810737267,0.9998430137470249,1.001944862494006,0.9974611426824564,0.9921005114126763,1.001077267500311,1.0030436669534477,0.9991514825547562,1.0012324820521552,1.002702917830204,0.9958683000201813,0.9978824648826604,1.0031371578847794,0.9967903950377885,0.9960691327525141,0.9954744563354393,1.0024665822723136,0.9945263107047715,0.9947472247713476,1.0043477415035171,1.0075909793216522,1.0050315939962982,1.0023520078797166,0.9993698054916677,1.0006857433669156,1.0061243042965553,1.0033759505550321,1.0003797655270072,0.992424827206043,0.9957158778062989,1.0033191465179585,0.9960885901267827,0.998612749287443,1.0021465145922812,0.9965923273357485,0.9996091745530207
330,2901025000,0.9993579298218462,1.0049286789581098,0.9923113178367801,1.005256320571723,1.0006249403920453,0.9985114722662537,0.9984986175257368,1.0011281727547714,1.0056552365480045,0.9981162083165163,0.9958391922958115,1.0021022630072982,0.99915112441264,0.9913189706674139,0.9954638911019138,0.9982066087378236,1.0011359752557176,0.9984159968014695,1.0007947440189373,1.0005973803779888,0.9993238564017723,0.9940865038582409,1.0016623647996694,0.9941683047748134,0.998249666841831,1.0020648894374533,1.0051589875075349,0.9990407216790803,1.001289041231433,1.000298778229224,0.9983488033683583,1.0104248017563335,1.0004508761366695,1.0009138652141447,1.004664819966776,0.9953442870310935,1.0033655990430246,0.9961877172752153,0.9984158668362005,0.9987854289108248,1.0046228474238583,0.9967767876012603,1.0021173296281614,0.9968030760289673,0.99616141204947,0.9964225655720514,1.0017399865535865,0.9981070248241912,1.0042298059202055,0.996847217339216
331,2901300000,1.005825634798519,0.9957391762799253,1.0019683974369065,1.0038697525060905,1.002203652697199,1.0002049854774033,0.9998105502311796,1.00559781181147,1.0002860314773045,1.0031527491233618,1.000601386007825,1.0021317724344474,0.9981636783024889,1.0027492439269186,1.004194866053472,1.0055073602162452,1.0018088666207172,0.9972379007418204,0.9954249946276296,1.000954973092478,1.0009474504413025,1.0044502871038563,1.0023155215493216,1.002172121871595,1.001376332380729,1.0036408333229199,0.9980780123826728,0.9988982439745788,0.9989798346343839,0.9965963142303998,0.9970278545535328,1.0016272117073801,0.9993493907978294,1.002452806749389,0.9927641272890654,0.9980432633748941,1.000849356343601,1.0007809705514072,0.9982200615191961,1.0009994846086119,0.999751938009451,0.9923737966081322,1.000194377137136,1.0013499185406833,0.9991899833136795,0.9996688377732965,0.9956073921578419,0.9980001302362503,0.9997141957692374,0.9977920622289548
332,2901575000,0.994721272060139,0.9954666278841359,0.9996267815620655,0.9935392383407954,1.003053672326226,0.999887764113344,0.9946969188992006,0.9900159258963627,0.9979492300956185,1.005256998058894,1.0021751337246945,1.0007910301208827,0.99950007857162,0.9955751931543575,0.9947676321640028,1.0024473701823315,0.9955142166027484,0.9909660339470885,0.997883679562436,0.9976442983893979,1.0039216889165614,0.99699391935348,0.9983462809443318,0.9924385779081732,1.007497332940202,1.0030235194292536,0.9947140452143792,0.9963163636108984,0.9944726589360379,1.0001136814701757,0.9928053940686478,0.9952509716771304,0.9948992331565254,1.0032353934388778,1.0003283136478314,0.9986112612561092,0.9994517221688084,0.9989886047628681,1.0004811188241125,1.0011523469372388,0.9956324121175643,0.9975918344307035,0.9984206525384888,0.9900772168412533,0.9965459502168064,0.9989961655288551,0.9926722770027052,0.9949936768366044,0.9983364858776917,1.0028366642005404
333,2901850000,0.9982810406504251,1.0006289731639164,0.9922587193049641,0.9958933906133914,0.9959749687403762,1.0001971441371202,1.0032488683018805,1.0040134616180725,1.0048771657784012,1.0003706223595947,1.003587386663567,0.9961471374591124,0.9919012465168217,1.0038033402731907,0.9998690796177215,0.9995319424140644,0.9976168964067403,1.000260245908627,0.9983960390733229,0.9999560477295758,1.004050684960532,1.0012264277469147,1.00122294758854,1.000208966783838,1.0018801546043012,0.995518559008912,1.000601113834817,1.0021407053286455,1.0027921381722498,1.0034900836311411,0.9981527955686377,0.9997657436540762,0.9995656765014341,0.9944054650071156,1.0039182693716926,1.0079425116548821,0.9908559385673329,1.003713650925717,0.99593959769278,0.9960776909677608,0.9977909546351231,0.9995321198525489,0.999323434225601,0.997579255575552,0.9981397433988252,1.0039151137856026,0.9948587943002033,0.9949404569386476,1.000571625888564,0.9976237838881761
334,2902125000,1.0062303198613924,0.989691298852901,1.002808834072021,0.9997613173925238,1.0032070147578005,1.0045557858893823,0.9963108857881755,0.9961747295228685,0.9996997569181547,1.0029244028339257,1.0019149712834212,1.0036030890415166,0.9914040207511494,1.0057630549883645,1.0034293459150754,0.9984482259687082,0.9973506692940075,0.9976577598916757,0.9987854502714115,1.0070462410801229,1.0032008838407214,1.0019764742481494,0.9988152152443207,1.002856235132013,1.0013637414975411,0.9986825124577919,0.9989195091719878,0.9931593705334879,0.9961803516062658,1.0007022613483343,1.0059524588501485,0.9984467786318786,1.00053276257787,0.9993699862734892,1.000287583183059,0.9979479543701381,1.004990969580425,0.996412191281709,1.0021751115609265,1.0025244113103529,0.9986171747111434,1.0002971980008062,0.9979879760292346,1.0098622224759988,0.9956531363462832,1.0025782840718584,0.9957567506957921,0.9947043422748473,1.0012611866761714,0.9978971955647998
335,2902400000,0.9952828936353619,1.0016318667078143,0.9985684957119036,1.0046248923180532,1.0002874742502528,0.9997760046349656,1.000117860957459,1.0047706883057996,1.0000257882382908,1.0057527957478576,0.9993921794371955,1.0022770206340421,0.9983286690913021,1.004146713733793,0.9978446073991349,0.9966089061080993,0.9980441406122686,0.9993834925277868,1.0000504049757402,0.9979375357960245,0.999087899750135,0.9908666692354204,0.9978888234001195,1.0002751174604547,0.9996916389723397,1.0002093678577861,0.9962849912417876,1.0030498126436722,0.9948136218928898,1.0004430184706081,0.9974071820992229,0.9986418898116317,0.9946208828707184,0.9946648472567087,1.0083147240194352,0.9984587992741578,0.9989583918828492,1.0010798923760693,1.0064835421411669,1.0038629313017042,1.0093206269251398,1.0000020998960382,0.9998363177679404,0.9972171164786425,0.9972220325729446,1.003463059748244,1.0026493100755334,1.001422852249934,1.0037444032754703,1.0010437354105932
336,2902675000,1.0053553858014719,1.0021068233828945,0.998433417820216,1.0011689634946206,0.9944400966271224,0.9984148476005804,0.9975302618595641,0.9952723801574312,1.0015411019340386,0.9962638782961672,0.9994702727467397,0.9972158242368231,0.9993463564544054,0.9986447829545946,1.0032579138263955,1.000293795185467,0.9963038514517765,0.9891151392010508,1.002278867964047,0.9990925586943641,0.9974941532324068,1.004492026365727,0.9937761222817614,0.9990791622296847,1.011329015439786,0.9972011971813795,0.9989501708079372,0.9943096130948827,1.006459655862266,0.9989381842586511,0.9993239627165331,1.0094614291262765,1.002949445803227,1.0015532991295555,0.9990439591990136,1.003929034069743,0.9972220479479682,0.9997391576487189,0.9981245402549744,1.0029804302483736,1.0000069143913424,0.9930086389968187,0.9992244625326668,1.0055801687101051,0.9939114816401671,0.9983367179264466,1.0044609973847844,1.0021899379696153,1.000661941508325,0.9967768898080199
337,2902950000,0.9939060598460452,1.0003774505750516,0.9940389327189414,1.001629321678132,1.0048303946117552,0.9991490999346232,1.0016317174319302,1.0065550643317425,0.9983918944295677,1.00457396669467,0.9991130795539758,0.9991363746878459,0.9964349732258199,0.9945004090413083,0.9989797792645584,0.9957556800084266,0.9997174589731233,0.9950238063558717,0.9943477426557878,0.9990091138945416,0.9955350865627496,1.000751934731643,1.0001760826747113,0.9943257840745483,0.9932012957351768,1.005950363003017,0.9969870155667123,1.0063837123860477,1.0010322990614184,1.0048388192179574,1.000623781326672,0.9987126023618185,1.0001402860628972,1.0061166082976762,1.0067836885974344,0.9971113880762115,0.9929887315096813,1.0042550702867086,0.998216385032048,1.0023108988766019,1.0035902495021458,1.0049200080669296,0.9998792772581235,0.997495741012217,0.9986914990790785,0.9969477279917127,0.9966760745591476,1.003588159410689,0.994231566571088,0.9978670691180407
338,2903225000,1.0030525984048353,1.001238689004903,0.9989078320213851,0.9953087696469245,1.0001505929812526,1.0009185739823436,1.0038127292662529,1.0007199045360122,1.008440773180222,1.0007437949400255,0.9984889693419108,1.0034072669969618,1.0013086461150758,1.0038996576216732,1.005269024259762,1.0006825679078344,1.0012157722643542,0.9970669417919569,0.9985319663668668,1.0044396382296037,0.9976270250111269,0.9918439166963511,0.9973440288414813,0.9986376681497429,1.0064486849805327,1.0057515107999762,0.9994979585855035,1.0051750757316777,1.000028002311433,1.0037233564857126,0.9942210038887294,0.9948298839670238,1.0036026085148544,1.0083650050117747,0.9974921487533376,0.9972302592800111,0.9972719991708117,1.000648117210483,1.0022819713126137,0.9939402201072627,0.9971562722047624,0.9970344542858364,0.9971828278993639,0.9986617532301869,0.9940226518113751,1.0002397840133224,0.9935183252098047,1.0000870532040111,1.0001115485647372,0.9957138555462984
339,2903500000,1.0043130223826517,1.0001843851454195,0.9983945554900641,1.004747548726984,1.008554918697933,1.0085471726432669,1.0041436504527028,0.9994725661698086,0.999913632826123,1.0002708198145993,0.9977259443824739,1.0037165414383595,1.0004688880604706,0.9986016900154594,0.997766160707403,1.0048237879303352,1.0006364695548369,1.0000136981621661,1.0036041856339712,0.9907998086022399,1.0000652977022777,0.9981475082654733,0.9948543738801546,1.0015438917959223,1.0035647449141623,1.0033802707703794,0.9977686129648325,0.9993546200152478,0.9966468683362846,0.9999031968828551,1.0015609582461469,1.0052384360708784,0.9991851247305964,0.9970316258425216,0.9945548984270652,0.9999420507199052,0.9983989909389128,0.9977908198791011,1.0037976416676155,1.0002879116757297,1.0022570566796336,0.99953915177642,1.0076513677187646,0.9942431117150412,1.0030400444986098,0.9967361937817825,1.0008179622880864,0.9984160266208407,1.0046152457013773,0.9970183214245709
340,2903775000,0.9983956396409492,0.9967784898173173,0.9984023702176908,1.0027682694248612,1.0008380428089907,1.0038306898367733,1.0019736305054336,0.9931688255625353,1.0025870823963787,0.997179667032581,1.0005625710485073,1.00087154953624,1.0001719101198892,1.0005205283149883,1.0002537852388174,0.9977348919419682,1.0038085825592629,0.9962923075512667,0.9934786433887453,0.9922699219962793,1.0006633834725513,1.005741774086847,1.0003607752371335,1.006157322351314,0.9980953604664157,0.9990792100607669,0.9977984614201082,1.0020057557061155,0.9954171708837551,1.0027802381959672,0.9991492666242361,1.0026995482611982,0.9948507958113316,0.9980071635473651,0.9991120283259464,0.9997148146309334,1.0005246880031224,1.0038438825645202,1.004669777794113,0.9987796266062612,1.0016576296032549,0.9957577702332614,0.9960596993089922,1.003724521983923,0.9942400353416689,1.0009353413801183,0.998672874695606,0.9986939215271127,1.0029551068677607,0.9991079052741088
341,2904050000,0.9952202907426541,0.9947901628278747,0.9956408358917289,1.0019381938203178,1.0048201558939305,0.9998630448305198,0.9976432302735706,1.0009045078431904,1.0021667381350974,0.9996125526676991,1.0035454625163962,0.9923381200868069,1.0007024311632267,0.9947574589606861,1.0037003730245273,0.9992214170404434,1.0029361002688668,0.9953642043198958,0.999159339548521,0.9973747362017571,1.0036613004864774,0.9996427475626124,1.0068557204155655,1.0013508133724678,1.0039069038083681,0.9913267752671423,1.0000561617742505,1.0009683078425562,1.0027133001117656,0.9995606851478246,1.0034269246256733,1.0082020105232892,1.0042281512237887,1.0035453388241076,1.0098278123301234,1.001063369058449,0.9985465937022138,1.0074458466626126,1.0012472781753743,0.9978502470769051,0.9972856674188502,0.9946737244479107,1.002464834345576,0.9920715831742406,0.9938594416851185,0.9970266969479535,1.0027937103719595,0.9951872555767799,1.0023167228453835,1.0014702292068687
342,2904325000,1.000620706027137,1.0002730685980903,0.9997434859406367,1.0001515987349616,1.0011316535226917,0.9975037025664688,1.00297145771585,1.0023510365628383,0.9974479106308415,1.0014248935376644,1.003573154340211,0.998948880720611,0.9942936069403231,1.0008961637620732,1.000751709105789,1.0038966580198896,1.0039446854598333,0.9981510649072634,1.0002749108421647,0.9990729137908227,1.0012114090680426,1.0024375910931878,0.9966570811217912,0.9986537077124584,0.9967523498600983,1.0034705641756951,0.9955284898300384,0.9948902697031657,0.9968490499575434,0.9941712200922503,0.999660995385232,1.0005262059021387,0.9980135661238029,0.9978872439640443,1.0009860952842147,0.9944009011726671,1.0020885586585055,0.9994795285211183,1.0020880602508402,0.9982392770033119,0.9966485789064797,1.0042799607994155,0.9993653061423103,1.0033003282144308,1.0043009613981035,0.9954144346013395,0.9968878969087572,1.0040360226064267,1.0007289520602254,0.9944055197813698
343,2904600000,1.000127375777641,1.0000550870388292,0.9939176145557589,0.9969094226430225,1.0009928122401772,1.0003282705967431,1.0030953430689447,1.0039329918998408,0.9991428471898881,1.0073170794500723,0.9958522332646831,0.9994783324216754,0.9988533010958225,1.0070511706065342,0.9996221624649791,0.9996121205606979,1.001255168109831,1.0001408244332242,1.0067118199308158,1.006196426687851,1.0003867893134586,0.9980574473573163,1.0052859897364936,1.0064684985327979,1.0029591819201815,1.0003703792643275,1.0003374188998297,0.9929552204140247,1.0031764469764672,1.0009859348943753,1.004207344348041,1.003383080117074,1.0000399031340264,0.9961271638206829,1.0058395716695567,0.9980979351052037,1.0028718353205583,0.9983671301033167,0.9921452551669063,1.0008700919449702,1.0025069477776698,0.9977372604505471,0.9954669863822211,1.0003016448148945,0.9956546523309969,1.0029773846704124,1.0013253695308544,0.9969965827744023,1.0027142757423568,1.0011478249222796
344,2904875000,1.0011476750291506,0.9957619044675314,0.9986938055183515,1.0093901242298897,0.997359370441694,1.002198597332165,0.9992193399990605,1.0017095920018781,0.9985423995235406,0.998166804791118,0.9962671216009562,0.9978220663382829,1.0054583724726556,1.0009898837787452,1.0029557249528902,1.0009194506795105,0.9933760156429016,0.9912741369265007,1.0049843012859097,1.0060697575862783,1.0118097797099082,1.003084360869871,1.0052169740064287,1.0028971731791765,1.0017757729962926,0.9953903080842044,0.9947816847836815,0.99488527414716,0.9986640210361334,0.9957634019209346,1.0012412872283514,1.0049403875148257,1.0009462237859887,1.0098438308185693,1.0061677953847175,1.0009368068238855,1.001366483188141,1.00149515828887,0.9860511155792443,0.9964696098606459,1.0050890927883767,0.9983797790623108,0.9957817371803663,1.002791276476538,1.0022482932282564,1.0035771892726806,0.9999659683620445,1.0008002527204327,0.9963685340057689,0.9990762460386213
345,2905150000,0.9980276174661458,0.9943484246699805,0.9987293217713927,1.006548029063535,1.0043660954093983,1.0031898474921732,0.9944281752432066,1.0027773849253114,1.0011650165431805,1.0014276824182613,0.9993796178626262,0.9960102712985169,1.0011282505412666,0.998564252545408,0.9990400807247317,1.0008383060951336,0.9948157435346767,1.005925265048771,0.9973452843297023,0.9957728887189028,1.00153342399292,1.0042238039045783,1.002399243853239,1.0021280586415469,0.9977019125481352,0.9986669606182776,0.9996883674940769,1.001022799333624,0.9995205850224644,0.9990691090587562,0.9986758241916119,0.9996045346681189,1.0010046666782968,1.0006543879823884,0.9972716603735505,0.9934665764627768,0.9933568982451015,0.996368646785261,0.9964670054583168,0.9963807262446013,0.9978618407751867,0.9996157493332015,0.9990342434044778,0.9966084933478286,1.0039963742742923,0.9986986283698642,1.0003067090786129,0.9993169897570178,1.000435777106275,1.0034061199087625
346,2905425000,0.9968654934602664,0.9934797005502286,0.9964529739208485,0.9973655648248658,1.0035878563452245,0.9944952607821708,1.0067651922146523,0.9931263661735151,0.9964616601133167,1.0026686002706093,1.0068211168891095,0.9992883211271688,0.9989392242658516,1.0032203987098929,0.998433363132651,1.0043499705888332,1.006568586040658,0.9992698771207773,0.9947932890520843,1.005992106055823,0.9993737678968486,1.0033205875262092,1.0001283476740745,1.0024204063230113,0.9958661781128348,1.0001087891942435,1.006392707761362,0.994654130456585,0.9926966028097077,1.0051922391308095,1.0004038073006292,1.002986654626154,1.001047198117113,0.9950318700558111,1.0026271506272395,0.9963762178032667,0.9993830837049301,1.0009223155939808,1.0038118204600766,1.0023171378519096,0.9936620863862701,1.0023488436461456,1.0016411456056604,0.9982421426098346,0.9940700911789743,1.0056980865946836,1.002691476469508,1.0010008797772734,1.0022987131142806,1.0009988573824649
347,2905700000,1.0026559277244547,1.0042266232158223,1.003637555896901,0.9978972746824945,0.9952264335067285,0.9960926064819936,1.0034298960658292,0.998522314727755,0.9983828216010386,1.0115531941192915,0.997305670397696,1.0006523824524094,0.9991629469885068,0.9983675353911089,1.0020529581078912,0.9970477220207906,0.998421069138392,0.9935252915721535,1.0022546489510042,1.0023570759786034,0.9937645113869746,0.9973774268570259,1.0055407709344752,0.9996942294360763,1.0016553934457386,0.9962131383029595,1.0018664871900729,0.99886640222014,0.9948404984149706,1.0024526911268339,1.0019955796807574,1.0024066317184277,1.0012759939196259,1.005139930658339,0.9964143942750711,1.0016650901344732,0.9991571888159871,0.9973338589239887,0.9964380762979731,0.9991644194418399,1.000845373093424,1.0031524757764096,1.003801304019317,1.0015276016524033,1.0003548830693714,0.9937960438200824,1.000740529821658,1.0033231417023385,0.9992225894618265,0.9968533855448389
348,2905975000,1.0014120360156098,0.9990488300181951,1.003412529481966,1.0077146068744312,0.999693087947109,1.0032260060208777,0.9987547892946278,0.9967922758469142,0.9998721535544857,1.0020689894781694,0.9992860555622394,1.0006936819780559,0.9948363360600828,0.9961326357394845,1.0019713839750846,1.001462448137926,1.0001570779450168,1.000472252991524,1.0006452351550623,0.9971524267406237,0.9934282465952109,0.9926503942272669,0.9956060342838933,0.9982697483035635,1.0036609493185864,0.9999977230701317,1.0036490959378226,1.000691505227883,0.9983609628448122,1.0010897288570222,1.0023402635535972,1.0021469908665264,0.9996493770048313,0.9949052969392796,1.007927689593338,1.0051534840169198,0.9980622723942247,0.9990978139089975,0.9935609019093913,0.9991182987738164,1.007140131883124,1.0016572449483951,1.0037946041021253,1.0012056119958823,0.9980587891489099,0.9989588641714866,0.9943291375824898,1.0030642211496674,0.9958467189795303,1.006097779906198
349,2906250000,0.998012730852128,1.000926106018792,0.9986857651776602,1.000081427316619,1.0021266278717165,1.0066569158832064,1.003631870557832,0.998985250353074,1.000828298544839,0.9995529034897204,1.001925284875589,1.0005841807142895,0.9955342620798728,0.9948277127206636,1.0008270379291366,0.9974638799840729,1.001872476409011,0.9996070309706164,0.9991394666902114,0.9991994172709081,1.0087478504725973,0.9966573362609029,0.996234719287196,1.001690653440116,0.9979447397149617,0.999088348742678,1.004860327651997,1.0009177094897994,1.000458379537417,1.0017859046863864,0.9948064414834766,0.9985467602641422,0.993069755134732,0.9993121535864913,1.0063148490936835,1.0000992400094657,0.9932141211938664,0.9945694817376045,0.9989506407479384,1.0048315862434285,1.0005018858980932,0.9997628038246639,0.9991531763088012,1.00169858093331,0.9979987881699345,0.9994425574625823,0.9971650616676859,0.9984599071364917,0.9963321330320615,1.0023591657847386
350,2906525000,1.0014050688591172,0.9960065283333316,0.998140166717058,1.001088798504503,0.9984699909322537,0.9993306797505999,1.0032647017432963,1.0013461961214791,0.9968285778106986,0.9957659425944961,1.0016539640998536,0.9978414900669312,1.0045352558135483,1.0016848442987056,1.0049703966978607,0.9967665867678119,1.002300826962812,1.007903058917067,0.9975516937477004,0.9930056311196217,1.0003447360178164,1.0016234871990521,0.998095717288706,1.0085578303476186,0.9970232027327592,0.999489232765828,0.9955960799012111,0.9968404170830405,0.9971737210863888,1.008018624012224,0.9956108727449645,0.9991503705659013,1.0007525559684778,1.0029411610278163,0.9943518470157499,0.9959198293931711,1.0033233082969792,0.9939226533580322,0.9972351188071751,0.9960668427824161,1.0070210965224595,1.0068266064251916,1.0065505677685096,1.0001884801073004,0.9951197847061041,0.994272007830067,0.9986646163863472,1.00235989752292,0.9977442727439753,0.9981017987620054
351,2906800000,1.0021155715205428,0.9984650910182233,1.006776440620532,1.0020333345379477,0.994872827791382,1.0047197820082707,0.9980669686665679,1.0007349754250232,0.9993611943545437,1.0065707899147422,1.0049023837962023,1.005632819693062,1.0042273184614394,0.9979958943900298,0.9954380538274182,1.0025663901832254,0.9979625150815576,1.0037845946408632,0.9935673698498163,1.0009716100045152,1.00255304290731,0.9987743915922846,0.996951522234377,1.0005355475902422,1.0013939061396824,0.9999378976558712,1.0013616761263446,0.9991857279274698,0.9975205386514937,1.0020608919662335,1.0022941250307826,0.997243418971201,0.9963498706688076,0.996318806925914,0.9941724752139522,0.9988934031540081,0.9990536742187932,0.9974675852824765,1.0037176922930693,0.9940290780038876,0.9988088113213123,0.9991888078756591,0.9991436740729686,0.9963040612239878,1.0034037926250206,1.0010341288847462,0.9967853987898414,1.001658767285132,0.9993948583121954,1.0009721106297627
352,2907075000,1.0033654032407686,1.0019643918159105,0.9996617191768314,0.9992694065488774,1.002166059465741,1.001459974880516,1.0002801903186374,0.9984925902419108,1.0016699374843745,1.0002470456623482,1.0029769360136356,0.9994703988488425,1.006361348166924,0.9979794383719589,0.9996057640225499,0.9971103117938308,1.0014746236885441,1.000865186658343,0.9949077874826721,0.999611973263759,1.0000447269896284,1.0020707339963015,1.001850124048634,1.0004660665872545,0.9986580711918113,1.0007796915633222,0.9965778497800649,1.0054089860264102,0.9971321549463261,0.9869930813223122,0.9899091645923956,1.0009327366281444,1.0020331425623898,0.9986193786961447,0.9999094793727665,1.001685055636756,0.999314435508922,0.9997760458256095,1.002628068180582,0.9952528028175194,0.9973853053835573,0.9949190234923446,0.9994654552328157,1.0081068615511215,0.9976826745272744,0.9949743997107814,1.0008584116055488,0.9935683073950368,0.9965018979069493,0.9962855020682966
353,2907350000,0.9983225926003727,1.0017446570722806,0.9926624205663657,1.0009692947945632,0.9971722060227867,1.0043405319334084,0.9980281961981823,0.9954540005515228,1.0033272795544095,0.9992566220646547,1.0071656571649972,0.9982646459200462,0.9956694742261311,0.9945704006236344,0.9984801156674203,0.9996719808971675,1.000167915108053,1.000411798356155,1.0011567381356368,1.000440018816535,0.9943385112864234,1.0039033836468565,1.0033394387943413,1.000679171034701,0.999503933478465,0.9986098281580621,1.000234987730306,0.999942279274894,0.9901786084907305,0.9958304956519406,0.9995006041412136,1.0007077964004056,1.0000035418864839,0.9947125144685205,0.9993033468302592,1.0084351667192126,0.9972237454503783,1.0006812667317901,0.998385913135238,0.9929131972797919,0.9999870182041956,0.99454436164163,0.9948312635043531,1.0026247434077076,1.0003532577588004,0.9948753590052184,0.9959483581238567,0.9999449159959999,1.0072417791286064,0.9974561565270489
354,2907625000,0.996127874453531,1.0007848611474914,1.0005986072584452,0.9972289295216604,0.9951029390411196,0.9946897696367436,0.9922210972095866,1.0003618161673884,1.003109827357598,0.9983586245396082,1.0007698113890482,1.0035810627521067,0.9948026741960391,0.9942178122945566,0.998704701974004,1.0050914709267196,0.9991095832724773,1.0035128577682226,1.0047300039930913,1.0022540421774226,0.9968842220755874,0.9961764171355059,0.9998102221100895,1.0017242321637898,1.0000179283735298,0.9987945947472211,0.9997297324876823,1.0036306940237854,1.0042116860531813,0.9994907521254947,0.9980120916505092,1.0021544505135527,1.000915973180764,0.9996686473053188,0.9947556712353113,1.0067760105838344,0.9982380857838212,0.9960738229373088,0.9994850265649527,1.00373388594997,0.9989855581626497,0.9984700038618606,1.001202407532686,0.9958971763094087,1.0033592107458322,0.9997521605100816,0.9987518202637333,1.006534905925077,1.0040112049961571,0.9991028377425146
355,2907900000,0.9993727474778797,0.9999577639187796,1.0066352071746925,1.0078069343509948,0.9958000616758755,0.9979047775815231,0.9939398093738346,0.9998988887043435,0.9990964688764599,1.0032941709730896,1.0020791813242764,1.0004732154695781,1.0041422311445574,1.001509576188926,1.0019327418892274,1.0029751501060515,1.0015078914529176,1.0017220622466831,0.9948539542940017,0.996608043606984,1.0044348060782933,1.0020736175772218,0.9960511044901876,1.0013827490726668,1.0033650430504346,1.0071399764446196,0.998038553541354,1.0007393761483347,0.9998708720608755,1.0045405682150876,0.9981497756702115,1.0011279493041614,0.9958599678476825,0.9953624440468911,1.0026553713569992,1.002838183426828,0.9977673296161919,1.0030763044882876,0.9971789424677985,0.9972707062197467,1.0056131661704752,1.0038853440767075,0.9929139809816958,0.9957731257506192,0.998273381659488,0.9963914011312589,0.9997477935294978,0.9966859359914887,0.9986171233225399,0.9970728756994397
356,2908175000,1.0043706771604648,1.0038906516873853,1.0030316763690386,0.993135306689705,0.9975767324881426,0.9936260782966012,1.0004124354126307,1.0014727357011193,0.99404234764359,1.0027118534762884,1.00343906852321,0.9955699379775445,0.9949516499268625,0.9982991392877513,1.0012459165165783,1.0061676435343585,0.9946811975384404,0.9984410297379902,0.997877978914981,0.9956636337885453,0.99795897331109,0.9990677191475427,0.9971973377769777,1.0022160118545715,1.0008755848541657,0.9962220129837738,0.9995034103050546,1.003974100293126,0.9994835006700603,1.0027058503874149,0.991715797033979,0.9987707481784718,0.9995058350423807,1.005786199571472,1.0013641334095935,0.9917191627963012,0.998898639364654,1.0033140731310966,0.9993693083311549,1.0007222471184012,0.995003624973046,0.999086062777219,1.001126135891326,1.005738926153775,0.998771840340752,1.0012424194404952,1.001078060657624,0.9989337383309925,0.9991609421994023,0.9949647378874656
357,2908450000,0.9970752861976261,0.9989491962570891,0.9992127592456772,1.0015053620435976,0.9996480542710928,0.9916894192606774,0.996669938276562,0.9928082846113381,0.9964939328282172,1.0001438877194517,0.9995867333734342,0.9992186785687996,1.0015447950777747,1.0023697817989605,1.0058696826000078,0.997704735139344,1.0004719656429755,1.0003471309114693,1.0028328638416117,0.9970238444232358,0.9993420550265641,0.9935741947252796,0.9902572635555772,1.0020642728657583,0.9996049630477039,1.0023788123940984,0.9985490475471858,1.0015774981222898,0.9971173957581876,0.997921334626702,1.0011036436009764,0.9982865005802404,0.9994914350531797,1.0004628288616764,0.9978089383857072,0.995575953366464,0.9956944158508625,0.998045753620982,0.9971440073818343,1.005843314986919,1.0005864195827954,0.997970074761968,1.0033339683808484,1.008898585487242,0.9953846319154951,0.9949523052753765,0.998734295502388,0.9996060474131248,0.9979486771675574,1.0020446799859972
358,2908725000,0.9970436879235048,0.9979943099471164,1.0024733168900413,0.9991713296344621,1.0018817125746278,1.001008129974654,1.0005958687478786,0.996037906874014,1.0000449736153683,0.9963682966858787,1.0001804811618222,1.0007456201773355,1.0046737703242643,0.9966637051243079,0.9981250089201672,0.9985374334396464,1.0009116030571725,1.000366970315798,0.9970880309432325,0.9939490113831518,1.0004932376347977,0.9933211066845047,1.0013317445517687,0.9998163443487988,1.001655039469942,1.0004196053386993,0.9963948819087917,1.0003138218959469,0.9995814353948056,0.9958656033049375,1.0062266393178683,0.9937619146404542,0.9957272552848826,0.9932306729610959,0.995841190364429,1.0005762754451357,1.000101470556158,1.0025894489147267,1.00424348016999,1.0012540366758202,1.0044871485907718,0.9978948028399682,1.000364367435202,0.9994613906150359,0.9975237561132462,0.9978115219758543,0.9988168139695268,1.0027678432973155,0.9988695593458042,0.9940255362126039
359,2909000000,0.994604690128669,1.00236275559375,0.999112827983152,1.0022309800874567,0.9993815405437846,0.99765892794203,1.0004707974444238,0.9992972757769112,1.0005719666286703,1.007417237422133,1.0000549154124194,0.9974640942947548,0.9985301644503174,1.002370647764382,1.0014557241853248,0.9995547750311898,0.9955851907647495,0.9977252828616178,0.9957981923313555,1.0026964361135418,0.9956107873948664,0.9969942651247762,0.9956837323353851,1.000287421704243,1.0030703893418993,0.9969091590231962,1.0034336072869747,1.001257359380721,0.9940205199461063,1.0010943941946222,0.9972671268124833,0.9953081394770738,1.000716725093774,1.0042253457327122,0.9967669275386476,1.0079053292293774,1.0013475840540398,0.9950864613639073,0.997452864564707,1.0103742052689062,0.9988701671379663,0.9970481067948136,1.0000887357940322,1.0018091676556866,1.0017957690415198,0.9995219445243922,0.9966849952919234,1.0023713691441174,1.0048986587225686,1.0094866440871013
360,2909275000,1.0016407346108063,0.9969126707607447,0.9958691562127481,1.0030057854315053,1.0011147836710539,1.0052138993007393,0.998918259208637,0.9987853218197759,1.0060261513879192,0.9993266053104068,1.0024465443331738,1.0025990170824008,1.0034744085534595,1.0045840161454598,0.9955628425557708,1.0055211313381576,0.9989468542993504,1.0030911898726373,0.9968549372834894,0.9947620146544033,1.0026994596240937,0.9974011462579986,0.9992758475372608,1.0016321791312937,0.9976730959008299,1.0016194254159443,0.9942542555232182,0.9970778025469984,0.9987069614270004,0.9991859175393096,0.9968695921575861,0.9965748406815635,1.0035887049070602,1.0018493199629515,1.0042823196036104,1.0053672644999914,1.0061312835157659,1.00023011661206,0.9956095530216402,0.9980656378649604,1.001761485750071,0.9940437231558955,1.0077456724659914,0.998447734365046,0.9996847938484004,0.9967294519368959,1.0084517055437014,1.002471026218265,0.9940975686841725,1.0002697506426241
361,2909550000,1.0029299035919572,1.0020838293568788,0.9964347012323488,1.0025250077510262,1.0032088216571822,0.999756401648653,0.9952869079662561,1.0025277438651317,0.994674723172399,0.9950932225656125,1.0021137871665575,0.9924673459370074,1.002798539345435,1.0008764414537525,0.9975263430791865,0.995033323228222,0.9981736959914699,0.9964209293021398,1.0031754824148977,0.9980370738912185,0.9925517982176573,0.9952158352357191,0.998539141988704,0.9999808032212775,1.0010038118494795,1.009281629876664,0.999186863683442,1.0005064698185877,1.0027789508402378,1.0011257214105849,0.9986447086331839,1.0119037881626538,0.992922696199796,1.0038541846182625,0.9969481176947909,0.9957193386497797,1.0039136936733895,0.9978182361089453,1.0038459281738,1.0022047327624024,1.0048800587599103,1.006591324963353,0.9989153201542276,0.9994562543407646,0.9931131986313615,0.9985805087173781,1.0038122127353133,0.9982580786569629,1.0032284999947114,1.0059125321885245
362,2909825000,1.0018249601422256,0.9957475312666707,1.0003716253405834,0.9953397946439404,1.0019899197521138,1.004577855484669,1.0014294539981068,0.9979304620131151,1.0042993778699036,0.9986577590929311,1.003977051115113,0.9917129969840276,0.9994580940880713,1.0036613680244253,1.0035604920754466,1.0092745508298955,1.0025309319698688,1.004257894763466,1.0040476485939342,1.0032740978895343,1.000981040574787,0.995745547856366,0.9984223162032295,0.9979575966238136,0.9989038950975246,0.9924994341465351,0.9978986005085294,1.0003464893728677,1.003768584098323,1.0028456822897942,1.0030241568774583,0.9968471871168371,1.0011661451701253,1.0000936102270317,0.9997593925142693,1.0025045195444875,0.998239131700502,0.9993989222827779,1.0052481757683687,0.9987131689436493,1.0069460168382314,0.9944249856673095,0.9998356038630098,1.00023372795246,1.0057231263327016,0.9975083524193049,0.9967999621880076,1.0034174340335826,1.0009128260516464,1.0024590763844419
363,2910100000,0.9935057929442472,0.9977913365121205,0.9978155300195427,1.0040899915265942,0.997312777592143,0.9987530265110298,0.9939857078807817,1.0040787387169294,1.00447267573816,0.9977682854917015,0.9925090224558959,1.0040050633304385,1.000788397616887,1.0047998085012135,1.0012304547622872,1.0013478988615363,1.001681377588991,0.9991888158436079,1.0005298731028287,1.003467283898125,1.0002898889206133,0.9968568289833498,1.0039172938430365,0.9986379217031178,1.0019462989582475,0.9991284224276928,0.9969335277646915,0.9973229130741433,0.999902223354572,1.0071740872203956,1.0053642510585992,1.0024873197288255,1.000143605907314,1.0012164053216348,0.9984719158758618,0.9952215592258922,0.9943351722603623,1.0033213555594533,1.0018865036604998,1.0012107722693677,0.9998876503287074,1.000445623327749,1.003157533423807,1.005173865049788,0.9937529188798108,0.9995354610678154,1.0001445786280438,1.0023665093523901,1.0006849995298948,1.0019826603711766
364,2910375000,1.0053556917487245,0.9925712838945701,1.003654502588292,1.0013534653245255,0.9987790406478204,0.9935530221824284,1.0009952279058891,1.0009747655194456,1.0013743387303542,1.0039260936220533,0.9958495047725856,0.9999785413617577,0.9952591660213748,0.9990550886505489,0.996938239494507,0.9990439056710101,1.0051240351046014,0.9999161885264986,0.9979958860839327,1.002066880403364,1.004304020728811,1.001672506614041,1.0025754088192578,0.996701725570032,1.002026783417366,1.0065611528041756,1.0025349717838516,1.002195275992519,0.995695535805578,0.9962547517374923,0.9996433529632143,1.000508065969986,0.9880893881641274,1.0061296857100699,1.001098106343971,1.0043686681572541,0.9954084569724928,1.0045805273800679,0.9981993142321656,1.0013445398618663,1.0034635085151338,1.004880834870088,1.002153541137354,1.0087184181736941,1.0017146218112436,0.997494388186333,0.9941909875637931,0.9974593196625489,1.003736548418299,1.000235097224519
365,2910650000,1.0056374535956971,1.0056452847406285,0.9932401060941732,1.0041156171407266,1.006466757752781,1.001556222573381,1.0071813863638401,1.002706834782641,0.997423984174273,0.9989813394901982,1.0033051744023493,0.9967750739245956,0.9977652829600528,0.9985706584203364,0.9995447159248693,1.0008155000077015,0.9978293664995447,1.0016029016630883,0.9995021003824288,1.0068995253857824,0.9975706537390077,1.0016048216003102,1.0002266176267944,1.0069952752553766,1.0007761750440267,0.9957843735309208,1.0016853945677746,0.993393047453106,0.9988473756968601,0.9954047766380696,1.0004181615992163,0.9984033848293493,0.9959652612153403,0.998723318968698,0.9965641808849659,0.9963375548040759,1.0045841347338544,0.9969079267830513,1.0039597426103914,0.9965374482765015,0.9962115023029335,1.0033184855435446,0.9977065089000311,0.9984163729298864,1.0040227466848082,0.9962182888818752,1.002047740598669,1.0078267557855776,0.9984128242591088,1.0090158310815185
366,2910925000,1.0021748400709176,1.0007635835760489,0.993129398165191,1.0037212125602868,0.9933169019731686,1.0008564078767983,1.0003913848168897,1.0019505314864534,0.9994416051441184,0.9979654593852076,0.9969347503006983,0.9976849753155692,1.002853373428963,1.002344639746351,1.000994497960144,1.0023308862044504,0.9997471237474642,0.9997933131256366,1.0027133542397304,1.00113866855472,1.0008190489182331,1.0013269628144956,1.0032403612365723,1.000288438938257,0.9987235043265658,1.0005848824110217,0.997991200828433,1.0095195846593508,1.0001107606337065,0.9907473866500868,0.9986342827536114,1.001610053789143,1.0042247044166104,0.9991157200543792,0.9993920056424442,0.9973040262857935,1.0010270962591685,0.9987859676450247,0.9971678208587095,0.9953144040411345,1.0012493708353423,1.0004394040650884,1.0013296537066203,1.0015908869292949,0.9990984910886093,1.0000999377485342,1.0052964047200552,1.0065903114153545,0.9977206920057872,0.9991211013473137
367,2911200000,1.0071672950333357,0.9966967871430574,1.0010905963353016,0.9953783611936311,0.9979475685374783,1.0055696981172044,0.9954097119148178,1.002472763822419,1.0065218001998109,0.998482011949092,0.9920412293695134,0.9951971458620079,0.997951717971123,0.9972637276704586,1.001522594325788,1.0040009581064857,0.9964420086077289,0.9991365603828148,1.0049284730120789,0.9991154726081883,1.0026002065022546,0.9948377839504103,1.0000130280313781,1.0036345761508443,1.0071261497016513,0.9952578873630822,0.9977658594290052,1.0012581413395856,0.9984321189502783,1.0024799074265596,1.0094836742771445,0.9952583539854158,0.9974961563131943,1.0064025971028667,1.0118700340197668,0.9955757553924514,0.9939532547681658,1.000389538109668,1.0053343781499895,0.9951811953314292,1.0003022233705807,0.9992942766975387,1.0041797471762568,0.9918845011691632,1.005034910260578,0.9974526642134092,0.9947505031368397,0.9968385189561036,0.9921602738296441,1.006115526347519
368,2911475000,0.9975540590125886,0.9995280192752797,0.9940611106819633,1.004731582525578,1.000484636787408,1.0025701743518514,0.9991521453262036,1.0034653994292917,0.9967034054546792,1.0012881884616158,1.0023591414038593,0.9954792297194449,1.00113809288945,0.9977462562006865,1.0021268209375052,0.9944578320260757,0.9988892986288859,1.0026820934174057,0.9947432766940473,1.0023129233823174,0.9945492599766713,1.0011484965871884,1.0060445900862485,0.9987540005975162,1.007586439592763,1.0066978265594757,1.001385668342235,0.9942880422908206,0.9995490658611036,0.9966853432503239,1.0002009705488595,1.0049568353378515,1.0034067075844244,0.9978273091816846,0.9953872795787249,0.9994384454971664,0.9965695490209507,1.0008748713000863,0.9972636523142805,1.003503415331898,0.994283884300857,1.0029856716454884,0.9983723946895602,0.9981725261886345,1.0068132003147399,1.003891980203368,0.9959757818879968,1.0042666624573346,0.9977705824391321,1.0007137779124846
369,2911750000,0.9971032419205177,1.0012645449668027,1.0021402266027832,1.0009043853031978,0.9986649752713845,1.0021010456594592,1.0012164634188863,0.995216444125833,1.0018754190148622,1.0047753066527623,0.9977625494456351,0.9978604580007856,1.0041109890900066,0.9970893637504754,0.997539574486539,1.0032048160077127,1.0037200336665346,1.0005101451836018,0.99264811764968,1.0011590762458036,0.9971964457114288,1.0000858029802122,0.9957669687475186,1.0013140240383434,1.00067345127857,0.9975006707627425,0.9980421665813559,0.9996548610003624,1.0087387024531127,1.0000228953964492,1.0044327364762244,0.9974824103820324,0.9969053989633627,1.0000838285974893,1.0018619943675895,0.9969486094682458,1.0048357349042043,0.9960998771491848,0.9987979660736332,1.0008226501935489,1.0009018771034326,0.9944671263712791,0.9981632275246133,0.9951674970851536,1.005140158579887,1.0021756207647508,1.0002270144730487,1.0006953321722403,1.0009081436816458,0.9985681969024175
370,2912025000,0.9958888142950233,0.9980523111456466,1.0038568847242344,0.9949685215347845,1.0003639394496222,0.9999613398920735,1.0012581429281282,1.001806263503747,1.0011543280962807,1.000066333639177,1.002255107760724,1.0028764115209186,1.005470043041948,1.0001570497734888,1.0000357345148745,1.0009426629959328,0.9948464891335405,0.9994491497734271,0.9967977283619464,0.9918936249707759,1.001307167904248,1.0030304353141242,1.002460079722568,0.9958034361815913,1.0008276947413444,1.00069705031435,0.9972549988103159,1.000090337686916,1.0026617003698215,0.9958002739889849,1.009287012382452,0.9968425775356069,1.005236349745837,1.0065772634968035,1.0011710480500917,0.9928484845029604,0.9944907527258366,1.0021854795979583,1.000147323544497,0.9965975281081036,0.9996262851630304,0.9969525359482923,1.0006895597574965,0.9941461595217862,0.9981424710649932,1.0062350690744717,1.0016980711644812,0.9994478311513343,1.0004780202858732,0.9939026950915819
371,2912300000,1.0014776000241368,1.0028855238914736,1.0033817479441436,0.9956660713704166,0.9979040830413778,1.0026966097252612,1.002907459771603,1.00291024382437,1.00022001298685,0.9995379617371732,0.997516498130358,0.999610515156999,0.9914080110648326,0.9970567983884836,1.0049326796625517,0.9980396780552959,1.0005669841987,0.9962988555884831,1.0058766545613005,1.0080645744038368,0.9976801162251434,0.9947534758339261,0.9971613398452226,0.9942032104772246,1.0011139094093466,1.0025840143954485,0.9997198663010485,1.0001205507599722,1.0039399289809157,1.0027634512275492,0.9945706026879358,0.9961157117732896,1.0000742696255418,1.001265812346412,1.0026678295336666,0.997081840579302,0.9944954611569018,0.997835913288109,0.9967023953236493,0.9993386029650155,0.998705206262986,0.9992390741162247,0.997176303900345,0.997879181316315,1.0044546421871872,0.9958218209399269,1.000306790224654,1.0008857671142128,1.000689166441782,1.0007073465854672
372,2912575000,0.9873564095691562,1.000691736817883,1.0033826308452465,1.00450831798377,0.9981308509510395,0.9996368917184807,0.9962007498021155,1.0031891089329128,1.004742205571384,0.9950027366348647,0.9966407224984672,1.001725116060777,1.000785684324176,1.002739685308896,1.0034594592354158,1.0030270205089644,1.003216036009747,0.9997377279497818,0.994825108671304,0.9978306280439019,0.9977015673022075,0.9931383564455201,0.9993825897925119,0.9972443823207885,0.9978834405975422,0.9996815979430452,1.0009735951947443,1.0083776134835516,1.000310613846255,1.003414068075218,0.9975739422244327,0.9963395859574198,1.0051768688108593,1.0002479614171575,0.9908786937136145,1.0021844850275825,0.9984401297815346,1.0004421435092679,1.0001484222985082,1.0041241296960848,1.0036546909300847,0.9956848173096852,1.000573654160711,1.0013515690994055,1.0009678333216223,1.0097464895033648,0.9995583586699155,0.9989058232516191,1.0003570647030968,0.9949829287483609
373,2912850000,0.9992482417433163,1.0056397164939044,1.0016453056512715,1.0017468012294126,0.9932573302949137,1.0007133531454158,1.003264684675246,0.9962706259744704,0.9996055571224859,1.004646297605797,0.9993118032709393,1.0005584078283318,1.0035814451862797,1.0097642713665753,0.9979739371963852,0.9995965309113257,1.0038961009683653,1.0021777326791788,0.9995874726010263,1.004210929242736,0.9983386233005072,0.9955247771746171,0.9981795056453213,0.9935729860612939,0.9999850368011477,0.9987526446763476,0.9997828997885712,1.0020689704497154,0.9975003680967147,1.0046053361935192,1.0006829803622734,0.9944731616891022,1.0046284381703143,0.999248500905379,0.9988439684931212,1.0028277059418094,1.0052267282270382,1.0064425335265315,0.9984886042478166,0.996550072702383,0.9947375378567647,1.001021226324127,1.0068110480555494,0.9981294076321379,1.0018014663377068,1.0019793454840096,1.0035068066493038,0.9978636354122845,1.006043676545905,1.0029749344512084
374,2913125000,0.9988935941918948,0.9985764290508663,0.9996607295580048,0.9926639361420528,0.991946226895128,1.0027161720653626,0.9949203087042836,0.9952283909179053,1.0016218483082566,0.9956552838307204,1.0020149583813096,0.9995492998230596,0.9995712115702271,0.9988620428215655,0.9924704305186002,1.007047974849135,0.9972460310566426,1.001087701745191,1.0009459310896929,1.0041061970398955,0.9991509892819715,1.004851315847266,0.9958881065697714,1.0026356732639905,0.9980754170100933,1.006005262489812,1.0023971465751094,0.996738921488618,1.0033071510820322,1.0028048613801142,0.9978944611624115,0.996626574542051,0.9996076928566531,1.0025910552918584,1.003908286085404,0.9912781391161016,0.9982051534015026,0.9975292295672189,0.9989581391965122,1.0005273894848647,1.004689586322365,1.0011295872998973,0.9967042574707261,1.0045510857028432,0.998140433110153,1.0028976546348212,0.996087983263874,1.001064946326764,0.9994807073004904,1.0011108533149846
375,2913400000,0.9971286151722644,0.9983545109673002,0.9911185255198067,0.9939839377229203,1.002949693103673,0.9992729412834074,0.9976086732925842,0.9975932292251377,0.9979269044395083,0.9988974089009759,1.0005715032282523,1.000315345112493,1.007711754184702,0.9976155603681288,1.0013894867857869,0.9983364363925494,1.0005106832863366,0.9954978267511247,0.9965883444609177,1.0076763380960292,0.9984904766418711,0.9919354468173212,1.0089088258028414,0.9930295599177437,1.0029432856100158,0.9958525213859808,0.9980898055394821,0.9981404046823515,1.0005925602086483,1.0030302216270592,1.003584434038466,0.9956494178519694,0.9990542628195646,0.9992719103857599,1.0014200687720982,0.9929081095434005,1.0051466219546343,1.00144579903922,1.0005353929065828,0.9993628949071828,0.9977092110662688,1.0012507628694651,0.9954099242362909,0.9975969556074443,0.9953566554215496,1.0014869496638428,0.9949341756257725,0.998421429685826,0.9987370014232704,0.9981231314205011
376,2913675000,1.0004937485479248,0.9962129189038486,1.000246220917055,1.004571552116339,0.9911659636179031,0.9972265671219918,1.0054982680150955,1.0033434099940268,1.0046196115323338,1.0065425626338422,1.00652033093178,0.9976055789635138,1.001237492636902,1.0061099729957377,1.0069263135778346,0.9944550432285304,0.9965834170150647,0.99702685330043,0.9944005488743076,0.9960416525303527,0.9985282899075351,1.0042355992979315,0.9960888738151495,1.002764036955401,1.0016820840853582,0.9931745697101622,1.000413770359444,1.0041658968240068,1.0037404721735177,0.9989439458059084,0.9937509751529152,1.0008851002988919,0.9980032308923674,0.9969048817297119,0.9933197795265649,1.008067609214277,1.0031755248444383,1.0010722305845023,1.004836168627435,1.007069323549332,0.9998463011994598,1.0036708243378982,0.9902806993956011,1.0032647128283034,0.9961273724059666,0.9988764287050297,1.005224502329989,1.003328486051557,0.9971365204542304,1.0026077742892325
377,2913950000,0.996794787887462,0.9951819137042134,1.0044034623524485,0.9981389158333757,0.9966721683138094,0.9981821887723942,1.0072053855186902,1.000685972020126,0.9984250642707617,1.0045278976827552,1.0018794096230696,0.9987439021495088,0.9953997867907209,1.0058536334701655,0.9995992701922057,0.9956703769828608,1.0014722772515507,0.9989980014011489,0.9988717342441349,1.001313177940382,1.0028839355706203,1.0011475833369017,0.9961221764855605,1.0001825149737804,0.9967174719400289,0.996704785692116,0.9959182080724244,1.0053472150730767,0.997214040284883,1.003705912667719,0.994155823750486,0.9921412912127163,0.9995850703014023,0.9971172457885925,0.996839618869328,1.003105641703994,0.9948376865338319,0.9948923221994453,1.0032628209207026,1.0014025942217337,0.9988356565045847,1.0010720504839443,0.9966174222869199,1.0003197854290728,1.0075881001598177,0.9992512154664673,0.9963830123135874,1.0017770215365234,1.0084385829221392,1.0013808679499483
378,2914225000,0.9973582651802733,0.9989392125180035,1.0031601710224092,0.9997612543348443,1.0017035623548691,0.9992050517737472,1.0045824763612508,0.9994358126370124,0.9979452958726818,0.9924018197019487,0.9955616754266274,1.0031852341361933,0.9992910370122062,1.0031544848516534,1.000256925805971,0.9980445195557236,1.00371949332643,0.9992252876361695,1.0015213162071386,1.0041686865022683,1.0019784451902405,0.9980755728868261,1.0007311156205405,0.9942122702128401,1.0013423928910798,1.0003109261073875,0.9967020826034131,0.9969399171255109,1.0012046269973385,0.9991641653544949,0.9992436782527615,1.00767468395992,1.0028211438810075,1.0099812147268008,1.005243446669735,1.0043257870598938,0.9999258406889591,1.0012231411941945,0.9963295760299512,0.9951831350978182,1.0033098240337215,0.9981754292809635,1.0021658873109554,1.0020244384923704,1.0022480582027338,1.002692530853975,1.0020268110502994,0.9988565694852223,1.0022065483920104,1.0015928246393293
379,2914500000,1.003685299499753,0.9991790113366324,0.9949876739877533,1.0032531118226065,1.0018369743076405,0.995230983017235,0.9969574974078027,0.998864888831875,0.9983313446886971,1.0025523014897515,1.0026219952165214,0.9975465723569987,0.9988619370066101,1.0004267052420523,0.9943019020053769,0.9996228830557572,1.001173782311711,0.9999012116411942,0.9984040055331221,0.9966323262884954,1.0028540054563004,0.9965278729742055,0.9987972341902633,1.0003283193738879,0.9973479289139427,1.006678686145909,0.9984965206690155,1.0028406651348312,0.9991369548650247,1.001274300382333,0.9930216561215943,0.9958200771973093,1.0074965642390308,1.0018275383004003,0.9982668623083184,0.9945461721256411,0.9974881102141154,0.9992579730588712,1.0039939044276005,1.003442196310503,1.0034313536728723,1.000506951228706,1.0008643470765997,0.9980500054927454,1.0010950987301943,0.994720888053135,1.0006345981130536,1.002656343342254,1.004034798027404,1.0001447459821435
380,2914775000,0.9952475664478831,1.0025530322758034,1.0043732027620411,0.995020656411868,0.9963674415038193,0.9951676637506041,0.9989632198697364,0.9973817976753622,1.005778848520652,1.003410565471798,1.0018100825351028,0.9990515089503148,0.9981681788095677,0.9983584917464318,1.0027358549366234,0.9975719643116148,0.997955663157883,0.9992426107581462,0.9962862463549973,0.9945320569282436,0.9991185525033563,0.9900509054850707,0.9956485043106434,1.0068730753555166,1.0044036933853489,0.9949944068783191,1.0027246834298833,1.00065990482412,0.9993811594710178,1.0026883787786105,1.0032327736560105,1.0001470912706965,1.00316050304241,1.00202711990755,0.996620425370194,1.0001306694003524,0.9932041354062355,0.9970473565611246,1.0003111846293675,1.0062058145807202,0.9996536367272488,0.9976993963179009,0.998756224574401,1.0037588501753625,0.9999475765452484,1.0020330495607754,0.9923749759996409,0.9970375344626723,0.9944402280332892,1.0016966260049338
381,2915050000,1.0031952041914187,1.000960453762784,0.9960374799465257,1.0017774711312046,0.9988205026121216,0.9957774865943069,0.9963713471268122,0.9999719741162242,1.0042507415732886,1.0025148236305914,0.994201378271149,1.006246288093873,0.9985120122303178,0.9979869495921043,1.0021835488830693,0.994023441753612,0.9962224923352871,0.9965660186813802,0.9969736150096045,1.0041257914544874,1.0013010057684968,1.0013079607748037,0.9967716077612752,1.002900014431671,1.0028567635353713,0.9980241080028319,0.9988106038771606,0.9926541172659796,0.9988028868653691,0.9976069016361797,0.9981125837088389,0.9984951155838198,0.9979317750141127,0.9966878249644395,1.0002928414877996,0.9955399961549894,0.9910913378721667,1.0028685230253271,0.9977324147580806,0.9936852114047798,0.9987080101568165,1.0005321087723178,1.0003742933433644,1.002023443521028,1.0002416531827365,1.0049200110121976,1.0016052106612834,1.0007592110987646,1.0024583638955626,0.9961650449243203
382,2915325000,0.9996144177339777,0.9942435048626695,1.0014024418996283,1.0035033295496418,0.9921334965167455,1.003022675124768,0.997607247618632,0.9999844794200909,0.9997352874877878,1.0059757930020603,1.0038638059615381,0.9998338920920463,1.0014816901786772,1.0009562436186747,0.9985320806071399,0.9984018757645713,0.9994818126776368,1.0025341239230472,0.999088342698452,0.9999142012944062,1.002481013111256,0.9979724536104683,0.9980123673433194,1.0021166295025672,1.0040944679793053,0.9979889653644204,1.0033007796268372,0.9984252554764034,1.0084539049362156,1.0023678024680498,0.999207924627242,0.9945355208368984,1.0025998551862125,0.9997210680065463,0.998555987874058,0.9983227343270411,1.000985184472053,0.9977622292587077,0.9964562051813728,0.9984925043213413,1.0059073829766374,0.9975266805077094,1.0055194849212938,1.0014511016893013,1.0077033194117138,0.994548657782301,0.9950281896857796,0.9964242116081952,0.9958404921753148,1.003547714156899
383,2915600000,0.9991318625126904,1.0005184473165327,0.9974400252020145,0.9990375143623113,0.9979231733523837,1.0000582382975045,0.9994678276286508,1.0026170776294527,0.997500533506545,1.004380869787171,1.0001767762859362,0.9961635710814851,0.9983263747578225,1.0013821548658064,1.0054373703803774,1.0068081381407328,1.0031092825264398,0.9954450654079101,1.0000012243807828,1.0017561323562365,0.996614817739848,0.9994599903826461,0.9993103629121238,0.9986765910226836,1.000643901259394,0.9979810329258171,1.0017481428501147,0.996909446393836,0.999809918923001,1.0015541193787432,0.9982475513244533,0.9934897671646307,0.9991735629038774,1.007435090333116,0.9978415509833048,0.9912766041314196,0.9996394997208086,1.0007111924857752,1.0051713833805345,0.9965228087734426,0.9965235834216064,0.9977287572183821,1.005612293327802,1.0058837423737452,1.0037629245141284,1.0013301726338844,1.0023955413161632,1.0024612594848272,0.9998656338622977,0.9960524137511791
384,2915875000,1.001697523967948,0.9984052773299107,0.9968175374710923,0.9940575437021485,1.0049492862757845,0.9982609632610436,1.0026977361623535,0.9975548573682258,0.9974653075515079,1.0011855334642752,1.0018388809477596,1.000749450258779,1.0045790850610938,0.9984577377587485,1.001776442030915,0.996686615237508,0.9966922552447436,0.9993850974920343,0.9976583579795937,0.9971249538941718,1.0018430125388973,0.9981024114243015,0.9981996157884792,0.9903460875013248,0.9994478746325254,1.0027845190562925,0.9966856910051054,1.0052315864802823,1.0026795259376347,0.9995097310027188,1.0051961518642198,1.0002950345578736,0.9979233099017694,0.9949416716323765,1.003073862298551,0.9954048808497014,1.002439022813742,1.0050819376844218,1.004484575800315,1.0047863708981108,1.0065712666842788,0.9997140303646395,1.002314523125667,0.9988458468554892,1.0015494105940321,0.9935100479100674,1.0029903670509415,0.9991817510302038,1.0028212404144614,1.0063691469157514
385,2916150000,0.9984615352443571,0.9986351864023706,1.0008282369535644,0.9987490532191324,0.9982633890559364,0.9961358070272059,1.0005124945726802,0.9968266601392569,0.9997569355383461,1.002990325565584,1.000215136955162,1.0015945147389607,1.0003915377299613,1.0066168724800495,0.9921393388885418,1.003646065941154,1.0013906048688017,0.9982442611345496,0.9988945915448416,0.99869508106893,1.0029043610894204,1.000173426415397,1.002758515244307,0.999617752885677,1.0002476215422103,0.9960880954291021,0.9910785657054879,0.9973470849793664,1.0048513402457488,1.0019981405083485,0.9925682903628583,1.002131583612677,0.999138056045248,1.0029394049776799,0.9945772818943157,1.002183132518469,0.9993704933508811,0.9957224250486587,0.9981361174142425,1.001052174112295,0.9971843111384943,0.9997458857665208,0.99866362761878,0.9975070583194887,1.001561073902509,1.0065573418998577,1.00278685038434,0.9974054276101668,1.0105048233166605,1.0031896258514434
386,2916425000,1.0002221054467524,1.0040670977219088,0.9976434535709945,1.0035755677037501,0.9985982852974199,1.0002061663702004,0.9907920519530963,1.001424646321369,1.0050392329477225,1.0045286536111613,0.9958860627412166,0.9914014594752756,0.9978150525633179,1.000073420960217,1.0030542881959892,0.9968830181050258,1.0019224389552943,1.0057748175346897,1.0005636586236657,0.9998219725440597,1.0037065524262376,0.9987369606313069,0.9952628519407075,0.9978831758204519,1.0047848759169014,1.005128005988984,0.9958268979867888,1.001103369935665,1.0036161202905343,0.9995900004251898,1.0058149920691084,0.9949279551266239,1.0052232564456163,0.9955163147726968,0.9939218049324553,1.001362236100515,0.9919756777453457,0.989924692854091,0.9996551163294434,1.0046798032914308,0.9999441138797777,1.0061207857945398,0.994752497193937,0.998131477117816,1.0039990439020945,1.0003579209453082,1.0030493627232466,0.9932714765965123,1.0057212926584227,1.0018896241179398
387,2916700000,0.998022509656601,0.9984265892614987,0.9970147617163415,0.993611099454752,1.0018790197667824,1.0034612924174695,0.996258690084494,0.9955672116614726,1.0012508035023147,1.0017367185862471,0.9958661606548055,0.9949652335339764,0.9965767299761705,0.9983731584306488,0.9986498177576129,0.9986198608554128,0.9956710180654961,1.0061327846489418,1.0036139576944856,1.0033458047358794,1.0010039096270378,1.0019666811780985,0.992672559710526,0.9986806165238965,0.9986957813693988,1.0036806113247525,1.0032013853948492,0.9993720689284481,1.0027653882703667,0.9976840469069796,1.0012257674567646,0.9983780748011009,1.0107827768789963,0.99801401297506,1.000767103825255,1.0047578285052596,1.0016578244492123,0.9967050576653048,1.0067552013288419,0.9963619347741015,1.0012387909064266,0.9999953353851513,1.0027978937413122,0.9996997322029688,0.9980486703078859,1.0012305265066455,1.0072969723439478,0.9961085493756592,1.0017360358533758,0.9994310427868136
388,2916975000,0.9969845396219194,0.9972391895780031,0.9948206748875869,0.9983848044312902,1.0102692939253506,0.9984787486611507,1.001271322382029,0.9962050955871813,0.9978515800426572,1.0005227499988392,1.0050782321363079,0.9991565379163662,0.9972138880320743,0.9978106181795743,0.9943674323999623,0.9926001375116043,0.9984027633079637,1.0026675021712628,1.003447132262231,1.00424339823874,0.9986361383591342,1.002037433888965,0.9996919912683441,0.9974818943017837,1.0037832396976292,1.0032044197817418,0.9963492988254318,1.007404943470761,0.9978901835596129,0.9954416158628715,0.9994727932716629,0.996797125119718,1.0045734135751296,0.998183066649616,1.0031551633261173,0.9964477476834313,0.997110075271221,1.0009518000496027,0.9981381119446782,1.001457888333533,1.0022736336420188,0.9991604591889764,1.002883984311073,0.9976007134408228,0.9999965660897133,1.0035787360756308,1.0029684728835278,1.0051866481301623,1.0007130038402237,1.0025777978391253
389,2917250000,1.0006873960266038,0.9966993329460304,1.0041895948747432,0.9984140321223146,0.9991681088401944,1.0026478754612627,1.0037009993773467,1.0060953127776535,0.9965858783067847,0.9933369651657383,0.9996027594680348,0.9988827080214032,0.9992178297607653,0.996217696220391,0.999780194456097,1.0057133796168247,0.9971121678224724,1.00174885804648,0.9938453617819916,0.9984171872630491,1.008342575124546,0.996770403009068,1.006241918701793,1.0002477736267386,1.002250197369394,0.9979766098375916,0.991932036521145,1.004521785253428,0.9946913663441482,0.9966816148843989,1.0010752489718295,1.0047512461863906,0.9982350460743009,1.0021880064605493,0.9953488318100404,1.011015137954787,0.9970660975476806,0.9971470959744976,0.9920478783151951,0.999332990831351,1.0052374805535802,0.995227915089789,1.0049150476426498,0.9984191461998811,0.9972732761287114,0.9971291945461764,0.9927353202064148,1.0001918749138303,1.0003775553026757,1.0002328167154926
390,2917525000,1.0003349865348645,0.9981739413545103,1.0041346032563438,0.9973994507942758,1.00057462399263,1.0041250768392462,1.0058307913142734,1.0031102979773945,0.9986977435952992,1.0039146898426077,0.9973254370586352,0.9986483346795838,1.0004512068756777,0.9903534625094585,0.9989071048068391,1.000750908743318,1.001408659595853,1.0031154153016435,0.9984908442533281,0.9941830262172152,1.0025605927071446,1.0058707450840922,1.0019879120943898,0.9983499467315436,0.9997430056008059,0.9969414449290743,0.9949887064800371,1.0009426089633644,0.9998666651114235,0.9976929224328074,1.0006785809965606,1.000031880902187,0.9967088833380539,1.001055396450608,0.9981608426158343,1.000070635911727,1.0109642135837835,1.0035802238049232,0.997203775508107,1.0014720656941818,1.0006027740758419,1.0010143832127034,1.0056495416925828,0.9933226971830698,1.008437967249594,1.0027750138582032,0.9958669311656185,1.0003601884499616,0.9946581027933278,1.0003723478824111
391,2917800000,1.0102781596968082,0.9920502083524854,0.9972274595420979,0.9968984306887047,1.0014996710108608,0.9997446572148794,0.9982455654213234,0.9994077090448659,0.9976527020669378,0.9982290204588644,1.002496869667246,0.9964097809844392,1.0038942807094509,1.0075468591456822,1.0002462177257747,0.9978122503152465,1.0024128242419017,1.0057266624704833,0.9976502035391076,1.0048316428359805,0.997222144954784,0.998886836779499,1.0014208086612237,0.9993237936887776,1.005795531538498,0.9973064592054671,0.9992183458584308,0.9979414455348289,0.9973936531649876,0.9974972142709932,1.001628898846797,1.0037613442556128,1.0005339415229157,1.0022339578015729,1.0052578870214528,1.0012044961365325,0.9954744573699318,1.0021948743338436,0.9991521476138331,1.0018165233486578,1.003908479014306,1.0054578704854633,0.999553385863884,0.9992764236830869,0.9994148078498926,1.0055419181575445,1.0000015961951791,1.0009716162787778,0.9955375527095397,1.0017908651838061
392,2918075000,1.001630962264964,1.001637026045089,0.9960710182931861,0.998542091148437,1.00401914753352,0.9970921517628882,0.9968383414979817,1.0035078592706208,0.9975017555201593,1.0009384826088497,1.000094959115046,0.9985578517232009,1.001659210804861,0.9982870394728519,1.0004103286312456,1.0021520389127263,1.002166091011327,0.9926937349313409,1.0054066855732153,1.0019066756736892,0.997462512207429,1.0009373593785713,0.9995813180312001,1.0018083752164246,0.9942647455065873,0.9973526154162867,1.002146337843606,1.0020852867382681,1.0046693267353535,0.9990847847692169,0.9953803262207561,1.0040171187593492,0.9928850467877427,0.9982064063134352,1.0015889894484438,1.0013577692338838,1.0034069805712453,1.0041073232873963,0.995897442712941,0.9976968180821949,0.9962511798307182,0.9971738612239056,0.9939409558795151,0.9986338647715755,0.9988627669001223,0.9982072403868144,0.9987124890978213,1.007434462882503,1.0011244942924855,0.9994825286563286
393,2918350000,1.0007501271006738,1.0046918247558567,1.002514415915836,0.9986916936224761,1.000009979511603,0.9953766356886427,0.9973871559549397,1.0019140012473833,0.9947714038986435,1.0037517479315188,0.999251024847728,0.9980888343592863,0.9991502036401306,0.9998223540196884,1.0030860443649823,0.9940329764230705,0.9997848113384676,0.9992680318770515,1.0023789103697944,0.9989286818936183,0.9974834989194833,1.0028249851775257,1.0012775383383279,0.9981677117577044,1.004395649089778,1.003934814255679,1.0029436299646244,1.0020459211591193,1.0022394290392282,0.9850778622049693,0.9952029903600079,1.002005764513999,0.9954218555617039,0.9974633390640842,1.0043019431880091,0.9988482243187834,0.9999990935092876,0.9956958660427789,1.0020134023781098,0.9975540840236656,1.002046959384536,1.0014881739755155,1.0026119908103641,1.0033186520649502,1.0069976920991721,0.9999695319954386,1.0000725048910373,1.0002495150827138,0.9941913698751853,0.9916039980374374
394,2918625000,0.996785798788718,0.9981276199661377,1.0035793922896095,0.9911408912623413,0.997606907624794,0.9979269972640225,0.9969759186542556,0.9960858166495195,1.0030269840314183,0.9967104088545439,1.0007692338994458,0.9989269780885723,0.9989920827470191,1.0088876332318233,1.0032067362966866,0.9913730292352634,1.0028250648235113,1.002965851765952,1.002590347994779,0.9947891180355041,0.9946601253302025,0.9987671238378567,1.0057169407536057,0.9997797534784709,1.0014967079513932,1.002743343286285,1.0010274496010143,1.0057713088314002,0.9950030964010521,1.0068810344659282,0.9987957274349516,0.9974262553067111,1.010137009696574,0.9940214064667294,0.997299392134225,1.0043679901813034,1.0033810828512513,1.0053620278638802,0.996542500628538,1.0030694972817442,0.9995557681437033,1.0021279815168087,1.0024059430569792,1.0031189274776764,1.0029667465722822,0.9965934208407673,1.0019139660449163,1.001693784272091,0.9992860311893527,0.9997751183784956
395,2918900000,0.9951707915101948,1.0006631323638393,0.9962728802900739,1.0042788644519445,1.0004982896885979,1.002324902183699,1.0002609466976822,1.0024152484179667,1.0033334667126763,0.9994566172037677,1.0052668338762039,1.0006152065762455,1.002328933884619,1.0082387545819573,1.000792445335033,0.998310338303838,0.9978940346283337,1.0061231389269294,0.9981992946271954,0.9956179191749368,0.9959590390846168,1.0051413970211855,1.0145625492919168,1.0016574039318245,1.003867701057444,1.0007195924329642,0.9942616632555866,0.9954957031743973,1.0009746460339841,0.9968338131260713,0.9989833383577801,0.9969415261001007,0.9947096276248679,0.9974597740211707,0.9970444523308113,1.0002897679846026,1.0027191706777419,1.0018871882734983,0.9981871820720974,0.994049754456141,0.99346066525024,0.9965889732521859,1.001401408719528,0.9984917148706971,0.9910225892119746,0.9908334131086612,0.9987857406476218,0.9947480065140556,1.001159151815318,1.001211724181164
396,2919175000,1.001498550027834,0.99613701571103,0.9944549152774155,1.0040268946910251,0.9997859516359798,0.9982637450498926,1.0015731603110176,0.9965740836774253,1.0024180284536064,0.9970768940693732,1.0047041540821933,1.0037839869509753,1.0036422551034376,1.0015603850332915,0.9918444117981726,0.9936643445208401,0.9989074408434867,0.9939630495246181,1.002200880805731,1.0046512054264758,0.9997445797219161,1.0001266545919074,1.001784677362392,0.9988774461531339,1.0082960063493103,1.0029081906246473,1.0025383007088144,1.0014630027772717,0.9967841971663303,0.9981988164141674,0.9967382389089485,1.0005954557938221,1.0010634547406694,0.9978656257490525,0.9972443045047937,0.9969445962720564,1.0023253102356187,1.0002542761995568,1.0032877669825433,1.0022896169506774,0.99949287370217,1.0037216418719084,0.9968141897117875,0.9937310359866216,1.001450578230779,1.002273370755304,1.0055073090187103,0.9974997408822792,0.9956626587012283,0.9984326930485402
397,2919450000,1.0073812246579634,0.9950333486133919,0.9988075179590998,1.000330357974195,1.0051784636034213,0.9990860756393977,0.9974614833708768,1.0014132486777834,1.002002061847859,0.9993179282907498,1.0054118696674237,0.9971459841024143,0.9971973162228766,0.999068378126679,0.9975343244647182,1.0095620878669678,1.0053346702219685,0.9977541675713383,1.003392679014808,1.0072411917885733,0.9987963536120887,1.0003568248201378,1.0000203881798033,0.9985548509805471,0.9915384114361893,0.999959752856742,0.999335845973415,0.9965842614794947,1.0059261697804027,0.9987223523105757,0.9924641025153222,1.0062587047734313,0.9972655316756285,0.9963119403582733,0.9951673995568495,0.9953935059940735,0.9922281515819161,0.9983690677870831,0.9990955128798343,0.995200712293475,0.9956609934126371,1.004570300187383,0.9934541747895164,0.9999802235755431,0.9951133510304668,1.0010829545558775,0.9960122294385696,0.9993194166863969,1.0047770587808622,0.9996645300436499
398,2919725000,1.0069078011524284,0.9974178693598658,1.0006398985671991,1.0030382675912735,0.995997050505946,1.0078273002328462,1.004796763666004,1.0109410193442327,0.9998531943295353,0.9976712530511798,1.0005606833074412,0.9977527748442928,1.0022714239405144,1.0082145966695426,0.9890659794567664,0.9950854885245356,0.9976641302640743,1.0068664963823832,1.0028312188636332,1.0018502401477458,0.9986683747089102,0.9999988147123104,0.9971064372737014,0.9979126732994691,0.9984661559630715,1.0069651115082376,1.001218013675511,0.9980433436696857,1.0079541669361762,1.009513472562339,0.9963940294446305,1.0008068845264564,0.9985872033916545,0.9967700485759509,0.9956499720208284,0.9975833368613676,1.0107797132154754,0.9988991612261224,0.9971121302761331,0.9971493660768443,0.9955441875304116,1.0038403655159913,0.9974273663949096,0.9968479205096755,0.9992178360259651,0.9961149338887539,0.9960941485856853,0.9962934788071954,1.0008589366847203,0.999867137117524
399,2920000000,1.0039609958610447,1.0006114559716899,0.9891787456977081,0.9988580698682809,1.0048528671040777,0.995993467612814,1.0026241286687185,1.0009222174024577,0.9966958258676966,1.0001911241764456,1.0027060911214924,0.9981231163177375,1.003571884904223,1.0005042883617368,0.9987964610913795,1.0047941367495254,1.0016813479225966,0.99387495368141,0.998430597042131,1.0026034856257982,0.9934479482102083,1.0063704318536586,0.9954719820141991,1.0002401390206523,0.9998403554908638,0.9998141158968267,0.9938863102731683,0.9953287589016664,0.9962044734268768,0.9964644497745758,1.0009541443639591,0.9978867633459241,0.9973610850945649,0.9987631035696714,0.9989030733883827,0.9939261214376967,1.007499879660588,1.0018994168961308,1.0064982461282679,0.9979365688472646,0.9951798863192233,1.0013670348973642,0.9944129014938582,1.0054494998013044,1.003597351200238,1.0036117243421396,0.9990954854545417,0.9951165338757127,0.9946402824044921,1.0034196591332403
