,0.0,1709613090.0,1709616724.0,1709620357.0,1709623990.0,1709627624.0,1709631257.0,1709634889.0,1709638527.0,1709642160.0,1709645792.0,1709649425.0,1709653064.0,1709656696.0,1709660329.0,1709663962.0,1709667601.0,1709671234.0,1709674866.0,1709678499.0,1709682132.0,1709685765.0,1709689397.0,1709693030.0,1709696667.0,1709700299.0,1709703932.0,1709707564.0,1709711204.0,1709714837.0,1709718470.0,1709722102.0,1709725746.0,1709729378.0,1709733011.0,1709736644.0,1709740282.0,1709743915.0,1709747547.0,1709751180.0,1709754818.0,1709758450.0,1709762083.0,1709765716.0,1709769353.0,1709772985.0,1709776617.0,1709780250.0,1709783883.0,1709787516.0,1709791149.0,1709831932.0
0,2810275000,1.0028392899041751,0.9969509827459224,0.9983126341377925,1.0009586109114998,0.9983900078534381,1.0016992315866284,0.9997221023055963,1.0058732965692436,0.9957509266059232,0.9971504283258539,1.003564667638187,1.000946676803262,0.9941524728856092,0.9891481935715452,0.9976300563279654,0.9961805425005416,0.9998889251938876,1.0001269525595773,0.9984402096115597,0.9925619298796979,0.999085559170508,0.9995083009573156,1.0029348197510541,0.9982479384589301,1.0005584220845585,0.9998367359092752,1.0023182781778033,0.9937078064783308,0.9963004402575325,0.9985681681321738,0.9967052125647847,0.9980286620130577,0.9992473073878522,0.9979205946919867,0.9968099570734986,0.9939722977462941,1.0001011320957802,1.0009714259255063,0.9941381266361601,0.9973014246095657,0.9989136942241935,0.9950197016421665,1.001359921923396,1.00084138305458,0.9956028794744236,1.0056901241236575,1.0031862365395559,1.0046474486034522,0.9962182869666901,0.9950691960687931,0.9956084466132885
1,2810550000,0.9890666161385924,0.9975084410402166,1.0004260310462916,1.001464463130246,0.993092764532163,0.9943942438941681,0.9972242288749338,1.002669234767865,0.9976067876185052,0.9983482810294887,0.9978337758691594,1.0040972157412964,1.0085321066852646,0.9947569338341055,0.9993123473155253,1.002835758982524,0.9929205323050879,1.0008679152705724,0.9963129236066774,0.9933929867688157,0.9990374712124155,0.999542805618669,1.0033652265505764,1.0091456836033983,0.9996935904214774,0.9989382086827538,0.9970770994086375,0.9986223832398056,0.9995116866200005,0.9949858723231677,0.9995410401887744,0.9967257536498582,0.995274622975466,0.9951493743473667,1.0051502112261954,1.0024654707060188,0.9926135705718044,0.9972652008900509,1.001513814445633,1.006912774048025,1.002243435672108,1.0055918777338069,1.0010568989948332,1.0026980578678701,1.0021274140277205,1.0010138925474272,0.9980074992830832,0.9945472463454463,0.9975894051308608,1.0059099666600257,0.99784655872478
2,2810825000,1.002303627126093,0.9966957751039328,0.999745408449855,0.9999256738776734,1.0050688978283047,0.9988817003859579,1.0026899037341954,1.0009359574038401,1.0040686685306135,0.9978838100863358,1.0039592952655125,0.9919871245283837,0.9998834759534051,0.9991678739926896,1.0011956293581201,1.0048195201659038,0.9982299159126046,1.005110617487939,1.0031590567336925,0.9947745748279675,0.9929704999838923,0.9984827954385058,0.9966986276859192,1.005946526136989,1.007026776026007,0.9951626758799188,0.9966754939679705,0.9965403103548968,0.9957056665141599,0.9922720402045516,0.9980119827554896,0.9993189278896382,0.9975562567451002,1.0000320722517784,0.9951203208776995,0.99957373805763,1.0000523754209438,1.0025449147892984,0.9892514970543713,0.9962714702843087,1.0000867434762748,1.0051411179881842,1.0065557068331754,0.9979438620166726,1.0063999195127953,0.9979909752726218,1.0009793752784781,0.9970501842767586,1.0023157986698779,0.9991924916160834,0.9991801473369942
3,2811100000,0.9921023559092744,1.0016657354047862,0.9992785161177685,0.9927523358700545,0.996919022715058,1.0030414755444026,1.0046349727065842,0.9982944639745674,0.9914773704345529,0.9988342152594027,0.9929980910331593,1.0001857776283836,0.9962910684637929,1.0007166378262005,1.0002264703116996,1.0029782275590855,0.9973101192714171,1.0014416463471782,0.9936359573935114,0.9955347124380574,1.0044538468408255,0.9927588661309468,1.0005924249931257,1.0001903695269547,0.9963221099323178,1.0015023297108294,0.9938736810175215,0.9970602978789445,1.000912005673235,1.0008773707465395,0.9963130211638525,0.9963156668224874,1.0013540039736213,1.002911987232081,0.9948045887948834,0.9894396063684595,0.9966887220667612,0.9958753517345078,0.9947459921309244,0.9984206932498251,0.9992739550023045,0.9985936050789009,0.9981022482892362,0.9937316904853102,0.9881625093755084,0.9950762696675629,0.9977403356791089,0.9969711974656089,0.9936944284289307,1.0034717757678748,0.9973243057958464
4,2811375000,0.9972187383963563,1.0019895873158258,0.9943956321457145,0.9957769426623765,0.9991083043223672,0.9934357500289596,0.9997060147574957,1.0076369323075647,1.003218857381913,0.9927335833120963,1.0008971032698475,1.004879139311432,0.9996066471144018,1.0003617498865167,1.0042411715052657,0.998680143402514,0.9962236703254105,1.0003384634573975,1.0031768164738577,1.0036718482269908,1.0036553317327503,0.9963936625291101,1.0003383506638008,0.9943754489635306,0.9930692127319628,0.9989055150785903,1.0018109548633019,0.9926844650053923,0.9945729124811963,1.0029108407958722,0.9981452308148624,1.0004254182543417,0.9989544938940815,0.9998922108833843,0.9956800971741272,1.0011226326323421,0.9981315977066841,1.001895205071263,0.9947638704478305,0.9963484821667827,1.00115702343318,1.0001142692522873,1.0012807910168526,1.0015897389473138,0.9958472499312909,1.0020980959904768,1.0020342239337143,1.0051292368775584,0.9948976350045223,0.9996422607669019,0.999466096772949
5,2811650000,0.9974455449204382,0.9926598959142265,1.0029650939835733,1.0026706269534222,0.9908277066798235,0.9967064112798879,1.0069142232242712,0.9976091087156065,1.0012400342862162,0.9933984795368558,0.9954430898087847,0.9970500489978154,1.0045434102771895,1.0046354496490575,1.0029197585341416,1.0009038200795175,1.0049565483007585,1.006683127869906,1.0000756652970928,0.9987404799366615,0.9926959139973432,1.0049870808521373,1.0026437468202734,0.9996591333637149,1.001554670215723,0.9939108119886029,1.0001624391348087,0.9976545429228209,0.9987977320577166,0.9942210545699799,1.0010143066840675,0.9947709177142662,0.9973933932532588,1.0016397686757053,0.9934815533653711,1.0006708668461513,0.9969074740134583,1.0022371952895894,0.9997347519442681,0.9916598000385562,0.9983476740923103,1.0067716926124783,0.9971150953584058,0.9968748800230866,1.0012706162691423,0.9933422619249395,0.9950940461589172,0.9965324464440435,1.0069189572006505,0.9995192711914627,0.9954593528266305
6,2811925000,0.993393528434575,0.9976021317461778,1.0014847717398436,0.9927232291327853,1.0005825876754728,0.9989552527904727,1.0006698281565842,0.9982293868777776,1.007763921494668,0.9967936736257133,0.9960889106585661,1.0001894100417121,0.9993206921110884,0.9958540658126045,0.9977644704150826,0.9945525878642848,0.9987208829976225,1.0055197425598803,1.0000284036880145,1.001642863263244,1.012337739432509,1.0001569750646986,1.0005230726068919,0.997632021262144,0.9972879502031933,0.9945769371238481,1.0000068214780318,0.9983419890214618,0.9996309092263829,0.997699112117911,0.9962573472958808,0.9977461978759069,0.9996698593766854,0.9960901802305886,0.9995264421124197,1.0030834534737945,0.9956561797765855,0.996876467473655,0.9989091537288582,1.0005056517828461,0.9985299232919198,0.9978817294611858,1.001162851683718,0.9912285925943407,0.9942476008594423,1.0016263710286992,1.0049845642330753,0.9889053810425151,0.9973300629533867,0.9892164055972601,0.9994633737092897
7,2812200000,1.005508624877905,0.9916314813935432,0.999677068623654,1.0042706598536604,0.9969030883628444,1.0008502038157419,0.9964395602491886,0.9922315847683498,0.9997751567542934,1.0023265758508715,0.9927038066481088,0.9960895527820341,0.9912252219826012,0.9970027288648935,0.9897425680467563,1.0046525057675946,0.9991005698581483,0.9965476274774573,0.9971309859598,0.9943081237867526,0.9938490187534301,1.0013814706692652,0.9982614334845626,1.0000771720583128,0.9947207234462593,1.0004047261216042,1.0045707556716275,1.001597184522961,0.9982074806674304,1.0074554631400654,1.0007422153849506,0.9952781905618414,0.997552888972791,0.9993524286313913,0.9988659933089704,1.003746220706666,0.9943462666153433,1.0032472856836894,0.9979425629454234,0.9964885513849268,1.003063109581609,1.005400412385133,0.9968035577375421,0.9997299702917791,0.9993891209811313,0.9981362615914061,0.9993310199091325,0.9968833369358275,0.9984025646903952,0.9975355586690752,0.9929751629840191
8,2812475000,0.9950701867727203,1.0038143073257715,0.9988609602334215,0.9979778432045203,0.9958690253332739,1.0028364655578403,0.9987656533987016,0.9975501921202667,0.9959896626324424,1.0030838798020554,0.9958206781427048,0.9961759357106033,1.0004665260153058,1.0016501831572047,0.99529513738777,0.9968199160951082,1.0027114846725669,1.0104166785867412,1.0018319742648376,0.9984233771204168,1.0009550522624364,1.002175531380639,1.0044509779312607,0.9980226772393184,0.998294382823922,0.9998510752167619,0.9976224768246772,0.9923270227022943,0.9974968293978514,0.996412383206968,1.001499738346569,0.999842244122631,0.9969913068063525,1.0013082451592834,0.9994477092808416,0.9959649047663632,1.0078387545955771,1.0003418136431987,0.999991888340739,0.9987375003389822,0.998629545530516,1.00221807631757,0.9941078497294439,0.997980599632465,1.0027152497943002,1.0012385943182556,1.0027163427642747,0.9949340303817553,0.9961834366450752,1.0047164178184635,0.9926503817246481
9,2812750000,0.9960380129477414,1.000716973328714,1.000155007131959,0.9955078138588931,0.9983094040919079,0.9975455003266004,0.9936686712022886,1.0035412156885355,1.0037175734512171,0.9989110122748441,1.002475113056293,1.000524846086475,0.9976438236053333,1.0021014548667997,0.9934086377567264,0.9911973389893798,1.0012553592035205,1.0020080594248264,0.9927657653154212,0.9974474174412145,1.0012723533177792,1.0027174667690588,0.9993063071972734,0.9901985873554318,1.0023631831054491,0.999410303566945,0.995693137804916,0.9921007072157507,0.9937131589281559,0.9938863540222302,1.0019560893648203,1.0027919528865747,0.999372551660601,1.0033391686137616,0.9948689250734489,1.003288767140789,0.9943179375135447,0.9974922101830871,0.9906174264548193,1.000355542955821,0.9993238916503984,1.0066715393189307,1.0062658376739535,0.9941407680529143,0.9976126607386606,1.0023790233306409,1.00062563620085,1.0020725518557598,1.0029396637008294,1.0024312212778366,1.0029043620619673
10,2813025000,0.9980276183546587,1.0038980534315567,1.0003737951610931,1.000777738204088,0.9975899807851065,0.9966332921895346,0.9967441669606358,0.9969935922206091,0.996771003746904,1.0045512250461774,0.9961812969689716,1.000599945330936,0.997462345129619,0.9992963345708099,0.9991542195764342,0.9935231706124366,0.9958736468670009,0.9998883407735236,0.9982720268390566,0.9977422887655818,0.9913797910217235,1.0016431972474744,0.9944740103763908,1.00066941558128,0.9981738234267294,0.9971701983716639,0.995675269844294,0.9926129587177439,0.9994413852469133,0.9946894335639199,1.0014872579890908,1.0003615942678985,0.9964089877431999,1.0036199298919637,1.0060258529646016,0.9981623945223156,0.9972352915447792,0.9995041610293363,0.9935645038368889,1.0030256208630388,0.9981066252727723,0.9908132846054393,0.9999223107545799,1.002531769249558,0.9995022357359075,0.9967140227624854,1.001987362138445,0.9970305690940908,0.9996001126793673,0.9958867326256537,0.9992282133349755
11,2813300000,1.0015637953156373,1.0024335357410674,0.9980214775997867,1.0050558206439668,1.0023908890129674,0.9987920136723974,1.0021806055432416,1.0000655108678569,1.0035219875687527,0.9941680539367609,0.9985837014700991,1.0006914090901078,0.9976080882542075,1.0070845315441017,1.0006926333957271,0.9930621428576041,0.998430364622988,0.994686445064973,0.9984604578848113,0.9849893747528612,1.0071686113496907,1.0048557941075817,1.0076301541838646,0.9995361267654412,1.004369330018465,1.0007763892018477,1.0036070075759471,0.9970725832704388,0.9967531092501667,0.9944711376933661,1.005295119896493,0.9988423696547319,0.998131324005501,1.0055879858651136,1.00327659420128,0.9984373170961506,0.9963151552580101,0.9977221222523334,1.0006445012960716,1.0010655934430388,0.9953160993125038,0.9999398955971349,1.002458744608522,0.9995489981744722,0.9975668693923028,0.9988654249418782,1.0003015705308191,0.9966492350394923,1.0048661234469398,0.9963691647004224,1.0025890682765686
12,2813575000,1.0025923221192683,0.9959591247530263,1.0016204564493218,0.9969467591558097,1.0025134603250583,0.9960933371414055,0.9992295701993241,0.9897501978704145,1.0017916135917269,0.9999578887820416,0.9999755932351871,1.0050328444295644,0.996325639149483,1.0025191583857238,0.9955885185557626,0.9992042385310647,0.9999576466446768,0.9977749536652307,0.9990747157971845,0.9945461684053812,0.997700569792474,0.9987986970154381,1.002064114807184,0.9923132662360721,0.9958700009581715,1.002166629244541,0.9916398884288952,0.9970176978283665,0.9981823665913507,0.9961360225180595,1.0002995831756356,0.9940619669912586,1.0046043884859635,1.0006836523948177,0.9992516490713629,0.9943750298233662,1.0014667849665537,0.9962869843396335,1.0022914059006298,0.9946644219179466,1.003864210870297,1.0007719785432385,1.0025891849681816,0.9981226681065237,1.0021425948923555,0.9972805503934954,0.9987802537890339,0.9971834939718561,0.9962661694296026,0.9995819219084578,0.9944735648331697
13,2813850000,1.0050815945501743,1.0003063198591053,1.0010328403702977,1.0011260252344794,1.003560927288106,1.0054879235619298,0.9995623579851968,0.996896989935194,0.9989085116532856,1.0043680366959162,0.9970286819985904,0.997334758240259,1.0030563358925522,0.9995055864943382,1.0000425011767586,1.0020828697954616,0.9991004489569654,1.0034136305976744,0.9979215241093594,0.9959908602096201,0.9951148031404619,0.999906407829092,1.0026228589456063,1.0020577867123694,0.9967040367526021,0.998782496373287,0.9968009419812063,1.000730042992705,0.9992081992044497,1.003006685476375,1.003672074302113,1.0013825529218852,0.9953746077735546,1.0052561169317384,0.9980211237547094,0.99648928792837,0.9941964972627003,1.0007122176880714,0.9948142100009245,0.9967442231505874,1.0033360787532113,1.0039472759797585,1.0037273303666998,0.9915955633082588,1.0024772902767431,1.0030538042705752,0.9943363740411064,0.9966336203029001,1.0000349246335045,0.9961599306245581,0.9954752291254783
14,2814125000,1.0045967355533774,0.9923566862739869,0.9949660136848714,0.9903242856873369,0.9918530294269402,1.0003708237837108,1.0005147247417991,0.9988042361815791,0.9947091518803458,1.0003254317893493,1.0019182405543186,0.9900625787129129,0.9913264886451075,1.0009300017437823,1.001047154094297,0.9993468699244343,0.9984460056694691,0.9954263088612113,1.0034224278108994,0.9949644880608488,0.9994482634287362,1.0008295045551148,0.9943245588130968,1.000829779508058,0.9977089223611955,0.9991523732353356,0.9977615276489761,0.9983120900954489,0.9963638113642499,0.9987752524034644,1.002531779513535,0.9981065751706933,1.0016701886444261,0.9968757226831301,0.9984308703731829,1.0056518688336848,0.9955393860182331,1.0038487287108222,1.0028949408620516,1.0004567115753904,1.0002398774662833,0.9972291153250707,0.9991390693052504,1.003878692525855,0.9999643809252204,1.0014002982817918,1.0018215214910837,0.994834237078084,0.9934564886883431,1.0008633763651908,0.9989819943642536
15,2814400000,1.0062398963588375,0.9959888555687343,0.9988631442330931,1.0020857541301973,1.0005707116794014,1.0058585256519663,0.997497787613613,1.0034561603742702,0.9946752159346117,1.0011893125411595,0.996018147452794,0.9920694888443726,1.0001168579002986,0.9956146894546473,0.9925228413880789,1.0034295394948554,0.9911597975762846,0.9934906577853684,0.9985589312171075,1.0069838582754553,0.9961443783353694,1.0061842956096534,0.9983468464694786,1.0046626974112476,0.9935594148219186,1.0003839788251436,1.0003606929446967,0.9999379879732804,0.9970655798900796,1.0010018325686136,0.9988069232580756,0.9885830592915293,1.000927993339212,0.9947048954550456,0.9994071077387411,0.9975329886163167,1.0004826406881262,1.0016138463227826,0.9977457341636938,0.9990889700442634,0.9957096531800427,0.9954984791917689,1.0077075469749577,1.00040205873731,0.9971486438199807,0.998794956042631,0.9976875752286353,0.9963043244929333,0.998995451261095,0.998111024944245,1.0018994072380654
16,2814675000,1.0013952457898412,1.0036612719167013,0.9918953167695991,1.0003234311773817,0.9971422661809954,0.9977369263211967,1.0054514198393067,1.0018518248384598,0.9944825800115427,0.994052238249954,0.9938494006818773,1.0019663646049128,0.9972455897478467,0.9958794739043856,0.9971929299352854,0.9996767915395405,0.9954385848447747,0.998270226959248,0.995277862978311,1.0015760899356758,0.9931225569098813,1.0038045454746776,1.0026142475384352,1.0049763930939777,0.9916052625263865,1.0016367711180265,0.9964089996426885,0.9997035014973125,0.9982595005677561,1.0025428845291535,0.9952547376216607,1.0018134920149773,0.9968671414467817,0.9980687391335953,0.9947009114392026,0.989005490570014,0.9948578395509684,0.9989379333188695,1.0033006099222754,0.9981936257864533,0.999011447901194,0.9978619236451518,0.9979224543218468,1.0029705948596626,0.9982800404403179,0.9970335566588652,1.0015021325085032,1.0021748346193649,0.9966716138325016,1.00455912727905,1.0014775838563457
17,2814950000,0.9984881772382111,0.9990234205297213,0.9999465166349274,1.0000269456163224,1.0052657466372132,0.9926078901105693,1.00013239656066,1.003406674654714,0.9939469389951854,1.0024054730766159,0.9951811887760429,1.00426904989658,0.9928722783707585,0.9992722267264473,0.9958423441666585,0.9964314336674789,1.0009373822332932,0.9961555434045407,0.9906976351538028,0.9943984711442708,1.0028057960687315,1.0053510081209769,0.9973048872230941,1.0016347559598617,1.0009883009547007,1.0003857280780284,0.9987492690456228,0.9962931529131795,0.9986660942778763,0.9985033150188772,0.999219953893448,0.9900465973485891,0.9975481982274574,0.9955180340841436,1.002959843284592,1.0001172739636734,0.9976197120836687,0.9924809840640406,0.9993998132743817,0.9990768188483053,1.0011908427036833,1.000061006388715,1.004469039191552,1.0046398287203193,1.0039863945780463,0.9992904324653566,1.0005460303356908,1.0045307722159642,0.9887658612522081,0.9905304212389919,1.0062453426361382
18,2815225000,0.9976386094838171,0.998460736847458,1.001121965238454,0.9971483521015068,0.9962546032223267,0.9967423085160151,0.9993807154941654,0.9973377646450704,0.9967266495971808,1.0076486858949893,0.9997397425857508,1.0067865978726687,1.000761615854135,1.003505099014254,1.0014055591170772,1.0037565019706953,0.9889952502158977,1.0030924552408984,1.001697604678724,0.9984259520573041,1.0044285599383322,0.9968688291532091,0.998138628758148,1.0052486650065093,0.9959387028374725,0.9950599180957233,0.995578784178763,0.998959305602893,0.9967235963500981,1.0027062043184645,1.0101440860043283,0.9972452837394321,0.9976517079841244,0.9990406969868831,1.001007495022992,0.9998885568493412,0.9941113337690579,0.9973418687612712,1.0046049892987867,0.9999157639403562,0.9968231605366462,0.9956561425917226,0.9977470357818988,1.0006913788789222,1.0040454136746169,1.000716253525479,0.9967960169774233,1.0012676871195065,0.9993903999729352,0.9929564441021321,1.0023777242991285
19,2815500000,0.996069668157611,0.9953361367441659,0.9974725174119441,0.9941615743504605,0.9964642992397857,1.006443654856708,1.0067879709316971,0.9954410340341111,0.9993970260176605,0.9999693607782608,1.0043062396763007,0.9991304581019694,1.0038150782777437,0.9925792738210321,0.9944731505970771,0.9982717614839243,1.003774488303969,0.9967598712871067,0.9999731596882127,0.9955255668459501,0.9959244402231375,0.9972081990197187,1.002229780295282,1.0025906007812813,1.0031342363847746,0.9985857263756908,1.0038570575961323,0.9937440529602871,1.0003975781220873,0.9985726258732003,1.0032668859399654,0.9983313255861915,0.9922570007257656,0.9946878294704554,1.0009006945691667,0.9988273631656993,1.0008289255301046,0.9909707762030984,0.9968615869813723,0.9977135355734885,1.0040223922092262,1.0027008272457663,1.0046464739290826,0.9959794029817982,1.0021486620416253,0.9950037554225645,0.9973743413955649,0.9977554575786914,1.0019941635176548,1.0084206311831743,0.997182482998494
20,2815775000,1.001179648044026,1.0008468198380547,1.000346397999266,1.004190399271824,0.9899575954997911,1.0033410684701767,1.0017996714716364,0.998518796475407,0.99757907178404,0.9953093346168665,0.9940131070501513,0.9973197064336825,1.0003636824452278,0.9920199396918294,1.0003345916126656,0.9952994100865605,1.0026930428340388,0.9981926523321446,1.0001484970433852,0.9979027348027115,0.9997284714875408,1.0004881327820034,0.9968136090374622,1.0003707519258875,1.005826043450352,1.0037926420984047,1.0004405868760342,1.0013787995083765,1.000395868324813,0.9962814059301249,0.9968009087894834,0.993640829782997,1.007784773378892,1.0044943735542435,0.9952594423037954,0.9975315059804277,0.9976078653791604,1.001730439921187,1.005712661149236,0.997533638545518,0.9971785103466646,1.0059549920012263,0.9979217581233945,0.9895254908628177,0.9964963230802301,1.002542161027442,0.9983805592574682,0.9982843719176642,1.0001840790384138,1.003427373414106,0.9927361905838546
21,2816050000,0.9966229924494083,0.9880872493411421,1.006451170803991,0.9934347601990282,0.9960812392329595,0.9904329254346516,1.0020877388236882,1.001494673320569,1.0034396023469354,0.9944154207850772,1.006433208223314,0.9981462111095298,1.0020082465730875,0.9965488954518947,1.0011098904074405,0.996869900266928,1.0007862630893594,1.0000733501745889,0.9932150788866966,0.994733957008044,0.9972901744722187,0.9980973150522343,0.9924984258939887,0.9983014776604151,1.0013903124577817,0.9971336390017609,0.9921895735839104,1.004062530925062,1.0024043820171393,0.9979781706012889,0.9986387598420715,0.9973556497641951,1.0055443129482224,1.0027004931326229,1.007454071160521,0.9956922283935636,1.001237834070003,1.006120322756248,1.0004059527929983,1.001625481970709,0.9963478117030705,0.9966944248632318,0.9997130841032118,0.9951518473466089,0.9957541880664682,0.992689955151856,0.999548414854752,0.9951698553932665,0.9903146896213795,0.9979293508787936,1.001559903631415
22,2816325000,0.999009357863044,0.9991957960188781,1.000924331513959,0.9935097657024574,0.9990457703831169,0.9984027371823923,1.004848808150508,0.9938469501615678,0.9985516958289711,1.0022760048473258,0.9993714428405756,0.9939537827602853,0.9972954907914197,0.998744347649923,1.0033070638780714,0.9997422922899131,1.002677655098946,1.0058648913736277,0.9976041027808066,0.9935869507551224,0.994183034823048,1.0049887922328844,0.9899239897455931,0.9933880328596261,1.0019423341643825,1.001172820136957,1.0004476371534168,0.9951900948598228,1.0011319334469906,0.9946775792829139,1.0017279128519443,0.9963173638966729,0.9985462191472458,0.9951425041185215,0.9980241529898278,1.0027444625094215,0.9936729387312844,0.9972972866439608,0.9989991336515212,0.9905373507396957,1.0022336723302787,1.006946487455101,1.001245869117471,1.0016153110739792,0.9972879814068726,1.0020016822623312,0.9956681611252078,0.997057919603495,1.001927816715445,0.9956561400103336,0.9972522988225935
23,2816600000,0.9974644325507068,0.9991552276457397,0.9928081297882597,1.002253159742133,0.9950252902042432,1.00041784145516,1.0005579869554717,1.0029931542514754,0.9995169418481389,1.0039418149426373,0.9985616958578497,0.9945539334952906,1.0033393241014184,1.0018369088375016,0.9978351175277185,1.0031821212614256,1.0017940193621753,0.9916288566521013,1.0005013761286048,0.9964732328056052,0.993183427154279,1.000540461089253,0.9969952935659899,0.9952333053689048,0.99648471924917,0.9952690705085792,0.9977556654798797,0.9943149725664958,0.9967686238982292,1.0011472125017902,1.003605273375194,0.9939602621815304,0.9970532732524608,1.005934254439607,1.0022163243749695,0.9944664397620379,0.9990720869958272,0.9943163745655501,0.999415950138341,1.0035463440546784,1.0045253113826977,0.9999438070460825,0.9981263212704865,1.0010056064747304,1.001928488431737,0.9954866253070004,1.0021169138094173,0.9936135056224233,0.9991036626893953,1.000462483022764,1.000452694032208
24,2816875000,0.997931036564267,1.004972458200096,0.99867111797075,0.9965840150628316,0.9967280956766734,0.9980608697116575,1.001412013667814,0.997479408269129,1.006235025549907,1.0010642787896213,0.9935640981454681,0.9955111444362105,1.0028993719291472,1.012679054029548,0.9998990243761615,0.9999836821729835,0.9995830638029064,1.0023307500281609,1.000209645184659,0.9969160774034228,0.9924809473705914,0.9985770385546057,1.0001185384117706,0.9961020820498822,0.9940307276194282,1.0068961022911762,0.9930584296084422,1.0041071029901243,0.995426028353875,0.9963060498837394,1.0037469409593058,1.009514434236523,0.994197072293227,1.0070399450756784,1.0025861443938344,1.000795544972946,1.0017093097606207,1.0016907074253616,1.0008488231995156,0.9997330513591686,0.9973178185551701,0.9960423878715773,0.9989801865071741,0.9942026344664583,1.0038555946784637,0.9958893132996722,1.002554559353735,0.9979705144390224,1.0022854457299777,0.9996550650645091,0.9927502738549178
25,2817150000,0.997027851210512,0.9918525787741407,1.000683301363118,1.0022713572337079,0.9942418476708371,1.0029716364493695,0.9927992916467241,0.9896473989465202,0.9953742234723314,1.007373640791075,0.9967113106511835,1.0002508569139437,1.0020978478082503,0.9957591866933218,0.9942345258632401,0.9982748813288589,0.9958210488600585,1.0022714837997997,1.0063646638176493,1.0014904821109296,0.9976686372183738,1.0002839464138937,0.9942436051077274,1.0033785679859049,0.9979427432068436,0.9954481085319127,1.003449543995324,1.0016822481439083,1.0016593747455516,0.9962320229885586,1.00095682667517,0.9990036767184425,0.9954815045488719,0.9997692682444143,1.0076618494255625,1.0007015238330037,1.0024475514499744,0.9935770935993952,0.9929124660657324,1.0000552124554047,1.0045854948630615,1.0036338609851687,1.0079802839660055,0.998143976195413,1.0023680678905984,0.9984406969290499,1.0017050701135337,1.0003987889735086,0.9915830240479613,1.003519081966056,0.9983833672478045
26,2817425000,0.9996398059306316,0.9989028628662846,1.0007796736877566,1.0042639353024712,1.0002663904916327,0.9953837000734684,1.0002010938734074,0.999910114214615,0.9937623575049966,0.999723498519436,0.9993975022526367,1.0010964435800593,0.9942891010002018,1.0002542499571787,1.0037230421643815,1.0024753769527819,0.9969357880366532,1.0044964460647117,1.0028017302967573,1.0012305801193995,0.9982403441935712,0.9982839797687162,1.0012046196669226,0.9924493970060018,1.0047972867548398,0.9987485360980933,0.996861533577437,1.0018892345675807,0.999239585231069,0.9947362916180684,1.0040916839464185,0.9946696874564404,1.0001263084886491,1.0057218551314804,1.0031053070529856,0.9966542159750947,0.9993991729512222,1.0017825950799024,0.9965017809554051,0.999043455410258,1.0016384704953736,1.0064342054324067,0.990685713418813,1.0021359074986078,0.9997468177781763,0.9980331799150878,0.9966575104051566,0.9986086323768848,1.0001052377061603,1.0070983462654788,1.002869644096254
27,2817700000,0.994038390545032,1.0032719175929066,1.0005413072595877,1.000737606787351,1.0006577863825208,1.000313246730554,1.001856215622978,0.9976640319360002,0.995224700175825,0.998957486155944,1.006021403676526,0.9984681738717021,0.9968706113816475,1.00193407470411,1.0031712888702529,0.9962492613869357,1.0042152666796142,0.9995659183164405,1.0029528358094053,1.0000574990068616,0.9993096576842588,1.0001755059921187,0.9974196115139001,1.0021519945531294,0.992653732538751,1.000794108354534,0.9888159431756114,0.9999989087741238,1.0060970050288518,0.9976108237349702,0.9979622147476218,1.002301864712585,0.9974582431192954,1.0008407630723093,1.0001097848063625,0.9953666751242768,1.00622665810705,0.997724638980754,0.9974841382970456,0.9944083689953782,1.0077007144248753,1.0027340627362007,0.9972830675010692,1.0003903034233759,0.9982228618670699,0.9956223604288004,1.000129485609508,1.005820844681512,1.0000077822434945,0.997829255952405,0.9968281226360383
28,2817975000,0.997842442679988,1.0027309903059172,0.9988530631940582,1.0095571905700769,1.0004588554495364,1.004266776219195,0.9997437626048473,1.0011739074731492,0.9965996849847107,0.9965755349662595,0.9985835892492667,1.0003661059913844,0.9963612402965761,0.9965932456790966,1.0006938143459043,0.999671696414483,0.9975998032784418,0.9942846625729194,0.9999243555865284,0.9996934134905696,1.0027625081611373,1.000729716620352,1.0053418334245636,1.00400554295886,0.9953430199099187,0.9975964138372717,0.9989338006666372,0.9949733731866857,0.9918863865395078,0.9952110672265699,1.0021660309467508,0.9992998611854819,1.0012620919502497,1.001915884779589,1.001269543019696,0.9964966864933914,0.9987253439331566,1.0009293163955955,1.0058317114575879,1.000984332422071,0.996960021961097,0.9987761627847566,1.002272009609386,1.0002442107291483,0.9945736436431054,1.0011790396105034,0.9971658294426458,1.0000016320421734,1.0026484789606334,0.9988290988835703,1.005222188285172
29,2818250000,0.9926735892035775,1.0008946882584033,0.9968090150036112,1.0014201027276883,0.9993660619447433,1.0025477173709418,0.9965262759301482,1.0053972769155777,1.0004982655446515,0.9946264217026155,1.0020505241730204,1.0012055594974671,0.9968073118510278,0.9995521027691552,0.9989567442930146,1.0049514262400683,1.0017545503895646,1.002429916226648,0.9974626631749922,0.9989652515942049,0.9994963186556739,0.9990542868322396,0.9966661685576096,0.9956756706402519,1.0030194223099511,1.0084647942585072,0.9982116269154301,1.0047764384373685,0.9986750229498319,1.0033095065053872,0.9976834246581581,1.0051886832818047,0.9968981060384061,0.9987791857574476,0.9977920953589142,0.9962838281057008,0.9985511173780215,1.003245655357368,0.9967205718057559,0.9970996097250007,1.0019734875697048,0.9993008899817059,1.003204184709602,1.0002679917694204,0.994353632591804,0.9951485695589098,1.003755046878949,1.0065589273564814,1.0039222023412724,0.9989845296086584,1.0004387131102461
30,2818525000,0.9940988277630971,1.0000936262248452,0.9924386834669597,1.0076221411956758,0.9949906775150662,0.9951633471583112,0.9984780831043872,0.9995964927777395,1.0015576690290973,0.9984701547810462,0.998540460249448,1.0002201338192855,1.0072832040398538,0.9989104398114911,1.0062745200385925,0.9984476580269003,1.0033890654250166,1.002072935660441,0.998208949344849,1.00347706340735,1.0053352252770957,1.0014206315583427,1.011961516103072,1.0008694596751726,0.9991940453122733,1.0002585395517472,0.9988884192458665,0.9967257717992987,1.0015800040864633,0.9978043667328746,0.996980816386373,1.0081173798751137,1.001470116432566,0.9967937759402042,0.9977441253801164,0.9987293132282484,0.9959257452187634,1.0060492847530282,1.0109561419471567,0.9994064431682868,0.9928490088234326,1.0004889885251915,1.0012079101198461,0.9995534147133912,1.0012580017693276,1.0023600650659734,1.0037886391132018,0.9981433810913127,0.9928472443098031,0.9997887123770577,0.9994000263008147
31,2818800000,1.0004135221852142,0.9907023893882955,0.9962643201195043,1.0035596361370736,0.999375334996217,0.9953671483565252,1.0019975436396522,0.9951897737812223,0.9931923852905067,1.0035768172992354,0.9934075820905995,0.9961918404670865,0.9990597523475558,0.9998170839043846,1.0035881923378522,1.0045040439302577,1.0034975860023305,0.9996083800513905,1.0015180846574174,0.9937199277858095,0.9916454570055906,1.0009562282357285,0.9904626203770944,1.0004673967394742,1.0037137190213632,0.9997624564311212,0.9976012713081663,0.9939235353871368,1.0077107236658662,1.0016836071636714,0.9996571367262065,0.9971399585417853,0.9942628551175905,0.9955891427992221,0.9996641293110343,0.9923069683251095,1.0076558872900638,0.9983280524743358,0.9977924917399983,1.0063254998498747,0.9952855546591428,0.9994416142469258,1.0022089624768595,1.005786363289865,1.0002609135708596,0.9980830900984421,1.0007384377354083,1.003983128995372,1.00121830100747,0.9941182726338295,0.9990924727443555
32,2819075000,0.9975616283875948,0.9988096442037566,1.0077790909358748,1.0009948745503612,1.0006326078872774,1.0000031465549057,1.0059882842928498,0.997999201659855,1.000968893066236,0.9991995528016702,1.0019822935966176,0.9953223379622658,0.994156419627664,0.9997083274869509,1.0022690815517374,0.9993160028977495,0.9960715690987946,1.0016421074101076,0.9991672639512784,1.002923347113986,0.9988266997283027,0.9977384200815733,0.994638484122178,0.9975734416968604,1.0019272123921625,1.0016469057004078,0.9991349172598586,1.0044013459977228,0.9974816135166478,1.0028191297286047,0.9975357362142225,0.9979186411855869,1.0073806794589408,1.0000629952645712,1.000516060499197,1.0035166718939377,1.0057681318251144,0.9979864718274248,1.0003927794376961,0.9941955179222068,1.004219294491778,1.0012203790890961,1.0101686893417297,1.0049118095056395,0.9934767969822682,0.9959730653540324,0.9941714773479895,0.9990795735751857,0.9940962035301533,1.0004594051918774,0.9966058535385827
33,2819350000,0.9960677134400074,1.0049479209421477,0.999419925226818,0.9956875627541618,1.0009225070461223,0.9995409565581053,1.0008043151695238,1.0022226045861178,0.9916395892567106,1.0045421804468249,1.004494095506164,0.9959053143960289,0.9971574550622558,1.000831915352967,0.9988660652396211,0.9970008367330818,0.9947875177754546,0.9949801112140277,0.9963829798711764,1.0003434501522637,0.997693221385708,1.0055852827454224,0.9985620055514693,1.0007091892200735,0.9993098704896122,0.9951794068769947,0.9935329868189681,1.0024135809211019,0.9972302093169082,0.9949986808250947,0.9988959298143711,0.9899875345477089,1.007303045696043,1.0002025746293015,1.0006164208460928,1.0053432628364145,0.9981226403236738,0.9953110410132401,0.9985740675491316,0.9970583648359743,1.001763625259257,0.9975832289056431,1.0059119397624916,1.0012927644986453,0.9978393706253049,0.9986475531661592,0.9949978891088673,0.983123729071359,1.0070433580239455,1.0019760735771863,0.9957469898251725
34,2819625000,1.0045186342031354,0.997591286081138,0.9996236522055137,0.9984811167901363,0.9958450316982197,0.9990352184377607,1.0038648454676928,1.0022575670208311,0.9981563662896049,0.9964761805860952,1.0012479309623055,0.9985206634702863,1.0003241178789963,1.000614384664147,0.9968571336216945,1.0004010596558235,0.999274533246063,0.9989157216377148,1.0014157956312346,0.997837565347182,1.0083067768685496,1.000882554427656,1.000454809839422,1.0036026779267935,1.0034110978960948,0.9975421871015547,0.9981903239210391,0.999221619943977,1.000366141097941,1.0028807016280272,1.000669848809971,0.9939990720366162,1.0017868411375104,1.003509045078869,0.9935100168946145,0.9984223979712714,0.9952551022738193,1.0013419052118893,1.001384724502303,1.001642314727671,1.0014844743061695,0.9994945712188457,0.9988436325672412,0.9952007437238122,0.9969854275641045,1.0075340541746143,0.9954826631684348,0.9977601161367236,0.9942055613227628,0.9992741098381475,1.0004410027850419
35,2819900000,0.9952327488466749,0.9988619820033787,0.9978749440306878,0.9982958450682252,0.9989154546566156,1.0009195780076243,1.0037039113370498,0.9978582153709473,1.0020500219864366,0.9918405735523715,0.9941212977860457,0.999433522187231,0.9958639151531962,0.9999927816268054,1.0038650460141738,1.0011675460667935,0.9994573603759458,1.0011238419177007,0.9984173718094531,1.0020741689630404,1.0051701817888545,1.000278386728956,0.9974250276603512,1.0021143635095937,1.0018048670964839,0.9962713742127557,0.9996664079297649,1.0104628304149395,0.9958864842195632,1.0025575139212535,1.00122844344007,1.0059637160458175,0.9970620350484972,1.003253519612323,0.9967602712596232,0.9982528346708346,0.998351888325984,1.0047484378289788,0.997631419116335,0.9962919317941299,0.996785980553586,0.9956161946132212,0.9994364472600602,0.9950944762864083,1.0017315268195026,0.9973391459455998,1.003779700491713,1.0061028290811915,1.0009538035458172,0.9968526027375654,0.9937495725075816
36,2820175000,0.999671936220414,0.997970944279919,1.00192695727683,1.0035148907183329,0.9970041009455983,1.0040701871030646,0.9923599765002372,0.9939598644214407,1.0013044559691262,0.993659025424142,0.9922641637457928,1.0033390777770443,0.9995473281980919,1.0008374302899206,1.0004605952157841,0.9939689490748821,0.9944752154687677,0.9954435046171394,1.0000362992685938,0.9978485073510761,0.993219402801114,0.9922338267801584,0.9987607967761227,1.0022210222744137,0.996585064963007,0.9994918665879713,1.0035629304988343,0.9975070267055154,0.9967041551138908,0.9971073672661338,0.9986151526767895,1.0041965052949355,0.9986930229385398,0.9965924648920357,1.0007248024773767,1.000260545406578,1.002299903277828,1.0040542288789847,1.0034908347635434,0.9978907744690847,1.0088189757553239,1.0054308194871382,1.0043446716597557,0.9953835946308394,1.0010905803497594,1.0006918451736762,1.0013027954321567,0.9922829984055177,1.0067868075309176,0.9990054670591608,0.9979213362418331
37,2820450000,1.0000162020059482,0.9935994170877422,0.9911363340002267,0.995846945631014,1.009755731442683,1.00815278459701,0.9966687566445589,1.001192085012896,1.0037426758379044,1.0018322754258013,0.9961768425639996,1.0023858838317972,0.992666632791437,0.9971526616989979,1.0020574778410374,1.0036437670705851,1.006894950198728,0.9953182727332942,0.9944043750642213,0.9947083080407179,0.9977821545730327,0.9934408249829207,1.000956597439031,1.0017953623631932,1.0079528563266111,1.0016393672908785,0.9962559471502275,1.0000648314168932,1.0030576271714862,0.998700829312195,0.999954215853279,0.9962848517317988,1.0026290046508433,0.9995050109376615,1.0050431469149972,0.9992676281934055,1.000188585013774,0.9940872329842042,0.9974065073409916,1.0015555853471239,0.9960742282251666,0.9993885043928173,1.004343863853419,0.9968883804908083,0.993549821313343,0.9964134483661237,1.003107271307667,0.9991239776413448,0.996931492093758,0.9955032795400478,1.00435146281956
38,2820725000,1.0062210959276887,0.998542971748332,0.9923431856348063,1.0067981774008719,1.0022336054950494,0.9983780365671485,0.9987912646465095,1.0016977248655181,1.0009915678983095,0.9975994649941163,1.0010351471338537,1.002880336813869,1.0007952547836296,0.9904344422139422,1.000271619905706,1.0034766656476939,0.9997786361736378,0.9975717628096308,0.9963707868732482,1.0006292339876934,0.9977231316682256,0.9985202286085862,0.9988041191153156,1.0051503152352839,0.9994685774025066,1.0027597152602512,0.9952515531403111,1.0010631924298998,1.0029592802198897,0.9954035656829079,0.9991759413200548,1.0031732770856328,0.9978907673253327,0.9996882616185169,1.000230493492256,1.0021095812388459,0.9954021179754111,1.0002236094944497,1.009209235661289,1.0016837068404871,1.0002419348126326,1.0029469701953229,1.0007156156635868,0.9989964809524035,0.9988844767161945,0.9938274710612347,1.0031145719441201,0.9963202903597489,1.0023859794130048,0.9966907596508667,0.9996269785556018
39,2821000000,0.9926125051914464,0.9921435667165814,0.9973212640053881,0.9963637330288779,1.0008978002067008,1.000170339507399,1.000214036944381,0.9992814535160129,1.001134082485139,0.9992336789611636,1.0028362838436151,1.006795414572803,1.0012860375742043,1.0000616365915935,1.0061197241770392,1.0039446473469318,1.0031732617462208,0.9949628100216428,1.0040825773801043,1.0009050238329424,0.9989789191307901,0.9985832766238106,1.0036824412434098,0.9957482073139922,1.005165181549804,1.0041532359282705,1.0001133378612375,0.9991107168848848,1.001388458453034,0.9964388947376868,1.0019302564373782,0.9995505122284857,0.9962039165363544,1.0040351576396012,1.004693338919126,0.9945549727733232,1.0004709548111905,1.0030397704877418,1.0040613289126301,0.9971245541435528,0.9956762502569925,1.002633453697968,0.9956102244887457,1.0033247899416977,0.9956528954737779,1.0048889381112258,1.0012902549905645,1.002089381822998,0.9987893375028768,1.0036724123440262,0.9933552713541776
40,2821275000,1.0082564636575917,1.0017286773465788,0.993934196991938,0.9937994329283555,0.9976590576417163,0.9984747725747484,1.0094421683018908,0.9957633801921028,1.0002066514432055,1.0036524710429964,1.0028387632757,1.0003654032248968,1.001403671689408,1.0052704408154693,0.9961784572273777,1.0040198287929025,1.0006023586386685,1.0042721371422554,0.9982475928884158,1.0007646932833676,0.9953008979950979,1.0007271328372038,0.9975471515174889,0.9978890821268943,0.9982870504286692,0.9978916665832555,1.0022548058949385,0.9982866347339631,0.9949878855359879,0.9992950293423422,1.004952008858784,0.9999369775280091,0.9988458434045052,0.9980571853356961,1.0019733475479744,1.0062905431977827,1.0002493588459678,1.0023506058020215,1.0029352185055955,0.9988222435402047,1.003243318823451,1.0047679207101412,1.0050775443529731,1.0039870773528086,0.9963842563719963,0.9950722953147658,0.9950419648785352,1.0027366013065426,0.9964487238167367,1.0001186664240023,0.9924960005642902
41,2821550000,1.0016881773945305,1.002896623851402,1.0003714308634089,0.9979313534388203,0.9985329282161975,0.9990694173840043,1.005806411391095,0.9946745584499239,0.9965908306015806,1.0036137529626958,0.9964743558280472,1.0034586621675914,0.9998106322612583,1.0061116451704566,1.0006618484372447,0.9985455950975732,1.0005393758631527,1.002246446111085,1.0015529291822907,0.9992764470043075,1.0041113725306956,1.0013201720599443,1.0042743755361798,0.9974008952901845,0.9997628053957534,1.0047222150509358,0.9997330722110369,0.9998905871237832,1.0045210243334968,1.0032202351513024,0.9977761321296731,0.9955054283018476,1.0005916775652777,1.0037263376907826,0.9930193864034126,1.0052110698478731,0.9964031330483988,1.000228187493224,1.0026832338753242,0.9971274499151227,1.0028303761593103,1.0043465736155008,1.0009911006398986,0.9990030482314899,1.0052372152890892,0.9945076747383188,0.9959878827046439,0.9920524447440009,0.9948063923420608,0.9917379149540759,0.9982635947857127
42,2821825000,1.0031436484899288,1.0016525130841616,0.9953971373326164,0.9984937579060058,0.9966114765197839,1.0016161456002137,0.9927560340729723,0.9974898456659894,1.0006749939849608,0.9993879212319153,1.0001301584605387,1.0014428828433926,0.9952013908699936,0.9991208200212667,0.9984073598415283,1.0015475190493817,1.0020233657010198,0.9982738104406659,0.9988159945876863,1.0031292681101993,1.0015657829871016,1.0072578613673173,1.002378510124634,0.9950568094612393,1.002375497239152,0.9972579265582288,0.998569837789979,0.9969046688717056,0.9969151528638636,1.0037158477803296,1.0002862139193505,1.0021091441945593,1.0027828200625055,1.0039743128314944,0.997042707386955,0.9919508240418938,0.9977859391027355,1.0061871409021166,0.9953895901055912,0.9976939533255943,1.0017940471050388,1.0024294802416818,0.9980872939364681,0.9963326599709004,1.0024459016024103,0.9969177747314492,1.002594826900859,1.0024325118364026,0.9971287765610092,0.998337113473901,1.002942485179922
43,2822100000,0.995441217661987,1.001327590741895,0.9988507369343632,0.9987942962952074,1.0001427195185506,0.9978621825715569,0.9880231928276891,0.9986947951111814,0.9933551524251182,1.0041609427463292,1.000941681511759,1.0031459086054653,0.9970599220235167,1.0013179808969084,0.9967420166391594,1.001124190639628,0.9972111247980736,1.0020582865371916,1.0032675636086783,0.9948969163799157,0.9979691019526229,1.0022201442205276,1.0017030140611423,0.9979457665648649,1.0038266996014862,0.9980786588357962,1.0056400984217462,0.9990813931588172,1.0072583785139482,1.0040816155979602,0.9960528500096139,0.9995299054418728,1.000449170497456,1.0087819742611688,0.9929761704249936,1.0000346577767374,1.0010907627946113,0.9991846163634824,0.9970016887868567,0.9931760401013617,1.0002832713773984,0.9950000419302084,0.9994407146499427,0.9954000168262156,1.007986163266661,1.0007579583072634,1.0043841785379695,1.001235592832233,1.0070422292824952,0.9993595804771098,0.9981709089960656
44,2822375000,1.0064767362207483,1.00622966580287,1.000278432540891,1.0001850449314535,1.0059925930626337,1.0004612599601386,1.0019977393922803,0.9886119284355919,0.9972135368341908,1.0021679737033944,0.9966085257956354,0.9993215323975531,1.0010656204204174,0.99756915356306,1.0002029093283145,1.002952331565015,0.9961270557428714,1.002225627337732,0.9964405903281837,1.0020356839351603,0.9973005838097763,0.9978814986834328,0.9963370421026516,1.0019095962750018,1.000063330368297,0.9991548586301074,0.9941799245634864,1.0004641290599514,1.0037921196417936,0.9970451110533488,1.0012608661058917,0.9974934530191086,0.9993977575383924,0.9961847066730621,0.9998151450151221,0.9953853793004244,1.006249045226709,0.9960900249634274,1.0004481267420318,0.9996990509234273,0.996934014404538,0.9987220380921504,0.9988243370275132,1.002351795729318,0.9952203816821958,0.9965274310685136,0.9990415979045668,1.0060041285857622,1.0060791190639338,0.994854545469775,1.000327314864632
45,2822650000,1.000318377957584,0.9997140105760552,1.001744953865898,1.0000615431897781,0.9982372325259162,1.0007453543476093,1.0031161249796148,0.9970177010963366,0.9956244938097469,0.9969653116937367,0.99244426980766,1.002591448991738,0.9972332900822025,0.9942518508761834,0.9938175654669308,0.9940248396430353,0.9983124098972287,0.9994884316435771,1.0003109765368847,1.0018400433977406,0.9956019217012706,1.0067861480608788,1.007134784232193,0.9955752551770909,1.0005729812241557,1.0001832914714448,1.0030028083263212,1.0036074879496597,1.0044532273143305,1.0064525579551673,1.0013606424686585,1.003228308189257,1.0007642017842358,0.9978835913701568,1.0003229964141496,0.9991504002081484,1.0029147473337636,1.0020812986520784,1.0079267209551779,0.9985431191887439,1.0025534893545025,1.005632321586355,1.0036804057791835,1.0016688700651115,1.000755910533496,1.0008681735419764,0.9989608800816426,0.9955393124058173,0.9976971727975574,0.9959571797321073,0.9948689748115433
46,2822925000,0.9975523156168128,0.9955753822768849,0.9982248873961592,0.9990236110324023,1.0055682655562757,1.0044552985093018,1.0049235633896694,1.0005706517740427,1.0006648391866593,0.9998843850477804,0.9965463698740739,0.9991103883012858,0.9992694215307782,0.9992619145676986,1.0002187590783111,0.9988635791481114,1.0031840937797387,1.0049444517419324,1.0014382503002706,1.0040727002363359,0.9961890523714162,0.996790062714229,0.9977184142519254,1.000706213322815,1.0016233339682235,1.0009536573488205,0.9920691937757447,1.0071813512300847,0.9998376124100837,1.0040661708754672,1.0069654232976644,0.999152295136062,0.9978100241634484,0.9968337697680509,0.9954335234530064,1.011125737518543,1.0023478742918617,1.002026422618815,0.9975686857072634,1.001322954710247,1.0034333623859675,1.0015361987328664,0.9999241495136484,1.0061221243873897,0.9939832680844702,1.0018415592430225,0.9946052588430971,0.9992307023550548,1.0027937221296719,1.0023978785347218,0.9962804697276385
47,2823200000,0.9980324806943464,0.9944192038842414,1.000322062560002,0.9986662207329219,0.9973361970217026,1.0017000244109173,0.9988880602275781,0.995611834801952,1.0013401358403207,1.0011688047567533,0.9990449129858747,1.0002652298738997,0.998883898728029,1.0035544225950093,0.9988784583592883,1.0012550145304122,1.0059173315916337,1.003758475536459,1.0025010310093008,0.9914890221748387,0.993331888534203,1.0065685137069253,1.0014220170704071,0.9936974847726436,1.0045539999938624,0.9981637591837073,0.994278272026019,1.0005209410448577,1.0068597247825186,0.9991762794665416,0.9941371122801427,1.00420650181208,0.9994195267554555,1.0038113398416275,0.9994920675658934,0.9969708126822687,1.003953162409487,0.9939922675831846,0.9952199990575865,1.0000325884965393,1.0049177268080738,1.0038576663050154,1.0022294016318294,0.9942221830900869,1.0025477591741554,1.0033435771198609,0.9930508380709026,1.0036071738020946,0.9915306862748429,0.9990690768840759,0.9991253648419872
48,2823475000,0.9913212746449201,0.9961517819445961,1.001110435812585,1.0005785033378674,1.0028424903499784,1.0070078755538234,1.0056454583300818,1.0038951893723504,1.000659152143161,0.9989788756979338,0.9990714602795692,1.003416057533919,0.9979762059367285,0.9991078885327808,0.9990357945072379,1.0024302520775719,0.9986678331239582,0.9962934239086434,1.0028733484755328,0.9995478862647397,1.00443410081651,0.9934169413167495,1.0008140374015217,1.0045326564647565,0.998975989004712,1.0048237248674299,1.0028914405521405,0.9968410800357161,0.997079320879941,0.99633699889068,0.9990107997035069,1.0027804863604803,1.001658322791108,0.9964523008492312,1.001271241117409,0.9983264371024957,1.0013114701861308,0.99769191630132,1.005693426668523,1.0007313798367141,0.9954826415570244,1.0022240468869847,0.9981719912906039,1.004300563978952,0.9964900269315784,1.0040231447843146,1.0049973604929128,0.9965379549450014,1.0015015703693744,0.9971534880513515,0.9995851289616211
49,2823750000,0.9965414897159337,0.9999030669166984,0.9924206367254244,0.998800856097595,1.006701610772278,0.9964986269812107,1.0022649705647981,0.9981752000048862,0.9963450013041556,1.0005794478894943,0.9981931955057464,1.004583054504429,0.9992162152362887,0.9987487688063781,0.9978322521409656,0.9996646446325456,1.000562146507842,0.9985044213062463,0.9993870062820792,0.9972317465602016,0.996968696910209,0.996478657225081,1.0012966469326294,1.0007734544504516,0.9992064133020575,1.0020787005391127,0.9991109396484665,0.996400456021325,0.9995032855276448,1.0010139850780047,0.9976283642305923,1.000604132923409,1.001967609560176,1.0039184226650961,1.0029069565740518,0.9985763363826194,1.005100214299404,0.9995576470877391,0.9990206491234939,0.990258096074454,1.0015237547037872,1.0002028233072608,0.9993941439860998,1.001941441920639,0.9992696975093887,0.9962080961488219,1.0055361128757032,0.9998684952190215,0.9972164133784258,0.9967352828071251,1.0001491837452219
50,2824025000,1.0006773191059704,0.9996041808125214,0.9959689180181727,0.9982206975350794,0.9961881727319422,0.9997953550302963,1.0010085778060942,0.9994581726158215,0.9976157431440071,0.9982610478374049,0.9991751932408851,0.9927906301995276,0.9996109149867909,1.0029063223700863,1.0010399734979147,0.9968945731050545,1.0024750565135818,1.0020248118169526,0.9916147454612254,1.0071583978058603,0.9956020315593477,0.9963518756536874,1.0000752388244454,1.0091625890922988,1.00565501172407,0.994107027993687,1.0043043654716446,1.0025126314658135,1.0035689942169022,0.9994795689427571,0.9982472710038983,1.0016391036785284,1.0073306831038011,0.9940651803997649,1.003899557606122,1.0025172169049454,1.0006368611641892,0.9959269474479904,1.010347940297484,0.9918811207211109,0.9964790111475942,0.9972295871673568,0.9977223877149702,1.0027920927480725,0.9987577825358309,1.008025752546027,0.9996597514567462,0.9944322675812665,1.0009540866243045,1.001847730630273,0.9961447905985104
51,2824300000,1.0072605619456552,0.9926747677947029,0.9990025108321251,0.9945198066395037,0.9982491795498565,1.0022352843435063,1.0039938521741432,0.9988014161802989,1.0048196381309267,1.0050190815482138,0.9975549979863418,0.9990596274645562,1.007376363448976,0.9954482311033576,1.002945441467366,0.9941617586323608,0.9931381096726719,0.9982924660284461,0.9993656356256023,0.9994602143595517,0.9931825419153942,1.0038616808691667,1.0008051720605573,0.9963272986988905,0.9988702529755821,1.0022658095907961,0.9923083273768069,0.9981885921370449,1.0083485612810636,0.9996227187395674,0.9974567313500742,0.9865904155414505,1.0007975312741368,1.000842678375555,0.9988370762482565,1.007654310258895,0.9992699012074602,1.0026366810634302,0.9962036561728383,0.9983023292993214,1.005627651440082,0.9969377047243853,1.0000593689269892,1.002066465939262,1.0015834470991174,0.9998198695562959,1.005431834838497,0.9988292154251968,1.002311183905736,0.9977916993436712,1.0023183571441925
52,2824575000,0.995538222899565,0.9996049036991603,0.9995068156624747,0.9959775365222906,1.005296713482124,1.0045093930773195,0.9977064581038625,1.0007828571992652,0.9946728494089792,0.9962042722544807,1.0054555683795647,1.002710659529711,1.0040022859935887,0.9987323247907194,0.9979351690695333,0.9993832805716608,0.9951582921840559,0.9970786694548112,0.9979601819439913,0.9993997384603183,1.0039969438288574,0.9971157233415413,0.9962850059719157,1.0033224864514751,1.00152296144777,1.002150844577471,1.0056996334493786,0.9931264783336156,1.00350408230053,0.9990158210004318,0.9970027672240527,0.9981515807411385,1.0001846054577725,0.9960399375539519,1.0017245068194292,0.9981696466820807,0.9982404989444096,0.9982878997807323,0.9940265819014343,0.9998064898299753,1.001374500979704,1.0017265208654431,0.9999854099198487,1.001361194082001,1.0012094081134535,1.0023224889694309,1.006741143697123,1.0049297213687753,0.9919810365836907,1.0044658776369098,0.9921321085605135
53,2824850000,0.9947457488331468,1.0003226285565667,1.0051068190751722,0.992415013445016,1.007885066794102,0.9941017521026102,0.993652640883389,1.0013484055417026,0.9986559717460362,1.0035586792554738,1.0018383952292298,1.0049199279226646,0.9942842645381722,0.9986972715716286,1.0010275691834853,0.9995072566682144,0.9922229840969151,0.9950730592194771,1.0014680652564072,1.004800355947844,0.998692074757125,1.00427917826011,1.0014101376454934,1.001712837755075,0.9990922064931316,0.999092271254871,1.000142398032454,0.9956795711749739,0.9976233111213197,0.9990971528319319,1.0037320468791855,0.9959650917037683,1.0006998626497876,1.0041416376421313,1.0039470349678685,1.005112929802508,1.004456217731362,0.9958061025173999,1.0000571604175337,0.9977228990392444,0.996259962680161,0.996868470133838,1.0002861185674943,1.00031430851868,1.0047545116285022,0.9980797093608164,0.9936185882044679,1.0046428348962335,0.9987415740724461,0.993378580240417,0.9972393492518923
54,2825125000,1.000999697779787,0.9962911288051205,0.9985292555441164,0.9999810906024081,1.000563240636412,0.9999335028625183,0.9983653837619665,1.0005246743872367,1.000158836073835,1.0053856792919496,0.9987083246032085,1.0098026764241659,1.0021781523300315,1.004903405690773,1.0024665264527393,1.0024057120521896,1.0078294150545877,1.0042690215234866,0.9981321721910807,1.002352191470617,1.0054442012685574,1.001970611738509,0.9989599280882885,0.9964896495534695,1.003498468474221,0.9985315897450563,1.0003452322694308,0.9958466392750768,1.0051701911840907,1.0036468783494226,1.0022542189473336,0.998032380675548,1.0035260115010087,0.9990643217549867,1.0040598044206663,0.9940754147951203,0.9933611000734465,0.9937793413683941,0.9965280708674548,1.0038831348833661,0.9956821655827077,0.9957570111037665,0.9957499882817153,1.0004614403474008,0.9906674463678377,1.0034474622649718,1.002754966362303,1.0018403851330946,1.0022635430437443,0.9985152634328439,1.0030669685175553
55,2825400000,0.9970695310903094,0.998530231286057,0.9949303270812614,1.002958491169964,1.0011234433924685,1.0005539174284208,0.9990423576088594,1.0045096644101918,0.9994314914291281,0.9974242058561108,0.9920238177245485,1.000367915627183,0.9985786116068056,0.9997683441285872,0.9996036810535892,0.9969284555118005,0.9993156358863619,1.0021626426728623,0.9962241004835148,1.0037604380153031,0.9977405017828144,1.002720509206718,1.0010632299036069,0.9994710012278627,0.9954396144604539,1.0018055159992494,1.0046747843137818,0.9985428840672066,1.0000844659881338,0.9961373970257622,1.0027722209041445,0.9998588745015747,0.9998956267556672,0.994933619932516,0.9939051350275763,1.002612741877207,1.001535423448761,1.0035270730581325,0.9990914635171622,0.9928334194516576,0.9993101899773212,0.9993958292063302,0.998798738918613,0.9906257108836617,1.0016305247595338,1.000958264106601,0.9996338178290555,0.9910830591046212,0.9968172661100551,0.9964482508135073,1.0018520232541719
56,2825675000,0.9989548157847042,0.9999471743800091,0.9990834366274118,0.9949263436896919,0.9981326905868142,0.9984960568808069,1.0005818044043344,0.9984038662560212,1.0077996338570478,1.0034703929026827,1.003084673012242,0.9955316845794662,1.0036494187921687,1.0028588489473897,1.0009223403897702,1.000700177227016,0.9963676053626892,0.999627963800672,0.999645015151269,1.0029573189854681,1.0069958937034698,1.006759339176499,0.9888694728185503,1.004770253717027,0.9973715855651578,0.9993773160521704,0.9977110991543993,0.9972357570492465,0.9985999341617278,0.9954620048604278,0.9943360155947074,0.9970003423614062,1.0026638952872926,1.0046904611984617,1.0020994229886597,1.0013650986475044,1.0014607258316426,0.9929045093276411,0.996591269759263,1.0016040919778704,1.0077278243997663,1.0025694946216555,0.995953200998397,1.0011537404883808,0.9990881662839586,0.9955581029494318,1.0052236544238102,1.0006698452865936,0.9973321054032406,1.0001216364325936,0.997549775565136
57,2825950000,1.003931395393831,0.995403702367979,1.0001716177375108,1.0023772465762755,1.0016446574977242,1.0052055263303683,0.9976648216342148,1.005410788342132,0.9956552169649524,0.9961816932879841,0.9968697779753363,0.9978616215902817,0.9962949652472862,0.9986160525669231,0.998383411963879,1.002296314454578,0.9977157218706565,1.001075478097907,0.994789235002338,1.0025895437525691,1.0056830773075145,0.9935264348905718,0.9969390186074237,0.9918708450044588,1.0028805456198004,1.0058431407381743,0.9929700845039345,1.0047967934439346,1.0011547645283203,0.9969811506991121,0.9965254787699227,1.0007389107759788,0.9978144675018027,1.0014759630802663,0.9944707047109653,0.999822783216598,1.000436521028756,1.0009638883079794,1.003550489994081,0.9978278530227475,0.9988220094420619,0.999407311268167,1.002367218817419,1.0054491270658361,1.0027098390789662,0.9923988721696397,0.9956549891727836,0.997564006050401,0.9990446237526394,1.0055652704869726,0.9960463299082482
58,2826225000,0.9954217416450064,0.9959355767465237,1.0061179407434022,0.9974433718707731,0.9994711690059589,1.0038144637594462,1.0002534244460977,0.9944752574122702,0.9956302653204836,1.0015907971906695,1.0007327501876846,1.0005835194510984,0.999357752587974,0.998310772622413,1.0011648513210165,0.9927656308141192,1.0017609564867558,1.0004493535495922,0.9958850693598816,0.9948620274459746,0.9905229763091163,1.0009574432965003,0.991768049467567,0.9993906355364857,0.9991174293295604,1.0011283847662102,1.000518349693584,0.991436321153363,0.9948928702347759,0.995270782525359,0.9956262115151293,0.9946902356382087,1.0033238559882092,0.9960475359834456,1.0043145391109873,1.0023225991381397,1.0007060906289367,1.0023820067099778,0.9946571599080888,1.008507183248769,0.995469738094812,1.0012025438955563,0.9987305771708833,1.0051238922693773,1.000337233739718,1.0040484069969664,0.9928820026128766,0.998291319383757,1.0006599522798525,0.9991517034255463,0.9972257377092419
59,2826500000,0.994856336591371,0.9997906426182003,0.9994857547782316,1.0026088088797926,0.9955290867213262,0.9990491358344545,0.9995671787510578,1.0055285120513444,1.0014699479803097,0.994262987012365,1.0004716496740713,1.0026923418144196,1.0052086502688276,1.0031514269365642,0.9924268789044972,1.0040276996595958,1.0018728182327319,0.9979469652117378,0.9949522643809431,1.0036400623955355,1.0012900918025032,0.999730648969856,1.000518303678146,1.0066989066912575,0.9998868903628818,1.002686365043761,1.004189569401209,1.00311038057811,1.0033903030642264,1.0013753190597583,0.9948342895442285,1.0002140662400656,0.9959926571230097,0.9990448980189284,0.995954571622239,0.9933515974005785,1.0013957851936044,0.9981398576446905,0.9969635173326877,0.9962076926837425,1.0044079324033908,0.9976067601789214,0.9964328637052373,0.9989841560399078,1.0020159191020008,1.001106812753529,0.9953543973581879,1.0027097307298876,0.9930495900683641,1.004149028597607,0.9905082078189476
60,2826775000,1.001034203985513,0.9991677354803098,0.9958701727559595,1.003573288089831,1.0046448032040236,1.0036055047734371,1.0028865625509882,0.9979531144099927,0.9983298023570428,1.0015400559592076,0.995808439459545,0.9997791920665882,1.0036875304082462,1.0006436710760171,1.0004365528799861,0.9980053019841333,0.9994017458617223,0.9910512189493622,1.00136198585583,0.9952343322773918,1.0024405623048542,1.0011985476024317,1.003982371257469,1.0041235758970506,1.006931082637088,1.006457931735787,1.002884998476845,1.002649883403016,1.0002149167336802,0.9955362817342226,1.0022172236885993,1.0008347064140637,1.0008974774437545,0.9945122366528587,0.9890904954678117,1.0016899830466803,1.006137179801499,0.9986578243324303,0.9958223891047868,0.9993629452060702,1.0025766446036177,1.0034732708054215,1.0051702027713851,0.997567533149857,0.9968109224741084,0.9987244049699717,1.0000126456973832,0.9968583339618948,0.9999398243570099,1.0005146617347978,1.0028798805739072
61,2827050000,0.9956420659936939,1.0045625752655272,0.9996198145354201,0.9984466805595703,1.0024490301444884,1.0015274153583071,1.0039578258851056,1.0026445208924097,0.9916623319199277,0.9995786106112718,0.99495285554079,0.992365464919051,0.999323875862309,1.0019980764017282,1.0010893127166938,0.9940993230541205,0.996957569289181,1.0016411429845307,0.9898904564633964,0.9970168802401723,1.0013006967713358,1.0022501660528722,0.9987722279055696,0.9970456591754859,1.0043855445859233,0.9966022174245014,1.000808014647742,0.9968062769829947,1.0016069208165743,1.00205247711227,1.0027625469784036,0.996780747297421,1.0013444683405646,1.001072238281148,1.0003359730231576,1.0015055932556267,1.0008514551867516,0.9987380831575737,0.998946786664978,1.0096536898743182,0.9970941458356745,1.0053492268202435,0.993512902656081,0.9997915576383984,0.9988215646043809,0.998467448145248,0.9912733266826991,0.9975734778578292,0.9957649297792432,0.997848846035717,0.9993951352066391
62,2827325000,1.0004897835009692,1.0061843361030631,1.004076972206787,1.005842099059808,1.0032920403427847,1.0021118898877002,0.9987922908575803,1.0011448390725353,0.9964110007461026,0.9980189144121936,1.0023119780448388,1.001976286887468,1.0034338157195242,0.9988997272325867,1.0039207606503793,0.9967073011946841,1.0017372254913908,1.0063204362334144,1.0019140951705678,1.0029776610489587,1.001423136432738,1.0025124924371196,1.0007950497922748,1.0004520504873058,0.9984370946470059,0.9901006804717675,0.9988751761153275,1.0062500728145447,0.9981423045670893,1.0016495150704414,0.9972775338410056,1.001992228004313,0.9988241514263498,1.0059488128537533,1.0039333762909581,1.0008334831289842,0.9949694148368722,0.9988672893877314,0.9938763601798963,0.9969731359683343,1.0035648581414418,0.9968914946488294,1.0044047233243556,0.994099893564951,1.0000323040425876,1.0016050661309075,0.9977636383969865,1.0061742088347407,0.9978651114390495,1.0029193005422574,1.0022072439682908
63,2827600000,1.002739930554183,1.0009858111191061,0.9975695184192799,1.0038213262479656,1.005071335432001,0.9979202389319712,1.0004228884904285,1.005510081999213,0.9977505057950857,0.9945538880834555,1.0061494265096482,1.0049578031451485,0.9984221718835499,0.9994477416459494,1.0042911812880186,0.9993254988216942,0.9951530308369247,0.9960612235209718,1.0002905748018438,1.0011811795637617,0.996689050716374,0.9985054591771865,0.9960299879593874,0.9954179769344631,1.0005913056558573,1.0046962448006398,0.9938215183955398,0.9994956531046265,0.994683025446508,1.006360992688498,1.0031479601360238,0.9994763343110404,0.9987644082684833,0.9982606379904257,1.003240347138554,0.9962117421399544,1.000279571509432,1.002927395221747,0.9931398900636406,0.9970906530580517,1.0005296567894486,1.002612756695977,0.9947535752549529,0.9962657843123809,1.008026941577722,0.9979070095336282,0.9973793428440485,0.9980613422499927,0.9998819242424183,1.000540048634122,1.0049934872436448
64,2827875000,1.0036715197344848,1.0004304469616039,0.9966142262030834,0.9983091675783945,1.004049203863845,0.9951771722847349,1.0018168172648976,0.994210069058184,0.99143947953351,0.9984771024381547,1.0032516068596975,0.9985172725334452,0.9969844609854934,0.9959735377077851,0.9980985845654453,0.9959709118191951,1.0008785281321066,1.0031386167471497,1.0050439367689672,0.99285068952828,1.0032212817353368,1.0012698185481221,0.9967237624819222,0.9967843709830095,1.0055997748444405,0.9963850373021684,1.0012502232898903,0.996495027495077,0.9991170438370831,0.9989662245593218,0.9993499180284375,0.9964138965291013,1.001575673629605,1.0038381751676515,0.9935420224216176,0.9976547750952625,1.0013712631015212,1.0007493263347695,0.9993507279957717,0.9940869320810756,1.0031690542317935,1.0037282610849179,1.0047819602770305,1.0074490155772053,0.9931428471193514,0.9987157622136751,1.0021549754657055,1.0004917253425771,0.9959483130777178,0.9976530399394217,0.9942713754727529
65,2828150000,0.9970020110600807,1.0116371864026414,0.995044924388126,1.004477833794327,0.9999322625808048,1.0051081981359433,0.9979216646606972,0.9975904394605679,1.0010264770327721,1.006198936625583,0.9997635672586823,0.9988594525094,1.0013697458468573,1.0045704277381364,1.0012152854478016,0.9983871677016318,0.996431533819604,1.0014677947887127,0.9993161183186916,0.994918970418724,0.9983961136288866,1.0016378086539848,0.9995161460949087,1.0024880119454622,1.005901162587789,0.9924427104892998,1.0047013351580734,1.0019735712346456,1.0002365779690867,1.000377160603619,1.0048096860038722,0.9981464547236907,0.9995718776443826,1.0029800089812624,1.0005069899169547,0.994789526000069,0.9938211054187687,0.9939911341405407,1.0024034345092379,0.9958353352813528,0.9978574607944624,0.9981378885745558,1.0036831087876232,1.0006278691021115,1.0025720356693253,1.0003092909892632,0.9987734578739398,0.9971901364028921,0.9951647894176573,0.9985908700683226,1.001151075682522
66,2828425000,0.9981108865960842,1.008363303076354,1.0079419769504738,1.0001100290161908,0.9996879758238637,1.002214093976325,1.0014050714316391,1.0020718630565957,0.9967295794480655,0.9981195597013328,1.0021669668680768,1.002552598550416,1.0034209899779625,1.0003994791594975,1.0032233919850415,0.9959804372070763,1.005404233423901,0.997737549512629,0.998139431077294,1.0007329174003834,0.9987826541578284,1.0063784344162732,0.9996782812333407,0.9914803201801716,0.9972549013546809,0.9982338811529057,0.9916197403261712,0.9998197403103706,0.9930452189484987,0.9994952249165794,1.0024465196319623,0.9992775925636528,0.9994841045812848,0.9977077105569314,1.0039117274279203,1.004593446775998,0.9972917717928331,1.0019977677573833,1.0004496239049818,0.9972465112370718,0.9993376023448415,1.0006223583588112,0.989093315438814,1.0017185516841227,0.9998743729351637,0.9939855722457006,0.9937669870489034,0.9932504811109626,0.9998663374653632,1.00112537613486,1.000200382894302
67,2828700000,0.9922565424334823,1.002703185116127,1.004653583313282,0.9966008186515484,0.999139534216075,0.9971830654807091,0.9992943755351278,1.0010700276986626,0.9985221308201069,1.0025670377746616,1.0003441033180298,0.9991305114084557,1.0005852782405797,0.9978360248987271,1.0015037845458106,0.9998140165953747,1.000542206360166,0.9986158747360785,1.0031189392195847,1.0002250553423788,0.9907956795430509,1.0008832653040145,0.9925709344271185,1.0060980379878532,0.99605236729783,0.9995926803540426,0.9967083880554479,1.0051742490123028,1.0002158240953591,1.0033112993703548,1.0015862359130558,0.9924343372845787,0.9999718424696169,0.9980153309131049,1.0068262782501258,0.997765698031826,0.9980115660345579,1.0031314854324263,1.0035565071589225,1.0017003497322694,0.9962614314773124,0.9952267758288735,1.0013386538316726,0.9963578502534007,0.9938681072899309,0.9987528354320132,1.0052781767188999,1.0003014354248085,0.9963617698612821,0.9982939356839945,1.0016888200241965
68,2828975000,0.997598185405463,1.0079588444985974,1.0063067588371535,1.0051278823908882,0.9973513649624088,1.000045075350579,1.0017480032253845,1.0067078734685335,1.0011195813023734,0.998557901327259,1.007259193733957,1.0030154172604,1.0015654841005899,1.0050368752424887,1.0002328407010403,1.0005888363607738,0.9988738452617635,1.001413627829572,0.9974467954528141,0.996560061338406,0.9956223461412472,0.9929126184860435,1.0056145955067468,1.0031741678197457,1.0010867324385875,0.998603136715249,0.999253585487868,0.995649452160194,0.9991850527905367,0.9964621206852342,0.997640269744364,1.0019385684083275,0.9996890367849292,1.0020931023501858,1.0023594637704247,0.9933824433352872,1.0042015598542184,0.9955365948568069,1.0007220149475395,1.0002638027788582,1.003278882830019,0.9989933324017106,1.000866652159995,0.9982469103896892,0.9991542166635327,1.0035754404102586,0.9967058929171739,0.9950815401443625,0.9981431036906288,1.0044774657700604,0.9998419114652339
69,2829250000,0.9950600591317911,0.9966664782447442,0.9968177556037034,1.0023041069633245,0.9951120836463005,0.998060173159895,1.003926723328881,0.9926873707696735,0.9970683197724008,1.0004698095652726,0.997949773236577,1.001733728119956,0.9939399929370737,0.9994952278891751,0.9977454079441447,0.9953614733732442,0.9976414658675336,0.9941008650687176,1.0006123397768936,1.0021423373506837,1.0056417741369315,1.002027921723097,1.004631054955429,1.0025786636515257,0.9999298551328724,0.9970822189762503,1.0063486815322633,0.9910048558815956,0.9968094996993376,0.9991693895969945,1.0052336108097502,0.998899701652943,0.9977138026125026,0.9981228040956547,0.9998751464039122,0.9974016158112234,0.9958983596776879,0.9958892936196262,1.0110861260493103,1.0012594435349482,1.0096978261210703,0.9945976008710614,0.9951659173221149,0.999571819959137,0.9982920738866411,0.9974024641437151,0.9938064204581956,1.0005840541593447,0.9998173050837308,0.9988492767591143,1.0052411957296385
70,2829525000,1.0039441641005322,1.000063908315383,1.0012204607105109,0.9990271436340278,0.9922808153120206,1.0001373680532981,1.001218636392218,1.0001064382851392,1.0052935851581968,1.0026046236561583,0.9957513890976916,0.9973323726131221,0.9963126698107797,0.9955548246444048,1.0034876062519495,1.000076065446769,0.998815971470799,0.9991622303085486,0.9980145349093124,1.0003799268930886,0.987972632387187,0.9996096029354185,0.9973998966036888,1.0030501962957534,1.0018736189461077,1.0003531831369232,1.000533192690136,0.9939786245348823,0.9920102758831963,1.002034204100299,0.999940255469087,0.9940504603790279,1.0027382570618801,0.9981003826981052,0.9985755038947393,1.0012050100340957,0.9991512068987367,1.0029727518249265,0.9982268018329197,1.0076684983532367,0.9883379120245742,1.0003753543750036,0.9963345131978024,1.00174268926924,0.9940897527300079,1.0066924532685209,1.0048158875386275,1.0063788840536705,1.001509204761091,0.9983678496521866,0.9988665443209183
71,2829800000,1.000292648799679,1.0019966251900048,0.9945739892010647,1.005973189470766,1.0007946132524503,1.0012396544017905,1.0052790828205234,1.0030155269985352,0.9992095811338113,0.99741062624557,0.9999166972161581,1.0006989124540193,0.9990883478474845,0.994383134298242,1.003672862869144,0.9993645533339606,1.0030641389617956,1.000634282423035,1.0029648426058806,1.0032549062022853,1.0028825773887102,1.0079092471391466,1.0016906636702239,0.9962577169697229,0.9965530890282323,0.9971165280330333,0.9961784956932183,0.995320899258039,1.0029587039983223,1.0013638653950856,0.9997123653834527,0.9948817369473572,0.9935013319247651,0.9969536198103193,0.9931815838329086,0.9991456957607112,0.9968900414452047,1.0041514111100538,0.9926885831014242,1.0005163193465096,1.0011780394876006,1.0004974438249756,1.0062166943839828,0.9953205203478463,0.9997498892269627,0.9983264946265645,0.9999796644841858,1.0054365501555393,0.991193725804793,0.9958692429589212,0.9984730714772927
72,2830075000,1.0012778698378535,1.0002932341827453,0.9973896886866561,0.9992313260953369,0.9993210309064993,1.0044576286811697,0.9946465032877606,0.9987162051078302,1.0012405435861844,0.9998675225971518,1.0071843001434913,1.0054155174815629,0.9980522019301336,0.9912464954829988,1.001146876780308,0.9971422776585934,0.9894940904718095,1.0042220964099673,0.9987672795658753,0.9961982156986695,0.9971865596646396,0.9985022847325721,0.9991042905426087,1.0062835758415234,1.0008444480910679,1.0005811911072835,1.0002898706025662,1.0008698150065851,0.9987783569864563,1.0016270721244875,1.0055055757758549,1.0005560898388055,0.9972612170402013,0.9970505097913165,0.9901657406575761,1.002930732876151,1.0017142463966926,0.9987497875852692,1.0012635137330324,0.9998900324578598,1.0014925033637376,0.999690558020406,0.9998913611187837,0.9937781277721609,0.9994658518707047,0.9952910348788613,1.0012383297775767,1.0004540001545528,1.0043374392653512,0.99796222059668,1.0029648190093985
73,2830350000,1.0019797155104948,1.0049513918624802,0.9954632941009227,0.9994648443594379,0.9997573684773248,0.9990113628180068,0.9965951166650898,1.0012066686534493,0.9909844647024485,0.9980868658786611,0.9948739021673333,0.9983087831479822,0.9936973735634428,1.0049105889044179,0.9988521339623452,0.9999999923123858,1.0047067057682701,0.9963401532142726,1.0056418965583618,0.9915699116573548,1.0028019770098702,0.9940591412058313,0.9973341485773851,0.9957053730117841,0.9969511450741054,1.0031369231373763,0.9983794105180921,0.9945728752595128,1.0018347895389308,0.9959268987434192,0.9957835044738174,0.998168614973231,0.9970044050421238,1.0031596198950472,1.0016645168215113,0.9972700026645511,0.999929832285021,0.9979612456229892,1.0049390641947644,0.9946100388462215,0.9975661014169368,0.9984126464800717,1.00522006393788,0.9958329570020533,0.9954332031439362,0.9996207295066653,1.0062136689576364,1.0060393898867315,1.0026755004522805,0.9963353677978923,0.9947098543449293
74,2830625000,1.000356746823272,0.994038720511606,1.0007773295896647,1.0010525102910324,1.0004719767015562,1.0062634327188682,0.995831534958986,0.999321594274461,0.9980133056917695,1.000398429890416,1.0017273318942153,0.9994635610781801,1.0011745556496128,1.0008200739172597,0.9978260164833889,0.9935253052521242,0.9938181586082527,0.9934059309037071,1.0055497172657337,1.0000986874133966,0.9984892253373369,1.003902278306037,0.9956667665083662,0.9949659069185212,1.0079837049527076,1.0044765711915267,0.9946748055539438,1.00434981846121,0.9974833699927204,0.9954482003370748,1.0066150396558455,1.0020088612516158,1.0039317238334171,1.0023326159541963,0.9984565395748152,0.9983670022550969,1.0001575007403911,1.0017776548495052,0.9975357815701593,0.9969394631489721,0.9963810548009197,1.0008008449862185,0.9962746043926147,0.992914358871756,0.9970225536147067,0.996986860949935,0.9982744453752219,0.9957346236169478,1.001634721822477,0.9945433702134909,1.005892883319417
75,2830900000,1.0024715212217439,1.005024700451901,1.002718288437343,0.993319452942314,0.9936634816065901,0.9933708662868637,1.0059080711220698,0.998435004056043,1.0047009761796015,1.0033174041907078,1.0009029850562103,0.9993345200871278,1.0052531761086096,0.996975900098564,1.004403014974147,0.9969880727416534,1.004065126897536,0.9989339524976035,0.9970654813409805,0.9998253662668241,1.0028423096726067,0.9984785309073996,0.9920726609158511,0.9999206282066627,1.0012055240155482,0.9944324510208556,0.9992655110032747,0.9963947554793271,1.0037713631561862,0.9980370475681077,1.0080574282119454,1.0029561567899494,1.0012507625716978,0.9999738448783971,1.0040731261886693,1.0023773080507299,1.002473229621881,1.0007525349492106,1.0002168540212033,1.0012339347660522,0.9986386753785532,1.00139068303471,1.0002246446332124,0.9933216955129021,1.0016779557461073,0.9979549169790696,0.9991038403743141,1.0020973934504038,1.0022577876830383,1.0031954923624364,0.9966559015655758
76,2831175000,1.0035792453081496,0.9965053726743006,1.0032607289964286,0.9968585728147324,0.9933832596565656,1.0047101800163127,0.9973150863324868,1.0056138202148925,1.0041652546846935,0.9941170261813915,1.0020531787370601,1.005160069801172,1.002429056054704,0.9948385126060401,1.0009580696462224,0.9974905013654625,0.9948659280619756,1.0004984392152034,1.000657788454375,0.9963806213298007,0.9980243144312345,1.0010047198157406,0.997987300852982,1.0023939244015347,0.9990746454351634,0.9999293150612537,1.0083680608312589,1.0006132623313766,0.9998074369887057,1.007601750304891,1.0024051757647112,1.0011929195781846,1.00156997961454,1.007955238014055,0.9968909137186941,0.9953660050048203,0.9960472776351381,0.9931022553658986,1.0008858994401153,0.9977970605679481,0.9964825384852134,0.9979979700937964,0.9955270674903486,1.0034057846417743,0.9980936387315077,0.9894748241147151,0.9983432474456047,1.007002443994025,1.0016867370306255,1.0052594009497315,1.0035976236286075
77,2831450000,0.9959767369450188,0.9986899634694054,0.9996839498916449,1.0013676832334863,1.00043945448341,0.9953996913086279,1.0026275118443535,1.0016732161785014,1.0006366251775118,1.005310271360265,1.0051586010205553,0.9980685547408601,1.0004923648436386,0.9881279066181506,0.9961200809150368,0.9991948868666728,1.0099673650674883,1.0021608015408046,0.9965358774990265,1.0010980577834616,0.9969671084927164,1.0043987733182462,0.9981626808416479,0.9965631475777329,0.9964555682700709,0.9952155905236153,1.0035348450339507,1.0015293530587759,1.0005296887188118,0.9971777770668846,1.001773728295252,1.0002656165272394,1.0009375523285535,0.9987549243119602,0.9967999613318906,0.9925623152995965,0.992480767306129,0.9945842298031607,1.0018632829488772,0.991394721037924,0.996582220997564,1.00031896449779,1.0022557568920196,0.9964514674400793,0.9977933087085642,1.0054742655740008,0.9962501217875586,1.003699079974561,0.9960632164369408,1.0043268435860466,0.9978670297093563
78,2831725000,1.0012573865344232,0.9991336159521492,1.0063069167846999,0.9985485625251322,1.00167071195523,1.0029295462562746,1.0014579820278937,1.001546530147628,1.0023617801484614,0.996977566641099,0.9940492757898203,1.0028976049825193,0.9998152443781435,1.000803812354404,1.0016343040456057,0.9988282905418405,1.0020816117480327,0.9995077026782282,1.0009513439123043,1.0034441057334973,0.998730232328548,0.9965925806662506,0.9919303161273855,1.0023997736569763,1.0025135594008965,0.9956612658950402,1.001479119372296,0.9970864073835718,1.0021436748333254,1.0013002300755325,0.9996072658052784,0.9997989053473798,0.9940416007519233,1.0075386422932167,1.0039608676958638,1.0000123802846388,1.006232158007251,0.9903619748370494,0.9912707815119771,0.9966064646631247,1.0033343397114043,1.0039082619306965,1.0010996407744464,1.0050517874120088,0.9998934443816224,0.9995206917974325,1.0010370612801012,1.0059768488272833,0.9958545500482601,0.9968786079911636,0.9967044826514606
79,2832000000,1.0020717864204438,0.9986944785057905,0.991731773834456,0.9931233195448077,1.0008928560939552,0.9959270612299662,0.9999968597006145,1.000941437859672,0.9995856239137471,0.9993730940587555,1.0028496268993996,0.9998888137909407,1.0013506501210492,1.0046997234634474,0.9980007499369217,0.99898976138989,1.0048761169070681,1.0005996919196551,1.00263072405622,1.0025975952232953,0.997564076136482,0.9984296955598199,0.9993370200369943,1.0040681499415205,0.99715487789998,1.0005257512671224,0.9974119170858152,1.002006703596212,0.9971861960175216,1.002483238875229,0.998693983226479,1.008939314667065,1.0072656725546085,1.0075408018146326,0.9963573083501744,1.000569643775961,1.002781397667883,0.9992111553205748,1.0034821866546495,0.997535819832899,1.0022711731841356,1.0031827645253049,1.002503974886271,1.0060833269565828,1.0076642813228398,0.9950610356072892,0.99967122018728,1.0026602259925659,1.0002614701560253,0.999425457904326,1.0018951120126813
80,2832275000,0.9988892045322059,1.00099435786322,1.0105811945266805,0.9912627665922185,1.001862626828163,1.0025421745256888,0.994358540303988,0.9978952247330423,1.0016094639195383,0.9961276373313132,1.0046889982333986,0.9981516200034533,0.9921311939063615,0.9998765482860801,0.9967020400644699,1.0006306815250938,0.9956914315853959,0.999077255969423,0.9996676790913263,0.9980850740984737,1.0012089246454392,0.9924887020768663,0.9933102492887206,0.9995652136392046,0.9942770123722948,0.9989594462573801,0.9959958052825993,0.9967374326134231,0.9983513307078056,1.0032921169717193,0.9987990234782381,1.0006889506801415,0.9908728306088459,1.0010950709926432,0.9953505763067254,0.9948027635549729,1.0024860310708028,1.003854607794342,1.0030318418630302,1.0038293831882756,0.9980820039293675,0.9966197037131488,0.9996242770423999,0.9943836618059458,0.9982336364052141,0.9991268881284211,1.0034656677157454,1.0018498319151699,1.006715863206976,1.0006012959109498,0.9928097908547464
81,2832550000,1.0047236620480622,1.0019597399870093,0.9987359356519316,1.0013852606194418,1.003961552574006,0.9969903748733806,1.0070263767457535,1.000902157322799,0.9986379679354478,1.0017123342759802,0.9998123227285165,0.9944393115448934,0.9996520121398093,1.0072752781829533,0.9958108612591128,0.994746531209482,0.9940422900574418,1.0050564734898548,0.9960559536798905,1.001967371123831,0.997045741549938,0.998154616315667,0.9992588996987419,0.9964787762361935,1.0017914112539559,0.9998134481826508,0.9930614015760427,1.0026177139118166,0.9942785655021058,0.995659577950899,0.9974123194946595,1.0004939429778485,1.0039182381449938,0.9985691949983508,1.0022857775096332,1.0049896435213854,0.9960270967954037,1.0048307914036432,1.0008399333704099,1.001798368804774,0.9963477294681155,1.0068089377815763,0.999980035940109,0.9993300264294033,0.9992765105731208,1.0045520550924303,0.9958146757662216,1.0025457100446717,0.9996034636669511,1.0064820822079497,1.0048292582730605
82,2832825000,0.9980798643710467,0.9953752339193576,1.0012037960117035,0.9988626494036712,1.0046116397479183,1.0017204472813188,1.0034690479207924,0.9988548032511775,0.9913316082149789,1.00438809821925,0.995634389260353,1.0008029613240128,0.9960027983358059,1.0019626129640105,1.003198541981181,1.0013476270200143,0.9982177341957432,0.9972161479366554,0.9994192579443905,1.001106161720484,1.0032976010462926,1.0006755310351436,1.0056718040282562,1.005708753067552,1.0008353206605802,0.994654757378154,0.9974177553925182,1.004327951671904,1.0040847675423012,0.9978051358074193,0.9954847245686104,1.004833170592922,0.9970849911201752,1.0035055255002066,1.002298105487361,0.9988837715930041,0.9975663536080368,1.0059925559526846,0.9940417850129079,0.9930634948936596,0.9974726171524401,0.9967155766501534,0.9973275246619492,0.9992999530514117,0.9988639536922154,1.002214739042449,0.9958567687601201,1.0027428131424023,1.0001076652085414,1.0001668793733762,0.9989303262391955
83,2833100000,0.9997797408026521,1.0039419092411008,0.9991586231592186,1.003845952558512,1.0014590116388167,1.0009220661904799,0.9949448815184632,1.0012675974541239,0.9998360170271164,0.9932933034679656,1.0033017331382168,0.9986727422472429,0.9924226242540279,0.9989486742525345,0.999955427141282,1.0029721225343957,0.9976995359608531,0.99614672792922,1.0008214754298772,1.002276777945925,0.9979620898547429,0.9942912042360048,1.0024696149821677,0.993559356516848,0.9942412915156427,1.0031895578650054,1.0008782134023428,0.9968447447814536,0.9975430952671431,1.0000889822391066,1.0021497736383687,1.0060788489455224,1.0001727243412135,0.9971040868955343,0.9985616231722537,1.0032516829657685,1.0019406517105833,1.0011994616850266,1.0002724702056023,1.0013046051639345,0.9998994466394847,0.9919486810827732,1.0013818087676214,1.0036105618286857,0.9993358687188636,0.9985089554547408,0.9990625794986759,0.9959466761911846,1.0031013645919282,0.9995909616697725,0.9987786465979546
84,2833375000,1.002389943402284,0.995663530622586,1.0011362734722684,0.9938489272900358,1.004862779840981,0.9967901502785528,0.9989623419071499,1.000467443826247,1.0017147577985128,1.0023838441325439,1.0000852241155453,1.0037451760154625,0.9961045752993117,1.0078879871984028,0.9960551479038817,1.0006397265754319,0.9942606420308701,0.9970693257555017,0.9971863319653543,1.0010171295478496,0.9965350139590162,1.0020832103874564,0.993866115092187,1.0051876301159524,1.000849586032607,0.9945946166885832,0.9959400543089555,0.9967546203506988,0.9990147623690716,1.000414379798813,0.9990598995726118,0.9992136956224369,1.0018476355605677,0.9964325726221862,0.9965180236451003,0.9984241505133217,0.9957865728015481,1.0003265529366343,0.9938605249799028,0.9986638715810969,1.0051575494768772,0.9930510634779088,0.9992203683302154,0.998653900883755,0.9917437798883746,0.995095531511364,0.9975114103766884,0.9954849912104202,1.0030142570323268,0.9892506271324767,0.9987387096512127
85,2833650000,0.9966811946088805,1.0000747491221167,0.9972223018198768,0.9939347607764064,0.997462682090726,1.0002986082668308,0.9939145208821509,1.0010677194249733,1.0028120700400596,1.0003501296962325,1.0011588507868352,1.002574562196123,0.9981038407378278,0.9933088740668385,1.0013889331194707,0.9974108475860185,0.996043243905129,0.9904884201425513,0.9942541873906484,0.9967899985845329,1.0033587689204488,0.9978165110748581,1.0021169798155056,1.0024441020989994,1.0037743675104103,1.0034429303108192,1.0030567592113226,1.0062527178130576,0.9999630482281491,0.9992250111235919,0.9985115399831549,0.9959944775490363,0.9993844349997175,1.0010368125050557,0.9987409505847401,1.0020537485200072,1.0010692752634789,0.9972820966245579,1.0052656725739135,1.0062360460548807,1.0068482861748491,0.9971472115085774,1.0062972309340243,0.9910725735739454,0.9975887995618165,0.9975071372470449,1.002889019381741,1.0023218236488622,0.995651555406397,0.9985101430615372,1.000669457786808
86,2833925000,0.9958262458252968,1.003397184871292,0.9951205534602938,0.9900673778440431,1.0001100236882021,0.9954792359125646,0.9974641179991075,0.9922685584375514,0.9967770056212392,1.0002439387678153,1.000875671347137,0.996669495011315,0.9963156153576309,1.0000432585989318,1.0006449963198831,1.0046178409209137,1.0022578249983818,0.9989337281116935,0.9988918309989852,0.9958581304009057,1.0004285685738128,1.0023489422171132,0.9994200115706315,0.999980192442888,1.0026287863721755,0.9927561256012741,0.9967900587739125,0.9968979691711366,0.9907720024463311,0.9996443749725163,0.9927278536786643,1.0061440292408301,1.0065220777297066,0.9938711933783689,1.0062329928662581,0.9969625828454562,0.9911141868539757,1.0011973026654855,0.9939593056036184,0.9988498358680723,0.9975097471744002,0.9971786706791033,1.002290211411041,0.9998820935866582,1.0000287307794782,1.0002676068111396,1.0047445126183447,1.0045477240116318,1.000743838780992,0.9996726869493039,1.0010466160655356
87,2834200000,1.0038751456646389,1.0048057920191171,1.002428875428205,1.0038282972758907,1.0008328067646912,1.0001747465497195,0.9959376107536358,0.995395110416646,1.005348066607518,0.9940655644751284,0.9954050162775218,0.999699811231864,0.9992086238317426,0.9941853800244317,0.9991555198635453,1.001852513236516,0.9947846999271741,0.9996722266417205,0.9983473374164814,0.9968691221920849,1.0001507029023151,1.0055063343583812,0.9998027782924324,1.0005287709496906,0.999861558854993,1.0039036080432668,1.0022743097237,0.9991940658449877,0.9974810136634706,0.9983819554472511,0.9889231601117111,1.0048088639301076,1.0027715515248854,0.9991832119548356,0.9923140071466618,1.0041673501738888,0.9951527439622896,0.998884688120501,0.9980239280082592,1.0004808831276657,1.0091938028203364,0.9997534172176967,1.000976395663645,1.0096447732625002,1.0020640643596854,0.9981966751855255,0.9956908933993203,0.9992370951120604,1.0003463641648254,1.014488579428612,0.9999300941479353
88,2834475000,0.995656355339823,0.9969363154131154,0.9955069529180238,1.0011986796874166,0.9989629386554659,0.997805597838934,1.0009842598613763,0.9982434872389774,1.0004028429193743,0.9950637491948503,0.9914779055849318,1.0017110938185902,1.003946707443013,0.9987681416695011,1.0020886087118026,0.9988093070114981,0.9986023041950257,0.9912751952840073,1.0047911597368586,1.0036654322416272,1.0010169973070135,1.004861021044327,1.00599611811045,1.002908297369831,0.997500569128255,1.000900039364571,1.0018091773035345,1.000842861260365,1.002435767652838,1.000837794211417,0.9997976889341292,0.9958818778381818,1.0018261739276242,0.9964378161350409,0.9924667175374556,0.9978348044090624,0.9965890053447651,1.005225722445926,0.9983563746338173,1.0056685228372213,1.0019956220492745,0.9993369808123677,1.0000747350542505,1.0002902591314191,0.9994633919670811,1.0011712750582014,0.9990580628487982,1.0000908385043126,1.0000150348207915,0.9997814697341209,0.9953611474478563
89,2834750000,1.0025379524004552,1.0044701228870991,0.999850980995598,0.9938815020892814,0.998047394152834,1.0034563390283155,0.9940880939170849,0.9980759128116595,1.0007164395687396,0.9956141443102287,0.9986774871559496,1.0005441704267897,1.0047927467272173,0.9918696665266603,1.0003205213110815,0.9951887376552213,0.9995371275249468,0.9982013363618941,0.9972351658072056,1.0008405303223598,0.9970582049966268,0.9966553519702743,0.9951729393033563,1.003899351783899,0.9983936749198906,0.9979218712970436,0.9936784191103081,1.0007710703882515,0.9999936261660752,1.002479836425669,0.9992342480196282,0.9968233381132768,1.0037674460944397,1.0064183810725675,0.9959119656146617,0.9940827738319599,0.9961050731204534,0.9938375651466609,0.9998217475812762,0.9971557080839383,0.9948928679450448,1.0031341025674938,1.0000596386354597,0.9941174022289241,1.0056288536147782,0.9986917074070726,0.9994350380035807,0.9999253171068241,0.9923464357332514,1.0012444972316397,1.0028701387986052
90,2835025000,0.9986020657614875,0.9979556158242041,1.0001594601730937,1.0027870961841912,1.0015852217406056,1.0010524037285504,0.9947795286794271,0.9900161606982418,0.9973293095462527,1.0052587997795395,1.0041102109392455,1.0014784864758386,0.9974286285870329,1.006285889024638,1.001848642897949,1.0021295817087474,0.9981040896821174,0.9974139503993771,0.9982031399460891,0.9987699951632877,0.9958084831189411,1.0002400958571849,1.0030628505431192,1.002281096965513,1.0012615039246566,0.9954937106785344,1.0033232869801392,0.9891143279116811,0.9925934081385188,0.9972157472739337,1.0023896961769514,1.0038298714928653,0.995631834326644,1.006911294292932,0.9998151165265288,1.0005851145090492,1.001361812638608,0.9986922103381811,0.994516003411721,0.9941493927046554,0.9973562790641104,0.9987751753153887,1.0067611583829583,0.9993572091436491,1.0047205197097753,0.9991855441729404,1.003119977068781,1.0051189110192653,1.005406145093652,0.9999366462243404,0.9996228565214349
91,2835300000,1.0011024467372902,1.0006057399330837,0.9984114525106973,0.995793627114821,0.9972337137443106,1.0010175234226404,0.9948127340017517,0.9957362253365942,1.0009001497631598,0.9923985126393754,0.999901617728292,1.0063156255615742,0.9969757396921891,1.0015590491345083,1.0004900228535876,0.9987712195851772,0.9994437750603111,1.0008159618848746,0.9991315536733492,0.9992420682089711,0.9980592868155664,0.9962389342221837,1.0004989417996755,1.0039899637365335,0.9986694680798316,1.0042264204412257,0.9982857636201642,0.9984831784030598,0.9978860649441714,0.9954860529799217,1.0007403552784675,1.0019276555928378,0.9988423851567652,1.0063138603825574,1.0012528945829453,0.9998682268071052,0.9987002810058505,0.992917418425153,0.9998889721064269,1.0034355919822129,0.9991537703236215,0.9960946827700511,1.0030287492463377,0.9967748622791474,1.0031165563945315,0.9947362183168288,0.9924331422111892,1.0012737687782078,0.9944069867386336,1.0001311714363041,0.9954094076274678
92,2835575000,0.9952245544402916,1.0005423986916,0.9966044231489932,0.9911155873376062,0.9948940884829099,0.9956618087642407,0.9968267917959871,0.9976774556594533,1.0012003477874165,0.9922758668917796,0.9944127614593392,0.9991267573954704,0.9999439131208159,0.9985520950743536,1.0032112806121796,1.002442933637259,1.0011622222240428,0.9961033656089741,0.9992884656569274,0.9991273955425463,1.0030460419473977,0.9952915888059743,0.997211978040094,0.9996230189991796,0.9971295600722989,1.0014309398694092,0.9961480295910474,1.0015939729509682,0.9927551707133736,1.002627441767984,0.9925549153642225,0.9981839519274627,1.000620357611205,0.9982907352653038,0.9967120327568955,1.0040300163960962,0.9941209218813317,0.9982305947113914,0.9996853461993428,1.0024562414746545,1.001231603408931,0.9973435198871596,0.9991814557403698,0.9988042401121912,0.997832006149738,1.0012771648103216,0.9964023245915417,1.001510213173914,1.0023291773067244,0.9994044451639006,0.9984388367354055
93,2835850000,0.9943816000046946,1.0004308945539298,0.9903993769276286,0.9951625301596314,1.008562079115357,0.9960856926808535,1.0069064721392855,0.994865905563309,0.9971573413029817,0.9936354793401306,1.0023850637900242,0.9986662938809329,0.9905371286991811,1.0033571731917277,0.996460516968257,0.995733097019213,0.9963051479990795,0.9967707185676572,0.9995202185817305,0.9973705467312919,0.9954700925910719,0.998317043028873,0.9939012823788744,1.006324803108772,1.0002195166958425,0.9979538342050661,1.001649198795193,0.9972645338910855,0.9990403516032929,0.9986131152604979,1.0030116470770125,0.991748159749998,1.0053908581177768,0.9978129055444682,1.0079510782891645,1.003128049442115,0.9884173752587314,0.9991290328026305,0.9971939784753654,1.0016136071597534,1.0016896671396263,0.997114482903343,0.9996349803947078,0.9967450163942371,1.0057410639504536,1.007052564484969,1.0025885992559023,0.994847482354402,0.998674587283855,0.9924416048271418,0.9995276602975622
94,2836125000,0.9969226805638085,0.9998765617924402,1.009389692687327,1.003061950584757,0.9952974352415744,1.0012474689636859,0.9970165056272101,1.0034746265237697,1.00378320850688,1.0034602817196063,0.9980623974098098,1.008089604230711,1.00148668420638,0.9944865631183148,0.9987456720171162,0.9995984558938598,1.0004252398444393,1.0006755694082534,1.0019305363442157,1.0001814593855518,1.002278907483001,0.999162931036109,0.997959369961683,1.0052075039011532,0.9910321380662684,0.9942003081297761,1.0022672217494455,0.9995288897602039,0.9897452702953157,1.003159351372119,1.0039689576541106,0.9955953653714781,0.993112330701909,0.9966942919994044,0.9942639278301286,0.992974083263537,0.9966376345192005,0.99515979573813,1.000546398354619,1.0003947672579152,0.9964700230380864,1.0006672046248495,0.9997798472968253,0.9995881305526756,0.9945889354692331,1.001428042654683,1.0058469555669183,1.0005611102942473,0.9941507561291613,1.0024921622255158,0.9962117528112342
95,2836400000,1.0088195601736276,1.001311125797337,0.9972960736326433,0.9984456808191084,0.9976952753868285,0.9940693454605636,1.0034155280138384,0.9991239905560478,1.0032665021194258,0.9996739727157058,0.9905210506277103,0.9951711293529952,0.9991828946268612,0.9970616085098752,0.9959155225137432,1.0052592090223156,1.002516844755125,1.000085239637226,1.0088855014783764,1.0032519452512905,1.0028215911046086,0.9952395533444321,0.9990852468174851,0.9982098926589691,1.0027908035635096,1.0017143924910632,0.995689553939701,0.9978227862795963,1.0029305376750064,1.0018055366640852,0.9966452784984886,0.9984717035874253,1.002714917199286,1.0011765876018714,1.0006534412235357,1.0042856987340034,0.998675408558953,0.993037181802835,0.9912899294596331,0.9985542608587826,0.9985445364756397,0.9979596304145671,0.9981347391282288,0.997595297945515,1.0007954342099459,1.0049962582735605,0.9975457811480862,1.000351719039712,0.9992910416889894,0.9922982898311796,0.9982009424358066
96,2836675000,1.0015198903140465,0.999037843436081,1.0017926726993207,0.9974461688605675,0.9976980758276631,0.9954663820260643,1.0018331528286408,1.0032397944672615,0.9992157939902817,0.9958089611433556,1.0006989208526795,1.004555047480155,1.0104503935162514,0.9996852172544657,0.998255907099505,0.995476925504496,0.99453274844782,0.9950955098291269,0.9987394638147022,0.9976233569976649,1.0036947889440309,0.9970569812719107,0.9931708653155619,1.0015315093178936,0.996046509408196,1.001701559575553,0.9974926458837949,0.9902402758784148,0.9978553896044017,0.9999888414550108,1.0051559360002773,0.9972325295742039,1.003771808235853,1.0070304494706126,1.0006186636608354,1.0021216691152,0.9975049665454918,0.999259209006855,0.9968064381475599,0.9973501803455697,0.9969622085755269,0.999974744396723,1.0011970187447765,1.0065089393253785,1.0063061204159152,1.0040822987288902,1.002911639375774,0.9983535301430766,0.9985638044402136,0.9932333333008003,1.0020349779604711
97,2836950000,1.0030841155820163,0.9976747333657134,0.9985970198595522,0.9983190375865317,0.9976599293392496,1.0067150654247055,0.9965452889031827,0.9979922892739892,0.9920187272288602,0.9980839740537815,1.0020725383971805,0.997131208780851,1.0017525066274768,1.0086999839752127,1.0015860761181796,0.995245725115356,1.0054649277979388,0.9935946016726831,0.9886600104522165,0.9961354440749005,1.0038211942418989,0.9937635970988887,1.0004551293753234,1.000486201806756,1.001190170072595,0.9945740913492632,1.000178721254204,0.9967739498797487,1.0035491746605343,1.0009432105518916,1.003100601357383,1.001959812226937,0.9914673987324093,0.9972612543418864,0.9969105677914679,1.0029157576068484,0.9992058916395882,0.9946506177934198,0.9949097552076359,1.0040129291603186,0.9952772523236056,0.9939903587322426,0.995837617559719,0.9995177390819094,1.0016110000302163,1.0036450222379645,0.9993396568013319,1.0021120032648683,1.0052192776849485,1.001086927063145,0.9975754151477465
98,2837225000,1.000582772316366,1.0001867038599703,0.996576082556279,1.0019898017554942,0.997800215404076,0.9979757502873322,1.0047273150873746,0.9993309546609664,1.0071296190623253,0.9980045677205022,0.9993365653939548,1.0013911064591392,0.9941618576211674,0.9947999525325737,0.9952759181794787,1.0015624930794862,1.0006776800325357,0.9994756282845855,0.9908845846105321,1.0017109281783638,1.0034076024779672,1.001526796080457,0.9984978050799963,1.001953234362857,1.003811959691317,0.9942678596134658,1.007713536964954,0.9976117000406323,0.9957953039960454,1.0013745644615308,1.0042839030780917,1.005681899414528,0.9998735112033178,1.0044402512281705,0.9956341705543044,0.9947171135880514,0.9994825463957093,0.9994170142010029,0.9975126343992825,0.9949174055520246,1.0010616223292264,0.9983541207624821,0.9976950890755067,0.9917630632292208,0.9946471280908619,0.9988933774837452,0.999308745169596,0.9940267460904406,1.009353058022195,0.9984398658009875,1.001091607211363
99,2837500000,0.9987391230285445,1.0018809551298076,0.9983571106018765,1.0068764864576734,0.9985684564891557,0.9959375864766675,0.999507827401229,0.9976471693640538,0.9997670214240806,0.9982474560480683,0.9982621854948458,1.0048372598509776,0.993895380616453,0.9972470939426784,0.9996984649983339,1.000842447702177,1.0016932690741929,0.9976868837606767,1.0002954796662267,0.9994602644179948,0.9988750802362896,0.9941888819307237,0.9971035322078715,0.995860677696166,0.999834625172591,0.9936662690364002,0.9991015338261948,0.9963122078175884,1.0072015108344652,0.9929258484163549,0.9992412217094038,0.9919351520283894,1.0050356325211338,0.9970080582712391,0.9973084302120017,0.9983575660267993,0.9929890527436118,0.9936763292472947,1.0049938690914815,1.0038304736939934,0.9975353713351682,1.0060839860670983,1.0045034402531892,0.9955311249809082,1.0000298003850572,1.0003268981848443,1.0035750910980907,1.005253861854362,1.0054847270390292,1.0022249018227634,0.9934118771328724
100,2837775000,0.99422544498931,1.0063498271379945,1.0041818668956526,1.0022221220034235,1.0023599349972754,0.990054676255473,1.0033734155870102,1.0044795174928167,0.9992960390766285,1.0024002605420037,1.001608114452074,0.999247870384942,0.9970283066695061,0.9984165439662053,0.9990578971640183,0.9957732495949663,1.0015261042326726,1.0006458504285334,0.9944795973058653,0.9981366798210962,0.9974629843136641,0.999043311805407,0.9971727788482537,0.9950943995943498,0.9994646725495661,1.000655465140322,0.9992620014140156,0.9991615191712753,0.9964733317007959,0.9948458790685017,0.9981185457724272,0.9968091743998208,0.9978922926342442,0.9973481653763953,0.9973145159430814,1.0031676095865958,1.004294402957699,0.9992564462339243,1.00224843361873,1.0022253476169523,0.996202376455102,0.9978297960481208,0.9969459792725252,0.9920912565224678,1.0030286992680137,0.9962301461780494,1.0012253469813162,0.9954736175900715,1.0002462068062279,1.0064528768310543,0.9951030000230241
101,2838050000,0.9947519569089713,0.9930619234242595,0.9889272351785792,0.9933296973675918,0.9975510016429101,1.0041093872311475,1.0060689501152806,0.9927248458968568,0.9946211654300307,1.000083663793936,0.9996702710828962,0.9998835843195483,0.9954512343896302,0.9970461523320278,1.001895347092631,0.998485151323418,1.0029732017940511,0.9949334159684491,1.004709855341918,0.9976313339290533,1.0053393386514649,0.9998657963214691,1.0031686438470706,1.0001396040723698,0.9991536821231041,0.9991021745335879,1.005493683593349,0.9924992270966131,0.9965708506105717,0.9975978666086176,0.9961759266059085,1.0061574204617232,0.9941187163741942,0.994291342819584,0.9966353491996691,1.0005214906602344,0.9968039295522549,0.994085200165953,1.0029642010643185,0.9959011771475513,0.9977821836764496,1.0022842564033752,1.0009333681587715,0.998563211948944,0.9953688295339272,1.0096918201944638,0.9932839569639628,1.0013336953432046,1.001503552439103,1.0022871408902383,1.0047068897755742
102,2838325000,1.0018457130884988,0.9978955718585177,1.0014339146667088,0.9950861988648596,0.9897419866529773,0.9945988135243525,0.9995585897020813,0.9963921424293252,0.9963663077135458,0.9935435836001641,1.0004586723538738,1.0030114380955926,0.9879311953825024,0.9985756036777491,1.0009298135380527,0.9974087897770904,0.9985029845546936,1.002611067420479,1.0048256496330934,1.0026135022348728,1.0062592612510655,0.9985928908461347,1.0051383328581853,0.9981636370549011,1.003001099898732,0.9977385109338373,0.9996652961901168,0.9951870670968646,1.001155538076467,0.9984054134995046,0.9967601639224848,1.0010182828493175,0.9986910232069565,0.9983610193452437,0.9936660165700757,0.9944425056862313,1.0052516328811623,0.9945594211761937,1.0001223027805406,1.0047824774563352,1.0008611680888344,1.0003694256893276,0.999496057724106,0.9964234920995406,0.9966430478579377,1.000918286555871,0.9997410634690399,0.9973940547550759,0.9998704663732557,1.0063604817946838,1.0038099189712077
103,2838600000,1.0016782392801526,1.003695267596564,1.0020554303340177,1.0115879473194336,1.0050257288405466,1.0034583499652405,1.0034033116384447,1.0048826167256892,1.0022167691987707,1.0043772983811643,1.0011583307103507,0.9984373398628126,0.9938610722743149,0.9975876429431036,1.0011162846967054,1.0011780607935934,0.9981250739345336,0.9915024816917731,0.9990300425107094,1.0044964772825713,1.0027714337260067,0.9920801254014232,0.996632190048262,1.0010892070374242,1.0040054086680086,1.004431342803524,1.0048498297334032,1.0035639718092801,1.0012819529267718,1.0078638368094008,0.9924832142926121,0.991163520526885,0.9971334104183361,0.9998376003143135,0.9988145359037964,0.999229397097245,0.9938492315942203,0.9969310531524012,0.9966050040723491,0.9988212994095945,0.9973899015561672,1.0047328900557886,1.0009443961241224,0.9994266889658778,1.0030935034524031,0.9964999552418421,1.0002790663235281,1.0007184418290758,1.0003451023052474,1.0061709703461514,1.0032479585167
104,2838875000,1.0014892252916205,0.9967833927977772,0.9963716853082407,0.997977398482935,0.9991979652972616,0.9981007472786284,0.9938076402596465,0.9988145567944822,1.0033593006627795,0.9979289078783447,1.0038208339890644,1.0007353091173692,0.9946398855381364,1.0054768538168672,1.0011677187591144,1.0044807974949295,0.9967585088640755,0.9982004235490799,1.0040784317093878,1.0002058886183736,0.9960660550701835,0.9976054793427535,0.9963870295061397,1.0008971248848848,0.9956702109378266,0.9957290956634527,0.9963496707350757,1.0033249828757675,0.9992569452425287,0.992131370958008,0.9956482073329129,1.0003545854471225,0.9972382778864409,0.9981247334353133,0.9976557797259704,0.9941376174039223,1.0008762698338989,1.0019006588578288,0.9956987008110413,0.9982788617276652,0.9886022279590498,0.9999625369918215,1.0002174228535634,0.9973293911072314,1.0030172241661548,0.9975619570056647,1.0027469136711513,0.996170126750494,1.0022653476551115,1.0007283185480553,1.0023252329745092
105,2839150000,0.9927039419619597,0.9936997310738921,1.0025665434560256,0.9979557114807649,1.0003276942804131,1.005296759909693,1.004053471303313,1.0029989915868212,0.9982169936808277,0.998827786653336,0.9981441472074387,0.9982788497239099,1.0023785499289404,1.0047097301595798,1.003116769605713,0.9958989936879946,1.007315217872267,1.0012059521647783,1.000953460298914,0.9963289227398322,1.0012158449422615,1.003497881682754,0.9966455027718101,0.9998362489774142,0.9933970599684719,0.9962442309168279,1.0000722569643277,1.003239000328942,1.0011465620927835,1.0020587723516876,1.0007513581410872,0.995589258750778,1.0006940015408403,1.000047405287699,1.0020365793193866,1.001352410960506,1.0052395655980733,0.9958213774824818,0.9977502996526628,0.9991265986996269,1.000066042034498,0.9998327606068003,1.0025458176045325,0.997521137725044,0.995274399228922,0.996694857794997,0.9996074391611128,0.9977060854252635,1.0007285231480534,0.999382429457872,0.999125110948746
106,2839425000,0.9996100668090483,1.0053815245636046,1.0059195416687532,0.9977938556257374,0.9983966017164877,1.0014945965252409,0.9964660750307827,0.9952114879198736,0.9956265458823129,0.9917447088788056,0.9983994367520446,0.998572231256628,0.9974895220591962,1.001106756622509,1.002518708051548,0.9957598932226284,0.9972627333723989,0.9935512506768163,1.002580016431817,1.0001578038888348,1.0022042957261599,0.9984999871239051,0.9993562657594056,1.0032331318187409,1.0024799735905818,1.0099705123242617,1.0010715801476286,1.0047295698037362,0.9979883338693718,0.9998496672513597,0.9951227004812988,0.9975280955796907,0.9995330910723456,0.9943736193108477,0.998894050844523,1.0003036826476623,1.002204815095384,0.9924693655147357,0.9940868075972817,0.9977067461678408,0.9990539711124585,0.9967666491539813,0.9993526576647273,1.0019777585782343,0.9978686870372043,0.9933273348732539,1.002761310657807,0.9961518764598102,1.00289865177494,0.9987645145666822,1.0018274747626992
107,2839700000,0.9977011018959321,0.997616694128283,1.0011978350253485,1.0039066000769588,1.000605510423852,0.9989588662035694,0.9974369986672296,0.9920890569325888,1.0036132910903945,0.9891694088026132,0.9992955599112794,0.9919477273351289,1.000217925083625,0.9988542968395714,0.9979659640925955,0.9934401150880109,0.9983991829547679,1.003161521944391,1.0024487544925953,0.9989787728947112,0.9986229993786578,1.0013522287733612,0.9970573729620172,1.0030880846823784,0.9999948438271621,1.0015866437444483,1.0017986867707063,0.9957406867784795,0.9999548645533854,1.003383271852746,1.0068101181472289,0.9987895138664874,1.0015134681789037,1.002004876766778,1.0014008199641606,1.0019271784070876,0.9966530073244954,0.999424451363491,0.9950869591717483,0.9980082224260358,0.9998721088572738,0.9985632472182954,0.9986483169817534,1.0051308788220956,0.9996932768802819,0.9989156116928251,1.0020970069035315,0.9979664693486533,1.0043326728913804,1.0029461229907946,1.0032095116427735
108,2839975000,0.9946536009085736,0.9982959560528286,0.9949651411094609,0.9995988064823109,1.0064855210643786,0.9987644790657877,1.003731149380607,0.9899217089851611,1.0053455001956277,1.0067652834048286,1.0003301048606994,1.009345841810523,0.9977659245071868,0.9996023152140265,1.0053116878369095,1.0081268346662704,0.9949210675334973,0.9940636967782953,1.004300301793262,1.0061587848723177,0.9918718123286776,1.0086149421311479,0.999186423851185,1.0037620768465005,0.9974820753934645,0.9978612967964149,0.9913314015157243,0.9993779339474329,0.9971716585695378,1.0017605928532112,0.9997264128510955,1.0009411226873195,0.9954093318824438,0.9967717859557526,0.9919147539955935,0.9983295630617283,1.001987002851336,0.9981716470970375,1.0011555127818634,1.0044461469283759,1.0022836260473014,0.9969977202922166,1.0030916984632752,0.997191525866,0.9986936190610993,1.002353319675238,0.9939249655956514,1.007249067651527,0.9962601560741681,0.9979504760001522,0.9962706097030646
109,2840250000,1.0005425488209478,0.9934376787987971,1.0011369412401845,0.9955650235211428,0.9948314823039359,1.002838633729367,1.0070705972615275,0.9988643470398608,1.0055745430035425,0.9983127686380475,0.9894204828284417,0.9962908751051208,0.9992905505442676,1.0037098941024798,0.9993054113607514,0.9971894389793983,1.0005816154659164,0.9965634296822404,0.99812060496954,0.9969806545280462,1.0037034744659044,1.0034740008858536,0.9988524194339442,0.9966253569063626,0.9963766105262781,1.001338460526136,0.9986176777743794,0.9997971483424015,1.0006842191678191,0.9963187733710542,0.993511329171394,0.9995320585557534,1.0013720900381122,0.9959638849055773,0.9929032503015914,1.0039436163271778,0.99831270817564,0.9938687115282628,1.0011631131975571,0.9940527184476133,0.9954159197886713,0.9995410377578432,1.0010370529915575,0.9976934091040599,1.0005462615364156,1.0030687549733952,1.0081063058127546,0.9893358117325688,1.0033292806577498,1.0008578205218914,0.9964400293456559
110,2840525000,0.9983242039143492,0.998763236200946,0.9990035579048466,0.9932023708452405,1.004615174110885,1.0002128169325049,1.0005892336162199,0.9982875006185268,1.0005581227672744,0.998245416022595,1.001534136568084,1.005396256010346,0.9997362874250313,0.9961118083314192,1.0002284968332353,0.9985722302744797,0.9970512457028561,0.9974030123868074,1.0034603993020839,1.0061621796557487,1.0047472075015684,0.9987987792844589,0.9997575846542177,1.0039369812828407,0.9946471771290055,1.0002558261508014,1.0024477392539242,1.0068303170778286,1.001003887020836,1.0023148668294684,0.9982008102556839,1.0042427784841539,1.0004312619513902,0.9973262081857447,1.001632326200264,0.9973427100415527,1.0050623640378182,1.0033483749793133,0.9951743291738145,0.9992524681969576,1.0029680819953264,0.9975971506098515,0.9950124503742799,0.9971117203388747,1.000001740566888,1.00036073949296,1.000867604639418,0.9903764662119432,0.996376908393657,0.9951799703652461,1.0078722147461328
111,2840800000,0.9991324508715611,0.9937141277029006,0.9954470218801634,0.9994851650900235,1.003818008179828,1.0000879891133088,1.0030178659867668,1.0012430055660535,1.00025964602758,1.000723609279467,0.9950452828849361,0.9948067242351735,1.0017617158935872,1.0049149222066909,0.994872343556726,0.9974227998925129,1.0038941607234375,1.0012418107119874,0.998285874021736,0.9973207824453251,1.0043252882673133,1.0014644050925936,0.9993644979205915,0.9977989813906898,1.0092046221273498,0.9989117241492945,1.0021512142540134,1.0025957482025687,0.9990691852760446,0.9999135824919788,1.0041992198338523,0.9991834610725779,0.9994883771218044,0.9985463061334294,0.9934374283661029,0.9989774565548225,0.9971336718828147,0.9976081655703366,0.9992709527965352,0.994430568281002,1.0032376452886516,0.9971401666677657,0.99957839983035,1.0086755980146915,0.9981201476653627,0.9991644460612894,0.9946543881455557,0.9914734188808765,0.9992663345587474,1.0019956473838632,0.9982571177302662
112,2841075000,0.996975221308242,0.9964853552254771,1.0002677796957933,0.9880577219884626,0.9993702732822076,0.9981604908211221,1.005212624649381,1.000235209453803,1.0029009808015608,0.9956346443990333,1.001833524696348,1.001462590071011,0.9969522098547634,0.9948174495561598,1.0054667110244189,0.9956782596102131,0.9971433951942072,0.9963094792740136,0.996781121371449,1.0020020439894621,1.002949336541857,0.9989890884840531,0.9992742097912765,1.0018619106515938,0.9956183478222498,1.0041244281354371,1.0014889034924992,0.9929123700050141,0.9980722742586742,0.9954168031048779,0.9980794563295992,1.0018089444395373,0.9896234541211307,0.9971263280493228,0.9982215773691097,0.9971332807427513,1.0057351858661487,1.0024944387069976,0.9945551587378285,1.003219450303862,0.9987679016275516,0.9889748772141882,0.994102982435944,1.0020606694662413,0.9987750958601134,1.002830832735045,1.00221982582756,0.9973882799192242,1.0026236686518237,1.0006084801004156,1.0011625009273308
113,2841350000,0.9959885927788367,1.0017088385717472,0.9956914168814086,0.9970925078740598,1.00168091208436,0.9960633667186269,1.003617303776811,0.9927054383012228,1.0044921827531033,0.998535084619755,0.9950567055489047,1.0025122527937593,0.9983345174014602,1.0018479454430755,0.9997428205251697,0.9925578355325517,0.9970592433993352,1.006569029393826,0.9926850145787068,1.0006081425554125,0.9950967775345977,1.0020919843773752,1.0000661094514698,1.0052932458738597,1.0001508822726215,1.0034650809814913,1.0005276003583239,0.9968965017613095,0.9958843733119791,0.9956231289928154,1.0028456430404837,1.0002245032031574,1.0002074067494544,1.000290150708701,0.9935183929565007,0.9964892511525815,0.9974902420546529,0.9934253079946873,0.9936935581296173,0.9971702384309127,1.0012078973354408,0.995300883012488,1.0016415222679085,0.9977506258989701,1.000549015111093,0.9992383988072179,1.0008959242010842,0.9958858804277368,0.9929603415151249,1.0005181419225773,0.998762418415889
114,2841625000,0.997451905051964,0.9984832293207487,0.9972519232681701,0.9999328134632197,1.0038361328487944,1.0099973652516387,0.9997021464504874,1.003964926299078,0.9978172647268421,0.9989782338212478,0.9974891466850576,0.9962066977000679,1.001392545489733,1.00321112873796,0.9979355864661723,0.9934999883113956,1.0002865150824238,0.9931603443565035,1.001096821512301,1.0028957947104893,0.9921289516082644,1.0000958282942456,0.9893094949865925,0.988599739776278,0.996383722621057,1.0004229673197655,0.9967884831682416,0.9951484818068144,0.9986066806057649,0.9901539777877797,0.9939981917850375,0.9943006800133262,1.0003473247376862,1.003876165406299,0.9989632632929404,1.0014420010789211,1.0029634725624088,0.999351444762566,1.0005061024440578,1.0005543039353275,0.9947130675061193,0.9998409012862516,0.9931242105626478,0.9976869214582329,0.9966550528018583,0.9972511432552864,0.9982332795968151,0.9911232685235839,0.9957446022737606,0.9994729696113105,0.9974195589935793
115,2841900000,1.002644621143842,0.99664244236627,0.9947372634916422,1.0005696901937844,0.9998450155781279,1.0000170073361596,0.9957262411101423,1.0093336611064385,0.9965801726639884,0.9947740550098088,0.9904028043869707,0.9918196805735312,1.000181270994646,0.9902156950295234,0.9991220989908698,0.9955250478518307,0.9982740173714649,0.9977177757887472,0.993787804570107,0.992631064297376,0.9998114091877595,0.9992326881563071,0.992198459551906,0.9981594181580203,0.9916537024491363,0.9987278680718263,1.0067490886858992,1.002265386936334,1.0012069078987342,0.9932551025609744,0.9983982936809022,1.0039357360916858,1.0042607351586221,1.0045356047498877,0.9945878282696475,0.9956644607252574,1.004518117163012,0.993163540112974,0.9930736650603175,0.9961753812052974,0.9983847875253327,1.0034658960808165,1.000129510448268,1.0019686755658124,0.9947655458610055,1.000222528100668,1.0004766448622429,0.9991640842196812,0.9994308131050804,1.0017600779184108,0.9968497510911059
116,2842175000,0.9953650088317082,1.009896259064059,0.9954883980444461,0.9972125334615035,0.9993041121350079,0.9990296148899583,1.0016410428410316,1.0015086749038027,0.9972517087521522,0.9996644470378927,0.9889472126637175,1.0005634332816409,1.00056617779983,0.9986778125285328,0.9924508030080632,0.9956948918757706,0.9960059643663657,0.9974922104903774,0.9874197667024363,0.995826197179245,0.9985345532313086,0.9911696144491784,0.9902781402180674,0.9970709423912782,1.0014605857055137,1.004648265451753,1.001820731819665,0.990008604540097,0.9923494961264332,0.991330099311576,1.0016195209312793,0.9985604874628523,0.9939160643514733,0.9974620689778525,0.9933923656459218,0.9982919730119568,0.9974664059765934,0.9961560868234112,0.9956466185487058,1.0004026365433234,0.9993588192083789,1.0031080166579966,0.9949293441348354,0.9983721307187291,0.9967828536709857,1.007134095127823,1.001881601684674,1.0014217735064115,0.9989729271414328,0.9950157893682231,0.9987583837953902
117,2842450000,0.9973406978498165,1.004561167371506,1.0004260134008862,1.0007576922118013,1.0031288138653145,1.001876004329287,0.9976685552010928,0.997758845486782,0.9984102026774093,0.9983384635093568,0.9958979060771129,1.0040718705070182,1.0007260088543195,0.994875687809339,0.99827949324374,1.0015758052364063,0.995696852717673,0.9994144500454412,0.9994138847233138,1.0015080905051772,0.9984361293851277,0.9946437393838284,0.994938002708733,1.000357973896962,0.9945532889245103,1.0006452499561946,0.9960336150652019,1.001861428000765,1.0006050384874643,0.9973243158647628,1.0092043197353353,1.006085243005561,1.0024374425103955,0.9968230417169088,0.9991392169461437,1.0020233292028387,1.0005416325033143,0.9919273692360268,1.0039538213083588,0.9998441818376349,0.9981183979944723,0.9974268086841688,1.0052766631770504,0.9994234165455032,0.9947515249366016,0.9978754649389586,0.9935743544602538,0.9963025923901524,1.0007848505058459,0.9982622861981404,1.0022232606079262
118,2842725000,1.006390783921882,1.000370322564631,0.9988049537528092,0.991392867652125,0.9987950856268247,1.0033065039057327,1.0034132345078408,0.9971372473564002,0.9917695043245789,0.9952698419192466,0.9990381947357088,1.0018835579561565,1.0031806324678096,0.9984962286581468,0.9938622488314264,1.0051064991379108,1.0017194551076969,0.9982405192312643,1.0009809138998496,1.0006699058872164,0.9947979872391144,0.9999173811321328,0.9996949812223298,0.9983709966300284,0.9981725695326912,0.9983540103683115,0.9924734640378057,0.9976590755050144,0.9963632437729532,1.0049395960496843,1.0006141955160566,1.001022009634376,0.994075514893123,0.9951343431028817,1.000657907161011,0.9967251613657306,0.9956274618440706,0.9946113286499754,0.9939047993298229,0.9955695553174431,1.0007906927295342,1.0020600675541393,0.9950336139893334,0.9990404258136486,1.0011592686240376,1.0013024543019668,0.9986525706893761,1.0023697325126804,1.0023473097496804,0.9977470294194484,1.0017662274419876
119,2843000000,0.9954969893003923,0.9994574837219826,0.9969827378835128,0.9943226471446317,0.9998588540373629,1.001392534963229,0.9979511661104826,0.9925875567001798,0.9990042323881422,0.9996899946149492,1.0013435550869778,0.9922863184457195,0.9976959794309311,1.0003094444192693,0.9989701633616056,1.0001707431926288,0.9973131835408772,1.000805364793623,1.0062238534522208,0.9907075114188697,1.0015685970914656,1.0002745170249305,0.9929512685071274,1.000335568282154,1.0014369916596058,0.9928101073613664,0.9951583006136694,0.9989987750475527,0.9963184935748114,0.9927458084134984,0.9987523934921702,0.9987260664294086,1.0023395697065123,0.9977193114929324,0.9956585543265869,0.9978282340975394,1.002432922743974,1.0000186834448752,1.000935553151723,0.9958100684784325,0.9994118635399935,1.0012008438037263,0.9999226730516775,0.9952336552270594,1.0017657648023055,0.9997614837455626,0.9981984395534957,0.9951168780420514,0.9920054911359906,0.9945764972787687,0.9970198706680149
120,2843275000,0.9975328318765576,1.0040716384184052,1.0033593654426092,0.9957701556196892,0.9979466768132185,0.9982035933066159,0.9951532616064038,1.00425110572752,1.006274761634532,1.0053739620272133,0.9999331419159776,0.9998353997890763,1.0001775066683354,0.9941290944628851,0.9987254029689134,0.9983705478832832,1.0026789041794886,1.0053531286845454,1.0031085962372406,0.9960605767518822,0.9998611375150355,1.003340030162813,0.9996244063787492,1.0004304977689962,1.0011969911678205,1.008733976873862,0.9990346299110956,0.9914608002246448,1.0020377895222683,0.9949657755491506,0.9979451884657352,0.9935255715008062,0.9926654146988474,0.9971657672798727,0.9970720847710445,0.9925875696384707,0.9944840332056726,0.9933787678257288,0.9994075424971597,1.0019892861229522,1.0002801814663016,0.996581359788808,0.9937490429585188,0.9977977594400462,1.0003468394697534,0.9970248525811846,0.9948357290123834,0.9949112188613912,0.9976555735045771,0.996788255848829,0.9992039073507182
121,2843550000,0.9998191130006862,0.9989805400415417,0.9975193021166934,0.9959202475690556,1.0055450803799808,0.9959013336849071,0.999000022519945,0.9974747548721391,0.9897794014990757,0.9938155686390187,0.999476971973532,1.0024342649789453,0.9985509874071065,0.9993303551570376,0.9979351641114927,1.001821201042496,0.9980244452309671,0.9966522333601233,0.994223142239117,0.9971525960634787,0.9949933256036307,1.0050742398501953,1.0016327596192807,0.9992281419278645,1.0036677771166875,1.0021553493723425,0.9962301886232588,1.0043455582530574,0.9984644799546426,0.9995877811206718,0.9966684307983994,1.0016169620715805,1.0067120839811945,0.9987736188964201,0.9976086276088192,0.9955550510110739,0.998634854162111,1.0015167984900186,1.0014067680191645,1.0043725789816085,1.0025537821627315,0.9914024830905953,0.9978920932856107,0.992759579896754,0.9978074053530477,0.998291032226368,1.0109979468552854,0.9958987429575173,0.9963382734956642,0.9963794518958773,0.9990297976727316
122,2843825000,0.9999304147433,0.9987122025503123,0.9990195946477831,0.9937966619885514,0.9995812868952519,0.9932201556077102,0.9939360252698055,0.9992200762602866,0.9996949840848242,1.0028069949447957,0.998594613385198,1.004899978185516,1.0013436702612943,1.002265764588239,0.9988966054445959,0.9979765608895215,0.9948020785851931,0.9934793716725943,0.9976664438265535,0.9964177112090361,0.9932894710636611,1.006423274947936,0.9948128152295552,0.996676331821839,0.9972671143967464,0.9989341031454196,1.0005598497328496,1.0022700498835848,1.0022622722224284,1.0036893129037803,1.0036077949118507,0.9957882932870282,0.9969593973036797,1.0013666368001415,0.9990856270755231,0.9982200867300134,0.9958725900330478,1.0000580055961708,0.9961665030991832,0.9939597732534948,0.9978051355769808,0.9964093617486167,0.9932379287757389,1.0023422861567777,1.0021917575623107,1.0007712035790506,1.0010418460522605,0.9992324425246877,0.9986856280092149,0.9954159046806093,1.0026855897691735
123,2844100000,0.9988851451012073,1.0022775377144446,1.0014081483912238,0.9968305050708749,0.9977648211375518,0.9971198641714231,1.0003954907889763,1.0026627194937843,1.0001248256681883,0.997105597503862,0.9978272413370195,0.9930335945900859,0.9975893210246172,0.9984065281518344,1.0076623023911424,0.9955170738499853,0.9970600202337612,1.0014376314333442,1.0054824854423754,1.002373373787288,0.9944627972203914,0.9995488794191115,1.004292701435348,1.001678044019474,0.9988922165952927,0.9966393218775554,1.0015556299546917,0.9974983618542382,1.001707767727626,0.9999793539088285,0.9989439688932915,0.9984756516220628,0.9924567564874859,1.0001082499539267,1.0051846926216337,0.9942895257450579,0.9980806305083874,1.00001198736854,0.9977624110526151,0.9922233695651003,0.998022007882989,0.9869668146098562,0.9957789330787483,0.991705923708946,0.9975585660548866,1.0026248266675064,0.9944109520689347,0.9940486084100151,1.0019733447535963,0.9994541127533372,1.0036038250872685
124,2844375000,0.9999498403446244,0.9952741895551998,0.9909279758512117,0.9928530887976791,0.9996136188437461,0.9991936920934363,0.9923462445630582,0.9993676482001488,1.005067688384874,0.9978773071866067,1.0014000569152852,1.0010144119718054,0.9953770492015022,1.0028196831093967,1.008760033463136,1.0009953565875256,0.9926404055434169,0.9948844213293129,0.9966229502647898,1.0044161734730446,0.9999980482389245,0.9941595338445647,1.0003426132521283,0.9958531429890819,0.9954187675724966,1.0053096231278063,0.9969929451884512,0.9993045544036445,1.0004330882141668,0.9960101193512473,0.998172065226194,0.9933621793327275,1.0015043992705255,0.9883088235389931,1.001572309652356,1.0018504249163078,0.9976834630857502,1.0018995866877967,0.9991309437627948,1.0000847269002109,0.9945540289221235,1.001588135260716,0.9970235047450066,1.0081620046502273,0.9999879694396983,0.9992953156244413,0.9979044745591638,0.9913170247528028,0.9967942455205807,0.99668903185582,0.998967365070153
125,2844650000,0.9985528662958313,1.000466041915988,1.0010801875133404,0.9981893612715401,0.9999823663047288,0.9953990933719112,0.9974657160752536,1.002138991920364,0.9974617497985264,1.0012540590435555,1.0008722172256588,0.9970002893043473,0.9989419009908491,0.9983666398910046,0.9959040904816809,0.9930149620919475,0.9968785981380786,1.0003640237756044,1.0007103524967256,1.002148712691183,0.996534282763576,0.9914494848250396,0.9986964804996631,1.0014757554408182,0.9976818517842253,0.9984688537679275,0.9976176325149922,0.9965897577165129,0.9986279905617069,0.9968610801631427,0.9977183826386901,1.00252936188371,1.0014217110759973,0.9963062025376611,1.0028689908826367,0.9919585803679577,1.00036411799233,0.992629639502129,1.0002989632849515,0.996534382078273,0.9909146197522688,1.0038020520595137,0.9905568622885285,1.0034829256187827,0.9989298183520948,1.0009514665974177,1.0019462568575805,0.9974716743959658,0.996434150947578,1.0037316928415345,0.9952672625027429
126,2844925000,1.0068510816233083,1.0011983672833522,1.0010208787327668,0.9959512714209836,1.0001070227348001,1.001754891573043,0.9970247955739412,0.996599117414452,0.9951886630723534,0.9971633160555421,0.9939768712432749,1.0014107543464885,0.9966091346231493,1.000082046341953,0.9943585576754104,0.9989967404343257,0.999183362319712,1.0036084278805288,1.0059219299222784,0.993414946468544,0.99733252293918,0.9985455446107271,0.9935136462900095,0.998636515289766,0.9972079296216417,0.9960659849529625,0.9985817177971338,0.9940499691631002,0.9950689498655065,1.0063012879703317,0.9984135682485087,0.993209422649464,1.0033848912706533,0.9971025864108969,1.0004689276822625,1.0019525826720854,0.9996263461281293,0.9921244503523364,0.9991514282316196,1.0013351829832622,0.9946621573030179,0.9930671712152821,0.9997022883718504,0.993410526078059,0.9943798946682045,0.9952728656940675,1.0011581710676272,1.0020412718091762,1.0020295789245885,1.0045781193597576,1.0004018240968513
127,2845200000,1.0034090455893674,1.0000474453887334,0.9977120550250469,0.9973167118932883,0.9897155724875272,1.004524044945167,1.0014324312663998,0.9974033444796037,1.0021815172454485,1.0000033232700707,1.001520201869483,0.9929530175534999,1.0068792149179553,0.9990663068807641,0.9996750049939206,0.9944918947820138,1.0020676285792625,0.9974309883656267,0.999273889568548,0.9966655903207736,1.0027556211324036,0.9942521715247167,1.0051833904739822,1.0020600190598918,0.992743716749917,0.999929415993434,1.0061379035348874,0.9924633914150541,1.0015650884010792,1.0049860636831482,0.9958213237848332,0.9930748464634032,1.001917881279605,0.9964308309822394,0.9945321240782677,0.9995489387138832,0.9968282220449733,1.003269390450577,1.0034398383694576,1.0006502269494546,0.9963731593993544,1.0007143614639777,1.0008488292182234,0.9909027129724616,1.0042123447273268,0.9988232033269938,0.9976491000473051,0.9972674170236098,0.9968721809846666,0.9949196451802109,1.0055455433399885
128,2845475000,1.0017471762624925,0.9948287337786732,0.9956697917579035,0.9948876909764474,0.999011623142724,1.002750073085134,1.000184089870376,0.9974337801211061,1.0007263574621228,0.9980840438522827,1.001755199097941,0.9977355032018328,0.9997289814631678,0.9986082265974551,1.0021697509624095,1.0009001901591614,0.9957122236197601,1.0023222353464376,1.0051956382420393,1.0038126673973995,0.9973613282822681,0.9983226465377392,1.0054853935637782,1.0004903387167075,1.00218531694306,0.9982300470795178,0.9979625432090085,1.005272903661169,0.9951802835616312,1.0020612439669847,0.9964959804624235,0.9974612087228183,0.9958426578712931,1.0010587174663723,0.9981970141694844,0.9996762400506739,0.9965595161635367,1.001550824026574,0.9969305347079707,1.00500351278798,1.002618949647465,0.9964632848348235,1.000003017429513,0.9911936244448742,1.0038858379464264,0.9963952080781183,0.9979537133674397,1.0033771226604717,0.9961317555956133,0.9981945601524331,1.0062843425847168
129,2845750000,0.9941953862728123,1.002186429166996,0.9974997287299823,1.0015722524013215,1.001933715869941,1.0026799793346575,0.9904100798979657,1.0009228794682972,0.9974602172736534,1.0021398794727463,1.0028517716065615,0.9991532117103803,0.9985844979617797,0.9938564215199074,0.9997123983004111,0.9976566218454431,0.9986351308639972,0.9965279154375145,1.0018861497844274,1.0012262956443774,0.9976783146626592,0.9959452804788477,0.9910534766801075,0.9964062168048442,0.9997165243223539,0.9929105729753521,1.0009489429073906,1.0006256616597784,1.0026507632017068,0.9984302499512793,1.001055846347304,1.0020026403017135,0.9959708173573693,0.9923291073679121,0.9992866379740961,0.9951677090463178,0.9977398293525053,1.0051385718104489,0.9971381385665905,1.005051731689658,0.9963166122035249,0.9985629634699795,0.9989468820385526,0.9936338497478364,0.9987118498538441,0.9956552037041958,1.0000464429019513,1.0020761482229754,0.9944113432376848,0.9964548874405286,1.0012737868883594
130,2846025000,0.9992786121274781,0.9974776871977962,1.0020243912448357,0.9972994982926726,0.9926847440996255,0.9990769419911237,0.9991807139054851,0.9997515890409543,0.9942040652754395,0.9975550671837131,0.9935777498621975,0.9978936683433349,1.0013404510299397,1.0017947399803278,1.0033753227275064,0.9983093393595053,0.991114458819308,1.0045726165622846,0.9984138994535122,1.0058967251455733,1.0010290680544065,0.9896762299712333,0.9947808638727141,1.0048324225167926,1.0019666956204505,1.0072072841949622,0.9962677435735436,0.997328920033504,0.9988858258634143,0.9961447261770023,0.9999827915807251,0.9897417550454144,0.9953722294066321,1.002381213637925,0.9935067951806055,0.996179306074874,0.9950007585942381,1.0022257919474686,1.0008980826839746,1.0015727981245355,1.002562570782062,1.0035542103663095,0.9996656475978692,0.9968638964271643,1.0010077601335243,1.0035748749683433,0.9952295572780765,1.004808043112252,0.9964302817120098,0.9904526422711372,1.0007009130999998
131,2846300000,0.9981990433299092,0.9949909688710039,0.9920052274479589,1.0080886826012765,0.9995172480380642,0.9980223561850033,0.9993274201335587,1.0014705988662838,0.997081287260667,0.9911433959109703,0.992999849145579,0.999783936713809,1.003071405248517,1.00149243176139,0.9977090577227613,0.9967709704230682,0.9907555507176873,0.9950571755657551,0.9911244908069471,0.9942307168078922,0.9999051418791589,0.9940022802666317,0.9937991268595866,0.9974938901088308,1.0009253808810843,0.9928289248077476,0.9949275078614741,0.9968472551260357,0.9958572388203306,0.9942894320557422,1.0049176987512858,0.9993548705711848,1.0012629459173317,0.9950212225576154,0.9946826151170576,0.9989706426207152,0.9969377061375688,1.001117322044963,1.0007131932670594,1.0037372452745836,1.0021394474184586,0.9957980565756387,1.0026116195496528,0.9915273320511767,0.9952075391687849,0.9994132781117966,1.0037488534795524,0.996224996789435,1.0025387824836056,0.9965979430143312,1.0026951078284634
132,2846575000,0.9957144924313392,1.005486012672584,0.9985781219021735,1.0003785869495792,1.001053023489463,1.0021648650020674,1.0000112232540912,1.003836787435935,0.9968135614161598,0.9935094094634123,0.9970588173924482,0.9999315837603653,0.9956528680480322,0.9958569074281186,0.9998498310383198,0.998774165975748,0.9924840743233213,1.0018936132989917,0.9997815761466796,0.9937481277341339,0.9968492650707411,0.9993060674559832,1.0016855913705094,0.9992241600160915,1.0020913843064243,0.9986642490104678,0.993531412271931,1.00135611702613,0.9941910126697096,0.9961375723802353,0.9959278326266552,1.002875963567356,0.988623477693684,0.9944898658702491,0.9990247959574899,1.0038558904609804,1.001349381956746,0.9928025164589855,1.0005836721315469,0.9987116714501031,0.9986542004128666,1.0018749188111966,0.9991633834725796,0.9956557756220831,1.0008297920576295,0.9907330819825725,0.9996136019817873,1.001987490538117,0.9995895224143764,1.0009024133784035,0.9980638634651468
133,2846850000,0.9963885915034476,1.0001231195787383,1.002298037821119,0.988891300395695,1.0023755000128565,0.9944780426946702,0.9948670357690776,0.99865377035151,0.9997154500493588,0.998252191412015,1.0001051053739989,0.9980096561135572,0.9947760807229516,0.9995211397009026,0.9993353886952036,0.9938802563947982,0.9958010582886078,0.9995349354986525,0.991679509285747,1.0008594835437612,0.9966404295968923,0.9998558810196765,1.0068402780218586,0.9978823370394239,0.989057097893795,0.9938387916248882,0.9946444779639594,0.9932642248182345,1.0003572029991328,0.9943434753989387,0.9994852249542672,0.9940290996103185,1.003315072651763,0.9967788330431074,1.001892501069328,0.9994552784776296,0.9960780550490546,0.9978094913177146,0.9959946927931118,1.002642757183562,1.0023370871589847,0.9982281674174135,0.998081447379176,1.0072870888912442,0.9999573302419227,0.9928951121830152,0.9959426820493631,0.9975102814088758,0.9973275080759317,0.9878444547811543,0.9973660562563408
134,2847125000,0.9955224653716105,0.9944816256814842,0.9987469164160275,1.0044554343567458,1.0010367592288443,0.9951930155799642,0.9970792128503383,0.9950730965967229,0.9981240589931696,0.9937169193961943,0.9952478681407074,1.0016391975298886,0.9881637874157834,0.9987763821338705,0.9947211514972248,0.9962391287128378,1.0011184159239304,0.9933576715829437,0.9998298696610596,0.9903308267269991,0.997840218128132,0.9972135879614726,0.9957481464926947,0.9978489090985918,0.9933123787966535,0.9912519325990837,0.9988365986090191,1.0030778966267366,0.991299129740566,0.9942528298133236,0.9962862790412347,0.9941049726739247,1.000025441926259,1.0035994231424603,0.9981357080387205,0.9988885167328323,0.991370275196371,1.0013027548819264,0.990841979918119,1.0041941888385328,0.9973444655061384,0.9942753074815932,0.994549857029385,1.006448705529556,0.9976746360707798,1.0001249464394,0.9980437823068767,0.9945207575048661,0.9985461852775639,1.0034155066677573,0.9989401722808299
135,2847400000,0.9971901643792206,0.9939178585920948,0.9931086961831881,0.9992380109986078,1.0007067792570776,1.0008238491188584,0.9966406528002185,1.0026961392123817,0.9940427098728672,1.0027648067016235,1.0041517172509222,0.9937320926355296,1.0002534379725407,0.9959298286394569,0.9943341589169962,0.9944336751516235,0.9974338729254145,1.0032923502132398,0.9924708198944506,0.9957553379260659,0.9955977579312102,1.0031655221348492,1.0015670759163582,1.0003475688779628,0.9927766334836379,1.0012977465604223,1.002368497328952,1.0009587596898937,0.9951212661443927,0.9936068609276322,1.0004284016367653,0.994970805050746,0.9919127021424766,0.9998321464897837,0.9981503193667935,0.996549061482748,0.9950806036094813,0.9904845433453324,0.9989901587280698,1.0045291873215088,0.9975072122085958,0.9957438591941353,0.9837066098367677,0.994657360457009,0.9961193025723619,0.9951131299415616,1.0013563963568406,0.9989580383392869,0.994979988808824,0.9962994946845353,1.000108799453238
136,2847675000,1.0018001088786883,0.9980576014176257,0.9995142486686803,0.9987249996235288,0.9994186899496385,0.9980034575272089,0.9969726728162694,0.9882420230520824,0.995840884006357,0.9974879754191709,0.9990125668892534,1.0011355509710018,0.9996058869148827,1.002295137349067,0.9984962498874024,1.0000145467709642,0.9983293271512123,0.9998956213193636,0.9981281500982547,0.9907754280089236,1.0005459672700834,0.9975825888856124,0.9970995716300122,0.9963868703679417,0.9999402131361447,0.9921536180909082,0.9944473298672004,1.0030073013364897,0.9915641505239391,0.9983030620121752,1.0005244574589105,1.0004313520668298,1.012003916392385,0.9941755645504452,0.9994302233771643,0.9995418031998029,0.9861944923255606,0.9983576168498787,0.9968364937457512,1.003087353945212,0.9905579603286119,0.9983633927102151,0.9963868490822575,0.9995063412777204,0.9998100051854287,0.9991284052840398,0.9995671407217109,1.0056606341576275,0.9998747637678709,0.9957264832265885,1.0039044647044564
137,2847950000,1.0011021374017122,0.9968463179127321,0.9977292858084881,0.9991808905203053,0.9993291587461283,0.9967005592809987,1.0019980869181966,0.9925955694724261,0.9955368566746036,0.9987776501000251,1.0022589940570983,0.9943941512381014,0.9951295000959599,1.006488791670702,0.9960501927688352,1.0010414482163938,1.0015832671549099,0.9969736539825821,0.9978903840766872,0.9995398518625925,0.9967454319349215,1.0022021543092061,0.9979465508661498,0.9974501750990669,1.0030858216341731,0.9984816694986657,0.9937462678033305,0.9975746941544643,0.9967349550479963,1.0006034901993994,0.9912616009978652,0.9962357186293006,1.0018459800316646,1.0004237770939122,0.9952501208829089,1.0018790387656002,1.0019262346718687,1.000619038844765,1.0024463697525683,0.9923189241817142,0.9923667433198428,0.996419744186657,0.9965532531558451,1.0008387732408361,1.0023542764888596,1.0025077154261803,0.9928792253130148,0.9989972166696769,1.0004558229244758,1.008062333501893,0.9954201487448224
138,2848225000,1.0025258008473037,0.9923354431707513,0.9990438535541821,0.996025510855673,1.004246166083499,0.9962379067532141,0.9995941828858931,0.9973119893173514,0.9983233370607569,1.000064956139541,0.9954707253710864,1.0014873791043621,0.9987610468702992,0.9916897327723079,0.9959606817016672,0.99740905523687,0.995167518424776,1.0011131794507242,0.9934470602316455,0.99282750789358,0.9931593036694583,0.9977570308616907,0.9982164281215286,0.9928799925313422,0.990062261035921,0.9969921291976919,0.9984994163308963,1.0034827472950583,0.9990728549377853,0.9984449038398363,0.9968900962998423,1.003376543330784,0.9948318189363548,0.999710194473887,0.9996976291484724,0.9983393694290141,1.0036438185629877,0.9995982868767038,0.998655117603463,0.9972101210934925,0.9991133622931703,0.9977857884574777,0.9965231308611823,0.9955229237579641,1.00050739109769,0.9978933482346894,0.9906070803601875,0.9960353241675296,1.0016482683949282,0.9898134624901739,0.9976708617034687
139,2848500000,0.9909008031452737,0.9951531019540574,0.9980853989462325,0.9998105865791869,1.0026775314899585,1.0042570769634236,0.9903303767542587,0.9999343556516421,0.9996143118684246,1.0006093650986423,0.9950396691404146,0.9851600843304715,0.9966886668928868,1.000230262716384,0.99459227071677,1.0014752995474305,0.9991366955557214,1.0021621599131907,0.9967835082993315,0.9912339259296236,0.9959045621747238,0.9981608769751424,0.9973740987704168,0.9957308306127747,0.994567709662657,1.0016892324727087,1.0009848579687133,0.9974091998139706,0.9913553632460693,0.9983159068214461,1.0003471580935805,0.9973893729195281,0.9900387876804869,1.0016448835731442,0.9968146562281012,1.001192807949397,0.9993925808026021,0.9937798094634039,1.000494826772501,0.9888865734973142,0.9867350057690862,1.0019545082111263,0.9966324226099027,0.9944843253922858,0.997105852784935,1.0070863912694836,0.9996076008400147,1.002334196105026,0.9962843926832262,1.0020347324701613,1.0001949650670763
140,2848775000,1.004970142010707,0.9991490354785657,1.0025054963724025,0.9986368390461289,0.9968147149475128,0.9962314331519498,1.0056427869743187,0.9996129879911386,0.9975773667558634,0.9911269936995694,0.9947625123937339,0.9950789899245028,1.0037201794789106,0.9940759685002258,0.9978186494989253,1.000533516703349,0.9937548425477842,0.995758599247966,0.9893063776370169,0.9917958434114306,0.9978240790635627,0.9980103876594058,0.9918838672269882,1.0001509628215912,0.9950009870339187,1.0002802628478273,0.998535591760551,0.996046449360522,0.9992957059906994,1.000312589593946,0.9846626083900906,0.9907039427563405,1.0042636474268354,0.9951516271856488,0.9966520577608746,0.9985940237374328,0.9941188322542803,0.995188224374042,0.9984848323135859,0.9882575398870954,0.9976719798375463,0.9938431894911915,0.9936140846166391,0.9958555356825786,0.9934043610733913,1.0009259579784269,0.9914413046716842,0.998157419225638,1.001045256153527,0.9926180354831363,1.00282792182218
141,2849050000,0.9987619463110782,0.9989551269960995,0.997409726528206,0.994082518763783,0.9926293513617541,0.9927618318431038,0.9989468919213425,1.0045542758506354,0.9924132342028479,0.9996576865237321,0.9950143334274262,0.998363042771429,0.9957384531981953,0.9939011915781332,0.9945123861515286,0.9919086637121723,1.0024246529646526,0.9997237747545367,0.9949367994322965,0.9948579448274214,0.9968058706596401,1.0028426736192944,0.9924872693001392,0.9952223516526053,0.9921988713241952,0.9978323658613394,0.9983010763497902,1.0003029287111986,0.991244382848778,0.9983406875222871,0.9984624989341754,0.9903099337766291,0.9943673292051033,0.9960053907501257,0.9924585844414873,0.993280376767423,1.0004623655463958,1.0004999949085445,1.0012230399530437,0.9923891893983103,0.9977139379058791,0.9993030225011388,0.9946847052101785,0.9962853567325073,0.9893486356900554,0.9972772328794633,0.9961156841507782,0.9966507181918941,0.9935141792026558,0.9989129582403073,0.9971392874927993
142,2849325000,0.9973181110291861,0.9996069324875222,1.0038644465526851,1.0054767616259148,0.9930007013058663,0.9910180818520906,0.9956483465329362,0.995960264380278,0.9974221820616243,0.9928989092110394,0.9942747810205511,0.9984787142981641,0.9943628169611147,0.9919939078648301,0.994282192102842,0.9988847692551315,0.9987881021908099,0.999128695962341,0.9972418290395318,0.9958634059970375,0.9942687686354239,0.9929588822074616,0.9940595502465195,0.9955405891435221,1.005534788389884,0.9956580347547267,0.990136032904684,0.9993876879244377,0.999162649778835,1.0002133512372329,0.9985284618716281,0.9964527783255871,0.9976855017945514,1.0032851221691503,1.002125339630581,0.9963835808481605,0.9967204641321779,0.9921218839120198,1.001955101304065,0.9897343504700464,0.9912400416691012,0.9930497832569579,0.9967566779845256,0.9998444672193267,0.9974684930553088,1.0011589117235844,1.00112758846852,0.9993286979742668,1.000294096372519,0.9970641203805148,0.99951832342799
143,2849600000,0.9941116578733523,1.0027768406895607,0.9960810494121957,0.9968468117558272,0.9982446216313039,1.0024612274398197,1.0024673685753165,0.9996869647083618,0.9934765517249742,0.9936716698793918,1.006351994969573,1.0044337587408698,1.001948118804371,0.9943419934755418,1.0003055935977319,0.99418995876083,0.9962002498705148,0.9914997225903786,1.0019838385214141,0.9944523064863952,0.9984323674956483,0.9993859882430546,1.0058053538878937,0.996607700254307,0.9915766592555626,0.989422823957461,0.9981591227959068,0.9972307710764262,0.9973779104085742,0.9908157508108102,0.9914878960060887,0.9946981982406573,0.9956787559156004,0.9952557546909216,0.9974405545232494,0.9906411034767563,0.9982826492914029,1.0020234930447744,0.9999784369075129,0.9966957554732658,0.9993813238702217,1.0007583094961972,0.9941629633113358,0.9927171526472046,0.9987905528680249,0.9966570268039632,0.9977966524068773,0.9969977496560075,0.9922420133638115,0.9980052842491548,1.0003972952899156
144,2849875000,0.9966549346317913,0.997161427255939,0.9959810298502052,0.995805588659198,0.9964818800877957,1.005149208150374,0.9902416293528649,0.9976227701710901,0.9943586320158079,0.9981729505561071,1.0008793641831062,0.9916777333011629,0.9957680700571674,0.993419188433272,0.9945843548787382,0.996518800667848,0.9981961223504963,1.0056367253378076,1.003131820813543,0.991488992809248,1.0004108154424423,0.9995334921645517,1.0035261249398444,0.9962168964496857,0.9996430434954922,0.9961338970226667,1.0011676216204481,0.9908326646727165,0.9979997661404291,1.0045620010981289,0.9916465731402532,0.9911484026650572,0.9950489396904315,1.000009235233637,1.0019479653668004,0.9934414902739332,0.9954125001707724,0.9997454145717442,0.9965068006003736,0.9985330691531066,1.0029024450249455,0.9985941496226959,1.001403918655688,0.9981203141312859,0.9943667519905431,0.9974419574801642,0.9880068684305104,0.9955617841045653,0.9921290822174975,0.9996488409318018,0.9965811813198333
145,2850150000,0.9919173354595057,1.0026853051993434,1.0010883486306805,0.9941128823536592,1.0009742048228556,0.996604137873832,0.9971474184796104,0.9948543695148636,0.9910716331511638,0.9941264809791451,0.9968977167953208,0.9972037477023769,0.9855804341106373,0.9966724968188784,1.001312789499113,0.9938469232104119,0.9902262442341014,0.9977795413562508,0.9981365111548668,1.0005953676057047,0.9933500793218858,0.9958784640358687,0.9947391555259429,0.9906280276208708,0.9981409003625333,0.9986473395983404,0.9983872143130276,0.9983630279318992,0.9918552799866599,0.9979778135100197,0.9978700204688181,0.9957766379095219,0.9939924642346903,0.9963470328130313,0.9940546339772104,1.0051820580734288,0.9958102472652267,1.0072305534691468,0.9948575051028195,0.9892466050475844,0.9927918016401283,0.9959027775588148,0.9983947609495969,0.9905836521536358,1.0021456626626917,0.9919809482354703,0.9861684269863015,1.004753627983458,0.9997803047260168,0.9974629654385335,1.002249821247001
146,2850425000,1.0016747222748588,0.9911923547046583,0.9980447095981578,0.9950214379443011,0.996114836711573,0.9950959168901874,0.9983154849078499,0.9942413625455683,0.9918028293197706,0.9938704842995515,0.9984485536104188,0.989220402657358,0.9904351190072814,0.9945690836246489,0.9953597764653173,0.9989233144304032,0.9973149521294573,1.0022964060190185,0.9973873774455925,0.9981182362552701,0.9995979780900996,0.9918401174364239,0.9938461431044366,0.9921172110129862,0.9927203388488416,1.0040407463276033,0.99743670700598,0.9987852515003306,0.9976948495262704,0.9894015210686445,0.9964099882725518,0.9944712799470539,0.9963843249557838,0.9892087154690345,0.9919278859234053,0.992731874812098,0.9968303899205082,0.9932425965679685,0.9969201860126679,0.9912625492338425,0.989028610286777,0.9971780817400098,0.9966732043422248,0.9961475621746876,0.9912892201173864,0.9916615936337773,0.987879607164585,1.0024055296247951,0.9991677631574639,0.9962823593041916,1.0032542302956484
147,2850700000,1.0001686402273158,0.9920161352634163,0.9991005039992452,0.9904878837055914,0.990222061348809,0.9859489509794724,0.9922431891416386,0.9977854362499295,0.9968058087260991,1.0011844420417524,0.9931435313704355,0.9986253492082288,0.9957075744628676,0.9932045616926627,0.9944231347436526,0.9932195955039623,0.9957986900609086,0.9975027898013852,1.002502440008597,0.9907942192112703,1.0008791699819328,0.9916359770703375,0.997461049579829,0.9930568872295409,0.9931899585864028,0.9979429943729619,0.9912862964685846,0.998011462263418,0.9895335095842682,0.9934266779511561,0.9979658573812354,0.9918008544214962,0.9921259024655452,0.9961862655682931,1.0000243960516322,0.9962667524974926,0.9917037276593189,1.0002721572151634,0.9999463186180889,0.9949283019723055,1.0011633557864277,0.998932891071505,0.9958511518789809,0.9963190719555723,0.9952592531176966,0.9979629064894446,1.0037474766013532,1.0006333308983721,0.9948008727161788,0.997160784601693,1.0026801111469905
148,2850975000,0.9927252381305386,0.9964583856430592,0.998339358849234,1.0011375239572577,0.9919680612632555,0.9940276584068874,0.9918467173861457,0.9928318859140511,0.9939952003544587,0.9956474942706981,1.0041658676187089,1.0031794009071249,0.9968548735588401,1.0003129408226892,0.9974377901617868,0.9936885630114534,1.0029151719884528,0.9996277975141983,0.9914104467766972,0.9959298307347125,0.9913425989040279,0.9979516536621802,1.004276995088435,0.9945608036149266,0.9950897100255747,0.9933531673953442,0.9983975431490337,0.9988201704548372,0.990292353445923,0.9919846906539271,0.9898218457165344,0.9931914716575783,0.9954073156879639,0.9980396466738282,0.9954244097351802,0.9852514510819412,0.9914511071507266,0.9960955919499966,0.9922618913123545,0.9945842255896034,0.9950752464940393,0.9961235494419887,0.9974488832400275,0.9984748041258502,0.9880458643292048,0.9940975510698657,0.9973084929806555,0.9913274802142116,0.9967131052017197,0.9962543375083781,0.9902478615359135
149,2851250000,0.992858376651653,0.9960724189748337,0.9943107624275124,0.9952765627618342,0.9863447443760576,0.997584813015574,0.9885833463764702,1.0060002660003668,0.991310250306962,0.9959279276282058,0.990475433689834,0.9981000215082296,0.9970554424888136,0.9960948226858383,0.9900048790010955,0.9955869034905797,0.9919031026118328,0.9965482982164644,0.9942061174995314,0.9945124609151647,0.9970286407486485,0.9978640873492859,0.99267969579433,0.9977343643248426,0.9986015672658158,0.9927158062498032,0.9903656841206209,0.9883982163354483,0.9926444243611822,0.9975409394090584,0.990562225224601,0.9947014903632592,0.9904741415109897,0.9919633234328615,0.9979308212620775,1.0020202078155713,0.9971442791325085,0.9955885043893551,0.998214619376585,0.9958705516195441,0.9936357291684047,0.9984459791538766,0.9976864593055133,0.9863454486464083,0.9956267904374826,0.9940605078232451,1.0023394873057196,0.9943360983334228,0.9944825945575725,0.993872549038563,1.0010043082884716
150,2851525000,0.9947487031678988,0.9940510277469696,0.9998875244650007,0.9971164906033397,0.9969982002881557,0.9963829648591869,0.9948110414572358,0.994214135819557,0.9878270696750538,0.9870998537412732,0.9988719117622242,1.0038427205903284,0.9897925235567406,1.0008622101157905,0.9887973518197585,0.9968222087186848,0.9886276556014858,0.996073590085706,1.0013626208189454,0.9981181383308876,0.99210764556512,0.9915749904824521,0.9907474819669433,0.9983879459474367,0.9938358222826275,0.9935840852525348,0.9940086277886452,0.9984411028552068,0.998600556755581,0.9911300757498747,1.0074803055708097,0.9913899379902447,0.9974979603358168,0.9959620966787337,0.9985032794369771,0.995786743609524,0.9928234882816902,1.0029998647246725,0.993995981115082,0.996082001314946,0.9971197706949738,0.992640429459817,0.9984832171504596,0.998834147011823,0.9880886729352462,1.0008218167927763,0.9978787466112641,0.9980098214442056,0.9952034369737195,1.0010884148232164,
151,2851800000,1.0007850763021824,0.9944069586086444,0.9991140279254228,0.9937731008980533,0.9962368059853365,0.9959785367366846,0.9967567167191269,0.9923438626006352,1.0007342208019643,0.9921138162262471,0.994895396864246,0.9961015501802989,1.0015428890167553,0.9975303046982332,0.9908480102667836,0.9917788245957221,0.9883897508040508,1.0029254800818757,0.991868343409783,0.9974245658316537,0.9928226168347477,0.9921477435914886,0.9969164538349785,0.9920200476502182,0.993871960197144,0.9982819225004462,0.998535476518534,0.9978112727332463,0.9972259875011328,0.994171449543905,0.9951191734006223,0.9973664458358523,0.9973294708200323,0.9944821381216744,0.9936271423732613,0.9965598543919767,0.9978536938062446,0.9930652194399825,0.9938407963412206,0.9946498094395084,0.9945161325572413,0.9890408173882065,0.998307628462237,0.9964846909931777,0.9929701926502508,0.999416574893464,0.994628428252123,0.9945137927349526,0.9970029517988511,0.9923133354457597,
152,2852075000,0.9878194119189184,0.9943066776205856,0.9993569211072006,0.9950914117332715,0.9921722858072183,0.9996596134614983,0.9976538995656363,0.990776281677231,0.9911773213179482,0.9999433406961298,0.9954381948590013,0.992550670828926,0.990112239670521,0.992123414355812,1.0018180503467997,0.9996050814694427,0.9945587264766031,0.9966287814318027,0.9937834949906881,0.9876103065318095,0.990231382654702,0.9929200009162645,0.9965587158288335,0.9926710094332262,0.9936055810779673,0.9977180341969767,0.99807346060776,0.9957028125870214,0.9989018036877575,0.9983618444642662,0.998726844023701,1.000283979551618,0.9937086191507526,0.9922112449022831,0.9988543660073042,0.9962137936163765,1.001777796318506,0.9963313058333959,1.0007465428855198,0.9958362116528854,0.9970170193374793,1.0001675625441668,0.9979458752962905,0.9969738836827038,0.9929589478246171,0.9863200414401094,0.9893909041574602,0.993816298104999,0.9986967350639643,0.9997903448076907,
153,2852350000,0.9967831238273108,0.9987440759010174,0.9961071667071272,0.9933019928464913,0.9914284236834773,0.9961558412631702,0.9891709380896518,0.9929669746604034,0.9898159385190403,0.9960320989050933,0.9915692071066974,0.9936847332317716,0.9971697691332028,0.9967090179202672,0.9878896913726549,0.99011692805152,0.9897819242029119,0.9987755379543548,1.0048604464950635,0.9928244479942256,0.995355521678488,0.9886967635524712,0.9962618405083087,0.9920613163009658,0.9892101541248681,0.99521026252384,0.9948602051772727,0.9995655264558954,0.9904052153619878,0.9941131229963814,0.9989311842101587,0.9914220809460464,0.9929199044849858,0.9937649971019059,0.9962424001065139,0.9980484809351383,0.9952908141484822,0.9965943798730771,0.9936809134056931,0.9956002752331863,0.9948332359284465,0.9895626652113042,0.9967424912462735,0.9892547849579515,0.9957508544673493,0.9992193629815705,0.9964275791873837,0.9929960233482384,0.992190538495487,0.9977574495797744,
154,2852625000,1.001423174598131,0.9939362786437942,0.994258462087764,0.9980776072517545,0.9967341687183418,1.0030301973859137,0.9907801465000224,0.9934606960850684,0.9928979367989682,0.9910674168789465,0.9958180839183853,0.9911902840108225,0.9936257528027174,0.9960898941223563,0.9979792387868253,0.9967833149717537,0.993393463977824,0.9926208054302047,0.9954929156658469,0.9955767782918841,0.9973470745835021,0.9958667322041317,0.9988680041917936,0.9993525183293549,0.9957212751582202,0.9954117209794089,0.9906581213464816,1.0022738739043184,0.9960604117685103,0.993628371349358,0.9964499168815306,0.9984536949041741,0.9913845104856966,0.9971925686267786,0.9913717582959138,0.991691829070553,0.9957112361633145,0.994027352952956,0.9966565312036236,0.9910864989437215,0.9957724984412304,0.9904825133183538,0.993345657379254,0.9896613037025342,0.9896685758318651,1.0013924233217333,0.9935797864317988,0.9918329202486591,0.994941484269429,0.9987582860762966,
155,2852900000,0.9966046432161147,0.9892019295356032,0.9901337341421332,0.9929524297242733,0.9950185238837331,0.9898714524385589,0.9855817237582932,0.9996810839536836,0.990733685311536,0.9946199433618562,0.9890273761463897,0.9916956399858383,0.9913083100181637,0.9928883351707158,0.9902479974319317,0.9970057087010122,0.9872966233753865,0.9973734571086623,0.98808983752552,0.9994313236602702,0.9906560805307009,0.9959625989613842,0.9937111951509573,0.9914703318072178,0.9945654682952899,0.9924856738883072,0.9950336278410055,0.994756968299007,0.9958671955478894,0.9897079766932696,1.0009493288792333,0.9967764415276751,0.9898964731675923,0.9942790845034005,0.9960621913124734,0.9956356006631399,0.9951003834775368,0.993898722885498,0.9954520651130129,0.9938530274911908,0.986181469365326,0.9973167280725738,0.9880566429109816,0.9956050821816684,0.9965305788357789,0.9883503036209346,0.9926309018514915,0.9889103144604877,1.0002217002711016,0.9841595754133851,
156,2853175000,0.9948555655764847,0.9941184603333909,0.9917173012419104,0.992627829468322,0.9906891641167328,0.9952096927045357,0.9878185568599062,0.9882500376636963,0.9987137732716845,0.9951459432563655,0.991498958028731,0.9873352624320577,0.9861705667887942,1.0051499360690899,0.9972839134261936,0.995138801763431,0.9987240281504792,1.003975551800648,0.9942689234229387,0.9909497705702695,0.9920787900429253,0.9918691775885375,0.9918195755933731,0.9978855794294696,0.9937181622322249,0.9983364720982335,0.9961010163719256,0.9953660837289072,0.9918123670634779,0.9903016710084899,0.9915352277785537,0.9940606519263118,0.9950556064765039,0.9942294221725895,0.9882404992186213,0.9956188918085951,0.9912528649865565,0.9957939627954383,0.9926394887827593,0.9932022171827344,0.9899062714697712,0.9964517465833517,0.9830517348640206,0.9993464709104944,0.9924513547645817,0.9999616250576295,0.9965897755813986,0.992926762212255,0.9920809758135606,0.9950989705130224,
157,2853450000,0.991545185011162,0.9909689094681023,0.9937914293655895,0.9884368310351783,0.9898800221748707,0.9949519268930991,0.996254134541429,0.9959247575605154,0.9927585673370466,0.99927947008213,0.9902923135532606,0.9858267816260382,0.9871504713641379,0.9922330477337052,0.9909736923312271,0.9884904112693006,0.9913162700642888,0.9958800301982375,0.9918994398978956,0.9966914079889366,0.996048141994218,0.9931681449018768,0.9882613580607389,0.9962951027350871,0.9872611120812791,0.9918261665238771,0.9932425543533882,0.9927982536624794,0.9954445977387313,0.9948400597261629,0.9881544478562293,0.9933160036216282,0.9947330368673216,0.9836853065830945,0.9938937156145243,0.9882568388886042,0.9881035359517029,0.9869086940324565,0.9921723426656277,0.9911143657395367,0.9934581155226725,0.994920763664809,0.9922239100953991,0.9934470777737034,0.9892437314681768,0.9915408232932142,0.9876396039902802,0.9915569612945975,1.0005048921458186,0.988929994199092,
158,2853725000,0.9916639481738115,0.9941062263265941,0.9881579738284096,0.9937244139438496,0.9843388005728929,0.9957250391477037,0.9904397917972283,0.9933680396282929,0.9875010319821912,0.996539027881443,0.9984158536865313,0.9882028321877563,0.9921987384609525,0.992008663006833,0.9922712628946769,0.9932500590785915,0.9956048442109146,0.9927521942142266,0.9968173140747317,0.9922100546162124,0.9955702493812895,0.9934051007445589,0.9873002368521044,0.9889566728519809,0.9968836708263286,0.9933420202409955,0.9864093814638505,0.9945546391653295,0.9916273021621307,0.9909706218955262,0.9932776090522342,0.991567402141612,0.9933980141511035,0.987431506793055,0.9952871302996791,0.990002133203516,0.9924311929131646,0.9978501764147255,0.9951936852586252,0.9876429137900088,0.9906881371997812,0.987257094499067,0.9904296733561632,0.9939506807064726,0.9881785274469642,0.9932195156945897,0.9888565091431767,0.9925289362807297,0.98911670510732,0.9911844986122686,
159,2854000000,0.9969184289009995,0.9906351577943284,0.9938268475415116,0.9958284898476943,0.990343078152373,0.9928430930059629,1.0008407724785775,0.9962439300244504,0.9889166365301959,0.9913864809390139,0.9888388482913181,0.9940576713217392,0.9931329983051718,0.999328503831404,0.9891102670561608,0.9948183848829162,0.9904682985067393,0.9860014217664661,0.994171756460493,0.9953783077304901,0.9930682574130589,0.9909436072164682,0.9898258650845144,0.9894909746598943,0.9936912590942469,0.9970196552489172,0.9959327383169136,0.9933746649040849,0.9941924203274928,0.9910700900392302,0.9955635275449536,0.9950971062003463,0.9888707069266949,0.9963117980209123,0.9945403602267818,1.0013326375706957,0.9922742647421298,0.9929047646227024,0.9909025103101181,0.9931332747312318,0.9862353173974263,0.9959313114977844,0.9925939435271453,0.9887568086809433,0.9861819370296742,0.992367234186343,0.9912490823776992,0.9920333323498916,0.9908158658755262,0.993910119661262,
160,2854275000,0.9941726570762399,0.9957177057515281,0.9895992166130709,0.9963486948479432,0.99324277649286,0.9963825011551606,0.9896626555177909,0.9948438049181046,0.9890820627629309,0.9945178012040657,0.9921478274092029,0.9914903030654406,0.9952227904557349,0.9880527335798478,0.9915338589583627,0.9841379123271895,0.9904684595710582,0.985340543311227,0.9919955613621424,0.9992608055956957,0.9976597618567987,0.9931890580869162,0.9887468785217275,0.9906941620600506,0.9896110347853173,0.991411286143241,0.9908401433012374,0.9959310218331313,0.9953753858331902,0.9828888320146258,0.9887655737787996,0.9906337089063348,0.9930236554240168,0.9884986476208002,0.9858837131156716,0.9844602735717684,0.9914492566235734,0.9915854212996416,0.9992367850924908,0.9948979177838322,0.9966989552718131,0.9912418352732031,0.9898345236051737,0.9827856742294222,0.9940951083580515,0.9949395802460123,0.9860624872983828,0.9934084840001994,0.9915401294987323,0.9872620168863722,
161,2854550000,0.9939467125857081,0.9899568813162934,0.9932100168873146,0.9932716197653054,0.9859717363135038,0.9914266772545348,0.9910699498008219,0.9976818244237218,0.9832119932428064,0.9902448178567665,0.9881108999226546,0.9938974381004648,0.9993350661892572,0.9880345101726241,0.9935128573105513,0.9876771007962051,0.9879021689123462,0.9910871433008608,0.9885723739431255,0.9972130963826744,0.9858166516456697,0.988151478608627,0.991890558544226,0.9940244579977496,0.9885861283013889,0.9928764448975008,0.9871065297017739,0.9840806802341213,0.9892182109854576,0.9927009833211452,0.9891327326235815,0.9819802678989757,0.9924585714244916,0.9880823896914152,0.9898748347599121,0.9878117937289657,0.9991496223632269,0.9919917214320779,0.9924492686073271,0.9890143489812152,0.9906286669980839,0.9872039604839742,0.9904713942931329,0.9888007816138985,0.9961184346424276,0.9892826018606029,0.987989955400723,0.9950514985613627,0.9844924403085142,0.9948368782964229,
162,2854825000,0.9856096066406892,0.9985971933181539,0.9909263636652281,0.9939840671906658,0.9994212794051957,0.9972088934658169,0.9902107214622583,0.9895524431048726,0.9848690675897378,0.9957510902900472,0.9878248817599369,0.9918991473061234,0.988420523822488,0.9869003243942613,0.9931948417814335,0.9906003740834319,0.9890839695659918,0.9887521095431269,0.9961012262678478,0.9917476883032341,0.9992137964838881,0.9865161543111609,0.9891142342729683,0.9959883877749917,0.9862329471081372,0.9883569803742407,0.9934940406512635,0.986908704669688,0.9900307435772664,0.994623581848022,0.9935566507712077,0.9939409782043627,0.9845546417686015,0.9894947746886107,0.9842971174836915,0.9863545182105306,0.9903056842078779,0.9851440407181764,0.9933690436929137,0.9834582245859815,0.9868109608435621,0.9980228954412403,0.9838831980937948,0.9960620447915899,0.9887745890249333,0.9908610149524654,0.9881064963088438,0.9876147803211819,0.9923420867291032,0.9893564125417011,
163,2855100000,0.9881378750328836,0.989304441304417,0.988615893996194,0.9896552016793672,0.9971678607183972,0.9954315858193404,0.9920243989592953,0.9914568761686936,0.9923498698207516,0.9961914089402502,0.9855141856759158,0.9909946269599781,0.9963240068889581,0.9879918984290589,0.9958587356842432,0.9970298781041086,0.9941534725072063,0.9985939766377185,0.9858629240293864,0.990925019431179,0.9909789526436787,0.9870825857417913,0.9890960480435763,0.9830608581326001,0.9921677695740675,0.9940803092059142,0.9918072183321618,0.989708367475077,0.9910563881461962,0.9964805155046199,0.984318276202055,0.9913484260917285,0.9835443339870986,0.9940965348136022,0.9941861383732972,0.9839887556189566,0.9864914652001365,0.9912174113843972,0.9908600713985224,0.9843664461319398,0.9920802523138899,0.9879544333798583,0.9902556588344352,0.9880726599611028,0.9909588157610245,0.9900965947337005,0.9892371029124071,0.9940229373112379,0.9870767038289383,0.9880221663050583,
164,2855375000,0.9878206355804651,0.9896276898354187,0.9935744234479404,0.9983051833977693,0.9860412807210311,0.9851260529702045,0.9783187923597605,0.991337512468642,0.9909007143469202,0.9943515000357471,0.989760538380454,0.9852953513191417,0.9930450309263493,0.9874995234383811,0.9831606149510702,0.9866066431656342,0.9997638755618276,0.9910642291971098,0.9884562823144262,0.9832676628206104,0.9951240137019083,0.9900824595197423,0.9927315971023213,0.9932686224365208,0.9849797899898227,0.9899183678217837,0.9966123604190718,0.9976467710127447,0.9878010281552017,0.9912274415102903,0.9883190480311707,0.9881518337795501,0.9789518014847914,0.9991195456557598,0.9896491777746801,0.9891213724239084,0.9899784441238098,0.9855338916802795,0.9923074301197621,0.9904436618203013,0.9897284922824882,0.9919021524258415,0.9860735882091228,0.9904444850409285,0.9909765105936281,0.9892652349964902,0.9947568087750901,0.9965305436795456,0.981686117210787,0.9895313787517818,
165,2855650000,0.9865196457985764,0.9951813102206479,0.9915727909609985,0.9889845783204085,0.9860809600507435,0.9927295352331981,0.9897929673983934,1.0002124070964429,0.9930326528947919,0.9940707343607058,0.9901841769906157,0.9927142588622111,0.9929198574810796,0.9916998866502431,0.9936528812938149,0.9959991661138492,0.9908690390258198,0.9893616369552297,0.9908560792101022,0.9934628637854701,0.9827766386797263,0.9870167449704371,0.9927013905751189,0.9869153305515614,0.9821029945578411,0.9892807006068316,0.9890990626157834,0.9952316212712256,0.9843898303346682,0.9867634799743802,0.9962335295517101,0.9870981412759754,0.9901214642174488,0.99444559007378,0.9950283320295488,0.9876493480552226,0.991323159606013,0.9963893676648051,0.9798268935662049,0.988892451671137,0.9912239760602162,0.9830473992238057,0.9933119312224131,0.9858429810923633,0.9947636425408348,0.9904963029189038,0.9868408486766103,0.9875886213261519,0.9923494625724605,0.992220493744603,
166,2855925000,0.9932580672121842,0.9832877759186267,0.986904134833766,0.9928124143018746,0.9906892201570103,0.9936215477546249,0.993364108075065,0.9926602899022302,0.9838618562833321,0.993734296388413,0.9897067220493722,0.9890531858399647,0.9891161591698199,0.9915070613281953,0.9848405730784904,0.9865612120721748,0.9933267171423402,0.9872127004789322,0.9948157449857996,0.9872965921840655,0.9890105711173205,0.9879406449748068,0.9948888824845389,0.9920518413610179,0.9951232018684577,0.9831550867639235,0.9883303921001932,0.990748346982794,0.9933502882117125,0.994469344282417,0.9889267557533313,0.9997687632426013,0.9905193378257211,0.9934758325581903,0.9873561876946141,0.9949031690562812,0.9814007905124117,0.9867499715098264,0.9962177943622874,0.9928788456131432,0.9876294683026741,0.9889674416292581,0.992335976941351,0.9922463775927785,0.9826393631023888,0.9841528938614598,0.9919202980749754,0.9939977984176318,0.9868971214753139,0.9880394637913943,
167,2856200000,0.9894699098746179,0.9913436812630858,0.9836014140885146,0.9823775664039853,0.986562194017108,0.990506804594104,0.9925276034400581,0.990862094124834,0.9867142782710094,0.9877596098868977,0.9907241144023011,0.9877443805055182,0.9950290227671679,0.9810750869139662,0.9902771806773376,0.9914775428102461,0.9862647288409148,0.9927546696550082,0.9942637440188605,0.9861522774868545,0.9901537261518703,0.9901590811278437,0.9887368369166516,0.9908911213039947,0.9886748619270691,0.9847305727731731,0.9908599502638141,0.9896139465126546,0.9938062774384516,0.9878601141634038,0.9869911951794943,0.9926907025882136,0.9926081451264381,0.9823144660237876,0.9885403457200287,0.9951648010940447,0.9919460665051025,0.9892012907720114,0.9857760141153153,0.9947284066086519,0.9888832145184444,0.9888076240745556,0.9896741348766915,0.9869524699422487,0.983988105934672,0.9947280604884714,0.9884116375591784,0.9836721284857997,0.9885239323030616,0.9909248079239291,
168,2856475000,0.9878716935896846,0.9933535567429564,0.986078469737585,0.9909777021976529,0.989766571570741,0.9873496805434713,0.9827877645564383,0.9839150145231922,0.9834264072972145,0.9854328123165158,0.9871787956551393,0.9845108526653283,0.9940791617424356,0.9929440162113573,0.9907003805837424,0.9899756971762506,0.9908916128274575,0.9858873870883659,0.9871409133734332,0.9876164668309787,0.9907574378042565,0.9925734483053272,0.9905535323335436,0.984571831457479,0.986657797940697,0.9906915316459746,0.987276013501054,0.9896343123645632,0.9901410120975797,0.9926732339776038,0.9905270530256554,0.9894311055968833,0.9873088850418371,0.9847879284230753,0.9881789763984744,0.9880281030960931,0.9854700342578246,0.990854440325436,0.9861231057416219,0.9832462058517317,0.9874323705076175,0.9847279884178712,0.9898429081454206,0.9837184220579843,0.9880590993860782,0.9873401284562612,0.985957571090636,0.992114707495612,0.9879252240499918,0.9878665480387947,
169,2856750000,0.9852282435337315,0.9815265324372406,0.9843157126152905,0.9942974321089273,0.9839007781568305,0.9872140925725623,0.9868984998716847,0.9888599484195901,0.988836158253491,0.9871555894804959,0.9918589885115274,0.9902062211749706,0.9879800482493317,0.9829614249923578,0.9804725737034097,0.9901080349571468,0.9906058413346492,0.9866925692865811,0.9912898715749947,0.9871757026370096,0.9827701958516992,0.9838699095481656,0.9894956626249971,0.9856001928858654,0.9911518688566266,0.9843716908342995,0.9915215287202387,0.9834285040260171,0.992365892246838,0.9910535841975135,0.9872246659086815,0.9868112349178965,0.9909017547608494,0.9853837464389729,0.9869947162480847,0.9965774627068482,0.9918809819469943,0.990918260798628,0.9869241734660427,0.9756276758097931,0.9896933890725411,0.9894054639679251,0.9837720164770718,0.9842933456932369,0.9828408492332227,0.9853412954197295,0.990488859411601,0.9831986341690915,0.9925431103944296,0.9849835111535421,
170,2857025000,0.9907818743686835,0.9884309085399189,0.9903949584199868,0.9815156153647885,0.9870333689234047,0.9888626288772498,0.9899583550138032,0.9918088074229384,0.9933817008321675,0.9794870704208742,0.9848576218971048,0.9847620390891136,0.9828210201435105,0.9868877103127527,0.9833291619649224,0.9852975896834288,0.9880298679916999,0.986090782861202,0.9861860419329985,0.9939751200514295,0.9872955283022449,0.9808023303022879,0.9827764122723556,0.9932228081276016,0.986370042818858,0.9883732291719219,0.9883426132162612,0.9912896682149102,0.9925910150853867,0.9850600099451587,0.9839459550652229,0.9894921159401161,0.9872325570060518,0.9992047059689215,0.9920878596097619,0.9857199113726838,0.9905463437354485,0.9850757278203126,0.9808997562553312,0.983511232606583,0.9875730531920647,0.9901809711247568,0.9876954009937428,0.9773799698836717,0.9857410470811339,0.9889050832589464,0.9904557705341117,0.9926074954144719,0.9870452972154947,0.9910467267602581,
171,2857300000,0.9902001446354398,0.9869389755177991,0.9899530453516056,0.9810233923981204,0.9849589297644422,0.9871778036078629,0.9809142377553244,0.991745078382889,0.9857209074176926,0.9866205019295046,0.9893882352190148,0.9813540563839701,0.9872984361290418,0.9861155226296044,0.9875195098324284,0.9817491081806062,0.9796149738596824,0.9869661466473234,0.9880520842953849,0.9916551295245906,0.9887064388865326,0.9794022403115582,0.9881641356804416,0.9887782425480925,0.9829259392946706,0.9854416997990335,0.983453251451282,0.9892320099023422,0.983129957652284,0.9818211360157567,0.9913393278068929,0.9884253358193629,0.989713600730245,0.9850104845598525,0.9904634236996381,0.9936951186891588,0.9873595160616739,0.9969638225794807,0.982690880103119,0.9931960454965969,0.992577372811871,0.980633946787907,0.9822736787266461,0.9873139753136145,0.986892444291332,0.986392424719578,0.9832796268665672,0.9898584676115041,0.99230200451404,0.9858354886402653,
172,2857575000,0.9756478813826875,0.992237398760538,0.9887446498684387,0.9805522708815094,0.9868755489485997,0.9837468726765067,0.9896060466396412,0.9847074412599097,0.9866282670311313,0.9818399209133593,0.9902248944726437,0.9775387953629432,0.9851933573655706,0.989250809326782,0.9957634545029381,0.9808805827753021,0.9889852656486482,0.9865914601649284,0.9900079356927296,0.9923678015806727,0.9939975269410299,0.9870712563395238,0.9904965884995598,0.9833755190842771,0.9842074921510778,0.9816623436729545,0.9858596542358892,0.9753037443390257,0.9946573972081182,0.9854215049526363,0.9853203430431406,0.9821842071656633,0.9878549818612908,0.9832256077261798,0.985222504973764,0.9818684242568556,0.9829691449891887,0.9875813400518795,0.9910774064839821,0.9859663424944562,0.9851419154689233,0.9852406535961015,0.9915338567272877,0.9832858969192008,0.9848982667678455,0.9913178087118801,0.9890494389353089,0.9825794414616186,0.9809802206752017,0.9914457832868255,
173,2857850000,0.9934210686357401,0.9871439855915436,0.9856109722367394,0.9823114353659652,0.9850259283673817,0.9856100717851286,0.9886087456564421,0.9935069447820803,0.9860404718818274,0.9883274167693534,0.9871245609031906,0.9893832095666547,0.985874783016112,0.9827191531615795,0.9800750883314862,0.9809043151289095,0.9865303006566016,0.9870835718753237,0.9846935749272366,0.9882781357916798,0.9830189946516542,0.9778980742556221,0.976617881607444,0.986617494704532,0.9867766431807139,0.9869305983302117,0.9827342439271737,0.9849893084279709,0.9844052442632035,0.986169134612809,0.9839779652796584,0.9851343479892879,0.9842596495694784,0.9823827685796745,0.9798581552733245,0.9878387343469356,0.9836003245106816,0.9794802591144623,0.9910219750370054,0.9835987016512104,0.9895047553533077,0.9765226861888321,0.9867108074100973,0.9845726147102368,0.9893207170164042,0.9876410845455148,0.984079772044694,0.9798958632869051,0.9868290284891393,0.9900193547134484,
174,2858125000,0.9814453630591203,0.9849374085862268,0.9810238493088257,0.9864234112015032,0.9865708505724923,0.9841944983885116,0.9845445329419447,0.9886950573302145,0.9833270885433446,0.9851298595583802,0.9803514363878806,0.9833882101549984,0.9877166214124178,0.9903543675165222,0.9839045958343023,0.9873951976211225,0.9915522450122973,0.9833521615549246,0.9817649831055999,0.9804988494785978,0.9832250979297376,0.9806727895717399,0.9841650180429583,0.9803775454292613,0.9833221991636596,0.9928577680760248,0.980046009927997,0.9793757193964169,0.9894754240570625,0.9816671495196899,0.9877397429013799,0.9839078245994367,0.9847902769769424,0.9847277467661825,0.986892981640008,0.9890471401310647,0.9898040159262178,0.9901038855815126,0.9780037621018406,0.9821641733520236,0.9771719076778124,0.9876635987408194,0.9868184900452017,0.9839557188576433,0.9819704815991137,0.9883367073707817,0.987080088148448,0.9837479421980044,0.9850089448117324,0.9876132380129368,
175,2858400000,0.9777852446643651,0.9815268094691887,0.9862969361061997,0.9785575437726552,0.9814431128305264,0.9780700942741104,0.9797236451650324,0.9859669036106293,0.9785492922517871,0.9863924003969289,0.981888872911283,0.9947699231975822,0.9842927308796399,0.9852521571440215,0.9837121086839402,0.9809303861501131,0.9796621059738118,0.9784948648783053,0.9814258345267618,0.9818409804101939,0.9858010470946901,0.9847339142699408,0.9853366655968601,0.9875932286136794,0.9834287973526673,0.9797776245718168,0.9821031624993187,0.9826483063540479,0.9834888579822584,0.9841194143876234,0.9854911440112255,0.9830052304805796,0.9809966184379921,0.988190276500753,0.9804341631555121,0.9860206005847704,0.9859513485448274,0.9801856804744136,0.9830593582346515,0.9831804115258421,0.9849932746001343,0.98500872136319,0.9833530611668133,0.9844472768839807,0.9851341269680229,0.9877851149869565,0.9904281627403104,0.9840079720548328,0.982969116323168,0.9860607929206968,
176,2858675000,0.9833177547335266,0.9791197858622603,0.9838523678188108,0.9837595257873826,0.9915349279525618,0.9870308057414771,0.980369995664764,0.9839310056679014,0.9856188725097865,0.9873941074047591,0.9799986893148028,0.9909660062138651,0.982549436819376,0.9768988342837606,0.9798775187371963,0.9821066515378121,0.9847536053962683,0.9769258573091498,0.9825080362234049,0.9826343413926363,0.979904019138293,0.9826615855780199,0.9856561880973734,0.9870614039458842,0.9867582585733217,0.9835194754539764,0.9814959786853191,0.9826814787851949,0.9824226243316045,0.9803705168749925,0.984413966506456,0.9864144307346575,0.98865894060714,0.9858575328614216,0.9831011822573557,0.9809303657511602,0.9870421582788855,0.9822913266175884,0.9834665905127937,0.9827143213497872,0.9878235200472918,0.9808294031636492,0.9817547348035657,0.982128755185323,0.9833574124148876,0.9817190926696963,0.9836495292293858,0.9889568508289936,0.9784976499098391,0.9826458576670193,
177,2858950000,0.9878477407304589,0.9826496949689318,0.9850001491771644,0.9788991423933437,0.9829770808005521,0.9885366903387882,0.9799980803596126,0.9858962117531159,0.9807131859252233,0.9877055702933218,0.9818161154491835,0.9782092873058437,0.9840264600024696,0.9871157174725314,0.9846669497255136,0.9909495407008986,0.9899205104667911,0.9807648059695397,0.9843330137556744,0.9808491960564758,0.980049694540117,0.9726293148949382,0.9859511821264854,0.9850305690455567,0.9816887980273524,0.9895080207499202,0.9816558494137189,0.9821188505609811,0.9796889150598121,0.983076181955262,0.9819523760045935,0.9804142538704381,0.9851323082131815,0.982667237666092,0.9748677218145174,0.984726305861919,0.9794925824047949,0.9843870551499707,0.982378836346252,0.9837739714806605,0.982742656083435,0.978064231381115,0.9803904148588086,0.9834823069120535,0.9846027714886565,0.9785515546884338,0.9818812189526986,0.979409535490838,0.9808270846617991,0.9855639421010707,
178,2859225000,0.9840691188425146,0.9855208674323703,0.9777648073560343,0.9825584917709249,0.9813501479654736,0.9810101493767259,0.9867433940741053,0.985138313133411,0.984913768135801,0.9873349689630614,0.9836146002508629,0.9833080383748181,0.979280113969482,0.9782921691301342,0.977922574768314,0.9893511521862526,0.9888113500806467,0.9792212873250125,0.9842636291831208,0.9815689791096371,0.9825453845256035,0.9874280637835174,0.9781377719128711,0.9838198446201419,0.9831613075258826,0.9813519213402494,0.9834156206444455,0.986504368260835,0.9844749894849107,0.98520679572824,0.9841834794888383,0.9789566879159536,0.9774800639411154,0.9767388527071956,0.9792375504324677,0.9812891481709981,0.9799633179393412,0.9821718123979117,0.9807339818094497,0.9830081879669436,0.9811442270530651,0.9832540062499538,0.9777102738826671,0.9888774925643332,0.9876799231747,0.9806921949466385,0.9819073851292173,0.9848355956316768,0.9848290021004965,0.9794892930487987,
179,2859500000,0.9747697063293297,0.9794723415530222,0.9782354758631264,0.9794270683754718,0.9793377919629616,0.9761867667095148,0.9862983864893969,0.9830007232090638,0.9809252140167327,0.9788654741794347,0.9822820642035447,0.9836294615152639,0.9840955334170963,0.9781043678299056,0.9835254637567244,0.9783092908629129,0.9838905702973476,0.9750566351594336,0.9871150827927059,0.9873996838104946,0.984644880512988,0.9794006283778612,0.9794084920950045,0.9845754831755323,0.9799610291118862,0.9836462597037284,0.9857421585393465,0.9773817651079022,0.9827359772584926,0.9772858837141187,0.977733214262589,0.980894917737063,0.9809231779091262,0.978409763212143,0.9850749872492695,0.9822949635272984,0.9816658953356827,0.9852133870581681,0.9792067189268451,0.9782526209091005,0.975625066543997,0.9765767588371979,0.9829503945569336,0.9848747266885068,0.9833021103012127,0.9796930001782833,0.9769264276576421,0.9831990556518486,0.9848535462126516,0.9836166551479166,
180,2859775000,0.982152666180456,0.9819763725698141,0.9833210782874078,0.9789567302066167,0.9820914408680952,0.9773044736382616,0.983359547366551,0.9865627761005913,0.9814879474407296,0.9817869156575013,0.9741240752620637,0.983664488794832,0.983370673736251,0.9829632668489318,0.9863159573073211,0.9855102536512522,0.9791560155106476,0.9772855862498632,0.9856804338085785,0.9773764107741064,0.9836697905980575,0.9848767284216358,0.9792356832450524,0.9781922823799796,0.9746473630523819,0.9759116594105895,0.9823416585202229,0.972633811455839,0.9820341734296731,0.9803227736499254,0.9785725073328226,0.9892426128561305,0.9775602534747727,0.9757946881954322,0.9765943346702315,0.9798889746088857,0.9707878172424187,0.982825491858258,0.9860341344754544,0.9793389936446011,0.9819323817149084,0.9818450635549903,0.9766072663839234,0.9846284507706657,0.9853718713035865,0.9831458073681821,0.9782902740469732,0.9799616610188437,0.9812733337454049,0.9867687728838203,
181,2860050000,0.9863351970936332,0.979959760530402,0.981451719209327,0.9792509690586174,0.9750780732269468,0.9863116468747148,0.986472205523508,0.9768893904366194,0.9692801811127988,0.985949371709581,0.9833424100081493,0.9777716914480759,0.9779513773731776,0.981002664336184,0.9926629787074313,0.9842079710854188,0.9825774882983431,0.9785965787548301,0.9807908604702564,0.9766427900286542,0.9793557013565276,0.9856323761579175,0.9790742198217485,0.9864953709148817,0.9824263278390953,0.9796635672910652,0.978966687865681,0.9775939310331563,0.9787511377151574,0.9778981335425011,0.9823875173246248,0.9794595094480878,0.9753048055405934,0.9764719117947559,0.9821572688368804,0.9801336572477574,0.9824610748271213,0.9807012205942981,0.9746418243856889,0.990212554719207,0.9733437116862308,0.982294172562253,0.9819092436302941,0.9824120204421453,0.9792704687730599,0.979302190495521,0.9750487362426201,0.9816241250897311,0.9827711196499398,0.981869283319489,
182,2860325000,0.9843904940529427,0.9838609085920447,0.9821175742102687,0.979341150782154,0.9753270501474712,0.9815231234637899,0.9759553257370169,0.9798934689876153,0.9753491038092041,0.9777769943548694,0.975601417368801,0.9793110035813126,0.9785537674171982,0.9692718470609161,0.9804742251824823,0.9787319744423545,0.9720252854196468,0.9780311685050768,0.9806979397492567,0.9765492296995707,0.9865460099743967,0.9817965229690989,0.9775733442798441,0.9747611548300334,0.9830199946608376,0.9791266188300713,0.9806146651368445,0.9763106457182422,0.9821390045268512,0.9754064881888689,0.9741839432194337,0.9776848793771603,0.9800133173103351,0.9773655471791638,0.9740238319785673,0.9845244299948669,0.9792834255723022,0.9804173899787025,0.9790357179689999,0.9767575303500051,0.9813159052062046,0.9772275183222675,0.978736208830351,0.9691454995678143,0.9764555083731097,0.9828506199456606,0.9744102584049926,0.9845392347211976,0.9784177486604878,0.9782300712401385,
183,2860600000,0.9774433852903573,0.9756240460835166,0.9796365039357745,0.9795553497891212,0.9745807735921318,0.9792232778908354,0.9790910686115835,0.9723022372541501,0.9902050592967944,0.9738612417839447,0.9823259431807733,0.9769729089073275,0.9836831473260896,0.9731889666041941,0.9742816655775427,0.9770446652169217,0.9659873878662989,0.9739797357053553,0.9784837997250725,0.9749446932046654,0.9780550218210944,0.9734040336504143,0.9816759757602952,0.9826058302451679,0.9775717141455573,0.9730047431672303,0.9776116127207484,0.9853581199799407,0.9767284327338274,0.9769222982283329,0.9782599672798394,0.9875111674333816,0.9829092695337907,0.9788431828252596,0.9797582085526302,0.9820801526003695,0.9863126611063485,0.975414999716517,0.9829024553784451,0.9807807483495387,0.9772056532544893,0.9808840100324362,0.9760541500690502,0.9727597976191377,0.9777863121212033,0.9736962487921668,0.9793672431961321,0.9738732428249455,0.9819819021247965,0.9763960570762873,
184,2860875000,0.9723815787350145,0.9772363919671907,0.9804860762882013,0.9751961898320045,0.9714992348349841,0.9724339500146295,0.9787709945227405,0.9719682217969594,0.9763133290914414,0.9821460335248852,0.9752432146821355,0.9766351708544783,0.9793864872268698,0.9795772942049943,0.9743876659576355,0.9842709580457932,0.9813042501867443,0.9822594483306276,0.9732102260978945,0.9802596680662103,0.9822711796146361,0.9725614017133815,0.9799050170675602,0.9753491698899015,0.9809720432432653,0.9745801257917679,0.9745139340542001,0.9789760894686029,0.9824485730029126,0.97424673784491,0.9767109383741658,0.9742345607230745,0.983388110501301,0.9845570519680423,0.973307793778172,0.9784252890064314,0.9793657800250679,0.9722772867891399,0.9822669328523993,0.9762537779631839,0.9725939243899363,0.9734613368741428,0.9803088644489066,0.9838561313860005,0.9769889172385434,0.9759233345417566,0.9777112776036336,0.9706869897274256,0.9792477653991836,0.9764026811836987,
185,2861150000,0.9805748667381391,0.97452591701146,0.9715389004112375,0.9764628598436504,0.9749750530584609,0.9768539892482295,0.9785059265552327,0.9787411804547217,0.9735911414683857,0.9757107342258838,0.9751134895637199,0.973440631160907,0.9789431533542591,0.9813979635006371,0.9806527041327365,0.970609544816827,0.9788262151965558,0.9679613657244598,0.9728822029834053,0.9754390486438591,0.977930527102058,0.9721738154738421,0.9782724876601686,0.9741729949432213,0.9754357337725766,0.9769766569267118,0.9748037110836316,0.9771673940807287,0.9757232585876924,0.9765819721873864,0.9789861238649833,0.9784717999630428,0.9757755450859323,0.9686190443829343,0.9715571925052616,0.9782296187303647,0.9823572248484537,0.9820059868348521,0.9790884713284403,0.9735680854083792,0.9752588258530567,0.9764502024070326,0.9774301110282294,0.9807275140049703,0.9769572768113847,0.9797492437812798,0.9728049030478773,0.9738346391765608,0.9777963249026468,0.9716962294954488,
186,2861425000,0.9741161529068069,0.9731799942119828,0.9667234095331769,0.9705048784472655,0.9678548371101293,0.9775366070815006,0.9758321545793285,0.9763072870071455,0.9689713341893484,0.9741111701107051,0.9734038800606304,0.9842541278408815,0.9742182175098453,0.9744096647807736,0.9757708319482427,0.977423064934267,0.9791907379856928,0.9701944900966697,0.973875530564699,0.9802810741437661,0.9732641824286733,0.9747949953366462,0.974866598744462,0.9781321034231598,0.9650962377596422,0.9722152630934682,0.9767578085159946,0.9778103423812297,0.9758330108041842,0.9692884249571793,0.9770629340959065,0.9783862984125813,0.9748756244995647,0.9747720945294444,0.9690492349071053,0.9751477641143619,0.9786927439015588,0.9763611057022307,0.9745365753756067,0.9774181033850611,0.9729253396007895,0.9818549927946085,0.9807300766929796,0.9744616023275007,0.9750804946908593,0.9722824070689926,0.976824495887519,0.9845246490594406,0.9718623092047528,0.9831557285828841,
187,2861700000,0.9811101609885153,0.9739682811463634,0.9733251830380056,0.9747848750325976,0.9678268659996728,0.9790460582074991,0.9793684923761403,0.9764841419474813,0.9712096383349503,0.9701062787436336,0.9701101118495958,0.97633038674053,0.97621077981435,0.969273348618545,0.9761513875296195,0.9795561264615025,0.9750121822585871,0.9734693853334363,0.967858074470971,0.9720667753850534,0.9809711664104479,0.9774736182548516,0.9681851288860703,0.9744083801356735,0.971895541355931,0.9691073077212812,0.981214347336876,0.9748821892918235,0.9787365556180754,0.9748349123636035,0.9709104212265649,0.9723745092365704,0.9747660903600858,0.9746249556612101,0.9668158938094127,0.9666128094963119,0.9703599117658723,0.9769384939929276,0.9844866016557677,0.9742102770698695,0.9745202195237135,0.9810169282360763,0.9756846262522231,0.9724833092345285,0.9736180937938239,0.9723452633060853,0.9761648328778355,0.9765262336395486,0.9732906337150162,0.9683887567350827,
188,2861975000,0.9694540576151353,0.9738436965557283,0.9688943987699186,0.9744271842979161,0.979008336724823,0.9734868888562273,0.9734574821865147,0.9726204698161397,0.968700957917273,0.978381814364282,0.9710944216735368,0.9749777298205262,0.9778928007141017,0.979918937835511,0.9763961839119762,0.9730098390948307,0.9732640396005994,0.9726274840481931,0.9722380174811944,0.9755732030243605,0.9653341148042799,0.976519101790643,0.9764359772825143,0.9803919436289932,0.9714595118190675,0.9746998302205699,0.9660653901034436,0.9743030263599071,0.9732368085312018,0.9640843095806509,0.9754734773006435,0.9698352216667404,0.9687354731066117,0.9748418011971579,0.9668345668505023,0.9779582054861801,0.973559324154483,0.9739740989204558,0.971114864592572,0.9686178676440051,0.972059048498472,0.9773147221318251,0.9806970320984791,0.9692389448053306,0.9632855631795584,0.9747082825739328,0.9742289139092388,0.9692164440234943,0.969211845615273,0.9776894993165103,
189,2862250000,0.9712825272456382,0.9751459994996845,0.9736657931089305,0.9720077209950905,0.9740062562762258,0.9734637598129153,0.9728861247072313,0.9701931401253725,0.9697022261411128,0.9736247607782343,0.9727012936360873,0.9709864329144929,0.9712309465838017,0.9730286807908846,0.971581781607929,0.9697530334320471,0.9750835213101162,0.974165092844509,0.9749340307036866,0.9712622356058889,0.9667737442774601,0.9695904204625305,0.9735064290709544,0.9794978825136788,0.9722968017334654,0.973020415792112,0.9745163301806948,0.9686817721313344,0.9628843145631347,0.9738864997954747,0.9716855612895754,0.9713670837370736,0.9791355359026044,0.9701352823404663,0.9702126462488316,0.9677508950686866,0.9788578339762002,0.9712801680281525,0.9667224491413529,0.969245213865992,0.969890425327913,0.975544650503793,0.9744413540752003,0.9749618989986678,0.9801353957014579,0.9725118228036782,0.9786290322328374,0.97159136173708,0.9763281378830452,0.9743226678143011,
190,2862525000,0.9665626527723451,0.9726600564327427,0.97227351163771,0.9679745539163135,0.9761558075170821,0.9725508342375395,0.9744970888816721,0.9709825079366573,0.972172884408408,0.980339332263296,0.9676745664313817,0.9733394860267343,0.9721744147053349,0.9735592950164026,0.9749830253570188,0.9708076268925367,0.9710047026717812,0.973487997214614,0.9712759601639664,0.969794297851376,0.9731531378609064,0.9743181569365933,0.9732119307398291,0.9663763586954401,0.9799956038547942,0.9658362299121771,0.9767163189707978,0.9714938614647843,0.9798036453048163,0.9684466293642573,0.970803055492762,0.9671448022367561,0.9702108678841426,0.966908406476232,0.9742522935741706,0.967376216181001,0.9734157333812066,0.9703429524334285,0.9756095853467444,0.9750211953045104,0.9717925482856401,0.9727151401837448,0.972370820509693,0.9735984339637851,0.9672493352141995,0.9698890024439761,0.9754493716349294,0.9688720888413141,0.9752281703090214,0.9738122414080892,
191,2862800000,0.970047091469167,0.9651582145608147,0.9733118720243917,0.9706901147624604,0.9709732305631618,0.970247760848834,0.970526176604288,0.9682129284591605,0.9736470685583577,0.9714075426812621,0.9686575816485226,0.9715099739605263,0.9649118301107036,0.9705477803207607,0.9680397707632659,0.9726304048021238,0.9738440905366914,0.9661328373632513,0.9675939799268596,0.9750832705298038,0.9703362513974993,0.9691488854619321,0.9701866237302236,0.9739613956042829,0.9722151217972359,0.9733438409170245,0.9679992106575931,0.9739999416277307,0.9660790457379955,0.977764548260786,0.9713711637717259,0.9702112763020261,0.9768956054562484,0.9721177057042462,0.9698133997098373,0.9671026338820599,0.9746138712898054,0.9695816426867756,0.9740807564828742,0.9706239971938577,0.9711265218295654,0.9721305740830961,0.97010960824391,0.9718088061161009,0.9674064159947128,0.9650452055433055,0.9675094987362358,0.9720400775413974,0.9704339937937824,0.9738417945870599,
192,2863075000,0.9720707364137707,0.970704183017894,0.9694630874399405,0.970532305004132,0.9685147653576522,0.9684662532345126,0.9682738527976379,0.9665599364534093,0.9695580514751789,0.9739234567332924,0.9727655443722459,0.9738929855612929,0.9660071647703891,0.9656459270940636,0.971810960032732,0.9685242549325761,0.9625026363285135,0.9705190249219879,0.970745178802176,0.968921403974255,0.9696269299958753,0.9652396890581384,0.9735202047786022,0.9722841576592969,0.9666961741944233,0.9769155653211345,0.9742796458541405,0.9749377274647952,0.9807875990661505,0.9662177712558345,0.9736383833686096,0.9721909413085108,0.9711245798732515,0.9709233306032066,0.977293881880612,0.9693124524840929,0.9699689103833136,0.9712914535634517,0.9775302936208757,0.9653802284921426,0.9693981101056619,0.9603334058385166,0.9693775131236048,0.9619214449016732,0.976796154980999,0.9686516098750099,0.9657749353287374,0.971476996763901,0.9728795049856622,0.9737206238477346,
193,2863350000,0.9699564661976501,0.9691721473173514,0.9700115172026531,0.9680692119275083,0.965690386269643,0.9731493803140873,0.9614441529578268,0.9681139112900956,0.9731144191188447,0.9782445096484413,0.9666853769163121,0.9745321969525909,0.9730830343800928,0.966513573240273,0.96934747311521,0.967415636174024,0.9766424535231095,0.9749775402821617,0.9669578793071526,0.9687202481018186,0.9627795729036899,0.9686092581031917,0.9694959622078072,0.9684535404366919,0.9697177910708104,0.9640814347250594,0.9688015348547726,0.9683290795073948,0.968653167899535,0.9695499628797297,0.9719180537113135,0.9726008892818283,0.9661590365105507,0.9657900252563313,0.9679167004367996,0.9636708215695491,0.9718703752970407,0.9770295813182044,0.9698669649920043,0.9655220169999806,0.9687133915320549,0.9672077321847531,0.9686741321793053,0.9696931059854795,0.9690152045941856,0.9717661698433651,0.9679470924975624,0.9735110625925781,0.9697427302476472,0.9696876112336135,
194,2863625000,0.973888462910081,0.9698366738949235,0.9762822480833129,0.9695762785853139,0.9693175830091724,0.9689416362406168,0.9712599019330361,0.973215133401416,0.9696097732559387,0.9711058037585923,0.9624106132108867,0.9762533954726322,0.972732896982987,0.9783599955180607,0.9682821850366464,0.9692761834578296,0.9753945691892456,0.9641069071641595,0.9696125274655986,0.9683928368665952,0.9621287492524935,0.9687921866297087,0.9689433009347953,0.9669290017974724,0.971734055502386,0.9661145229808633,0.9696527659428095,0.9673893197297083,0.9718087269030359,0.966438657906286,0.9734447207473705,0.9670956401939486,0.9682390932075642,0.9674372486213132,0.965221295007883,0.9650303357234687,0.9692517117509392,0.9711127973001925,0.9686250126252297,0.9668212063640151,0.9720700953217484,0.9670251736448521,0.9715108790927127,0.9608027508453595,0.9661783313585888,0.9687371460783202,0.9717515717611209,0.9715660954005105,0.9721007971251073,0.9613627372672882,
195,2863900000,0.9756581891470729,0.9681415975270059,0.9645791973885486,0.9697410257521877,0.9663671514694665,0.9719253277969779,0.9713153226644965,0.9676161257418148,0.9679775520218347,0.970591978098766,0.9743507012066772,0.9650640945297463,0.9658988202184574,0.9629097887221602,0.9709019363940781,0.9665447045099388,0.9614950242148358,0.9780279890379927,0.9696610836837372,0.968937062201949,0.9692849220089416,0.969775082951588,0.9656084848560385,0.964330450315096,0.9689923768513702,0.9673872235466828,0.9629588822150315,0.9697318969897805,0.9619836608095728,0.9606245732692302,0.9717816991207013,0.9638245994039513,0.9736037217156293,0.9693547984277753,0.9701968769011186,0.9755515596415055,0.9621709446406528,0.9685770364282863,0.9703585371062258,0.9684835446262372,0.9709967401402069,0.964884525944168,0.9713396275118986,0.9693805053831897,0.9691375137966665,0.9687614677500185,0.9696441336293941,0.9724661606858493,0.9682498500518019,0.9687482111392935,
196,2864175000,0.9680696788102212,0.9667897853204119,0.9746280672872919,0.9661095592426798,0.9680725725894512,0.9698697454694213,0.9721049067131026,0.967357207501335,0.9644730315381818,0.9684070747777227,0.9716709246431701,0.9709460802820514,0.9801726854248881,0.9682833238845653,0.9643853771101674,0.9693594184590926,0.9768327000448719,0.9718884342610786,0.9689964639429752,0.9659366498988874,0.968735044443675,0.9720813948758434,0.9598138045629941,0.9679694799961458,0.9744109957543995,0.96902617601836,0.9734819706187456,0.965050589606934,0.9775785723189286,0.9744069581994089,0.968224769502582,0.9657982789853916,0.9683190471994712,0.9685516400639274,0.9736092665082683,0.971788924031755,0.9682812963370081,0.9714431497873482,0.9632552459876309,0.9639881350906875,0.9719817119376015,0.9685479140343529,0.9676410788130482,0.9747133688236713,0.9773639531814307,0.966078770046589,0.9707010595161986,0.9737844020961836,0.972018313682081,0.9715842237818875,
197,2864450000,0.9704399302036641,0.9752613329553472,0.9659599092766521,0.9695704563216923,0.9709786329082174,0.9652551787012498,0.9710339412575322,0.9668487485012008,0.9697629669135822,0.9728368873113784,0.9648734340647754,0.9651336849189125,0.9646669412568589,0.9696120842148692,0.9618478930671286,0.9715894248745142,0.9728147915059763,0.9673544057289721,0.9704866549795396,0.9741730617925902,0.9679471231257457,0.9775035713472124,0.9701766875127658,0.9638985411182899,0.9705051117420651,0.9687487356125878,0.9743996226509312,0.9711540320214925,0.9655024066431083,0.9731267939328355,0.9694755949979514,0.9673002424773225,0.9684845665040848,0.9666743948012448,0.9651447238639915,0.9655356515023695,0.9738359155716215,0.9690314019875886,0.9698504363801267,0.9713704322627945,0.9645295817527463,0.9772605665265539,0.9726498955125323,0.9692944181794243,0.9706360379627307,0.9770266008874615,0.9716879587824264,0.9699343673741004,0.9692976924504256,0.9726922014307915,
198,2864725000,0.9703129605443657,0.9674367169999141,0.9686679640962393,0.9714017363717536,0.9681459986976596,0.9738364629266425,0.9692077514625888,0.9679191375901459,0.9651283933115996,0.9664196633773268,0.96754833348808,0.9755982440466097,0.9761647543945674,0.9758127059836644,0.9724545432895304,0.970906405630568,0.9746610242463385,0.9741027426122043,0.960068470832874,0.9769579034781025,0.97386769891499,0.9699277374250733,0.9704374137264405,0.9690736682768805,0.9627417652938515,0.9757796305451452,0.968081315412399,0.9751761582418429,0.9747932396756571,0.971306827135469,0.9678929965768636,0.9771498127682459,0.9707603108426014,0.963639003766559,0.9713965713061024,0.9702235531120599,0.9760717562973757,0.9679374240951519,0.9692327895591123,0.9738149653645326,0.9771311242695211,0.9755242804746288,0.9732878563547123,0.9686215090140324,0.9708543056223147,0.9702397464636671,0.9739059878843247,0.9703442577427984,0.9694073666496089,0.9797645376346268,
199,2865000000,0.9701221796489257,0.9714166031094921,0.9698877591076256,0.9697347313615808,0.9730360100017951,0.9714538967072709,0.9764521548208253,0.9695588777694876,0.9725894864143652,0.9741531815966276,0.9748250590380536,0.9726557516323155,0.9714606349898536,0.9748582384293227,0.9630350381926107,0.9730203498256095,0.9679967877114063,0.9709958354283352,0.9724176664853743,0.9657399575738469,0.9733104327853391,0.9742397687350415,0.9749892536459028,0.972277657485582,0.97033416196149,0.969380789016071,0.97051317095718,0.9739462064668756,0.9661895534258503,0.9717755328770794,0.9727098725165322,0.9757141394544291,0.9684651588212739,0.9701402561981879,0.9649283947373166,0.971683134519084,0.9656733266989479,0.9739672898093213,0.9707275474379697,0.9714728059888715,0.97265581272062,0.9674142123960879,0.9693252309391428,0.9761679488139359,0.9708941470165553,0.9742499691707868,0.966188159395286,0.9713607218001152,0.9715891963417006,0.9710611579821403,
200,2865275000,0.970685416939928,0.9706646029070242,0.9717674258992341,0.9742636384092835,0.9692472902295419,0.9679909635246821,0.972697014556605,0.9718159595408677,0.9739672293119448,0.9717064678102472,0.9762528590003835,0.9785055927977495,0.9684357038134981,0.98061208351933,0.9703412237592236,0.9795339076217534,0.9737190245504171,0.9710301894372427,0.9691938022220359,0.9702906020689348,0.9749322422861548,0.9730680368909232,0.969398007340802,0.9732945107163204,0.97262408420304,0.9751932537539588,0.9770866359173173,0.9762175464378541,0.9697476245247315,0.973866267012898,0.978089079831372,0.9736241142668988,0.9709407910513097,0.9705084306381155,0.9733140581130216,0.9726822589741685,0.9681483921184575,0.9644138939923397,0.974913193830067,0.9695634501638333,0.9640958292458771,0.9722132648735141,0.9662902847747249,0.971825531342218,0.9721074162624054,0.9742235387334431,0.9732963653210752,0.9724522441768714,0.9710568644787666,0.9761631970987728,
201,2865550000,0.9838258066611272,0.9745696891391423,0.9720758968469883,0.959815465463662,0.9709908696729097,0.9707474470490116,0.9734536904622773,0.974579172538617,0.9760014539375317,0.964458426513743,0.9691393433635268,0.9710553810963505,0.9748558811825611,0.9709687830442596,0.9763117161254606,0.9769152088890544,0.9720811458797539,0.9728682167524557,0.9722752944656672,0.9773345543151568,0.9709147397168199,0.9736859819038347,0.9747210722673948,0.9711874615303228,0.9686662122255518,0.974595276440164,0.9713936899733531,0.9722235984918176,0.970903415402868,0.9731743282013554,0.9764128833221595,0.9790459261634383,0.9725359383575641,0.9757655176040159,0.9718916432465252,0.9701191528643798,0.9782651369806781,0.982092275697161,0.9747979886653421,0.9766782295621756,0.9722059225857836,0.976941113214202,0.9709504726324348,0.9758522197308407,0.974388481959025,0.9723020284788172,0.9731426359550318,0.9756541032715264,0.9786280700367747,0.9736960692660455,
202,2865825000,0.9752619940977566,0.9707796972795101,0.9686533930783506,0.979042279868176,0.9680420428297463,0.977856044586016,0.9766537713905802,0.9749334353327882,0.9746708583251624,0.9775344179597333,0.9692508993923253,0.9734813801132411,0.9766363201920651,0.9735098157362599,0.9779744506301009,0.9760338184577202,0.9831493566564834,0.9804478740391089,0.9794087761287256,0.9778814761664119,0.9801068127035766,0.9743008775972588,0.9762671471034362,0.9749273833937352,0.9744011391820095,0.9784663662402108,0.9741236257305297,0.9766165843440298,0.9743128000351565,0.9765868056947666,0.972707572954107,0.976404722065317,0.9819808175666096,0.9829670485162976,0.976619328459704,0.9801965195245381,0.9712826908881993,0.9747291009356783,0.9752572754652886,0.97317741401828,0.9717093775171475,0.9719720339239429,0.9727457859780683,0.9772339386290739,0.9735942780076731,0.9683866242098274,0.9763977224166444,0.9814680130381586,0.970642202960055,0.9756021958380411,
203,2866100000,0.9740280468018246,0.974989356610323,0.9690838494529042,0.9793000169188418,0.984445499116478,0.9733738092509326,0.9707897328998519,0.9752649039683117,0.9708497291547955,0.9770186151976815,0.9833181091776855,0.9764902079799689,0.9683690276197842,0.9718610335850695,0.9753765140364851,0.970159137623549,0.9746822039313173,0.9784931182692741,0.9742445156731628,0.9673534456145604,0.9836637740930274,0.9724245534852733,0.9747534792664505,0.9721547129977653,0.9730465256476428,0.9695210690725161,0.9793116658369189,0.9700345691009312,0.9867363017072718,0.9737981651586199,0.9822845368901163,0.9689198080913647,0.9772863191050576,0.978883397717495,0.9733825693998547,0.9768438495113063,0.9751166685089203,0.9770347468199081,0.9730484598345932,0.9757955987772814,0.9809334955585618,0.980682216108054,0.9775102963486813,0.9734769407983535,0.9821053862131592,0.9744265116664513,0.9745151573178947,0.9716120329069158,0.973461968073032,0.9801576670556424,
204,2866375000,0.984806772613876,0.9813005064370878,0.9765321366235942,0.9776090398446702,0.9838620960596118,0.9782213311197685,0.9853717264903585,0.983045338587895,0.9763996794262085,0.980186614482029,0.9819689715547991,0.9786542322384408,0.9735582682883613,0.9762365682408979,0.9813354881667222,0.9791545216152032,0.9767741998322007,0.9745191913999532,0.9774728686377823,0.9801999630290474,0.9781233271757509,0.9810233757009712,0.97497855994747,0.976231402057643,0.9778319710484248,0.9813085447385953,0.9762543471569883,0.9803995406182845,0.978390527689901,0.9812780301165094,0.9719142847078341,0.9835284352543988,0.9842984195508926,0.9773761865980941,0.9785622108798807,0.9799630686411577,0.9736755091738998,0.9766858785459586,0.9816785635268618,0.980548465076111,0.9736462789574538,0.9718073352034946,0.9796093879215243,0.9752781768847525,0.9790450796922158,0.9748694380173829,0.9775924618617885,0.9814612580719029,0.9839172460920407,0.9718331500653046,
205,2866650000,0.9798171057610564,0.9783174653635763,0.9710179505903731,0.983796355703015,0.9824305073185221,0.9773455666727052,0.9768464018891169,0.9718306417427258,0.9703880547182422,0.9839449966614262,0.9799637181990782,0.9856283005727748,0.9824822972149865,0.9821860811758891,0.9817361538816332,0.9866258547358784,0.9790355229540302,0.9712865297520132,0.9790187209227031,0.9845215590798524,0.9779228800760321,0.973289852870133,0.9736580712480398,0.9872095224415377,0.9799133750754644,0.9775270620352003,0.975520626393477,0.9769207219128282,0.9824164461693632,0.9769264210759115,0.9795175244789667,0.9779418876330076,0.9825934604716506,0.9776454176436701,0.9827304596573866,0.975800786207996,0.9835333608731679,0.9850636136815579,0.9794681095110461,0.9762962837866469,0.9801334809483064,0.9729636216370147,0.9808630580237397,0.9772048647185262,0.978195256535719,0.984270451550891,0.9788955041852585,0.9813118828401877,0.9783243440747854,0.9825599284543536,
206,2866925000,0.9811755482690093,0.9753615688661277,0.9787250385125167,0.97915800488661,0.9763187481736755,0.9804498346083783,0.9855158501823031,0.9789876365687762,0.9802606143437119,0.9814234263135242,0.9831761539814399,0.9777300370861276,0.9808889299944594,0.9786626249672695,0.9792582402830058,0.9785840062649648,0.9860042354291858,0.9821434323573323,0.9779128381555023,0.9752838105981413,0.9781021111988917,0.9768097669205863,0.979378753164516,0.9740900281948871,0.9797324832903161,0.9723473093870035,0.9819554790834152,0.9907459206885122,0.9823178744984514,0.982644374058635,0.9832580908950189,0.9821048343523716,0.9795033741622512,0.9767911753253842,0.9797063431343235,0.9792899318782746,0.9761451135636241,0.9779908084140531,0.9781317689990041,0.9782770562460098,0.984839948952473,0.988285827195956,0.9808135015167743,0.9830737730346839,0.9814381844349811,0.978236668271337,0.9819033526068,0.9780483751503872,0.9816889720484849,0.9853927030063631,
207,2867200000,0.9783182489376443,0.9853397511865384,0.9836258670849277,0.9783548794990623,0.9818991317928909,0.9796416741127398,0.9734545026839537,0.9814914971772805,0.9793464992406444,0.9753319329565411,0.9837914329315073,0.9740580593652084,0.9768148613147654,0.9851740405311983,0.9849713583079364,0.980081237209614,0.9769687654810376,0.983999621580933,0.9742100752568181,0.981407125178613,0.9861931862569433,0.9837970890983359,0.9815497021063332,0.9760319383861471,0.9854474568459318,0.9816087715850532,0.9770139556830498,0.979761206912178,0.9833490058898722,0.9800449697661527,0.9810591462493763,0.985960267638432,0.9795352355877927,0.9771383500741943,0.9836387105821317,0.980356776166183,0.9834902260107099,0.9849472159867925,0.9801167875380753,0.9825484491390021,0.9819297560186679,0.9817070983386393,0.9846642998796927,0.9807241809872764,0.9770222113217472,0.9803318440729535,0.98111148162982,0.9768991421619299,0.9833171694179438,0.9780441116443062,
208,2867475000,0.9805099211424269,0.9833567015800351,0.9831202345160378,0.9729691093207697,0.9784582363589706,0.9737570490020467,0.9813649264659013,0.9835396810258968,0.9831431464112321,0.9803353626553771,0.9806621885710549,0.9807512394944599,0.9805112940266734,0.9857834160396131,0.9799764317593312,0.9818280849811182,0.9826030487629891,0.9848577782509852,0.98834755438496,0.985792618858975,0.9769223587041388,0.977334815213675,0.9824591495972894,0.9835524137652022,0.9885293081575461,0.9792471771984903,0.9774771166231321,0.986893715087825,0.9801807286927275,0.9750002783842087,0.9814105407338155,0.9837439057016016,0.9808933900019008,0.9822272338109188,0.9812756216146457,0.9842523051302919,0.978778162397939,0.9796333798532696,0.9737813775776453,0.9762904580489956,0.9829393636677257,0.9850533292206406,0.9821181239046862,0.9789179059192854,0.9770879398637391,0.981951858942654,0.9795557304966727,0.9780332725806268,0.978914051950528,0.9815380668990887,
209,2867750000,0.9755775647440806,0.9756114213142855,0.9715190928246781,0.9862766828479745,0.9796164765048354,0.9837695286799089,0.9826129067285645,0.982078731106381,0.9756419088549046,0.9813834806418619,0.9762515360674555,0.9719133730109473,0.981612546640868,0.9811571014820436,0.9789540047933999,0.983128752214246,0.9800085226413846,0.9769638384297015,0.9712219700150269,0.9723289402128471,0.9792706539561363,0.9768242893765654,0.9770605512410275,0.9780104174615063,0.9844932819032737,0.9745694450553836,0.9817601852115113,0.973978297878965,0.9782005040564206,0.9755348943952172,0.9817523085044088,0.9758302231688397,0.9795693393026473,0.9780634650428104,0.9764425787960406,0.9823086909836393,0.9819907067429277,0.9762883744717209,0.9866473780658335,0.9757258823936769,0.9842034653495302,0.9844117959563676,0.9840759438329479,0.9763972560091064,0.9794999436159647,0.9779423002104529,0.9813909120086101,0.9787238848034507,0.9774548836097287,0.9743299959878281,
210,2868025000,0.9775838434937085,0.978609362095787,0.9815463294709685,0.9839527349422461,0.9785174317156461,0.9772687870661926,0.9862078566975224,0.9866406880638973,0.9748073072476579,0.9760280344476407,0.9828458267516097,0.9792642204135749,0.9826659868099534,0.9823893611655934,0.9783591252582714,0.9711345631609853,0.9844640205425766,0.9790553085723219,0.9752975320834203,0.9808689283004463,0.9776134872745452,0.9800974712965266,0.9794431820921059,0.9779500482365482,0.9732056523178585,0.9824726181862932,0.9698491011051135,0.9800268900811531,0.9843352697760649,0.971607123331895,0.9780972889252298,0.9814654264473485,0.9849423352673918,0.9804565340330854,0.9822071451988696,0.9733396583597893,0.9784304046685384,0.9781299359010284,0.9801205327749655,0.9780008448521507,0.9766396524481074,0.9814094858348238,0.9807682538798799,0.9773049503342336,0.9751887692516101,0.9900493768372423,0.9859868074985005,0.9784625922847718,0.9790850936088897,0.9750110100863645,
211,2868300000,0.9772214954044472,0.9744205299846308,0.9781541043469208,0.9735734053640581,0.9731619431054422,0.9765825278744392,0.9824047308201561,0.9705974446265546,0.978435240809409,0.9721283989139057,0.9784186824005257,0.981416956276833,0.9760516317468945,0.9704482508262336,0.9782826830366793,0.9779540961868459,0.9795291577058549,0.9823819986724167,0.9831816666375247,0.9762348278857937,0.979810588064998,0.9790404509266654,0.9736811276454477,0.9748477919533977,0.9754141394690082,0.9764438531946565,0.9753685131121629,0.9735234325030462,0.9830470364113879,0.9804587407841375,0.9768133856221703,0.9742824136969255,0.9759097593010252,0.9777029567258613,0.9754336829716628,0.981774479799162,0.9747036182545361,0.9728847985010746,0.968983854234797,0.9791191425745595,0.9759848345569959,0.9820517935258753,0.9746079782202146,0.9757226048219084,0.9748508076329125,0.9812709695679974,0.9797861240399476,0.9714141822234562,0.9830986698019505,0.9822117906023927,
212,2868575000,0.9792953227178313,0.9745673585407235,0.9810997840129414,0.9711966406778908,0.9740806628606095,0.9763200400335859,0.9716646928993379,0.9698349620036321,0.981070358610414,0.973982736538148,0.9705775778870935,0.9809380343734827,0.9669033732205481,0.9756255215297244,0.9848523309595542,0.9800971256731628,0.9835753408878108,0.9743900682960306,0.9814155224976682,0.9771219012316831,0.9723814071530746,0.9785264529524734,0.9779996486247924,0.977439915767331,0.9765255224505904,0.984618217165027,0.977165252597079,0.9809132628694296,0.9844877924586977,0.9762660464638404,0.9720137927191267,0.9690958765464539,0.9767728060579531,0.975131288961935,0.9882423722587709,0.9739563955436676,0.9768238580759335,0.9770212050379088,0.9754463199710067,0.9732841573376031,0.9817329044287182,0.976441231346864,0.976612088040433,0.9755889298718515,0.9689586765194905,0.9776669579994273,0.9709645150694058,0.9739499021006789,0.9719448206328488,0.9767843533663038,
213,2868850000,0.9720011329498524,0.979379275921605,0.9698936020538997,0.9714559365770081,0.9758674686251265,0.9794210410535013,0.975293470035629,0.973802069793117,0.9705592738156286,0.9723303027347137,0.9759190070960669,0.9769979447547976,0.9782666289092811,0.9711469753809845,0.9702059809678322,0.9748664804176014,0.9727723041370224,0.9829876852949149,0.9677026650726983,0.9735235202087644,0.9711464130003618,0.9674187865722434,0.9717153355426797,0.9787126212994439,0.9749647551094273,0.9757453648007024,0.9805159005854555,0.9709735559045634,0.9772263401994199,0.9771567443437981,0.9741400992660368,0.9744216861076689,0.9685877794849055,0.9763935019418111,0.9757143054363258,0.9772632553092763,0.9761826989605987,0.9802126539088797,0.974173775363592,0.9785780909797585,0.9747080801672817,0.969833702000819,0.9732652743646559,0.9741198977441358,0.9703086409801979,0.9753191789476916,0.9713831920862915,0.9774180959854352,0.9774362214912128,0.9719318378279704,
214,2869125000,0.9802489226329711,0.9785122703424918,0.9827427246901572,0.9702916980412052,0.9735285134001859,0.9713428476882126,0.9689959531984047,0.9743672410164964,0.9692681340417597,0.9669903726902067,0.9796623090054424,0.974294394069732,0.9725875390877426,0.9709257827710759,0.9666955762040685,0.9817058617125745,0.9713207318755981,0.9725892563669974,0.9781129813790501,0.9767477575074939,0.9693164733240504,0.9718982817998885,0.9729147271963842,0.9795405355057056,0.9712838996210859,0.9773003400457194,0.9729585351416741,0.9749144741851657,0.9737009620212007,0.9751958359119342,0.9756281220439121,0.9706876523228296,0.9752619712998173,0.9721821389766956,0.9749311260028672,0.972336589792862,0.9763235519380165,0.9744377207453814,0.9767272416324407,0.9705937072137224,0.9732011473691154,0.9727126719024733,0.9714199632903643,0.9782878768664963,0.9745186600757288,0.9754444904172576,0.9718932598727937,0.9750767684729515,0.9738170981904821,0.9778924114844897,
215,2869400000,0.969468007892885,0.9736664169881017,0.9718725768071771,0.971713617597888,0.9730799232813451,0.9775986047475078,0.9691195525026991,0.9718945102242045,0.971029077851437,0.9706742459495629,0.9733702124458304,0.9790361196193825,0.9711609351727747,0.96331613154308,0.9738202621354036,0.978677803210463,0.9812120857188839,0.9742091325347374,0.9660110547177794,0.980259747147911,0.9728703040675881,0.9681677781746627,0.9709289118170206,0.9692205129783302,0.9731715300808305,0.9711918058821247,0.9699300676389432,0.9704658925378363,0.9813704843254629,0.9677498743868925,0.9614246334452052,0.9760133775211849,0.9751636387022582,0.9820306634489177,0.9715485847784726,0.9716053175715181,0.9710405421638364,0.9709319685976001,0.9765211609958258,0.9700824362554953,0.9724683331921224,0.9731978251283647,0.9778136434644408,0.9757602396701393,0.9721247901880109,0.9714869837398143,0.9656117457293799,0.9682927385311054,0.9736913235384461,0.9726433844766997,
216,2869675000,0.9691014241074307,0.9732618468862639,0.9719754150956356,0.9723416368655651,0.9693291030369031,0.9760520046221364,0.9726505794693453,0.9643204186177737,0.9719363766065815,0.9792872266148512,0.9672074710142984,0.9783822886822469,0.9750557433864465,0.9619534115613337,0.9642401131870346,0.967449326058113,0.9691948284458569,0.9742589005221891,0.9662482835258692,0.9658356891548678,0.9779545817947946,0.974981170487209,0.9676091381898861,0.9722013268988379,0.9706563938035688,0.9715985735943968,0.9778256524115759,0.9715943837367077,0.9649483994522178,0.9701696472820851,0.9680728832457021,0.9678072582857364,0.9732783988201513,0.9696470331696035,0.9721901217885384,0.9721064747102411,0.9671522980300353,0.9667088341970862,0.9762212758210368,0.9734918311178411,0.9619296463753562,0.9727906232039834,0.9735236382579008,0.9727676697531331,0.9783784327744875,0.9712450129186628,0.9693135435949051,0.9755306687466694,0.9739617131738981,0.9837718655599974,
217,2869950000,0.9718289066915067,0.9718779982354554,0.9732108645887998,0.9779643982922586,0.9675856497457953,0.9756216110107677,0.972198708409634,0.9759749699804718,0.9691113910234612,0.9631722862510689,0.9724947544498698,0.9655357484126366,0.9656524213735835,0.9709889461629656,0.9714174103976041,0.9768888772446535,0.9724989142081175,0.9722137377705422,0.9698283335790426,0.9756117250588965,0.967874804749193,0.9681095240476952,0.9725157449812402,0.9701639473424584,0.9696578285681763,0.9706497283305657,0.967234506417936,0.9709997545495757,0.9708423157778134,0.9664592076774803,0.9681916580816385,0.9769636872407758,0.9668977863630932,0.9595563398136067,0.9762182588015735,0.9753468973249724,0.9683130579033137,0.9770324981154248,0.9727232339545128,0.9779260641910226,0.9707176584892477,0.9617311455344432,0.967298038989129,0.9708527868093634,0.9681933060174922,0.9717979376316966,0.9632740046695638,0.963322710257625,0.9706079157297928,0.9691517920798073,
218,2870225000,0.9685649685642139,0.9710027908046658,0.9715179935392598,0.9723737106007591,0.9762465597476319,0.9682024894999487,0.971794428004553,0.9702344250688192,0.9716455303049415,0.9653621388675577,0.9664049517736092,0.9670448285830913,0.9688231125263514,0.9700978722346607,0.9650788595481443,0.9730447339084841,0.9694879842720322,0.9722300358001296,0.9748246997665226,0.9688793133329087,0.9613903836288632,0.9722902478624479,0.9724934445811569,0.9721123009675369,0.9711235349591217,0.9674861338597518,0.9765185130144501,0.9731346451469848,0.9713829929073438,0.9736999501078638,0.9705195326982254,0.9681891167863732,0.9724409451273617,0.9630146784275084,0.9677709243951311,0.9646877635741642,0.9741072686901413,0.9670528362292515,0.9724012455068115,0.964108391537173,0.9719700132299758,0.9734350343908778,0.9660459638824974,0.971913647025125,0.9708501682129342,0.9740789152272851,0.9687997580748372,0.9703120643526515,0.9680573239123478,0.9664981927258713,
219,2870500000,0.9739143324105096,0.9697898985968827,0.9728680081622155,0.9687165100757047,0.9767167667342348,0.9702009199217836,0.9709116049313695,0.9750066323301468,0.9681223070942185,0.9635473144435847,0.96925926743568,0.9675944756404137,0.9769710527857162,0.9714368696180411,0.9729339751164753,0.9705548405293528,0.9680249648580457,0.9644700632873069,0.9698367660851565,0.9736943998697185,0.968690807348997,0.9718333372746272,0.9706505900328256,0.9643339520205154,0.9714357623175908,0.9692223051790325,0.970346212465853,0.9698932117917763,0.9687748810238276,0.9690520389731867,0.9706844461557955,0.9701164265722843,0.9687189064828287,0.9728819979527054,0.9658018275633163,0.969687785842124,0.9676661137510345,0.9679860816813789,0.9787110000863407,0.9705644352772661,0.9692363244706776,0.9690104428843689,0.9642146357296819,0.9685045657833882,0.9619138034673107,0.9734452107185492,0.9659677477161835,0.9627290958980776,0.9728344764125124,0.9714298685646374,
220,2870775000,0.9681746217232838,0.9713935829028766,0.9731147648162435,0.9704217445192359,0.9660094969880633,0.9700202458252081,0.9683364471427761,0.9775481231162161,0.9667719976026706,0.9694029653857765,0.9700448435168401,0.9694809921285856,0.9683320323898357,0.9686222329052893,0.9772160750475563,0.9711370420215967,0.9697666602783852,0.9663965283586687,0.9703978454792056,0.9699870264060246,0.96207655624045,0.9694668181098555,0.9682129571551811,0.9648736539736403,0.9710318996711728,0.9703837998000229,0.9729244859607277,0.9706681027520598,0.9665452410677268,0.9706388708658451,0.9663646582322196,0.9670408256519056,0.9700560514869835,0.963012092492225,0.9692764019340013,0.9744515899733526,0.9695260532386261,0.9659743575767428,0.9760818104998471,0.9693760102037243,0.9579771375961,0.9678383505621353,0.9716973191395233,0.966231020837365,0.9688977084774955,0.9723729158824065,0.976997364133334,0.973983370353622,0.9684553681172725,0.9693710840890041,
221,2871050000,0.9831055509428626,0.9709191669177667,0.9658247558854308,0.9709672993175539,0.9724091696446268,0.9671401860792087,0.9676192589058511,0.9682056762425942,0.9695134740306247,0.971283627579891,0.9743076801695242,0.965702010474207,0.9754257451148696,0.9693732012547073,0.9687029879581835,0.9751477857244328,0.9749425474592224,0.9673296033639233,0.9647213912121065,0.962493427423166,0.9641686652846261,0.9656226075839998,0.9726613524575647,0.9631039440588227,0.9730558701765746,0.9656673324703989,0.9678214067532852,0.9693911263056232,0.9646545411587777,0.9659478251293172,0.972030872405371,0.9717668845727476,0.9629287639766447,0.9697988148276167,0.9661057429439969,0.9723390037189533,0.9742670758685651,0.9740130769270541,0.959419006817077,0.9677795009295531,0.9700056216368548,0.975033487853702,0.9644155564203888,0.9714883710907976,0.9631429556675807,0.9730871700351028,0.966699076237372,0.9703451933981808,0.9718212282351062,0.9653648721124645,
222,2871325000,0.9717291666426039,0.97101237518955,0.9619204777095771,0.9694680911612709,0.9760964652674478,0.9678944403139472,0.972238996387606,0.9709845343752598,0.9740754616102069,0.965310247096542,0.9731196442901897,0.9664827803528316,0.967028745391805,0.970765394487811,0.9691572771034014,0.9727808074652469,0.9677725456867403,0.9738107499444615,0.9707507872246477,0.9659763793639302,0.9666854214148566,0.9799328564098739,0.9745294160339623,0.9676433958875589,0.9747494297505638,0.9727371747830734,0.9700979828517639,0.9671735997584369,0.9657382570169625,0.9747903456687692,0.9711952233728303,0.971782103565477,0.9667862411462408,0.9721250781239587,0.9707445240630228,0.972734531315213,0.9736357179378634,0.9757458696206325,0.9757274749528937,0.9666085438644644,0.9644063740330528,0.9675102914260663,0.9624773902417267,0.9733623811160131,0.9668589603297989,0.9716411110805588,0.97264502269553,0.9734918225072912,0.9737848085837489,0.9691083405671496,
223,2871600000,0.967007978559635,0.9662396585127602,0.9671913179398267,0.9725220743734901,0.9672956431398011,0.9687209730998972,0.9753976363440161,0.9695323910531365,0.965456351576679,0.9684793029019649,0.9699826998299098,0.9704432276782616,0.9698991293144813,0.9678486065734974,0.967485442136211,0.9636000407060635,0.96870157343461,0.9657385107469459,0.970511200516406,0.9696886571960576,0.9752371279930209,0.9632383079574479,0.9727092298192354,0.9729656186037782,0.964143931981191,0.9683603728270194,0.9782452464106526,0.9679354061157408,0.9749982707939764,0.9700582320066065,0.9700609519942296,0.9730080214776353,0.9654974646627723,0.97433111771782,0.9763227211720993,0.9604268614188585,0.9638858146088535,0.972393373695456,0.9732857392476474,0.968686365868714,0.9729679457743543,0.9715540743967127,0.9719354815384657,0.9667910017163776,0.9713234713046707,0.9715073304207027,0.9620794971756069,0.971647234161124,0.9650793457041552,0.9684159338044115,
224,2871875000,0.9767490959052082,0.9668459463599377,0.9727716178091748,0.9696139037894526,0.966912831653553,0.9745282225835941,0.9693808199817259,0.9717029269340249,0.9780086252970703,0.9689267100554356,0.9736901077179726,0.9664578346557516,0.9734496325728371,0.9700529957352025,0.9755810936796896,0.9696191563142272,0.9704033641795725,0.9682397199938544,0.9713002667653234,0.9736505428382125,0.9690086256399716,0.9742140596715972,0.973379867255379,0.9628432348042558,0.9741732874012555,0.9655350686059155,0.9721807687695846,0.9724290294893644,0.9732519244366387,0.9736874176164447,0.9774050942868702,0.9649102813002851,0.9722227284411932,0.9662101639359264,0.9714428687641881,0.9743585555736115,0.9701720141265974,0.9684512445450078,0.9777370896941876,0.9748389727740444,0.9658072694899331,0.9740552204895897,0.9719008287301536,0.9754962850035935,0.9770806097979828,0.9770710768426968,0.9690574678034886,0.9686095009283764,0.9722161144300021,0.9709057608232421,
225,2872150000,0.9683635870222798,0.9681400658499102,0.9724407200573995,0.9727443781015827,0.9721845760707102,0.9746019051030592,0.963727185723718,0.96640447046165,0.9719849079996281,0.9741169184014303,0.9650680390942203,0.9687572241072776,0.9707339579172138,0.9691651691427674,0.9773293825768905,0.975085360735018,0.969299712937073,0.977688356046861,0.9626075341832991,0.9711591261681743,0.9721062484970029,0.9793620409092032,0.9760608955986343,0.9790118170864157,0.9720216047299703,0.968258624448065,0.9694528877307494,0.9755144303191299,0.9758708762661785,0.9736542598627932,0.9746913200087153,0.9727961085843254,0.9743870373146611,0.9676026571505465,0.968301902631571,0.9766643512842228,0.9708902683886282,0.9735017161075294,0.9731952994046128,0.9736511376696158,0.9725431683452478,0.9718097358093445,0.9713717796424448,0.9718992965395059,0.9734127178263327,0.973290582952,0.9782322974100821,0.9700455703958237,0.9677353786124663,0.9732782864142854,
226,2872425000,0.9785815865754162,0.9809280924380595,0.9757363930219634,0.973644088704036,0.9695958318046048,0.9753043604351548,0.9739573106955062,0.9809716952606711,0.9762821824851515,0.9704036501667714,0.9788211650205517,0.9752114933107661,0.9749889698078705,0.974682249585604,0.9708314459305094,0.966043348172363,0.9755040148038497,0.9712669890797632,0.9772747238160026,0.977073827629602,0.973169520728577,0.9701420339279578,0.9675490785436505,0.9747090038164689,0.9770174629008818,0.975738580865087,0.9682929106625036,0.9725560840837724,0.9686278007767865,0.9671125904623962,0.9732043103809576,0.9718367135244903,0.9713100241889701,0.9700355439271724,0.9754158115331706,0.9712780411714982,0.9680061263187197,0.9739185015139588,0.9701882666729053,0.9692763053360185,0.9723261448519158,0.97577393402333,0.9741634225041046,0.9661681762637131,0.9752612583159184,0.9757502373593437,0.9634966735163742,0.9708196299357699,0.9671695517803699,0.9782332991201284,
227,2872700000,0.9750978735357515,0.9754885848795218,0.9732341155500934,0.9743802830607957,0.9770061070731336,0.9779238269739017,0.9723082438774526,0.9702888348109565,0.9783056426969243,0.969419969412547,0.9775355634821417,0.9755915950635674,0.9708276620081352,0.9687095233649444,0.9806386124255271,0.9767319728396969,0.9656929490780396,0.9737133659860915,0.9690527530959488,0.969049475934816,0.9757197307137091,0.9693527208087513,0.9671682681022441,0.9767029336838191,0.974787202880702,0.9706267739903381,0.9722573005892745,0.9706133181963758,0.9777694937827687,0.9710845415383113,0.9715459203676318,0.9766936873729245,0.9718738483925627,0.9738341931535621,0.9678382771235964,0.9689508942245888,0.9807009476280564,0.96811165025147,0.9792137132995475,0.9715183538672595,0.9769829412306261,0.9772259747350799,0.9727491641531741,0.9816151796525212,0.9770089483393244,0.9705505024768444,0.9729123142085614,0.9755064693504851,0.9729360560378195,0.971581698828189,
228,2872975000,0.9775420271874071,0.9727000249529488,0.9698282002105841,0.9702735908171168,0.9769847951260728,0.9760845408142929,0.9750833698586112,0.9760716108406163,0.9750822524310663,0.9747240852046598,0.97472396729828,0.9703761009992327,0.9674094698901643,0.9752395287499072,0.9782959920637166,0.9749110706662665,0.9733841466549048,0.9847590532649788,0.974375040045999,0.9773117059380229,0.9713655619261193,0.9777809426405133,0.980368702996821,0.974290217872691,0.9825039114533562,0.9760239325406677,0.9774539160393292,0.978615534447909,0.9689153504255685,0.9772752580834935,0.9774942357371045,0.9761866384785791,0.972502011452453,0.9735318762108636,0.9764792542060867,0.9715945824939992,0.9718825505792276,0.9732807156962726,0.9742063976330131,0.97016847966738,0.9772889065169543,0.9765935564123869,0.9783956223089534,0.9761177699747013,0.9741114057269117,0.9659023199941879,0.9750548255583478,0.9759153013743567,0.9749064436874092,0.9719261839372948,
229,2873250000,0.9751282239562628,0.9735738744694125,0.9778913146875489,0.974086781814277,0.9736543434226899,0.9745311310945532,0.9754645179638309,0.9776912307540592,0.9786562110370428,0.9813473371191681,0.9658622754529925,0.981855456485911,0.9694640464451209,0.978845169027834,0.978940741092312,0.9730921153900701,0.9682415693401585,0.9781133912366202,0.9667404258575634,0.9817906488821422,0.9811824679588013,0.9821559683036899,0.9798608608287475,0.972224117801972,0.9790299194410228,0.9757717420960849,0.9799264644391336,0.9782318915265626,0.9741602434041399,0.97241646231129,0.9761156290009922,0.9728290077314932,0.9795662854649558,0.9694269354393945,0.9823075632155269,0.9790287222576106,0.9742916186401863,0.9768303431144899,0.9714405044951026,0.9796542528818813,0.9677764173582659,0.9761741257752407,0.977288460696459,0.9698485255132596,0.969396896185276,0.974928512622756,0.9751895275517258,0.9781389437545561,0.9667414193569522,0.9810834789760485,
230,2873525000,0.972837859204927,0.9780695256644883,0.9812005237900587,0.976036386271766,0.9770837441760909,0.9798317569531448,0.9738472731927649,0.9813218215791985,0.975943961700601,0.9782985659626324,0.9753630103497716,0.9749414190724347,0.977400294258193,0.9710042924016866,0.9750244362894687,0.9769956570508804,0.9742926566540774,0.9772624325018849,0.9750163348561186,0.9800547205629467,0.9758173906059142,0.969968726833746,0.9764696946691463,0.9788445057547305,0.9840114176171182,0.9719792948062111,0.9823729154898315,0.9744421376896772,0.971739671665075,0.9744665961361412,0.9713716354241534,0.9705846776602256,0.9789109977844825,0.9814045093878284,0.9798263344489684,0.9781060928741651,0.9742530797776275,0.974549504663274,0.9763859586482314,0.9804353629004255,0.9788035239674661,0.9712448281311122,0.9821913413872422,0.9713868413936495,0.9792628547630361,0.9729965582138714,0.9746655272355805,0.9787903718604447,0.97909210612341,0.971782795571215,
231,2873800000,0.9742158417660226,0.9811014753628117,0.976690770425706,0.9797918828465363,0.9823991715629455,0.9811021022054507,0.9730937713162638,0.983259447887464,0.9789435218606206,0.9787553729586089,0.9798398083318939,0.9757048394673771,0.9800492043793585,0.9787215340255108,0.9809052403168187,0.9783046519860708,0.9757925782985134,0.9759059280607267,0.9731559218676465,0.9732207150138737,0.9689059429941888,0.9823085243204497,0.9745886209916977,0.9764756042610121,0.9768927716846318,0.9762728254743915,0.9751332982564191,0.9802121755858559,0.9822599956449933,0.9857140687841341,0.980366256036176,0.9755916102176758,0.9795234807416745,0.9774922923256004,0.9822441629121127,0.9735876336929513,0.9774422418249356,0.9868668749631759,0.9810341674936569,0.9830077669610068,0.976950018227866,0.9786573901861927,0.9751651871955995,0.9773861625467688,0.9817653915120714,0.9740805708845763,0.9836053451561008,0.9783830267441971,0.9780011547487903,0.9748247002289743,
232,2874075000,0.9771957484735972,0.9771220314995647,0.9764138918310539,0.977298424774014,0.9746960726165503,0.9808201567267211,0.9804104675262608,0.9792871215394253,0.9773165060735503,0.9762626212666509,0.9733921961860569,0.9814003375864244,0.978070418296158,0.982223492355848,0.9785360961449096,0.9763904986934454,0.9812706944290791,0.9707561156412157,0.978086761144288,0.9782685443588943,0.9735239184533876,0.9735721363840939,0.9766904216560677,0.9778182005020367,0.9804137556641491,0.9740281952510298,0.9775931638911404,0.9738183598089564,0.9684386889507841,0.9773443552626078,0.9742897575973236,0.9833862678545178,0.9732046552961,0.9775617207301969,0.9796409724647579,0.9763749599316428,0.9834597136798037,0.9749322509330167,0.9770329107692328,0.9727990715558213,0.9726036218052502,0.9715369052128501,0.9798940982224985,0.9753127820157984,0.9862905778280352,0.9793894359461971,0.9811228075940964,0.9739078772796305,0.9766086481705191,0.9813242395066282,
233,2874350000,0.9780595256386623,0.9903690771319581,0.9825562006348907,0.9817592363656155,0.9750067317263158,0.980744068368747,0.9783735274202773,0.9850456642857445,0.9772903285916119,0.977652426674885,0.9761276287573832,0.9856777853493212,0.9821913563092552,0.9703276188161113,0.984290157606645,0.9761053239553078,0.9851081841232914,0.9750151828806471,0.9791861380191575,0.9770070468766983,0.9787829323499311,0.9765951860617543,0.9788982501370413,0.980442629890232,0.9822447196110405,0.9755196692925168,0.9774899004477545,0.9777653487560737,0.9717539178297087,0.9854999876189895,0.9813369479318699,0.9781181514879131,0.9805250425605564,0.9756936651665468,0.9754396584961443,0.9803714324207404,0.9859275813987511,0.9811233393886699,0.9806103818057212,0.979964448909968,0.9746409919148177,0.9840271286050688,0.985232379768353,0.9785426950158188,0.9779007435578999,0.9757160298709784,0.9725290166284049,0.9731442917487834,0.9751679060080252,0.9761181563332088,
234,2874625000,0.9757210389811874,0.9800757405915168,0.9795690128909487,0.9774899703689177,0.979015973773192,0.9781312553508251,0.9830923943815785,0.9831081099183568,0.979741458632831,0.9765038895345183,0.9825373803218387,0.9848089788506165,0.9719730749765456,0.981027808585894,0.9761476902871267,0.977192374330639,0.9798719204332377,0.9784816696895937,0.9759534793157706,0.9790743227045776,0.9742379019454359,0.9751115383460726,0.9769123671618071,0.9762159740785551,0.9794812672115335,0.9784948131684246,0.9838731732755788,0.97831160795979,0.9698653982599682,0.9777235820773267,0.97584581461348,0.9796052732980225,0.9793811678511596,0.9818583568207689,0.982086828788412,0.976304908543954,0.9803769759336575,0.9785189272165775,0.9772867645712099,0.9813395496300403,0.9824064402696956,0.9785296550665153,0.9825486228429273,0.9812762900893834,0.9878945829413772,0.9758970637630169,0.978392103103576,0.9820973396414883,0.9838109054589345,0.9792227117753818,
235,2874900000,0.9850371357655023,0.9768343162684918,0.9727948507151992,0.9763505118333184,0.984171104672534,0.9789811031812513,0.9799177488267153,0.9821098167502956,0.9793317977606304,0.9740658871088552,0.9881849310624363,0.9856813421516938,0.9776213885090517,0.9783311242476993,0.9810308676870408,0.9784946555618763,0.9755403750452405,0.9789895432548248,0.9792451788500199,0.9799582055633415,0.979892856769684,0.9790924052934722,0.9793770795063799,0.9871719693880318,0.9821375010403088,0.9815787551958927,0.9830737579758532,0.9770655695256079,0.9899241527494401,0.9820791513822066,0.9746082072135938,0.9812964656766888,0.9853402207276517,0.987700473413361,0.9800292076050586,0.9824529562983533,0.9755654011235122,0.9816532465952271,0.9790564147889154,0.9854701074233605,0.9895123226658522,0.9844832371984852,0.9739331540926234,0.9782565088805272,0.9794475851372737,0.9721397596525805,0.9742338953284936,0.9750645302433602,0.9816735893169357,0.9825815707624519,
236,2875175000,0.9822255263037933,0.9800276998647882,0.9717487038940937,0.9812890948086171,0.9790690544072893,0.9814694847544574,0.9857220332498612,0.9797867071833044,0.978134189560196,0.9831598344730622,0.9838171588815444,0.9815215680893661,0.9776921771179488,0.9783065969380108,0.9852588602341311,0.9809589593270575,0.9804659869781855,0.9852942126496679,0.9860527436857278,0.9808844173510113,0.9820301587639155,0.9778902290785916,0.9804654563982197,0.9785360675494814,0.9806263198259496,0.9764053642093213,0.981992537217603,0.9736638162390184,0.9837459095334271,0.9796872223905171,0.975058354349045,0.9825408419818512,0.9757633108785724,0.9840366865194227,0.9848349605590914,0.9779771490302216,0.9881631643385999,0.9798538158230955,0.9754050098895549,0.9839994657102583,0.9843472783774979,0.9815679148915551,0.9833746329431535,0.9736420556631636,0.9738031244987605,0.9848816878779867,0.9784876571158757,0.9774713491515491,0.976528643428966,0.9819090170780859,
237,2875450000,0.9864583381691926,0.97763446330229,0.9850596027132699,0.9777336681378341,0.9788291641479181,0.9816572555622634,0.9777002420714797,0.9811966629311403,0.9830153507771694,0.9786294283426997,0.9812014287699481,0.9764681005580844,0.9825775150525198,0.9847989057867921,0.9806625445187527,0.9812096372366761,0.9858214555464013,0.9883216149064938,0.981528783808314,0.9766612277591192,0.9820983443895647,0.9848753709581434,0.9782003488234319,0.9861447818684296,0.9757151528701394,0.9784286769479513,0.9795047347152668,0.9840684459113835,0.9918352410132674,0.9880627355427167,0.9772555556445742,0.9861641741862016,0.9842874770835421,0.9772705937249482,0.9826101124908347,0.9896353182496982,0.9770422940658383,0.9790844219018444,0.985209054668454,0.986959014221587,0.9788019534293716,0.9833155654954789,0.9903052604621885,0.9832209578059594,0.9821851769803779,0.9789874999510294,0.9792925929066916,0.9817102732490127,0.9794338012020276,0.9757090641182299,
238,2875725000,0.9834508086491673,0.9828404608936124,0.9807859174388676,0.9803478995617793,0.9815542664482536,0.9840742517361262,0.9753041762755076,0.9783731233265441,0.9798101473948957,0.9810747609959752,0.9824759267837004,0.9834494790005172,0.979137993464334,0.9813441002605157,0.9759320605899321,0.9864244869609262,0.9810269350265195,0.9830041164405989,0.9809438715346422,0.9795474306492474,0.9795913266378988,0.9801920729477266,0.9828793758421189,0.9757519122923275,0.9823722843888246,0.9804305791648967,0.9788289592667698,0.988888705423109,0.980604767851291,0.984262027436803,0.9844665980067074,0.984637451242656,0.9790284667380759,0.9820158823554471,0.9804544172150668,0.9812794326753108,0.9843412293982824,0.9851662605930278,0.9748008085311544,0.9881892236474397,0.9816962098824983,0.9842055771440288,0.990277288599689,0.9863377070780693,0.9844974018370627,0.9837295099584167,0.9842041982560713,0.9803626728880948,0.9949180479423377,0.9849281109711367,
239,2876000000,0.9817066535072794,0.9854967860770943,0.9824403684805942,0.982971388192679,0.9768992557230748,0.983906622898815,0.977387086674802,0.9821994038127986,0.9793847201204078,0.9868734803608176,0.9847572437277409,0.9834412694188049,0.987210074796805,0.9901903322779517,0.9852005279040952,0.9813929583465817,0.9742376284541745,0.9879863624428233,0.9809538154582642,0.9781246261405575,0.9879842604468093,0.9912187536607785,0.9788992429408017,0.9819936382861129,0.9851373097758804,0.9832940576462209,0.9869217959563854,0.9809871736203665,0.9873310412405238,0.9728539019550637,0.9840900956589897,0.9820096874822538,0.9839275239025012,0.984907670286156,0.985093898507872,0.986939548155322,0.9858526890024053,0.9818807421084139,0.9836995858197028,0.9811421548741338,0.9820280758245097,0.9842944879186629,0.9814353400566729,0.9826339629667816,0.9891733695993115,0.9841839490909645,0.9838970342139703,0.9797032694765421,0.987916903299568,0.9782206071812446,
240,2876275000,0.979861936351791,0.9853028938372682,0.9841887808253007,0.9875672898817165,0.9810665957381497,0.9883995759137977,0.9840380004824271,0.9830152894049576,0.9855640300082129,0.9753485131200437,0.9822927066646271,0.9928213653771795,0.982917698303718,0.9819530822966901,0.9774732899369148,0.9793901659564317,0.9827646605767575,0.9821213676074132,0.9779200862198203,0.9754904114565245,0.9819327372669657,0.9864027066281361,0.9819945372678783,0.9819192133791441,0.9829451452216978,0.9892697464489321,0.9826225612018431,0.9842478559947135,0.9883451014515533,0.9849414219209736,0.9865488116093198,0.976609604202422,0.9827049949713178,0.9828676591738602,0.9858056870321742,0.9846629457202666,0.9765820735307821,0.9846707758621764,0.978788773058314,0.9901513083686125,0.9789398377701737,0.9775315196029433,0.9781537298817334,0.9812984327054257,0.9880126086779297,0.9868192422585241,0.9942725092637087,0.9804367763894072,0.9796955073895307,0.9850886276352597,
241,2876550000,0.9822393541947086,0.9789368849531039,0.9788554224240272,0.9880780198442273,0.981087359923903,0.9883231454387679,0.9913886633613211,0.9868079735185925,0.9865784246785094,0.9833476636709103,0.9754261477739297,0.9756032100284101,0.9830331428006968,0.9855466548782809,0.983409973803774,0.9884391473360642,0.9774565057147414,0.9793052169176677,0.9715889396217147,0.9871458120048646,0.9848746103251727,0.9802767712189123,0.983882542409712,0.988288207175613,0.9860039629614868,0.9904461701011008,0.987214354154623,0.9815831985923142,0.9856625852364764,0.9791573590360573,0.9807533634681425,0.9822356749410232,0.9767631774164203,0.9805679816023196,0.9867851058325295,0.9819031895919574,0.9832210194321935,0.9817443439545533,0.9829892725001408,0.9893746033048618,0.9842313228117235,0.9855852193446719,0.9771082162883227,0.9894736254702742,0.9879153087802508,0.9810612268616884,0.9824277711635023,0.9903075423390372,0.9795148381092603,0.9819247103726515,
242,2876825000,0.9956675897527493,0.9922188558299542,0.9856020237656075,0.9843094578246564,0.9773639039941131,0.9845121603829535,0.9850907525864538,0.9874845457366056,0.9823906903432669,0.9863181102573255,0.9851910212141198,0.9833831106543206,0.980556906746891,0.9803072754842855,0.9777174558183012,0.9860215240175718,0.9823722825947928,0.9815189955391188,0.9909427996505774,0.9847249870955983,0.9805053111611237,0.9871211632527063,0.9872732649001672,0.9878345144076249,0.9788148678257923,0.9845969263177667,0.9838233560237183,0.9852704707251598,0.9900803138353218,0.9843313235093505,0.9838930245286315,0.9946191503361559,0.9879220865325229,0.9855245587613846,0.9842567710544984,0.9824049025743573,0.9947685767686238,0.9766549411929882,0.9863750707885486,0.9797968510151428,0.9862922273896688,0.992464229913757,0.9851172197695526,0.983855744527463,0.996010350020268,0.9830692395285499,0.985991748390304,0.9863717740512248,0.9839618839680416,0.9855329807241257,
243,2877100000,0.9790819016764356,0.986482528611333,0.9875469749273226,0.9820319642040738,0.9913039912482706,0.9847108584725037,0.9944520260258534,0.9948161117014914,0.9850909200446621,0.9868462628098711,0.9852918600193008,0.9876630121556884,0.9833709323632654,0.9866528028556312,0.9844614676776848,0.9858047773887916,0.9892215689186274,0.9850418534448289,0.9842814141024574,0.990264120202784,0.9846594390543643,0.9854155577301337,0.9835703422050297,0.9824878897325714,0.9854511995870631,0.9927095975898145,0.9891362867972621,0.9840404226477629,0.9832631125634589,0.9927780115437677,0.9881090102153051,0.9873589448946215,0.9828567335504294,0.9914332742084236,0.9951757621924254,0.9848382184068134,0.98800391639803,0.9831537038784289,0.9851293049416632,0.9793403315650339,0.9900932864560169,0.9855945713576058,0.9842625730304866,0.9862866309688074,0.9800353836650418,0.9884764238292351,0.9924041175341792,0.989216473359944,0.9818700234451792,0.9831933056909075,
244,2877375000,0.9874886882843573,0.9849935878128506,0.9913601406063672,0.9868660075296231,0.9762125587537213,0.9865645494126891,0.9885079674808214,0.9820535763381261,0.9883150839301003,0.9846359274929891,0.9832199222107962,0.9861245423251854,0.9872464581994165,0.9863402719164721,0.9854294810891535,0.9833901302129511,0.9889947070673055,0.9871886558139161,0.991816300055373,0.9833030033902922,0.9906671056440448,0.9875668825820266,0.9859968224365029,0.9882867770392016,0.9914416440097384,0.9832100856111192,0.9857835792171376,0.9883645217434718,0.9882342609172706,0.9804560735320864,0.9871678392228079,0.9860757083856192,0.9850422714333296,0.9940021674704573,0.9836084418195672,0.985393763926969,0.9884363306116203,0.9851759225128471,0.9847805201333186,0.9827126325170537,0.9811535306926178,0.981379477670241,0.9852761922370074,0.9874648047357208,0.989370196707948,0.9851219875534859,0.9839729910901809,0.9864113764002574,0.9810877705800927,0.9765706142276006,
245,2877650000,0.9929377926135124,0.9862451138506624,0.9831828173686732,0.9880375389867546,0.9829816785425739,0.9904619901646631,0.9853110575780031,0.9850537589287499,0.9897961967839496,0.9809403481140191,0.9888538301045542,0.9845908253630132,0.9833805171776286,0.9871051956287715,0.9859833222398966,0.988519256666784,0.9858484770764181,0.9875949226121746,0.9861512017718372,0.9904858265066945,0.9920822378057648,0.984938122257193,0.9846517025766288,0.9932209125623989,0.9862172906802998,0.980958793173926,0.9870161600274909,0.9849091025449686,0.9814144717031462,0.9846976496440483,0.9849759048115807,0.9877051446613293,0.9827917390315276,0.9829950738128284,0.9898131676689687,0.9887313773409677,0.986340644717669,0.9850239775268357,0.9882317460364087,0.990831047890975,0.986175538443965,0.9878414412752582,0.9862611440826535,0.9849229091710928,0.9888925476581638,0.9856776874732127,0.9907370361829791,0.9866674844155559,0.9888217865189806,0.9895444449239079,
246,2877925000,0.9909529371414714,0.9854620822071241,0.9869271537540866,0.9861585207733383,0.9930828945273992,0.9833027804904114,0.9907825155642732,0.9928920239391235,0.9858645142629816,0.9852198188957876,0.9767288795594514,0.9941663821528324,0.9872152269431518,0.9824044292290817,0.9926083965529207,0.9877617711586458,0.9892243378034545,0.9835500651529362,0.9880873181781326,0.9923514508115182,0.9976577873034939,0.992436011309547,0.9842681678861654,0.9787789262296238,0.9890855380941702,0.9840731185453421,0.984468147053517,0.9943899144095651,0.9925529361807233,0.9834301376330777,0.9873242256008097,0.9942314178875419,0.989236130393004,0.9853029860784602,0.985745700722174,0.9903365199121203,0.9817609041343313,0.9882469365792376,0.9883913958448532,0.9881500000112554,0.9863297881237387,0.9917957442727032,0.981205072659045,0.9914912212971291,0.9875522519392074,0.9862658093597116,0.9906719125375419,0.9821055094004628,0.990018243877863,0.9874150161527785,
247,2878200000,0.9859652358931058,0.9804417136995075,0.9927143322311349,0.9918887845522059,0.9989495237100855,0.9888489919277651,0.9839170500093912,0.9866989991878331,0.9913175375658742,0.9922235859370382,0.990867663156975,0.9871025265870423,0.9828845157845303,0.987841029079833,0.9889909130855461,0.9894083378637727,0.9910914824029107,0.9868530545029803,0.9885507773331622,0.9872218936682754,0.9882956432252279,0.9897818181082723,0.9878641419903417,0.9901736940001999,0.9851658284640373,0.9934421807846764,0.9881197648461623,0.978628965644936,0.993625064215653,0.9864300925741892,0.9920036790521121,0.989581141536047,0.9862116141361787,0.9922860557225377,0.985682283016277,0.9822287344615797,0.9771646739143981,0.9875588955234157,0.9858894693895414,0.9850975163045848,0.9910184707269454,0.9827439241051031,0.9895332514104687,0.9843275516192342,0.9891388722883913,0.9859270077910737,0.9827685823838556,0.9864934368206099,0.9971372793404084,0.9903634140132218,
248,2878475000,0.9925888123023012,0.9895515930306504,0.9917412860890588,0.997951808108955,0.9857305881070372,0.9877950923936305,0.9827101437197381,0.9897930980622763,0.9883066413928006,0.9834575408295505,0.9849842895661349,0.9901196761021495,0.9939015378144455,0.9916196252514897,1.0010732318089255,0.9824691739400655,0.992672356273466,0.9890103336619034,0.9882519312479565,0.9850281593512591,0.9877523027395422,0.9842172159391135,0.9889027972459408,1.000015325302219,0.9873380190633474,0.9891723186894158,0.987030038610069,0.9886128478207227,0.9835305241632912,0.9904763635536243,0.9965072286233971,0.9901359173827364,0.9901201431690018,0.9896196655219188,0.9920298558765867,0.9887699080308319,0.9895402560103407,0.9970643850363284,0.9893373456478992,0.9899766416546526,0.9848420536772113,0.9917021023075577,0.9934109139638716,0.9918578170753468,0.9929676980126037,0.9925385300895936,0.9934424371875814,0.9932254687169445,0.9881018201069396,0.9874211200229724,
249,2878750000,0.9905317858459483,0.9876770611331815,0.9842306710484674,0.9906696194064645,0.9902256646796604,0.9900382130756107,0.9870055770891121,0.9901766897426586,0.9916625759124398,0.9913028628288156,0.992330177598321,0.9919675283092264,0.9913782241268477,0.9871126821309938,0.9827571316205956,0.994311021230658,0.9922502846589973,0.9943245672526112,0.9840516815278917,0.9911805240241693,0.9850666281560729,0.993019696173853,0.989916685966296,0.98494145679455,0.9942679676161392,0.9894220421353034,0.9933884895530072,0.9915154561504403,0.985403703522463,0.9804166442688724,0.9915185563503861,0.9875211466230065,0.9833799477262191,0.9854611988292453,0.9850942278390824,0.9896061042449867,0.9945896125225446,0.9894541345974743,0.9936124426889799,0.9930213416321209,0.98834092658857,0.9919423831818309,0.9910643208060272,0.9891211291784338,0.9849614498102025,0.9888922016893849,0.9808437835515927,0.991607859950253,0.9855410233856099,0.9902512561299153,
250,2879025000,0.9897317439669483,0.996761906814513,0.9823458059028959,0.9854080584142857,0.9882455802772644,0.9832474848171101,0.9907381287833247,0.9870742120490461,0.9903154300373674,0.9846537466101186,0.9888982097144227,0.9970304586959171,0.9895395216276162,0.9846455667629626,0.9890138137540601,0.9913880526871149,0.9938161731652575,0.9919639204067405,0.9899541115810258,0.9986882573320606,0.991474960382191,0.989164599426675,0.9880540847570075,0.9846429030763371,0.9902654935255845,0.9842680977146971,0.9869745495895248,0.9847554436750041,0.9900977669065794,0.9913154642180143,0.991911548464912,0.9814922372078887,0.9921062917920019,0.9843567714196341,0.9845357818903606,0.9860057674545187,0.9929625006826742,0.9894676500312202,0.9917641596749105,0.9880434632547431,0.9897199480264868,0.9908944586057383,0.9881195304802998,0.9941747411405436,0.9879223626527861,0.9881022968579447,0.9877359524743125,0.9904121915961783,0.9915573984000825,0.9874458886195397,
251,2879300000,0.9825519642710806,0.9838112146740577,0.9875162830622476,0.9845019522714128,0.9846389875383392,0.9895927507018142,0.9863362196065677,0.9912751993368908,0.9922350881380696,0.9879978879200724,0.9972204560562956,0.9972198366803137,0.9884692276779609,0.9866426693440775,0.9843012374308084,0.990446099849641,0.992923076072065,0.9916196738900461,0.9853115994553178,0.9896411775470668,0.98951753806815,0.9841304254124452,0.9845302553769775,0.9883897359539437,0.9891741688355792,0.994038867355992,0.9823378349215767,0.9886249707374507,0.9903053775270264,0.9926955255668711,0.9933990157286618,0.9846977136166878,0.9878268865581292,0.9919841039703907,0.989948137783079,0.9842930678316599,0.9979063341300594,0.9866116178208955,0.9818388070894891,0.9952063938539999,0.9858901978106563,0.9891727647456978,0.9842626361871007,0.9906857194973372,0.9891398394575505,0.9923972285235642,0.9934570655624118,0.99109097668483,0.9920070094787262,0.9859280681597882,
252,2879575000,0.992717842321426,0.9857461927233352,0.9934730740540783,0.9839721854674301,0.9902901194011028,0.9903811263063226,0.995667595525579,0.9823363282061235,0.9897413677021099,0.98711348558919,0.9938289028273075,0.9939427035419597,0.991908402289938,0.9921469636022013,0.9891148002065572,0.9930314050437948,0.9922089999340923,0.986528953974448,0.9882071341702521,0.991128539573155,0.9873618937260417,0.9912263730927589,0.9852628670717055,0.9928568166995004,0.9890868947961274,0.9841371043820082,0.9917161458747871,0.9887475332829646,0.9891580714009145,0.9994049839882185,0.9916963508144757,0.9881817025078627,0.984641131177445,0.9983448114436504,0.992029595886009,0.9947656456652728,0.9904693052538227,0.9903493736377263,0.9905640945108016,0.9898249397375097,0.9928689215093055,0.9880244475114939,0.9837588292818683,0.9874580606769655,0.9825385004287798,0.991718972809875,0.9904463514709559,0.9964729800100907,0.9930046842204756,0.9954743035055565,
253,2879850000,0.9838447560073701,0.9952626168337521,0.9915992643119732,0.9897714754977498,0.9840694182606059,0.9869292266827868,0.9900200181795191,0.9937551617766647,0.997186704317586,0.9872252713279229,0.9917685162280406,0.9951757512153993,0.9848129677981432,0.9876140736317465,0.9910267234929365,0.9936579676655417,0.9884948830122211,0.9859126545361478,0.9902544756139625,0.9873957466310482,0.9873645552401618,0.9869431285290412,0.9910680231828216,0.9974936484974322,0.9959760658585494,0.990041889635161,0.9931555365912977,0.9906360116327435,0.9909184966015944,0.9905366761667522,0.9839620083987349,0.9849735364353444,0.9922977141162358,0.9902757116003581,0.9961059732001889,0.9894573159929051,0.9886156334685622,0.9938313095203977,0.9915505546289805,0.9906500609482198,0.9928180173374948,0.9970630686715003,0.988303240494963,0.9814517303132587,0.988753890108709,0.9918026856386137,0.9837735166844445,0.9835468640620593,0.9846123617174829,0.9944150996152458,
254,2880125000,0.9921673814165518,0.9904071204208245,0.9844758718578709,0.9921635630194303,0.9893084008585472,0.9920628681153124,0.991659869434924,0.9905780248989392,0.9829106686064062,0.9923559438410582,0.9878324362482443,0.9957324671471333,0.9935209062407823,0.98987112725009,0.9918728584127288,0.994742063840504,0.9888149033132089,0.991286502249061,0.9965111743917431,0.9891855939912607,0.9864874194979513,0.9845560565116398,0.9913800299714272,0.993280103050271,0.9933413669443178,0.990830211131759,0.9879369738858139,0.9842318730586241,0.9930369076796912,0.9862495021534756,0.9873648369387961,0.99599097194361,0.9869191249664355,0.9904297089787476,0.985526897163799,0.9864391447415026,0.9952114064420606,0.9948114269399497,0.9905293197324653,0.9897713436111089,0.9805406171905127,0.9873744754203745,0.9986652594459595,0.9895073674661029,0.9926937323061299,0.984659961198749,0.9925227054807578,1.000171673116665,0.9876440808643046,0.9886069567585837,
255,2880400000,0.9927107281583962,0.9892887651200781,0.9877726792427365,0.9921706399716305,0.9886710523788641,0.9965510420842039,0.9866443045223591,0.9983051372918862,0.9936267237302531,0.9865375094331721,0.993433417316248,0.9940773639036175,0.9901993612319406,0.9955593386426219,0.9910086200719,0.9900696581070121,0.9915248718321062,0.9944676068165753,0.9892758605074401,0.9954129819017637,0.9915076149607325,0.9879602202560989,0.9971033841648048,0.9873348827588794,0.9909826783104582,0.9843105394626106,0.9920311102209616,0.9829114848205298,0.9932554071034787,0.984430757066592,0.9905581763729328,0.9923509543560814,0.9870799872739088,0.989037064602609,0.9907891000084196,0.988917225651705,0.9842062391153962,0.9899854461443524,0.9856259999378921,0.9944853659195232,0.9938825935634866,0.9931864040208311,0.98404661031715,0.9882128059891058,0.9894542554369389,0.9865086245201269,0.9976290133650043,0.9876401112701885,0.9855435387756262,0.9922507448778614,
256,2880675000,0.9937158416326621,0.9937529548259697,0.9877405223241569,0.9892495848581027,0.9995885204664162,0.9949697621762419,0.9972407367331019,0.9876075329736835,0.991519476597745,0.9903885925046482,0.994942226323637,0.9906424830219128,0.9904106705768134,0.9963729797742407,0.9948128614335042,0.9879937962022578,0.9891253333744353,0.9870727139518354,0.9845453683797258,0.9936687561926921,0.989241110117223,0.995153879883921,0.987711133985017,0.99686057112659,0.9875189435494981,0.9937127939963778,0.990897772185586,0.9934185974404309,0.993832281837558,0.9931508230538556,0.9932198399961794,0.9869558984926612,0.9926430051569488,0.9884547286800819,0.9887044744343129,0.9840551641795736,0.994792955262971,0.9935049739976716,0.9900315055779786,0.9954393397154038,0.9929381522541235,0.9925178510159752,0.987047737539623,0.9940677884223555,0.9918363046432149,0.9916444397102849,0.9975509045151897,0.9910528287511849,0.9914381580326207,0.9838315065159857,
257,2880950000,0.9941822730232242,0.9946114633738268,0.9968335063572151,0.9831081220391193,0.9943087054753873,0.984859799279192,0.9908410203029145,0.993636353130218,0.9900186872730351,0.9879506341493599,0.9885761413738079,0.9885936024095909,0.9962047643744492,0.9919476260752738,0.9877088888331601,0.9952503421748764,0.9895203946075798,0.9924369799693934,0.9943614841906883,0.9867937526079259,0.9946285205718349,0.9964590626264943,0.9961408124253501,0.9978362585873326,0.984282373804469,0.9971605618702921,0.9994175923178246,0.993907056977408,0.9926041998878409,0.9884363280822052,0.9926452096372815,0.9960254762726556,0.9903539633085043,0.9912182636724324,0.9942107535669741,0.9964989904959816,0.9953356445937813,0.9941511566059973,0.9951289617367642,0.9883327595024305,0.9949877260590008,0.9934444979542234,0.9910186417887094,0.9962784472650181,0.9958737802741748,0.9950297848573985,0.9878356180352635,0.9947846148056192,0.9901579786951965,0.9881186049758603,
258,2881225000,0.994020756331,0.9879800728227714,0.9882608586371319,0.9863915761830013,0.986054834467312,0.9955356439332232,0.9908619620291355,0.9929328622181203,0.9838727590928835,0.9930029333761896,0.989943149877393,0.9947837062981467,0.9968156089743431,0.99676355390418,0.9919305149063422,0.9970133619801804,0.9937592583745717,0.9881871554630811,0.9898418531965665,0.9947008284947015,0.9846342588611634,0.9907853126546662,1.0011917617851525,0.9992676406429442,0.9938148155141724,0.9880467071748201,0.9947693534957824,0.9896126007935675,0.9919606105196738,0.9882054255917175,0.9947186811181923,0.9918579111620736,0.9878445165145547,0.9993018879919018,0.9893021284585841,0.9862245126883258,0.9901205047059741,0.9934885956128607,0.98391233134893,0.9911220348132003,0.9900776402810022,0.9943528641176873,0.9997451194035369,0.9927199647163338,0.993596424014849,0.9908970143264391,0.9941898719155594,0.990356244105785,0.9996402350626986,0.9965326465357599,
259,2881500000,0.994476641350941,0.9936701328345444,0.9951389929675284,0.9929056109825932,0.9971434869242942,0.9934967875297663,0.9961725922828963,0.9965182572651009,0.996334427563888,0.9918192431985624,0.9921696963490645,0.987058569810841,0.9914790613034158,0.990035410760452,0.9916130431159479,0.9952887633766904,1.004773847245276,0.989957766078333,0.9960592929842317,0.9911179067191248,0.9902364242281666,0.9981167884357571,0.9910005849825752,0.9896677459742577,0.9948008374131803,0.9938322183315126,0.989488391859194,0.9972218326924734,0.9965431904015745,0.9936871219884411,0.9890624774772501,0.99566568416889,0.9914410968237657,0.9946549173077862,0.9999876225944557,0.9951736176922547,0.996368796265153,0.9864424773705971,0.9873864250429978,0.9965467883925229,0.9957022668524406,0.9999389426112895,0.9924577513125575,0.996931722164245,0.9961192932084524,0.9950479407916288,0.9888313679579437,0.991178889742509,0.9872275422623292,0.9926262925642323,
260,2881775000,0.9912913889163061,0.9911292583891421,0.987335616520997,0.994794931924041,0.9936377667668045,0.9949505033115315,0.9969030512496002,0.9897728605816108,0.9945016808236758,0.9925563523874914,0.9902136562492666,0.992402254020112,0.9913558594401071,0.995897157026917,0.9990801985666947,0.9974957377997031,0.992645652148268,1.004263686570575,0.9956553719046579,0.9942989302102321,0.9957160739938641,0.9957003370127602,0.9966608847151768,0.9939123156652084,0.997697335823306,0.9879213543564659,0.9926620528359978,0.9943071160321793,0.9927364709077449,0.9935997747900257,0.988377407885646,0.9983785787784246,0.9986647489583598,0.9944545394727794,0.9951491738931904,0.9865147078444504,0.9943827440725,0.9891647588365118,0.9953431182372836,0.9948236832549857,0.9870310494723851,0.9888834412300933,0.9915747816326345,0.997230633606758,0.9899413833371177,0.9921274501820644,0.9928637957369362,0.9858116775541013,0.9866085859215081,0.9924985137899689,
261,2882050000,0.9969223378305716,0.9898075951267211,0.9952016238553514,0.9917882881122053,0.9858956469795304,0.9959694343711807,0.9948299520287627,0.9924638595280008,0.9963845028853641,0.9855494952528907,0.9893422308206286,0.9909104070685788,0.9939898228682384,0.9935691910271142,0.9911653735539855,0.9890373423784776,0.9995600063086059,0.9918811005670615,0.9917374563675744,0.9902660879852346,0.9919075586552166,0.9904333985937206,0.9936950217201342,0.9961796614344902,0.9893928488885981,0.993508743410561,0.9924533020621764,0.9930360535702066,0.9885036272025477,0.9903448726571382,1.0003756832210633,0.9941980170777995,0.9914062398997191,0.990574883108298,0.9948630227710676,0.9858498757898237,0.9941598328454093,0.9937472035578097,0.9866442659673065,0.9992708611221373,0.9919226621239619,0.996527856960037,0.9936557332534061,0.9969054273093719,0.9934089494756541,0.9932016159686399,0.9917811608084537,0.9971782657380819,0.9932551285002528,0.9948767779631634,
262,2882325000,0.985521764393011,0.9952515551684332,0.9926380524118072,0.9934777704095762,0.9935538080064447,0.9967644228457432,0.9906718031191397,0.99239867535991,0.9923472098495538,0.9888994766343695,0.9951512004438126,0.9931218875834211,0.9857223521397606,0.9907468581466307,0.9917173251645878,0.9980511825026427,0.9923702936310782,0.9896736001891974,0.9949305577417539,0.9931007885924966,0.9927534642679042,0.9986705722771154,0.9967708650027031,0.998530742396933,0.9981802338562615,0.9927341647471867,0.9938784269015677,0.9924637238485793,0.9908940579424266,0.9976210731684682,0.9960764881060927,0.9904742379214226,1.0030220047713423,0.9929571683130187,0.9954062438875037,0.9922003461841984,0.9916124327838581,0.9954791244302629,0.9928121501279337,0.9969158822812154,0.9916798430341239,0.9922796402399013,0.9937483532103999,0.9895522395909297,0.9908682373198424,0.9966862352014209,0.99801177380218,0.9918235915221795,1.0028817900563536,0.992534818802036,
263,2882600000,0.9893578225525586,0.9885152804721542,0.9976545323375706,0.9927826216274088,0.9924108581939821,0.9985492461022266,0.9976032816468723,0.9983349886337136,0.9951524661040665,0.9960527196077343,0.9859802540993059,0.9963036981601924,0.9909756178479023,0.9874914907419519,0.9917231384118868,0.9955113615956008,0.9925995160778318,0.9957903757234043,0.9907113889165171,0.9906632316974431,0.9909282919328284,0.9928277084729871,0.9992326121156728,0.9911755884862058,0.9921000595170042,0.99229204413935,0.988450824069734,0.9924156109915577,0.9892795787960752,0.9927560884263442,1.0021298083085977,0.9928990000209875,0.9998535352223115,0.9970061901046628,0.9897552009619239,1.0027833879541195,0.9857418990557697,0.9930799576811034,0.9964991542265128,0.9892773855664313,0.9950032516500696,0.9933991143807654,1.0012753308059186,0.9855699029530913,0.9933334282836034,0.9912152164183748,0.99561309575486,0.9917877795540202,0.9901123504631988,0.9976204214117399,
264,2882875000,0.9902225826283677,0.9943266073109424,0.9980848907822704,0.9962922516138747,0.9976642500374798,0.9977448494520825,0.9938645908669743,0.9895740808713099,0.9935940573410638,0.9931100942690688,0.9905515522329487,0.9875712789548015,0.9929939031246751,0.9966731004951116,0.9894877061314756,0.987611562419534,1.0017480772503902,0.9828791560380385,0.993360352984753,0.9911901253078897,0.9948523808199039,0.995161988953893,0.994820640565037,0.9921816892229246,1.0007913474329664,0.9922608627527363,0.999858844474476,0.992794916783924,0.9929142174315779,0.9970131800323044,1.0015126163835995,0.9918476613191042,0.9930764283847465,0.9938276739944986,0.9943343133683941,0.9966325219611484,0.9922513593695313,0.9958629825549306,0.9897787917818825,0.9933095720550812,0.9859598180149589,0.9980682967181953,0.9945619618334477,0.997341000721451,0.9968560641253155,0.9942462628579092,0.9955862618210816,1.001203359721796,0.9930041445225452,0.9924229226421365,
265,2883150000,0.9919161114452524,0.9954268134580582,0.9906295950853379,0.9899231973027497,0.9912198733407303,0.9991164911430556,0.9926851031322467,0.9977026170424146,0.9913893767659353,0.9952224195471163,0.9924450066559217,1.0011792217617375,0.9968446007569606,1.0013302080277635,0.9904633646158612,0.9931844754391581,0.9931154113393281,0.9943361834676471,0.9931826077285189,0.9947971313684663,0.9900135131303579,0.9936541188256566,0.9912523118576746,0.99096906760423,0.9948011212892811,0.9890936744207814,0.9995005929839853,0.9958445153830153,0.9941181916772882,0.986824416217909,0.9984129724898304,0.9963112510302929,0.9997720791022306,0.9935829501441314,0.9956051583363386,0.9970649228213221,0.9895504239112093,0.9954199865290442,0.9955331937505791,0.9912781631809477,0.9939079097563588,0.992802777358017,0.9938497868220768,0.9900444180506116,0.9904915548609262,0.9865980747269372,0.9961474540636024,0.9946457003452545,0.9926047216366994,1.0001381556095288,
266,2883425000,0.9933263833168682,0.9956383412733925,1.0012804993952247,0.9988338900669544,0.9897004686632607,0.9960251897271901,1.0003111689816537,0.9951924108847711,0.9923765227341991,0.9900053357578211,0.9997603017734936,0.9981786877040576,0.989811822597602,0.9978142817130383,0.9940222675387536,0.9892142497277564,0.9938359125738311,0.9923543577155487,0.9983566805452847,0.9890679231854872,0.9926162988646184,0.9918968602992281,0.9988537955943959,0.9970035793022414,0.9904887947612722,0.9963813832213508,0.9964440046801568,0.9954643104235544,0.9963524454086446,0.9898131580086676,0.9873837690431752,0.9931676473215795,0.996049566340366,0.9895296423214732,0.9995989439499767,0.9945390313985033,1.0038012343330285,0.9989871279839807,0.9957749443300132,1.0009605279757197,0.9954780918974888,0.9961834648968974,0.9922152171047759,0.9997125260928093,0.996603784071546,0.9946737350498663,0.9886656679438213,0.9919277314682715,0.9978053813551253,0.9921639354738957,
267,2883700000,0.9979885691635868,0.996290666912563,0.9978147090015027,0.9951561555816031,0.9912700056136019,0.9882077238693011,0.9921539634746269,0.9969902121599663,0.9956888456688523,0.9939403565189546,0.9963902076226654,0.9888195935528697,0.9939068071374224,0.9960661531548083,1.001852608110252,0.9958986041489936,0.9946335433928305,0.9979674343669745,0.9933099305875118,0.9834914331814593,0.9947659243587917,0.9905230135678857,0.9894107001809547,0.9986039162527774,0.9929506798323224,0.9964971971839653,0.9926914989193204,0.9913938958304348,0.9973406872701029,0.9898501648891835,0.9943819068553699,0.9913084232851724,0.9950854608402964,0.9908818054028233,0.9971337930026155,0.9944575084394227,0.998107335811662,0.9939400221017689,0.9959500229637116,0.9950400614119139,0.9991900017271338,0.9993898479075394,0.9969369837630246,0.992345620353256,0.9955453679502555,0.9985295050350259,0.9882738678421263,0.992762863919568,0.9978694081963927,0.9944270114263825,
268,2883975000,1.0007575157324744,0.9961726253973152,0.9937082707767588,0.9993999917682455,0.9963111036073335,0.9918067639756525,0.990753608459531,0.9998841426568535,0.9979718498632885,0.9972538506702454,1.0003043226906903,0.9978914345484404,0.9965871774599848,1.0012935315119287,1.001015064734446,0.9912815920444196,0.9942284794202414,0.9973039855840516,0.9885635766935912,0.999744733591969,1.0038075140556113,0.9953160369212081,0.9943427129291671,0.9972503170229913,0.990919998677824,0.9989111166244491,0.9961326535841867,1.0026258572250184,1.0009687119460797,0.999900807734252,0.9905336862445123,0.9905390238099895,0.9992600579283665,0.9956933808217068,0.991188335910129,1.0005746691620403,0.9994659749676551,0.9984243946743004,1.002824414353247,0.9987681537205795,1.005245825436309,0.9946064143796086,1.0032669269727055,0.9921136248740287,0.98214855519629,0.9929917492085689,0.9955450821948234,0.9955921623473447,0.9999462473194785,0.9947301654378855,
269,2884250000,0.9929213956334879,0.9891690426184188,0.9926250327535727,0.9974113108936802,1.0005847701262005,0.9968471590338375,0.9955293696244962,0.9941090537667613,0.9907180082884905,0.9849636016490888,1.000684390120977,1.0006832047016576,1.005066688942066,0.9941474968327167,0.9971460662417356,0.994361056478179,0.9911384919401688,1.0030176881048694,0.9945882082051358,0.996072761563619,0.9962568765111035,0.9922272835450354,0.9971419239615159,0.9911864655462397,0.9924127740141563,0.9966108576986683,0.9963242804218759,0.9938198209250121,0.997729073829905,0.9900904950449165,0.9909631914158734,0.9957480896924393,0.9908984358160909,0.9973379230173729,0.9951706522961126,1.0011370570977232,0.9983888317139119,0.9962028668202273,0.9936662251867291,0.9944587598532753,0.993988874307134,0.991938105895167,0.9932688844434325,0.993360612426886,1.0004834326669152,0.9927458009919946,1.0009999772949427,1.0012698118459007,0.9936708538014488,0.995752982971008,
270,2884525000,0.9940375659886037,0.9950582786721108,1.0000005775190097,0.996046310030594,0.9907231975539467,0.9870032532347561,1.0034409109793858,0.9999706777485883,0.9943486107239049,0.998687869619077,0.9963838948259718,0.9978510474532557,0.9942172268250176,0.9923531722311516,0.9939018962916643,1.0003617284199184,0.9942393102024178,0.9934785175016019,0.9993191314404836,0.9902381586207671,1.0007516330950987,0.9922933463656338,0.9941527048468631,0.9977748868564789,1.0044884389247737,0.9988528467190446,0.9976388012582917,0.9956861327402672,0.9977879416970366,0.9924730669221931,0.9983635758584337,0.999272342454786,0.9983556478552885,0.9843903495546007,0.9944332440134274,1.0027125426435313,0.991203743218427,0.9972091915989799,0.9979785328315831,0.9971378975981504,1.0064282439459744,0.9963365841672036,0.9970944012502904,1.0002918834713868,0.9843991224018291,0.9958143257616093,1.0016805893151748,0.998433117068822,0.9907039310475542,0.9911063686554464,
271,2884800000,0.9986086288844249,0.9978237282757404,0.9988067591804468,0.9953067505241476,0.9937187466241426,1.0015952760567357,0.9928806267499947,0.9967931587839597,0.993704395019281,0.9969300881956221,0.999308232202262,0.9950961182693978,0.9989452572082473,0.9991734792089527,0.9945682498828412,0.9902773620198836,1.0022907097331037,1.000876337445702,0.9972862370211684,0.9969851117211428,0.9930607346907542,0.9903786606831945,0.9998893656743809,0.9934924124710631,1.0021558319888142,0.995559809003301,0.999965213853794,0.9898021620043463,0.9992267531112909,0.9921388616354818,0.9945754279090511,0.987563852149096,0.9956021366605463,0.9938115103142434,0.9958822182991747,0.995986990553393,0.9914395855844418,1.001513281275786,0.9928805729258631,1.0009110955717997,1.0004522322889984,0.9925921128850808,0.9927140488757119,0.9953987159761838,0.9943758302291048,0.9957753997214654,0.9953944920408588,0.9980839648379678,0.9998054787712797,0.9903490047964453,
272,2885075000,0.9972537834069072,0.9940049838877173,0.997441477688858,0.997957111904586,0.9946168192562268,1.0071922705610394,0.9965779393293726,0.9916218525722807,0.9969473019399293,1.0024131775645462,0.9986567368206345,0.9980023786771612,0.9994291200863437,0.9959089883101051,0.9986996287290342,0.9954049961395851,0.9947445330372909,0.9965791419753954,0.9990165160279724,0.995597816656817,0.9992784009291569,1.0007903225138912,0.995547554963975,0.995101415316232,0.9942870699450113,0.9949767166884899,1.0031163005660997,0.9873906503053819,0.993709393821625,0.9908517063647158,0.9946327030191967,0.9996206602229728,0.9956353434404007,0.9955364199010772,0.9963183391625082,0.9932967916457737,0.9981313870911769,0.9955027819341595,0.9925496143949457,1.0001951212992577,0.9906253514812003,0.9916650441655981,0.9952738006868822,1.001199954660694,0.9980697883484941,0.9931078824656254,0.9968956691848664,1.0006407015985936,0.9816707259370958,0.9974862261242421,
273,2885350000,1.0027331356589662,0.9963817908939155,0.9993385981008114,0.9941913135986113,0.9914850131408771,0.9984800101316241,0.9991269049832651,0.9900594851836875,0.991843354108836,0.9883449079953552,1.0034549161727362,0.9980459231208925,1.0031901473705032,0.9957079982863437,0.9956322977850116,1.0002689782350165,1.0028050274407376,0.9998162446292731,1.0028921973698195,0.9988978165724162,1.0009031081467632,0.9964547287709946,0.9899751303593263,0.9965014870085486,0.99732152494472,0.9972463519419607,0.9892745511702593,0.9996517444420295,0.9950278447192072,0.989703907254411,0.9987831196250073,0.9935271585027121,1.0114804694479902,0.9917094529603896,0.9907942445830121,0.9960875654043146,1.0001116279500835,0.9984462104606004,0.9902656153114184,0.9927661522451801,0.9953330086145697,0.9969431393507486,0.9999430799391442,1.0000599153924987,0.9942189303393105,0.998061811817297,1.0007793130704072,0.9939480135005523,0.9995870655184314,1.0020716444231124,
274,2885625000,0.9969215360738078,0.9926568762719031,0.9978282996459782,0.9926715952613009,0.9955560821499635,0.9998577061780649,0.9950335076879776,0.9996643803022837,1.005513574728077,0.9975791380744715,0.9882857467639123,0.9962288093211034,0.9957940142385203,0.9929288530495058,0.9972791685698867,0.999021255498133,0.9954381761541063,1.0028536465836069,0.9990382539184296,0.9915186842363425,0.9971336197633329,0.9974721682264113,0.9959561418544265,1.0000890206850739,0.9924994484854622,0.9945638984617631,0.9961959679940365,0.9965682248482529,0.9959148866222166,0.9971643918872072,0.9946263751117771,0.9858221035869682,0.9954598093130719,0.9898984777691259,0.9932342705514466,0.9936830434962564,0.9987625446303356,0.9994374542045666,0.9875895535359226,0.9995029457264695,0.9918672825730124,0.9988998364670012,0.9991912397670853,0.9937677623044923,0.9915697460111447,0.9948565501490249,0.9999444710518497,1.0012172752871131,0.9956943795161819,0.9993861772616475,
275,2885900000,1.0000461471421707,0.9990016237669638,1.001888641912711,0.9965660973879308,1.0002964124012954,0.9910623433089646,0.9937888204942423,0.9905745275102728,0.9941059861416258,0.9970796806251419,1.0011377029692474,0.9926326524989864,1.0025281794923135,0.9948632730090745,0.9924841126553868,1.0004669912542143,1.0009031935265615,0.996608496368575,0.9966346533853139,0.9920410639073102,1.000220031928558,0.9981347879078614,0.9952677745089697,1.0031463330333172,0.993930151929393,0.9934641525303548,0.9961161070486189,0.996145230451286,0.9996327420786538,0.9973104287403305,0.9975335227436773,0.9958076981002622,1.0018143378740372,0.9907818514302417,1.0005483205324506,0.9995234998452142,1.0064959072084532,0.9991914590323782,0.9944455675042781,0.9963323134262693,0.9945969012949243,1.0026385589059017,1.0012292730443901,0.9965005273259534,0.9942462255816152,0.9886731918141376,0.996414215225867,0.9914222987603327,1.0022750585585727,0.993710021929301,
276,2886175000,1.0002724267231007,1.0017366097027944,0.9972646845995549,0.9971560636738368,0.9934318102764892,0.997668858928963,0.9964458542039543,1.0030534938143585,0.9956177184268844,0.9975807844289933,0.9967383696736202,0.9957983892653252,0.9988911037268327,1.0005623318795798,0.9966474996479517,0.9980038575717767,0.9993397926071922,0.9984136529145509,0.9925265648098464,0.996674504654376,0.994840142423964,0.9977387961918112,0.9985160558526751,0.996839261047075,0.9975343154225672,0.9924704472027813,0.9985226374067349,0.9926442085452227,0.9987334447123584,0.9945803855208762,1.004657877456884,0.9969786374196566,1.0001958527120443,0.9918774911607278,1.0025210259571886,1.002564336532743,0.9990496230350675,0.9983053127733177,1.0020043528979363,0.9959294841566648,0.9965730348257812,1.0002730991265432,0.9943516701567753,0.9958528707186697,0.9948836331048133,1.0029860761864136,0.9922350017615473,0.9949821838866532,1.0007723400287494,0.9996309602034035,
277,2886450000,0.9940447058050017,1.0035953475865058,0.9986237859397207,0.9974444436255405,0.9992298101902036,0.995886300044572,0.9958025765307412,0.9973760309976365,0.9977649060491721,1.0032123913602347,0.9947464177548332,0.9979755514622072,0.9949407472126838,0.9922634987123936,0.9966248226769416,0.9954906811554343,0.9916272167014519,0.9949043687105635,1.001406815502605,0.9979428415431265,0.9990765548137313,1.0017394412340115,1.0004787644261948,1.0001416410584827,1.0046081486314213,0.998988565369226,1.0039555771783564,0.9920728385378798,0.9914182802143263,0.9941959328704055,0.9964196246544796,0.9984955572682332,0.9972273640501856,0.9944760411697259,1.0020018003126852,0.9917948922249745,1.0005648797118933,0.9953533111055437,0.9940682861637844,0.9994570306923599,0.9990049248745702,1.0027069266969968,1.0026584667939338,0.9992210527229489,0.9981045098119304,0.9892904638580249,0.9987649134463109,1.0002285236634023,0.9963176338628084,0.9927820102599599,
278,2886725000,1.0052776874054272,0.9951768839666533,0.9972900726812299,0.994550756320719,0.9943335871976289,0.9910137329532456,0.9985180004086153,1.001465510163536,0.9970444610265763,1.0041433241241629,0.9980123884328991,0.9953147868467996,0.9946207194576555,0.9896866860525038,0.9966265091057614,0.9934705884786327,0.9938099511927408,0.9937373418765494,0.9959043146969764,0.9967889402014097,0.9945404361587236,1.0028644901790498,0.9918949457575195,0.9975155685845539,0.995748236980299,0.9990639939906264,0.9928565089147667,1.0003500607696432,0.9991763216069741,0.9982303677711716,0.9942507599498323,0.9959477831446104,0.9984702057565712,0.9923219374123627,0.9966346084248393,0.9971036621522144,0.9956629502219488,0.995835373098315,1.0002747024537033,1.0061758762523327,1.000331387344072,0.9988618703659463,0.9977397519019902,0.9964007329223629,0.998901682085836,0.9945665101621382,0.9915635024648877,0.9978819373633904,1.0007863063545506,0.9984487875070643,
279,2887000000,0.9961205604379848,0.9994542932419487,0.9936747508790803,0.9970604528517325,1.0001844080801645,0.9991336496745219,0.9967612831718388,0.9972278195957838,0.993268915472873,0.9960483965340948,1.0019555975893188,0.9903301261233157,0.9901549211906101,0.995887410879531,0.998524466162677,0.998103961111931,1.0021454084929586,0.9992161928473211,1.0025099318244255,0.9975697160518759,0.9929891780855127,0.9990634849423742,1.0012965138241277,0.9992787703246238,0.9967649188194497,0.9978331440172938,0.9946937928552568,0.9927932428518409,0.9968876996521626,1.0031764811572421,0.9931550406879882,0.9983554112603952,0.9928231200501939,0.9988713474964975,1.0002721587648093,0.9940489864275002,0.9973134351820311,0.998037162249061,0.9997004878126166,0.9944276479392613,0.9986033606807266,0.9964183639780646,0.9980322829955264,0.9967242137259404,0.9993042384801595,0.9983444896879232,1.0000875603138624,1.0000901231356505,1.000672251509538,0.9972703534982055,
280,2887275000,0.9926307319170303,0.9993200036181762,0.9981662272231118,0.9954591451566013,0.9937435603535294,0.9971731923196739,1.0017269318461266,1.0031395250859756,0.9989385483582041,0.9874314528294456,0.9961239994168027,1.0008976455972824,0.999424804820572,1.0040221532280291,0.9991902259105819,1.0001980619724185,0.9985776892849129,0.9983732234848539,1.0034174681617278,0.9940945143225227,0.9953791700193473,0.9896583899241538,0.9995018553853777,0.9993408254659164,0.9909993612013598,0.9957240845365223,1.0019937895348658,1.0018146881345842,0.9993879791100425,0.9925925406616873,1.0055046380318926,0.9980286000088354,0.9965785064530943,0.9961828901798148,0.9952539840532661,0.9923697876784535,0.9939863647637732,0.9944463051488323,1.0033254057211152,0.9965604016729269,1.0026048485226786,0.9937336385942188,0.9935844747280603,0.9979304067165896,0.9987543451142221,0.9993849034592955,0.9976743038453828,0.9993357380797204,0.9949674443009796,0.9968466862580102,
281,2887550000,1.0025308272726177,0.9881420027839317,0.9958652621514626,0.9960584546677071,0.9971617153993181,0.9961509900795861,0.9909941452979958,0.9939650824224485,0.9964309678222022,0.9964703637729161,0.9944223111316842,0.9984916081259344,1.0026205372339538,1.0012468246747548,0.9965688709743923,0.9948028245412994,0.9969482286954205,0.9995232683894395,0.9974910444160923,1.0025730876340648,0.9979485648461128,0.9925667707706244,1.003211699272577,0.9987151270498034,0.9985137773618261,0.9989711119258932,0.9982723319746309,0.9990653550590356,0.9981806195803083,1.0009459878295544,0.9953411244289793,0.9952297694527182,1.000000639756351,0.998325927088593,0.9993836173096167,1.0006088166103884,0.9945762394178552,0.9974739962603659,0.999326929279262,0.9980381583932505,0.9963090824924844,0.9952675868368639,1.0006018919019106,0.9936873078970766,0.9971505950109023,0.9947424495023482,0.9960628962506844,1.0056432098413262,0.9953477913025577,1.00948279764719,
282,2887825000,1.0026774124775693,0.9963668417143928,0.9959825914281547,0.9984440456618977,1.000096381545046,0.9963745747506791,0.9977522678857614,0.9981804308247624,0.9962720229813851,0.9946833178454308,0.992481988705151,0.9969608695870984,0.9940308273365108,0.9894913749751167,1.000014469530857,0.9972006781833744,1.0003392430540694,1.0032553475825707,0.9964480153762514,0.9971082301165265,1.0008950567939536,1.0013011158038085,0.9974302155602032,1.0015338232976918,1.001184414620044,1.0018160959690745,0.9978078336393982,0.996949406937494,0.99534623146349,0.993313689672416,0.9998393351289502,0.9972350212586844,1.0010592469795851,1.0001695494238734,1.0000996684709866,0.9908500000664252,0.9978103507320755,1.0000407019923006,0.9957018895604977,0.994982393928137,0.991212057697863,0.9986947972456541,0.9953979111020737,0.9980345464180735,0.9977368995826283,0.9908256569055437,0.998480627873821,0.992654638891876,1.004530168287751,0.9961785434853769,
283,2888100000,0.9990939786837778,1.0039999819737981,0.9955747570805358,0.9969392417006089,1.0028891000181714,0.9954321821259036,0.9973658037486614,0.9986321885009367,0.9985527092400235,0.9938569197754756,0.9991852588125057,0.9994336800424599,1.0011389367909957,0.9969929038687085,0.9893851382151205,1.0016835339550287,0.9942342131592794,0.9990479443515721,1.001048997705529,0.9969560319537891,0.997968039204829,1.0015745768721047,0.9987090552863073,0.9968375161614929,0.9980935422035376,0.9976679564897055,0.9995734818749519,0.996551966906211,1.0045082260685139,0.9955867437201602,0.9984177019533337,1.004284696517621,0.9957324564710157,0.9937059952154761,0.9965035121706339,0.994393389009322,1.0047134382647007,1.0006059422813696,0.9947058771801394,0.996358757394435,1.003359596790245,0.9941063112258037,0.9998924756603325,0.9974102199346873,1.001832426345984,0.9994915062452215,0.998699882213715,1.0002743572401973,0.9903971822175873,0.9973032573816634,
284,2888375000,0.9948097903588558,1.0018267243032193,0.9953873969962773,1.0084732804550334,0.9987448428410683,0.9952534997569704,1.0013606297400102,0.9965933479801867,0.9962148539937172,0.9913892124471895,0.9991801027048112,0.9951607147017157,1.0000445065190686,1.0027248027063813,0.9986124439527652,0.9996414477848451,0.9972719003304764,0.9985948509601266,0.9984063157103347,0.9939877545868104,1.0013373276531934,0.9972373356163781,1.0018843499973311,0.9999281858983775,0.996140763134455,0.9938890589296002,0.9977734698039763,0.9938408451306011,0.9950956001470063,0.9957050698716394,1.0067338066176805,0.9959813326339552,1.000621683609237,1.0024983725192806,0.996903630496028,0.9910974198322184,0.9922523914099414,1.0021252418854567,0.9958177673394869,1.002246394329063,0.9923334604464147,0.9983495086284454,0.9926004576238354,1.0054375215449844,0.9917618877600362,0.9915605534380587,0.9945318349611909,0.9982943215900819,0.996009527400996,0.9969452481452097,
285,2888650000,0.9912825467433473,0.9877673242169812,0.9956236698014302,1.0006922115161205,0.9958447741502446,0.9989685704536214,1.0019679728573494,0.9947728658925549,1.0031918953927699,0.9964731179466647,0.9969615033878384,0.9961441302026796,0.9962936837321339,0.9985305793467791,1.0034835269271736,0.9975931543138161,1.0015463988427087,1.0005549916267906,0.9985263487406267,0.9934798428998403,1.0028541932976376,0.9986034912587868,1.0018568166677986,0.9988501954855827,1.0012110232791145,0.9992535010381032,0.99401977044078,0.9941536574514475,0.9933456142872152,0.9961493216643733,1.0012114221139914,0.9974375107927775,1.001382015989731,0.9977403212306151,0.9953828130948574,1.0015853080495547,1.000233932325771,0.9988135012575031,0.9924193705476322,0.991050564208971,0.9998553123098016,0.9990014355278806,0.9959190829040934,0.9984035399484663,0.9987302901487338,0.9987725706241362,0.9933525766812101,0.9979831487251368,1.0057022465176004,0.9942883901369395,
286,2888925000,0.998067439139756,0.9979620841068014,0.9959899681300823,0.9912127170151307,0.9893366525826445,0.9972706226281508,0.9970232488345213,0.9949158837183938,1.0012753830220855,0.9993874305844213,0.9950135401730215,0.988326824222868,1.0003791192617084,1.0010250721787988,0.998120874363733,0.996180582908723,1.0073246636175723,0.9960278669148958,0.9986974360983942,0.9955204525685009,1.0005933552429158,0.9926201983455444,1.0004046299782359,1.005193347086781,0.9982587501245732,0.9954375214417264,0.9902134110341837,0.9931164094106012,0.9999802966426221,0.9923622338557986,0.9971034470522671,1.0012987050406208,1.0027812404669538,0.9977922634481493,0.9944021875013963,0.9939512009210473,0.9970695112388793,1.0028407620680821,0.9983613666480122,0.9940480495897763,0.9927461914729697,1.0007320097788697,1.0079323370832114,1.0062718195651383,0.998982375177573,0.996280729259781,1.001125275129201,0.9987955574142837,0.998667194381886,1.0012230100882007,
287,2889200000,0.9950912555213219,1.0031140761648296,1.0063858312208056,1.0001818849816768,0.9936407520004839,0.9959480923099188,1.0015473172697944,0.9995741526863503,1.0101728461251431,0.9995522766698546,0.9987258086742599,0.9938310945903791,0.9999187208692568,1.000744903093367,1.0059866413010676,0.995415015845859,0.9968269846634735,0.9941150510732024,1.0014457357442632,1.0025984846682334,1.0029144888196089,0.9977889379981858,0.9956359672883918,0.9921697833281402,0.994601685765452,1.0027967208208426,1.0037033230976637,0.9910127917610194,0.9973385258965541,0.9997589858065984,0.9961197018455064,1.0028010167820178,0.9951574057349744,0.9998168248788012,0.9931076364848548,0.9990624627093465,0.998556820400363,0.9934960669342736,1.0026792839442682,0.9945232918269099,0.9958031506416116,0.9967694073635164,0.999991402446105,1.0016879526892593,0.9924104965567567,1.0008713943982752,0.9973795684469635,0.9980825900629127,0.9967693796924693,1.0036222639474763,
288,2889475000,0.9969332257444009,0.9929400698813562,0.9977105905125405,1.0046693689835107,1.006750033280322,0.996073634819804,1.002410748118522,0.9954663205861392,0.9957971878870308,0.9957206698283336,0.9972923583760088,1.0023222967982193,0.9991828767701759,0.9993285513707938,0.9941151402011656,0.994820080513522,0.9951522920277703,0.9925361362877365,0.9936676252452112,0.9983217350079068,0.9968997794542999,0.9920151418918984,0.9965570473166576,0.9978526926651435,0.9928133483582477,1.0019083289055988,1.0011953496714348,1.0034707719154716,1.0033001953562544,1.0042684277266516,0.9989981144293183,1.005450412304523,1.0004338137153952,1.0005138441014876,0.998101310516252,0.9924154690871275,1.0016131000050537,1.000750947883431,0.9996885996957053,0.9966963823666241,1.0007080569013331,1.0037813369268178,0.9933573789785916,0.9944684969816486,0.9928947658255879,0.99298843778396,0.9941116926454431,0.9997243191856757,1.0043711750168962,0.9972482865663868,
289,2889750000,0.9948670203931196,0.9919920147104149,0.9926553846835631,0.9957362721575665,1.000876619198044,0.997520341656261,0.9973817813441741,0.9965826422864112,0.9936485898805307,0.9963172258689278,0.9973972705214829,0.996420702333915,0.9953807861711157,0.99767968084418,0.9967311510050437,0.9954311640147396,0.9976044784317639,0.9932202362386595,1.0074648519203566,1.0016622842403649,0.9977661432476994,0.9961043988407751,1.0029831806053673,0.9946340368059686,0.9986250797328605,1.0004620167106295,0.9960969849113888,1.0004444010120448,1.000002589355509,1.006020289298055,0.9978521311676066,1.0031551814020667,1.0061426972876937,0.9988039064464551,0.9957857496120286,0.9987070176010063,1.0026677489097384,1.0008967151263022,0.998934485654887,1.0043341400797183,1.0027372583956675,0.9981421022890175,1.0054492095145833,1.0072746053718524,1.000133347501102,0.9946238294682015,1.0024002337679991,0.9933611771417609,1.0019308648106555,0.9990336741755588,
290,2890025000,1.0057454620688064,1.0032480517825375,0.9918254493308024,0.990480043414241,0.9981031324098542,0.9975461277045122,0.9930917660523091,1.0042975393331162,1.0117941730612716,0.9964718476353895,0.9973389458821035,0.995630440121738,1.0030234548340407,1.0003558119093354,0.9990631030505392,0.9985333375398572,0.9921406029842519,1.0006315159172416,0.9921365626616625,0.9932914511865555,0.9970750997968179,1.0025249162885563,1.0009373931183136,1.0023291235223002,1.0041631959552944,0.9963215968117685,1.0042260074924019,1.0038623025505564,1.0007029482082181,1.0004740462631232,0.9932764038787635,1.002875785639557,0.9997497259348949,1.0057171793054338,0.9956862429287731,1.0037501822928885,0.9962666689460791,0.9982222197850685,0.9920326546639681,0.9990009051077338,0.9960155886431865,1.0001958691150303,1.0017745012793902,1.000925116529146,0.9969659500748611,0.9944118277729677,0.9970233381118251,1.0116348604154526,0.998355410523989,1.0037429191058995,
291,2890300000,1.0012322539827465,1.002474963689111,0.9987708053510123,0.9892835221773887,1.0016091897814088,0.9969664068094576,0.997259167435952,1.0026750164734701,1.0014192518284963,0.9974277817273343,0.9962082374705444,0.9963611465311888,0.9937771074604141,1.0009856270159403,0.9957477556554528,1.0028992665195633,0.9918712343615489,1.003679710464013,0.9989481940533255,1.003124766941809,0.995440208542823,1.001296654646754,0.9934458867000378,0.9971321320587188,0.9991334841150378,0.9954453184984529,1.0001296962677027,0.9979155883827341,0.9928848493184123,1.009382372521719,0.9888583628687699,1.001687776317592,1.0023146150498892,1.0011283779512745,1.0022757954478758,0.9946194352689859,1.0093690424125388,0.9967264214079795,0.9884041737462155,0.9990530367887593,1.0005180482014844,0.9996400258646019,1.000731117103203,0.99085275916059,0.9996402032426918,0.997707252075227,0.9938454140355658,1.0015843357893761,0.9987895345886548,1.0006598124186368,
292,2890575000,0.9974289858807358,1.0011370672084365,0.9938214730346632,1.000501166940538,0.9947078943176423,0.997576615594989,0.9962361772547222,0.9940689646782044,0.9963395707034995,1.006313463041922,1.0013414057541736,0.9951710105586609,0.9967957773106625,0.9979601365646534,0.9994348254688945,0.9981463617394243,0.9929415333261086,0.9994809604568587,0.9958195566704008,0.9942335752285745,0.9994977232937498,0.9950751912394292,1.0012991720460718,0.9939095998118608,0.9928365192652755,0.9974871024777309,1.000856005218498,1.000234361922631,0.998083385338301,0.9950228281975111,0.9991508928712214,0.9984195103343043,0.9973314342062249,1.0021882539467584,0.9945260406891703,0.9989417964297884,0.9940902072640714,0.9972507392740112,0.9966857665623083,1.001488055027829,0.9985668649368833,0.9990274768972478,0.9944925841774123,0.9985913441361608,0.9970957614038952,0.9972744935637613,1.003467154130585,0.9997033353298935,0.9987716297772933,1.0020181862136193,
293,2890850000,1.0065409973424742,1.0054393332704439,0.9945689797185302,0.9983165449239165,0.992947181430589,1.000520020342538,1.0011341340331,0.9870538979508945,1.002947635038884,0.9952458711977478,0.9987868480751826,1.0018764362033625,0.9923233331862141,0.9971940701222738,1.0018405396250873,0.9990457645068527,0.9977145716718838,0.9927175542111468,0.9991416658987193,0.9944406402448025,0.9932340414481,1.0030784198695928,0.9953610528688297,1.0058602319335002,0.994429404854582,0.9988496853564544,1.0019259607353281,0.9989849655700102,1.0087803049955621,0.9978317670782795,0.995337801228228,0.9934401613517267,0.9958016553656257,0.9993872173711104,1.001445173189766,0.9970710303750856,0.9961182859532485,1.000963583623708,1.0023523219678645,0.9962616718931486,0.9995559809481074,0.9967085069441987,0.9955895101900855,1.0108203238084947,0.9938604080312969,0.9984136502148793,0.9947470058898492,0.9937778773029886,1.0026877850213782,1.0049334596003565,
294,2891125000,0.9976894802991242,1.0026322825507825,1.0003525087055398,0.9978114854005783,1.0008696543322608,1.0053516417445112,0.9970668864113698,0.9979240034235893,0.9979446253663995,0.9972300674729051,0.9953746573904485,0.9978984914475467,0.9988385683999238,0.9991684666386788,0.9968637875889794,1.0038179130809959,1.002961583403795,0.9963032667306931,0.9946177952901789,0.9955942989556188,0.9995978046101562,0.9994822830613845,1.0026284339673046,0.99941419717061,1.0007725599540045,1.0008469022892716,0.9997103391094269,1.0009211330751362,0.9863528587147908,0.9989874580958165,1.0001338016880048,0.9962979783614085,0.9959520147479228,0.9980846874407859,1.002388985945841,0.9974282078284997,0.9980658788112993,0.9945298702911198,0.9969702088314606,1.0014934080502802,0.9971538230245186,1.0028362158487716,1.001820944831849,0.9994155300814326,0.993747317113715,0.9989144990042117,1.0058682999699655,0.9957426551509598,1.0028843927111664,0.9939808023619054,
295,2891400000,0.996145577651673,0.9983905022207429,0.9971958199213584,0.9966057056973173,1.0031039369008654,1.0007338768813354,1.0012527124736816,0.994264857684815,1.000823198879417,0.9995882971976733,0.9943154776831284,0.9979737493356063,0.9980163897841531,0.9994612583223107,0.9962270768142526,0.9955524745562359,0.9949262002078612,0.9907502868801494,0.9962505043013503,0.9992915945770294,1.0059574876071669,0.9943143430734988,0.9975070819586253,1.0052577095393254,1.0019884231055594,0.9975519614311292,1.002372450128048,0.9991364816004806,0.9987596337655446,0.9947878215076128,0.9983444448848621,0.996133869646522,1.000029576288283,1.0031953644991516,1.0017709371827248,0.9947589250885902,0.9965929898275185,1.0024488367021915,1.002179985664344,1.0013772154389975,0.9943348613892565,1.001978252468486,0.9873125623104351,0.9990212556197533,1.0005404188591465,0.996212398699702,0.9979146616996448,1.0017256970992316,0.9969119440720239,0.9975098721850818,
296,2891675000,0.9951863295570381,0.9958477461375679,0.9979048035290927,0.9962128522911613,0.9971758037603733,1.0006979183995557,0.9947456998183111,1.005148209460599,1.0006502995848086,0.9979818110440694,0.9853146122528984,1.002844877652648,1.0023024801721563,0.997343401202901,1.002420010183774,0.9954670305236425,1.0013676052975549,0.9937001248098758,0.9959563431895421,0.9952049523059802,1.0018231000598417,0.9969482849188775,0.9979401075003036,1.0010937791607186,0.9878720898860215,0.997759887583758,0.9997868790538516,0.9914322643323721,0.9952986169530333,1.0001660995167077,0.9965229036919568,0.9977989622447186,1.0049360321261829,0.9988760573014224,0.9957449900747392,0.9941206599879794,1.0020998305433422,0.9968610884367145,0.9933042979662932,0.9966413146318632,0.9992075716220797,1.0003307741366472,0.9958167803989265,1.0032215611227364,0.9997000157614125,1.0056562925197245,0.9960443426078267,0.9977801454211297,1.0019712294390208,0.9931453431937202,
297,2891950000,0.9966943802181812,1.0000536915927472,0.9947587675652486,0.9991241068141633,0.993787523475795,0.9912868467442155,1.002104573172949,1.0050913418422083,0.9968178772775728,1.001498573350648,0.9990677912371915,0.9976999443883847,0.9959422674485597,1.0026015234300627,0.9983522038814486,0.998355662779118,1.0066213385713705,0.9970551812418678,1.0011627149453346,0.9981113634395918,1.001834358116334,1.0023337807457953,0.9991512043167127,1.0037090219531635,0.9985447836839269,1.0037451901526333,0.9941025023472196,0.9994966395907803,0.9954076517376518,1.004696830878204,0.9946529777305402,0.9924302677144267,0.9978753152981432,0.9998278807427368,0.998543229981741,1.0001192824430316,0.9985858914940697,1.0021454926071398,0.9938373135451402,1.0045492145574586,1.0017122857848269,0.9949739602475252,1.0000648613593457,0.998365100146842,0.9999276097523148,1.0009858113740269,0.9987758450830806,0.991425020629248,1.0011333909211833,0.9963799313603119,
298,2892225000,1.0006563208971293,0.9973676950039231,0.9978190110755513,0.9983051964478439,1.0033228482140684,0.9956975058012978,0.9990834333352792,0.9916590163087649,1.0019072386588814,0.9972813142351927,1.0019044422478927,1.004603503869302,0.9929522247926343,0.9937450632179154,1.004007989029208,1.0002984664975068,0.9948783676605394,0.9921248716720543,1.0042197735974507,0.9928716645012539,1.0043508094276132,0.9949401993712118,0.9989453770840957,0.9963885175280096,0.9949851900720125,1.0018107857963086,0.9994017041664526,1.0008385749270716,0.9994478053917338,0.9965929614993404,0.996028037399416,0.9946523136651679,1.0028435279792598,1.0025807810564253,0.9961929810537683,0.9982640487160089,0.9995690771040796,0.9959183636917179,0.9986551495413029,1.0004963846925152,0.9928703337214092,0.9912699348626308,1.0053898078124923,1.000037002610973,0.9918459957556389,0.9930912631495062,0.997836125314209,0.9954775799875951,1.005169464636047,1.0045087627549885,
299,2892500000,0.9989459337273696,1.001969438033176,1.0021394738992986,0.9975880511389419,0.9965130418611954,0.9983345083536146,0.9939276243690249,0.995788687025865,1.0032864930003176,0.9984176770461792,0.9994213756243407,0.9978997027816361,0.9981077436065076,1.0007438040338072,0.9980692131473565,0.9995318252367376,0.9994493422140057,1.0006605103179744,0.9972247907128647,0.994793046938487,1.0011505155966334,0.9924240286177142,1.0027546494895632,0.9989664435484084,0.9944612927732001,0.9994621590040396,0.9983670819739476,0.995787914769156,1.0004741299658964,0.9971720882595548,0.9932416036645833,0.9955263767175971,0.9977695484166457,0.9975058780347513,0.9991614929525708,0.9989246995704067,1.003729640485831,0.9975887408759196,0.99864404917568,0.9944675628860353,1.0044209193440854,1.0023038633990151,0.9982511508455462,0.9977265301564492,0.9947350598454489,1.0062437309914358,0.9994872716566314,0.9948716817187447,1.0007295718011648,1.002772889387561,
300,2892775000,1.0035285474957467,1.0038742470195425,0.9882453185242117,1.0030494063865196,1.0025587304997885,0.9932354644101449,0.9971882117688231,1.004145635689974,0.9934078234105111,0.9933982860469034,0.9914441551246989,1.0070672397454554,0.9937471488407071,0.9884673717132583,1.0031234171305141,1.0021505742608052,0.9935143275332549,1.000557630293957,1.0006249319023348,0.9962248489057101,0.997850274367939,0.9955041716191826,1.003713904250634,0.9989612837211075,0.9932651667067044,0.9928442159641833,0.9987593676683133,0.9968934534072906,1.001030489068553,0.9976020863222003,0.9996624356317768,0.9961277990886734,1.0031784297162154,0.9968149253591452,0.9961624228783333,1.0000797467907652,0.9981019782356276,1.0022124523231677,1.0015676762393482,1.0018080433365968,1.0007080087715052,0.995538435738797,0.9924765114071221,0.9986712582447987,0.9986040161297726,1.003301314035837,1.0038983898574638,0.9983994697039198,0.9954757962697243,1.0031957439893147,
301,2893050000,0.9983229701131646,0.9975314226866006,1.000562208408919,0.9970473933962016,1.0028661427028065,0.9963589903035883,0.9976138183298849,1.0052645907253948,0.9940372158699035,0.9953204162317568,1.0056565845135275,1.0020900257586391,0.996028851948392,0.9936375199479891,1.0026744241350232,0.9941730321732337,1.002227561905548,0.9941733981516132,0.9960883100656465,1.0036507605234573,0.9942514931624126,0.9961344956077054,0.9997711002915944,1.0000277198815322,1.0060238279626217,1.0000538224792828,0.9975246337370715,0.9951220842606512,1.005233812366706,1.0062608695813882,1.0069070852759332,1.0020570348251423,0.9979226508775337,1.0001062330887742,0.9996868685787674,1.0023814528153434,0.9931561254011535,1.000175105790824,0.9998584322267043,0.9956525849498135,1.0026270265489392,1.0030713049682958,0.9988446136948712,0.9973447635430602,0.9970088766673845,1.0023398814078932,0.9958507591005319,0.9977155558247288,0.9998152890148856,0.9942802879086242,
302,2893325000,0.9955105872897556,0.9915783489469117,0.9989742869505471,1.0054867277029427,0.9990610518786714,0.9981150268116643,0.9989406322647367,0.9879823556150423,0.9927931694376251,1.001206428912921,0.9982891179793554,0.9985381335040133,1.0010330015851645,1.0013820510270006,0.9976389876158468,0.999304554721499,0.9957491331466916,1.0000560248234396,0.9998600054879082,1.0035108733237235,1.0003384949239702,0.9900768558148731,0.9978694095718383,0.9962634149179033,0.9987998888201336,0.9955104930672398,0.9978604926675412,1.0024257352150665,0.9940629078389822,0.9983393217027664,1.0029252773497261,1.0012848284329907,1.0034576683013157,1.0021970296152793,0.9948106857195118,0.9954624950814837,1.0017542813662184,0.9963233274577676,1.002778742184984,1.0039894186088076,1.0030740966094756,0.9974527930139337,0.9970753787353305,0.9958403285404187,0.9984582907361843,1.0042819681354611,0.9993020665530302,0.9967936593197327,0.9936976005925843,0.9973813480733676,
303,2893600000,0.9973510418270074,0.9937095713320808,0.9917402695754481,0.9992122016876095,1.0065330991890402,0.9960218719086016,0.9921133679553841,1.002364714501181,1.0055654177001352,0.9966976235212216,1.0019073478375258,0.9963122511180185,0.9981497865147506,0.9962421822794915,0.9958948380173622,1.0011491932054757,1.0054193382032286,0.9950443405365031,1.0013821103033156,1.0021319757479659,0.9991072935740624,0.9926107955177645,0.9968384213708098,1.004853595828045,1.0034528957843831,1.0004507561584148,1.0003747794106066,0.9975780232045955,0.9942399472619118,0.9983184247041328,0.9968680385796093,1.0008675106178904,1.0065748170257804,0.9956652233668865,1.0005289206665635,0.9959534347014013,1.0023567473605108,0.9983332746355273,0.9926923886137597,1.0004783926132284,1.0020317698383623,1.0048142626608265,0.999323877459889,0.9997586779380312,0.9979205544095273,0.9955037952010941,0.9967771370765137,0.9993137270888828,1.001939557875538,1.0047221592603561,
304,2893875000,0.9952362551504543,0.9934484172591589,1.0003760666698929,1.0050945580607498,0.9962155241393783,1.001336715961703,0.9980583414456781,0.9993456186857822,0.9914941413084137,0.9934104518697233,0.9959468331365304,0.9982328181538215,1.0001581147071403,1.000189788667076,0.9965331744395347,1.0033081706548748,0.9957046295439083,0.9977422642835359,0.995064255573281,0.9998595298414272,0.9939550418584162,0.9966578922634001,1.0070061575887312,0.9956678526505128,0.9982143124782371,0.9916308789056539,0.9945835870692407,0.9930118230212897,1.0034607127574817,0.9998040068688122,0.9917694292729876,1.0036576804584456,0.9957786259864796,0.997800399965855,0.9922007329084721,1.0002424218500339,0.9981191242638482,0.9997378641533573,1.0003582065628123,1.002937438636155,0.9988268951611947,0.9919069108432281,0.9967487332706214,0.9912814071624526,0.9931945027843261,0.9963732764008518,0.9998520340632228,0.9968889808052562,1.0007755792840496,1.0025289203074188,
305,2894150000,1.002899865950455,0.9964081917051154,0.9988837154785342,1.002718147767601,1.0056036726305637,0.9953633690923512,1.000225077517323,0.9962131018568178,0.991753588839782,0.9926480799016633,0.9954940418301145,0.99457140964629,0.9985769459682469,0.9978634157102978,0.9964723192364009,0.9920457444988228,1.002521038027107,0.9881779467263978,0.9980868567291797,1.002142074759473,0.9984131255426818,0.9920174700856629,1.0021997578817121,0.9956518320312264,1.000170181797946,1.0036231523647503,0.9955391320649727,0.9942639956510246,0.9976928298834107,0.996133123202939,0.9962587610132883,1.000821246799956,1.0011329481154272,1.0012923371841922,0.990026916857498,1.0036657562715663,1.0074664330291692,0.9948694759918273,0.9968414810386692,1.0022810185059572,0.9970168287152575,0.9968170792203046,1.003445897897788,1.0059865563393173,1.003211055080922,1.001091464186773,0.9992077113854564,0.9992830741789072,0.9994939606555918,0.9987394655719649,
306,2894425000,0.9979633491471335,1.0029859399358,1.0022791848368153,0.9948864778423951,0.9937320511318686,1.0011150971606277,0.9981985241775293,1.001189882593977,1.0008645413457429,0.9948734033258485,0.99162870163654,1.0084601685979933,1.0036651520313795,0.9997311027332196,0.9923834840278964,0.9985567487536622,0.9980286050067303,1.0039878102805926,1.0020378855750942,0.9969518342902766,1.0054919944797251,0.9987455451112417,1.0000811893800206,1.0037385356502304,0.9985006601105737,0.9988346683547052,0.997624488544954,1.0008850228249238,0.9986497568673491,1.0021605822611754,0.9985424891726556,1.0065434412158054,0.9971062208410145,0.9972668249638764,0.9952716124659579,0.9983207987087892,0.9974619513431503,1.0005840215654704,0.9984566213806373,0.9957180814712168,0.9917925776193931,0.9941595617270398,1.0028529669760389,1.0020452240510187,1.0081038860546674,0.9987782979912991,0.9931317368191819,1.0035228378379255,1.0001437628848335,0.9835706656897363,
307,2894700000,0.996815023143323,0.9991597843326145,1.0023024495484765,1.001134238698889,1.003937323864048,0.9949098203474165,1.0014910508344201,0.9984185193146757,1.0004812767654463,0.9954037452991373,0.9993376903578598,0.9975834897642484,0.994914129184499,0.9965394026680781,0.9901351914781972,0.9993484391976453,0.9911818565473244,0.9983717159805785,1.0005911898436317,1.0047178959897807,0.9951962623849446,0.9996398130820846,1.0045978412116792,0.9995170701952204,0.9980946599101561,1.001347779847452,0.9885499079943242,0.9998584774155982,0.9951373154415567,0.9994772199032514,1.0002674394107969,1.0000245911163126,0.9947965973878421,1.0008618322750074,1.0017372677951213,1.0008434294876494,0.9954373327358221,0.9856787129001648,0.9989170805470802,1.0025092796077473,1.000997039053701,0.9963983343238554,0.9996172966691014,0.9939283794092495,1.0028559804568213,0.9993924739730337,0.9954994849308487,0.9984915946094864,1.003003558486879,0.9926323464444605,
308,2894975000,0.9991634833739452,0.9955024809608504,0.9955166747833725,0.9963201382199265,0.9980791166186789,0.9947476128898812,0.9970018969744116,1.003705752083947,1.0009010813284127,1.0024049391548686,1.0048003999926736,1.0002638614243327,0.9990509200428045,0.9983348283734652,1.005580223726215,0.9943580445799637,0.9947766595148967,1.0073129905842526,0.9966643298125396,0.9990295817685447,0.9984137497112567,1.0050783273967157,1.0016722405447003,1.0029505559195653,1.0043166028527761,0.9969527605555003,0.9995799413778494,0.9999312215050722,1.0024546651409565,1.0018756137482063,1.0014322762559433,0.9993144243564376,1.0009340136410991,1.0006031619714073,0.9964599155098876,0.9987858647577823,1.0009906861896956,1.0016662151296334,1.0004367813552126,0.9980897125977157,0.993387971617223,1.0028233079855657,1.0045905765119543,0.9935803559849764,1.000609909999194,1.0063966508357465,0.9982460953756979,1.0007781040817285,0.9976312223599116,0.9960091191347474,
309,2895250000,0.9973165433202724,1.002894396672849,0.9984691817355263,1.0047974378971352,1.001714748488065,1.0005688880541532,0.9959878878838208,0.9980535793811006,0.9985517183753326,0.9943918795157013,0.9947032350495232,0.997246150148721,1.0029303248324792,1.006940768938691,1.0004070205896636,0.996457438119721,0.9977529273038895,0.9949474324247224,0.9940091325951228,0.9990853272193261,0.995923374813825,1.0033081860211461,0.9992243881770982,0.9956559200361499,0.9980773609208052,0.9890470072546227,0.9963796095115659,0.992788883593002,1.0029703414640982,0.9983344036612379,1.0042335223864525,0.9951554793147416,1.0013110515454595,0.9963863771079019,1.007001748741708,0.9968682618088384,0.9975251404546477,0.996868536355025,0.9982153955944324,1.0010120029087586,0.9993002138264816,0.9963332848441891,0.9989150882626386,1.006135733675559,1.0028341249755235,1.0059105216410087,1.0003311695551163,0.9958920104080498,1.0039664332526863,0.9968154696031796,
310,2895525000,0.9924209871356112,1.0031742328362612,1.000489620952142,1.0054679008562515,1.0000612624165008,1.002252335090689,0.9958779564100557,0.9992830753787607,0.9987812812761486,0.998399557259143,0.9951469700843582,1.0012358141761235,1.003133285363368,0.996586649665962,1.0046696383467686,1.0031346231015752,0.9940707163327678,1.0020114801508504,0.9948152914419223,0.9960254207377319,1.0070143235178801,1.0037202532736471,0.9987350610949067,1.0032404014264544,1.004264198771671,0.9948464203887701,1.005076694487741,1.0026078980544957,1.00114272673445,0.9991968493988089,0.9994953018703102,0.9962065643511259,1.0001031255663568,1.0003639612474307,0.9964533872593757,0.9994779173845235,0.9994998551936806,1.000401624436398,0.9955170478869184,0.9959342244060624,1.0047568871097912,0.9975761644305956,1.0011874770271343,0.993614759138362,1.0059099517460572,1.0030560513240145,0.9993290054812616,0.9940975902848718,0.9960033243759775,0.9989162017230376,
311,2895800000,0.9990762863222029,0.9945820197622501,0.9942344432038743,1.001871491814429,0.9942572353617773,1.000158000689965,0.9997004144314329,0.9926621765353173,0.9999224485820423,0.9940752699823232,0.9934335888501592,1.0067533669473752,1.0003160018649473,0.9994987239126873,0.9919439955698107,1.0026759677084702,0.9990280084772154,0.9931908386515832,1.0017315247822756,0.998212118830009,0.9959417774581016,0.9979097378025299,1.0001022090246559,0.9987525555120799,0.9980731200317208,0.9987524474468227,0.9922417887623469,0.999739700584239,0.9981920173014569,0.9959146098267596,0.9982637951669024,0.9967455815555064,0.9978642079199822,1.005750769104334,1.0009215538464766,0.9950801546317656,1.0043461422918079,0.9979252785212539,0.9983366351334563,0.9965193921417291,1.0032294200585112,1.0039207278113411,1.0046284350639567,0.9927353404292981,1.0004803753726608,1.0051915887306264,1.002818843515528,0.9918896061589708,0.999798430291538,1.0016071296429576,
312,2896075000,1.001372181164615,1.0010309046769996,0.997209711129302,0.9996287116196119,0.9997661156109069,0.9997129091446516,1.001600552119546,0.9991892906871341,1.0053233485874056,1.001870155410008,0.9959062677787993,0.995155342389732,1.0043794420601058,0.9980865543186381,0.9998357009880714,0.9977334931378797,1.0022185891749549,0.9982707347657843,1.003387274488805,0.9953625165114748,1.0020957065361809,0.9981200478554194,1.0001439613458554,0.9972071547142858,0.9928778023224935,1.0023626840108812,1.0029947976811562,0.9993860325322168,1.0003521916288078,0.9974586031580607,0.9997628001507853,0.9944555037517386,0.9971390693541667,1.004425099619704,0.9982897068303275,1.000318591705289,1.0036987238770303,0.9942749799990566,0.9968439525749662,0.9989326719700226,1.001205750721622,0.995751310609383,1.0002221929992443,0.9965061353392416,1.005023337868199,1.0039875390411994,0.9978887971090811,0.9910133130947955,1.0000484872735156,0.9960343842182848,
313,2896350000,0.9957837636960539,0.9975254796223519,0.9982078324626669,0.9989820596972379,0.9933887038333317,1.0029282466296303,0.999125601318895,0.99834198600732,1.007394589791537,1.000284881046141,1.0064709929460411,0.9998065125913937,1.0009123468729806,0.9959226268705037,0.9996917783147039,1.0001123453107967,0.9964329221646882,0.9977545895706027,1.0011160717470375,1.0014955588685348,0.9985231909230741,1.0005638488083506,0.9940215926473078,0.99568615809684,1.0025602069260229,1.0022834678770387,1.001989413547712,1.0006860508288824,1.001991772649077,1.0003088596311982,1.0025010362947435,1.0049332927318024,1.0030731065813394,0.9969674006042692,1.0065960347000176,0.9953568483042294,0.9909924195221058,1.0031246106387257,1.0047866273408201,0.9979950753826005,0.9912074046374145,0.9979104850015977,1.0007421722071848,0.9900469108353973,0.9956166946550438,0.9978622068283999,0.9980054975537377,0.9953065729257338,1.0019836401811064,1.0017195715243368,
314,2896625000,0.9925090677799485,1.0029720425952384,0.9986890759341464,1.0022890923074446,1.000665148556608,0.9970921178246253,1.0053063625690748,1.0036967824054408,0.9969540632939161,1.0003888229513693,1.0012661333602173,0.9920647047211297,0.9976188105481725,0.9981146272822922,0.9925233016809585,0.9962919785319991,0.99887575615099,1.0060341588888067,1.0020797823702137,1.0003855187767943,0.9943535996569983,1.003817728342412,0.9961357095094164,1.0059984593194917,0.9974569149961856,1.000514539537375,1.0001125137074378,1.0007780696470312,0.9975430882349825,1.0004346611894157,0.9989584457534201,1.004598668858985,1.002199921373615,1.003485242409566,0.9945178002557805,1.002197868179472,1.0038328960401373,0.9978301949022176,0.9991751416471325,0.9995034681794033,0.9934317970192734,0.9944817407168881,0.9998122198784958,0.9955220781834547,0.9971601136276004,1.0022052637764216,1.0044061678194938,0.9963986280008618,0.996141279001766,1.0040797681307954,
315,2896900000,0.9996378148675867,0.9926000231549568,0.9946713852018018,1.0016646496856219,0.9900885859190525,0.9988804158970352,0.9994107824289903,1.0042294658732764,0.9962078269471604,1.0044321871997353,0.9924985888710918,1.0042319116431697,1.002203559800584,0.9976155754072485,0.9955793205985466,1.001445759969885,0.998496322819701,1.0018531446637662,1.0098720448783185,0.9889342550115146,0.9978453265881198,1.0020957269817334,1.0074318598966938,0.9980699253988085,0.9993595494821491,0.9978085451825109,1.003662211199701,0.9981597340214766,0.9932917147241728,0.9993894319703872,0.9984945358207256,0.9933447253717125,1.0040291420824115,0.9900617206205009,0.9968491065586725,1.004706957042854,1.0039310944974724,1.0015873573204663,1.0014907110302096,1.0011868983994627,0.9946620009035733,0.9981187930872648,0.9983131693820623,1.001218172188295,0.9999764795952121,1.0003292114603448,1.006298673123641,1.0061514610606204,1.0046011108429416,1.001118196783123,
316,2897175000,1.0009336296151303,0.9944216825161896,0.995979318324185,1.0009564825274848,0.9943634974399586,1.002208272607018,0.9962697637016064,1.0011498951450883,0.9952172367905182,0.9981952508207901,0.9996991097695408,0.99671620540164,1.0011011767794538,0.9936774037661193,0.9935134971854006,0.9991010321740622,0.99583559680943,1.0033478353938556,0.9917103955349927,1.0042201993798014,1.0016541292157204,1.001276434131735,0.9965399470907411,0.9944208429259426,1.0011120525512571,0.9989455800859566,1.000003737388707,0.9988535525397686,0.9952592350294823,0.9999276866450157,1.0043750052613358,0.995125990062535,1.00744572599835,0.9986281822804688,0.9984607542791162,0.9965214249112425,0.9989092107323063,1.0009888580533919,0.994757060324755,1.002268972085166,1.005476472316301,0.9972217437921463,0.9957145318314073,1.0019865481210872,0.9971224552215494,0.9983288310125156,0.9949607966668651,1.001600299126874,1.0014802137353234,1.0036644645813515,
317,2897450000,0.9955645244318986,0.9982934840633689,1.0009930926858304,0.993248183465158,1.0018684771322548,0.9932499840314506,0.9966192700469558,1.0001331285033397,1.0038373157324407,1.0018586253963375,0.998649562281967,0.998663065163813,0.9966368948761383,0.9972433072316231,0.9963099849949645,1.0001545581128055,1.006352339259664,0.9979169253097387,0.9993789603983596,0.9973258812271881,0.9936986879094816,0.9983834872690426,0.9959560335803144,0.9981715385835694,1.0004119216395724,1.0008009906487283,0.9954926059936235,0.9995011405099726,1.0021303200863376,0.9947571097907589,0.9978608044843947,0.9918704168781918,0.9950237771249654,1.0012436620977099,1.004585460738326,1.0019349610345418,1.0006586862325288,0.9916336754714795,0.9991143793369751,1.0015872129287509,1.0026190602211202,0.9959587257312844,1.0018966397301527,0.9984625076445852,1.0006831992442164,0.991563134200633,0.9984787213048761,0.9958472834401393,0.9937101055620623,0.9990377435390562,
318,2897725000,1.002007786367569,0.9922019695524258,1.003404309922465,0.9949980260124178,0.995804452622244,1.004857834914151,1.00453327903907,1.0003532969261082,1.0033682498027516,1.0039645750172164,1.002361818256925,1.0053655898128901,1.0053119430827697,1.0004154179271076,0.9979848856234749,0.9992483157575184,0.9986954649090243,0.9998538045078442,1.0011450401403645,0.9972627515729211,0.9947143230891906,0.9929373850589022,0.9963066909385911,0.9960774759011961,1.0015199160276804,0.9951991244029551,1.0003601617964222,0.9960640728537883,1.0057204879563455,0.9995078502631809,0.9958797070815574,0.9982210330497536,0.9973666630418597,1.0006022155594099,0.9993294650399865,0.9971777067156067,1.005186259325943,0.9989117495449642,0.9980274180695816,1.0021991576291263,1.0019802280671763,0.9933827311305419,1.0055347298915494,0.9951950416604743,0.9969813562732609,0.9959099932804585,1.0044841749048368,1.0019067004996627,1.0017578230979687,0.9978505384604448,
319,2898000000,0.9996250904993416,0.9982271052521143,0.9952173080327991,1.00553037145253,1.0053574527926594,1.0061897280178747,0.9939293495267303,0.9986461701761473,0.9928637226258282,0.991822890660679,0.9970314163575152,0.9991385071275434,0.9989858625017713,0.9946234051887285,0.9999051861108864,0.9928794799301174,0.9979006996290744,0.9987957111606445,0.996295966292803,1.0028220186402004,1.002716396267284,1.001373183318513,0.9980089450304277,0.9987861086716848,0.9969536014714827,1.0020268944050248,1.0065220148623537,0.9944501437080627,1.0006860746932318,0.9996669642832606,1.004538978248944,1.0049705555269004,0.9887129227001114,1.0011434115783961,0.9961075160540129,0.997149812980632,0.9915635032028897,0.9976187576117772,1.0018169555870562,1.001255622961866,0.9984055876923752,0.9983830146231722,1.0047210098499328,1.0042405477543985,0.9993909784357127,0.9974854308400056,0.9934214931545909,1.0004396553633697,1.0049290290221518,0.9965333937251288,
320,2898275000,1.00278921936014,1.0000476814483388,0.9980112355162658,0.9980389636525857,0.9952620877659677,1.0009399850950143,1.0052714534286042,0.9985261222162571,1.001225339622409,1.005876580045147,1.0017537415567497,0.9988075183983195,0.9985683577875812,1.0007038993796908,0.9985291054832696,0.9971059700275315,0.999582398058134,1.0007645175869053,1.0020294721689444,1.004964618187459,0.9976144284320573,1.0080352015067229,1.005120987082179,0.9975843419181687,0.993053483777723,0.9965381069904581,1.0028432723493217,0.9920653110939187,1.0039142770431375,1.0014789367160872,1.0001251343947326,1.0070716062400307,0.9965631037105259,0.9955477380188288,1.001129371217414,0.9975215819955244,0.993933570469988,0.9914521191830105,1.0075948849350134,1.0024938712370792,1.0017067894315181,0.9942463932343432,1.00058855320619,0.994985453216029,1.0013430994698889,0.9996343034739086,1.007936264046091,0.9977053607968971,0.9959942773196935,0.9982035009659028,
321,2898550000,1.0050541655179475,0.9961576475173118,1.0015021895111318,1.0013978730320021,0.9965880870749261,1.0010559812798132,0.9939041416915773,1.0005493563973114,1.0034534398420611,1.0007455539983119,1.0016241531237133,0.9974528603076357,0.9908985430352832,0.9942145649415304,0.9929679019263886,0.998212255947,1.0007235144511526,1.0025327089813993,1.0011682211954107,0.9945350317990477,1.0015321890457591,0.9986674851750352,0.9954516000578633,0.9982161778896852,1.0028709546915995,0.9991745676645691,1.0007091829286843,0.9952473254726917,0.9991187721225243,0.9941025227220538,0.9997741445143432,0.9970456289392842,0.994534092176287,0.9934060384685568,0.9963009155509638,1.0001387741891645,1.0041816249307345,1.0039854007200062,0.998506451970947,1.0013719253130327,1.0025394714998397,0.9981131211180346,0.9999668686027263,1.0048938263468867,1.00067580869842,0.9995037033052937,0.9999507541350887,0.9991832277571345,0.9939613687281924,1.0012449398535472,
322,2898825000,0.9996521462152671,0.9986541892672554,1.0038242043643764,0.9992729621868395,0.9974532069625772,0.9999817713109483,1.0046752398155367,0.9985579642744508,1.0011520815156814,0.9974147322420842,1.001750165793403,1.0014449267038041,1.0009241928463077,1.0021771743831043,0.9959047328195276,0.9975723707254351,1.0029233520666128,1.006748771459497,1.0014924443850115,1.0019129431974552,1.0060683067638325,0.999403178591956,0.9967122706291903,1.000806136423875,0.9979767094410015,0.9964451233457815,0.998220176635604,0.9944198511084158,0.9986889268172249,0.9978141627531614,1.002840454461941,1.0005085545894097,0.99941789637538,0.9995062663290077,0.9964774534604246,0.9945009328207094,0.9972277433691328,1.00000173091215,1.0060006141748674,0.9982194591984548,0.9964393111044532,1.0030970106574255,1.0013610162878648,0.9977125966816609,0.9986801503919943,0.9933765318668291,0.9986613638521916,0.993882340552964,0.9962365029725796,0.9964235362241795,
323,2899100000,0.9969510930709368,0.9959367216603391,1.0003869695643692,0.9945863491957099,0.9962342382466813,0.9909452802713624,0.998695796672105,0.9946964949094091,0.9940187766245719,0.9976480734516144,0.9931836297258084,0.9900112176771911,1.0079689507565757,1.0013235075019349,1.002645975270084,1.000778404446783,0.9965599136348889,1.0031617730963898,1.0013178105827552,1.0016618100880346,0.9935965700852686,1.0056650825877955,1.001781179772369,0.993224738473743,1.0002435578069175,0.9987000783543042,1.0001903039777338,0.9984408723690792,0.9973027674334383,0.9962731341046267,1.0015485450678274,1.004534938099116,0.9974756872689171,0.992578511458117,0.9962875200197101,0.9995161025010788,0.9975943910551176,1.0012679700933886,1.0000026956624513,0.9988413078301357,0.9907426693655415,1.000575189018479,0.9982014178823392,1.0060104089900648,1.0080632653991317,0.9973929191197992,0.9944628535642315,0.9962539433601058,0.9970130276830796,0.9954740603422262,
324,2899375000,0.9968982249660402,1.0030526913975328,0.9940576112338264,0.9984177828190532,1.0026658617023232,1.0048925038936172,1.004226804309106,1.0014134714167442,1.0014608346631648,0.9993091732275694,1.004097721123591,1.0003667773016833,1.000998069050329,0.9984579700371382,1.0111471994125945,0.9969535788430768,0.9990606795695909,0.9990828875681126,0.9929887993642992,1.0012552100393666,1.0028593111976407,0.984803658909865,1.0027370738936372,0.9989523764504651,1.000343275104121,0.9940506863255679,0.9969264750364099,1.0040791158385567,0.9966766512634757,1.0044244889142555,1.0007539945999515,1.0006656793505964,1.000837709925001,0.9920692286405896,0.9942307981320517,0.9996094017790315,1.0017907586601476,1.0050583256589538,0.99490302679147,1.006763053294028,0.9988319966188676,0.9875570270920783,1.0037460142795291,0.9982872706243477,0.9995712450438353,0.9990268168693534,1.005465319478922,0.9993838383413156,1.0013149201172709,1.0030769708787137,
325,2899650000,1.0005298633426727,1.0039461280569801,1.0008595985001576,1.0038448315764725,0.9948188024260461,1.000996561473879,1.0007090323186625,0.9975735066777648,0.9991175071897949,0.997684487923467,0.9946244679170465,0.99307536172905,1.0013199805144595,0.997431854410094,1.0006413451232088,0.996816168068571,1.0052646331526802,0.9957021523007058,0.9949186678921774,1.0025821695646269,0.9987479447645281,1.0021544620359006,0.9991137805740358,0.9988383782570461,0.9930331785476323,0.9946952775040054,1.0058935253277497,1.0075278977162816,1.0009555007411037,1.0026345561530379,1.0028733232881308,0.9976021021609147,1.001728638903976,0.9992465748871898,0.9861731151649834,0.999556791126981,1.0038229542494543,0.9974447199806339,0.9944502109902497,0.9963486520484018,1.000572530091274,0.9997891032193266,0.9921906353994641,1.0034219900699248,0.9966370110878482,1.003966360907533,0.9935936864637992,0.9970667661157463,1.0066475097093965,1.0002542737773588,
326,2899925000,1.0032944426178452,1.0033094699857759,1.0003384949797927,0.9986590198364196,0.9995656692253991,1.0027212268478933,1.000974079482502,0.9976374293749404,1.0005572951037414,1.0040582169762733,0.9979732938309356,1.0009598165830682,0.9999151481841122,0.9996955291554607,1.0048200788721047,0.9965485390506943,0.9971911074349397,0.9932877481424691,1.0055167959819282,0.9981451295763467,1.0031201643329661,0.9982289236723974,1.0005734309208987,1.0004420276465944,1.0018520467152792,0.9986817154240826,0.9927978647155371,0.9999948578862335,0.9952359256624345,0.9963151235087225,0.9987902590475761,1.0037101335814338,0.9913201267382419,1.00138761949493,0.9992035311809744,1.0000054350844134,0.9957490672314644,0.9951195001430105,1.000134837157916,0.9956496871458081,0.9969673121325482,1.0084949576071738,0.9979761962048047,1.0024387144069473,1.0035962567034398,0.9923594177706635,0.9955915688615451,0.9993169027640971,0.9940877158305246,0.9998401982233713,
327,2900200000,1.0045743273002403,0.9906974734550882,0.9938079123108104,1.00494516352583,0.9983320610316304,1.005786826416036,1.002365104994468,1.0048679626849784,0.9960747690893067,1.0023670730177654,1.0022472560939948,0.9984849582622273,1.0064112439354782,0.9873887741303016,0.9997348241672264,0.9991691205482485,1.0022603106280075,1.0004011930785146,0.9952875192859354,1.001355822407207,1.0017150895303746,0.9975214767930798,0.9984866605742639,1.0011879112304443,1.0006449021214459,1.0005649007966808,1.0002010315819814,1.000132931850182,0.9938867742306093,1.0062605902180248,0.9955250857038522,1.0006663483649014,0.9958633950512893,0.9997255527122723,0.9946607598533189,0.9964681885002576,0.9988878789898097,0.9932985783518211,0.9918780168861439,1.008517334079914,0.9945320555576326,0.9953177609650207,0.9993835813418127,1.0002145083423588,0.9960887684069942,0.9943582964368887,1.0032040778813585,0.9995405362606605,0.9923833579441345,0.9979332079341054,
328,2900475000,1.0015816589543287,0.9957696780676994,0.9983937897010794,1.0020246720254726,0.9988847836538346,0.9987715944240126,1.0029127888589926,0.9969034960153104,1.0003863284070353,1.0016526852189735,1.0008090884450527,0.9964072961958111,0.997021258067522,0.9975199088090092,0.9995973267712831,1.0010045531385827,0.9985371628329495,1.0036635640069138,1.002988663548518,0.9958320800192617,1.0052514624138653,0.9995572817740218,0.9982496121977904,0.994909880248363,0.9978516361524059,0.9938844425736708,1.0003733434315163,1.0056961867112464,0.9996254716413949,0.9947355793431373,0.9949728803187884,1.002296794770122,1.0006871295759543,0.9998116517486816,1.007342018384238,0.9985144973353276,0.9995800772730132,1.0038238635547654,1.0041717734257645,1.004709834291993,0.9984837976486357,1.0006627068633114,0.9961311103715312,1.0011278515423063,0.994709517355536,1.001457057314389,1.0034001383044873,1.0041147378135933,0.9966308887704025,0.9925855391263627,
329,2900750000,0.9969638779315348,1.003027426766671,1.0077170836252658,1.0035936650050272,1.0012533560205827,0.9993144151144321,0.9982810879433576,0.9980267010177332,1.0013625908311752,1.0019818524452468,1.0055899507919694,0.9987144830249005,1.002312162708829,1.0034904876387611,1.001400739620285,0.9939282518694009,0.998288467144175,0.9996687080317374,1.008195229855105,1.0015540638598661,0.9937007265096008,0.9984737809173788,1.0010728253185113,1.0053629291309236,0.996171979929344,0.9985564108751326,1.0012934863987828,1.0038424999918256,0.9988085535210944,1.0008886412980451,0.9938278118682043,0.9944152532952026,0.9980403073538044,1.0046878655019216,1.0009981733205668,1.001148120421857,0.998485457250123,0.9991893219352845,0.9967937252960338,1.0031388846842608,0.9968430587398551,1.0048745943802233,1.0007133887274031,1.0016718555726278,0.997773967883786,1.0015775132454738,0.9973136095808184,1.002658081046467,0.9955040415817288,0.9992606243653271,
330,2901025000,0.9953679804967471,0.9989186783389002,1.0008481520805608,0.9968760966236702,0.9996294068001171,0.9983728455190672,0.9966870314332344,1.0008139181024058,1.0031705832844058,0.9990651211847756,0.9975749723790387,1.00158709792364,1.0025008767856414,0.999821864350676,1.0028648508355087,0.9980928315169023,1.003757766969802,1.0021659522235422,0.9991331002350545,1.0037154400337316,0.9926370686276823,1.0005387739083422,0.996039233126789,0.9951846364722304,1.00341824565179,1.0037436592049371,1.0018617482357501,0.9934761753718728,0.9990139339588591,1.0039795591831848,1.0010767949806416,1.003058208248168,0.999684380665564,0.9991500040231548,0.9976504503543442,0.9939258423028379,0.9955395886674527,0.9954032065765931,1.001305182305344,0.9927000141055213,0.9995317950478325,0.9944098240595918,0.9985129418172493,1.0021581005480873,1.000837263625885,1.0021309143319925,0.9963927579770419,0.9976457718897269,1.0001577201397371,1.0020335509969651,
331,2901300000,1.0062927942350055,1.0040278025113982,1.000147921390586,0.9975185847474255,1.0008051088301588,1.0026151002520274,0.9991644348940873,1.0032114575265045,1.001351364061843,0.9985123846772037,1.0010580884576228,0.9996296908646098,0.9985080572921816,0.9911222670651754,1.0095689994196022,1.006312194195194,0.9961985015421485,1.0032202616293375,0.9959399545096035,0.9995286718306965,0.9992899796892386,1.0051616097679457,0.9982240324561752,1.0019061800893836,1.0019838040320443,0.9959575542738144,0.9979244131459553,1.0042147604858953,0.9916903999407001,0.9992982204286873,0.9991723814090893,0.9963470919529454,0.9945418105742558,0.9937633594149561,1.0019480745448437,1.0010811743802952,1.000201599698948,0.9977893483375794,0.9978731765049494,1.003581033393679,0.9930483894282685,0.9974696365020884,0.9971741406968134,0.9995836880472572,1.0015831828395143,0.9982840372828715,0.9983139637240797,0.9965404990188962,0.9953337815634269,1.0010410567922339,
332,2901575000,0.9981253935920085,1.0031168631005207,1.0028374815230563,1.0038570144413403,1.0040010512166289,0.9969523251875003,0.9974086934592059,0.9917135868257293,0.9993867971745736,1.001074031752064,0.9950922153683338,0.998180130152489,0.9997034224098956,0.9952992056325105,1.0005954624797873,1.005094709491281,0.9978816490453108,1.0014633638695252,1.002946702140062,1.0019800202571958,0.9972812818797179,0.9962858139064426,0.9985594717475464,0.9962990921497697,1.0029648805029572,1.0035353237580156,0.9975314945339222,1.00102393583137,0.9998118027369052,1.0003164293269293,0.9923881976575258,1.0029046213180988,0.9941738177556162,0.9924390405020443,1.0015071071116055,1.0002311231509733,0.9971398485099299,0.9973965394839374,0.998074264176432,1.0015018233652473,0.9970379324238228,0.9903480870794333,0.9979918125217424,1.0026716943223342,0.99933930729104,0.9969178605907667,1.0046795649990536,1.0019027092963624,0.9989525538530623,1.002783963191905,
333,2901850000,1.0002790728451065,1.009510463889127,0.9952501153504112,1.002395690947667,1.0014416602917784,0.9923678347650765,1.0049738233883454,0.9914549404538638,0.9987607778172584,1.0003923514347697,0.9993565376930519,0.9965782810800584,0.9974425927443658,0.9925521793772898,1.0042551356423006,0.9965296146641761,0.9991484568079051,0.9961198170130099,0.9976145169850759,0.9986626601385337,0.9955706292574255,1.0048688420075,0.9972520529911927,1.006515925278517,0.9977664309904754,0.9998384112710591,0.9950340989757874,1.004923803354001,1.006052969202275,0.9976389495235068,0.9993011679619054,0.99948994489477,1.0038785391159677,0.9968630553865162,0.9947960174282624,0.9963711996149499,1.001207228731807,0.9993199704638774,1.0033408868894447,1.000094857273021,0.9952278465960072,0.9992638773503831,0.9972701773564578,1.0007379338757618,1.0037365537273937,0.9956604584483282,1.0005576198627322,1.010086775511772,0.996226317953686,1.0032018495294566,
334,2902125000,0.9993020264793446,0.9991563798098914,1.001389000941907,0.9977322905667424,1.001838819208682,1.0035394129574557,1.000259400576633,1.0037885438493572,0.9993818435509159,1.000921721072012,0.9969020429538563,1.0024072439130267,0.997320431999197,1.0041777009633406,0.9950028427301291,0.9995829253596881,1.0037603125345458,1.0046899572775951,0.9961989317525,0.9933343729685531,1.0000415676456529,0.9986222919170233,0.9991938194801153,0.9987436842010287,0.9961212825278952,1.0034638333549384,0.9891881424938639,0.9960191328009057,1.0029330939845846,0.9993574162181553,1.0058804063851468,0.9963477091939671,1.0023200202134201,1.0054474471485455,0.9971070832416571,0.9971474469605237,0.9987418967979235,0.9990303429680849,1.0085415486196836,1.003398282867489,0.9959397021107486,0.9982815936204392,0.9985759348548057,0.9985447994478831,1.001367129835818,0.9945709720631967,1.0055590625814315,1.006717760113143,1.0008224739088902,0.997477980815079,
335,2902400000,1.0048654505981525,1.003745114022317,1.0102176478042602,1.007036310582183,0.9980179814011769,0.9965281333254048,1.0010926987137065,0.9977001695890483,0.9980909473955661,0.9928374629388912,0.9947654921466369,0.9952265984335728,1.0021573926396237,0.997019889142685,0.9969800697445016,1.0054911496700627,0.9970685895495321,1.0009895678680822,1.002303667272423,1.005817051191576,0.9894473147815747,0.9979633326298116,0.9988373214077412,0.9916388443833352,0.9997267069634024,0.9972138336655867,1.003594971008908,0.9936851553101458,1.0014361203925355,0.9970280076442423,0.9972765796276335,1.0007846157664535,1.0013868065500227,1.0014744201338621,1.0033430702454926,0.9976973308002252,0.995793079729791,0.9935403335906966,1.0072774915943592,1.002029220320264,1.0018413975416325,1.0037217546770603,0.9992817525542929,1.0082081975985318,1.0040876474157856,1.002988071074881,1.001766438319806,0.9954603350385172,1.0035834628629328,0.9979105179681222,
336,2902675000,1.0058085832234107,0.9993387371345286,0.9986473012732543,1.0095698305431133,0.9972047027514084,0.9979664604198035,1.0002301958390258,1.0060777387229893,1.0019219764057712,1.0018832204046921,1.000954808074984,0.9993549893044109,0.9981470622789149,1.0069085480320878,1.0005122050189665,1.0018227497906975,0.9940900780008135,0.9971602661697474,0.9980919323075103,1.00712490624677,1.0000374810667925,0.991411154438208,1.002308639056539,0.9968058570333943,0.9926346835436032,1.001966426199274,1.0065318651170378,0.9963461827833414,1.0003034914698254,1.001189452807788,1.003176604104017,1.009841913787533,0.9955818746857866,1.0068177928577786,1.0019185620474131,0.999985408132229,0.999171181425431,0.9985590276826825,0.9972930574519263,1.0009171636277858,0.9966805790433,1.001960335613603,0.9944144794733197,1.0053918565075242,1.004405906980362,1.000066818075638,0.9986756823177813,1.004155301617077,0.9914420240928047,0.9957102749337182,
337,2902950000,0.9970087713953351,1.0008523271415606,1.0046840426733221,0.9997189451677875,0.998561552435693,0.9997518905423378,0.9991767422984839,1.0060303264135269,0.9980239853220569,1.0083034905915045,1.0002185330705844,1.0048134706776286,0.9956571040836266,1.0009070020972723,1.0006131776531848,1.0021695074689199,0.9988134786590576,1.0021468839046044,0.9989640478806906,1.005409172839824,0.9952719125693406,0.9993939180126521,0.9998356376198718,0.9957186591447568,0.9992028624995495,1.0045279412044523,1.002838656074129,1.0048578901318441,1.0073772133029535,0.9929443937807096,1.0041403420187043,1.000742692132132,0.9961162732307851,1.0010702461318743,0.9966483137741566,0.991966589967623,0.9996710498016826,1.001741837462343,1.0041228366407002,0.9969821597781435,0.9993791297657264,1.0005458243991918,0.9948335175823889,1.0013619448378412,1.0026516642587064,1.00182171999722,1.0033006030035179,0.9980390696888654,1.0074321734054787,1.0020734089105192,
338,2903225000,1.0000669996281197,1.0015342515694166,0.9984114406873074,0.9992177985711795,0.999929578610064,0.9936619516021015,0.9998520296755085,0.9984063432690508,0.997903076102991,1.001032166623451,1.0002263729929146,0.9972301299754487,1.0043100752188188,0.9989695380930252,0.9992003667925221,0.9950811027657211,0.9990260158815624,1.001417181133493,1.003788249688491,0.9969524729261446,1.0078945244020348,0.9992797045740547,1.00039452924575,0.9950974144905307,0.9965384404286716,1.0036382520678324,0.9991137204123234,1.00316898277774,0.9964301102939196,0.9954031372521213,1.0024289821641332,1.0011064359353572,0.9966513180934854,1.0058148920385275,1.000271055215974,1.0012375670334637,1.0090930566477962,1.0003782923489761,1.0056404912891899,0.9952914974651184,0.9927426710089665,1.000384237652221,0.9964123535848735,0.9998723013442699,1.0053442217474182,1.003773627184811,0.9985034975599206,0.9995828339965739,0.9985348136373278,0.9949694703740345,
339,2903500000,0.9994134858591603,0.9989356680255745,1.0009872441433423,0.9997345287776017,1.0009350098926149,1.0021922013850488,0.9958433966297014,0.9947468624678029,1.0016623838289542,0.9926587465936303,1.0055455195641683,0.9975661161440158,1.001096434608738,0.9983158891377039,1.002301755771581,0.9994668808327234,0.9968392615666751,0.9927533182686258,0.9976260284698588,0.9938815486896795,1.0010249462690242,0.9993096716101614,0.9908433286765523,1.0007426964708657,0.9970357046373567,0.9983764841950531,1.0018365546100552,0.9988711742744507,0.9989845501395906,0.9992020528169263,1.0025201619312218,0.9992011837219037,0.9974435288923827,0.9985241398455417,0.999048325251381,1.0008257723750804,0.9995644572868744,0.9966042720782038,1.0034354345169438,1.0048561659777795,1.0008434889514766,0.9925576410104945,0.9922784861676033,0.9981779551598333,1.0000879137535645,1.0063230548537176,0.9982065433790572,0.9954668607564683,1.000628260927598,1.0055058645866173,
340,2903775000,0.9896133747999747,1.0007606091187546,1.0079543786210046,1.00002720138257,1.004232517216739,1.000224770875786,0.9959023915711216,0.9979360056817692,0.9982402390128565,0.9958644044341268,1.0026270373816542,1.0001237592165613,1.0001539192614466,1.0018242572527434,1.000651364526943,0.9937691931285182,1.0041762134642775,1.0026783229669323,1.007089534756204,1.0058012997183083,0.9936572522610035,1.0042824698853918,0.9973672105831907,0.9953236048744173,1.004175066782094,0.9974048050146624,0.9999163651138712,0.9993380795367175,1.0052550526384822,0.9955533332416567,1.000734553604168,0.9989254150769804,0.9941410479032043,0.997510927182344,0.9957208141148042,0.9967870232458161,0.9926814555647201,1.000021081315842,1.0030400564712332,0.9942527518979162,0.9997923952516788,1.0036658404047478,0.9992696969124562,1.000218257816165,1.0033820501669026,1.0017835831139563,0.9980602601715595,1.0064907760652921,1.0076643255267088,0.9988248685726645,
341,2904050000,0.9992855737086616,0.9989248525198335,1.0003916157220532,1.0063151990553578,1.0016329492051428,0.9986026161098053,1.002869276708182,1.008968452225363,0.9922257644718339,1.0047985601556781,0.9971755210824413,1.0029928510777244,0.9968142680374996,0.996211637686404,1.0029208711426998,0.996364447959127,0.9969845403020497,1.0013751756669538,0.9947057353372962,0.9990864876992506,0.9998147779384474,0.9959175008837317,1.0001676631704128,1.0067808808265855,0.9982681582675499,0.9991128104638227,1.0040918370132432,0.9967420670535581,0.9994727426727985,1.0000735465171449,0.9946874769237521,0.9960574759264268,1.0037496826993806,1.0074171410042188,0.996002195969384,1.0088954973446063,0.9966775020599191,0.9976519723962025,1.0002285002203972,1.0003306840378845,0.9939322095831703,1.0018653830155475,1.0048733463439172,0.9958656340741927,1.00161848797923,1.003876231806667,0.9963667983173071,0.9942147124141772,0.9957288216637482,0.9999910131819463,
342,2904325000,0.9973049358587701,0.993647240403782,0.9945667248002099,0.999597714837559,0.9996607369905004,0.9986939138023504,0.9922716932750458,1.000549745702189,0.9885633760900879,0.9984034227585773,0.9934346551698252,1.000866350952635,1.0003941977741933,1.0047761246367886,0.9993970276864805,0.9994790027960289,0.9930301970144455,0.9988706232876842,0.9965642739842732,1.003092036642895,0.9875393147186442,1.0008769413201484,0.9985969782005503,1.0007381387025998,1.0014942694174653,1.0003546651816935,1.0021650194066876,0.9992592320676561,0.9926332245102214,1.0007499075054815,0.9940469916328264,0.9911381197029501,1.0010116999987109,1.0001796191409245,0.9939538969554266,1.0018801374108315,1.0056921804327066,0.9941964837340344,1.0028646418629505,1.0009236085947428,1.0037873056624542,1.000377461802796,1.0038239323100662,1.0005463944050275,0.9913743262620756,1.0001557486501738,0.9976296377923428,1.001753220980095,0.9943556521226651,1.0030644088498715,
343,2904600000,0.9986300703168293,1.0005506628877652,1.003939948787641,0.9984507297172411,0.9992296090725918,0.9992596440494129,1.003585347437979,1.0006050908008166,0.9980268049781833,1.0022253554641474,0.9975118994160551,1.002320664346855,0.9957950737877999,1.0026354461133988,0.9984594681855077,0.9987273807947996,1.0008531015531228,1.0015578217993164,1.0013212035759866,1.0067698798291094,0.9979055037265389,1.0040881859270738,0.9978047076739893,1.0031431552493608,1.007477048695339,1.0019618235744374,1.0042986019651348,0.99826137477569,0.99249191499774,0.999663212621858,0.9993795134725528,0.9971664945438096,1.0009360917965724,1.0059111973471333,0.9952901987315306,1.0046635175326046,0.995143624440105,0.9971691621754792,0.9991848521048096,0.9962181840606228,1.0027031418117947,0.9988240380846919,1.0015737026458056,0.9953217314699145,1.0045147717679652,0.9941016530971479,1.001184313707206,1.0072567720010022,0.9977274700529535,1.0030061254338123,
344,2904875000,0.9950773654888825,1.005965673917815,0.9946588989481842,0.9913741670571669,0.9980478627199979,1.0037630735807934,0.9959262007100612,0.9970725284000669,0.9997816036030409,0.9906537119952733,0.9949206274720407,0.9938558956496069,1.0044109364653429,0.9969680113538285,1.0030461939680146,0.998128773941263,1.0051779134948597,1.0071900776407106,0.9989454960970302,1.005392421131161,0.9958745841973011,0.9978345837647673,1.0013965952549067,0.9965612765183465,0.9971857156106377,0.9956933560430733,0.993728406542817,1.004090248442241,0.9953511679880005,1.0045154844600546,1.0002722393645167,1.0011030474049278,1.000658463590455,0.9968196483468397,1.0020868005579235,1.0075461077530024,0.9994822725638394,1.0046004581381545,1.000361090196954,1.0008284922728112,0.9949887449910443,1.0012568619026792,0.9982139272572922,1.0038948079327783,0.9976995872217006,0.992101940191128,0.9970764632702528,0.9952945348860501,0.9972937055496208,0.9973965176454698,
345,2905150000,0.997076370657467,0.9972649257764206,1.0030489704523464,0.9983205826766702,0.997936419512443,0.9973828028423205,1.0071491412275382,0.9991405623118953,0.9986492525372013,0.9975282363749998,1.000439870460654,1.00775102245558,1.000638232919152,1.0027045060431754,1.0012814835533375,1.005128677669526,1.0016563851112292,1.0050687058764967,1.0036391002287088,0.9964985262606455,1.0023553081620702,1.0020782439592752,1.0026541418248298,1.0021497904816816,1.0022197437317728,1.0020875371488043,1.000884953762875,0.9966581804951027,1.004218532274439,1.0027855834228363,1.0070369293847146,1.0031608519352924,0.9979023404127393,0.9950432201554166,0.9969515230455555,0.994187655383732,0.9962053852153571,1.0000217762953503,0.9996606725295903,0.9969165418957735,0.998016285712294,1.0058186924448742,0.9983617737842163,1.0015833776815184,1.0059950128209227,0.9965599005599195,1.0044379847992984,0.999081199454809,0.9960559952418363,0.9995855249175993,
346,2905425000,1.000704874302608,1.0009144291267464,0.9941213117523475,1.0023489952534004,0.9898030461114051,1.0062217182395337,1.0010052705698238,0.9997155588697386,0.9980091073620838,0.9949303515211947,0.9968865674893902,0.9967464500564525,0.9931116516748782,1.00056535490413,0.9970849980673655,0.9922509016461079,1.0056729192923513,1.0015496977898148,0.998891550258936,1.0069752583540224,1.0042600381513083,0.9979085716464892,1.0018390945118254,1.0071472783151665,1.003194533880805,1.0043773439000856,0.9996088239915654,1.0104143077111145,1.0025942536876584,0.9992030598818442,0.9956019690612868,1.0028238981528916,0.9999210920035609,1.0025948464706458,0.9994373459050734,0.9996405491712475,0.9984948352353493,1.0017348320196726,1.004389062074256,0.9982289704223419,0.997657572037987,1.0010741359721733,1.0051054598158844,0.9987524816143004,0.9955372824057718,1.003707246234344,0.9957184227775058,1.0035273357546959,1.0033211449392843,1.0005003634431726,
347,2905700000,1.001487272251435,0.9964902606621181,1.002985843138996,0.9985688763082198,0.9949310969972643,0.9953795391418253,1.000572089544961,1.0004385717862796,0.9967640352396312,1.012114644319884,0.9985939901565738,0.9963984172185218,1.004754537811193,1.0010096864200564,0.9983269632389042,0.9958018370494137,0.9977447050581528,0.9987241115100646,0.9935272423931211,1.001619502372583,1.0017598466234532,1.0004887283340826,0.9916027642475869,1.0005142150295483,0.9971101712474149,1.005187624179004,1.0052965200904294,1.0025554546456674,0.9968051577086844,1.0029739289194375,1.0017480488089059,1.0054022762300656,1.0006513377203425,1.0000347469690634,0.9995524290523844,1.0048593633311138,1.0031360676313401,0.9892955353403003,0.9955905232215524,0.9990995135747195,1.0019416810232766,0.997735927718945,0.9996877089986268,1.0104842074162197,1.0019560570144581,1.006102274210199,1.0051155342203564,1.000698609300036,0.9954741990345627,1.0008021542714858,
348,2905975000,1.0037661221819847,0.994739855018371,1.0027167720169845,1.002527359607791,1.0067475214237724,1.0023988210685248,0.9931442806621461,0.99798128810804,1.004526111189522,1.0016877971354199,1.005077619930819,1.003906694706504,0.9992768543572574,0.9994452155796973,1.0026990608876978,0.9943379675399275,0.9960822805961456,0.9972852819904139,0.9939398088112353,1.0006771055887944,1.0048430854707444,0.9958541502433004,1.0068428407181773,0.9944640079205614,1.0007901509271713,0.999298707707988,1.0043675341039375,0.9943897101152396,1.0034672819273462,1.0015797778453917,0.9964149284845502,1.0057925502860772,0.9998802568878412,0.996593631147499,0.9973223449518462,1.0037952900302944,1.0125767820455425,0.9958565608230285,0.9986976574724727,0.9952504414730771,1.0002604391669454,0.9984121237424741,1.001725430810891,1.0015869677138567,0.993305667647426,1.00263932448001,1.0033428319317426,0.9963772571368512,0.9979435305144494,0.9950433540054802,
349,2906250000,0.999694886816596,1.005564140387662,0.998145739282555,1.0033728459648723,0.9981657841346834,1.0017281958977369,0.9988225925098102,1.0036315767328,0.9942744903888251,1.004370369800563,0.9946446827211212,1.0070476438563534,0.992839948515308,1.004270331896902,0.9991428426651393,0.9951123433012306,1.0014740729941796,0.9988306509993913,1.0013392682455875,1.004414780921822,0.9983121591797897,0.9946542620800138,0.9960444059640048,1.0054408593051125,1.0020480430207512,0.9968685892744811,1.0035914983870946,0.9979139889259735,1.0007034752473019,0.9998806412826201,0.999486604759096,1.0025861503793294,1.0020217589798637,0.9986917525978962,1.0019350031619856,0.9930787357224206,0.9963516996425444,0.9974923921754837,1.0074982055360902,1.0057196457027533,0.9971464908384922,1.0077460936368463,0.999517544005475,0.9964250478065442,1.0002721029251702,0.9962115209503486,1.0084197372216546,0.9943802808799443,0.9966484802741179,0.9983661812540107,
350,2906525000,0.9960375088370549,1.004953422812368,0.995958855427014,0.9989799886882453,0.997165677847515,1.003332790738397,0.9970970799522686,1.000182534783481,1.0024867963678226,0.995320452537058,0.9986644593663123,0.99672840988689,0.9983941380999487,0.9991599533915292,1.0020304096648227,0.9972894909153545,0.9946762665317224,1.0003811246013434,0.9906215233254329,0.9989069169709228,1.0005650244869684,1.0072965651739567,0.9977960490977036,0.99618133415483,1.001700563772512,0.9933895753780538,1.0062575099725668,0.996220527128993,0.9962421820384899,0.9977744170525281,0.9957053466360539,1.0095417284150416,0.99258301254292,1.0010388387622302,1.0001836313952652,0.9979935184216968,0.9959914087997237,0.999296248812378,1.00938772131138,1.0029844825849858,1.005352829874255,0.9986775487491193,1.0055221170909467,1.0020321657723485,1.0021938418227534,0.9937124500929702,0.9940343803670925,1.000865828512107,0.9985923823782922,1.0016790466007248,
351,2906800000,1.0072281269905456,1.0036685469098552,1.0062112726952535,1.0057328620889145,1.0057183968451595,1.0049206410455207,1.00181081150439,0.9986993360024451,0.998600292230641,0.996951707707001,1.0011504639308042,0.9961213368480263,1.0016987602219853,0.9993085391578509,1.0043101759477542,1.0011748337943238,0.9952716776657938,0.9970884478880209,0.9983801750808676,1.0007453686248668,1.002344988837103,0.9925124095398478,1.0052850187012148,0.9995360538219823,0.9957627977859509,0.9971079906638064,0.9979065404901992,0.9984145287345921,1.004556189101144,0.9981728581137569,0.9965406374073643,1.0015069077615584,0.9994222378641063,1.0029586818156901,1.0018787617459406,0.9996741313064467,0.9975722935400916,0.9982145453178036,0.9962387403227334,0.9945363001311561,0.9989414733181032,1.0012738705375186,1.004649899297195,1.0065897869694427,0.9991676605611541,1.007385272772185,1.0034273199384802,0.9990684770742507,1.0023277889385311,0.9925221729315257,
352,2907075000,0.9944772331933418,1.0029790478492564,0.9990696141023236,1.00524089347659,0.994742317694168,0.9964356232111689,1.0056702584584374,1.004582000336595,1.0040236868232908,0.9937697459383434,1.0001560857772869,0.9971313534337222,0.9978766950739099,1.0036514010472433,0.9934881262384507,0.9908633586891327,0.9937214588762435,0.9954576623893395,1.001193339642472,0.9967230086544019,0.9924280894185955,1.000722860604145,1.0022915557000696,1.0010735527422936,1.006308001965473,0.9961899767332194,1.0016855933245883,1.0015031524949312,1.0020448953254202,0.9982272622942998,1.0005724739721769,1.0018675032459063,1.0006818779203313,0.9967189785779547,1.0033891890473052,1.0035964574620677,0.999044573840742,1.0008756237822685,1.0015551112928591,1.0006872544320053,0.9961902833034658,1.0025604217245556,1.0055612044472466,0.9979527096814037,0.997328767098021,0.9970837499708343,1.0008088350829758,0.9987019280924234,1.000293639668948,0.9999868959070985,
353,2907350000,0.9987016548328869,0.9997758825388671,1.0027088426643223,1.0022250404502215,0.9926859972444567,1.0002790807898758,1.0038863864923857,1.0005792558418458,0.9954346107994599,0.9978897631876945,0.9938178398250371,1.001593620652432,1.0017448669480273,1.0006717714441347,1.0009198707005866,0.9935849765054867,0.9958500596288025,0.9953670558985983,1.0029864974029148,0.9985934658676582,1.0025758125045454,1.0013893783015362,0.9943163207295711,1.0007431557981414,0.9969379411364642,0.9973886354487868,0.9964254192436639,1.005557200739861,1.0001427097869344,0.9984977495458498,0.9995113648718558,1.0026002118628914,1.000777411828217,0.9941744353929782,1.0009546141632846,0.9988031518590669,0.9946309942958673,0.9932739688826415,0.9963349377197073,1.0006392139527225,0.9982304233693003,1.0021794770887265,1.0025977180592682,1.0007485864579861,1.0020295212655834,0.9974065041967592,1.0038648078514671,0.9916731159005581,0.9975815275805727,0.995842086051583,
354,2907625000,0.9971554610127702,1.0018090360577772,1.0008416887151665,0.9972732418755031,0.994297007627249,1.0002257907305452,0.9983705437860056,0.9961296846959563,0.9984932939740173,1.00374926758121,1.0052874389314668,0.9990874954952104,1.004603212884642,0.9969385430605676,0.9979430329758381,1.0031109437501367,0.9960709709140783,0.9991758266905546,1.0012405151503017,1.0024028211944778,1.0050491844789422,0.9977385307124407,1.0009332059583138,1.0010002268765887,1.0051572034537837,1.0023373349826377,0.9958644333075466,0.998833171031197,0.9988396825255325,0.996860813499103,0.9936379436706657,1.001666060044445,0.9957073682312174,0.9942441841258189,0.9917879495927976,1.0016741247692689,0.9974642228050782,1.0033684976876256,1.0085734369152661,1.0049341787643409,0.9909351861548814,1.004482704355518,0.9977973612141173,0.9964167328816697,0.993947924929787,1.0009568386873282,0.9952165886966396,1.0027491392517573,1.0054126390653015,1.0017911813668738,
355,2907900000,1.0011668939590166,1.000424077317155,1.0027054339940875,1.004764848733362,0.999216082678054,0.9958598754652114,1.0061251430623253,1.0094149397608816,0.9967231446936841,0.9899953255573858,0.9975869175256334,0.9915722001396795,1.0007122930773371,1.005719725948011,0.9961902838568791,0.9974751541851661,1.0063475678279663,0.9985811741416092,0.9987796143938764,1.0036356771206705,1.0070345822648594,0.9948564143438284,0.998992313248337,0.9946768639059613,1.000481697578442,0.9968151121389094,1.000464655711524,1.0003606361878936,0.9986285649505505,0.9976851540743792,0.9945416317100056,0.9942748264637032,1.0053580229331427,1.0039209048724531,0.9993867119783022,0.9997128824867639,0.9921765839100561,1.0054461855465593,0.9979365099074421,1.0042258621494797,1.0016186358155434,0.9975869634017912,0.9966652793857212,1.0000210690870108,0.9987388898876433,0.9964998519390438,1.0005472462091713,1.0037615629850252,0.9919733963785797,0.9989016156481413,
356,2908175000,0.9974040047404761,0.99839292585619,0.9985887049788579,1.0040808979116809,1.0055992182900493,0.999333488416213,0.9990834983990186,1.000731079011271,0.998863727068868,1.0004373934869204,0.9963354586120393,0.998328289232936,0.997149932608628,1.0028389275987148,0.9983775270660242,1.0009521327858657,1.0006471508311394,1.0012262306158615,0.9990142713630276,1.0015481748771478,0.9917396779244815,0.998853377762607,1.0010887327437439,1.0013483517597184,0.9929214974131318,1.0065224280380662,0.9970087345711087,1.0019552200887216,1.0051872905005226,1.0036825219161551,1.0014962384312383,1.0000993313780637,1.0056261657674874,1.0054101480574902,0.9996810316454157,1.0004513209640777,0.9987673419158228,0.9965872926520661,1.0049179330020241,1.008163126330116,0.9938870732810774,1.0023794056240352,1.0037156806374272,0.9922782401232987,1.0012936087392426,1.003511492630447,1.0016713020067947,0.9951150765690263,0.9995594150318168,0.9950696549771252,
357,2908450000,0.997473626556046,1.0022093865638464,0.9974513552609799,0.9965820564673432,1.0014882375767344,0.9994283256514107,1.004996646344087,1.005430319076742,1.0044054564912699,0.9995978000181455,1.006598405971767,1.0004236019108361,1.0066643368240522,0.9987813144032378,0.9962821267099583,0.9959439279940415,0.9986537209594197,1.002750516880162,1.003004359520426,0.9958428252400748,0.9975961925796134,0.9999552877283132,1.0121255892856873,1.00057396807994,1.0073852296102996,0.9971832150382078,0.9998342848433386,0.9986308262749418,1.002722387613267,0.9917952591397612,0.9959107429697103,1.0013138936648032,0.9948654409617437,0.9986931816258217,0.9997954041511016,0.9978851372123282,1.0014467350738825,0.9952064120567541,1.004180511293163,1.0004745376362674,1.001576427882463,0.9992556343347699,1.0003334700662394,1.006371776586904,1.001196447100629,1.0036138080993056,0.9986162497194202,1.0020995846862486,1.0025878007308737,1.004408047093292,
358,2908725000,0.9991995844481132,0.9946564352862797,1.0076763833242612,1.0024973210493404,1.0030908135710148,1.002026835420229,1.0011222496065857,1.0011923356677999,1.0002732259922364,0.9973953270231614,0.9977407349744555,1.0023033724774264,1.0072304367867315,0.9984460070971141,0.9927517714234427,0.9974942267055765,0.9941881739826439,0.9972931532981087,0.9954723068997327,1.0097331355105803,0.998983359403666,0.9996343062644175,1.0005093938236636,1.0020483273337402,1.0005399280433855,1.0089220296546146,0.9973908111593,1.0003907156059566,1.0065500330014499,1.0002346307080168,1.000485281493647,0.9983305941135625,1.0083335584590625,0.9965038439147209,1.001738877328605,0.9955981448976498,1.003433138328076,0.9979671990659934,1.006963467269187,0.9993389393458347,0.9959001834408028,1.0019865919599236,1.001129729144419,0.99615302863838,1.0026926044569908,0.999247246685972,1.0032396561483312,1.0042537073482918,1.0016038933196323,1.0024004007814709,
359,2909000000,1.0021648206906826,0.9971224921464024,0.9963465702312693,0.9980927255430367,0.9983203198602126,1.0040387247301032,0.9992475609304812,0.9984057342305629,1.0015604998184946,0.9949408686823403,1.0012834492590805,1.0029603392055595,0.9993743055170711,1.0059196111006101,0.9984663898325704,1.006842841741091,1.0041034667235962,1.0041217467213939,0.9997581457923082,0.9965326158692646,1.002886551335712,1.0019805926400474,1.0016223794193397,0.9999854432134786,0.9907105851756436,0.9980259246113521,0.9999859684821868,1.0019123644516408,0.9958758056603625,1.0034204117924572,0.996714555966023,0.997480338874346,1.003571262984308,0.9979928372577475,1.004721517356043,0.9943408095425492,1.0017649057679916,0.9993504676102681,0.9937444001601633,0.9963576232712307,1.002121249831442,1.0029357107817851,1.0032527174351704,1.0033706186104805,0.9979588227404957,1.0041887184645275,0.9999118890022993,1.008021639876258,0.999820521560183,1.0034203539327409,
360,2909275000,1.0003078193585306,0.9964710492555592,0.992626002570852,0.9996265406356512,1.000242679260257,0.9992004174632152,0.9902667631589805,1.0012169179542532,0.9996114099502129,0.9993882352749813,0.9989799572058145,1.0040089454568564,0.9995032985840748,1.000581564961048,0.9927586319904536,1.0014940613560381,0.9992491817589497,1.0019797844034353,1.0010778404881342,1.0004073990368385,1.0070200093180268,1.0079300218064688,1.0030388552408436,1.0058457050050111,1.0018585360043115,0.9961648607500329,1.0023166570007076,0.9999372224333495,0.9991751185644502,1.000999804509131,1.0066229016770931,0.9934636880653467,0.9983309310161481,0.9936232644540695,0.993923317047556,1.0008041419552427,1.0072328673878947,1.000757925477211,0.9995279146904077,1.0025272978020527,0.995078892018594,0.9979823100960665,1.005196044171467,0.9952493072986104,1.0101725094243466,0.995628405726879,0.9928454562634162,0.9999405637783589,1.0002420412677584,1.0053404338211733,
361,2909550000,1.003064127104516,0.9998265302479543,1.0035117926796302,0.9955624954859754,0.9959780837792198,0.994012843394403,0.9975822420090116,0.9953802030273424,1.0007852011559673,0.9970045653633257,0.9977473343361468,1.0065705775401297,1.002021179564975,1.0031797118578691,0.9929205220986008,1.0049811510319318,0.998288365082909,0.9972932647564854,0.9986555363168729,1.0013418129587228,1.0001148489558211,0.9919527549907711,1.0013831985652366,0.9998596959113579,0.9971734573982155,0.996964520839333,1.0032123036759484,0.9979322111170726,0.9903438548397748,1.0005770912432534,1.0004616605493681,1.0007387741215805,1.0033207875925894,0.999949517434106,0.9980183221992358,1.0025340860750602,1.0024393485526142,0.9960805602866354,1.0047139348598144,1.0015901501001387,1.0050711114727071,1.0058938069375558,1.0031735828960204,1.0052677256503113,1.0008343515104807,0.9951785605803043,1.002910422926994,1.0008612076406038,0.996457087841383,0.9992966175661993,
362,2909825000,0.9936193459331657,1.0033447218969371,1.002320990314937,1.00815528910367,1.000803975883753,0.9995470629227883,0.9915374794602785,1.001125752948361,1.0019683635456573,0.9954329295211709,0.9929951906980772,1.0023384987518518,1.000632119454808,1.0042186638378834,0.997130095470338,1.0047861609513793,0.9978063024040795,0.992570665692529,0.9983887292403506,0.9945268606126023,1.0048536632846468,1.0026340558890983,1.0008794060583592,1.0005190679267064,1.0048962397868808,1.0039690290381582,0.9979322273317629,1.0008543097597091,0.9960362811449367,1.0050787600257904,1.00283829337482,1.0010265699454393,0.9981462800232708,0.9968864404219507,0.9947788852317138,0.9939511214991996,0.9970571825876238,0.9988302569746121,0.9958049968698621,0.999454178670359,1.0009196497978519,0.999407347947207,0.9988452524448618,0.9976929970735776,1.0016182830915423,1.0050392320083514,0.9995838799975418,1.0003216934640802,0.999212925977697,1.0000108629490516,
363,2910100000,0.99833838877375,1.0036685879137768,0.9983907293376136,0.9982672967868514,1.0043683023536563,1.0023424363311098,1.0007484022220257,0.9986817374235785,1.0007390611515439,1.0030582751022261,0.9945576372000822,1.0033030710680417,0.9997422697285061,0.9918663710707973,1.0013086897991257,0.9956540184079113,0.999770635203361,0.9905913423110434,0.9984963313389466,0.9953157982995191,0.9972512066851738,1.0009136344205134,0.9979169554820272,1.0015318091944512,1.0036568991822052,0.9970928372792242,0.9987829116801183,0.9985266760809629,1.0039112932480287,0.9998102612080706,0.9989384412275885,0.9966836676664358,0.9999667469366766,1.0016855242847513,1.0062255337593204,0.9945944514122709,1.0024855692538115,1.0016263930480598,0.9969820966682477,1.0041185198821871,1.0016955813398019,1.0004876829076226,0.9983223623975777,1.0042086548818236,1.0028779353803332,0.99631232601673,1.0014273593704475,0.9898985136745201,0.9970631611403257,0.9986064854943244,
364,2910375000,0.9956439847299895,1.0013649137070264,0.9986180994313983,0.996925016357698,0.9992108068918768,0.9986448426595993,1.0025485519951176,1.0000960410494768,1.00194938919059,1.0060098123690009,1.0054763185674882,0.9990206712261642,0.9988481340780876,1.0023871766242651,1.0022171506452668,0.9989505036021137,1.0018013165278097,0.9970299773552547,1.0024401615018175,0.993166376578994,0.9976500910078564,1.0007610861043472,1.0007461748510478,1.000387501199512,0.9976689014553424,0.9978200391994698,0.9961948491919052,0.9932593726972725,0.9979003461197222,1.0062914738080633,1.0026896025615886,1.0020510259891446,0.9947947854486376,0.9952768872909757,1.0016079478169069,1.0016022376876208,1.0047637036533696,0.99980923932237,0.99257063455876,0.9983726251046482,0.9976365233967585,1.0032290699465278,0.9986416941924139,1.005423321561517,0.9947816270233919,1.001439291042469,1.000759797832213,0.9999989875531797,0.9952508244289406,0.9941279008874184,
365,2910650000,0.9925327414024717,1.0007171507018846,0.9950040107590589,1.0029031239622408,0.9974655484199793,1.001324034089085,1.0026001198054861,0.9986106783492513,1.000124909500203,1.00617185591221,0.9958034976346384,0.9894835290881792,1.0007872672853386,0.9981524599911724,0.9991158920484728,0.9997913787816739,0.9997451169897424,1.0019613490770862,0.9993877658867812,1.0000072368575434,1.0032117490270072,0.9982175551881074,0.9963715423661574,0.9982852799564095,0.9957211248695669,0.9933068141082454,1.002774637568135,0.9984514002308807,0.9987212040198801,0.9979681972408371,1.0032725709256525,0.9945895496453878,0.9999803013828314,1.0010831938501674,0.9982894773069193,0.9921537299023117,0.9980794025495173,1.0074005579700105,1.005014909341943,0.9946006321778876,1.0008685545148157,0.9996373622870789,1.0038649911317115,1.0046583660981,1.0016170697796736,0.9977201453377171,1.0012532197156627,1.0004730468155498,1.0015746644106955,0.9983728005487623,
366,2910925000,0.996890365922031,1.0030246173149748,1.0049032715000872,1.0044245096526454,1.0023599872982178,0.9991256803764577,0.9986440555387893,1.0026931501730816,0.9963618623740611,0.9998036248301468,0.9939829047769386,1.0010612440534803,1.0016236038228097,0.9994324022603994,0.9938201737349677,0.999774495147806,1.002492927280555,0.9979531773550656,1.00376606458354,1.003212976529881,1.004499765679325,1.001296207189023,0.9990791336177397,1.0035438903425076,0.9989112346439174,1.0075723049190721,0.994902302592937,0.9993646411824622,1.0008398093917947,1.0028459480870484,1.0049384449006098,1.0039441987210866,0.9925458156572972,0.9952728382393081,1.0057992600398318,0.9972265365774107,0.9990065500169588,0.9991381990307302,0.9982768109049368,1.0008666822038441,0.9951031609166012,1.008100246360624,0.9998717621198586,0.9996228012045514,1.0031022482613443,1.0006249061061325,1.0022996330390985,1.00212880556351,1.00725686287884,1.0008443631179726,
367,2911200000,1.0011222268860582,1.0010459218744585,0.9982990089868838,0.9995306111073884,1.009579728338092,1.0071068562514722,0.9975704881533352,0.9979482581712102,1.0006597577672334,1.0062818180192978,0.9998207441821625,0.9970502358273763,1.0084522509736082,1.000850618994099,1.0030444977116293,0.9966773750543199,1.0004226694502834,1.0047086873811268,1.0050171787680007,0.9953197754200619,0.995773927447637,0.9998181204446014,1.0027022254620273,1.0047321308632158,1.0029744418036903,0.9977226743730887,0.9978541565419362,1.0039644414016151,1.0009851687636424,0.9999641110820763,1.0048647369361252,1.0023969875747496,1.009807701496564,1.003360457157128,0.9998922292230332,0.9981576096913356,1.00878246644857,1.0010872769309955,0.9976513402717316,1.0062243603329288,0.9985459394816313,0.9969327715016786,1.0035908679547485,1.0025068561660853,1.0069847823681286,1.00105510172067,0.9970764175683483,1.0004353687382692,1.0003289117582586,0.9958306769333959,
368,2911475000,1.0098046562576808,1.0024076271038505,0.9998447890467157,1.0062627848426098,1.000427881338425,0.9912807837408332,1.0020831437825968,0.9993483813305535,1.0010375772337388,0.9999644594159934,0.9978157148693126,0.9977995732605119,0.9974215857580637,1.0012363260523534,0.9965889755601288,1.0020476289526945,0.9882748986703309,0.9981565674521208,0.9910643511650125,0.9973146172732583,0.9970413932994712,1.0027228256985148,0.9961370136481696,0.9979414327074936,0.995260639870261,1.0001752833478856,0.9998209272781555,0.9994235280232733,1.0022815788896455,1.0017198089257153,0.9964513525581015,1.0123019795667105,0.9947537339445972,1.002870700201963,0.9984365541220313,1.0023310626359454,1.0022486197875238,0.9949495873217156,1.0002996141843437,0.9944516196883443,0.9916544459873662,1.0003301480523408,0.9981368447827361,1.0036366572929865,0.9992430328073195,1.000003581352518,1.0039680260227541,0.9992355409564562,1.0038763923307779,1.0006503550159875,
369,2911750000,0.9984749038808011,1.0047002218562582,1.002517844682022,1.0009482615176155,0.9989984219228468,1.0077475285999142,1.0018918994371546,1.0029641477656335,0.9965305304484717,0.9962343227919964,1.0056771227881496,1.002462905422832,1.0004682799980018,1.0004547432857518,0.995169611892732,0.9992265622866201,1.000715165312362,1.000722907153589,0.9955482756144313,0.993310363870705,0.9964180815399255,0.9983243225451175,1.0034478671697606,0.9969733549996858,1.0011002537157687,1.003041997227549,0.9958361965809299,0.9968351052152612,0.999394964859287,1.002778806275111,1.0051981586525263,0.9973588142430038,1.0004704835436546,0.993002362152198,1.0071113780513912,0.9945717923053516,1.006638410168585,1.0028688795005407,0.9982002710034212,0.996047529295817,0.9960327137544636,0.9989250471516025,0.9995076057886675,1.000492590969627,1.0011368006610295,1.0028506029276818,0.9976015387516165,0.997534236638438,0.9980341938965038,1.000985950664086,
370,2912025000,0.9975061757312804,0.9994145032735956,0.9918395632446926,1.0086197343942906,1.004834265610071,1.0055833093468742,0.9970910754683643,0.9962069948926755,1.001796719333612,1.0072071473378408,1.0033021511489055,0.997272761877245,0.9904781190063663,1.0035483900305635,1.0007462338427764,0.9972876586409742,1.00467877415472,1.0005472092606273,0.996276661872442,0.9952632695477098,1.0020301672659064,1.0030877571578332,0.991502257453162,0.9984611125078737,1.000214647696484,1.0037843975595642,0.9995718150473002,1.0045458877857754,1.0037070077639918,0.9951139202903447,0.9994789601308693,1.0093419673056536,1.0024748959789083,1.0025617099167092,0.9992175262948927,1.0009715477566625,1.0032675518464484,0.9980531863499333,1.008046262154005,1.0015255525049858,0.9963199624559825,0.9976665788511916,0.9975403964783376,0.998358037862766,1.0005890214394193,1.0033893388939772,1.0049758048702129,1.0024592053953174,0.9963063784009749,1.001435820195349,
371,2912300000,1.0031727774144727,1.0049433805277468,1.002272670520183,1.0039845833246246,1.0024057719686306,1.0055607403110565,1.0027851030778752,0.9963646515218552,0.9942997335453072,1.0014767134290536,1.0060306777419408,1.0035995611710773,0.9985989872586669,0.9983322363209014,0.9990966948200017,0.9935013225319106,1.0044338412894533,0.9968880054331483,0.9919600710979952,0.9980304469588097,0.9973319421590202,1.0056949158267934,0.9995971869625865,1.0040732438991429,1.0060400211781777,1.0019051694054026,0.9978191128045953,1.0003027583956507,1.00267433474471,0.9996793605863205,0.9953914915771223,1.0044060304289937,0.9984025570379129,0.9965904623955503,0.9910578377993722,1.0019580284036456,0.996300404103973,1.004074058908999,0.9965065649980314,1.0040810611688178,0.9973907827152002,0.997448347188559,0.998773034038955,1.0026182608717134,1.0041712163005607,1.0011310229599026,0.9967319219224509,0.9942445002468845,0.9986195302319719,0.9970408294865889,
372,2912575000,0.9909507919097706,1.0027074700652794,1.006684848725876,1.0033050618879065,1.0027180718060407,1.0080691901459575,0.9957424094986627,0.9956980920756571,0.9931353977406105,1.001261991478677,1.0034006775801008,1.0042217888216356,1.0015162352231504,1.0019047540256028,1.0013218301257645,1.001515093361262,1.0086302221966585,1.0024568685318,1.0069433812834865,0.995214585976034,0.9947975606587968,1.0023044682243003,1.0042627937637625,0.9980244269576145,1.002787533297681,0.9986638547191942,0.9983526680749882,1.0024523155387528,0.9970359823874555,1.0033340736240346,1.0065379496978082,1.0000560350037424,1.0035107144029867,0.9964773935032244,0.9969595432257293,1.0019143194212097,0.997833401482162,1.0030138406299944,1.0010104303458747,0.988882772815327,0.9992955182199362,0.9920054696737348,0.9982527839271875,0.9979715523113644,0.9943493329093768,0.9983770886041803,0.9935334299224156,0.9946653553990471,1.0040283842451176,1.0026289839056823,
373,2912850000,1.0023154636065745,0.9943674295151722,0.9932916320033323,0.9958882890452988,1.0008454520556762,1.0016100289671823,1.005445315869211,0.9924999378606698,0.995256436150166,0.995139279658861,1.0004812285839544,0.9939991324225504,1.0008265635752422,0.9989359214024937,1.0021457036075168,0.9924000398573123,1.0021027645581573,0.999873128283499,1.000003975290396,1.004969728610874,0.9975198850589324,1.0054981330424084,1.0019128764474634,1.000847447691323,1.001236904864348,0.996378651578005,0.9998551208521217,1.0003216667163672,1.0014260800737258,0.9985783566934834,0.9980303945808335,1.0017816717034878,1.000406809358062,1.0060325274370603,0.9984905402730923,0.9951513095568688,1.0023427629534467,0.9970037874335687,0.9998958776004778,1.0039934288246255,1.0049942283964415,1.0033577488265943,1.0111191831666617,1.0034794945360777,0.9978936164355966,0.9941838524783302,0.9990559114404685,0.9968937078263586,0.9998213201476549,1.0070177896865884,
374,2913125000,1.0063428103742262,1.0012826435044895,0.9956574361277561,0.99725257680991,1.0017152703245222,0.9941686479378303,1.001241609039154,0.9970572970335377,0.9925829232694235,0.9955031527222433,0.9963282437941009,0.9940784307140027,1.0013200790421013,0.9906733824197366,0.996859836404943,1.0049583725183795,0.9995608646319579,0.9898533671057294,0.9982550499439099,0.9990352429482123,0.9972716927530377,0.9980423729355657,1.0014185003705498,0.9930099262179108,0.9983332821237538,0.993560553780425,1.0014065724493142,0.9942267488998632,0.998842497142134,0.9928236982401203,1.003286572252521,0.9966048497561208,1.0027634868584194,1.0014158585733715,1.005062724855792,0.9931346051736417,0.9997004620762449,0.9968695733860709,1.0039457466342987,0.994591969187858,1.0013555792016318,1.0026091923303897,0.9966764335303328,1.0046396664379418,0.9940029777079429,1.0011791443462505,1.0010121845690563,1.0043956499873357,1.0050625600919654,1.006494273278173,
375,2913400000,1.0024532815335945,0.9995858044554106,1.0058002658836807,0.993281438325952,0.9977853854567984,0.9990251791194306,0.992322757732858,0.9945174367402531,1.003976167660774,0.9959841869192458,1.001233637644219,0.9963680961808882,1.003259547633744,1.0018007021255677,0.9954389981758747,1.0029376161657477,0.9994295467272987,1.001121621879398,1.000975102616363,1.00340258969428,0.9997734319244214,1.004036580163841,1.0023801809374686,1.0004361571029559,1.0020009804113237,1.003576806966921,0.9958316483173982,1.0032315671677312,1.002266348987798,1.0026123085249812,0.9959714443871219,0.9966425335369332,1.004937663404415,1.0007102573388613,1.0123581825430146,0.999337275292529,1.001396781365655,0.9970783163356718,0.997976008451055,0.9992962918891761,0.9955135531964753,0.9957215438453161,1.0028758824413422,1.000875647742423,0.995507485900178,0.9991913422100798,0.9929354267008765,1.003181655593818,1.0006177061394168,0.9947295276549598,
376,2913675000,1.0032689085147686,0.999708284793892,0.9996306998313912,1.003754899100011,0.9981806364170522,1.0017507177678888,0.9980125001339666,0.9988924426322341,1.0026052837844246,1.0018492950728046,1.0055868183368277,1.0007693854075688,0.9986288854658851,1.0019859208762865,0.9961197056074839,1.0057454397663004,0.9966955092415292,1.0026894476643176,0.9986688562094801,0.9955699958460801,1.00477677971597,0.996788830428248,1.0080193646058477,0.9992321530086749,0.9987373342567606,1.0053861557498056,0.9908246191258768,1.0008571239674917,0.9990605546162404,0.9953984560751274,1.0043505670313915,1.0007498430863069,1.0068538187325813,1.0023916039277887,0.9994355476406791,0.99632968014705,1.0003663770914915,0.9965974952607646,0.9992579666759185,1.0026548856228223,1.000205244297887,0.9978072705327624,0.9921457418345119,1.0034608963625118,0.9977639232326374,0.9980509183171983,1.0004914764528223,1.0001704722617542,0.9991025377339937,1.0001248188786298,
377,2913950000,1.00214095006601,0.9978549198331437,1.0047873598278865,0.9990218734752475,1.0028775687438591,0.9999734601470972,0.9992786589270188,1.0004362652768102,1.0036307805091682,1.000317271360138,1.0021908577521665,1.0057803207059886,0.9962265570458503,1.0064168802458626,0.9991055981583616,1.0023108226872495,1.0011151282275532,0.9957433946693903,0.994840454458761,1.0012901216529393,1.0011155850894604,1.001813614467771,1.0010470710162216,1.0028804521711843,0.9933829734794428,1.0001610578206819,1.0014044407169869,0.995744711397561,0.9955052299163882,0.9980147469010698,0.999730144814643,1.0013434730724986,1.004626374714543,0.9957242185374022,0.9951562253015152,0.9982064170053448,1.0036345431104876,0.9997871507869098,1.0021964349406838,1.0021596548987073,0.9970038299051004,1.0056250007500864,0.9941976837080747,1.0012196357542122,0.9909556281705205,0.9980704823752561,1.002110179175007,0.9992222862129606,1.0042547050124007,0.9950516462301273,
378,2914225000,0.999448675167962,0.9969470639517589,1.00439933797913,1.0034214529872558,1.0037601182559086,0.9957384067810752,0.9981224720087477,1.0004276739173075,0.9970107642121621,1.0118504507928079,0.9977933099642928,1.001251613897265,0.9967894984138261,1.0001251206986133,1.0032671383250176,0.9963501026066568,0.9929060872435506,1.0048241941991056,1.0044785691817624,1.001512109495984,1.0017761294679075,1.0011381594009,1.0034660799608064,0.9986134999226023,0.9997907720325457,0.9971355276526399,1.0025130357149064,0.9974549693896287,1.0021051653261532,1.0060537001342467,1.005670058032001,1.002107905342587,1.0018054119854314,0.9927794996766085,1.0003173580609874,1.003525581944268,1.0064702191196737,1.0001165074202503,0.995553261657057,1.0016075206994504,1.0000128389489256,0.9999768888591191,1.003635003892276,0.9963359940278603,0.9961136507868122,0.9910943753404539,1.0017276882232526,1.0013621397189207,0.998934786021661,1.0017203495581282,
379,2914500000,1.0046695895811972,0.9960611778628591,0.9964666165464116,0.9988372038483497,0.9953722944116825,1.0025060318282277,0.9981763160426357,1.0013729462765586,0.999877979211042,1.0035640953422178,0.9971037237760564,1.0054119060866067,0.9992111558539235,1.0031209197159328,0.9920122321128174,0.9981399956262326,1.0047825458036221,0.9986309337631737,1.0037251286935014,1.0030446033039835,1.001501600857195,1.0025136338713423,0.9986015271724965,1.0013310677249407,1.0035936763144226,1.0017124542533575,1.0000513679338456,1.003357618877721,0.9985840443116758,0.9998221023298997,0.9953670523869618,1.002435632471868,0.9991732495620486,1.0037461140729902,0.9989623831543007,1.0060100779452799,0.9987376595089918,0.998218295997434,1.000123281627814,0.9995257504369219,0.9974796133657685,1.0011281916475927,1.0030355181600907,0.9963195106418796,1.001929652867485,1.0129487570428921,0.9960860572059531,1.0057125054825473,0.9971345598301348,0.9998200935884408,
380,2914775000,1.003303010869443,0.994297046480453,0.9988463322004055,0.997713052553579,1.0051048912802105,0.9998358645080999,0.9972716253631521,0.9997343055418465,0.9956337041871199,0.9995627375344526,1.0002486757659443,1.0036940370902578,1.0036777539226496,0.9875247358176783,1.0002038317280961,1.0003053471880294,0.9938469168304556,0.9891644566937432,1.0037019024871419,1.0032475381451365,0.9968198657501992,0.9970385429992966,0.9968330880115306,1.0040822332792723,0.9979895376236138,1.0023372862798765,0.9957713165693897,0.9972979983055543,0.9944921428786109,1.0041653424879573,0.9936087920779939,0.9940317453013653,1.0002958364607353,1.0067400097518913,0.9993739929098826,0.9940250846642221,1.0053446420099146,0.9990832198183498,1.0003721588446466,0.9980474413433901,0.9959876871462747,0.9966538366330701,0.9961675746987717,0.999850180190576,0.9945552696405244,0.9993347312087456,0.9968806543118599,0.9966539885326553,1.0008732593545726,1.001467323137356,
381,2915050000,0.9950923075664939,0.9934554619459246,1.0095944775814307,1.0002502692304707,0.9967084727281769,0.9980641311671367,0.9975136343366326,0.9961940599942468,1.0025200930016052,1.0028885415646638,1.0002066268387395,1.001258003540353,0.9992361553532286,1.0034133047223495,1.008591235973601,1.000868830258251,0.9920390271986428,0.9986854598255025,0.9974454004409617,1.0007602102889268,0.9982526678276127,1.0008883408726117,0.9992630350422409,1.0015687974068614,1.0035739583827854,1.0045376758689377,0.9980686834587172,0.9907007549861622,1.0005244503744752,0.9963724561498271,0.9944173369481826,0.9989288373359854,0.9990214748959543,0.9980411191702452,1.0022300986910326,1.0074038102731169,0.9987355604994813,1.0019302790369156,1.001735132259783,0.9973810684289683,1.0024107565593878,1.0028591714952568,0.9989226032464801,1.0059451584636556,1.003646320755473,0.9995061994404496,0.9939053321402032,0.9997081606864296,0.9923509695539584,0.9963328795157279,
382,2915325000,0.998437521385499,0.9978224128883683,0.9977324465154542,0.9992617987127972,1.006667610747887,1.0029562333455038,0.9963668013990625,0.9944575360901637,1.0004122897655245,0.996236820567775,0.9968735011539711,1.0019802230076669,0.9919173871245035,0.99886228379625,0.9943029930917956,0.9999470794329489,1.0027087740994451,0.9926126649942466,1.0023957505532446,1.0009610835343672,1.0020894402366338,1.000931212675927,1.0030362546141693,1.0005535516641113,0.9990641097570733,1.00366664059717,0.9921827377047509,1.0013936185516534,0.9911689255031039,0.9977539244446328,0.9940675738920702,1.0061629510170842,1.0055911995930649,1.000839866446227,1.0022197625468685,1.0048074724480807,1.0008791042003466,0.9999317992977467,0.9973587596514951,0.9973774915542686,0.9944939307064646,1.0017955802538596,1.000666827069946,0.9987720727705586,0.9995228061764063,1.0010242957451168,1.0011968692449456,1.0045004057323714,0.9916885342320181,1.002861050576885,
383,2915600000,1.0035033112262488,0.9951047433862401,1.0046553430797176,0.9967132045521129,1.0017186507674343,1.0029955907114305,0.9988527500506285,1.0069053506588606,1.006955607460508,1.007621006972968,0.9980750645830111,1.0006603786246153,1.0050651974079725,1.0012537202492247,0.9941165979718554,1.0007035088565186,0.9976497825072302,1.0003652597079096,1.0031601027511154,1.0004173115716333,1.001734486793936,0.9985185963232766,0.9991618413688299,0.9942795772860966,0.9944902687973093,1.0050200471780113,0.9969786458471406,1.0001803630477968,1.0015410818083588,1.0053851422143492,0.9936463061245716,1.0011766837463218,1.00293089054534,0.9904849311187899,1.0086273240921464,1.0017223148122834,0.9990496905947459,1.0000825869180328,1.0000425988251433,0.9980457957136892,1.0049777310621135,0.9971713575428435,1.0026055319005878,0.9972103542679319,0.9967279776558134,0.997239758543419,0.9942086978524265,1.0010877672361462,0.998239572574514,0.9973432843773326,
384,2915875000,0.998029123953557,1.000083475173215,0.9952316360073404,1.0001173579579854,1.0008003128339924,1.0015681466654103,1.0025426425218704,0.9918933931430158,1.0007584271403969,1.0049151945750958,1.006658423816875,0.9940131864982635,0.9999248258103671,1.0040962550116455,1.0042936590359877,0.9973622911095222,0.9915654174614733,1.0069542505429712,1.0035485964872264,0.9986500172506629,1.0020795349739058,1.0075382618882807,1.0070385881289325,0.9966343289175855,0.9959877852858616,0.9970999585153323,0.9981261862543849,0.9959028138667058,1.0038196732248263,1.0079707984637853,1.0026292184097423,1.0048067230494315,0.9977360914861527,1.0015109474233546,1.0009984915514625,1.0012730149079898,0.99595737555889,1.0050902597519453,0.9926990562541562,1.0072622697102132,0.9994897926304416,0.9960723338574737,0.9916765763048405,1.0005975188936456,1.0006798412750082,0.9986549165481489,0.9996031744225226,0.9919459221172652,1.002571422218492,1.0036761102656226,
385,2916150000,0.9932031612464574,0.9973000237394493,0.9890886883062302,0.9978606039694633,0.9928785046342904,0.9921193236964079,0.9986787978399135,0.9892549138568638,1.0057337054130746,1.0075614656189702,0.9927408517568058,0.9952361872770097,0.9962363673818763,1.0053612759534578,0.9972498748166779,1.0044664545500837,1.002336592305076,1.0037285524101707,0.9980656835046208,0.9957964893749837,1.0000378876690588,0.9986128588582294,1.0022679719139345,1.0010311806550365,0.9931981738182745,0.999405537053258,0.9984297309673728,1.0046153929269153,1.0005239164888182,0.9940095826844284,0.9977205895883003,1.0042125479716464,0.9992867498063681,1.0053468002230823,0.9982423041321268,0.996300812033451,0.9980624775640422,0.9999517553702159,1.0066265110999784,0.9936875796630157,0.9938850315055218,0.9967930464622046,0.9941518778352908,0.9981546383973842,0.9995090901388457,1.0002446408831442,0.9956293075272835,1.003112200449578,1.0017379619423343,1.0012131616242084,
386,2916425000,1.0003940782183074,1.0028297078623456,1.011237322594861,0.9971685455306368,0.9982373113121882,0.9952395081098483,1.003987902184008,0.9934611849850223,1.0040956658404778,0.991581093193423,1.0012318330616405,0.9970651734160662,0.991263336117791,0.996352658812878,1.0001580828738408,0.9995985734223165,0.9978521120036815,0.9970785412582928,0.9968699929282209,0.9974026046061771,1.0003857797015234,0.9995510743821381,1.0038157581385712,1.0051095161469272,0.9974959926886031,0.9969490676921673,1.0065546263457577,0.9975839146746615,1.003716382961259,1.0015563382009798,0.9979186922283079,0.9971291381941345,1.0011231787956376,0.9985055895495585,0.9946449992649058,1.0025403385706881,0.9915833962617769,1.0087602519819159,1.0046198903946515,0.9982459777928688,1.0010089423873139,0.994944830619673,0.9998763058507534,0.9945491958564788,0.999042176839482,0.9994402948664333,1.010913621745995,1.0032132139483267,1.0014171406039791,0.9994811687150708,
387,2916700000,0.9986654584444973,0.9915963615850957,1.0025143075475382,0.9940441974222309,1.0038950628331702,1.003378445473152,0.9986738427280746,1.000615212699425,0.9985908448985275,1.0000094846999303,0.9996918604908336,0.9940677157036016,0.998322628926092,1.0037035560500394,0.9953871758498077,1.0005512521935522,0.9969674585169834,0.9993083095713851,0.9995464833221699,1.0017944079603789,1.0031081522995087,0.9904321990769805,1.001893497820515,0.999744896622675,1.0020828170242204,1.0030516189228043,1.0065648693842204,1.0025246819617173,0.9957274167471993,0.9956182549635662,1.0002591517229757,0.9995514929896849,1.0034581206374578,1.0006274548297518,0.9939428621030202,1.0002326200256044,1.0040762991562597,0.9994862811892505,1.001325017788781,1.0020371500523313,0.9993232200380158,0.9969427545178755,0.9961075103496531,0.9988315634452763,0.9997542307603688,1.0080256958330975,1.0039205062458307,1.0035160669737953,0.9974050905450501,1.0036192659618404,
388,2916975000,0.9960852494196359,0.9936156269026687,0.998512999926881,1.0011867824615002,1.0021012135962517,0.9968845214537355,0.9934624189908706,0.9987467529103634,0.9988504469921945,1.001116888666781,1.0032809162273155,0.9971439471839637,1.007789009378677,0.9993825436020775,0.9979775987125921,1.0013022580351698,0.9993095164481768,0.9915967216647518,0.9998069764877713,1.0034296762666266,1.0026775223173348,0.9966220485685237,0.999511790729267,0.9977917557931737,1.004019685457221,0.9954187614792296,1.000821635440856,1.0024621637449906,1.000262641691913,0.9985158323827485,0.9963641869236887,0.9953119545263459,0.9981301715358394,0.9959410316774723,0.9999033548755023,1.0009437572391218,1.002432131380165,1.0018917391104174,0.9945299418111235,0.9935113682043123,1.0001457717143811,1.0017387149457087,0.9995626731149808,1.0016490404767746,0.9961413284815591,1.0046186148022505,1.0003800562084384,0.996067368273617,0.998026145833995,0.9976126138117032,
389,2917250000,1.0028162144621635,1.0015912670566443,0.9941997216219985,0.9976268613151376,0.9990714537384241,1.0020923528647525,1.0025115492165735,0.995799451669062,0.9940931814103391,0.9980782891105842,1.0067731004493616,0.995756388077478,0.9963435353395225,1.0068076989659045,0.9932205765157192,1.0032613277257276,0.9995218238127745,1.0084720140721126,1.0036857063666786,1.0013702183268725,0.999469261091868,1.0022259752917815,0.9964791500122825,0.9969236359044846,0.9952604415008169,1.0027556365679766,1.0055036564836586,0.999584436833218,0.9961586974111659,1.0010992305031863,0.9990997917703871,0.9946419497932633,0.9965877855257765,0.9972456145177511,1.0017393268095058,0.9974803593985069,0.998791137294379,0.99527293920921,0.9965225337764254,0.9986929953874563,1.0055046769197429,0.9967700249802242,1.006159531772928,1.000113462923609,0.9934989629928569,0.9957865758240374,1.0035297991673267,1.0040476759606376,0.9977991707937373,1.0006198460826181,
390,2917525000,1.0010585550291697,0.9978930686607113,0.9918506471977253,0.9945348319753654,1.004648668947987,1.0039881261745058,1.0008748845845938,1.0040055906844547,0.9945394022167917,1.0046835523701683,1.0014813585010172,1.0005188371955605,0.9991328587514215,0.9981011001257152,0.9994732469604721,0.9999804015288475,1.0003635504522261,1.0028453380782485,1.000778700299472,1.0027938954573812,1.0011086971825647,1.007788109796898,0.9960530112953223,1.0008348055365748,0.9914559640246606,1.001645048105629,1.0072677104644203,1.0056972680636262,0.9981811202551484,1.004251551791438,0.9999810947094249,0.9962671226975314,1.0025652267641265,0.9975947525624691,1.0040186785363612,1.0035538249929983,0.9970238529417453,0.9918935639490332,0.9962477415905838,1.0042264746190035,1.002852000474773,1.003415931963964,0.9959642912298975,1.000734742618292,1.0004878797201895,1.0001037151588414,1.000938074605358,0.9904498152467582,1.0030695662601927,0.9999052478016172,
391,2917800000,1.0029162219665613,1.0027066479582085,0.9969859236532498,1.0054901834420256,1.003145619300044,1.0002410805635895,0.9999435588651203,1.004572348720591,0.9976885296990001,1.0000807806732452,0.9963636225519387,0.9973028388428677,1.005447694107901,1.0048366244252371,0.9939690767107705,1.0050728090419105,0.9990945971708959,1.0065101670466958,0.9995218684601168,1.0017568660359997,1.0009546962886142,0.9999916088078025,1.0021090974614983,1.0019382496957392,0.9947505778347048,0.9905586638367982,0.9985726101276841,1.0015161224378197,1.008635983345412,0.9988309472018354,1.0033940210852883,0.9995517019597053,0.9907826076297688,1.0014560208817247,1.0026000154340655,1.0032406223403263,0.9994968396794297,1.003026758109983,0.998871549706792,0.9975039528636311,1.0007186057959452,0.9900962942742851,0.997903391106116,0.9971207145737487,1.0031301000238488,0.9916843361447417,1.0019259887813794,1.0015662457799703,1.0036221161374388,0.9998758132929211,
392,2918075000,0.994933567978149,0.992777456835027,1.0067141294758943,0.9995220295409847,1.003729833518758,1.0034223319607551,0.9997717533417355,0.9992850516105981,0.9979146314370447,0.992193286391203,0.996022311556844,0.9962390991295819,1.005625685195056,1.001748256006829,0.997864183385082,0.9997662729948702,0.9963023427888098,1.0042112434141066,1.0001586929686233,1.0013619487323162,1.0010600928588778,0.9938532856440622,0.9954073716478331,0.9963869763156572,1.001798191644878,0.9986216127634369,1.0006638932644956,0.9967106619147648,0.9985729946027111,0.9978315046196462,1.0023273050090376,1.0021871961796154,0.9998720023443296,1.0015895602591915,1.003396474276908,0.9979324657907253,0.9993731402066305,1.005933751151916,1.004275388712009,1.0007283715645081,1.0053215715200325,1.0021235354212894,0.9960746200982117,1.0053157099394894,1.001778472353479,0.9971724211874889,0.9998565065264072,0.9918259002658606,0.9944195881086099,0.9922359931287814,
393,2918350000,0.9942858483874254,0.9951095058222023,1.0060139168922007,0.9974584335834416,1.0081121680383465,0.9993732978259452,1.002337248085378,0.999218828463065,0.9994214664733213,1.000875697006596,1.0026031697820459,1.0016339010983275,0.992201185236913,1.0023881092241103,1.0013024623730804,1.003548286209404,0.999970839216413,1.0009373974310274,1.0090751027575098,0.9980309015917708,1.0033268848851906,0.998885987622398,0.9976899622100879,0.9972646761718783,1.004553987026512,0.9999478531177131,1.0017727650539097,0.9950809702880122,0.9954587864099073,0.9976535790366944,0.9980761309452392,0.9978538496335468,0.9958848176106136,1.0038169466084372,0.9995213571255664,1.0044732737562059,0.9983836446825325,1.0034087652869965,1.0011714082718497,0.9935157250342718,1.0034560734514881,0.999489457726959,0.9992019367351415,1.0063410993996136,1.0096274339237192,1.00140672977201,0.9978655228380816,0.9957203211672513,1.0092171308945113,0.9983574233394205,
394,2918625000,0.9985212146668923,0.9963728077970722,0.995875684345525,1.00449213807275,0.9987756085358475,1.0031461658384035,1.005043883950122,0.9997206286673298,0.9968110196410064,0.9993596632318913,0.9966153251023945,1.0047291099732103,0.9893475123620001,1.0004872400660325,1.0039499071666753,0.9990853180987771,1.0076731916135775,1.0031414097732274,1.0045813474516385,1.003153946297615,1.0012533624301772,0.9974779548251735,1.0043696158568793,1.0039259602143966,0.9980831478718446,1.0040585878677566,1.004373814926372,1.0008303779791425,0.9993989335630574,0.9990063360046865,0.9964396259942109,0.9955582318287148,0.9973403263091449,1.0088952635764672,1.0027291940903174,1.0043952462367567,0.9977832883184731,1.0100220058408433,1.0070920513702615,1.0063259426445352,0.9995740445261763,1.002452405942573,0.9981006363494797,0.9943601241212355,1.002199225484871,0.9964902385718184,0.9974594029859997,0.9913893628462567,1.0013241637917254,1.000820988076055,
395,2918900000,1.0006934349099708,0.9986149824875802,0.9932116933696269,1.0011735011162852,0.9998783138081576,1.0055883538846704,1.0038931835119307,1.0005994572540118,1.0017627614836337,1.0054998606855827,0.9958049914672806,0.9987519332416038,0.9967168822086355,1.0055465731196227,0.9969541491585305,0.9974175927456823,0.9995267403471332,1.0021146202196969,1.0067800903188342,0.9981929625779111,1.0021933753072185,0.997584931157145,1.0019071364663303,1.0019825081493843,1.0091101894669745,1.0067223398731349,1.0026833919144065,1.000268962335729,0.996934201713943,0.9953332602771552,1.0066505162398762,0.9960871158910354,1.0025277743927603,1.003118006052401,0.9979141444911852,0.9975359475276434,1.0001523202921139,1.0011849180632542,1.0000353769551793,1.0052225352196569,0.9974903801828334,1.0004507690260052,1.004602265792607,0.9885431577470328,1.0071005702970963,1.001299857391264,0.9927045324121546,0.9910175013562691,0.9985185681629198,1.0007888324124719,
396,2919175000,1.0012434509448824,1.005074485943587,0.9955067819309086,1.0015176025540184,1.0053890163833288,0.999472478931311,1.0016208375589284,0.9954723166658268,1.000124458196114,1.0025735736331383,0.9993520499139376,1.0005262150946734,1.0071434583586634,0.997297743362422,0.9972882401915883,0.9953218817184751,0.9983553256776194,1.0064316430295446,1.0004359657087871,1.005384875964798,0.9985705394843163,0.9908001400965477,1.0028840241198966,1.0032806513516925,0.9989335930895115,1.002840418027275,0.9995009131133888,0.998437632379101,0.9983674100813833,0.9930342371689507,1.0031897321637462,1.0033300397519531,1.000573101490173,0.9999103096763943,1.0036543830386173,1.0024246217975104,1.0087063914586825,1.0034211393846404,1.0068020038645462,1.0023271348760705,0.9991058295105901,1.0033394168456806,0.9972550260784807,1.0020944402412237,0.9995395592849059,1.0000223961720658,0.9971516506022275,1.0021506277762582,1.0028145827260617,1.0031617694831871,
397,2919450000,1.0043392032850336,1.0007461129333175,0.9941899448717616,1.0012427732739848,1.0020194303278496,0.9955056333933493,0.9965545009365365,0.9938548885237329,0.996065058214291,1.0000457353422871,1.0034264154187795,1.0016522548876876,1.0002382027543635,1.0031702259296966,0.9981509658484637,1.001762764545726,0.9954913722928683,1.0047663146131163,1.0063586984367208,1.0009992191102386,0.9998364930952393,1.003367929495453,0.9952734924977983,0.9963500611443733,1.0013108898716612,1.0016385426579084,0.9968847441574398,0.9958206237976072,1.0008870859225147,0.9995347891879288,0.9961795285826209,1.0007942749833365,1.002914948777208,1.0008488039777215,0.9956842883318225,1.0040233930138398,0.9986608725077526,0.998010900781574,0.9984219981281911,1.0002915618714365,0.9928732734347935,0.9980803103716049,1.0043956602438378,0.9939886211381015,0.9963146288875158,1.0025699224340947,0.9975569118229524,0.9958248723698514,1.0003379628165452,1.0000722928464103,
398,2919725000,0.9986225971041932,1.0040149423706446,1.000607491314565,0.9998244989167502,0.9939848798274352,1.0016680255209072,1.0054096506818653,0.9986519257308459,1.0039652530779397,1.0033461279959939,1.0021755472631233,0.9987644403878997,1.004771490749264,1.0032506961466243,0.996157669345302,1.0061766500672373,0.9975844738152927,1.0005248538279925,1.0023149332533943,1.0039912872172803,1.0011981036835167,0.9988169870075012,1.0011476617999495,1.0022322819261136,1.00290320610165,0.9958847571770826,0.9976695887771835,1.002864589837497,1.0013364447321735,1.0022383726675412,1.0033670938661916,0.9996317721860036,0.9983180761252506,1.0012991523361532,1.0002859434293494,0.9979363942679879,0.999571401847928,1.0025475095573848,0.9980937821445626,0.992277284328379,0.997098836989355,0.9965161434428604,1.0039432790502885,0.9949600082598469,0.9987595333831172,1.002734003850686,1.0052988889181382,0.9976192255806996,1.0055236791446753,0.9928348077189975,
399,2920000000,0.9992739009375955,1.0042401555250602,1.0033136160857963,1.0025114181546224,0.9986039695679771,0.9972142770866983,0.994342843476545,1.005983129020993,0.9931151700897846,0.9990065995463572,1.0029403306577753,1.000571215404169,0.9995326413663713,0.9982912406980189,1.0010795491842055,1.0042072697394544,0.9953602889778376,0.9978399530061155,1.0003995612378347,1.0013253017030452,1.0052126332115918,0.9969860044364074,0.9983425499162399,1.003273836770914,0.9978142457483773,0.9946675524640665,1.0037567611175902,0.9996358976002899,0.9988679789570378,1.001873880298995,1.0011401898036238,0.998052302443567,0.9984985436760866,1.0037708064412971,0.9985146315347826,1.002245339556557,1.003338170020229,1.0027685742596897,1.0011370520857314,0.9975180169872002,0.9947480879068382,0.996080989720874,0.9982768756755642,0.9945470687070096,1.0057731014393,1.0054339212139838,1.0035398958120991,1.0033782971634495,1.0026479148042937,1.0025709742202344,
