freq	PL_sig1	PL_ref1	PL_sig2	PL_ref2	PL_sig3	PL_ref3	PL_sig4	PL_ref4	PL_sig5	PL_ref5	PL_sig6	PL_ref6	PL_sig7	PL_ref7	PL_sig8	PL_ref8	PL_sig9	PL_ref9	PL_sig10	PL_ref10	PL_sig11	PL_ref11	PL_sig12	PL_ref12	PL_sig13	PL_ref13	PL_sig14	PL_ref14	PL_sig15	PL_ref15	PL_sig16	PL_ref16	PL_sig17	PL_ref17	PL_sig18	PL_ref18	PL_sig19	PL_ref19	PL_sig20	PL_ref20	PL_sig21	PL_ref21	PL_sig22	PL_ref22	PL_sig23	PL_ref23	PL_sig24	PL_ref24	PL_sig25	PL_ref25	avgPL_sig	avgPL_ref
2820000000.00000000	5885.72200000	5876.32000000	5902.94800000	5889.42200000	5937.10600000	5925.35000000	5935.81000000	5931.22800000	5913.29000000	5904.08400000	5910.57000000	5906.88000000	5928.61400000	5924.02400000	5968.14800000	5955.19800000	5897.68000000	5892.01200000	5984.31000000	5968.12600000	5975.83000000	5966.16600000	5965.44600000	5966.26200000	5988.86600000	5974.01400000	6004.61000000	6003.98200000	5964.43400000	5954.29000000	5937.67000000	5939.01200000	5993.92400000	5987.61000000	6022.81200000	6006.96000000	5964.50800000	5953.15200000	6007.11600000	6002.33800000	5980.62400000	5977.64400000	5959.26000000	5958.54000000	6022.35200000	6014.54600000	5970.65800000	5962.98800000	5998.08200000	5988.72000000	5960.81560000	5953.15472000
2820502512.56281424	5904.44200000	5896.05800000	5903.93400000	5894.92600000	5956.96600000	5943.03000000	5929.70800000	5922.51800000	5896.13000000	5889.30000000	5884.53800000	5877.01200000	5972.37800000	5961.38400000	5928.45000000	5921.08600000	5923.00600000	5917.15400000	5995.95200000	5985.21000000	5948.12600000	5932.20800000	5984.15000000	5970.67000000	5980.40400000	5969.53200000	6011.13600000	5998.96400000	5991.58400000	5979.90400000	5977.73600000	5974.27600000	6007.58000000	5993.61400000	5994.32200000	5989.51200000	6010.18600000	6007.19400000	5969.19000000	5959.59200000	5998.91800000	5985.28200000	5966.52200000	5961.29200000	6029.51800000	6019.54200000	5993.51200000	5989.26600000	5996.10800000	5983.29600000	5966.17984000	5956.87288000
2821005025.12562799	5883.97600000	5872.02200000	5893.91200000	5891.82200000	5888.08800000	5879.57000000	5910.04800000	5907.79800000	5901.80800000	5899.42000000	5875.04800000	5864.73800000	5915.82400000	5908.70600000	5925.00000000	5915.40200000	5952.68000000	5950.30600000	5945.78200000	5937.12800000	5984.20400000	5979.46400000	5984.99000000	5976.85600000	5945.86600000	5939.21600000	5958.57600000	5951.00800000	5967.20400000	5956.94000000	5994.63200000	5988.26200000	5975.63800000	5962.49800000	5978.81000000	5971.70200000	6012.03800000	6016.10000000	5965.66200000	5958.99400000	5959.80000000	5953.27800000	5961.93600000	5960.38400000	5987.05200000	5978.19200000	5992.27200000	5983.81400000	6008.31400000	5999.79600000	5950.76640000	5944.13664000
2821507537.68844223	5868.06200000	5858.16000000	5940.56400000	5933.18200000	5907.10000000	5893.06600000	5918.46200000	5913.67000000	5921.91200000	5913.52400000	5915.83400000	5905.43200000	5899.76000000	5888.36200000	5927.90200000	5916.83400000	5980.76200000	5971.07600000	5984.68400000	5981.58800000	5985.81000000	5969.79000000	5964.91600000	5950.38400000	5991.58200000	5985.85600000	5968.60600000	5964.34000000	5971.60400000	5960.68400000	5972.35600000	5968.41200000	5963.96800000	5958.68600000	5961.08800000	5953.29200000	6030.49400000	6016.07400000	5966.85200000	5959.04200000	5959.61000000	5943.38600000	5975.87400000	5964.82400000	5927.31600000	5918.76200000	5996.31600000	5983.68400000	5984.73400000	5976.09200000	5955.44672000	5945.92808000
2822010050.25125647	5877.28800000	5863.13400000	5923.39600000	5911.85600000	5898.64200000	5891.30200000	5907.08000000	5901.87000000	5914.40800000	5913.50200000	5899.12800000	5890.47600000	5914.50800000	5907.92400000	5939.30600000	5929.42600000	5980.57200000	5968.86400000	5945.65200000	5942.43400000	5963.39400000	5960.47400000	5969.91400000	5961.68000000	5992.59000000	5981.51400000	6011.41400000	6001.65200000	5993.54000000	5982.17200000	6020.35600000	6015.20800000	5977.36400000	5970.29400000	6001.16200000	5992.60000000	5959.09800000	5954.69600000	5944.24600000	5942.46800000	5963.01200000	5957.04800000	6005.76600000	6009.28600000	5971.22600000	5959.56200000	6022.24000000	6013.44600000	5979.71800000	5970.67200000	5959.00080000	5951.74240000
2822512562.81407022	5853.75000000	5845.95400000	5906.52400000	5906.19800000	5902.24400000	5890.18200000	5952.26600000	5945.94200000	5899.18800000	5883.99600000	5915.36800000	5908.03600000	5915.29400000	5911.92600000	5937.93600000	5927.83200000	5984.35600000	5970.97600000	5933.22400000	5926.89000000	5967.86200000	5957.83200000	5979.64800000	5975.76400000	5961.69800000	5957.34600000	6015.67600000	6001.04200000	5965.65600000	5964.40800000	6001.13400000	5987.44800000	5966.70600000	5951.14200000	5937.06200000	5931.50800000	6001.53400000	6001.02800000	6000.90000000	6003.80000000	5970.94400000	5964.52000000	5979.57000000	5970.14400000	5987.74200000	5985.95000000	5996.08000000	5983.17200000	5940.42000000	5935.73400000	5954.91128000	5947.55080000
2823015075.37688446	5851.64000000	5849.59200000	5921.74600000	5919.16800000	5917.10200000	5916.31000000	5918.19000000	5906.85600000	5914.85600000	5904.50400000	5881.62800000	5875.17800000	5919.92000000	5915.49000000	5942.33600000	5935.74200000	5978.46800000	5972.43200000	5935.67000000	5929.64800000	5964.08800000	5953.13600000	5971.90400000	5964.37200000	5977.22000000	5973.11400000	6028.26800000	6016.34200000	5962.63600000	5961.11200000	5980.30800000	5981.47400000	5992.65400000	5978.25200000	5949.40000000	5942.32200000	6016.17800000	6013.30400000	5991.84600000	5982.82200000	5931.41000000	5926.92600000	5959.68600000	5962.27600000	6008.47000000	6004.19000000	5987.86600000	5979.82600000	6011.89600000	6002.51200000	5956.61544000	5950.67600000
2823517587.93969870	5868.19000000	5860.12600000	5922.84600000	5912.01200000	5942.68200000	5935.19600000	5913.40800000	5907.06000000	5935.56800000	5930.23000000	5872.35800000	5859.33800000	5950.32400000	5933.26800000	5913.37400000	5907.60400000	5951.88000000	5941.21200000	5962.24800000	5953.16000000	5942.82600000	5933.90400000	5959.45600000	5948.23800000	5977.40000000	5967.54400000	5998.35000000	5996.56200000	6007.36600000	5991.47800000	5980.01800000	5977.99400000	5985.09600000	5972.07200000	5999.80200000	5990.98200000	6029.96200000	6018.86600000	5975.50200000	5958.95600000	5988.02400000	5977.97000000	5940.01600000	5931.88200000	6020.75800000	6009.99000000	5994.74400000	5984.74200000	6020.68200000	6017.78600000	5962.11520000	5952.72688000
2824020100.50251245	5891.01400000	5886.62200000	5908.71200000	5894.76800000	5916.50800000	5910.37200000	5921.18000000	5918.74800000	5907.15800000	5899.78000000	5928.23200000	5919.39200000	5986.78800000	5968.91200000	5982.84600000	5971.54000000	5919.98000000	5922.63600000	6011.68000000	6007.58200000	5959.91800000	5943.90800000	5975.73600000	5974.54400000	5993.96000000	5987.53200000	6029.38600000	6016.52600000	5982.81400000	5972.93600000	5919.31400000	5912.97400000	5965.44400000	5951.76800000	6021.41400000	6010.53600000	5965.71600000	5960.10200000	5982.41400000	5978.26600000	5978.78200000	5975.51600000	6013.63000000	6002.58600000	6016.74000000	6009.28400000	6020.37600000	6015.10600000	5997.49000000	5990.44000000	5967.88928000	5960.09504000
2824522613.06532669	5886.59400000	5882.64200000	5935.18600000	5926.13400000	5916.06200000	5909.84200000	5935.65400000	5931.73600000	5910.79600000	5905.66600000	5907.85000000	5894.24600000	5888.25600000	5878.67000000	5934.49000000	5926.68200000	5977.00800000	5974.83200000	5995.84400000	5983.19000000	5967.18000000	5956.22000000	5956.73400000	5947.19800000	6002.22200000	5994.20800000	5954.34000000	5942.18000000	5962.94400000	5954.96000000	6001.08600000	5987.59000000	5954.85200000	5946.32200000	5958.27400000	5943.76200000	6050.30400000	6042.56400000	5974.08200000	5967.35200000	5943.91600000	5939.03000000	5981.50000000	5971.36200000	5956.02600000	5948.41800000	6015.00600000	6005.54800000	5961.23800000	5956.02600000	5957.09776000	5948.65520000
2825025125.62814093	5861.65200000	5855.55200000	5917.23200000	5899.90000000	5924.08400000	5913.03200000	5940.46000000	5930.89800000	5925.77400000	5919.65400000	5879.33000000	5866.31400000	5953.74400000	5939.10600000	5952.55200000	5940.18200000	5987.14400000	5975.15800000	5932.36800000	5927.01200000	5956.54800000	5947.77600000	5952.65000000	5947.64200000	5995.80400000	5985.00600000	5985.24600000	5976.38000000	5985.05000000	5969.10000000	5975.14400000	5967.66800000	5953.91400000	5947.43200000	5983.70400000	5984.69400000	6022.26200000	6013.39800000	5961.41200000	5955.70000000	5939.33800000	5941.53400000	5988.43600000	5976.98800000	5996.19400000	5988.58600000	6000.64800000	5998.61600000	5989.70200000	5978.75000000	5958.41568000	5949.84312000
2825527638.19095469	5913.16200000	5907.09400000	5895.12200000	5891.10200000	5931.89800000	5932.42400000	5913.14000000	5912.80600000	5881.59000000	5875.03400000	5896.06200000	5880.04800000	5938.94400000	5925.41200000	5970.52000000	5971.82400000	5944.89600000	5940.49800000	5971.47800000	5969.30400000	5976.17800000	5972.60200000	5973.22000000	5966.56800000	5970.50000000	5960.15400000	6019.01400000	6006.14600000	5979.58200000	5971.15000000	5974.90800000	5975.84200000	5995.96600000	5987.63000000	6053.17000000	6044.04600000	5991.14000000	5984.80600000	5977.42800000	5973.50800000	5969.14000000	5972.17400000	5993.54600000	5990.43200000	6024.63000000	6019.41600000	5969.28000000	5958.81000000	6029.69200000	6019.57000000	5966.16824000	5960.33600000
2826030150.75376892	5854.29400000	5836.67800000	5916.85800000	5903.16600000	5893.82600000	5886.71800000	5955.76200000	5948.01000000	5914.19400000	5906.43400000	5910.55800000	5900.16000000	5947.40200000	5937.96400000	5922.01400000	5911.36200000	5991.73400000	5985.01000000	5976.30400000	5962.39600000	5990.39800000	5980.66800000	5975.58200000	5963.89000000	5970.42200000	5961.55000000	6008.57000000	6008.55000000	5967.24000000	5966.26000000	5969.52000000	5961.95800000	5979.42400000	5972.48000000	5970.18800000	5958.81600000	6037.01600000	6026.17400000	5972.28800000	5967.33600000	5947.28400000	5945.17800000	5955.35200000	5948.38600000	5972.07400000	5954.01400000	5939.54000000	5924.94400000	5935.76400000	5930.28200000	5954.94432000	5945.93536000
2826532663.31658268	5855.35400000	5852.45000000	5928.56000000	5914.48200000	5931.63000000	5921.61600000	5923.70400000	5913.56600000	5914.55400000	5905.10800000	5874.75400000	5866.36000000	5939.75000000	5933.01600000	5939.38600000	5930.97800000	5942.15600000	5936.69400000	5968.95800000	5967.76600000	5954.95600000	5948.67800000	5943.70800000	5937.30400000	5990.93800000	5978.37800000	6033.41200000	6027.56400000	6002.42800000	5994.93000000	5981.35600000	5978.16400000	5996.49000000	5984.86000000	5937.53800000	5931.07400000	6041.84200000	6033.34000000	5979.91400000	5969.46600000	5962.62800000	5958.12800000	5954.88200000	5941.86400000	6046.23400000	6033.71400000	5981.76000000	5975.21600000	6005.84200000	5995.30600000	5961.30936000	5953.20088000
2827035175.87939692	5865.53400000	5860.98000000	5891.93200000	5887.52800000	5889.18000000	5878.55200000	5939.66800000	5937.83000000	5915.12200000	5913.94200000	5910.93000000	5902.18000000	5903.00600000	5895.85000000	5949.42600000	5943.68400000	5982.05800000	5970.20000000	5963.02200000	5956.31400000	5997.31600000	5994.30200000	5992.98000000	5986.43400000	5996.43400000	5994.65400000	5989.71600000	5995.06000000	5942.13600000	5933.73200000	5970.30000000	5962.77400000	5946.35000000	5927.80200000	5992.99000000	5990.03000000	6052.55200000	6046.66200000	5970.83200000	5964.18200000	5967.86600000	5966.25200000	5998.07400000	5992.33600000	6013.19400000	6003.75800000	5980.83600000	5974.95800000	5969.18200000	5967.25600000	5959.62544000	5953.89008000
2827537688.44221115	5882.67000000	5870.63600000	5898.05800000	5890.97200000	5949.25800000	5945.68400000	5928.11200000	5922.72200000	5919.93800000	5909.44800000	5894.97400000	5881.23800000	5987.40800000	5975.60000000	5915.70600000	5908.14800000	5922.35400000	5912.28400000	5986.09600000	5976.71600000	5954.33200000	5945.50400000	6010.07200000	5991.74600000	5961.64000000	5958.05800000	6028.91000000	6021.57400000	5966.46200000	5959.71800000	5957.53800000	5948.93000000	6006.49200000	5994.14200000	5987.42400000	5972.40000000	5994.50400000	5978.84000000	5958.19400000	5955.16800000	5966.37600000	5959.90600000	5985.59400000	5976.88600000	6026.43000000	6017.87400000	6034.69000000	6032.10400000	5994.23800000	5981.49800000	5964.69880000	5955.51184000
2828040201.00502491	5917.27400000	5904.03400000	5896.90600000	5895.97200000	5945.88000000	5937.47000000	5919.82200000	5917.04000000	5865.53000000	5856.65800000	5902.50000000	5888.92800000	5927.62400000	5917.20000000	5963.30000000	5956.14400000	5959.15000000	5943.98600000	5975.22200000	5966.62600000	5959.42600000	5954.98800000	5981.99600000	5971.58600000	5983.71600000	5978.91400000	5991.18600000	5988.51200000	5980.02400000	5970.67200000	5954.32200000	5950.99800000	5987.66800000	5982.76600000	6028.52200000	6024.74200000	5958.65000000	5950.15400000	5987.51200000	5984.57000000	5987.58000000	5978.09000000	5999.29600000	5992.09800000	6039.13800000	6040.84400000	6003.12800000	5999.67800000	6006.12800000	5992.67200000	5964.86000000	5957.81368000
2828542713.56783915	5909.02200000	5896.76200000	5909.29200000	5902.54000000	5925.05800000	5913.31000000	5913.77000000	5904.10000000	5922.98000000	5912.52200000	5910.23200000	5904.53400000	5950.80600000	5940.03400000	5963.87800000	5956.45800000	5910.12400000	5904.06600000	5966.60000000	5952.39400000	5935.53200000	5922.69600000	5980.86800000	5974.92000000	5996.04400000	5989.47200000	5984.80600000	5966.97600000	5984.48200000	5978.83800000	5953.89600000	5943.32200000	6017.78000000	6006.49400000	5936.91000000	5929.59000000	5996.76000000	5994.56800000	6020.02800000	6008.47800000	5969.15000000	5955.21400000	6009.17400000	6003.32400000	6022.02400000	6013.03600000	6017.44600000	6006.91600000	5987.67600000	5979.02000000	5963.77352000	5954.38336000
2829045226.13065338	5866.15400000	5860.57000000	5916.91200000	5911.48400000	5896.33000000	5889.48200000	5935.96800000	5925.88800000	5901.90000000	5892.76000000	5924.89200000	5922.40400000	5920.94800000	5910.13800000	5942.75600000	5934.55600000	5941.85200000	5928.17800000	5933.26400000	5927.73000000	5967.57400000	5953.33200000	5980.99000000	5973.94000000	5994.58800000	5991.02400000	6013.36800000	6000.10800000	5983.25800000	5970.67400000	6009.81000000	5999.40200000	5953.90600000	5941.08400000	5977.60000000	5969.82800000	5981.09000000	5977.58000000	5978.42200000	5970.62400000	5956.15600000	5950.18400000	5986.07000000	5976.91600000	5970.08600000	5961.30000000	6014.30200000	6006.72600000	5945.55400000	5939.99000000	5955.75000000	5947.43608000
2829547738.69346714	5835.51600000	5830.69600000	5939.72200000	5931.28600000	5945.46000000	5941.08800000	5939.70000000	5929.53000000	5936.96400000	5925.46400000	5886.12600000	5880.65000000	5959.83800000	5954.71600000	5921.82200000	5907.50000000	5944.00800000	5939.36400000	5961.79600000	5957.93200000	5959.85200000	5944.67000000	5956.79200000	5953.28000000	5974.94400000	5965.03200000	6024.46800000	6014.19200000	5961.97200000	5951.45000000	5970.89400000	5959.59400000	5997.18400000	5988.07400000	6012.88200000	6000.46200000	6029.15000000	6019.10800000	6000.80400000	5992.86000000	5927.61600000	5912.42400000	6011.83000000	6003.38200000	5987.02400000	5979.47400000	6014.09000000	6002.74000000	6009.22600000	6003.87800000	5964.38720000	5955.55384000
2830050251.25628138	5847.60200000	5839.37200000	5921.53800000	5917.51000000	5931.77800000	5929.46200000	5895.30400000	5892.37600000	5921.64800000	5912.32200000	5855.28800000	5847.04800000	5958.31800000	5944.26600000	5905.20400000	5898.11400000	5929.25400000	5924.98600000	5961.11600000	5950.15200000	5930.65200000	5922.90000000	5953.29800000	5948.63800000	5981.09800000	5966.64400000	6037.70200000	6026.21200000	6013.12200000	6004.41800000	5966.24400000	5956.34800000	5949.88400000	5940.93200000	6015.51600000	6015.14000000	6018.98000000	6016.68400000	5964.57800000	5958.88800000	5942.06600000	5945.31600000	5953.70200000	5950.79600000	5986.01200000	5982.20800000	6002.23400000	5998.02400000	5994.04800000	5991.94800000	5953.44744000	5947.22816000
2830552763.81909561	5893.73600000	5892.14600000	5910.57200000	5908.65600000	5961.00600000	5954.53200000	5924.74800000	5922.99200000	5904.55200000	5895.04200000	5927.00600000	5918.43400000	5974.35000000	5967.77600000	5946.31600000	5937.31000000	5917.51600000	5912.17800000	5998.39600000	5990.32000000	5961.16400000	5960.88400000	6013.52200000	6011.46200000	6000.01200000	5992.83400000	5999.37200000	5998.42000000	5996.44200000	5991.82200000	5942.46600000	5936.86600000	5995.62400000	5995.12800000	6015.17200000	6006.21200000	5993.82600000	5987.58600000	5941.58000000	5933.62800000	5980.66600000	5976.15200000	5963.78800000	5961.82400000	6017.87200000	6015.91200000	5997.49400000	6004.56000000	5948.26800000	5938.43000000	5965.01864000	5960.44424000
2831055276.38190937	5862.47800000	5851.10200000	5918.73200000	5918.39800000	5926.50600000	5924.67200000	5923.69400000	5914.33400000	5938.69600000	5922.56800000	5880.50600000	5880.42000000	5949.46400000	5943.38800000	5938.44800000	5932.28800000	5982.02600000	5977.05600000	5946.82000000	5931.67000000	5982.20600000	5968.63800000	5925.86000000	5919.64200000	5978.13400000	5971.13600000	6001.76400000	5991.28600000	5990.81000000	5980.62600000	5966.45800000	5958.02800000	5996.22400000	5990.49800000	5962.54400000	5959.93800000	5995.45600000	5991.17600000	5998.54200000	5988.51600000	5907.16200000	5901.72000000	5987.69400000	5984.83400000	6027.20800000	6028.21200000	6004.77000000	5997.65400000	5975.71000000	5967.81400000	5958.71648000	5951.82456000
2831557788.94472361	5894.16200000	5886.38600000	5884.78600000	5873.93400000	5935.57400000	5930.12600000	5905.76000000	5902.99400000	5911.80200000	5907.66200000	5913.80200000	5902.66600000	5943.61800000	5932.37400000	5984.12400000	5966.97400000	5922.96400000	5922.71200000	5999.05000000	5990.30800000	5954.25600000	5952.02800000	6007.88800000	5997.64800000	5965.82600000	5959.23000000	6015.66800000	6013.34200000	5988.20600000	5981.08600000	5902.93200000	5904.79000000	6006.88600000	5996.84400000	5993.00800000	5989.69600000	5986.93200000	5971.20200000	5961.70000000	5955.41800000	6002.80200000	5993.42600000	5999.70400000	5992.29200000	5982.14800000	5979.86600000	5995.58600000	5984.34000000	5996.90400000	5984.04200000	5962.24352000	5954.85544000
2832060301.50753784	5845.25000000	5835.76400000	5925.99800000	5917.64600000	5949.41800000	5937.07000000	5917.62400000	5909.49600000	5919.96600000	5910.95400000	5881.27800000	5872.40400000	5943.32400000	5941.42800000	5920.34400000	5920.80200000	5926.34600000	5922.64600000	5954.21800000	5947.58200000	5936.02200000	5931.57600000	5945.36400000	5935.70800000	5988.03600000	5979.24000000	6034.04600000	6034.10600000	5987.20800000	5980.91000000	5967.47800000	5958.09000000	5997.70800000	5997.50600000	5970.54800000	5962.88400000	6027.43000000	6021.50200000	5991.24000000	5978.07000000	5965.54800000	5962.07400000	6011.16000000	5996.65200000	6042.80800000	6037.04400000	6015.58200000	5998.36200000	5984.37000000	5974.20800000	5961.93256000	5954.54896000
2832562814.07035160	5840.62800000	5837.76000000	5923.44000000	5916.07800000	5905.39600000	5892.18800000	5949.76200000	5935.48000000	5915.06000000	5911.53800000	5918.40800000	5909.94800000	5950.33000000	5944.15400000	5920.66800000	5919.19800000	5991.23000000	5985.15000000	5955.69200000	5948.81600000	5984.40000000	5977.69400000	5974.89600000	5965.19400000	5977.99800000	5971.40800000	6008.45800000	5999.55000000	5951.89400000	5934.84000000	5968.03400000	5960.76800000	5998.38000000	5988.56400000	5986.08600000	5980.01400000	6025.77400000	6020.87600000	5963.79000000	5953.83800000	5923.99800000	5918.35600000	5979.91200000	5966.43600000	5967.14000000	5955.91000000	5969.14600000	5962.36000000	5912.90200000	5903.48800000	5954.53688000	5946.38424000
2833065326.63316584	5865.20200000	5859.71800000	5911.95600000	5912.77600000	5923.01200000	5916.94600000	5917.58200000	5911.95800000	5921.97400000	5916.13600000	5880.35000000	5876.79400000	5924.84800000	5918.77400000	5942.94600000	5925.04600000	5959.90800000	5949.24000000	5938.32800000	5939.76000000	5968.13000000	5962.94600000	5940.90800000	5937.43000000	5957.63800000	5955.52600000	6024.62400000	6014.87800000	5981.34000000	5972.72200000	6000.53600000	5981.48800000	5995.15200000	5981.29400000	5967.57200000	5964.88600000	6031.30800000	6025.80800000	6001.33000000	5993.18800000	5952.39400000	5951.16600000	5981.15800000	5982.66800000	5999.31800000	5996.73000000	5995.65400000	5985.19600000	6012.49200000	6010.82400000	5959.82640000	5953.75592000
2833567839.19598007	5887.38800000	5881.01800000	5914.30800000	5908.04800000	5923.23200000	5909.27200000	5939.92800000	5923.93800000	5892.29200000	5891.59600000	5936.38200000	5922.17000000	5991.97200000	5984.50400000	5987.27400000	5981.85000000	5909.91200000	5899.35000000	6000.38400000	5989.15200000	5921.43000000	5913.55000000	6000.31600000	5987.28600000	5980.05200000	5968.65400000	6012.48600000	6014.59600000	5988.44400000	5982.86200000	5904.16200000	5898.79400000	6003.47400000	6000.90400000	5990.82800000	5983.14600000	5965.69200000	5952.90000000	5987.44800000	5978.93600000	5992.19000000	5986.59800000	6015.47200000	6003.86600000	6021.76200000	6014.70400000	6013.90400000	6001.58800000	5981.31800000	5977.93000000	5966.48200000	5958.28848000
2834070351.75879383	5869.10200000	5852.65400000	5921.38000000	5915.32200000	5909.22000000	5910.84400000	5937.33800000	5931.04800000	5897.92000000	5883.48000000	5909.79000000	5898.15800000	5976.70200000	5964.63600000	5937.31600000	5925.69000000	5969.80800000	5955.63200000	5978.87000000	5973.57400000	5981.06000000	5972.68800000	5973.88000000	5971.61800000	5964.06200000	5955.56000000	6030.71800000	6019.70200000	5984.44800000	5978.40000000	5979.14000000	5970.55000000	5994.15600000	5986.42600000	5963.97200000	5950.52600000	6027.86600000	6022.57800000	5967.78800000	5962.60400000	5945.28000000	5934.34600000	5908.31400000	5905.82400000	5969.78600000	5971.56000000	5933.79800000	5922.79600000	5963.29000000	5961.76200000	5955.80016000	5947.91912000
2834572864.32160807	5874.84600000	5868.21800000	5901.57800000	5897.30800000	5898.50200000	5893.35600000	5957.20000000	5944.17000000	5888.15000000	5880.23400000	5912.75000000	5902.60400000	5919.15000000	5915.65800000	5949.24200000	5937.30400000	5963.42600000	5954.10000000	5938.38200000	5934.52600000	5979.44200000	5975.71800000	5977.00400000	5973.06400000	5954.09400000	5951.39800000	6003.90000000	5991.69200000	5996.47200000	5987.91000000	5983.45800000	5976.43600000	5933.35000000	5925.43400000	5930.11600000	5918.76000000	6024.88400000	6024.67600000	6013.24000000	6001.21000000	5981.36400000	5971.97600000	5957.79000000	5946.69200000	6005.15800000	5998.88400000	5958.24200000	5946.20800000	5953.38000000	5949.04000000	5954.20480000	5946.66304000
2835075376.88442230	5883.48200000	5878.15200000	5887.39600000	5876.07400000	5961.24800000	5949.96800000	5927.74600000	5918.36400000	5908.06800000	5892.29400000	5918.86200000	5905.72400000	5909.93000000	5898.32800000	5975.57800000	5966.85400000	5917.78000000	5914.18400000	5983.47800000	5974.94800000	5978.03000000	5961.54800000	5966.80400000	5958.10800000	5982.95800000	5977.84400000	5989.96600000	5974.52000000	5969.51600000	5964.83000000	5927.59600000	5920.27200000	5974.99200000	5974.46200000	6035.17600000	6024.19400000	5952.94400000	5948.38000000	5963.73200000	5955.52400000	6002.42600000	5996.06200000	5982.85800000	5974.91800000	5993.30800000	5992.80800000	5952.31600000	5941.53000000	5999.10200000	5987.93800000	5957.81168000	5949.11312000
2835577889.44723606	5865.99000000	5863.16800000	5908.02400000	5906.77000000	5916.30200000	5904.24600000	5914.37200000	5906.01200000	5903.86600000	5901.16200000	5888.56000000	5882.70600000	5926.53400000	5914.36200000	5934.79800000	5923.91000000	5988.23800000	5977.82000000	5939.69000000	5932.72000000	5957.52800000	5949.64600000	5974.42200000	5963.50200000	5978.95600000	5968.66400000	5996.38000000	5993.00400000	5997.64000000	5983.04800000	6009.58600000	5999.48400000	5971.92800000	5969.53600000	5994.91400000	5993.17600000	5965.63200000	5959.73800000	5922.30000000	5920.38400000	5959.75600000	5959.55200000	5987.94400000	5987.21800000	5966.42800000	5957.46400000	5995.86400000	5992.89800000	6003.14600000	5991.98000000	5954.75192000	5948.08680000
2836080402.01005030	5895.48600000	5900.21200000	5921.99400000	5923.68600000	5897.45800000	5893.40600000	5911.62400000	5903.64600000	5908.58200000	5902.06800000	5924.50600000	5918.15800000	5937.80800000	5925.80000000	5967.93400000	5957.28600000	5926.41000000	5916.65600000	5995.73000000	5988.82000000	5943.90000000	5933.33400000	5972.92600000	5966.88000000	5996.65800000	5991.81600000	5984.68200000	5973.99200000	5959.15000000	5950.91400000	5931.99600000	5932.74800000	5974.19200000	5966.75400000	5991.98200000	5988.04800000	5990.28400000	5981.19000000	6002.23200000	6002.91600000	5977.75800000	5973.84600000	5996.59600000	5983.49600000	6012.68800000	6012.68600000	6001.32400000	5996.90000000	5973.12000000	5965.10000000	5959.88080000	5954.01432000
2836582914.57286453	5859.98800000	5848.51000000	5925.20000000	5918.11600000	5919.96400000	5916.14200000	5919.29400000	5910.69400000	5909.31400000	5900.19400000	5872.77800000	5863.79800000	5927.47000000	5917.39600000	5940.47000000	5924.70000000	5961.45400000	5955.78600000	5942.30200000	5933.96600000	5964.42200000	5954.48200000	5969.92400000	5967.99600000	5965.71800000	5954.62000000	6031.20200000	6019.67200000	5967.05800000	5961.73600000	5974.77600000	5965.46800000	5970.69000000	5966.29800000	5938.53200000	5933.41000000	6014.32200000	6008.75600000	5981.89800000	5980.68000000	5968.83400000	5959.16400000	5982.05000000	5974.97400000	6015.43400000	6004.38800000	5994.26800000	5982.05800000	6004.47400000	5993.55200000	5956.87344000	5948.66224000
2837085427.13567829	5873.64800000	5861.63600000	5901.29600000	5900.62200000	5890.74600000	5882.89000000	5931.60200000	5929.11000000	5906.14600000	5894.67000000	5911.51000000	5904.34600000	5913.71400000	5909.05600000	5940.83600000	5936.66800000	5990.76800000	5979.57800000	5963.09800000	5953.22000000	6006.51800000	6000.44400000	5973.30800000	5963.04600000	5995.80200000	5983.21800000	5980.13200000	5972.69400000	6001.47200000	5984.61800000	5930.28400000	5918.94400000	5919.40200000	5916.45600000	5990.75400000	5988.90200000	6043.07600000	6031.21000000	5981.89000000	5969.63600000	5952.00000000	5947.11400000	5986.11600000	5981.00800000	5962.52200000	5952.48200000	5975.05600000	5971.29000000	5953.78400000	5946.92000000	5955.01920000	5947.19112000
2837587939.69849253	5884.03800000	5870.94200000	5913.85000000	5906.52000000	5890.56200000	5884.32400000	5956.77400000	5938.95400000	5893.65000000	5886.55600000	5917.63000000	5912.64600000	5910.68400000	5908.83600000	5927.10200000	5921.11600000	5953.88600000	5949.38400000	5949.41200000	5942.46000000	5974.17600000	5969.26400000	5972.87000000	5960.85800000	5965.45800000	5969.40600000	6008.85600000	6005.98000000	5975.32000000	5966.93200000	5989.28600000	5982.60200000	5938.19200000	5930.55000000	5969.38600000	5962.08400000	5997.77400000	5996.01600000	6005.83800000	5995.98800000	5955.86800000	5948.68600000	5959.58600000	5954.32400000	6014.72000000	6007.17600000	5976.11800000	5972.05000000	5941.57800000	5929.47000000	5953.70456000	5946.92496000
2838090452.26130676	5836.76400000	5823.46400000	5915.38600000	5912.43000000	5907.58600000	5899.72400000	5952.23000000	5941.87800000	5913.57600000	5906.17200000	5906.89800000	5900.61400000	5946.76200000	5939.19800000	5933.24400000	5925.74200000	5987.80800000	5974.46400000	5952.74800000	5950.04600000	5968.55200000	5960.04800000	5959.47800000	5949.48000000	5955.61600000	5949.92200000	6018.94800000	6016.66000000	5976.89200000	5966.44000000	5947.18200000	5941.87000000	5990.62600000	5990.26000000	5981.40600000	5981.51800000	6032.45400000	6029.57000000	5950.81200000	5938.79200000	5942.52800000	5932.92200000	5986.38200000	5979.84400000	5943.40200000	5936.63200000	5959.06400000	5947.25000000	5914.07800000	5906.20400000	5951.21688000	5944.04576000
2838592964.82412052	5887.91000000	5873.58600000	5898.04600000	5894.10000000	5943.80800000	5933.10400000	5935.67800000	5926.91200000	5928.78600000	5923.24800000	5899.22400000	5893.47200000	5970.86000000	5967.14400000	5935.20800000	5926.07000000	5922.12400000	5914.30000000	5989.06800000	5984.74600000	5964.26400000	5954.20400000	6035.29200000	6032.22400000	5957.71400000	5949.96800000	6018.88400000	6017.51600000	5971.71200000	5965.22000000	5940.04600000	5930.32400000	6039.76400000	6027.02200000	5986.57000000	5977.01000000	6017.76600000	6005.51600000	5976.70600000	5963.72200000	5978.45800000	5970.27400000	5959.87600000	5955.75800000	6025.02600000	6008.72000000	6002.48600000	5991.15000000	6019.56200000	6012.08800000	5968.19352000	5959.89592000
2839095477.38693476	5866.54800000	5869.41600000	5915.48600000	5908.43600000	5931.05000000	5923.80000000	5932.96800000	5921.11800000	5932.76400000	5922.06600000	5879.50800000	5874.69800000	5940.66400000	5936.45200000	5919.86400000	5913.76400000	5943.72800000	5926.60000000	5980.99600000	5974.73800000	5912.79600000	5908.92600000	5950.45200000	5941.95600000	5931.04600000	5929.09600000	6011.17400000	6007.40800000	5994.73000000	5997.15000000	5968.12000000	5965.93800000	5999.98600000	5991.08200000	5946.99800000	5934.83400000	6010.36400000	5999.34400000	5957.19000000	5952.95400000	5984.96400000	5978.42200000	5999.96000000	5991.57000000	5992.56600000	5990.20600000	6024.19200000	6020.38000000	6030.59400000	6017.28800000	5958.34832000	5951.90568000
2839597989.94974852	5856.84800000	5848.27400000	5920.72800000	5920.37400000	5896.23200000	5887.44200000	5901.74800000	5891.46600000	5908.82800000	5908.64400000	5891.01000000	5885.90000000	5947.40800000	5940.83600000	5933.66200000	5929.86000000	5943.01400000	5938.83600000	5940.37600000	5937.90000000	5976.47600000	5963.90600000	5970.13800000	5968.24400000	5960.75000000	5955.17600000	6044.55800000	6045.54400000	6004.12800000	5990.18000000	5996.50800000	5993.70000000	5973.23600000	5972.10600000	5967.82200000	5955.71800000	6014.37800000	6007.16400000	5992.02000000	5982.62000000	5945.68200000	5941.60800000	5989.44200000	5991.25200000	5982.04400000	5978.34800000	5995.95200000	5991.61400000	6000.74800000	5997.56200000	5958.14944000	5952.97096000
2840100502.51256275	5850.16800000	5841.88000000	5911.33200000	5903.65800000	5905.83600000	5897.51600000	5941.46000000	5935.80400000	5892.32400000	5896.63200000	5938.94000000	5931.25000000	5929.39200000	5933.17800000	5898.36000000	5898.69200000	5973.94000000	5970.25000000	5916.83400000	5914.05400000	5956.30800000	5951.56000000	5970.04200000	5959.88400000	5964.72000000	5956.03400000	6028.64800000	6021.35600000	6001.84200000	5995.31000000	6011.00800000	6005.84600000	5982.48600000	5975.84800000	5932.18800000	5928.00200000	5980.71800000	5972.34800000	5921.13800000	5914.30200000	5947.17200000	5947.16200000	5993.24600000	5981.96200000	5987.73400000	5984.54000000	5947.79000000	5946.79800000	5951.27800000	5946.03000000	5949.39616000	5944.39584000
2840603015.07537699	5860.51200000	5850.62600000	5940.39600000	5940.32600000	5899.95800000	5897.47600000	5903.36200000	5898.79000000	5904.70200000	5902.21000000	5895.35000000	5898.35600000	5936.64600000	5934.53600000	5914.61000000	5910.78800000	5964.82400000	5956.85400000	5975.72400000	5963.49400000	5987.40400000	5985.23400000	5981.31200000	5979.03400000	5956.93600000	5961.34000000	6029.85400000	6021.85200000	5989.86000000	5983.50400000	6000.67400000	5999.22400000	5998.85800000	5986.55000000	5952.78200000	5947.13400000	6024.36200000	6023.39000000	5985.82400000	5981.80400000	5940.87200000	5938.45800000	5976.86200000	5976.21800000	5987.91200000	5991.07800000	5970.21600000	5963.46200000	6017.66000000	6020.79200000	5959.89888000	5956.50120000
2841105527.63819075	5846.32600000	5847.72200000	5891.02000000	5879.75000000	5890.76400000	5888.63000000	5926.23400000	5924.20600000	5906.16600000	5899.45800000	5903.08200000	5896.70200000	5926.20400000	5920.67200000	5938.94600000	5932.28800000	5960.99800000	5957.86600000	5946.38800000	5940.36600000	5987.25400000	5984.26800000	5993.17800000	5986.98800000	5994.69000000	5988.19600000	5976.20200000	5970.29200000	5947.33600000	5937.96800000	5962.25200000	5958.47600000	5923.59400000	5921.96800000	6004.66000000	5998.52200000	6049.81200000	6041.55200000	5954.43600000	5947.95800000	5958.65600000	5958.82800000	5993.03200000	5983.92000000	5997.83200000	5983.94600000	5993.27400000	5997.28400000	6005.49400000	6000.28800000	5955.11320000	5949.92456000
2841608040.20100498	5830.15400000	5830.16200000	5928.73800000	5922.33400000	5956.02000000	5944.04200000	5919.18600000	5910.93400000	5921.55400000	5912.31800000	5874.63400000	5868.41400000	5960.74000000	5959.26600000	5929.26600000	5927.16400000	5932.59000000	5933.23600000	5949.89800000	5940.70200000	5933.89200000	5931.36200000	5947.06200000	5938.46200000	5970.22800000	5961.19200000	6031.62800000	6019.20000000	5989.89400000	5986.47200000	5953.35000000	5954.65200000	5968.32200000	5959.48600000	5975.44400000	5973.99400000	6023.85400000	6007.35800000	5947.40400000	5940.88200000	5967.12000000	5963.11400000	6006.10600000	6001.13000000	6024.90400000	6013.90400000	6009.52800000	5998.97200000	6000.93800000	5980.47600000	5958.09816000	5951.16912000
2842110552.76381922	5850.45600000	5843.38200000	5924.80200000	5918.44200000	5933.87400000	5927.57000000	5912.52400000	5905.00600000	5936.13000000	5933.40000000	5868.65400000	5859.58000000	5946.35000000	5939.89000000	5895.32200000	5886.56600000	5940.76200000	5935.74400000	5954.77400000	5945.23000000	5917.14800000	5913.50800000	5947.20000000	5941.43800000	5980.79200000	5984.94200000	6014.32600000	6010.96600000	6001.14600000	6000.00200000	5975.25800000	5969.23800000	5971.39000000	5965.71000000	6017.84400000	6013.69800000	6016.72200000	6012.01800000	5990.90800000	5982.54400000	5952.89800000	5950.07000000	5941.11600000	5935.65000000	6006.70400000	6009.25000000	5991.91000000	5986.83400000	5998.99600000	5992.49400000	5955.52024000	5950.52688000
2842613065.32663298	5872.61200000	5869.40200000	5899.73400000	5902.17200000	5894.10600000	5892.53000000	5913.77600000	5901.04600000	5903.62800000	5898.91000000	5893.58200000	5887.10000000	5922.11600000	5925.97800000	5926.89200000	5923.02400000	5967.69000000	5961.09400000	5932.74400000	5924.33000000	5957.45000000	5953.03600000	5984.95800000	5977.68200000	5970.54600000	5969.34600000	5990.95800000	5987.46000000	5947.56400000	5945.66600000	5988.64400000	5985.82200000	5970.45400000	5966.29600000	5999.20400000	5994.11200000	5998.69800000	5991.87000000	5993.44600000	5983.24400000	5954.04400000	5952.54400000	5973.27400000	5980.60800000	5973.11400000	5970.80400000	6021.68400000	6017.02000000	5998.33000000	5996.77400000	5953.96992000	5950.31480000
2843115577.88944721	5872.26200000	5870.18000000	5902.00400000	5899.17400000	5890.52200000	5889.76400000	5936.02400000	5933.21800000	5879.71600000	5869.49000000	5910.73800000	5916.29400000	5939.07200000	5938.82600000	5934.35800000	5930.38400000	5988.70800000	5982.94600000	5926.03400000	5927.16200000	5986.73400000	5975.20400000	5997.26600000	5987.70200000	5966.72400000	5956.86800000	6006.54800000	6002.87600000	5969.24600000	5964.12600000	5978.47600000	5976.56400000	5975.60600000	5964.35000000	5959.74000000	5954.82600000	5992.84600000	5993.55200000	5981.30000000	5978.48200000	5944.43600000	5935.03200000	5984.13400000	5980.76400000	6000.85000000	6004.76200000	5977.61200000	5974.31200000	5958.64200000	5953.58800000	5954.38392000	5950.41784000
2843618090.45226145	5907.69600000	5907.64200000	5874.55200000	5869.87800000	5919.04200000	5919.98600000	5908.00000000	5902.04200000	5916.56400000	5911.29600000	5912.37400000	5910.79600000	5938.60600000	5942.77000000	5955.92200000	5956.34800000	5907.84200000	5906.14800000	5980.51600000	5970.61000000	5954.16600000	5944.38800000	5988.09400000	5988.95000000	5968.79000000	5970.34800000	6010.30600000	6009.13400000	5966.49200000	5957.06600000	5923.17000000	5921.65400000	6017.82000000	6012.78400000	5971.01800000	5973.58600000	5989.99400000	5989.66400000	5990.40200000	5990.42200000	5995.97800000	5992.25400000	5984.49800000	5976.92600000	5993.65200000	5995.47800000	5996.55600000	5996.19200000	5991.68000000	5985.06200000	5958.54920000	5956.05696000
2844120603.01507521	5861.82800000	5855.70800000	5898.74200000	5888.43200000	5899.54400000	5886.91000000	5932.94000000	5926.64000000	5891.63000000	5889.01200000	5924.07200000	5917.29200000	5913.61800000	5913.18400000	5939.14400000	5940.36000000	5927.04000000	5926.99600000	5917.04200000	5915.33200000	5956.39200000	5957.84000000	5963.12600000	5968.05600000	5961.71600000	5954.15000000	5980.69400000	5982.04800000	5984.23400000	5980.48200000	6003.06400000	6000.87800000	5932.13800000	5931.81800000	5967.43200000	5960.60800000	5984.38800000	5984.57400000	5971.80200000	5966.89400000	5966.55800000	5970.08600000	5956.03000000	5951.76800000	5960.78400000	5953.80800000	5986.74600000	5981.78200000	5981.95200000	5976.88200000	5946.50624000	5943.26160000
2844623115.57788944	5863.82400000	5860.23200000	5894.19200000	5889.78200000	5862.60600000	5863.96200000	5919.13400000	5915.92600000	5892.80000000	5892.69600000	5891.97600000	5885.17800000	5911.74600000	5912.48200000	5913.47200000	5905.93400000	5940.31000000	5936.85600000	5938.90400000	5931.61600000	5976.31000000	5967.09400000	5968.92200000	5970.69800000	5942.51400000	5948.00000000	5986.39200000	5988.68000000	5968.54800000	5960.31400000	5994.09400000	5993.48000000	5947.33800000	5956.48400000	5949.35000000	5952.67400000	5989.35400000	5988.76200000	5968.76800000	5961.43800000	5966.82200000	5962.11000000	5963.41800000	5954.02200000	5973.75200000	5967.98400000	5989.27800000	5991.21400000	5986.90800000	5978.67600000	5944.02928000	5941.45176000
2845125628.14070368	5847.79400000	5845.65200000	5924.70000000	5922.49200000	5932.45800000	5927.70800000	5934.91800000	5931.26800000	5921.21800000	5915.43600000	5885.93000000	5884.10200000	5935.12800000	5938.51200000	5912.14200000	5905.81800000	5953.40200000	5947.48200000	5954.73400000	5952.88800000	5971.92800000	5968.55200000	5956.18800000	5951.53600000	5971.43400000	5970.54400000	6010.00600000	6010.20200000	5972.92400000	5968.79800000	5964.57800000	5955.99800000	5973.56400000	5971.96400000	6004.11000000	5999.57400000	6020.36600000	6017.97200000	5985.56200000	5979.27200000	5932.36400000	5930.07400000	5984.66000000	5986.05800000	5944.65000000	5946.44400000	5999.70200000	6003.21400000	6020.19000000	6015.47600000	5956.58600000	5953.88144000
2845628140.70351744	5888.69000000	5893.16400000	5902.45000000	5897.29800000	5897.91800000	5896.92800000	5887.92600000	5891.35400000	5900.34200000	5896.10000000	5892.59800000	5892.63400000	5923.81800000	5922.83600000	5928.88200000	5921.98600000	5944.91400000	5940.08400000	5931.79200000	5932.17200000	5981.38600000	5977.22600000	5975.33600000	5971.74000000	5979.30600000	5980.04800000	6012.35800000	6006.87800000	5951.59600000	5945.83200000	6012.96400000	6014.28400000	5970.34600000	5968.56400000	5969.38800000	5976.63600000	5964.52000000	5961.37400000	5970.86800000	5966.70600000	5937.20800000	5945.36800000	5996.53000000	5993.91200000	5958.07200000	5961.88200000	6000.89000000	6005.18600000	5977.44600000	5979.18800000	5950.30176000	5949.57520000
2846130653.26633167	5893.89200000	5897.50400000	5893.68000000	5893.58400000	5918.85600000	5920.93200000	5912.60200000	5906.75600000	5905.99000000	5906.18200000	5911.14600000	5901.53000000	5947.24200000	5947.45200000	5975.09600000	5972.07400000	5903.98000000	5902.06200000	5976.19800000	5971.41200000	5937.44000000	5936.42000000	5977.60400000	5971.33400000	5966.75400000	5969.69000000	5996.73000000	5996.53200000	5990.79400000	5981.37400000	5939.88600000	5937.02400000	6015.31200000	6017.08200000	5931.21400000	5936.74000000	5982.49200000	5986.52400000	5990.15200000	5988.85000000	5972.10800000	5968.38800000	5999.53600000	6005.59200000	5989.17600000	5990.13400000	6007.51200000	6001.05600000	5987.14200000	5974.83600000	5956.90136000	5955.24256000
2846633165.82914591	5852.54400000	5852.86000000	5902.35200000	5897.55800000	5925.71400000	5925.84800000	5943.42800000	5937.53800000	5924.46800000	5919.62800000	5879.49800000	5877.97600000	5955.87400000	5953.26600000	5939.59000000	5939.31400000	5965.17600000	5962.60600000	5934.28200000	5941.34200000	5948.56000000	5948.52800000	5969.42200000	5969.48200000	5969.52600000	5968.00200000	6006.80000000	6007.05400000	5975.78000000	5976.70600000	5982.83800000	5980.37200000	5984.78800000	5982.25600000	5954.65600000	5953.09200000	6031.56400000	6032.05600000	5984.03600000	5976.89000000	5973.46600000	5973.59400000	5972.89200000	5970.61000000	5990.51800000	5988.55800000	5944.46000000	5944.66600000	5987.41000000	5987.21600000	5955.98568000	5954.68072000
2847135678.39195967	5852.91200000	5856.20400000	5924.63000000	5931.79200000	5886.81000000	5882.11000000	5943.35000000	5940.13600000	5910.31600000	5908.04400000	5926.28800000	5923.48000000	5933.35000000	5924.99400000	5952.94000000	5955.02600000	5990.38600000	5988.60400000	5947.63200000	5951.70800000	5968.96000000	5973.31000000	5987.96800000	5989.97200000	5971.79200000	5971.50800000	6008.99800000	6005.52200000	5976.25400000	5977.31400000	5965.38600000	5969.89600000	6004.78000000	6005.50400000	5966.05200000	5965.79600000	6020.29000000	6017.76200000	5954.37400000	5952.99400000	5977.97600000	5981.41600000	5964.44600000	5959.09200000	5990.30000000	5994.81800000	5952.30000000	5949.41000000	5889.91600000	5893.04400000	5954.73624000	5954.77824000
2847638190.95477390	5881.19600000	5872.96400000	5904.46200000	5905.69000000	5889.09400000	5881.89200000	5898.27800000	5898.76200000	5900.52600000	5907.06000000	5897.36200000	5899.16000000	5917.51200000	5914.71400000	5917.06200000	5920.76000000	5961.70400000	5968.37600000	5922.45400000	5917.59400000	5950.51800000	5948.71600000	5972.69400000	5969.17200000	5975.66800000	5978.42200000	5994.45400000	5993.50000000	5939.70400000	5933.50000000	5989.50400000	5988.91800000	5980.91600000	5982.19400000	5993.81000000	5989.99600000	5994.74000000	5991.21600000	5978.02200000	5984.10600000	5908.16000000	5900.67000000	5981.83000000	5976.62600000	5968.66000000	5967.03600000	6011.04400000	6001.36800000	5984.30600000	5983.53800000	5948.54720000	5947.03800000
2848140703.51758814	5902.00200000	5902.78000000	5893.86800000	5890.35400000	5915.65200000	5917.12400000	5895.10200000	5892.76400000	5911.47200000	5904.01800000	5901.31600000	5903.01000000	5946.52000000	5953.67200000	5967.35200000	5972.68000000	5909.11600000	5907.63800000	5962.76600000	5965.45000000	5930.77000000	5938.21200000	5956.13800000	5964.21200000	5948.23200000	5953.16200000	5988.23800000	5981.26800000	5974.64400000	5975.59600000	5927.22400000	5930.47200000	5985.10200000	5984.00600000	5963.36400000	5966.76000000	5971.66000000	5968.54600000	5997.42400000	6002.47600000	5979.01000000	5981.71400000	6006.82200000	6003.54000000	5992.46000000	5990.17200000	6004.73000000	6006.97800000	5955.63000000	5966.03200000	5951.46456000	5952.90544000
2848643216.08040190	5896.60000000	5896.39200000	5906.03800000	5911.78600000	5890.23000000	5891.10600000	5938.08800000	5933.00600000	5892.08400000	5893.82200000	5930.15600000	5922.76600000	5974.54800000	5979.24400000	5976.28600000	5975.15000000	5917.64600000	5912.99000000	6001.36800000	6002.54400000	5923.14200000	5915.75200000	5989.82000000	5996.88800000	5991.47000000	5990.81400000	6006.09800000	6006.41600000	5962.01600000	5963.03600000	5925.54200000	5922.70000000	6005.36400000	6005.22000000	5997.23800000	6002.88000000	5980.89200000	5976.32600000	5987.80400000	5988.43800000	5972.75600000	5976.88800000	5981.74000000	5981.45200000	6035.27400000	6036.38200000	5993.26600000	5990.04400000	5996.14000000	5995.29200000	5962.86424000	5962.69336000
2849145728.64321613	5893.03600000	5892.11200000	5905.13200000	5905.59200000	5886.27400000	5890.22800000	5902.84000000	5901.84600000	5893.32600000	5895.86400000	5898.43200000	5895.02400000	5923.09400000	5917.85200000	5934.41800000	5934.83200000	5967.43000000	5966.91600000	5928.08400000	5931.58000000	5970.26000000	5979.42400000	5975.18200000	5980.24600000	5982.82000000	5982.13600000	6003.28000000	6012.49400000	5914.00400000	5911.21200000	6018.76800000	6016.74200000	5970.72600000	5970.10400000	5973.44800000	5973.77800000	5951.11800000	5950.52000000	5999.52400000	5999.60200000	5944.50800000	5944.31200000	5989.63200000	5984.76000000	5970.03600000	5976.69000000	6009.17800000	6005.83000000	5967.73600000	5970.68400000	5950.89144000	5951.61520000
2849648241.20603037	5837.06200000	5836.04400000	5881.10200000	5875.66400000	5893.50400000	5894.96600000	5928.53200000	5929.45800000	5880.01600000	5880.86400000	5905.42200000	5906.77600000	5935.12800000	5940.37200000	5925.32000000	5925.57400000	5984.32600000	5980.63000000	5911.09800000	5911.33000000	5955.63600000	5958.63200000	5963.90400000	5974.23400000	5925.50200000	5923.92000000	6006.94600000	6006.98600000	5982.66600000	5975.67200000	5968.96600000	5969.66600000	5941.88000000	5944.43600000	5922.72600000	5927.48400000	6003.85400000	6012.66000000	5965.91400000	5963.33800000	5966.94400000	5962.95600000	5980.74400000	5980.29200000	5961.89600000	5969.19200000	5961.33000000	5953.31200000	5968.62200000	5969.23600000	5942.36160000	5942.94776000
2850150753.76884413	5827.74800000	5841.25000000	5912.21000000	5911.37000000	5923.83600000	5921.34200000	5900.00600000	5910.37000000	5898.25600000	5895.60400000	5855.84400000	5857.55600000	5936.38200000	5934.21600000	5918.88800000	5918.06800000	5931.46800000	5929.32800000	5962.93600000	5961.89000000	5955.21600000	5953.29800000	5932.66800000	5935.93600000	5963.08800000	5960.75400000	6007.84200000	6010.75600000	5993.30200000	5997.94000000	5975.74400000	5978.52600000	5964.94800000	5971.99800000	5930.24600000	5929.68400000	6001.75000000	6005.94400000	5942.37000000	5939.64800000	5957.04200000	5961.13800000	5957.15400000	5960.28200000	6015.01400000	6014.39800000	5965.03600000	5977.91000000	5986.40400000	5988.23600000	5944.61592000	5946.69768000
2850653266.33165836	5856.47800000	5856.40800000	5902.83000000	5909.19400000	5882.36800000	5890.31200000	5915.66400000	5919.48000000	5903.87400000	5906.20600000	5878.41000000	5879.10000000	5922.44200000	5916.27800000	5930.45200000	5932.78400000	5988.26800000	5988.36200000	5944.00400000	5947.29000000	5961.33800000	5959.05000000	5983.93600000	5985.10800000	5976.06000000	5983.95200000	5959.51800000	5963.26800000	5944.15600000	5946.01600000	5969.65800000	5970.47600000	5948.98000000	5950.89400000	5968.38600000	5973.07600000	6025.10200000	6024.07400000	5931.05800000	5937.39600000	5920.55800000	5935.31600000	5972.82200000	5980.45800000	5966.97400000	5974.50400000	5972.82400000	5978.27200000	5977.42000000	5992.54200000	5944.14320000	5947.99264000
2851155778.89447260	5882.93800000	5895.59800000	5882.44400000	5883.96200000	5927.25800000	5933.62000000	5929.90800000	5933.17000000	5900.98000000	5907.64200000	5889.43200000	5893.28200000	5901.83600000	5904.32600000	5971.88000000	5969.99600000	5904.43600000	5907.36200000	5965.08200000	5969.41200000	5969.77600000	5972.68200000	5969.00400000	5967.85600000	5981.35600000	5978.99400000	5958.06200000	5972.93200000	5964.98800000	5965.77800000	5930.25800000	5933.93000000	5985.37400000	6002.17400000	6017.03200000	6022.85800000	5967.01800000	5976.82000000	5972.38000000	5970.75600000	5994.15400000	5998.38400000	5951.08200000	5958.71600000	5990.98800000	6000.66600000	5946.79200000	5956.32400000	6002.01200000	6004.03000000	5950.25880000	5955.25080000
2851658291.45728636	5885.76200000	5890.51200000	5884.68400000	5889.99400000	5908.62600000	5915.74800000	5913.19200000	5919.89000000	5865.86000000	5876.54000000	5898.50200000	5902.18600000	5919.78600000	5922.03200000	5957.99800000	5969.01800000	5938.00800000	5934.61600000	5966.37800000	5971.58400000	5923.47000000	5931.57200000	5998.68800000	6003.59000000	5977.47200000	5986.56400000	5987.10200000	5988.78400000	5946.94200000	5958.98200000	5926.50400000	5932.91600000	5973.21400000	5976.74400000	6006.39800000	6016.15800000	5920.65400000	5931.22200000	5961.74600000	5966.95600000	5956.32200000	5965.46800000	5964.72200000	5977.82800000	6010.59200000	6025.39400000	5977.63800000	5978.27600000	5978.87000000	5987.42200000	5945.96520000	5952.79984000
2852160804.02010059	5897.87000000	5904.86400000	5891.67200000	5895.96400000	5911.94000000	5917.44200000	5902.88000000	5908.95000000	5911.34800000	5921.35000000	5879.38200000	5879.64600000	5928.40600000	5939.89800000	5969.58600000	5971.32600000	5911.54200000	5920.27200000	5979.24600000	5983.25400000	5935.38200000	5942.24200000	5971.51600000	5976.70000000	5975.29600000	5986.05400000	5958.31200000	5963.11200000	5970.42200000	5981.18000000	5947.98200000	5955.75200000	6011.63200000	6017.37400000	5894.04400000	5905.90000000	5988.32800000	5991.70800000	5991.95400000	5997.52000000	5962.39800000	5974.60800000	5998.23600000	6008.69200000	5997.72400000	6008.27200000	5981.69600000	5989.54000000	5992.50400000	6002.87200000	5950.45192000	5957.77968000
2852663316.58291435	5878.67800000	5897.01800000	5870.54600000	5878.88800000	5924.68400000	5945.37000000	5935.83800000	5943.20600000	5882.38800000	5893.98000000	5873.70000000	5881.31000000	5912.38400000	5924.76200000	5970.64800000	5981.10600000	5895.68800000	5905.69600000	5974.58400000	5987.28200000	5972.54800000	5982.07000000	5975.94800000	5983.12200000	5953.25800000	5958.41800000	5987.47800000	5999.24000000	5968.65600000	5977.34000000	5929.44200000	5935.76400000	5959.33000000	5973.94400000	5994.22800000	6004.35400000	5973.46000000	5984.41200000	5971.56000000	5978.31800000	5966.47200000	5976.83800000	5951.18800000	5961.93400000	5972.99400000	5982.35600000	5975.92000000	5982.18800000	5992.34600000	6002.13600000	5946.55864000	5956.84208000
2853165829.14572859	5836.03600000	5848.93400000	5894.31800000	5910.92200000	5890.23400000	5892.48800000	5894.88800000	5902.96800000	5897.55200000	5903.38800000	5886.21000000	5896.88400000	5906.09600000	5918.79600000	5919.58800000	5923.07400000	5976.38600000	5989.97400000	5934.55600000	5949.49800000	5948.08200000	5959.37800000	5975.38800000	5975.33600000	5956.70600000	5969.44400000	5939.63000000	5958.03800000	5937.93400000	5946.27000000	5967.54800000	5970.38200000	5945.03200000	5955.45400000	5991.37800000	6005.32800000	6004.44800000	6013.03800000	5926.15600000	5937.29000000	5939.57200000	5949.21000000	5967.81200000	5991.16800000	5941.55200000	5955.48600000	6003.62800000	6010.79000000	5983.12200000	6001.29600000	5938.55408000	5949.39336000
2853668341.70854282	5882.58400000	5889.19200000	5899.05400000	5912.00400000	5890.31400000	5904.12400000	5904.94000000	5916.07600000	5905.62600000	5910.88000000	5883.44200000	5895.79600000	5878.90000000	5897.72400000	5913.99200000	5922.43000000	5964.80400000	5978.73600000	5930.89000000	5932.93200000	5967.18600000	5984.31200000	5942.53800000	5952.25800000	5944.21400000	5947.45600000	5965.22400000	5973.24600000	5957.27000000	5975.59200000	5968.40400000	5979.87200000	5971.76200000	5987.98600000	5950.30600000	5963.19600000	6022.39800000	6037.71800000	5959.66000000	5972.68000000	5944.62400000	5957.55000000	5976.85400000	5988.48800000	5927.73000000	5945.43800000	6004.25400000	6017.11000000	5931.54800000	5942.70200000	5939.54072000	5951.41992000
2854170854.27135658	5868.61800000	5887.68600000	5882.02800000	5897.92800000	5934.28600000	5949.71200000	5896.86800000	5911.41600000	5885.80200000	5907.41200000	5873.30400000	5882.35600000	5968.26400000	5982.31600000	5892.60200000	5905.53800000	5890.86200000	5901.32200000	5988.67200000	5997.17600000	5914.63800000	5928.52200000	5927.43200000	5944.28600000	5934.73600000	5962.09400000	6008.27000000	6026.87600000	5971.41200000	5990.20800000	5925.68600000	5938.55600000	5938.83800000	5954.36800000	5970.78000000	5983.07400000	5975.86000000	5989.63600000	5919.50800000	5934.89000000	5988.87400000	5995.92000000	5959.19800000	5962.91800000	5992.97800000	6011.20600000	5954.51800000	5966.86000000	5983.99600000	5993.98600000	5937.92120000	5952.25048000
2854673366.83417082	5835.67400000	5849.98800000	5895.93400000	5909.24200000	5897.69800000	5908.48200000	5915.89400000	5928.92200000	5900.14600000	5916.09800000	5873.77600000	5890.18400000	5926.97600000	5941.12800000	5899.60600000	5920.17000000	5950.09600000	5961.42400000	5948.30600000	5963.83200000	5946.78200000	5972.78800000	5925.74400000	5945.56200000	5961.80400000	5977.10600000	5987.18400000	6007.30800000	5982.60200000	5999.99200000	5961.29200000	5990.21400000	5975.79400000	5982.35400000	5941.08000000	5957.42200000	5995.81800000	6014.81200000	5959.07800000	5971.36000000	5935.72600000	5945.50800000	5968.41000000	5978.35600000	5976.22000000	5990.00800000	5941.11000000	5957.18400000	5975.54400000	5994.86000000	5939.13176000	5954.97216000
2855175879.39698505	5842.96800000	5863.83600000	5891.90000000	5904.27800000	5918.90200000	5946.53000000	5917.42800000	5928.93600000	5895.78800000	5916.39800000	5899.71400000	5912.02400000	5939.76200000	5960.92800000	5921.42600000	5940.19400000	5881.85200000	5895.51800000	5951.44600000	5975.80400000	5906.78400000	5921.97800000	6030.18600000	6047.91600000	5962.98800000	5979.02000000	6001.35600000	6016.75200000	5940.19400000	5955.92200000	5911.74000000	5934.63000000	5989.94600000	6009.93000000	6000.82400000	6021.55400000	5965.30400000	5978.78600000	5976.78000000	5995.09600000	5931.95800000	5949.03200000	5946.74800000	5964.09800000	5984.50600000	6002.79600000	5981.08000000	6000.31000000	5967.57200000	5977.40400000	5942.36608000	5959.98680000
2855678391.95979881	5829.77000000	5843.64800000	5903.55600000	5915.02600000	5907.11800000	5916.23800000	5900.35800000	5917.51000000	5880.90800000	5899.20000000	5859.92800000	5875.17000000	5929.79200000	5945.96600000	5886.25600000	5904.12000000	5930.55000000	5958.41400000	5937.47000000	5957.51000000	5948.92200000	5966.95000000	5915.36600000	5933.00800000	5939.61600000	5967.82800000	5985.90000000	6006.83400000	5974.20800000	5985.90800000	5939.08800000	5960.38600000	5939.69000000	5958.45600000	5962.61800000	5986.45800000	5981.22200000	6004.20400000	5934.40400000	5954.51400000	5933.58400000	5951.97600000	5965.48600000	5986.85200000	5950.49800000	5964.25200000	5949.22000000	5969.84000000	5978.34400000	6000.56400000	5930.55488000	5949.23328000
2856180904.52261305	5837.41200000	5859.04600000	5904.83800000	5927.54000000	5885.53000000	5902.72000000	5910.80000000	5929.75400000	5885.64800000	5902.77200000	5878.63000000	5899.90800000	5938.21600000	5950.76000000	5901.74400000	5928.06600000	5940.38400000	5959.86600000	5930.40200000	5947.49200000	5938.38200000	5959.47800000	5952.83000000	5976.71800000	5931.97600000	5954.67000000	5988.64800000	6011.87000000	5958.37400000	5983.60800000	5962.65600000	5983.92000000	5977.95400000	5999.04000000	5936.82000000	5956.94600000	6011.44800000	6031.35400000	5957.05600000	5978.27800000	5893.03800000	5917.36000000	5906.51600000	5918.77200000	5970.74200000	5999.76200000	5887.29600000	5913.68200000	5924.38800000	5950.16800000	5928.46912000	5949.74200000
2856683417.08542728	5862.43600000	5885.89000000	5881.89800000	5913.28200000	5868.84000000	5896.00800000	5873.09200000	5901.93400000	5865.65400000	5894.59200000	5903.49400000	5929.90400000	5922.53000000	5945.17800000	5934.77800000	5954.94400000	5890.95400000	5915.27800000	5957.74600000	5978.65800000	5918.00800000	5943.57800000	5929.90800000	5960.54800000	5959.65600000	5985.16000000	5945.88400000	5973.66600000	5921.40400000	5942.41200000	5886.35200000	5916.87400000	5915.91400000	5944.08400000	5962.67800000	5994.12800000	5938.37600000	5962.77400000	5961.75800000	5991.47400000	5938.46000000	5966.61000000	5987.28800000	6019.08200000	5969.19200000	6000.79800000	5977.31600000	6008.13200000	5939.99200000	5971.28800000	5924.54432000	5951.85104000
2857185929.64824104	5836.54000000	5858.67200000	5884.80000000	5911.58800000	5868.98800000	5891.85000000	5914.99400000	5945.29600000	5869.86800000	5894.88600000	5885.45800000	5916.17800000	5911.58400000	5942.96000000	5906.64400000	5941.28600000	5952.21200000	5978.43000000	5901.39000000	5924.76400000	5929.24800000	5966.19400000	5942.73000000	5962.64800000	5916.08600000	5948.71800000	5971.24600000	5996.50800000	5961.34800000	5988.28400000	5953.47800000	5982.10000000	5941.02600000	5972.07200000	5914.32400000	5943.13600000	5968.38400000	5996.70600000	5888.46200000	5911.68600000	5951.77200000	5975.98600000	5911.56000000	5939.30600000	5964.50200000	5994.00600000	5923.82000000	5945.41600000	5918.62800000	5947.75600000	5919.56368000	5947.05728000
2857688442.21105528	5808.73800000	5839.71400000	5880.90600000	5910.63400000	5875.41000000	5905.44800000	5873.81800000	5903.45000000	5862.60200000	5890.58200000	5853.53600000	5878.17800000	5890.80400000	5923.68800000	5906.42400000	5926.95600000	5943.56800000	5979.56400000	5931.22400000	5954.76000000	5920.85400000	5953.70200000	5943.96200000	5974.16600000	5919.07600000	5948.94800000	5986.64400000	6021.71600000	5960.28800000	5992.72400000	5941.95800000	5973.39600000	5940.34600000	5969.48400000	5924.26600000	5954.53800000	5956.00000000	5991.13400000	5942.47200000	5967.28800000	5920.72800000	5950.20000000	5929.04400000	5963.72800000	5957.00200000	5992.87000000	5948.71400000	5981.63200000	6004.32400000	6034.20000000	5920.90832000	5951.30800000
2858190954.77386951	5824.86400000	5852.15000000	5880.32200000	5908.21600000	5865.32400000	5887.59800000	5908.61000000	5941.15600000	5878.09000000	5910.32200000	5901.52400000	5933.31600000	5886.43000000	5916.14200000	5893.81800000	5925.19400000	5936.52800000	5960.19800000	5893.45600000	5924.84400000	5912.49800000	5945.67000000	5927.46200000	5957.71200000	5916.11800000	5950.32600000	5994.37000000	6015.96200000	5941.49200000	5981.19000000	5977.75800000	6013.85800000	5956.15400000	5991.58000000	5905.28000000	5935.58200000	5938.83400000	5972.97600000	5902.83200000	5941.81200000	5921.15400000	5944.58600000	5939.74400000	5974.74400000	5968.80200000	6001.46800000	5921.64000000	5959.55800000	5896.61000000	5927.83600000	5915.58856000	5946.95984000
2858693467.33668327	5816.50800000	5845.60600000	5880.37000000	5912.23800000	5853.91600000	5882.65200000	5892.69600000	5924.12800000	5855.82400000	5891.36800000	5843.27000000	5879.53200000	5893.45800000	5925.39000000	5906.92200000	5938.87000000	5938.07200000	5970.75000000	5903.05400000	5949.69800000	5928.98400000	5964.76600000	5932.48400000	5968.36400000	5931.64600000	5965.95800000	5961.04400000	5997.90000000	5918.75600000	5958.37400000	5947.87400000	5984.86000000	5938.94200000	5972.80200000	5913.73200000	5943.77400000	5963.09200000	5995.23600000	5931.49400000	5975.60200000	5909.26200000	5949.15000000	5956.14400000	5993.30800000	5929.33800000	5958.77400000	5917.62000000	5946.67400000	5969.49400000	6005.74600000	5913.35984000	5948.06080000
2859195979.89949751	5861.98000000	5902.83200000	5857.41800000	5897.41400000	5890.02200000	5922.84400000	5878.40000000	5913.36400000	5843.23200000	5879.14000000	5847.23400000	5887.38400000	5884.24800000	5920.95000000	5930.18600000	5966.03400000	5901.90000000	5935.82200000	5912.04200000	5952.53000000	5930.69200000	5970.92400000	5905.22400000	5944.61600000	5918.02200000	5956.24200000	5957.83400000	6001.31600000	5922.75400000	5967.32000000	5927.76800000	5967.79600000	5961.96800000	5997.91200000	5981.23400000	6021.04600000	5948.14600000	5988.26000000	5953.82600000	5984.90600000	5931.33200000	5969.21000000	5928.81800000	5961.68400000	6001.14800000	6042.20400000	5927.91200000	5965.45200000	5977.04800000	6009.77800000	5919.21552000	5957.07920000
2859698492.46231174	5813.63400000	5850.56600000	5891.23000000	5916.35400000	5842.39600000	5875.50200000	5884.90400000	5926.19200000	5877.41000000	5917.32600000	5859.67800000	5903.49400000	5879.10200000	5923.23000000	5882.83400000	5921.53200000	5945.48000000	5987.82000000	5910.54800000	5950.33400000	5923.10400000	5958.41600000	5969.48400000	6010.21000000	5947.78000000	5986.48600000	5928.94600000	5971.14200000	5892.82400000	5939.91400000	5933.17600000	5971.65200000	5900.87400000	5949.28800000	5943.40600000	5989.72800000	5979.42200000	6022.14800000	5909.98400000	5952.36600000	5894.69600000	5936.93200000	5958.11000000	5996.06400000	5943.31600000	5986.59600000	5939.59200000	5982.39000000	5939.68800000	5978.01000000	5911.66472000	5952.14768000
2860201005.02512550	5814.68600000	5858.40800000	5862.95000000	5898.50000000	5840.68600000	5880.26600000	5887.52000000	5934.67800000	5868.20400000	5913.45600000	5865.54800000	5917.05800000	5858.51200000	5897.51800000	5889.06400000	5933.72800000	5919.40000000	5972.16200000	5905.77000000	5953.92800000	5951.44000000	5993.92800000	5932.80200000	5971.79800000	5948.04200000	5998.19000000	5962.58000000	6011.07000000	5901.75800000	5949.86200000	5895.16600000	5940.14800000	5884.68200000	5932.16000000	5971.04000000	6017.52400000	5966.17000000	6011.77600000	5919.33800000	5968.94400000	5931.32800000	5977.78200000	5944.78000000	5991.83600000	5951.38200000	5997.37000000	5928.63000000	5972.10200000	5918.28400000	5962.99200000	5908.79048000	5954.28736000
2860703517.58793974	5845.14600000	5883.91200000	5854.57200000	5891.83200000	5878.54600000	5926.59800000	5889.60000000	5939.23600000	5841.27800000	5887.39600000	5841.54200000	5889.58200000	5908.94600000	5944.97800000	5917.20400000	5962.35000000	5866.30000000	5917.55600000	5922.71400000	5971.25800000	5906.57200000	5953.33200000	5887.40800000	5931.41800000	5925.09800000	5971.62600000	5954.66000000	6007.04800000	5903.24600000	5950.57400000	5894.93200000	5933.97400000	5927.54000000	5973.97400000	5947.52400000	5996.83000000	5927.82000000	5971.72000000	5961.21600000	6006.90000000	5907.63600000	5957.94800000	5935.56400000	5976.78000000	5949.49800000	5999.80000000	5947.82600000	5994.68000000	5965.84400000	6011.94600000	5908.32928000	5954.12992000
2861206030.15075397	5811.32400000	5855.50800000	5882.96600000	5928.62600000	5852.62600000	5899.19200000	5887.61800000	5932.71800000	5849.43800000	5892.20600000	5842.93400000	5890.39000000	5896.57200000	5949.48200000	5902.25600000	5946.87600000	5916.72400000	5967.03000000	5888.04800000	5941.58200000	5924.55200000	5965.69000000	5925.93400000	5975.03200000	5907.77000000	5954.62600000	5940.28400000	5988.94800000	5922.22000000	5967.03600000	5933.66000000	5980.89800000	5930.86400000	5977.12800000	5899.80400000	5950.87800000	5979.64200000	6024.75000000	5921.62400000	5965.77400000	5892.35600000	5938.93400000	5872.92600000	5923.06800000	5938.70800000	5981.40200000	5888.49600000	5933.38800000	5911.29400000	5959.73200000	5900.82560000	5947.63576000
2861708542.71356773	5805.87400000	5848.85000000	5846.19400000	5886.76400000	5833.63400000	5882.83800000	5872.35800000	5918.50400000	5854.79400000	5895.13000000	5856.39400000	5900.09800000	5859.52400000	5901.24800000	5882.23200000	5934.71400000	5920.20200000	5973.38200000	5881.42800000	5938.27800000	5944.60200000	5990.61000000	5898.76400000	5952.34400000	5928.46400000	5982.79600000	5935.17000000	5990.00000000	5928.52400000	5984.40600000	5867.92600000	5916.70000000	5865.59600000	5912.08000000	5944.13400000	5999.07400000	5968.49200000	6017.45600000	5906.43400000	5960.39400000	5913.15000000	5966.85800000	5920.19000000	5970.37800000	5921.92800000	5963.12600000	5934.29400000	5984.12800000	5933.10000000	5990.52600000	5896.93608000	5946.42728000
2862211055.27638197	5806.70200000	5850.24000000	5869.84200000	5912.11800000	5843.22000000	5892.11800000	5863.88000000	5912.82800000	5860.61600000	5910.78200000	5843.83000000	5897.24000000	5843.90200000	5889.08400000	5868.94400000	5929.72600000	5941.53200000	5995.84600000	5894.76200000	5947.50600000	5908.90000000	5959.59800000	5928.02400000	5980.38600000	5941.84000000	5987.08000000	5902.92000000	5948.19200000	5912.33800000	5965.34800000	5946.85200000	5993.32400000	5927.51800000	5981.79400000	5943.25600000	5997.07200000	5943.27800000	5995.36800000	5887.43600000	5940.15200000	5876.50400000	5926.75400000	5945.42200000	5992.65200000	5905.39800000	5956.69200000	5957.54000000	6003.67400000	5941.17000000	5987.81200000	5900.22504000	5950.13544000
2862713567.83919621	5837.02200000	5887.48800000	5847.08200000	5897.67400000	5843.77600000	5898.22400000	5857.98400000	5906.72600000	5844.05600000	5899.02400000	5870.79800000	5928.39400000	5905.76200000	5961.48600000	5900.05400000	5953.42800000	5844.09600000	5894.95800000	5930.99600000	5993.89800000	5897.31600000	5953.27200000	5896.94000000	5951.43000000	5923.45800000	5985.35400000	5954.20000000	6011.78400000	5901.01200000	5957.62200000	5869.58000000	5919.75200000	5895.20800000	5945.24000000	5967.44000000	6022.29200000	5914.93600000	5963.25200000	5965.00000000	6012.16600000	5923.79000000	5985.08800000	5920.57800000	5976.03000000	5958.89600000	6010.78200000	5943.64000000	6002.42800000	5929.63400000	5984.21000000	5901.73016000	5956.08008000
2863216080.40200996	5857.95600000	5909.85800000	5859.68000000	5911.04600000	5856.83600000	5912.47000000	5855.46200000	5904.92600000	5849.03400000	5895.55000000	5850.68200000	5898.52600000	5882.57000000	5935.32800000	5919.83600000	5969.56800000	5858.52600000	5919.31400000	5919.37800000	5974.31000000	5883.29400000	5941.93600000	5916.75000000	5972.16000000	5899.62000000	5956.47000000	5924.62800000	5981.51800000	5906.70400000	5966.11200000	5879.61600000	5934.83800000	5923.20800000	5979.25200000	5912.15200000	5968.41800000	5929.52200000	5978.83600000	5933.95800000	5991.45000000	5921.18400000	5980.90200000	5954.17600000	6007.45200000	5931.66800000	5992.79400000	5932.34600000	5989.02800000	5922.49800000	5979.32800000	5899.25136000	5954.05560000
2863718592.96482420	5854.79600000	5908.85000000	5834.87800000	5882.94800000	5887.93400000	5940.98800000	5863.90800000	5918.03800000	5829.92400000	5888.18400000	5840.31400000	5895.62800000	5839.50600000	5895.29200000	5917.70400000	5977.55600000	5879.34200000	5936.40200000	5899.28800000	5955.95800000	5915.22400000	5983.07400000	5928.92400000	5980.95000000	5936.11400000	6002.30600000	5892.65800000	5952.03200000	5910.32200000	5957.76600000	5888.71800000	5944.09400000	5928.03800000	5983.61800000	5930.05800000	5986.52600000	5905.06000000	5959.69800000	5935.51600000	6000.40600000	5917.01200000	5981.18000000	5908.91000000	5966.11800000	5963.58000000	6017.39400000	5901.21200000	5945.31400000	5923.51400000	5973.63000000	5897.29816000	5953.35800000
2864221105.52763844	5819.07200000	5871.49600000	5851.13800000	5902.36200000	5878.16600000	5937.29600000	5882.20200000	5934.22800000	5858.50600000	5922.17800000	5850.57800000	5908.88800000	5904.94600000	5957.94400000	5877.78400000	5936.05400000	5866.00000000	5925.82600000	5922.94800000	5982.40200000	5861.63800000	5923.24000000	5954.91800000	6014.92600000	5930.86400000	5994.18400000	5937.96000000	5996.18800000	5935.91200000	5995.70000000	5877.32600000	5935.76800000	5933.34600000	5995.57400000	5951.23600000	6012.14200000	5949.21400000	6008.21600000	5900.70000000	5959.63400000	5927.20200000	5986.61600000	5901.27600000	5953.56600000	5954.19400000	6014.66600000	5923.39600000	5988.34400000	5941.88600000	6002.38800000	5903.69632000	5962.39304000
2864723618.09045219	5857.87200000	5912.50200000	5827.08600000	5876.29800000	5880.18600000	5939.57200000	5857.28800000	5916.77400000	5816.12400000	5869.06800000	5820.06400000	5878.56400000	5859.46600000	5919.44400000	5913.45400000	5970.87200000	5881.95600000	5942.63800000	5918.33000000	5974.81800000	5908.95600000	5972.08800000	5923.33200000	5986.82800000	5901.04000000	5959.62400000	5938.34800000	5999.14600000	5914.52600000	5978.02800000	5896.11800000	5966.09400000	5932.58600000	5997.20400000	5969.83400000	6023.64200000	5927.52400000	5993.87200000	5903.47600000	5969.69800000	5940.42400000	6000.83200000	5922.16400000	5983.99200000	5975.69600000	6038.42200000	5924.35800000	5982.36800000	5973.68400000	6039.25200000	5903.35568000	5963.66560000
2865226130.65326643	5829.40600000	5887.78200000	5837.49600000	5898.77000000	5884.62000000	5947.12000000	5867.97000000	5923.05600000	5843.25400000	5911.15600000	5862.36400000	5920.54400000	5901.04400000	5955.27200000	5874.96600000	5941.75800000	5861.38000000	5920.95600000	5931.06000000	5983.59400000	5886.60400000	5951.86000000	5943.72400000	6005.99600000	5929.88000000	5994.85000000	5921.26000000	5976.36600000	5934.04000000	5989.11000000	5883.86000000	5950.40600000	5934.25200000	5997.50400000	5940.79200000	6001.34200000	5966.78400000	6024.05400000	5866.01000000	5925.04600000	5927.13400000	5988.32200000	5866.18200000	5932.10400000	5965.34600000	6027.54800000	5914.16400000	5978.75200000	5897.63400000	5959.40600000	5898.84904000	5959.70696000
2865728643.21608019	5817.74000000	5870.49800000	5842.81000000	5893.21600000	5832.40800000	5894.00000000	5878.52000000	5938.71400000	5819.99200000	5878.93400000	5860.86200000	5913.38800000	5859.76800000	5919.62600000	5884.41000000	5947.55600000	5886.96200000	5947.91400000	5872.63600000	5933.24800000	5905.63000000	5963.89400000	5912.54000000	5976.11000000	5928.59800000	5987.96600000	5917.28800000	5978.41400000	5898.08400000	5961.01200000	5934.15800000	6002.87200000	5857.85000000	5924.47200000	5887.90200000	5948.28000000	5924.28200000	5988.47400000	5938.30800000	5997.17200000	5911.56400000	5972.51000000	5913.23400000	5967.47000000	5920.02000000	5975.27800000	5903.94200000	5966.38000000	5866.84800000	5923.81400000	5887.05424000	5946.84848000
2866231155.77889442	5794.93400000	5853.50200000	5859.52200000	5906.54400000	5859.91400000	5915.28600000	5842.79600000	5896.77200000	5857.53000000	5918.59000000	5824.87600000	5877.84600000	5854.59400000	5912.38400000	5855.92000000	5909.99800000	5876.66600000	5941.36200000	5862.38400000	5918.85800000	5899.67000000	5960.32400000	5881.10800000	5939.38200000	5887.27600000	5952.56600000	5953.63000000	6017.13400000	5905.59800000	5972.85600000	5908.16200000	5962.85200000	5932.76400000	5996.26400000	5917.82800000	5974.08600000	5953.07800000	6018.51400000	5929.42400000	5987.61800000	5864.94200000	5925.16400000	5934.98000000	5991.36000000	5942.66000000	5998.12800000	5950.34600000	6008.72800000	5936.19800000	5994.50600000	5891.47200000	5950.02496000
2866733668.34170866	5805.26400000	5866.41800000	5858.27600000	5912.35000000	5845.13200000	5896.26000000	5871.27400000	5931.12800000	5846.35200000	5899.22600000	5841.63000000	5891.30800000	5848.46200000	5911.43200000	5892.47400000	5945.86600000	5925.90600000	5983.36000000	5898.24400000	5958.97600000	5904.64800000	5961.82200000	5889.89600000	5959.13800000	5911.45000000	5970.23400000	5919.09400000	5969.93200000	5916.84000000	5976.48000000	5885.32000000	5943.26600000	5882.53200000	5949.06200000	5905.35200000	5972.99400000	5957.17200000	6016.37000000	5917.35600000	5985.79800000	5914.03400000	5975.52000000	5902.78200000	5964.50600000	5882.68800000	5938.68200000	5887.26800000	5950.22800000	5875.51000000	5935.82800000	5887.39824000	5946.64736000
2867236180.90452242	5839.38600000	5897.53000000	5840.18800000	5883.08000000	5871.27200000	5923.43200000	5880.83400000	5930.69000000	5834.14000000	5882.42400000	5832.23600000	5883.07000000	5879.67400000	5934.85200000	5913.88400000	5973.06600000	5886.27400000	5942.83800000	5928.69200000	5982.03800000	5899.92200000	5950.90600000	5896.94000000	5952.38000000	5901.39400000	5959.19600000	5939.07400000	5997.64000000	5911.48000000	5969.49000000	5870.04200000	5925.15200000	5927.17800000	5977.55600000	5933.20000000	5995.12600000	5925.04200000	5982.52400000	5937.47400000	5989.38800000	5890.87200000	5943.43200000	5923.39000000	5978.54400000	5908.89200000	5958.89000000	5927.05400000	5989.02000000	5966.75600000	6014.80600000	5898.61160000	5952.68280000
2867738693.46733665	5805.59800000	5854.68800000	5885.83000000	5930.60000000	5844.00000000	5892.43000000	5837.43400000	5886.42400000	5866.16400000	5917.05600000	5840.98800000	5887.62400000	5891.55200000	5935.64200000	5857.49800000	5906.15600000	5898.29400000	5951.02800000	5900.52000000	5953.08800000	5929.27400000	5984.83000000	5919.64400000	5970.78000000	5920.53600000	5967.40000000	5973.17000000	6032.43600000	5926.57600000	5974.82400000	5927.33000000	5983.53000000	5942.83200000	6001.27600000	5911.23400000	5968.82600000	5967.28800000	6028.80000000	5933.40000000	5983.18800000	5873.02600000	5924.51400000	5935.83400000	5977.28400000	5945.88400000	5999.43800000	5941.33200000	5988.70200000	5934.85000000	5985.77400000	5904.40352000	5955.45352000
2868241206.03015089	5859.05400000	5899.94600000	5862.58600000	5906.28800000	5861.23800000	5902.62800000	5880.18800000	5922.01200000	5846.44400000	5888.80000000	5868.84400000	5910.04400000	5871.94000000	5918.19800000	5925.74800000	5969.39800000	5902.70800000	5945.29200000	5912.10000000	5954.96800000	5869.93800000	5917.94400000	5940.15800000	5989.23600000	5950.65200000	5992.07800000	5928.36800000	5985.13400000	5889.24600000	5936.65800000	5896.09200000	5948.50400000	5929.64800000	5978.48200000	5946.07800000	5997.68400000	5913.58000000	5966.75600000	5953.32800000	6005.71800000	5908.63400000	5950.13000000	5909.80000000	5958.71200000	5958.53600000	6013.02800000	5942.11800000	5988.29200000	5958.33400000	6001.70200000	5907.41440000	5953.90528000
2868743718.59296465	5828.90400000	5859.13600000	5880.29600000	5916.31400000	5871.14000000	5915.06200000	5869.22400000	5892.94000000	5872.72600000	5912.15600000	5839.39000000	5878.54800000	5898.39600000	5933.77200000	5881.68800000	5923.97200000	5889.38200000	5934.24000000	5876.89200000	5923.86600000	5899.45600000	5946.10600000	5883.06000000	5931.33000000	5912.09000000	5953.49800000	5952.73800000	5994.63000000	5937.18600000	5983.43400000	5911.67400000	5950.47400000	5957.67200000	6000.47800000	5946.46000000	5982.76400000	5968.09600000	6013.64000000	5921.66600000	5961.86600000	5886.39400000	5925.53200000	5946.76600000	5991.04200000	5955.09800000	6000.45400000	5945.48600000	5986.04200000	5946.66200000	5995.46000000	5907.14168000	5948.27024000
2869246231.15577888	5818.33200000	5849.74800000	5880.70600000	5917.08200000	5860.49000000	5896.58400000	5902.79400000	5936.64200000	5868.59200000	5909.84200000	5867.92400000	5900.14400000	5915.05600000	5952.71600000	5854.58400000	5893.44800000	5917.07000000	5961.00000000	5928.55400000	5961.49400000	5943.03600000	5990.78600000	5908.88000000	5951.86600000	5933.88600000	5968.02400000	5972.59000000	6010.71400000	5900.87400000	5938.69000000	5944.63000000	5978.25200000	5952.66000000	5994.41200000	5948.83400000	5981.87400000	5961.72400000	6000.32600000	5919.36000000	5960.62600000	5870.17400000	5913.28600000	5895.49000000	5930.95600000	5943.84800000	5980.00200000	5908.31800000	5947.03200000	5880.27800000	5917.49800000	5907.94736000	5945.72176000
2869748743.71859312	5882.15200000	5919.37200000	5861.35800000	5902.05800000	5881.89000000	5912.78400000	5889.55800000	5923.81200000	5853.51600000	5889.22800000	5831.69600000	5874.65400000	5879.62200000	5912.22800000	5935.88800000	5972.13200000	5906.22800000	5942.23200000	5935.89600000	5965.86600000	5942.37400000	5978.70200000	5917.56000000	5956.09200000	5932.47000000	5969.14400000	5930.89600000	5970.04400000	5934.61400000	5968.72200000	5927.40000000	5964.69200000	5948.19800000	5991.67200000	5974.30400000	6014.70400000	5948.80600000	5986.70000000	5941.53800000	5981.94400000	5943.97600000	5985.20200000	5912.07600000	5958.26000000	5982.92200000	6022.94600000	5895.89000000	5929.14400000	5937.48200000	5977.67600000	5917.13240000	5954.80040000
2870251256.28140688	5820.21800000	5857.80400000	5866.88800000	5912.02400000	5905.39000000	5941.12600000	5882.57200000	5928.63600000	5869.22200000	5906.54000000	5883.65400000	5925.65600000	5923.19600000	5969.16600000	5894.73000000	5931.01000000	5869.39200000	5913.50600000	5944.59400000	5988.78200000	5874.77600000	5919.01200000	5977.59600000	6019.18200000	5956.15400000	5989.72800000	5960.95400000	6006.40600000	5945.01600000	5980.13200000	5895.32200000	5933.34600000	5950.93600000	5993.76600000	5987.71200000	6025.95400000	5982.60400000	6022.12600000	5907.96600000	5948.99000000	5920.88400000	5956.11000000	5910.26400000	5952.00400000	5972.44200000	6016.08200000	5960.29600000	5995.47400000	5944.76600000	5982.81800000	5920.30176000	5960.61520000
2870753768.84422112	5855.97400000	5887.40400000	5840.62800000	5875.63400000	5872.78600000	5918.28400000	5885.59200000	5927.15400000	5838.00000000	5883.36600000	5863.33400000	5904.62800000	5864.36800000	5909.08000000	5931.72000000	5983.91400000	5888.94200000	5930.41000000	5934.90000000	5977.85800000	5888.33800000	5934.79800000	5982.34800000	6029.83400000	5945.72000000	5989.58600000	5946.83400000	5995.89600000	5918.64800000	5965.92400000	5888.99200000	5928.95200000	5947.33600000	5992.70400000	5974.43600000	6015.40800000	5920.03400000	5962.24800000	5935.00200000	5975.23200000	5924.53200000	5971.58600000	5921.80000000	5964.39400000	5967.31800000	6008.58600000	5931.27200000	5970.87200000	5944.93200000	5984.04200000	5912.55144000	5955.51176000
2871256281.40703535	5820.31800000	5865.13000000	5862.04800000	5914.76200000	5883.48600000	5926.95400000	5875.31800000	5927.85200000	5873.06200000	5923.96800000	5817.51000000	5864.28400000	5880.98000000	5933.01600000	5902.97000000	5955.39800000	5924.39000000	5975.77400000	5883.84000000	5931.48800000	5912.03400000	5965.65000000	5887.92000000	5941.71800000	5888.12800000	5938.82800000	5952.23800000	6007.39400000	5924.29400000	5973.10000000	5899.98000000	5952.42000000	5915.94000000	5969.41600000	5901.93200000	5951.36800000	5922.76400000	5972.92600000	5923.93600000	5972.67000000	5869.44200000	5921.01200000	5912.66600000	5961.79400000	5963.58800000	6014.78000000	5925.95600000	5974.33800000	5948.66000000	5996.92400000	5898.93600000	5949.31856000
2871758793.96984911	5839.54200000	5888.43600000	5849.43400000	5896.36400000	5854.23800000	5896.83000000	5847.43200000	5897.75400000	5843.20800000	5898.43000000	5855.64200000	5905.93600000	5894.77400000	5955.19200000	5905.66800000	5956.02200000	5854.65600000	5905.92000000	5934.30400000	5988.83200000	5915.76600000	5971.45800000	5918.86000000	5976.67600000	5906.83600000	5965.45600000	5943.27200000	6001.53200000	5912.70600000	5964.93600000	5850.59600000	5914.12600000	5886.73200000	5947.17000000	5918.64800000	5976.37800000	5907.56800000	5972.43000000	5920.65400000	5973.64400000	5929.51000000	5979.48400000	5943.87400000	6007.27000000	5945.92000000	5994.25800000	5960.98800000	6017.04800000	5933.08800000	5990.42400000	5898.95664000	5953.68024000
2872261306.53266335	5786.64000000	5841.68200000	5861.39600000	5915.55400000	5858.40800000	5911.67600000	5846.73200000	5901.92200000	5853.25200000	5910.57000000	5806.97200000	5859.53400000	5887.78200000	5950.87400000	5841.55000000	5899.21400000	5869.58800000	5925.78800000	5895.14200000	5952.33000000	5868.77000000	5927.93800000	5872.39000000	5928.34400000	5913.36400000	5970.10800000	5968.33800000	6022.58600000	5928.63800000	5985.80600000	5894.70400000	5954.15400000	5898.99600000	5952.86000000	5889.98400000	5951.78200000	5959.01000000	6005.71200000	5869.12000000	5928.31200000	5882.88600000	5937.43200000	5912.46600000	5966.22400000	5932.39000000	5991.47400000	5950.79200000	6008.22800000	5913.59000000	5974.50800000	5886.51600000	5942.98448000
2872763819.09547758	5814.85800000	5876.88600000	5841.60800000	5897.33200000	5835.20600000	5897.08400000	5876.47600000	5930.15800000	5821.95600000	5886.97400000	5851.82600000	5912.28200000	5853.33400000	5911.13600000	5870.16000000	5934.85800000	5882.33400000	5947.02600000	5878.98600000	5939.95600000	5899.62400000	5962.06600000	5899.43000000	5965.29600000	5912.84000000	5971.10600000	5922.90200000	5987.31600000	5918.87600000	5981.19800000	5913.19400000	5977.70200000	5852.35000000	5913.25200000	5912.03400000	5974.71000000	5924.23000000	5986.10200000	5912.64400000	5981.39800000	5930.43000000	5989.92400000	5887.38800000	5950.53200000	5915.47800000	5979.42600000	5893.88000000	5951.46600000	5888.35800000	5948.07400000	5884.41608000	5946.13040000
2873266331.65829134	5790.10200000	5845.18200000	5861.76600000	5917.98200000	5828.21400000	5886.26400000	5843.80600000	5901.52600000	5852.90400000	5913.10400000	5808.99400000	5874.94600000	5880.11000000	5931.64000000	5878.99400000	5941.91800000	5890.88200000	5942.68200000	5878.90400000	5950.31200000	5902.82800000	5966.70200000	5904.35600000	5959.17200000	5896.81400000	5956.82200000	5958.89200000	6025.17400000	5917.42000000	5985.91600000	5947.55800000	6001.20400000	5914.25800000	5977.67200000	5864.26800000	5925.78000000	5948.38600000	6008.83200000	5931.27200000	5998.27000000	5902.85800000	5965.31200000	5913.88000000	5974.81600000	5899.20400000	5959.78000000	5918.22400000	5976.90200000	5964.21400000	6023.49000000	5891.96432000	5952.45600000
2873768844.22110558	5831.66400000	5888.24400000	5831.89600000	5890.36600000	5861.61600000	5920.71000000	5887.14600000	5946.11600000	5837.52800000	5900.53000000	5828.87800000	5882.39200000	5872.66600000	5931.62000000	5908.83600000	5966.94000000	5856.92800000	5913.16600000	5919.77000000	5982.46200000	5918.87600000	5982.14400000	5899.23800000	5965.36400000	5902.04000000	5967.06200000	5922.03600000	5986.82800000	5895.08000000	5959.81400000	5890.14000000	5954.62400000	5924.02000000	5985.21200000	5921.21800000	5982.50600000	5919.85600000	5986.43200000	5948.17200000	6009.31200000	5906.46800000	5970.99200000	5894.80600000	5954.49400000	5935.35400000	6008.25200000	5943.32600000	6003.84600000	5951.87400000	6019.55000000	5896.37728000	5958.35912000
2874271356.78391981	5821.30600000	5876.23400000	5870.52400000	5920.21800000	5839.99000000	5891.75800000	5870.49600000	5931.53400000	5851.57000000	5907.26600000	5840.00800000	5897.55000000	5837.88400000	5891.84400000	5876.44800000	5939.79400000	5902.99200000	5969.64000000	5909.16800000	5970.75200000	5914.48400000	5990.45200000	5901.20800000	5963.47200000	5914.74200000	5973.58400000	5880.69800000	5952.82200000	5912.70600000	5975.61800000	5898.61200000	5961.10000000	5883.11000000	5948.54000000	5891.18800000	5964.15600000	5953.54800000	6020.50800000	5935.27200000	5992.48000000	5883.49800000	5951.23400000	5913.60800000	5976.07000000	5871.38000000	5932.28600000	5893.60600000	5943.20200000	5886.95600000	5938.35200000	5886.20008000	5947.21864000
2874773869.34673357	5816.00200000	5873.45600000	5835.60800000	5892.03000000	5840.61400000	5898.58800000	5834.96600000	5891.06000000	5831.00000000	5887.88600000	5834.00800000	5887.23200000	5866.32000000	5926.15200000	5864.80400000	5928.91800000	5898.81200000	5956.27400000	5883.95800000	5943.78400000	5915.26800000	5980.49000000	5891.10000000	5950.91800000	5906.89800000	5963.97800000	5928.81600000	5993.59800000	5888.37000000	5948.68600000	5940.43200000	6001.12400000	5888.91600000	5949.92600000	5896.26600000	5954.75800000	5927.90800000	5993.15200000	5903.79000000	5957.71800000	5883.04000000	5946.87600000	5930.19000000	5991.46000000	5920.53000000	5982.60200000	5932.95400000	5992.44600000	5907.34000000	5959.03000000	5886.71640000	5946.08568000
2875276381.90954781	5789.54200000	5845.49600000	5867.55400000	5923.11800000	5862.86200000	5915.62200000	5848.95000000	5905.98400000	5841.90800000	5895.01600000	5815.16400000	5874.01800000	5861.99200000	5919.56400000	5864.26600000	5925.46600000	5902.76800000	5961.25600000	5862.28200000	5926.85000000	5883.51000000	5946.41200000	5888.17800000	5951.85800000	5893.23600000	5957.19400000	5964.37000000	6023.68400000	5915.87200000	5976.23800000	5896.55400000	5960.51400000	5923.12800000	5981.43400000	5894.12000000	5953.65800000	5928.58000000	5991.80400000	5902.10400000	5959.34400000	5873.43200000	5933.26000000	5927.22200000	5990.43800000	5918.93600000	5981.14600000	5950.02800000	6002.12400000	5943.18200000	6002.69800000	5888.78960000	5948.16784000
2875778894.47236204	5790.63600000	5840.22400000	5851.74800000	5907.33600000	5892.70000000	5938.66600000	5874.00400000	5928.76000000	5857.11400000	5913.01600000	5814.87600000	5869.88200000	5892.64200000	5940.66200000	5852.31600000	5912.99000000	5882.39400000	5934.67800000	5899.34200000	5957.56400000	5896.60000000	5963.13400000	5901.78800000	5955.78000000	5903.50600000	5965.40000000	5953.94200000	6004.68400000	5908.37400000	5968.63400000	5892.64000000	5948.00600000	5906.99400000	5959.15000000	5934.25600000	6001.08600000	5944.13200000	6004.39000000	5915.63800000	5972.51000000	5888.72000000	5939.78600000	5940.10400000	5996.54800000	5870.01600000	5920.21600000	5925.38600000	5982.79200000	5963.41600000	6020.29400000	5894.13136000	5949.84752000
2876281407.03517580	5785.76000000	5838.85200000	5864.83600000	5911.31800000	5834.39800000	5884.77600000	5843.10600000	5900.77000000	5855.44200000	5907.60000000	5833.82400000	5887.73800000	5879.52400000	5931.61800000	5885.24000000	5932.33400000	5882.34200000	5933.26000000	5879.31400000	5936.82600000	5915.98200000	5973.59200000	5893.61200000	5948.57600000	5907.48400000	5959.55000000	5958.78200000	6016.94600000	5911.39600000	5972.65000000	5929.30800000	5989.87600000	5929.26800000	5990.28200000	5894.16000000	5943.34200000	5932.34200000	5989.22600000	5908.24600000	5959.11000000	5870.06400000	5927.33600000	5971.58800000	6019.44600000	5915.00400000	5970.69600000	5927.77000000	5986.29200000	5952.51200000	6004.55600000	5894.45216000	5948.66272000
2876783919.59799004	5817.94000000	5869.52400000	5868.50000000	5919.23600000	5868.30600000	5919.79600000	5859.83600000	5915.52600000	5863.30800000	5923.94800000	5823.46000000	5879.08000000	5885.80200000	5936.08000000	5885.04600000	5939.29200000	5900.73600000	5950.26400000	5873.73400000	5921.35200000	5908.24000000	5964.16400000	5872.51000000	5938.25800000	5902.02000000	5954.30800000	5926.48400000	5975.53600000	5939.11000000	5994.17600000	5916.89000000	5973.33200000	5941.26800000	5996.39200000	5915.40600000	5970.36000000	5964.52800000	6018.84800000	5939.33600000	5995.70000000	5863.84800000	5923.85800000	5905.34800000	5954.23600000	5958.40400000	6008.64200000	5934.05000000	5988.38400000	5957.79600000	6013.51000000	5899.67624000	5953.75208000
2877286432.16080379	5848.59000000	5894.31800000	5862.07000000	5917.40200000	5895.33800000	5945.51400000	5879.34200000	5930.73600000	5855.43400000	5905.57800000	5848.01200000	5899.11200000	5904.00000000	5954.38000000	5920.63000000	5968.26600000	5870.55200000	5925.20000000	5936.01400000	5989.03200000	5910.62800000	5964.08800000	5937.62200000	5996.57000000	5917.85000000	5972.51200000	5940.89200000	5987.87000000	5910.82600000	5969.36200000	5896.62000000	5948.82800000	5942.74400000	5995.45000000	5922.86800000	5981.25800000	5942.56800000	5996.35000000	5893.58600000	5941.18600000	5917.05200000	5967.46000000	5900.62000000	5950.38200000	5939.67600000	5990.89200000	5945.07000000	5991.21800000	5917.96800000	5971.46800000	5906.26288000	5958.17728000
2877788944.72361803	5808.71200000	5848.71000000	5869.04600000	5913.41600000	5874.30000000	5923.02800000	5844.24400000	5886.55600000	5872.28600000	5920.71800000	5798.67800000	5843.31600000	5893.73000000	5940.37000000	5858.81200000	5907.59600000	5882.79200000	5931.55800000	5924.68600000	5975.24000000	5903.17800000	5951.43200000	5898.21000000	5950.27200000	5928.31200000	5982.81800000	5965.10400000	6009.22800000	5969.46800000	6022.19800000	5912.47600000	5960.89800000	5887.85000000	5933.72400000	5917.94000000	5965.96000000	5981.93200000	6039.69600000	5894.17800000	5940.97400000	5902.69600000	5948.60800000	5897.28000000	5946.82200000	5947.42000000	5997.89800000	5916.69800000	5970.37400000	5955.26200000	6003.42600000	5900.21160000	5948.59344000
2878291457.28643227	5846.60600000	5884.38800000	5835.51400000	5886.20400000	5879.12600000	5918.07600000	5857.74000000	5899.22000000	5851.22400000	5902.01400000	5863.60400000	5912.94600000	5889.02000000	5936.14800000	5911.51600000	5961.16000000	5861.15200000	5905.22000000	5933.98400000	5982.12000000	5893.09800000	5941.97600000	5945.42200000	5990.69400000	5925.87000000	5979.40000000	5960.64000000	6005.24800000	5921.51600000	5970.51400000	5852.00800000	5904.53800000	5920.73800000	5964.33200000	5975.62600000	6016.66000000	5905.79200000	5949.48200000	5937.70200000	5987.16200000	5921.49800000	5970.92800000	5948.91800000	5993.31600000	5943.13800000	5991.81600000	5941.51200000	5990.14000000	5929.55000000	5978.70600000	5906.10056000	5952.89632000
2878793969.84924603	5819.99400000	5859.07800000	5867.16400000	5902.06800000	5854.54200000	5899.98200000	5899.31200000	5944.27400000	5846.51800000	5883.36600000	5880.63800000	5929.22400000	5879.55400000	5924.46600000	5871.23000000	5911.41000000	5914.21000000	5960.06200000	5879.07000000	5929.27200000	5927.13600000	5974.05000000	5920.61000000	5976.51200000	5898.38200000	5949.88200000	5965.00600000	6009.67200000	5946.60200000	5993.37400000	5973.33600000	6014.86000000	5929.76400000	5980.38000000	5884.25000000	5924.58000000	5951.19000000	5997.71800000	5904.28000000	5950.68000000	5905.78600000	5947.52600000	5928.04600000	5973.63000000	5946.17000000	5985.89000000	5900.75600000	5939.02200000	5926.95400000	5972.75600000	5904.82000000	5949.34936000
2879296482.41206026	5824.14400000	5867.29000000	5865.78200000	5903.87200000	5857.08200000	5898.02000000	5876.99200000	5920.63600000	5861.38200000	5898.92200000	5847.94600000	5895.34400000	5878.89400000	5914.53800000	5886.57600000	5926.35000000	5948.93200000	5993.01000000	5890.85400000	5936.09200000	5902.47800000	5945.09200000	5946.48800000	5985.00800000	5936.50400000	5981.95800000	5919.69800000	5959.99600000	5928.23200000	5972.53800000	5969.29400000	6018.80400000	5921.11600000	5962.30200000	5938.34600000	5986.48600000	5952.06600000	5993.17200000	5896.85600000	5942.37600000	5896.33200000	5939.47400000	5923.81800000	5977.36800000	5922.97000000	5969.14200000	5947.12200000	5988.80800000	5943.72400000	5985.16000000	5907.34512000	5950.47032000
2879798994.97487450	5824.77000000	5862.75600000	5888.05200000	5923.06800000	5862.39800000	5896.36400000	5869.89400000	5908.93000000	5854.43000000	5896.88800000	5842.76600000	5880.18800000	5884.19200000	5920.44000000	5891.82200000	5933.20000000	5942.01400000	5984.59600000	5918.44800000	5953.65400000	5934.22200000	5977.05400000	5942.21800000	5978.83800000	5930.04800000	5970.44000000	6001.19600000	6043.80600000	5950.85200000	5991.39400000	5947.86000000	5989.02200000	5935.69200000	5981.27600000	5918.62200000	5960.01000000	5974.54400000	6012.08000000	5934.90000000	5981.97400000	5902.26400000	5942.46400000	5943.32400000	5986.47000000	5980.49200000	6020.28600000	5927.70600000	5960.18200000	5998.32000000	6043.35000000	5920.04184000	5959.94920000
2880301507.53768826	5830.47200000	5854.84800000	5870.54400000	5905.41600000	5838.54800000	5877.29400000	5883.20200000	5911.25600000	5867.99400000	5906.96400000	5870.00800000	5904.74400000	5867.62600000	5904.89000000	5893.88400000	5931.32200000	5909.53600000	5952.35600000	5900.48200000	5936.02200000	5928.00800000	5960.88200000	5944.48000000	5986.11600000	5935.73000000	5973.61000000	5955.80400000	5998.98400000	5916.44000000	5953.16800000	5960.21000000	5997.56400000	5921.24600000	5957.45800000	5908.87400000	5946.62600000	5945.68400000	5982.46200000	5936.85400000	5968.98600000	5920.10800000	5951.12800000	5948.17200000	5980.39800000	5961.00200000	5991.07200000	5967.60000000	6002.17200000	5926.30000000	5954.51800000	5912.35232000	5947.61024000
2880804020.10050249	5824.70600000	5849.66400000	5861.25400000	5893.35200000	5837.55200000	5870.67400000	5878.55000000	5907.98600000	5866.48000000	5900.05400000	5864.11800000	5892.30200000	5852.05400000	5886.77400000	5868.34200000	5900.68600000	5911.01600000	5942.11000000	5900.92800000	5938.16600000	5947.01400000	5981.88800000	5956.29600000	5984.89200000	5907.59400000	5944.11200000	5943.48000000	5971.43200000	5917.28600000	5955.27400000	5961.47400000	5992.74600000	5937.52000000	5982.30800000	5942.37400000	5978.85200000	5951.14400000	5976.04800000	5921.84000000	5958.65200000	5917.30600000	5944.14200000	5939.39000000	5977.84200000	5937.93800000	5973.46600000	5960.25800000	5992.07800000	5956.49400000	5999.39400000	5910.49632000	5943.79576000
2881306532.66331673	5842.25400000	5876.30000000	5877.88800000	5902.47400000	5912.06400000	5941.54000000	5887.52600000	5919.06000000	5885.87200000	5913.04800000	5880.66800000	5909.86600000	5935.89800000	5962.12400000	5890.36800000	5924.70000000	5879.24200000	5912.79000000	5965.44600000	5990.05800000	5892.50200000	5923.06200000	5983.67000000	6015.02800000	5963.04200000	5999.60800000	5935.53200000	5963.85400000	5952.75400000	5981.95200000	5923.41600000	5957.76200000	5974.32400000	6009.93000000	5971.87000000	6006.40000000	5996.60800000	6028.87200000	5917.13400000	5947.91000000	5915.14800000	5956.36200000	5897.32000000	5929.09800000	5999.76200000	6029.67200000	5947.07600000	5985.22800000	5932.70400000	5968.10200000	5926.40352000	5958.19200000
2881809045.22613049	5830.08800000	5855.69000000	5866.91400000	5894.54000000	5876.65200000	5901.03600000	5911.94600000	5932.14000000	5867.09600000	5891.29400000	5868.13400000	5895.14600000	5878.74800000	5913.44600000	5913.40000000	5938.05000000	5924.46000000	5950.90200000	5885.73600000	5911.19400000	5929.65200000	5959.57800000	5923.95800000	5954.42600000	5916.19200000	5948.49400000	5987.14000000	6013.83400000	5951.72800000	5987.63200000	5946.57000000	5975.51600000	5915.14600000	5939.40800000	5895.09200000	5930.13600000	5973.10800000	6000.60400000	5947.51000000	5984.08400000	5943.92400000	5964.64000000	5945.88400000	5970.73800000	5963.59800000	5988.51800000	5941.71600000	5978.37800000	5928.17000000	5959.96400000	5917.30248000	5945.57552000
2882311557.78894472	5856.06400000	5884.09000000	5875.83000000	5903.19200000	5877.26000000	5899.40600000	5894.54600000	5920.80800000	5884.51400000	5912.47200000	5857.61600000	5887.57600000	5868.65000000	5898.24200000	5904.88600000	5930.25400000	5956.39000000	5980.41200000	5915.60600000	5941.03000000	5949.85400000	5980.60000000	5925.43400000	5955.23200000	5902.93800000	5931.63800000	5946.59800000	5984.11600000	5964.86000000	5999.67200000	5949.14600000	5981.60400000	5930.54200000	5966.59000000	5935.11600000	5958.99600000	6012.03600000	6042.63600000	5937.68000000	5972.32200000	5926.31600000	5958.57000000	5942.79600000	5965.19600000	5939.14800000	5970.28000000	5987.65400000	6016.48800000	5915.09200000	5948.82400000	5922.26288000	5951.60984000
2882814070.35175896	5828.43800000	5853.22400000	5874.01200000	5895.70800000	5867.01600000	5889.58000000	5904.73200000	5924.56200000	5855.50400000	5876.83000000	5884.44200000	5909.67600000	5911.49600000	5935.24400000	5896.97600000	5919.09800000	5964.97800000	5985.74800000	5887.34400000	5914.64200000	5948.83200000	5973.03000000	5947.20000000	5972.44400000	5925.25200000	5947.66000000	5973.79600000	5992.98400000	5951.07400000	5975.19200000	5961.44600000	5981.00600000	5932.90000000	5953.80000000	5916.78600000	5942.46000000	5958.99200000	5987.05200000	5955.21200000	5974.36600000	5927.57000000	5952.38000000	5967.36600000	5994.32400000	5937.43800000	5960.67000000	5964.64800000	5996.87000000	5928.09800000	5955.41800000	5922.86192000	5946.55872000
2883316582.91457272	5811.39800000	5829.27400000	5875.42200000	5899.20200000	5910.77800000	5927.77800000	5906.76000000	5927.51200000	5904.91400000	5923.98600000	5848.80800000	5865.44400000	5932.92000000	5952.73800000	5926.30800000	5942.40800000	5951.16400000	5976.10200000	5889.58200000	5908.90400000	5907.12400000	5932.34600000	5920.84800000	5943.08200000	5951.43600000	5974.42400000	5966.06600000	5991.64400000	5961.83000000	5986.57200000	5939.87000000	5961.60200000	5914.26200000	5935.36000000	5959.99800000	5983.98600000	5983.20800000	6008.62000000	5915.20800000	5931.82600000	5942.92400000	5964.51200000	5944.70800000	5980.53600000	5948.94000000	5973.97600000	5950.79400000	5972.37000000	5962.19400000	5980.04600000	5925.09856000	5946.97000000
2883819095.47738695	5819.94000000	5842.30400000	5879.53200000	5894.64400000	5871.40800000	5897.21600000	5917.07800000	5929.89400000	5859.16000000	5883.82400000	5908.69400000	5929.38600000	5908.85200000	5928.13400000	5878.35000000	5895.14000000	5922.05800000	5938.75200000	5902.37800000	5923.96800000	5959.97800000	5978.55000000	5960.60800000	5980.42200000	5911.55600000	5940.79200000	5985.97200000	6005.47200000	5958.13200000	5984.19000000	5959.83800000	5986.32400000	5969.27800000	5983.74200000	5931.96000000	5951.88400000	5972.93400000	5988.68200000	5922.49200000	5943.85400000	5912.70600000	5935.13400000	5975.55600000	5994.53800000	5958.22400000	5979.94200000	5945.50000000	5967.37200000	5938.50200000	5958.71000000	5925.22744000	5945.71480000
2884321608.04020119	5895.04400000	5910.31800000	5878.75000000	5895.37600000	5907.31600000	5919.36800000	5901.27800000	5921.28200000	5854.71000000	5872.02000000	5867.52400000	5891.11000000	5882.23400000	5898.87600000	5934.30400000	5952.86600000	5922.73400000	5945.95800000	5949.87200000	5961.51200000	5944.46200000	5955.11200000	5943.82000000	5965.22600000	5953.95200000	5968.99800000	5970.04600000	5990.75000000	5933.54200000	5954.69000000	5940.63800000	5955.19400000	5986.44000000	5999.86200000	5999.95600000	6019.12600000	5946.12000000	5969.17400000	5965.82400000	5980.86000000	5957.61200000	5976.27200000	5970.13000000	5985.00600000	6036.31600000	6057.21600000	5987.31600000	6003.38400000	6008.98200000	6032.58000000	5941.55688000	5959.28544000
2884824120.60301495	5887.13600000	5914.20200000	5863.92400000	5881.05800000	5930.87400000	5950.95400000	5893.22800000	5906.00200000	5853.06600000	5873.42400000	5882.87200000	5896.15000000	5888.83200000	5908.64200000	5965.12200000	5978.04800000	5932.09800000	5941.68800000	5952.20200000	5969.34400000	5954.52000000	5972.51400000	5958.66200000	5983.59600000	5985.78200000	5999.07200000	5949.42600000	5963.70000000	5965.34000000	5976.56000000	5928.24600000	5944.44000000	5966.55000000	5982.98200000	6001.80800000	6022.03400000	5938.19800000	5960.58600000	5959.71400000	5973.05400000	5972.40400000	5990.12400000	5983.03600000	5998.04000000	6008.10600000	6026.94400000	5941.97800000	5950.24800000	5975.44200000	6000.03000000	5941.54264000	5958.53744000
2885326633.16582918	5841.06000000	5851.98000000	5892.09800000	5900.58600000	5873.62200000	5891.47600000	5934.86600000	5947.83600000	5856.00200000	5868.95200000	5893.87000000	5902.43800000	5901.00200000	5912.79600000	5924.16000000	5938.09800000	5969.28600000	5988.26200000	5914.55600000	5933.05600000	5951.08000000	5967.78000000	5967.01400000	5983.00200000	5929.66600000	5940.92200000	5986.10200000	6000.05600000	5947.60600000	5965.49200000	5977.11600000	5991.99600000	5928.50800000	5943.53000000	5906.74000000	5921.97800000	6003.25000000	6018.50200000	5982.69400000	5993.18400000	5941.52400000	5953.25600000	5952.99200000	5959.89200000	5988.88000000	6003.53000000	5962.68400000	5974.54400000	5935.64600000	5948.37000000	5934.48096000	5948.06056000
2885829145.72864342	5845.64600000	5851.06600000	5903.93800000	5911.28600000	5926.60000000	5928.49000000	5888.55000000	5904.49600000	5911.98200000	5924.26800000	5857.05600000	5870.10200000	5937.65200000	5944.93600000	5919.46600000	5925.30400000	5943.56800000	5961.16600000	5929.25000000	5944.28800000	5951.50600000	5960.05400000	5900.38800000	5911.70200000	5938.93600000	5951.17000000	5977.60800000	5983.90000000	5985.33800000	5995.34400000	5939.86400000	5953.35600000	5974.09800000	5989.13600000	5966.91000000	5976.81000000	5937.82800000	5952.10600000	5950.66600000	5961.68400000	5894.85600000	5901.67400000	5962.18200000	5982.14000000	5983.34600000	5992.02400000	5984.92000000	5991.78800000	6003.46600000	6017.40400000	5936.62480000	5947.42776000
2886331658.29145718	5887.99600000	5901.39800000	5883.16400000	5895.94600000	5908.45600000	5914.24600000	5896.73200000	5899.66000000	5895.33000000	5909.11000000	5910.49600000	5915.34600000	5927.77800000	5936.37600000	5947.33400000	5962.79800000	5885.32200000	5890.33000000	5947.71000000	5959.71400000	5926.06000000	5937.12000000	5968.69800000	5978.63000000	5962.72800000	5969.09000000	5977.76600000	5995.18200000	5951.18600000	5961.48600000	5919.60800000	5927.73200000	6004.89000000	6013.33000000	5932.37600000	5941.84400000	5964.61600000	5972.98800000	5993.34400000	5997.76200000	5957.51000000	5969.85800000	5975.11000000	5982.19800000	5987.47800000	5999.32200000	5998.72000000	6005.03600000	5968.78000000	5969.27600000	5943.16752000	5952.23112000
2886834170.85427141	5889.55000000	5896.09800000	5884.24200000	5893.80600000	5886.19600000	5896.90000000	5905.31600000	5915.81600000	5875.55000000	5882.16600000	5886.61000000	5900.15800000	5921.90200000	5927.54400000	5935.92600000	5938.67400000	5964.22000000	5976.63200000	5915.20000000	5920.64600000	5957.27600000	5968.02400000	5972.77800000	5984.46200000	5968.42200000	5979.14400000	5968.39600000	5977.12000000	5923.94600000	5939.22400000	5991.68600000	5996.39800000	5949.18600000	5963.02600000	5970.13000000	5973.91200000	5974.42400000	5986.92200000	5994.93600000	6004.84800000	5948.11200000	5957.60200000	5959.56800000	5969.18800000	5964.85000000	5980.36200000	5983.77200000	5983.90600000	5977.23400000	5988.44000000	5942.77712000	5952.04072000
2887336683.41708565	5878.64800000	5885.77800000	5922.39800000	5933.19600000	5877.59000000	5882.44800000	5910.63000000	5917.66200000	5906.93800000	5914.95400000	5891.52000000	5901.35400000	5871.15200000	5885.50800000	5902.97600000	5905.19400000	5967.04400000	5973.82800000	5964.60600000	5978.37400000	5959.62200000	5963.20200000	5944.45800000	5947.53600000	5982.60200000	5986.89000000	5947.86400000	5953.51200000	5937.02600000	5943.40800000	5996.54200000	5998.19200000	5947.83400000	5955.94000000	5939.32600000	5950.07600000	6021.32800000	6030.81200000	5949.34200000	5960.33600000	5921.90200000	5929.34200000	5983.00400000	5989.06000000	5928.04600000	5931.29800000	6018.96800000	6021.92000000	5947.22000000	5955.98200000	5940.74344000	5947.83208000
2887839195.97989941	5846.78000000	5852.84000000	5901.27200000	5903.63000000	5910.67200000	5920.82600000	5914.23000000	5918.28000000	5926.47600000	5934.03800000	5871.66200000	5870.45200000	5931.54000000	5933.99800000	5895.27000000	5898.31400000	5923.35000000	5920.37800000	5932.51000000	5940.55400000	5903.42400000	5907.08200000	5922.13600000	5931.02800000	5951.75200000	5961.82800000	6013.64400000	6015.15800000	5973.70600000	5974.92200000	5941.72200000	5939.85200000	5957.45000000	5960.46800000	5975.57200000	5980.29000000	5983.49600000	5995.59000000	5992.04000000	5990.69400000	5969.53600000	5983.38400000	5949.36000000	5954.99800000	5993.68200000	5998.14600000	5996.33000000	6006.98800000	5984.16400000	5989.18600000	5942.47104000	5947.31696000
2888341708.54271364	5882.90800000	5889.85800000	5910.82000000	5909.67200000	5934.59400000	5938.84600000	5912.78000000	5921.75000000	5896.56400000	5897.78800000	5911.75600000	5918.79400000	5933.65400000	5940.25200000	5940.39200000	5948.76000000	5908.28200000	5908.16600000	5980.89000000	5984.69400000	5941.06200000	5948.67600000	5987.33800000	5993.87400000	5983.66400000	5988.55800000	5977.10200000	5978.89200000	5967.83200000	5969.79600000	5942.73800000	5946.59000000	6005.51800000	6007.33800000	5990.51200000	5999.25600000	5982.36600000	5985.71800000	5945.69600000	5952.74800000	5960.85800000	5963.75800000	5937.75600000	5937.69200000	6002.33000000	6003.70200000	5985.27800000	5990.31800000	5957.10400000	5956.11000000	5951.19176000	5955.26424000
2888844221.10552788	5841.97200000	5843.64800000	5886.58400000	5891.61800000	5891.31400000	5892.43600000	5922.21000000	5930.06400000	5874.08200000	5872.34800000	5916.70000000	5915.48200000	5941.63000000	5946.05200000	5915.06400000	5916.21600000	5961.05200000	5965.02200000	5917.34400000	5921.45600000	5967.14000000	5972.00200000	5980.50000000	5984.32600000	5931.07000000	5939.85400000	5988.25800000	5989.38200000	5973.08000000	5979.86200000	5964.28000000	5968.16600000	5962.18400000	5963.58000000	5939.91200000	5945.62000000	6009.72400000	6007.84600000	5964.36400000	5964.84800000	5939.81000000	5948.01400000	5981.69600000	5980.98600000	5990.79400000	5992.17600000	5954.18000000	5951.55800000	5978.80200000	5982.70800000	5943.74984000	5946.61080000
2889346733.66834164	5888.63600000	5889.20800000	5929.31600000	5931.67600000	5930.64000000	5935.76600000	5925.55400000	5920.89600000	5896.43600000	5896.85800000	5919.63800000	5923.95000000	5966.31200000	5975.39000000	5971.85800000	5972.56600000	5907.36800000	5915.53600000	5961.77800000	5957.28800000	5928.88000000	5930.58000000	5998.42000000	5998.31600000	5953.18000000	5947.33400000	5997.31200000	5997.10400000	5967.75600000	5965.24000000	5911.55800000	5914.28800000	5991.98200000	5992.99800000	5971.29800000	5975.80200000	5962.52200000	5966.14600000	5955.54200000	5955.63200000	5950.81200000	5947.78800000	5986.62400000	5995.47200000	5980.12600000	5982.40000000	6009.01600000	6007.72200000	5966.87200000	5962.18400000	5953.17744000	5954.32560000
2889849246.23115587	5893.79800000	5895.02200000	5911.37800000	5908.25200000	5917.31400000	5929.94800000	5939.87600000	5945.48400000	5902.99600000	5901.62600000	5907.89400000	5911.82400000	5963.05400000	5967.31200000	5982.31800000	5983.86800000	5916.85800000	5918.71800000	6004.42400000	5999.45200000	5934.83400000	5932.24600000	5995.10200000	5993.34000000	5958.42600000	5957.79200000	5996.83200000	6000.65000000	5983.12800000	5984.07600000	5916.34800000	5923.92000000	5980.81800000	5982.08600000	5938.35600000	5940.93000000	5983.46800000	5986.83200000	5973.16000000	5975.55000000	5984.70000000	5989.46200000	6014.37800000	6014.13800000	5992.69800000	5997.82600000	5980.27200000	5978.34000000	5985.92800000	5990.75600000	5958.33432000	5960.37800000
2890351758.79396963	5887.05200000	5888.81800000	5905.20000000	5911.82400000	5936.23800000	5940.84400000	5916.36200000	5919.16200000	5907.25600000	5906.03200000	5902.74400000	5900.02600000	5969.46600000	5972.55600000	5876.19200000	5880.53800000	5909.57800000	5913.35400000	5982.25400000	5988.68800000	5907.53000000	5907.58800000	5949.01800000	5950.95400000	5963.36600000	5965.54200000	6019.57400000	6021.33000000	5967.14400000	5968.30800000	5949.62800000	5954.14400000	5972.60400000	5971.18200000	6014.90200000	6017.61000000	5985.25000000	5992.39000000	5959.35200000	5962.10200000	5966.32200000	5976.36200000	5969.42800000	5968.83600000	6013.52000000	6013.57200000	5977.60000000	5973.99400000	6007.37600000	6008.78400000	5952.59824000	5954.98160000
2890854271.35678387	5833.71600000	5838.20800000	5891.01400000	5888.86600000	5896.38400000	5894.15000000	5940.83800000	5940.65600000	5906.40400000	5907.32000000	5898.02800000	5902.94200000	5952.05800000	5950.11000000	5900.67800000	5900.25200000	5963.62800000	5959.44600000	5953.65800000	5956.97200000	5970.29200000	5966.47200000	5947.90800000	5947.43400000	5960.11000000	5959.62000000	6003.75000000	6000.77400000	5963.32000000	5959.78000000	5960.86800000	5961.33600000	5973.63600000	5973.17600000	5988.66800000	5995.74600000	6013.63800000	6006.36400000	5956.31000000	5954.77000000	5939.27600000	5938.44800000	5944.20800000	5940.80800000	5960.65400000	5956.60400000	5934.93600000	5931.39800000	5935.03600000	5930.92600000	5943.56064000	5942.50312000
2891356783.91959810	5895.39200000	5892.58800000	5897.10400000	5897.88200000	5900.42400000	5899.67600000	5916.17200000	5914.32000000	5904.99400000	5906.78400000	5910.69400000	5907.95200000	5959.17800000	5954.15200000	5956.64600000	5960.19000000	5911.94800000	5911.51800000	5993.91800000	6000.80800000	5963.99000000	5971.79800000	5967.86200000	5971.42600000	5982.26200000	5989.23000000	5991.64400000	5983.21200000	5966.54000000	5969.40600000	5921.32800000	5931.39600000	5950.62000000	5947.01400000	5996.73400000	6005.29000000	5990.41400000	5987.65000000	6000.91200000	5994.48000000	5982.92200000	5985.88400000	5982.93800000	5982.44200000	5984.08400000	5984.01200000	5978.30400000	5985.36000000	5981.29000000	5988.01600000	5955.53256000	5956.89944000
2891859296.48241186	5879.71000000	5879.48800000	5885.36600000	5884.05400000	5944.45200000	5941.05600000	5934.34000000	5941.92000000	5896.23800000	5900.81200000	5897.58000000	5891.37400000	5923.32600000	5929.69400000	5966.69000000	5965.57800000	5891.20000000	5894.38600000	5978.10000000	5977.81000000	5967.22400000	5972.18800000	5958.96200000	5960.54400000	5969.92200000	5975.12600000	6008.00600000	6005.43800000	5970.00600000	5967.73800000	5931.68200000	5925.11400000	5971.28200000	5977.53000000	6027.37600000	6018.37200000	5959.70600000	5959.48000000	5990.76400000	5990.01600000	5969.48600000	5963.08800000	5976.05400000	5983.13200000	5993.43400000	5995.19800000	5980.87000000	5986.99400000	5992.40800000	5983.16400000	5954.56736000	5954.77176000
2892361809.04522610	5858.61000000	5857.46800000	5905.36400000	5901.57400000	5936.36600000	5929.46800000	5911.69400000	5908.66600000	5926.21400000	5917.48800000	5864.26400000	5871.51800000	5933.87800000	5936.20200000	5896.81400000	5895.94000000	5929.99000000	5933.35800000	5944.74800000	5946.82600000	5930.31600000	5926.12200000	5935.27400000	5935.12600000	5955.26400000	5951.49600000	6014.01000000	6014.01800000	5992.25200000	5987.93000000	5954.40600000	5949.30800000	5971.12600000	5967.33400000	5980.70800000	5985.22600000	5980.74800000	5972.79600000	5960.20000000	5959.04600000	5990.71600000	5992.89800000	5952.14600000	5955.63600000	5991.42800000	5996.14000000	6007.43000000	5999.26800000	6005.03400000	6006.23400000	5949.16000000	5947.88344000
2892864321.60804033	5870.05400000	5862.15600000	5923.55600000	5925.48000000	5913.64000000	5907.17200000	5919.69000000	5915.83200000	5900.86000000	5898.49200000	5894.23200000	5892.81400000	5898.23400000	5896.71200000	5917.91200000	5915.95600000	5960.71800000	5955.66200000	5986.00600000	5984.11200000	5972.28600000	5962.59800000	5933.18600000	5936.73800000	5985.77000000	5990.63200000	5955.75800000	5954.96600000	5973.96800000	5974.45600000	5972.34200000	5964.66200000	5933.18800000	5931.83200000	5951.38200000	5951.83600000	6037.09400000	6038.21200000	5958.96600000	5950.88800000	5953.02800000	5953.86000000	5950.68000000	5945.26000000	5930.78200000	5934.38800000	6018.39400000	6010.89000000	5983.71200000	5980.57600000	5947.81752000	5945.44728000
2893366834.17085409	5849.12800000	5855.24600000	5900.87600000	5905.62800000	5889.25400000	5889.31800000	5935.01200000	5931.73000000	5884.64400000	5881.53800000	5930.31000000	5927.83200000	5924.24000000	5927.59200000	5903.77200000	5898.09800000	5963.94000000	5961.35000000	5926.88600000	5924.34200000	5989.47400000	5984.68600000	5978.64000000	5976.15000000	5957.88200000	5959.97600000	6002.75200000	5998.72200000	5967.44600000	5973.56600000	6005.47000000	6002.25200000	5988.07400000	5988.25800000	5951.13600000	5955.98400000	5984.16400000	5985.06400000	5947.42400000	5946.35000000	5928.89000000	5924.55800000	5986.16200000	5984.27800000	6006.95200000	6003.39800000	5956.84200000	5958.98000000	5947.03000000	5954.14000000	5948.25600000	5947.96144000
2893869346.73366833	5832.98000000	5835.92200000	5902.30200000	5906.27400000	5883.20800000	5887.70400000	5914.56400000	5910.80200000	5897.25600000	5900.14600000	5884.91400000	5880.11200000	5940.05600000	5939.78400000	5945.48800000	5939.55400000	5965.13000000	5960.45600000	5929.59600000	5928.77400000	5956.02200000	5954.22800000	5962.00200000	5962.54200000	5968.11800000	5965.92800000	6017.31400000	6017.67600000	5978.81800000	5979.58800000	5973.65600000	5973.76800000	5969.52400000	5963.77200000	5931.43200000	5931.53600000	5971.20000000	5966.58800000	5949.88000000	5950.97000000	5938.59000000	5938.31800000	6010.72200000	6020.55800000	5962.79000000	5969.44200000	5964.65800000	5960.61600000	6036.85800000	6035.26000000	5947.48312000	5947.21272000
2894371859.29648256	5870.34400000	5869.39600000	5911.76000000	5900.89800000	5936.32600000	5933.52200000	5944.05800000	5938.28000000	5929.28400000	5924.95000000	5898.86000000	5903.85800000	5959.91600000	5959.71400000	5939.36400000	5933.39600000	5917.13200000	5919.55600000	5978.24400000	5972.25200000	5941.61000000	5939.90800000	6048.46600000	6044.65800000	5986.00800000	5983.74600000	5991.07000000	5988.14000000	5985.71600000	5981.54400000	5942.62200000	5940.01400000	6007.73000000	6007.24000000	6009.57400000	6010.33000000	6011.97200000	6005.71400000	5976.15000000	5975.02200000	5992.11800000	5990.20600000	5954.20000000	5955.96400000	6011.97800000	6011.83800000	5963.44200000	5960.84400000	5996.95800000	5996.26800000	5964.19608000	5961.89032000
2894874371.85929632	5899.91200000	5888.57200000	5898.45800000	5895.21200000	5948.69000000	5945.81400000	5929.64600000	5922.57000000	5908.62800000	5907.01000000	5878.88600000	5868.99800000	5981.45400000	5980.14200000	5927.85200000	5922.70600000	5923.34400000	5919.15000000	5999.87200000	5998.28400000	5949.05000000	5951.31800000	6000.49400000	5994.04000000	5968.16000000	5954.76600000	6013.57600000	6012.80000000	5979.35800000	5982.03600000	5965.85400000	5960.26400000	5994.87400000	5997.55200000	5970.09800000	5964.90800000	5996.78200000	5999.31800000	5930.85200000	5932.80000000	6000.42600000	5996.56200000	5963.08400000	5964.94200000	6021.73600000	6014.17600000	6019.67000000	6016.41400000	5998.22200000	5986.51600000	5962.75912000	5959.07480000
2895376884.42211056	5863.94800000	5858.55400000	5917.66200000	5914.68200000	5888.10200000	5890.72200000	5952.16600000	5948.00000000	5904.36400000	5909.64200000	5927.70800000	5919.93000000	5933.44400000	5929.91000000	5944.65000000	5938.16800000	5978.57200000	5976.23200000	5931.19600000	5927.66000000	5967.09400000	5968.67200000	5976.97800000	5973.30200000	5967.23400000	5962.45200000	6001.67400000	5998.92400000	5988.12000000	5981.89200000	6016.62600000	6014.99800000	5986.00600000	5980.66000000	5935.55200000	5932.78400000	5989.73600000	5990.48600000	5943.53800000	5943.50600000	5963.64400000	5962.79000000	5953.66200000	5946.54600000	6012.53600000	6008.90800000	5939.51400000	5932.75200000	5930.69600000	5931.26200000	5952.57688000	5949.73736000
2895879396.98492479	5860.02800000	5860.99400000	5906.18200000	5903.55200000	5895.55600000	5901.04400000	5933.87400000	5940.93200000	5890.43200000	5894.11800000	5918.45200000	5912.16800000	5913.51200000	5909.72200000	5922.02200000	5914.75000000	5944.78600000	5941.51000000	5945.28400000	5942.99200000	5958.99600000	5949.64400000	5968.76600000	5959.29800000	5966.46200000	5966.12200000	6008.92400000	6008.37800000	5989.42400000	5984.83400000	5970.74000000	5956.04000000	5939.52200000	5937.08600000	5971.74400000	5972.30000000	5980.29200000	5980.79000000	5983.58000000	5990.47600000	5968.30800000	5962.46600000	5980.66200000	5979.02200000	5974.80200000	5968.97000000	5971.48400000	5972.48400000	5936.51400000	5936.64000000	5948.01392000	5945.85328000
2896381909.54773855	5859.07600000	5851.35200000	5908.01800000	5901.04000000	5927.47800000	5921.46800000	5941.67800000	5935.51600000	5935.25600000	5931.10800000	5899.83000000	5890.58800000	5946.38400000	5940.38800000	5943.37000000	5941.05200000	5966.92400000	5959.24000000	5925.39800000	5921.30000000	5953.22000000	5945.81200000	5966.86200000	5966.64200000	5972.75600000	5975.15800000	6008.34200000	6002.37200000	5950.86800000	5951.35200000	5993.72800000	5978.29400000	5981.97400000	5981.09800000	5966.01400000	5963.74200000	6035.56800000	6035.21800000	5991.01200000	5990.87200000	5965.49200000	5961.27400000	5981.59000000	5973.93000000	6005.85600000	6003.84400000	5967.90800000	5957.90600000	5971.19800000	5971.37200000	5958.63200000	5954.07752000
2896884422.11055279	5852.90600000	5845.78400000	5940.08200000	5929.55800000	5904.63200000	5898.64800000	5896.51800000	5895.80400000	5900.61800000	5892.96000000	5893.65000000	5884.47000000	5943.36000000	5923.33800000	5918.57000000	5913.28400000	5956.18400000	5947.30000000	5964.60000000	5968.46400000	5970.93200000	5964.97200000	5981.69000000	5978.22200000	5950.36400000	5950.47000000	6051.95600000	6042.91200000	6000.88600000	5999.85400000	5980.60800000	5966.83200000	5974.76000000	5967.57400000	5959.39400000	5960.34000000	6002.62600000	6000.08800000	5965.55800000	5959.59000000	5931.30800000	5920.00000000	5992.79600000	5989.10000000	5990.41400000	5983.78400000	5978.01200000	5975.05200000	6029.25600000	6025.65400000	5957.26720000	5951.36216000
2897386934.67336702	5847.04000000	5838.55400000	5904.67800000	5899.13000000	5889.48600000	5884.11600000	5918.53200000	5917.91800000	5917.89000000	5915.24000000	5903.45600000	5900.74200000	5926.88800000	5914.95800000	5922.32000000	5918.99400000	5977.79000000	5979.44600000	5940.13600000	5936.69600000	5972.62800000	5973.29000000	5993.11000000	5985.96400000	6001.19600000	5992.73200000	5979.42800000	5978.70400000	5934.38600000	5932.25400000	5974.06000000	5974.52400000	5936.05800000	5932.15600000	6001.97000000	5995.91000000	6017.75000000	6017.65400000	5931.59800000	5932.65000000	5969.15400000	5968.05400000	5993.97400000	5997.31200000	5975.71400000	5971.29000000	6001.34000000	6002.83000000	5982.07000000	5983.94800000	5952.50608000	5949.80264000
2897889447.23618078	5831.86000000	5823.91400000	5919.54600000	5910.67400000	5943.99400000	5940.47800000	5928.06000000	5924.77200000	5929.20000000	5922.99400000	5877.59200000	5873.45200000	5953.15800000	5948.41000000	5898.74600000	5896.27000000	5932.26000000	5928.37400000	5945.61600000	5934.89400000	5939.93200000	5936.49800000	5944.13600000	5937.05000000	5965.01800000	5967.26400000	6029.73000000	6019.94000000	5968.84800000	5965.19400000	5957.59400000	5957.84400000	5947.46400000	5942.54000000	6020.90200000	6015.54000000	6004.02400000	5999.32000000	5971.40800000	5964.23600000	5938.89800000	5941.09600000	6013.15400000	6012.79200000	5941.38800000	5936.18600000	5994.52200000	5993.12000000	5988.82600000	5988.74200000	5951.43504000	5947.26376000
2898391959.79899502	5843.74200000	5838.64200000	5930.77000000	5921.56600000	5901.73200000	5891.68000000	5952.38800000	5946.69400000	5911.86600000	5906.59800000	5911.72000000	5904.29000000	5937.12800000	5930.59200000	5947.88200000	5940.85600000	5995.30400000	5993.37200000	5948.94200000	5947.09400000	5980.83200000	5975.24800000	5984.61200000	5978.49200000	5954.21200000	5946.48000000	6015.30000000	6007.65200000	5983.68000000	5987.63400000	5954.10400000	5952.68800000	5976.26200000	5975.10600000	5979.50800000	5975.90400000	6037.18200000	6035.43600000	5948.25000000	5941.11200000	5976.14400000	5965.96200000	5946.82400000	5945.92600000	5969.56200000	5962.99600000	5953.40200000	5944.75200000	5921.30200000	5911.87600000	5954.50600000	5949.14592000
2898894472.36180925	5861.13800000	5860.64000000	5914.10200000	5908.17000000	5927.01400000	5922.82000000	5928.32200000	5918.33400000	5930.91600000	5930.15600000	5870.07200000	5860.62000000	5934.73800000	5927.94400000	5922.23200000	5913.58000000	5941.53000000	5937.43400000	5970.88800000	5962.44200000	5926.71000000	5918.82400000	5934.75200000	5937.55400000	5951.50600000	5943.51600000	5992.95800000	5986.21000000	5963.13600000	5955.67800000	5972.65600000	5963.96200000	6010.54400000	6000.58600000	5960.76200000	5952.69600000	6022.91600000	6016.30000000	5998.20200000	5993.52200000	5973.44800000	5963.08000000	5970.08000000	5970.97200000	6039.96600000	6026.43800000	6014.25800000	6007.14600000	6024.88800000	6024.18400000	5958.30936000	5952.11232000
2899396984.92462301	5896.46200000	5892.33200000	5905.02600000	5907.37200000	5945.07600000	5939.35600000	5926.17000000	5923.31000000	5911.18600000	5906.69200000	5892.22600000	5890.66000000	5974.39600000	5971.31800000	5910.85800000	5902.59600000	5919.28600000	5917.91400000	5995.66800000	5988.17000000	5926.77800000	5920.68600000	5957.12400000	5950.43400000	5979.18600000	5973.50200000	6029.31800000	6016.98800000	5993.54400000	5988.82000000	5970.00800000	5962.56600000	5970.78800000	5974.48000000	6002.55000000	5997.91800000	6005.59200000	6005.00400000	5965.48400000	5953.99200000	5997.33200000	5993.59600000	5958.37400000	5958.36400000	6037.17400000	6023.42600000	5948.53200000	5939.32200000	6015.34200000	6006.30400000	5961.33920000	5956.20488000
2899899497.48743725	5862.09600000	5852.62000000	5923.17000000	5920.38200000	5890.06000000	5889.27600000	5909.17600000	5898.25800000	5912.10600000	5907.13000000	5879.66000000	5875.02200000	5925.40400000	5930.47000000	5946.10600000	5951.56000000	5954.11400000	5943.88600000	5949.44600000	5934.02200000	5982.55200000	5977.14200000	5963.34000000	5954.44000000	5977.57000000	5972.43800000	6010.38600000	6010.97000000	5950.50200000	5953.39600000	6001.32400000	5995.08000000	5994.43200000	5992.31800000	5932.96800000	5923.31400000	6009.63800000	6006.91000000	5991.53000000	5983.08000000	5942.41000000	5943.69800000	5999.30600000	6000.22400000	5985.75600000	5984.75600000	5996.82400000	5994.03400000	6018.40000000	6018.72600000	5956.33104000	5952.52608000
2900402010.05025148	5872.89800000	5865.14000000	5905.77000000	5905.51000000	5931.60600000	5927.67200000	5914.04000000	5913.77600000	5915.71800000	5908.55000000	5884.27000000	5875.59400000	5942.29200000	5930.42200000	5938.42000000	5937.77200000	5939.24800000	5937.94600000	5933.82400000	5922.18800000	5957.37600000	5952.30000000	5943.13400000	5939.32400000	5948.46400000	5941.99200000	6010.24400000	6005.19800000	5993.20200000	5983.78200000	5974.87200000	5973.78600000	5984.27200000	5979.57200000	5975.54200000	5967.52200000	6005.25400000	5997.99200000	5967.03400000	5956.87200000	5940.34600000	5927.85200000	5982.48800000	5988.56800000	5984.37000000	5977.99200000	5995.03000000	5989.86400000	6019.71600000	6001.46800000	5954.37720000	5948.34616000
2900904522.61306524	5876.68400000	5870.37800000	5907.24800000	5894.46000000	5939.23800000	5931.41800000	5928.36400000	5926.89200000	5925.22600000	5925.10800000	5890.88400000	5892.71000000	5966.69000000	5960.75600000	5929.59800000	5929.41800000	5908.13400000	5901.18800000	5976.74200000	5964.52200000	5954.27400000	5951.03400000	6027.03400000	6019.94600000	5964.55600000	5954.12800000	6021.46200000	6010.55800000	5961.67000000	5959.81200000	5943.89200000	5939.35800000	6038.28800000	6031.45200000	5988.96400000	5981.50600000	6002.35400000	5994.33200000	5979.98600000	5982.39800000	5950.23000000	5935.30200000	5958.51200000	5955.45200000	6031.43600000	6025.05400000	6008.08800000	6005.30800000	5995.06200000	5988.61000000	5962.98464000	5957.24400000
2901407035.17587948	5901.03600000	5893.63600000	5915.63000000	5906.12800000	5900.67200000	5887.68600000	5943.66400000	5937.15600000	5908.71000000	5901.89400000	5893.87400000	5881.63200000	5902.36600000	5899.91200000	5921.34400000	5925.91800000	5980.11400000	5979.20000000	5962.36600000	5965.01000000	5985.39400000	5979.56200000	5951.89600000	5942.70400000	5989.31600000	5982.58800000	5930.18400000	5926.35000000	5988.25600000	5982.28400000	5995.73000000	5990.81600000	5957.73000000	5949.85400000	5944.00600000	5941.26800000	6063.96600000	6055.97600000	5951.85600000	5939.55400000	5924.98800000	5925.17800000	5990.46800000	5984.39200000	5958.61200000	5947.15800000	6042.99400000	6038.17000000	5950.38200000	5950.72200000	5954.22216000	5948.58992000
2901909547.73869324	5848.69600000	5844.72800000	5918.07400000	5913.57800000	5903.37200000	5894.80600000	5920.57800000	5909.65200000	5921.84600000	5911.99200000	5856.79000000	5856.61200000	5947.51400000	5943.42800000	5913.24000000	5907.23000000	5942.66800000	5936.08000000	5967.37600000	5960.61200000	5943.78200000	5942.32400000	5941.79200000	5939.62600000	5994.41000000	5990.77400000	6014.16800000	6013.59200000	6019.76800000	6020.33600000	5979.76200000	5976.50000000	5973.05400000	5964.75200000	5959.97400000	5958.51000000	6046.19600000	6043.32000000	5963.13400000	5963.92000000	5952.65400000	5946.52600000	5968.68800000	5960.92000000	6010.36800000	6001.53400000	5987.22400000	5973.96000000	5979.59800000	5979.37600000	5954.98904000	5950.18752000
2902412060.30150747	5874.66000000	5863.37800000	5897.47400000	5899.04200000	5948.03200000	5943.18800000	5932.48400000	5929.78400000	5923.06000000	5912.59000000	5908.41000000	5900.77000000	5971.91200000	5967.62400000	5940.10200000	5936.06800000	5907.39400000	5905.26400000	5979.83400000	5975.48200000	5939.88200000	5934.20800000	6043.27000000	6025.74600000	5957.42000000	5951.65800000	6033.56000000	6025.35800000	5972.17400000	5967.39200000	5942.58000000	5933.66200000	6024.35800000	6013.97800000	6006.05400000	5996.10600000	5977.99600000	5969.74200000	5981.95400000	5976.90400000	5964.46000000	5953.99200000	5973.45800000	5961.64400000	6000.59200000	5992.90200000	6011.77400000	6002.49800000	5998.84600000	5993.91400000	5964.46960000	5957.31576000
2902914572.86432171	5856.18200000	5856.50400000	5903.93000000	5895.63800000	5890.30200000	5884.74800000	5932.70200000	5927.96400000	5900.58600000	5891.22800000	5916.89400000	5909.19400000	5917.11000000	5915.74800000	5943.08000000	5941.81600000	5955.74000000	5949.51400000	5929.99800000	5925.75200000	5957.14400000	5951.62400000	5966.88800000	5964.52400000	5959.85200000	5951.24800000	6000.65600000	5992.34600000	5965.70000000	5957.11200000	6000.60600000	5994.44400000	5938.78200000	5936.09200000	5952.55600000	5943.23200000	6011.26600000	6003.18800000	5988.06800000	5990.80800000	5950.95000000	5946.48400000	5963.18400000	5958.68600000	5981.91600000	5980.62400000	5992.82000000	5989.35400000	5973.35200000	5961.44400000	5950.01056000	5944.77264000
2903417085.42713547	5858.17200000	5852.72800000	5923.05000000	5918.69000000	5900.87600000	5896.14200000	5935.54200000	5926.78600000	5892.52800000	5887.55600000	5888.18400000	5885.46600000	5948.86200000	5939.77800000	5950.17600000	5941.08200000	5973.93600000	5960.51400000	5936.16600000	5922.25600000	5956.31600000	5947.34800000	5960.94200000	5957.55000000	5946.21200000	5942.17200000	6002.55200000	5997.30000000	5984.67200000	5979.75000000	5961.43000000	5953.82800000	5988.78400000	5974.45200000	5965.95600000	5959.67000000	5991.19000000	5982.30600000	5963.80400000	5957.91000000	5925.66200000	5922.10600000	5976.28400000	5980.35200000	5961.63800000	5953.82400000	5956.83800000	5950.16000000	5991.46600000	5983.19000000	5949.64952000	5942.91664000
2903919597.98994970	5903.42200000	5898.01000000	5930.81200000	5914.24400000	5898.18000000	5894.67600000	5934.71200000	5928.33600000	5918.61400000	5912.27800000	5899.07800000	5889.63200000	5901.45600000	5893.91800000	5911.01800000	5909.14200000	5991.24000000	5990.52000000	5961.68200000	5951.08600000	6004.38800000	5988.67800000	5962.05400000	5956.95800000	5978.02800000	5974.46200000	5965.67800000	5958.16000000	5976.45000000	5965.05000000	5999.72800000	5996.61200000	5967.59600000	5963.44400000	5959.21400000	5958.29000000	6056.44200000	6049.12800000	5969.55200000	5968.33200000	5925.39600000	5925.53400000	6008.73800000	6002.11800000	5957.00400000	5951.01800000	6022.87200000	6011.70600000	5944.25200000	5937.19800000	5957.90424000	5951.54120000
2904422110.55276394	5885.52800000	5878.59400000	5917.04600000	5909.23200000	5889.45200000	5888.12400000	5918.25800000	5907.36800000	5916.84800000	5908.03200000	5903.30200000	5896.31600000	5921.59800000	5916.46800000	5936.57000000	5931.58800000	5974.19800000	5963.50000000	5951.84000000	5944.76600000	5982.89800000	5973.81600000	5967.13400000	5955.95200000	5976.83600000	5974.90600000	6002.14800000	5993.06800000	5954.12200000	5948.95800000	6020.22600000	6022.68200000	5968.42400000	5964.75800000	5985.12200000	5975.11200000	5987.06000000	5982.14200000	5964.02200000	5954.31400000	5950.22400000	5936.51400000	6003.14400000	5998.21400000	5990.51600000	5985.17000000	5997.91600000	5989.20600000	5956.46600000	5943.43400000	5956.83592000	5949.68936000
2904924623.11557770	5885.65200000	5873.14600000	5901.99200000	5896.55800000	5883.05200000	5875.38800000	5914.89600000	5904.20200000	5901.19800000	5896.21600000	5900.74600000	5889.52800000	5918.78600000	5912.61200000	5929.45000000	5923.47200000	5951.16400000	5946.08600000	5935.23600000	5931.33800000	5985.33800000	5977.89600000	5993.18000000	5988.12200000	5981.49200000	5975.52800000	5976.32200000	5969.36800000	5955.64600000	5953.83400000	6004.87800000	5995.64600000	5983.32200000	5969.77600000	5976.97600000	5968.06400000	6023.84000000	6017.57000000	5993.64400000	5988.27800000	5944.81600000	5939.77400000	5971.86000000	5967.08600000	6000.01400000	5992.10400000	5982.59600000	5971.34600000	5998.62200000	5996.90600000	5955.78872000	5948.79376000
2905427135.67839193	5865.31800000	5858.25600000	5920.07000000	5907.65000000	5892.42800000	5892.94000000	5936.79000000	5925.17400000	5916.45000000	5913.22400000	5909.49200000	5902.72000000	5899.98800000	5892.06400000	5944.71400000	5940.44400000	5990.21800000	5982.32000000	5957.62200000	5950.96800000	5973.88200000	5958.65400000	5969.37800000	5957.27600000	5981.53200000	5977.73000000	5995.13000000	5988.63600000	5980.29000000	5974.52600000	5929.06600000	5927.81800000	5957.89600000	5947.68400000	6013.11000000	6003.07800000	6009.89600000	6003.46200000	5976.81800000	5968.40600000	5986.45400000	5982.94400000	5975.83800000	5981.98200000	5906.00600000	5898.23200000	5972.40600000	5961.34400000	5930.06800000	5923.16400000	5951.63440000	5944.82784000
2905929648.24120617	5857.00600000	5849.82800000	5922.16400000	5922.82000000	5917.49000000	5910.30400000	5933.80600000	5921.78200000	5901.40000000	5893.75400000	5905.22400000	5900.76200000	5976.84400000	5972.79400000	5928.09600000	5914.86600000	5961.10400000	5953.09600000	5960.23000000	5958.09600000	5958.94800000	5954.48200000	5961.10400000	5953.10800000	5967.48800000	5960.87200000	6039.84400000	6028.50600000	5987.08800000	5977.25000000	5978.44200000	5972.78200000	6004.42200000	5997.39200000	5982.48800000	5967.37000000	6027.49400000	6013.25000000	5970.96400000	5965.33000000	5916.58600000	5905.66800000	5933.40800000	5927.71800000	5969.32200000	5962.86200000	5952.19000000	5947.06800000	5940.99200000	5927.41600000	5954.16576000	5946.36704000
2906432160.80401993	5852.01200000	5841.69200000	5911.20800000	5898.93200000	5925.23400000	5916.96600000	5928.84600000	5918.92000000	5931.25200000	5923.89000000	5898.86600000	5889.59400000	5966.84800000	5960.37200000	5924.79600000	5916.84400000	5970.71800000	5961.52800000	5949.75000000	5946.35600000	5962.57200000	5954.81000000	5955.58200000	5944.30400000	5950.79600000	5941.39400000	6026.85800000	6017.76600000	5973.96800000	5974.41000000	5961.92000000	5956.94600000	5993.01400000	5988.85600000	5980.41400000	5970.12400000	6012.84200000	6005.04800000	5953.30400000	5950.48000000	5966.85600000	5958.49600000	6004.50400000	5990.22800000	5992.46200000	5986.76200000	5975.33200000	5973.95200000	5990.49600000	5974.07600000	5958.41800000	5950.50984000
2906934673.36683416	5861.20400000	5852.73200000	5938.20200000	5930.18000000	5899.81200000	5890.00600000	5908.76800000	5902.13200000	5904.93600000	5903.53400000	5897.45400000	5887.69200000	5939.34800000	5928.35800000	5929.78000000	5919.16200000	5964.99600000	5954.23200000	5955.63200000	5949.54400000	5969.75000000	5959.83200000	5976.08200000	5969.16600000	5968.35800000	5956.40800000	6051.91000000	6044.77400000	6002.19400000	5999.48400000	5977.17800000	5972.27600000	5983.50600000	5977.46000000	5975.07600000	5969.81000000	6018.13800000	6008.67000000	5969.02400000	5966.63600000	5927.30200000	5925.85000000	6012.93200000	6002.50600000	6005.05000000	5996.80800000	5992.73000000	5986.88000000	6024.93600000	6019.54000000	5962.17192000	5954.94688000
2907437185.92964840	5891.47600000	5895.16600000	5926.75200000	5924.15600000	5957.58000000	5951.68600000	5934.68200000	5922.67000000	5916.63600000	5904.63800000	5906.32600000	5899.41600000	5977.91200000	5971.04400000	5977.76000000	5977.10000000	5922.29400000	5919.42600000	5987.90800000	5972.14000000	5956.15800000	5955.56600000	5995.22800000	5983.67800000	5957.12800000	5952.40800000	6016.68800000	6008.10600000	6000.15600000	5993.97000000	5934.87400000	5930.83000000	6004.40200000	6001.24600000	5983.62200000	5976.86000000	5982.72200000	5977.24800000	5946.14600000	5937.92000000	5981.44800000	5979.95000000	5984.95800000	5985.52200000	5981.47200000	5978.97800000	6010.44200000	6005.49400000	5985.62800000	5982.14600000	5964.81592000	5959.49456000
2907939698.49246216	5873.13600000	5864.75800000	5924.04800000	5917.78600000	5899.07200000	5895.19400000	5947.57800000	5937.72800000	5906.54000000	5907.16200000	5913.45800000	5909.26800000	5966.11000000	5956.12600000	5927.59000000	5915.68000000	5963.42200000	5956.48000000	5987.38400000	5974.04400000	6010.38000000	5996.40800000	5972.66600000	5971.14400000	5968.85600000	5959.38200000	6002.79600000	5993.98200000	5951.08000000	5950.13000000	5997.41000000	5986.95400000	5999.36400000	5995.05600000	5977.02800000	5971.37600000	6030.80600000	6025.94800000	5973.09000000	5967.21000000	5926.04200000	5923.31400000	5911.48200000	5907.98000000	5994.84200000	5984.34000000	5931.58000000	5924.30600000	5940.84400000	5940.42000000	5955.86416000	5949.28704000
2908442211.05527639	5902.00600000	5903.75600000	5911.79200000	5901.29400000	5911.95800000	5906.09200000	5941.96400000	5936.68000000	5902.30200000	5890.25200000	5906.87800000	5900.97200000	5918.98400000	5913.18000000	5984.15200000	5977.03400000	5961.79000000	5951.31200000	5965.06800000	5957.44400000	5948.20200000	5934.45600000	6002.50200000	5994.33400000	6001.81200000	5992.12400000	5997.03600000	5981.78400000	5959.19800000	5948.67600000	5945.40800000	5946.93000000	6009.10400000	6002.47000000	5987.22600000	5980.31200000	5998.27400000	5991.32000000	6005.53000000	6009.03400000	5967.75200000	5970.08400000	5967.34800000	5967.22200000	5992.40000000	5988.20200000	5990.13200000	5975.73800000	6031.42000000	6027.03800000	5964.40952000	5957.90960000
2908944723.61809063	5848.71600000	5836.71800000	5921.24000000	5917.60400000	5928.98600000	5925.58800000	5926.51800000	5918.39000000	5921.23200000	5908.92600000	5890.50600000	5885.39400000	5950.14000000	5947.30000000	5889.16000000	5879.65600000	5956.11400000	5950.01000000	5950.48400000	5950.58200000	5972.19600000	5963.42400000	5934.60600000	5928.31200000	5971.23000000	5970.69800000	6014.69000000	6008.09800000	5978.70600000	5976.54600000	5954.59400000	5942.39600000	5963.84800000	5958.10000000	6007.47800000	5998.93400000	5994.80800000	5991.81600000	5971.49200000	5962.95600000	5936.07000000	5926.61200000	6001.67400000	6001.87000000	5961.01800000	5953.74200000	6003.68000000	6000.63400000	5989.98600000	5978.29400000	5953.56688000	5947.30400000
2909447236.18090439	5855.22400000	5845.70000000	5915.75800000	5907.17600000	5933.51600000	5927.71400000	5934.32000000	5926.78600000	5936.53400000	5930.12000000	5871.11800000	5864.74000000	5937.35600000	5928.72800000	5949.52800000	5945.16000000	5963.42800000	5961.66800000	5945.37400000	5935.48400000	5943.85000000	5938.08800000	5932.73600000	5926.40400000	5979.79200000	5968.81200000	6015.20400000	6011.75200000	5970.64800000	5965.42200000	5957.68600000	5956.16800000	5978.55400000	5974.31600000	5997.01200000	5988.53200000	5996.92200000	5988.84400000	5971.05200000	5961.19600000	5937.55800000	5918.53200000	6001.57600000	5994.91600000	5989.10200000	5987.90800000	6016.59400000	6002.60400000	5969.48600000	5956.92200000	5955.99712000	5948.54768000
2909949748.74371862	5843.52400000	5844.92400000	5921.48400000	5908.98800000	5898.81800000	5892.34800000	5950.47600000	5945.22600000	5927.20000000	5911.13800000	5921.79400000	5914.40200000	5930.71400000	5930.46200000	5952.28000000	5934.32200000	5997.08200000	5986.73800000	5931.42200000	5920.87200000	5961.44000000	5957.52600000	5987.03400000	5972.20200000	5971.65600000	5961.86200000	6025.69800000	6021.81200000	5995.03400000	5987.05000000	5974.97400000	5969.28800000	5987.07000000	5991.18400000	5964.93600000	5957.86200000	5997.15600000	5988.14400000	5932.80600000	5936.86200000	5976.81400000	5966.92800000	5970.04800000	5960.03600000	5982.06600000	5977.32000000	5971.14200000	5967.12200000	5919.53600000	5905.14800000	5955.68816000	5948.39064000
2910452261.30653286	5856.79000000	5849.37600000	5917.86000000	5911.56400000	5939.22400000	5931.21400000	5929.39600000	5931.02800000	5937.66600000	5927.24400000	5873.46600000	5869.80000000	5944.64200000	5944.00400000	5952.66000000	5946.70000000	5980.04800000	5970.79600000	5945.63000000	5941.76400000	5947.59000000	5942.47800000	5950.10400000	5938.83400000	5960.64000000	5958.30800000	6022.91200000	6010.42000000	5996.69000000	5989.58000000	5947.30200000	5941.99000000	5968.35200000	5961.24600000	5974.20200000	5973.06200000	5961.20600000	5955.24200000	5953.95000000	5948.21800000	5929.92600000	5926.36000000	5975.44200000	5966.30800000	5992.12000000	5990.33600000	5987.33800000	5983.87000000	5981.94800000	5967.80000000	5953.08416000	5947.10168000
2910954773.86934662	5859.39600000	5854.15800000	5916.09400000	5904.66400000	5915.89400000	5898.66600000	5938.49200000	5926.34200000	5928.32400000	5920.30000000	5909.66000000	5903.57200000	5971.52000000	5961.39000000	5911.70600000	5903.65200000	5970.91800000	5962.88400000	5964.93600000	5953.25200000	5973.91200000	5959.99800000	5955.92000000	5948.15600000	5976.88400000	5968.95000000	6015.46600000	6008.91000000	5995.51200000	5985.28000000	5974.96200000	5969.10200000	6002.49400000	5998.82000000	5968.97400000	5957.79800000	6025.03400000	6014.97600000	5957.59800000	5947.18000000	5945.13000000	5942.52000000	6005.91800000	5999.80000000	6011.58800000	6003.13400000	5989.67200000	5972.40200000	5957.30000000	5952.12800000	5961.73216000	5952.72136000
2911457286.43216085	5864.21400000	5856.03600000	5930.43200000	5917.21200000	5887.54400000	5881.66200000	5929.04800000	5928.77000000	5922.23600000	5907.65000000	5906.44200000	5903.14800000	5904.72800000	5895.64600000	5936.31400000	5922.25800000	5988.22800000	5976.76400000	5975.22000000	5970.63800000	6000.67600000	5996.09000000	5988.28000000	5980.94000000	5997.80400000	5987.96400000	5986.24600000	5976.03400000	5985.22000000	5979.04400000	5947.16200000	5932.22000000	5945.83800000	5942.71200000	6008.44200000	6003.87800000	6046.24200000	6039.26400000	5985.50800000	5975.85600000	5965.19600000	5957.05000000	5993.07200000	5985.07400000	5945.46600000	5937.83000000	5984.66200000	5975.40000000	5913.80800000	5905.28400000	5957.52112000	5949.37696000
2911959798.99497509	5879.42800000	5876.52600000	5909.05000000	5897.41800000	5874.06200000	5865.76000000	5923.79800000	5918.49400000	5897.99400000	5890.41400000	5907.69000000	5896.55200000	5899.51000000	5894.42000000	5922.44000000	5913.86800000	5959.10400000	5947.57600000	5966.33200000	5956.52400000	5994.99200000	5987.16400000	6003.26000000	5995.70400000	5950.32800000	5948.21600000	5995.94200000	5982.70000000	5958.18400000	5948.63000000	6015.70200000	6012.65400000	5989.94200000	5977.40800000	5968.01400000	5966.93000000	5984.41400000	5974.91600000	5975.86000000	5970.03800000	5948.46200000	5949.40000000	5966.98600000	5955.55200000	5995.47600000	5985.47800000	5971.03200000	5963.97000000	5983.47000000	5978.12000000	5953.65888000	5946.17728000
2912462311.55778885	5868.67600000	5857.71400000	5922.72600000	5915.25200000	5939.11200000	5931.45600000	5920.58800000	5908.88800000	5930.40400000	5919.29200000	5883.36000000	5876.33800000	5955.59800000	5943.93400000	5946.73400000	5935.42800000	5976.32200000	5961.20000000	5948.96400000	5937.46800000	5968.27600000	5966.03600000	5950.50200000	5941.68400000	5951.37000000	5950.70800000	5984.13000000	5971.20000000	6008.89200000	5995.27400000	5974.06200000	5967.37400000	5995.12200000	5987.33200000	5979.70000000	5983.32200000	5992.77600000	5984.07600000	5993.69200000	5995.68000000	5935.69800000	5928.69000000	5961.68400000	5955.99000000	6008.55600000	6008.96600000	5993.31800000	5983.97800000	6039.05000000	6035.98200000	5961.17248000	5953.73048000
2912964824.12060308	5882.85000000	5871.37400000	5921.45600000	5914.14800000	5946.66400000	5933.54000000	5925.71600000	5919.10800000	5915.91400000	5910.71800000	5900.32800000	5898.40600000	5974.67000000	5958.09400000	5892.47000000	5884.56800000	5914.53600000	5912.71200000	6003.67200000	5992.28200000	5918.59400000	5911.51400000	5965.93600000	5958.60800000	5967.39200000	5955.20200000	6028.55000000	6025.58200000	5971.86200000	5965.29200000	5952.29400000	5942.50000000	5991.46200000	5982.79600000	6010.75800000	6007.13600000	5999.16600000	5988.17200000	5988.30400000	5982.63600000	5974.62800000	5964.20400000	5986.43800000	5973.23200000	6006.63400000	5995.06000000	6004.22400000	5994.58000000	6008.06600000	6000.80000000	5962.10336000	5953.69056000
2913467336.68341732	5866.31200000	5865.17400000	5908.14200000	5898.51000000	5886.19200000	5877.52200000	5919.17000000	5910.96000000	5907.42800000	5899.87800000	5894.69400000	5885.89600000	5912.66200000	5902.92000000	5923.39400000	5912.68400000	5945.70000000	5937.85200000	5947.16000000	5928.52000000	5967.23400000	5958.05600000	5975.25400000	5961.55800000	5962.54000000	5951.39600000	6009.32600000	6005.23600000	5964.95400000	5967.29800000	5999.07600000	5990.26800000	5964.86400000	5959.27400000	5975.45600000	5961.71000000	5966.40800000	5964.83600000	5959.69000000	5953.81200000	5978.61600000	5967.68000000	5982.36400000	5972.06800000	5973.08400000	5968.09000000	6005.82000000	6000.11600000	6006.15000000	5992.12200000	5952.06760000	5943.73744000
2913969849.24623108	5903.47200000	5900.96800000	5925.60800000	5924.69200000	5940.33200000	5930.75200000	5948.29400000	5940.04000000	5921.20000000	5914.85200000	5904.98800000	5903.94600000	5966.38600000	5959.30200000	5992.99600000	5979.67000000	5925.97400000	5914.02800000	5996.62600000	5986.19800000	5948.10200000	5942.08800000	6006.33600000	5997.23800000	5980.09800000	5969.41200000	6008.07600000	5991.22200000	5973.79800000	5963.66200000	5924.69600000	5923.12200000	6006.43000000	5994.72800000	5959.99400000	5947.30600000	6000.52600000	5985.91600000	5972.22800000	5962.85800000	5964.73400000	5955.84000000	5999.70200000	5996.28200000	6011.98800000	6003.72400000	5988.60000000	5978.09000000	6002.17400000	5997.48800000	5966.93432000	5958.53696000
2914472361.80904531	5884.02400000	5878.10200000	5910.13800000	5900.45600000	5924.63600000	5919.44600000	5934.36200000	5925.70400000	5918.19600000	5910.66200000	5896.35200000	5884.12200000	5964.11400000	5956.64400000	5913.02400000	5903.43600000	5927.86400000	5919.18800000	5999.93000000	5994.11600000	5925.51800000	5920.60200000	5964.99600000	5965.20800000	5974.27600000	5961.08600000	6037.89800000	6018.06800000	5989.22000000	5981.47600000	5978.77400000	5972.47600000	5996.52000000	5984.16200000	5988.53200000	5982.28600000	6004.30400000	5996.27800000	5979.80800000	5969.78800000	5979.06800000	5973.42600000	5961.81600000	5950.22600000	6036.28600000	6035.80600000	5994.90200000	5986.90200000	6033.68800000	6024.86200000	5964.72984000	5956.58112000
2914974874.37185907	5892.02000000	5888.06600000	5904.81400000	5893.47600000	5945.42600000	5939.13200000	5929.26400000	5922.74400000	5908.28800000	5905.72400000	5908.56200000	5897.52400000	5999.44800000	5985.48800000	5915.53400000	5907.54400000	5913.07400000	5907.03400000	5986.55000000	5978.58200000	5945.25400000	5935.83200000	5950.31200000	5940.38600000	5975.46400000	5964.60600000	6029.32600000	6020.23800000	5987.38000000	5978.54200000	5973.02000000	5962.45400000	5977.20400000	5968.55800000	6008.77200000	5998.64600000	5990.59800000	5977.49400000	5962.34200000	5954.77000000	5983.22600000	5983.68000000	5983.21000000	5982.39200000	6029.53600000	6021.57000000	5993.97800000	5986.06400000	5976.16400000	5966.59600000	5962.75064000	5954.68568000
2915477386.93467331	5898.73400000	5889.44600000	5927.30000000	5913.75000000	5914.74000000	5905.62600000	5933.23400000	5924.26800000	5917.42800000	5909.77600000	5895.21600000	5881.67000000	5899.99400000	5892.29800000	5920.72400000	5911.46400000	5975.98400000	5971.20200000	5957.98000000	5952.56200000	5971.83000000	5964.81000000	5946.11400000	5933.07400000	5987.40000000	5979.02600000	5944.82400000	5934.25600000	5969.33400000	5962.12000000	5998.25800000	5993.55200000	5978.75400000	5962.62600000	5962.37200000	5950.74600000	6058.92200000	6051.04800000	5950.88200000	5937.34400000	5954.08000000	5949.54400000	5969.94400000	5962.21400000	5943.33200000	5936.84800000	6044.86800000	6040.64800000	5970.59000000	5958.65000000	5955.71352000	5946.74272000
2915979899.49748755	5883.53400000	5872.09200000	5917.30000000	5904.09600000	5929.47200000	5917.54200000	5931.26800000	5923.84000000	5930.73200000	5923.14200000	5900.53200000	5889.24000000	5944.97200000	5938.50400000	5913.65600000	5907.24000000	5919.80200000	5916.33400000	5995.00800000	5982.80400000	5919.13000000	5915.88800000	5961.98000000	5954.70400000	5964.82000000	5959.97600000	6029.30800000	6024.46400000	5988.47800000	5981.88400000	5986.13000000	5984.90600000	6017.16000000	6006.32000000	5965.16800000	5953.91000000	6001.87200000	5998.46600000	5995.90800000	5982.73800000	5965.42600000	5957.71200000	5984.09400000	5976.76000000	6025.73800000	6018.72200000	6021.40800000	6014.35400000	6024.28600000	6007.52800000	5964.68728000	5956.52664000
2916482412.06030130	5859.91600000	5860.89000000	5917.15200000	5905.13800000	5926.27200000	5916.49000000	5925.40800000	5913.56000000	5929.35000000	5927.69800000	5891.57000000	5890.46000000	5939.89200000	5933.69000000	5920.14200000	5914.59800000	5914.96400000	5907.22200000	5968.07400000	5956.32600000	5918.60600000	5904.87600000	5939.41000000	5933.49800000	5965.62000000	5952.87000000	6031.27000000	6023.72600000	5984.31000000	5978.03000000	5969.15800000	5960.54400000	5997.91000000	5996.97800000	5949.41600000	5939.02800000	6003.20000000	5995.76800000	5979.95800000	5981.47000000	5947.66000000	5941.29200000	5994.90000000	5986.97600000	6009.63600000	6002.46600000	6042.52000000	6035.66400000	6015.67600000	6008.51000000	5957.67960000	5950.71072000
2916984924.62311554	5846.04800000	5838.82400000	5938.14800000	5928.47800000	5950.83400000	5945.38200000	5936.62000000	5924.68200000	5924.17400000	5915.98000000	5871.20400000	5864.02000000	5958.70600000	5943.20400000	5930.91000000	5925.00800000	5947.13400000	5940.79000000	5963.43200000	5960.96000000	5953.80600000	5938.96600000	5967.61600000	5961.95800000	5973.28000000	5963.93800000	6023.37800000	6013.06000000	5993.59000000	5985.44000000	5957.91200000	5953.67200000	5966.95200000	5958.46000000	5986.07400000	5975.44800000	6027.50200000	6018.78800000	5994.20400000	5986.82400000	5954.44000000	5945.35800000	5995.98600000	5988.12000000	6008.77400000	6003.28000000	6011.74400000	6005.99600000	6027.88600000	6019.69200000	5964.41416000	5956.25312000
2917487437.18592978	5850.94800000	5844.35000000	5900.68400000	5888.75200000	5935.41400000	5932.74200000	5927.46000000	5927.50000000	5946.12000000	5929.45000000	5896.28800000	5886.93600000	5960.84600000	5949.58200000	5941.41600000	5933.70400000	5955.64200000	5949.51000000	5912.24600000	5900.69600000	5941.56800000	5933.03800000	5946.05400000	5933.69600000	5987.90400000	5982.21400000	6021.23600000	6012.35000000	5975.72200000	5969.94800000	5979.27800000	5969.45600000	5969.20600000	5962.36200000	6008.02200000	5998.15000000	6026.96400000	6024.47000000	5973.43000000	5962.33200000	5956.74200000	5947.59400000	5987.53200000	5980.17600000	5977.87800000	5975.43800000	5977.71400000	5966.04000000	5966.71200000	5964.32600000	5956.92104000	5948.99248000
2917989949.74874353	5901.80400000	5889.55600000	5904.75600000	5895.16600000	5909.15200000	5902.12400000	5939.22800000	5926.98600000	5907.60000000	5895.09800000	5935.19800000	5927.42800000	5990.46600000	5978.28000000	5994.82800000	5982.76600000	5935.52600000	5930.17600000	6017.00600000	6007.32400000	5955.54000000	5936.69200000	5994.17000000	5992.17200000	6006.43000000	5997.59200000	6010.15400000	6005.60600000	5987.29800000	5973.69400000	5941.99200000	5929.38000000	5991.83400000	5980.61400000	6014.46200000	6006.46600000	5993.07000000	5980.28800000	5990.26000000	5983.54800000	6000.25600000	5999.10600000	6008.25200000	5997.24200000	6033.53600000	6018.99600000	6008.22200000	5999.44400000	6005.69800000	5993.28600000	5975.06952000	5965.16120000
2918492462.31155777	5901.77800000	5894.68000000	5892.18800000	5879.50800000	5923.58600000	5912.59200000	5931.33200000	5920.95000000	5904.77200000	5891.01000000	5918.95200000	5919.32600000	5928.04200000	5928.27400000	5966.35000000	5956.19400000	5927.24800000	5919.67200000	5981.96000000	5975.88600000	5940.67600000	5930.15200000	6020.27600000	6020.63000000	5994.64800000	5986.26200000	6011.09000000	5999.95800000	5972.38800000	5961.17000000	5931.54000000	5921.46600000	5998.62000000	5987.22600000	6020.26000000	6015.70800000	5956.10200000	5952.70000000	6005.01000000	5998.83800000	5958.31400000	5953.60000000	5977.95200000	5970.74800000	6018.69400000	6008.62400000	5956.97000000	5950.78600000	5983.50200000	5971.17000000	5960.89000000	5953.08520000
2918994974.87437201	5850.24800000	5841.11000000	5926.55400000	5916.71400000	5930.62600000	5915.39400000	5915.45400000	5912.56200000	5927.91000000	5913.89800000	5879.42400000	5866.04000000	5926.30800000	5919.21600000	5926.75000000	5920.79600000	5947.28000000	5938.81800000	5929.41400000	5922.76600000	5962.11600000	5953.69600000	5930.26600000	5923.87400000	5957.52600000	5949.86800000	6041.44400000	6033.35400000	5997.72800000	5987.27200000	5961.09600000	5950.20200000	5974.69600000	5969.04600000	5970.15600000	5954.63600000	6008.22400000	5994.93000000	5975.56400000	5962.82800000	5949.63000000	5944.81400000	6002.28800000	5996.39200000	5988.23600000	5981.30800000	5984.76400000	5979.90800000	6001.54000000	5994.61200000	5954.60968000	5945.76216000
2919497487.43718576	5851.47400000	5841.76800000	5922.83600000	5909.14000000	5905.57000000	5890.42800000	5932.34600000	5925.90600000	5904.14400000	5891.32800000	5901.54000000	5893.47600000	5928.53200000	5919.26800000	5928.49800000	5915.47400000	5970.34800000	5966.56400000	5920.25400000	5914.26800000	5960.63200000	5950.78000000	5968.03200000	5952.81200000	5980.22200000	5972.88000000	6018.50000000	6006.99600000	5980.04600000	5964.09600000	5983.46000000	5964.09000000	5991.90400000	5986.35800000	5969.94800000	5972.60400000	5996.12200000	5994.41600000	5966.48200000	5954.23800000	5934.89200000	5919.48400000	6012.01800000	6002.22200000	5971.45200000	5959.37800000	5975.70600000	5963.09800000	5978.72400000	5972.51200000	5954.14728000	5944.14336000
2920000000.00000000	5892.58400000	5882.18000000	5896.16800000	5884.76400000	5947.04200000	5938.68600000	5916.62000000	5910.39200000	5907.95000000	5891.87000000	5909.89200000	5912.63000000	5910.24800000	5903.59400000	5980.65800000	5969.21000000	5929.92000000	5912.79800000	5975.34400000	5960.15000000	5989.28200000	5973.85400000	5968.28800000	5961.50600000	5989.12400000	5981.20400000	5986.77600000	5982.20600000	5969.72200000	5965.49600000	5940.22600000	5941.34000000	5980.58400000	5963.15000000	6015.09200000	6010.80400000	5944.97200000	5940.69800000	5993.54800000	5986.17600000	5989.33800000	5982.81000000	5977.96400000	5975.64000000	6017.09400000	6005.23000000	5971.13000000	5963.95000000	5985.59800000	5974.45400000	5959.40656000	5950.99168000
