freq	PL_sig1	PL_ref1	PL_sig2	PL_ref2	PL_sig3	PL_ref3	PL_sig4	PL_ref4	PL_sig5	PL_ref5	PL_sig6	PL_ref6	PL_sig7	PL_ref7	PL_sig8	PL_ref8	PL_sig9	PL_ref9	PL_sig10	PL_ref10	PL_sig11	PL_ref11	PL_sig12	PL_ref12	PL_sig13	PL_ref13	PL_sig14	PL_ref14	PL_sig15	PL_ref15	PL_sig16	PL_ref16	PL_sig17	PL_ref17	PL_sig18	PL_ref18	PL_sig19	PL_ref19	PL_sig20	PL_ref20	PL_sig21	PL_ref21	PL_sig22	PL_ref22	PL_sig23	PL_ref23	PL_sig24	PL_ref24	PL_sig25	PL_ref25	avgPL_sig	avgPL_ref
2820000000.00000000	6523.43600000	6521.85400000	6414.14400000	6422.63600000	6442.92000000	6427.95000000	6386.33600000	6370.32000000	6423.50600000	6421.67000000	6433.96800000	6415.93600000	6358.60800000	6349.17000000	6391.24800000	6374.19600000	6456.24800000	6450.12800000	6414.32600000	6400.42800000	6455.08200000	6440.08600000	6353.84400000	6339.26800000	6357.16400000	6352.08000000	6354.56200000	6346.83200000	6395.43200000	6384.47400000	6342.20800000	6336.59200000	6342.42600000	6342.50000000	6303.86400000	6296.41000000	6348.87600000	6338.50800000	6384.55200000	6389.57400000	6362.30000000	6365.42200000	6290.37600000	6291.83800000	6335.97200000	6337.25800000	6374.39800000	6375.55000000	6315.97400000	6299.23000000	6382.47080000	6375.59640000
2820502512.56281424	6494.69400000	6488.36600000	6390.74000000	6390.74400000	6459.10400000	6442.68600000	6443.08800000	6441.11000000	6462.01800000	6458.50200000	6381.35800000	6380.96400000	6398.17200000	6395.39200000	6388.89600000	6371.56800000	6463.60000000	6454.42800000	6385.10600000	6378.33600000	6426.23800000	6421.38800000	6357.18200000	6338.14200000	6348.95400000	6332.29000000	6403.54400000	6402.24400000	6454.75000000	6443.77400000	6400.12800000	6391.05800000	6349.32800000	6342.24200000	6324.41800000	6311.39600000	6388.94800000	6376.98800000	6330.28200000	6326.26400000	6304.46600000	6313.32200000	6378.69000000	6373.21200000	6337.46800000	6331.12800000	6348.14200000	6344.52000000	6374.65400000	6361.55200000	6391.75872000	6384.46464000
2821005025.12562799	6474.71400000	6460.10200000	6404.05600000	6395.83000000	6457.35400000	6443.12600000	6455.52600000	6445.52000000	6463.02000000	6449.88000000	6348.39400000	6346.36800000	6400.33400000	6392.07000000	6430.14600000	6418.76200000	6447.59800000	6439.97200000	6400.94200000	6380.69400000	6398.04600000	6387.40000000	6355.21600000	6352.11400000	6366.74400000	6345.35000000	6421.60000000	6408.76400000	6392.30200000	6384.43000000	6374.27800000	6367.22200000	6315.96400000	6319.31800000	6309.50800000	6297.54600000	6378.35200000	6357.73200000	6327.28800000	6313.98600000	6358.76400000	6351.65600000	6374.34000000	6361.45000000	6299.63200000	6297.72000000	6290.04200000	6275.43200000	6359.79400000	6355.33400000	6384.15816000	6373.91112000
2821507537.68844223	6509.63000000	6496.39000000	6395.32600000	6397.87800000	6483.50600000	6484.87400000	6466.51200000	6458.39800000	6450.08200000	6433.06200000	6427.37800000	6417.25000000	6421.12200000	6424.78400000	6453.76600000	6449.17200000	6396.71200000	6393.55200000	6390.67800000	6380.72200000	6424.26000000	6415.37800000	6389.28400000	6383.35600000	6362.58800000	6350.37800000	6352.66800000	6334.79000000	6318.69800000	6317.31600000	6371.60200000	6351.44200000	6294.77200000	6289.82800000	6382.98200000	6388.61600000	6365.32800000	6360.43400000	6373.48600000	6364.71200000	6319.88000000	6308.26200000	6366.81800000	6347.72800000	6393.45200000	6376.22400000	6358.17800000	6339.34400000	6391.68600000	6372.81400000	6394.41576000	6385.46816000
2822010050.25125647	6548.93200000	6535.63200000	6479.68600000	6468.81200000	6447.09800000	6433.66000000	6443.70000000	6429.38800000	6358.16000000	6360.75200000	6399.58600000	6390.51000000	6414.57200000	6398.48800000	6441.51600000	6436.31600000	6408.22600000	6395.45200000	6370.66800000	6356.80800000	6390.07000000	6368.39000000	6422.58600000	6411.93800000	6347.03000000	6334.21400000	6328.90600000	6312.09400000	6317.77000000	6318.36400000	6393.43200000	6378.57200000	6306.95200000	6297.83000000	6311.57400000	6312.85000000	6320.33400000	6310.85400000	6331.06000000	6337.82600000	6298.01600000	6283.21800000	6350.98800000	6348.87400000	6371.89200000	6356.57000000	6325.40000000	6303.80200000	6333.96000000	6341.99600000	6378.48456000	6368.92840000
2822512562.81407022	6463.74200000	6458.90600000	6471.20200000	6458.35600000	6450.56800000	6441.92400000	6495.87800000	6476.60800000	6404.65800000	6414.58000000	6398.60600000	6399.27400000	6381.44800000	6386.85800000	6392.26200000	6389.07600000	6408.48800000	6403.24400000	6360.18000000	6364.36200000	6370.84600000	6351.05600000	6394.71200000	6402.73000000	6326.38600000	6313.27000000	6341.75200000	6336.15800000	6405.57600000	6391.04200000	6320.99000000	6313.69000000	6315.03000000	6302.33000000	6357.96200000	6353.30000000	6279.66600000	6291.78600000	6289.83400000	6282.39200000	6401.65200000	6380.74000000	6350.56200000	6340.67000000	6347.63600000	6333.64800000	6288.52800000	6282.07400000	6362.66000000	6355.69000000	6375.23296000	6368.95056000
2823015075.37688446	6480.85600000	6465.87600000	6439.44400000	6420.99800000	6444.74000000	6419.19000000	6526.32400000	6516.99000000	6440.33400000	6439.37000000	6393.94600000	6375.44200000	6390.36600000	6375.49400000	6418.44400000	6396.94800000	6412.67000000	6403.31000000	6396.16600000	6386.62800000	6355.60000000	6377.73000000	6444.82600000	6429.80600000	6348.39600000	6344.20200000	6361.07600000	6351.52800000	6409.82400000	6402.65600000	6341.40000000	6325.88600000	6340.94200000	6337.50800000	6337.61800000	6316.85600000	6340.16200000	6316.49000000	6396.91400000	6386.68000000	6389.45600000	6382.93200000	6372.87000000	6358.41800000	6312.65600000	6295.52200000	6307.15200000	6279.58000000	6355.22600000	6354.37800000	6390.29632000	6378.41672000
2823517587.93969870	6464.92600000	6458.82800000	6450.77200000	6440.61400000	6488.25600000	6484.57200000	6403.91600000	6398.25000000	6432.58400000	6420.40000000	6475.54000000	6467.07400000	6388.82200000	6379.20800000	6386.06600000	6372.60200000	6343.14800000	6339.54800000	6395.59400000	6383.52600000	6396.55600000	6392.73200000	6415.80600000	6400.12400000	6373.46600000	6356.39600000	6359.91000000	6346.56400000	6404.38000000	6403.53400000	6352.69800000	6347.63800000	6333.53000000	6328.73200000	6348.57600000	6337.43400000	6390.35800000	6376.13800000	6321.21000000	6306.96200000	6336.34800000	6335.71000000	6353.75600000	6342.68800000	6342.70000000	6330.80000000	6265.31400000	6267.43200000	6362.50800000	6332.14000000	6383.46960000	6373.98584000
2824020100.50251245	6537.24400000	6531.15000000	6466.17000000	6456.97200000	6441.50000000	6433.23400000	6451.92600000	6444.77600000	6355.06200000	6344.09000000	6409.89200000	6403.50200000	6422.85800000	6405.91400000	6414.28000000	6405.26200000	6411.23800000	6401.73600000	6417.69600000	6411.21400000	6443.37800000	6429.64200000	6403.80200000	6394.78400000	6339.32000000	6338.65400000	6355.59400000	6346.45000000	6363.14200000	6356.01800000	6374.68600000	6361.89600000	6290.43800000	6287.55200000	6290.20800000	6297.91800000	6365.55400000	6345.26000000	6376.48400000	6367.86600000	6312.26600000	6317.86400000	6364.33400000	6361.77800000	6345.73000000	6329.46400000	6324.69600000	6307.92400000	6299.23200000	6299.38600000	6383.06920000	6375.21224000
2824522613.06532669	6466.78600000	6463.15600000	6382.17000000	6366.82800000	6456.81400000	6442.55400000	6417.37200000	6398.90200000	6428.35200000	6413.49200000	6422.31600000	6408.99200000	6478.87200000	6463.39600000	6428.62600000	6417.11600000	6388.40600000	6378.18600000	6389.25200000	6384.24000000	6400.27600000	6395.46600000	6349.71000000	6345.93800000	6326.33400000	6325.05200000	6351.26600000	6343.63000000	6370.88400000	6371.67800000	6318.22600000	6301.11800000	6326.23400000	6317.64600000	6342.64200000	6319.73000000	6369.54200000	6378.92200000	6375.57000000	6362.89600000	6338.17800000	6314.98400000	6402.11400000	6389.66600000	6327.26800000	6310.96600000	6280.47200000	6256.40000000	6356.24600000	6359.56800000	6379.75712000	6369.22088000
2825025125.62814093	6502.38000000	6493.14800000	6456.15200000	6446.10200000	6470.39000000	6456.90400000	6442.14800000	6428.76200000	6411.75200000	6404.73400000	6455.33600000	6445.73800000	6375.56200000	6367.12800000	6377.72400000	6379.45600000	6386.79000000	6380.33000000	6374.08400000	6371.02200000	6398.39400000	6383.82000000	6394.91400000	6396.79000000	6345.91200000	6323.11400000	6368.14200000	6353.22400000	6404.01000000	6397.76000000	6333.69000000	6333.91200000	6347.74600000	6340.64600000	6366.10000000	6375.17400000	6367.93400000	6365.65400000	6324.13000000	6296.63000000	6388.41400000	6383.74200000	6352.15800000	6347.35000000	6355.02400000	6342.73800000	6283.38400000	6288.08200000	6378.28800000	6372.14800000	6386.42232000	6378.96432000
2825527638.19095469	6474.09000000	6464.11000000	6455.28600000	6438.30000000	6466.58600000	6450.84800000	6420.19600000	6413.53400000	6442.74200000	6433.97600000	6413.37800000	6408.27400000	6404.36400000	6385.76400000	6446.98000000	6435.20000000	6413.99000000	6405.73600000	6425.68000000	6424.40600000	6439.14200000	6428.66400000	6413.74400000	6386.08000000	6353.76600000	6352.21400000	6377.23400000	6364.03200000	6363.73600000	6354.76800000	6403.93400000	6398.98000000	6341.00000000	6331.12800000	6385.67200000	6359.06600000	6338.79200000	6334.46800000	6353.47800000	6330.40600000	6339.68200000	6333.57400000	6372.65600000	6348.12000000	6325.27400000	6311.70600000	6294.25800000	6273.19600000	6353.56400000	6356.30200000	6392.76896000	6380.91408000
2826030150.75376892	6469.07000000	6459.71800000	6427.51200000	6410.11000000	6407.58200000	6391.45800000	6413.72400000	6408.94400000	6487.04600000	6485.56200000	6412.25800000	6405.44200000	6384.53000000	6376.03000000	6455.22200000	6445.00800000	6420.95400000	6411.47400000	6470.49800000	6462.62800000	6375.30400000	6365.75800000	6376.74200000	6351.78400000	6363.96400000	6351.03600000	6397.69800000	6393.61600000	6385.93000000	6372.34000000	6321.32400000	6309.92800000	6320.30400000	6306.15600000	6343.74000000	6344.41000000	6356.11200000	6365.37000000	6353.91000000	6347.15400000	6363.33000000	6350.45400000	6346.91000000	6324.08800000	6322.31200000	6313.39600000	6306.90600000	6301.13200000	6379.83400000	6381.16600000	6386.50864000	6377.36648000
2826532663.31658268	6431.34200000	6427.37200000	6400.08200000	6398.62200000	6430.06800000	6410.24200000	6428.94200000	6418.13200000	6448.64400000	6436.77800000	6419.65600000	6421.97000000	6435.68200000	6427.09200000	6480.11400000	6472.25200000	6432.38000000	6419.55000000	6428.09600000	6430.65800000	6395.64200000	6386.80200000	6372.58600000	6353.81000000	6375.74800000	6358.76000000	6385.14800000	6368.82000000	6367.01400000	6363.46600000	6329.52400000	6328.13400000	6324.51800000	6313.83200000	6338.44400000	6340.82200000	6362.59200000	6350.38000000	6380.31600000	6376.71400000	6362.52000000	6356.75400000	6314.27400000	6309.38000000	6266.51000000	6265.82000000	6274.57000000	6259.83200000	6369.22400000	6374.25400000	6382.14544000	6374.80992000
2827035175.87939692	6537.60000000	6513.12600000	6400.12200000	6388.33600000	6495.89800000	6487.83800000	6472.34800000	6455.15600000	6494.07000000	6477.07800000	6458.22800000	6437.72000000	6398.39800000	6398.97600000	6459.31200000	6448.53000000	6423.11400000	6419.61800000	6382.55000000	6371.35800000	6407.53000000	6387.35200000	6352.44000000	6354.47000000	6333.01400000	6321.90600000	6390.35600000	6385.02400000	6366.18000000	6355.65600000	6326.95800000	6314.36200000	6330.39400000	6323.05200000	6366.47400000	6351.28600000	6341.73200000	6332.41200000	6426.23600000	6405.48600000	6359.58600000	6356.39200000	6315.99000000	6307.63600000	6384.94800000	6370.99600000	6374.88600000	6370.52400000	6333.52400000	6314.98400000	6397.27552000	6385.97096000
2827537688.44221115	6502.51000000	6491.26000000	6487.75800000	6479.22800000	6430.44600000	6423.90400000	6398.16600000	6393.19400000	6410.13000000	6397.07600000	6405.53400000	6396.84800000	6433.12200000	6419.60800000	6414.94200000	6404.82200000	6443.96000000	6442.38800000	6407.45000000	6404.24000000	6455.89600000	6440.46600000	6381.25800000	6371.62000000	6341.33400000	6339.19800000	6319.88800000	6321.87200000	6314.04200000	6304.62800000	6401.98800000	6399.11600000	6300.49200000	6294.43000000	6296.91200000	6290.44200000	6342.27200000	6317.79200000	6375.92800000	6349.62800000	6319.17400000	6319.60000000	6352.29200000	6342.85600000	6346.62800000	6345.13000000	6322.77200000	6315.74000000	6295.65800000	6291.13200000	6380.02208000	6371.84872000
2828040201.00502491	6486.55000000	6483.04000000	6478.37400000	6472.00000000	6474.20200000	6469.37200000	6468.38600000	6459.37400000	6473.12200000	6461.30800000	6439.22800000	6402.87200000	6380.33400000	6368.28600000	6438.86000000	6424.51200000	6434.59200000	6422.88000000	6396.57200000	6393.15200000	6376.43800000	6362.20800000	6361.74200000	6346.25400000	6377.68800000	6359.51600000	6377.89000000	6364.23200000	6403.68200000	6380.65400000	6307.95200000	6310.34600000	6321.48400000	6314.89200000	6347.61800000	6323.74600000	6333.19000000	6327.58400000	6399.22800000	6391.30000000	6362.99800000	6364.89400000	6350.99400000	6346.50600000	6369.92800000	6374.09600000	6369.26200000	6363.38800000	6330.08000000	6317.13600000	6394.41576000	6384.14192000
2828542713.56783915	6432.60400000	6423.36000000	6486.39200000	6466.70000000	6424.71000000	6405.56400000	6390.46400000	6376.47200000	6478.05000000	6461.32000000	6433.05000000	6422.25000000	6371.32200000	6360.35200000	6390.85200000	6383.34400000	6426.52400000	6426.71600000	6370.24400000	6358.55400000	6388.67200000	6380.07400000	6366.46000000	6354.09800000	6296.79400000	6298.93800000	6369.00600000	6354.97400000	6428.63400000	6416.06200000	6366.02200000	6348.43600000	6352.53000000	6348.74600000	6377.49800000	6368.78200000	6344.87400000	6335.91600000	6289.46400000	6285.03000000	6384.27400000	6387.79000000	6325.87800000	6308.02400000	6359.97200000	6344.94200000	6298.26600000	6285.46200000	6379.13400000	6374.23600000	6381.26760000	6371.04568000
2829045226.13065338	6443.95600000	6431.65800000	6452.67000000	6452.72600000	6509.16200000	6506.51200000	6469.36600000	6467.12000000	6439.81600000	6431.55800000	6404.74600000	6385.58600000	6379.04600000	6370.86200000	6397.90200000	6393.22400000	6474.82200000	6463.96400000	6360.85400000	6346.41000000	6373.93800000	6380.31200000	6373.61000000	6364.33400000	6344.39800000	6336.78600000	6445.86800000	6428.65200000	6447.71200000	6446.86400000	6346.73600000	6346.63800000	6347.72400000	6328.22800000	6331.82800000	6315.06800000	6376.33000000	6368.88600000	6382.73400000	6376.65200000	6378.06000000	6370.41600000	6397.69400000	6386.61800000	6330.71000000	6328.08000000	6311.34000000	6300.28400000	6355.84000000	6363.57200000	6395.07448000	6387.64040000
2829547738.69346714	6505.60000000	6494.82400000	6388.93400000	6368.38000000	6424.64000000	6413.11000000	6444.63800000	6431.16800000	6426.01400000	6417.39200000	6409.68200000	6386.87800000	6447.71400000	6442.60200000	6397.61400000	6388.39400000	6444.06400000	6440.66800000	6384.06200000	6379.49200000	6429.68800000	6429.92800000	6357.86400000	6343.93200000	6353.89800000	6339.23800000	6401.16600000	6392.26200000	6362.42000000	6361.27800000	6373.14400000	6364.79000000	6335.12400000	6314.23800000	6293.28200000	6275.70800000	6345.42800000	6356.42800000	6317.66200000	6299.98200000	6357.89800000	6352.37800000	6381.25200000	6376.45800000	6297.58200000	6287.68200000	6292.81400000	6294.43000000	6374.84200000	6363.39000000	6381.88104000	6372.60120000
2830050251.25628138	6455.24000000	6448.31000000	6436.99600000	6429.95600000	6369.77400000	6360.01200000	6410.23800000	6409.30200000	6469.58400000	6451.29400000	6372.84000000	6368.47800000	6387.07000000	6386.55200000	6473.07600000	6465.35800000	6461.22400000	6453.33400000	6458.27200000	6445.27600000	6336.75000000	6316.48800000	6349.45200000	6335.32200000	6372.04400000	6363.70600000	6358.58000000	6356.46600000	6382.78200000	6386.75200000	6301.71800000	6306.88800000	6327.92400000	6327.58400000	6329.70400000	6325.56600000	6385.65200000	6371.07400000	6367.94600000	6347.99400000	6356.90400000	6351.26400000	6342.23000000	6341.12800000	6285.96600000	6287.09600000	6279.28400000	6259.25200000	6368.85400000	6376.51800000	6377.60416000	6370.83880000
2830552763.81909561	6444.62800000	6437.06400000	6445.57400000	6443.45200000	6492.80000000	6475.29000000	6414.51200000	6386.86400000	6420.10800000	6428.49400000	6418.49200000	6392.00200000	6436.22200000	6429.08400000	6386.27800000	6389.97200000	6413.69000000	6411.02000000	6360.93200000	6340.93600000	6437.27200000	6434.10600000	6357.64600000	6353.88400000	6353.30600000	6359.12800000	6365.68600000	6350.83600000	6330.99200000	6320.78200000	6340.10200000	6319.49200000	6320.93400000	6314.41400000	6290.48000000	6285.55800000	6365.92600000	6345.34800000	6350.87200000	6342.62400000	6383.85200000	6370.31200000	6357.85800000	6341.90200000	6361.64400000	6348.66800000	6257.41400000	6256.44000000	6365.42200000	6344.06600000	6378.90568000	6368.86952000
2831055276.38190937	6435.13000000	6419.44600000	6466.10800000	6462.91200000	6460.38200000	6448.68200000	6472.80000000	6469.66600000	6448.60600000	6430.57600000	6361.88000000	6345.23800000	6385.31000000	6376.02800000	6365.47000000	6362.49600000	6428.57600000	6413.48400000	6363.88400000	6363.25600000	6348.91000000	6355.56200000	6360.38000000	6339.93600000	6345.66800000	6334.46200000	6393.23800000	6383.64200000	6425.66200000	6419.85000000	6332.28600000	6335.55000000	6368.72600000	6356.95000000	6331.99400000	6321.44200000	6342.12200000	6327.79800000	6388.07400000	6380.17400000	6373.30200000	6366.22800000	6368.69200000	6366.31800000	6293.49000000	6295.80400000	6267.06200000	6260.51000000	6366.81600000	6364.95600000	6379.78272000	6372.03864000
2831557788.94472361	6501.38400000	6495.41800000	6365.79800000	6366.69200000	6432.85800000	6428.87200000	6423.84400000	6415.08800000	6389.88800000	6388.58800000	6403.89000000	6395.57400000	6467.05600000	6452.33200000	6421.87000000	6413.92600000	6413.24400000	6410.57000000	6397.55000000	6385.01200000	6418.02800000	6424.58400000	6338.48600000	6345.52600000	6366.76000000	6358.01600000	6372.17600000	6366.00600000	6351.88800000	6335.90400000	6359.80400000	6343.64600000	6308.13800000	6306.37000000	6297.84800000	6287.89000000	6347.61600000	6346.13000000	6284.71800000	6271.12000000	6377.13000000	6361.99400000	6384.56600000	6373.61200000	6336.81400000	6339.95400000	6278.39600000	6265.44800000	6329.92600000	6340.58400000	6374.78704000	6368.75424000
2832060301.50753784	6499.72600000	6497.73600000	6476.68200000	6471.28800000	6470.17600000	6464.14000000	6423.75600000	6409.50200000	6429.56000000	6424.00000000	6479.92000000	6469.51400000	6372.82800000	6356.30800000	6402.85200000	6394.15800000	6487.21600000	6478.10000000	6379.71400000	6359.93800000	6438.61800000	6421.10600000	6369.09000000	6347.49600000	6340.35200000	6345.52000000	6381.47400000	6368.99800000	6405.32200000	6391.72200000	6378.44000000	6371.82600000	6374.94000000	6364.65400000	6335.83400000	6323.42200000	6356.17600000	6346.88600000	6379.31200000	6385.13000000	6396.95200000	6391.10000000	6293.35200000	6292.50200000	6340.45000000	6351.23800000	6323.03600000	6332.48800000	6331.94000000	6331.03800000	6394.70872000	6387.59240000
2832562814.07035160	6505.30200000	6503.38200000	6409.57400000	6388.79800000	6431.40200000	6410.87400000	6442.66000000	6433.74200000	6417.07000000	6408.04600000	6405.96200000	6397.11000000	6390.45200000	6392.33400000	6387.76000000	6380.74800000	6417.55600000	6420.36200000	6427.23400000	6415.42400000	6396.68800000	6387.19600000	6416.19400000	6422.03600000	6352.02000000	6338.77600000	6371.60400000	6361.69800000	6365.65400000	6346.30400000	6372.72600000	6350.61400000	6331.56400000	6319.91400000	6397.45800000	6383.54000000	6342.00000000	6347.50000000	6359.31000000	6361.23600000	6350.10800000	6331.20400000	6340.30400000	6325.47400000	6345.81400000	6345.34600000	6314.15600000	6310.18600000	6335.42200000	6328.32400000	6385.03976000	6376.40672000
2833065326.63316584	6496.45800000	6497.07800000	6416.39400000	6413.96000000	6457.58400000	6445.09600000	6449.28000000	6437.19200000	6417.87000000	6413.32600000	6408.28400000	6415.05200000	6354.95200000	6344.07800000	6430.70400000	6415.71200000	6452.49200000	6442.98400000	6455.23600000	6434.24800000	6406.22200000	6394.97800000	6422.28400000	6417.84400000	6370.55400000	6359.85000000	6392.55400000	6379.09600000	6356.55000000	6360.96200000	6342.15400000	6332.12800000	6373.59000000	6363.18200000	6359.07000000	6344.53000000	6375.83600000	6364.11400000	6407.90200000	6401.80400000	6390.54200000	6388.38000000	6345.11600000	6342.94200000	6332.52200000	6335.72400000	6283.03800000	6292.03600000	6335.11200000	6319.80200000	6393.29200000	6386.24392000
2833567839.19598007	6492.39800000	6488.13800000	6486.52400000	6478.07600000	6493.90000000	6478.64600000	6425.11800000	6418.31000000	6404.39200000	6391.99200000	6418.26600000	6395.15400000	6363.87200000	6368.86600000	6458.13400000	6437.95200000	6460.33200000	6451.35400000	6403.94400000	6385.34600000	6409.45000000	6401.56400000	6373.08200000	6358.51800000	6390.54600000	6383.93200000	6368.51600000	6355.95000000	6349.62400000	6349.27200000	6408.80400000	6401.03200000	6339.14000000	6340.06800000	6325.07400000	6315.00800000	6379.77800000	6368.99200000	6368.14400000	6355.22400000	6323.41400000	6318.31200000	6351.18800000	6350.27600000	6344.20000000	6339.75600000	6289.31200000	6290.64200000	6324.02200000	6309.33200000	6390.04696000	6381.26848000
2834070351.75879383	6546.96400000	6532.23200000	6436.89000000	6425.30800000	6443.72000000	6435.18000000	6453.50000000	6450.73800000	6403.24800000	6392.74400000	6409.24800000	6407.75400000	6396.71200000	6381.56800000	6442.21800000	6434.16400000	6442.48600000	6428.48600000	6425.77200000	6410.33800000	6447.74800000	6450.89600000	6380.20800000	6379.74600000	6364.81000000	6360.37800000	6334.66200000	6324.32400000	6347.20800000	6338.16800000	6349.31400000	6354.22000000	6310.14200000	6311.96600000	6275.39400000	6285.00600000	6336.79800000	6320.49600000	6387.87800000	6380.02800000	6347.93600000	6328.77600000	6326.53400000	6315.14800000	6367.37400000	6358.80800000	6380.28000000	6363.10600000	6315.28400000	6298.53000000	6386.89312000	6378.72432000
2834572864.32160807	6494.91400000	6474.61000000	6447.33600000	6435.17400000	6454.19200000	6450.68000000	6446.91600000	6440.32600000	6445.09400000	6427.74000000	6454.95200000	6430.70200000	6377.63200000	6374.54200000	6399.25800000	6383.44800000	6444.05400000	6430.71200000	6408.49200000	6395.98000000	6383.85000000	6372.95400000	6377.33400000	6363.30200000	6367.38600000	6348.24600000	6347.48200000	6330.41400000	6392.69600000	6378.97600000	6312.64000000	6296.45800000	6315.29400000	6302.82800000	6338.01800000	6324.49400000	6354.60000000	6342.58800000	6363.62600000	6355.13200000	6353.98800000	6348.52800000	6364.44400000	6349.96800000	6356.90600000	6340.23200000	6390.70400000	6373.05400000	6329.98000000	6313.92200000	6388.87152000	6375.40040000
2835075376.88442230	6459.44200000	6449.22600000	6447.02800000	6441.14000000	6434.18400000	6422.05600000	6383.60400000	6391.37400000	6466.27200000	6449.11800000	6453.65600000	6445.87600000	6396.45000000	6381.39800000	6387.20800000	6369.83000000	6448.13800000	6443.60800000	6407.80800000	6406.16600000	6363.79000000	6361.04000000	6386.22000000	6369.07600000	6377.71600000	6366.32200000	6358.22200000	6355.97800000	6346.38600000	6331.68000000	6358.47200000	6360.87600000	6352.38200000	6335.15400000	6417.19000000	6403.90800000	6365.60800000	6364.97800000	6394.72000000	6379.49000000	6356.22000000	6352.61200000	6298.01800000	6288.75400000	6373.95800000	6358.47200000	6309.95000000	6298.99600000	6368.20000000	6346.73400000	6388.43368000	6378.95448000
2835577889.44723606	6445.44600000	6440.71400000	6385.67600000	6379.62800000	6448.06800000	6452.08800000	6430.08400000	6429.11600000	6476.84600000	6452.78600000	6400.51000000	6379.34800000	6450.96200000	6445.58400000	6407.59200000	6395.53800000	6445.87600000	6431.45200000	6391.82400000	6386.46000000	6438.15800000	6432.68800000	6339.76400000	6319.29400000	6319.95800000	6307.05800000	6378.76200000	6374.16800000	6397.59800000	6396.28600000	6377.36000000	6358.02000000	6321.74600000	6325.76200000	6336.34400000	6318.62400000	6351.25200000	6349.21000000	6310.78000000	6312.36600000	6327.32400000	6326.35400000	6356.55000000	6345.24000000	6330.42400000	6312.91200000	6311.47200000	6308.57200000	6376.25000000	6377.88600000	6382.26504000	6374.28616000
2836080402.01005030	6447.33400000	6441.65600000	6484.02800000	6479.47800000	6473.30800000	6458.66000000	6463.63800000	6469.61200000	6437.20400000	6429.73400000	6404.25600000	6387.68400000	6374.41600000	6347.03400000	6444.22600000	6425.73200000	6423.96400000	6415.41600000	6388.60000000	6383.13000000	6337.51000000	6335.06200000	6416.69600000	6413.39000000	6388.62400000	6382.86600000	6356.55200000	6353.05400000	6418.03800000	6401.23200000	6327.49400000	6322.37000000	6292.57200000	6292.51200000	6323.87200000	6320.72000000	6376.08800000	6369.79800000	6330.61200000	6330.93400000	6354.00200000	6353.01800000	6384.02800000	6379.13200000	6303.06600000	6297.41600000	6350.10200000	6340.10600000	6325.05400000	6319.98000000	6385.01136000	6377.98904000
2836582914.57286453	6486.07400000	6475.77400000	6374.36800000	6369.78800000	6415.08200000	6402.22800000	6398.51200000	6383.35800000	6417.67400000	6424.85800000	6419.58800000	6411.12000000	6453.68000000	6448.88800000	6468.25400000	6464.59400000	6382.27000000	6382.84000000	6443.55400000	6422.22600000	6396.98000000	6392.36000000	6378.41200000	6374.71400000	6337.68800000	6347.14800000	6324.48000000	6326.11200000	6362.14800000	6350.42600000	6297.21600000	6284.35400000	6296.96400000	6307.17400000	6310.91200000	6289.45200000	6388.23200000	6372.15600000	6311.31000000	6307.14200000	6367.56000000	6349.63600000	6354.07400000	6343.73400000	6309.28200000	6303.96800000	6280.49200000	6258.48800000	6353.88200000	6328.89400000	6373.14752000	6364.85728000
2837085427.13567829	6438.19200000	6426.25000000	6421.63800000	6403.77800000	6411.78600000	6400.65000000	6432.45000000	6420.84000000	6431.84600000	6416.98400000	6371.40400000	6359.49600000	6465.23600000	6452.50200000	6480.85200000	6473.64600000	6432.85200000	6423.22800000	6452.94200000	6444.60800000	6333.18800000	6313.31400000	6368.55400000	6357.09400000	6375.88600000	6365.94000000	6358.22200000	6347.59400000	6360.24000000	6354.30400000	6306.38000000	6299.78600000	6328.83000000	6312.14000000	6337.58000000	6335.46000000	6376.56400000	6359.58800000	6351.62400000	6330.80000000	6374.04400000	6370.38800000	6349.55800000	6341.65200000	6282.47400000	6289.71600000	6250.28800000	6231.25800000	6374.10000000	6364.23000000	6378.66920000	6367.80984000
2837587939.69849253	6499.92800000	6483.38600000	6427.33000000	6421.76600000	6438.79800000	6424.43800000	6473.89400000	6467.58000000	6500.02400000	6498.60400000	6440.62200000	6437.22600000	6426.68400000	6421.51400000	6420.87800000	6396.52600000	6398.35600000	6395.28600000	6357.90400000	6335.99200000	6394.19400000	6384.68000000	6358.27600000	6363.05400000	6366.86400000	6361.86000000	6357.96000000	6352.69400000	6345.21000000	6332.68200000	6372.13400000	6360.71400000	6317.99600000	6304.86000000	6357.05200000	6342.56200000	6332.39600000	6337.74800000	6424.05000000	6424.90200000	6319.51600000	6310.89800000	6340.63400000	6331.52800000	6406.53200000	6393.63600000	6366.69000000	6354.42600000	6381.56400000	6367.58600000	6393.01944000	6384.24592000
2838090452.26130676	6458.84000000	6439.22600000	6419.09600000	6416.75800000	6470.06800000	6455.43200000	6434.11800000	6421.46800000	6471.07000000	6457.61200000	6371.30800000	6365.29000000	6402.95000000	6386.79600000	6448.49200000	6435.93000000	6450.23000000	6437.06400000	6354.71800000	6337.89600000	6435.17000000	6423.67000000	6331.68600000	6329.66000000	6354.10600000	6337.67000000	6397.70400000	6387.77600000	6407.49400000	6396.32200000	6407.49800000	6400.91800000	6346.83000000	6335.54000000	6337.35800000	6321.26200000	6396.05600000	6378.84600000	6328.51600000	6317.03600000	6309.81000000	6300.77400000	6346.94800000	6340.39200000	6334.70400000	6346.39000000	6317.29000000	6308.60400000	6363.86400000	6363.34400000	6387.83696000	6377.66704000
2838592964.82412052	6481.51400000	6479.81600000	6390.17400000	6392.20400000	6431.12600000	6429.42800000	6499.82600000	6485.15000000	6396.09400000	6397.90000000	6409.26800000	6399.54200000	6413.72000000	6403.53400000	6349.97400000	6350.56800000	6383.35400000	6374.03400000	6370.50800000	6359.46400000	6387.33400000	6375.62400000	6417.66000000	6413.74800000	6291.50600000	6285.39800000	6360.04600000	6351.23800000	6413.60200000	6403.94200000	6322.25200000	6309.80400000	6329.16800000	6316.11400000	6339.64600000	6331.43800000	6280.88800000	6290.87000000	6349.44200000	6344.92800000	6367.22600000	6358.34600000	6401.07400000	6382.89400000	6295.89600000	6297.16000000	6280.95400000	6278.88400000	6380.16200000	6377.23400000	6373.69656000	6367.57048000
2839095477.38693476	6503.10800000	6501.74000000	6413.87000000	6404.09600000	6492.44400000	6481.56200000	6432.69200000	6425.29800000	6361.99600000	6359.17200000	6408.31800000	6412.01000000	6390.33200000	6384.75800000	6382.23000000	6370.01000000	6421.53800000	6419.00400000	6385.87600000	6367.98000000	6402.34800000	6390.14200000	6385.69800000	6374.07200000	6329.50800000	6325.76600000	6399.43200000	6397.33400000	6403.57800000	6408.36600000	6315.97400000	6306.81800000	6310.55200000	6310.03400000	6308.10600000	6314.65400000	6373.53400000	6361.19200000	6339.97200000	6318.11400000	6370.04600000	6360.87200000	6413.17600000	6405.55600000	6327.27000000	6317.05000000	6257.11000000	6269.87800000	6349.30800000	6330.86000000	6379.12064000	6372.65352000
2839597989.94974852	6455.29000000	6446.34400000	6495.62600000	6494.09200000	6449.99400000	6439.87600000	6438.75000000	6445.62800000	6463.75800000	6457.29400000	6443.40600000	6439.03800000	6370.88600000	6363.00000000	6352.39800000	6341.72800000	6389.96600000	6375.21600000	6349.51200000	6339.91000000	6375.62200000	6374.05000000	6378.97000000	6367.89200000	6319.20600000	6319.99000000	6371.81600000	6358.45000000	6418.76800000	6421.02600000	6374.57800000	6361.61400000	6347.00400000	6336.73400000	6397.59400000	6376.58600000	6357.38600000	6329.80600000	6338.74200000	6332.92400000	6349.35400000	6347.51600000	6313.66000000	6313.86000000	6362.29600000	6364.71600000	6282.88000000	6283.61600000	6361.60800000	6363.37600000	6382.36280000	6375.77128000
2840100502.51256275	6512.76600000	6505.33800000	6442.11400000	6437.41400000	6500.69400000	6485.05800000	6431.69600000	6417.60600000	6400.43200000	6399.03600000	6411.69200000	6392.29400000	6392.46600000	6392.25400000	6452.96200000	6442.73200000	6451.06000000	6442.31400000	6386.73400000	6389.83800000	6446.92000000	6435.54800000	6391.41600000	6390.04600000	6367.72000000	6369.14200000	6358.15600000	6350.90600000	6323.51600000	6324.93000000	6357.64800000	6353.24600000	6345.01200000	6330.50200000	6314.54800000	6309.19800000	6391.30800000	6377.21600000	6361.98400000	6352.13800000	6301.78400000	6288.63200000	6333.05800000	6327.90000000	6347.76400000	6337.36600000	6346.70400000	6337.28600000	6350.06800000	6345.08600000	6388.80888000	6381.32104000
2840603015.07537699	6479.13800000	6478.17200000	6435.63000000	6432.37600000	6443.97000000	6442.40200000	6438.63200000	6440.52800000	6444.89000000	6431.73000000	6398.87000000	6398.16800000	6411.29000000	6399.55600000	6384.57000000	6375.09800000	6457.76400000	6456.69800000	6393.45800000	6398.47200000	6369.13800000	6357.23800000	6396.52600000	6369.12200000	6367.45800000	6357.17400000	6378.38400000	6362.85400000	6345.51600000	6356.69400000	6341.16400000	6341.13600000	6356.71000000	6352.22000000	6415.67400000	6398.02400000	6366.86400000	6354.24200000	6396.67600000	6389.59800000	6334.16000000	6328.07000000	6361.27400000	6351.45600000	6345.39000000	6337.62600000	6296.19400000	6282.36000000	6342.60800000	6350.43200000	6388.07792000	6381.65784000
2841105527.63819075	6413.18600000	6410.28200000	6440.76800000	6434.97400000	6510.34800000	6504.53800000	6379.99600000	6389.88400000	6411.85000000	6396.09200000	6357.36800000	6348.68600000	6428.90000000	6422.78600000	6467.24400000	6462.90000000	6443.25800000	6451.88400000	6395.55800000	6386.00400000	6443.92800000	6424.28600000	6368.77800000	6354.60200000	6415.78600000	6411.60600000	6391.06600000	6387.55600000	6340.62000000	6329.82600000	6313.50600000	6306.93400000	6309.06600000	6306.44400000	6343.95200000	6331.72800000	6382.98400000	6380.02200000	6403.18200000	6401.42600000	6365.42200000	6357.64000000	6370.43800000	6360.97800000	6330.51000000	6334.46800000	6249.34800000	6246.18200000	6364.62800000	6363.80200000	6385.66760000	6380.22120000
2841608040.20100498	6492.79800000	6495.69800000	6400.82800000	6396.13800000	6405.25000000	6384.22400000	6373.48800000	6359.99000000	6452.37400000	6437.59200000	6408.52800000	6403.41600000	6425.64400000	6416.20800000	6460.67800000	6450.77000000	6431.39800000	6425.81400000	6403.23400000	6390.13000000	6350.95000000	6361.35800000	6324.58000000	6304.79000000	6330.44400000	6328.28400000	6337.12200000	6333.68200000	6376.18000000	6375.98000000	6288.22400000	6277.74400000	6297.05000000	6294.11400000	6307.02200000	6307.01400000	6348.41400000	6356.03600000	6343.25200000	6344.01800000	6371.36000000	6352.90800000	6372.25000000	6363.06800000	6318.89000000	6311.44200000	6268.75200000	6267.27200000	6335.70600000	6324.46000000	6368.97664000	6362.48600000
2842110552.76381922	6540.90000000	6527.31200000	6387.83400000	6389.70400000	6491.08800000	6474.08200000	6439.85800000	6429.11800000	6375.95400000	6376.82600000	6432.01000000	6431.70000000	6425.36800000	6416.00400000	6429.45000000	6429.50600000	6388.91600000	6380.07800000	6427.65000000	6412.07600000	6418.86800000	6419.09400000	6427.82800000	6429.52800000	6350.54400000	6335.34200000	6343.75200000	6343.04400000	6342.78400000	6334.82400000	6381.44200000	6387.39600000	6315.64600000	6326.05400000	6330.28200000	6343.75400000	6349.33000000	6326.93800000	6319.90200000	6325.36800000	6325.37600000	6311.87200000	6382.62400000	6379.44800000	6338.64400000	6336.06400000	6325.86400000	6314.65800000	6324.23800000	6319.40800000	6384.64608000	6379.96792000
2842613065.32663298	6486.40800000	6483.63800000	6453.81800000	6451.80400000	6458.98400000	6462.00400000	6395.58800000	6376.74400000	6467.36600000	6467.86200000	6452.60600000	6461.78000000	6426.22400000	6422.51400000	6408.65800000	6407.13800000	6419.63000000	6415.62800000	6374.40200000	6361.74800000	6389.17000000	6395.94800000	6352.06000000	6346.75800000	6329.35400000	6334.30800000	6346.77600000	6345.12800000	6350.45600000	6353.82400000	6346.09800000	6328.85200000	6284.57000000	6287.40200000	6349.49000000	6350.10600000	6299.49600000	6305.82000000	6389.80800000	6391.09200000	6342.12800000	6334.90200000	6336.96800000	6319.45600000	6399.61200000	6402.69400000	6396.78000000	6391.97800000	6349.20400000	6344.90200000	6384.22616000	6381.76120000
2843115577.88944721	6525.96200000	6518.37400000	6354.09200000	6340.31400000	6430.89600000	6416.95800000	6435.77800000	6420.08800000	6379.51200000	6367.08800000	6416.45200000	6413.75600000	6419.06800000	6405.43000000	6409.11600000	6415.91200000	6451.41400000	6439.33200000	6453.23000000	6438.14000000	6364.05800000	6351.76400000	6440.33800000	6444.54800000	6319.06400000	6299.98200000	6346.57200000	6333.25200000	6333.37800000	6325.22000000	6322.10800000	6322.84000000	6314.25800000	6310.67400000	6361.29000000	6351.55600000	6340.97800000	6329.13000000	6364.88600000	6367.80800000	6364.33600000	6356.80400000	6354.85800000	6340.11000000	6297.22800000	6306.65000000	6318.68200000	6305.16200000	6348.61000000	6353.66200000	6378.64656000	6370.98216000
2843618090.45226145	6551.51000000	6541.51000000	6433.95600000	6434.98400000	6478.17400000	6478.29400000	6458.60400000	6457.04000000	6421.66200000	6416.99400000	6473.70600000	6460.42800000	6335.02800000	6341.03000000	6436.36400000	6435.72600000	6463.04200000	6455.81800000	6386.79800000	6376.92800000	6454.17400000	6451.82600000	6375.02400000	6367.33200000	6381.09400000	6381.13000000	6364.89000000	6361.79800000	6358.44200000	6355.75800000	6359.62600000	6349.64200000	6334.03400000	6330.09800000	6286.16400000	6281.23400000	6359.25200000	6355.44800000	6379.08000000	6369.95000000	6384.96400000	6375.56600000	6311.83000000	6311.22800000	6377.95600000	6372.71600000	6357.07600000	6345.13400000	6332.96200000	6325.88800000	6394.21648000	6389.34000000
2844120603.01507521	6519.14400000	6516.84400000	6412.43600000	6406.57000000	6455.77600000	6453.57600000	6453.19200000	6452.60200000	6451.16600000	6440.98000000	6392.05800000	6376.67800000	6369.44000000	6366.34800000	6400.04600000	6387.83200000	6449.86400000	6445.03200000	6466.32400000	6459.34400000	6400.89800000	6394.23400000	6438.90400000	6438.36400000	6359.91000000	6357.73200000	6378.02400000	6361.58000000	6356.12400000	6348.76600000	6359.49200000	6355.40000000	6339.15200000	6335.86200000	6384.22600000	6377.41200000	6355.34600000	6363.30000000	6372.62200000	6365.22800000	6399.77200000	6406.82000000	6359.67000000	6366.83000000	6327.01200000	6313.55400000	6287.62200000	6288.27400000	6347.07400000	6327.12800000	6393.41176000	6388.25160000
2844623115.57788944	6483.15400000	6481.16400000	6483.57000000	6482.21600000	6443.19200000	6434.33600000	6441.66200000	6436.05800000	6465.12600000	6470.79000000	6440.22400000	6441.25000000	6368.06800000	6355.68400000	6390.18200000	6394.84800000	6459.30800000	6456.93600000	6387.90400000	6380.86600000	6359.41000000	6337.68800000	6349.15600000	6332.89200000	6367.10800000	6352.34600000	6363.08600000	6347.96000000	6403.00200000	6402.42000000	6330.49400000	6329.37600000	6322.09800000	6319.92800000	6360.81400000	6363.06600000	6332.91600000	6313.86600000	6371.48600000	6363.62200000	6327.05400000	6312.38600000	6350.47400000	6345.06600000	6347.09400000	6345.54400000	6374.62600000	6374.91200000	6324.66800000	6332.25400000	6385.83504000	6380.29896000
2845125628.14070368	6535.12800000	6541.42200000	6436.61800000	6434.30600000	6480.58400000	6477.51200000	6410.18200000	6405.24000000	6409.35600000	6401.37000000	6453.56800000	6445.57000000	6353.37400000	6346.18000000	6421.66200000	6418.74400000	6473.09000000	6477.84800000	6392.42800000	6384.24200000	6443.77000000	6430.70400000	6326.78400000	6335.10800000	6370.53400000	6362.41000000	6379.74800000	6362.85800000	6341.20600000	6341.63400000	6391.84200000	6388.60800000	6359.30400000	6356.93800000	6310.42800000	6304.68800000	6385.33400000	6392.00200000	6356.60200000	6356.46000000	6354.43000000	6360.87400000	6286.40800000	6287.99600000	6327.93800000	6331.51400000	6351.04200000	6353.77200000	6328.10200000	6323.27600000	6387.17848000	6384.85104000
2845628140.70351744	6438.80200000	6432.19200000	6393.62400000	6393.51600000	6493.64400000	6498.23400000	6385.77200000	6372.66200000	6409.65400000	6420.79200000	6406.36400000	6399.36600000	6462.72200000	6460.80600000	6414.01200000	6418.79400000	6419.31600000	6417.72200000	6383.19600000	6368.14600000	6448.70800000	6447.20800000	6312.05400000	6329.70400000	6395.27600000	6398.10800000	6347.44600000	6331.47600000	6316.03000000	6314.61600000	6308.36600000	6291.17600000	6280.08200000	6284.43000000	6314.36000000	6309.72600000	6381.47200000	6368.19400000	6366.91200000	6374.94200000	6383.94400000	6383.05200000	6393.29000000	6390.09200000	6369.23000000	6358.58800000	6282.06600000	6285.41400000	6346.65400000	6342.58400000	6378.11984000	6375.66160000
2846130653.26633167	6499.65200000	6489.68400000	6446.58400000	6452.56000000	6466.19200000	6461.43800000	6471.15000000	6466.17000000	6406.92200000	6400.75400000	6386.07400000	6383.77000000	6359.49800000	6349.76200000	6419.83400000	6413.79000000	6399.64200000	6394.05000000	6379.98600000	6375.28600000	6364.81800000	6362.97800000	6417.49200000	6414.99800000	6347.77200000	6351.81800000	6348.60800000	6352.92800000	6357.93600000	6353.12000000	6297.71400000	6290.63200000	6265.42600000	6273.66400000	6341.56200000	6346.28800000	6340.54600000	6330.44800000	6306.42200000	6302.40600000	6405.95200000	6403.61400000	6344.72400000	6345.13400000	6321.10600000	6321.24600000	6267.58000000	6263.97400000	6343.37800000	6333.35800000	6372.26280000	6369.35480000
2846633165.82914591	6488.35800000	6482.53000000	6431.69400000	6436.38200000	6451.19200000	6448.81200000	6464.62200000	6458.33400000	6510.04200000	6511.69600000	6408.34400000	6406.75000000	6407.80200000	6403.35000000	6439.83000000	6435.88000000	6434.43800000	6426.44600000	6302.67400000	6316.25600000	6338.40600000	6335.21600000	6345.78600000	6335.95200000	6369.77400000	6369.45600000	6388.98000000	6380.50000000	6374.79000000	6376.70000000	6341.83000000	6336.50400000	6339.79400000	6338.46400000	6370.83200000	6364.53200000	6313.18200000	6302.24600000	6416.28000000	6416.73000000	6353.04400000	6342.50000000	6296.25200000	6294.24000000	6375.67600000	6371.68400000	6359.32200000	6360.85800000	6347.31400000	6361.19600000	6386.81032000	6384.52856000
2847135678.39195967	6512.92400000	6510.72200000	6474.64400000	6485.17200000	6431.33600000	6441.91200000	6368.42000000	6383.26400000	6372.83400000	6375.24000000	6438.13000000	6440.53800000	6393.27400000	6399.54400000	6373.86400000	6375.45200000	6425.52000000	6419.40200000	6378.34400000	6379.77000000	6394.58400000	6404.27000000	6360.07600000	6350.01800000	6363.23400000	6353.56800000	6346.56400000	6352.50800000	6309.21600000	6309.64400000	6402.56400000	6401.49200000	6340.82400000	6327.33600000	6311.97400000	6298.98200000	6368.88600000	6374.01600000	6314.60600000	6301.40600000	6290.95400000	6290.92600000	6314.27200000	6317.20400000	6341.21600000	6344.53600000	6345.42400000	6348.00600000	6356.70000000	6361.41000000	6373.21536000	6373.85352000
2847638190.95477390	6476.39200000	6471.24600000	6375.79800000	6374.47800000	6468.92200000	6450.22600000	6503.73200000	6495.94400000	6394.88600000	6377.85800000	6413.46200000	6412.47000000	6398.93000000	6395.04800000	6388.56000000	6381.47400000	6368.86000000	6383.65600000	6382.94800000	6382.07800000	6375.80200000	6368.11800000	6433.57800000	6435.85000000	6327.35600000	6323.29800000	6331.83600000	6324.60000000	6394.57000000	6384.23600000	6288.68000000	6291.87200000	6306.07400000	6303.15400000	6289.66000000	6306.47800000	6342.66800000	6335.14000000	6369.97800000	6354.01000000	6399.11400000	6393.85200000	6401.04600000	6403.69000000	6289.40800000	6288.33200000	6281.26600000	6284.02400000	6360.83600000	6355.56800000	6374.57448000	6371.06800000
2848140703.51758814	6530.97000000	6536.75000000	6438.19800000	6434.99600000	6381.15200000	6378.58800000	6430.50200000	6426.57200000	6368.41400000	6372.89600000	6362.55000000	6363.14200000	6370.53400000	6375.41000000	6415.39200000	6416.78400000	6382.37800000	6382.05400000	6399.57600000	6397.54000000	6379.76200000	6362.79800000	6372.73200000	6370.84000000	6332.12800000	6348.85600000	6327.24000000	6321.65800000	6379.68400000	6377.52600000	6328.35000000	6337.64200000	6296.79200000	6297.45000000	6268.55200000	6277.75600000	6308.47600000	6294.62200000	6381.14400000	6374.54600000	6323.45000000	6328.02200000	6296.98200000	6304.04000000	6363.26400000	6360.00200000	6390.82000000	6377.38400000	6261.25200000	6279.87200000	6363.61176000	6363.90984000
2848643216.08040190	6474.55000000	6470.62600000	6373.28400000	6372.65000000	6509.98600000	6508.09800000	6454.64600000	6452.62000000	6423.20000000	6402.66800000	6404.91000000	6403.08400000	6371.59400000	6374.54800000	6417.55400000	6408.34000000	6455.16800000	6454.01000000	6397.46600000	6396.24200000	6427.73800000	6425.82000000	6375.78600000	6382.11400000	6363.53800000	6358.08000000	6414.10600000	6416.24800000	6403.16600000	6392.55600000	6320.49600000	6318.36200000	6320.41200000	6324.83000000	6272.66000000	6262.11200000	6381.32600000	6378.61400000	6362.76600000	6373.54600000	6366.27400000	6363.50800000	6404.43600000	6407.99200000	6331.34800000	6334.76400000	6255.63000000	6253.23800000	6354.11800000	6352.04800000	6385.44632000	6383.46872000
2849145728.64321613	6411.15800000	6412.91400000	6397.35400000	6396.11800000	6439.30000000	6438.68200000	6395.21800000	6410.56600000	6401.08200000	6398.50200000	6354.22200000	6341.39200000	6455.49200000	6455.43000000	6450.75800000	6450.94000000	6398.27400000	6391.98600000	6413.56600000	6422.02400000	6348.76600000	6346.54400000	6349.64800000	6343.66000000	6364.99200000	6364.09400000	6355.38600000	6353.89400000	6333.40200000	6331.94800000	6290.05200000	6293.48600000	6359.81000000	6347.56600000	6335.01800000	6340.67200000	6389.02400000	6392.78200000	6400.93200000	6397.68000000	6373.58600000	6379.96200000	6358.08800000	6361.80400000	6304.58800000	6302.32200000	6252.01600000	6252.01800000	6353.57000000	6351.60000000	6371.41208000	6371.14344000
2849648241.20603037	6454.25800000	6451.21400000	6451.00600000	6449.38000000	6483.32600000	6487.88400000	6377.94400000	6387.38800000	6378.23800000	6373.19000000	6373.89600000	6368.58400000	6439.91000000	6441.00800000	6418.16600000	6410.65600000	6427.60600000	6430.69000000	6390.74200000	6383.67400000	6416.07600000	6418.75200000	6354.83600000	6356.06000000	6379.18800000	6377.86400000	6364.75400000	6377.93000000	6327.69400000	6334.76200000	6260.44000000	6255.79000000	6276.91200000	6278.35200000	6304.09400000	6320.35600000	6359.52200000	6338.28200000	6318.64600000	6326.82600000	6369.15800000	6375.20600000	6346.29200000	6355.94800000	6330.62400000	6332.54600000	6272.33400000	6289.59000000	6364.08600000	6364.23600000	6369.58992000	6371.44672000
2850150753.76884413	6475.20000000	6477.50800000	6478.47000000	6476.29000000	6461.93200000	6458.17600000	6457.96400000	6455.36800000	6405.28200000	6393.62400000	6441.95400000	6437.20800000	6351.68200000	6359.49600000	6395.60000000	6388.64200000	6352.66600000	6354.77600000	6372.62800000	6372.88600000	6351.85600000	6358.88600000	6398.25600000	6399.62400000	6347.11200000	6349.93200000	6382.89400000	6393.69200000	6416.83600000	6417.37400000	6321.99800000	6333.78400000	6300.72800000	6307.41800000	6364.63200000	6361.43200000	6376.86600000	6380.67200000	6322.93400000	6331.48000000	6393.31600000	6386.20200000	6315.83600000	6319.91000000	6309.61200000	6305.44000000	6265.36400000	6251.16400000	6345.95400000	6340.62600000	6376.30288000	6376.46440000
2850653266.33165836	6480.73600000	6480.98200000	6426.83000000	6419.91600000	6501.80600000	6507.85200000	6479.32600000	6479.68600000	6451.47600000	6451.61200000	6404.80000000	6399.33000000	6352.30600000	6360.87800000	6437.67800000	6436.01800000	6439.78400000	6445.55400000	6394.54200000	6397.03800000	6402.21800000	6383.94800000	6389.88000000	6392.70600000	6330.85600000	6334.86800000	6367.12200000	6359.79800000	6314.72600000	6322.73800000	6329.75800000	6326.56000000	6280.45000000	6279.50200000	6368.91800000	6374.23200000	6386.62200000	6381.60400000	6396.43400000	6394.66400000	6341.91800000	6346.96800000	6370.87400000	6385.81800000	6352.72200000	6346.26400000	6331.29600000	6322.83400000	6351.57000000	6341.24000000	6387.38592000	6386.90440000
2851155778.89447260	6489.09600000	6500.61000000	6469.79600000	6475.43200000	6378.43000000	6389.11200000	6406.86200000	6405.96800000	6415.13600000	6410.99000000	6468.62600000	6472.50400000	6416.03200000	6427.21600000	6392.22600000	6390.92600000	6432.25800000	6435.37200000	6392.94000000	6405.33400000	6419.61200000	6416.23800000	6371.02600000	6377.59200000	6346.68400000	6349.05400000	6302.42600000	6308.84600000	6363.72800000	6375.41200000	6395.78800000	6401.64800000	6316.57400000	6316.02000000	6308.43800000	6316.88200000	6286.80200000	6299.78800000	6344.56400000	6347.78600000	6338.48000000	6344.70400000	6348.40600000	6350.01000000	6346.62400000	6352.65600000	6297.74000000	6293.15800000	6281.68200000	6286.02400000	6373.19904000	6377.97128000
2851658291.45728636	6428.12200000	6434.77200000	6432.95400000	6431.71000000	6483.59800000	6491.64400000	6444.89200000	6454.03400000	6447.76800000	6448.14600000	6419.66800000	6421.38200000	6399.10800000	6403.43000000	6443.17800000	6430.21200000	6436.22600000	6445.88200000	6388.13600000	6396.68200000	6377.43000000	6380.82800000	6369.62200000	6376.06200000	6367.18800000	6368.96000000	6378.92400000	6378.68400000	6333.86800000	6348.88800000	6384.95600000	6397.45000000	6313.16600000	6317.67800000	6362.87400000	6359.25600000	6380.25200000	6388.37600000	6399.96600000	6416.41200000	6315.19800000	6316.28800000	6374.65600000	6379.19200000	6354.03800000	6361.34200000	6297.65600000	6312.87200000	6356.27600000	6355.43200000	6387.58880000	6392.62456000
2852160804.02010059	6505.90200000	6503.71200000	6400.43000000	6416.59400000	6445.84200000	6455.95800000	6440.74200000	6435.31000000	6371.32600000	6376.73000000	6405.54200000	6405.77600000	6350.55600000	6359.75400000	6397.81000000	6409.24200000	6444.34600000	6451.11000000	6377.44600000	6390.65000000	6410.00800000	6410.37000000	6416.78800000	6426.39200000	6349.78000000	6358.87800000	6341.44400000	6352.59200000	6296.56000000	6306.54800000	6290.16400000	6300.20000000	6283.30600000	6300.56200000	6357.18400000	6369.85400000	6364.82000000	6370.01400000	6364.90400000	6379.26800000	6325.15600000	6324.96600000	6349.27000000	6349.11600000	6356.20600000	6360.27800000	6307.76600000	6302.50000000	6316.98400000	6310.96800000	6370.81128000	6377.09368000
2852663316.58291435	6461.30000000	6475.52200000	6467.83400000	6472.86200000	6420.82200000	6434.49200000	6448.49000000	6452.03800000	6422.30000000	6428.57600000	6435.10400000	6448.40000000	6341.23600000	6352.81600000	6432.90400000	6447.15600000	6394.18200000	6405.30000000	6385.20800000	6398.15800000	6370.72800000	6389.11400000	6383.65400000	6394.70400000	6330.88600000	6345.90000000	6292.08600000	6294.85800000	6349.77600000	6359.51800000	6309.47600000	6315.56800000	6285.99200000	6292.59600000	6303.59200000	6321.22600000	6336.30000000	6353.39200000	6305.24000000	6311.84400000	6320.80800000	6324.19200000	6370.05400000	6379.89600000	6317.58600000	6326.27200000	6365.53200000	6374.17200000	6291.78800000	6292.14600000	6365.71512000	6375.62872000
2853165829.14572859	6476.39000000	6483.29200000	6436.52200000	6426.42600000	6470.02200000	6469.89000000	6438.41800000	6442.12800000	6413.16000000	6434.03800000	6369.44200000	6380.80000000	6393.23200000	6412.52000000	6335.24200000	6334.38200000	6430.52000000	6436.70600000	6340.52800000	6363.23000000	6398.15400000	6396.60400000	6368.69200000	6387.94200000	6289.44600000	6313.96800000	6398.56000000	6408.35200000	6400.65000000	6406.84400000	6319.88000000	6318.51200000	6318.25600000	6316.35000000	6311.97600000	6315.92200000	6318.02600000	6341.12800000	6306.77600000	6322.65000000	6350.53400000	6356.72600000	6379.25800000	6386.23400000	6326.61800000	6324.55400000	6301.77800000	6307.61200000	6351.41800000	6352.92400000	6369.73992000	6377.58936000
2853668341.70854282	6401.20600000	6409.29600000	6439.52000000	6447.92000000	6468.10200000	6465.94600000	6421.61600000	6429.17600000	6420.73200000	6428.39000000	6340.30600000	6358.49800000	6379.35800000	6393.22400000	6399.69800000	6409.75800000	6443.73000000	6447.31400000	6370.33000000	6377.62600000	6376.93000000	6390.52000000	6338.73800000	6353.44800000	6367.58600000	6377.17600000	6383.53600000	6398.52800000	6333.32000000	6350.66800000	6332.67400000	6345.27400000	6301.35800000	6316.50000000	6315.68600000	6332.16400000	6330.23000000	6338.75800000	6316.77600000	6320.04800000	6330.90000000	6350.61600000	6280.43800000	6297.96800000	6302.12000000	6315.69400000	6280.46000000	6287.11000000	6343.27800000	6361.05200000	6360.74512000	6372.10688000
2854170854.27135658	6503.30000000	6512.33600000	6482.09600000	6493.31000000	6461.90000000	6476.29000000	6382.22400000	6383.38600000	6403.44800000	6405.50600000	6422.21800000	6444.29000000	6360.47800000	6362.43400000	6392.45800000	6389.12800000	6459.12600000	6467.74400000	6376.66800000	6382.32600000	6409.41000000	6418.64200000	6346.45200000	6356.84000000	6369.34400000	6383.39400000	6338.14600000	6345.92800000	6333.51800000	6340.95400000	6353.55400000	6359.62400000	6310.72400000	6331.08000000	6317.27200000	6342.01800000	6380.22400000	6388.54400000	6333.44200000	6346.34800000	6293.94800000	6311.83000000	6288.16800000	6296.76000000	6300.68800000	6311.29800000	6313.94800000	6335.88200000	6329.19600000	6345.43200000	6370.47800000	6381.25296000
2854673366.83417082	6478.27400000	6496.53400000	6425.00600000	6448.04800000	6493.01000000	6511.96800000	6380.68800000	6385.64400000	6398.89400000	6418.11200000	6386.96400000	6412.69000000	6309.22200000	6319.51000000	6438.32800000	6456.67200000	6430.66600000	6447.41200000	6409.15400000	6405.94800000	6383.75600000	6406.63400000	6382.38400000	6388.94400000	6357.75800000	6371.41000000	6382.54400000	6384.10800000	6329.41200000	6341.77000000	6361.52400000	6374.27800000	6313.39200000	6342.65600000	6322.43200000	6337.49600000	6336.14200000	6360.03000000	6327.95200000	6350.32400000	6319.23400000	6337.51400000	6312.48000000	6329.78800000	6313.95000000	6340.69600000	6262.39600000	6286.85200000	6328.82600000	6343.02600000	6367.37552000	6383.92256000
2855175879.39698505	6503.28000000	6516.58000000	6328.34200000	6361.58600000	6425.12800000	6440.11200000	6382.63800000	6387.27000000	6346.29800000	6373.01000000	6389.26200000	6404.59600000	6434.66600000	6443.10200000	6361.39200000	6384.86800000	6416.55200000	6433.32600000	6391.57400000	6397.83200000	6427.55800000	6455.72400000	6344.61000000	6359.74000000	6340.10200000	6368.58000000	6347.47400000	6364.52000000	6329.47800000	6348.70600000	6326.77000000	6338.49800000	6279.19400000	6306.19600000	6261.78000000	6299.57000000	6351.85200000	6360.99400000	6295.93600000	6311.70200000	6344.91800000	6364.04800000	6358.14800000	6380.63400000	6295.86400000	6305.80000000	6255.82800000	6274.67200000	6347.30000000	6345.37000000	6355.43776000	6373.08144000
2855678391.95979881	6487.42800000	6510.91600000	6435.89600000	6461.61200000	6349.18400000	6373.83600000	6391.56400000	6416.78600000	6389.20400000	6409.08200000	6406.56800000	6438.43600000	6372.51000000	6386.18000000	6390.83600000	6412.72400000	6361.55000000	6384.06000000	6347.57600000	6379.51400000	6415.12400000	6428.03000000	6325.04600000	6357.35400000	6298.75400000	6309.77400000	6311.54600000	6342.60200000	6340.26200000	6376.55400000	6338.83200000	6360.94200000	6286.60000000	6299.61000000	6264.77600000	6293.84800000	6330.85200000	6351.94200000	6337.10600000	6348.51000000	6282.01600000	6322.25000000	6294.17800000	6302.69600000	6356.08600000	6366.74000000	6367.50000000	6382.76800000	6273.61600000	6297.10400000	6350.18440000	6372.55480000
2856180904.52261305	6407.57000000	6437.29200000	6432.68400000	6451.34000000	6457.69000000	6471.29000000	6389.12600000	6410.63400000	6337.45800000	6348.10600000	6444.51400000	6461.93800000	6364.12600000	6381.54400000	6354.57000000	6383.84800000	6327.77200000	6352.58200000	6346.72000000	6369.95200000	6346.36600000	6369.59200000	6343.09200000	6370.80000000	6272.63400000	6304.43400000	6316.67400000	6344.21200000	6353.32200000	6368.17600000	6322.83800000	6355.19600000	6279.29800000	6304.84400000	6308.46400000	6343.47200000	6335.44600000	6367.68400000	6278.71400000	6290.70600000	6316.15400000	6330.88800000	6319.24000000	6336.72400000	6300.88200000	6316.30400000	6301.62400000	6333.25000000	6352.22800000	6366.14000000	6344.36824000	6366.83792000
2856683417.08542728	6475.23200000	6497.38600000	6370.79000000	6393.02200000	6464.21400000	6494.07800000	6378.45800000	6408.94400000	6392.06800000	6404.10800000	6361.73800000	6389.76400000	6377.90600000	6407.58400000	6390.33600000	6409.51800000	6422.49800000	6445.92800000	6383.31400000	6396.31200000	6390.16600000	6408.10000000	6331.96400000	6363.73400000	6351.55600000	6373.16000000	6366.12800000	6398.96800000	6353.46400000	6379.83600000	6344.93000000	6365.63000000	6295.34200000	6324.59400000	6269.41400000	6294.36000000	6375.62800000	6397.01200000	6287.31800000	6323.52200000	6290.26400000	6318.94000000	6346.32400000	6380.84000000	6315.88600000	6333.35000000	6284.84200000	6328.75200000	6318.29400000	6342.74200000	6357.52296000	6383.20736000
2857185929.64824104	6421.42000000	6444.70000000	6365.38600000	6393.19200000	6418.12000000	6442.15000000	6292.99000000	6327.56200000	6348.92400000	6381.36800000	6350.99600000	6368.68400000	6442.34200000	6465.40600000	6408.98200000	6436.49000000	6373.78600000	6397.22400000	6420.61200000	6443.19000000	6381.35000000	6407.93000000	6313.99800000	6347.16600000	6328.05200000	6351.56000000	6291.71600000	6310.65600000	6301.10400000	6330.48200000	6249.43800000	6284.76000000	6278.37200000	6308.79400000	6306.58600000	6358.25800000	6358.19200000	6381.74200000	6282.71600000	6315.96800000	6350.01200000	6377.06800000	6312.39800000	6343.69600000	6280.18600000	6307.03200000	6211.70200000	6254.88200000	6317.15000000	6348.53200000	6336.26120000	6365.13968000
2857688442.21105528	6466.84000000	6499.31400000	6376.03600000	6408.21200000	6443.43400000	6475.17800000	6431.98800000	6463.97600000	6400.01000000	6425.93400000	6381.77000000	6414.99000000	6355.55800000	6385.22600000	6355.11600000	6382.61000000	6348.36000000	6384.72200000	6366.38600000	6402.43000000	6352.70200000	6374.78200000	6392.23600000	6424.50200000	6293.66800000	6320.15400000	6312.22000000	6339.19600000	6353.18600000	6386.10200000	6284.15600000	6316.11000000	6269.67000000	6306.46000000	6276.05000000	6319.08600000	6310.97800000	6337.90400000	6330.81000000	6348.24800000	6386.13400000	6408.64600000	6310.09200000	6349.21000000	6270.07400000	6303.93200000	6263.55200000	6304.37000000	6334.26400000	6355.76800000	6346.61160000	6377.48248000
2858190954.77386951	6437.63200000	6460.01600000	6454.56200000	6496.94800000	6339.33600000	6378.50200000	6391.87200000	6425.78400000	6350.27800000	6386.64000000	6410.05200000	6450.06400000	6349.07200000	6385.26200000	6387.84800000	6421.32800000	6422.68600000	6452.10600000	6329.62600000	6367.11600000	6365.58600000	6388.97400000	6326.34600000	6374.39600000	6275.20000000	6290.93000000	6266.31200000	6319.31800000	6332.62600000	6365.84600000	6359.35200000	6394.55800000	6265.74400000	6294.04400000	6326.54400000	6350.72200000	6229.08600000	6270.72600000	6300.72600000	6333.48600000	6311.24200000	6355.34400000	6270.81000000	6304.40600000	6355.10600000	6383.23200000	6288.16800000	6328.81600000	6283.50600000	6311.47200000	6337.17272000	6371.60144000
2858693467.33668327	6344.33400000	6375.13000000	6378.39600000	6415.73800000	6397.39400000	6434.57600000	6368.45400000	6408.80600000	6398.22400000	6427.57000000	6359.44200000	6390.80800000	6397.39600000	6430.46200000	6425.35800000	6458.64600000	6382.34400000	6406.86000000	6404.62000000	6437.26600000	6319.60600000	6343.72600000	6328.07400000	6365.89400000	6362.41600000	6392.20800000	6292.79800000	6333.47400000	6270.02400000	6303.25600000	6284.95800000	6317.26600000	6278.86200000	6308.87000000	6326.43800000	6362.01600000	6355.45400000	6376.69400000	6336.24000000	6371.04200000	6306.79800000	6354.00200000	6310.05400000	6346.51800000	6231.48400000	6278.49600000	6221.86000000	6248.93000000	6346.75000000	6387.79400000	6337.11112000	6371.04192000
2859195979.89949751	6442.82600000	6474.04200000	6398.78200000	6438.01200000	6390.10400000	6424.78200000	6368.30600000	6406.02200000	6385.15400000	6431.59600000	6417.98000000	6454.42000000	6307.96800000	6346.52400000	6345.92400000	6398.71200000	6411.72000000	6445.04600000	6375.82400000	6408.27400000	6375.52800000	6425.20000000	6301.82600000	6336.91600000	6323.77600000	6365.17200000	6312.77800000	6348.80200000	6343.83800000	6385.35000000	6327.60800000	6359.09600000	6277.48400000	6324.32200000	6281.06800000	6313.54200000	6335.65000000	6376.58800000	6294.55800000	6356.50800000	6303.58400000	6351.89200000	6241.99400000	6275.06600000	6298.66200000	6337.34400000	6324.77400000	6368.25400000	6263.02800000	6303.85000000	6338.02976000	6378.21328000
2859698492.46231174	6355.38600000	6390.02200000	6359.46200000	6407.40600000	6378.11200000	6414.08600000	6374.68800000	6413.63200000	6403.59400000	6441.11800000	6354.79400000	6400.04400000	6394.31200000	6443.29200000	6426.81200000	6469.99800000	6358.80400000	6407.31800000	6347.39200000	6401.10600000	6301.89000000	6349.66800000	6250.31200000	6276.76200000	6316.48400000	6361.13200000	6315.33400000	6358.32400000	6315.78800000	6360.32200000	6273.55800000	6315.67800000	6290.60000000	6320.34800000	6280.07400000	6318.88600000	6299.46400000	6360.92800000	6321.12000000	6353.22800000	6309.32400000	6346.27800000	6310.44400000	6347.94000000	6241.29200000	6262.98000000	6218.40000000	6264.14400000	6323.11200000	6362.66800000	6324.82208000	6365.89232000
2860201005.02512550	6380.16000000	6428.62200000	6448.89000000	6497.75800000	6383.28000000	6424.23600000	6416.03400000	6460.20000000	6395.44800000	6439.05800000	6408.65400000	6449.16200000	6318.05600000	6367.77800000	6410.52200000	6445.58800000	6363.92200000	6425.42600000	6334.46800000	6383.29000000	6316.96200000	6356.84600000	6327.03000000	6375.58000000	6297.41600000	6349.11800000	6294.12000000	6340.11400000	6347.91800000	6400.67800000	6271.16000000	6315.36400000	6276.47800000	6323.61400000	6313.48200000	6352.46200000	6303.34200000	6351.40800000	6301.55400000	6346.80600000	6294.07200000	6329.83000000	6311.68200000	6350.42000000	6292.59400000	6327.22600000	6328.73400000	6378.73400000	6288.21600000	6320.78200000	6336.96776000	6381.60400000
2860703517.58793974	6407.26800000	6457.62400000	6428.94200000	6475.75400000	6402.24400000	6435.43800000	6372.07400000	6412.76400000	6434.35000000	6483.25000000	6394.97800000	6447.02200000	6338.77400000	6387.63800000	6366.18000000	6413.64200000	6362.77600000	6415.49800000	6307.29400000	6355.77000000	6264.03600000	6320.21000000	6284.80600000	6326.24800000	6306.73400000	6345.52800000	6309.68600000	6349.23800000	6325.60200000	6380.32600000	6298.48200000	6338.51600000	6268.30800000	6309.06600000	6325.99400000	6370.73800000	6244.89600000	6288.09000000	6354.48600000	6395.66800000	6292.62000000	6343.14400000	6273.92400000	6318.41000000	6340.42800000	6378.68400000	6326.92000000	6364.47600000	6285.09000000	6349.48200000	6332.67568000	6378.48896000
2861206030.15075397	6445.48000000	6487.54200000	6345.73600000	6399.20000000	6420.11000000	6477.03200000	6379.47200000	6435.66000000	6364.26000000	6414.72000000	6346.86000000	6390.63000000	6386.65800000	6436.99000000	6381.46400000	6439.71800000	6353.75800000	6411.88000000	6331.67000000	6375.55800000	6351.55800000	6407.78200000	6310.51600000	6361.20400000	6307.50800000	6353.90400000	6309.55600000	6360.52200000	6333.25200000	6377.01400000	6299.87400000	6356.42800000	6262.16000000	6305.39000000	6251.79400000	6302.39000000	6335.85200000	6395.53000000	6260.17600000	6316.22800000	6279.64200000	6331.32400000	6299.21600000	6352.12800000	6312.22200000	6357.31600000	6227.71600000	6278.41400000	6298.56200000	6347.78600000	6327.80288000	6378.89160000
2861708542.71356773	6465.92800000	6520.12200000	6356.68400000	6416.48200000	6414.79400000	6459.78600000	6383.32400000	6425.04600000	6369.53800000	6410.19200000	6387.48600000	6435.03800000	6329.49000000	6381.13400000	6339.81600000	6401.83000000	6344.89200000	6404.63200000	6348.31200000	6404.97400000	6327.83600000	6383.78000000	6308.90400000	6359.50800000	6277.69000000	6335.89800000	6267.55800000	6330.51000000	6305.14000000	6359.17200000	6242.30200000	6291.34200000	6219.24000000	6283.13400000	6276.81200000	6339.95600000	6264.19800000	6314.61800000	6277.37400000	6323.20200000	6316.95800000	6355.54200000	6323.01000000	6362.97200000	6304.19000000	6356.93400000	6339.36400000	6389.56000000	6244.76800000	6290.96800000	6321.42432000	6373.45328000
2862211055.27638197	6425.88600000	6493.42200000	6345.53800000	6405.07200000	6399.14000000	6466.27000000	6370.19400000	6424.58200000	6347.20600000	6406.73000000	6355.71800000	6414.27800000	6316.65200000	6367.11600000	6317.59400000	6379.81000000	6352.59600000	6413.52400000	6294.16400000	6357.01600000	6342.74000000	6381.96800000	6297.43800000	6370.52600000	6265.76400000	6320.74200000	6301.04200000	6352.87000000	6315.70000000	6380.45800000	6212.23400000	6269.38600000	6256.49400000	6310.51200000	6236.81800000	6318.02600000	6285.98800000	6357.29400000	6258.19600000	6301.76600000	6287.91800000	6346.16800000	6334.33600000	6388.61000000	6264.21800000	6321.71200000	6235.89000000	6291.49000000	6283.54000000	6344.31200000	6308.12016000	6367.34640000
2862713567.83919621	6407.78400000	6459.28400000	6391.73000000	6448.33400000	6361.07200000	6422.16800000	6375.74200000	6432.75800000	6352.23200000	6426.97400000	6379.03600000	6441.23400000	6320.84400000	6367.60600000	6352.23600000	6418.96000000	6379.33000000	6435.04800000	6345.46200000	6416.78000000	6311.75800000	6365.48200000	6336.79000000	6395.39800000	6316.44600000	6381.55400000	6329.51000000	6388.10400000	6298.21800000	6362.70000000	6285.34000000	6356.42800000	6285.84000000	6348.00200000	6324.45400000	6384.62800000	6281.61600000	6333.77000000	6327.31200000	6378.31800000	6317.06200000	6377.44600000	6256.92000000	6308.87000000	6297.25600000	6342.15200000	6220.68400000	6280.63200000	6255.25600000	6313.94200000	6324.39720000	6383.46288000
2863216080.40200996	6416.40200000	6469.12400000	6389.39200000	6441.82000000	6325.94000000	6373.59400000	6352.45800000	6408.07800000	6364.99800000	6424.10800000	6371.70600000	6430.82400000	6334.35800000	6402.79200000	6325.55400000	6385.97600000	6375.15600000	6430.25800000	6342.98600000	6406.23400000	6366.89600000	6438.13400000	6275.52200000	6345.11000000	6290.53400000	6339.94600000	6255.40800000	6312.83800000	6298.79000000	6363.10400000	6337.18800000	6392.02400000	6245.63400000	6302.45000000	6252.39400000	6322.38000000	6262.70400000	6333.66800000	6281.59200000	6348.83000000	6269.90000000	6330.90800000	6275.14400000	6325.75800000	6283.81800000	6338.48600000	6232.03000000	6283.27000000	6223.15200000	6289.81800000	6309.98624000	6369.58128000
2863718592.96482420	6492.13400000	6552.75400000	6386.76400000	6449.97200000	6385.20800000	6432.28400000	6329.36800000	6394.54400000	6292.87400000	6357.38000000	6354.67600000	6424.43400000	6343.29200000	6394.65800000	6363.61600000	6432.12000000	6384.47400000	6445.81200000	6330.35000000	6390.21400000	6369.70200000	6430.06400000	6303.37400000	6370.71400000	6277.26200000	6337.22400000	6272.30200000	6340.90200000	6240.10400000	6311.51400000	6297.58200000	6366.78600000	6264.84600000	6334.93000000	6215.27600000	6289.91000000	6300.74000000	6353.14800000	6265.46000000	6336.00200000	6237.02000000	6285.05400000	6260.35800000	6319.76600000	6274.39200000	6333.16200000	6295.16600000	6346.72600000	6276.07400000	6340.55800000	6312.49656000	6374.82528000
2864221105.52763844	6395.29400000	6457.75800000	6375.26600000	6434.34000000	6401.69200000	6463.42200000	6383.83000000	6463.56400000	6418.07000000	6481.09400000	6350.32000000	6427.18600000	6337.02600000	6409.59200000	6333.82400000	6394.16200000	6344.02400000	6401.21200000	6293.53000000	6369.72200000	6327.09000000	6404.95600000	6300.42800000	6368.92000000	6288.27800000	6355.14800000	6298.11200000	6372.62400000	6262.56400000	6321.58400000	6335.71600000	6409.50800000	6258.77800000	6321.25600000	6329.49200000	6389.62200000	6290.80600000	6348.93400000	6321.85400000	6378.17400000	6248.68000000	6311.82000000	6257.10400000	6325.17600000	6335.98000000	6395.57600000	6267.08800000	6329.46800000	6311.12800000	6374.77000000	6322.63896000	6388.38352000
2864723618.09045219	6425.92800000	6493.42200000	6414.79600000	6474.95600000	6297.70800000	6367.75000000	6369.06600000	6443.95800000	6313.06600000	6382.08400000	6378.13800000	6466.60800000	6313.06400000	6378.48000000	6373.45800000	6448.99400000	6319.14600000	6382.88600000	6303.05800000	6373.13200000	6341.39600000	6399.69400000	6316.91400000	6389.90000000	6281.63000000	6354.58000000	6273.98600000	6348.49400000	6309.05600000	6371.37800000	6317.37200000	6396.15600000	6237.99400000	6306.77200000	6223.44800000	6311.00200000	6182.87800000	6239.90000000	6331.91600000	6392.02200000	6278.87800000	6355.95600000	6209.57200000	6289.00200000	6309.81200000	6386.03000000	6275.61800000	6337.73800000	6268.06400000	6342.77600000	6306.63848000	6377.34680000
2865226130.65326643	6395.58400000	6461.61600000	6365.75800000	6428.83600000	6424.50600000	6495.90600000	6389.14000000	6454.96600000	6338.31400000	6403.54000000	6304.42600000	6369.16200000	6294.58000000	6374.88000000	6314.82200000	6392.33000000	6334.29600000	6394.27600000	6313.73800000	6378.95400000	6301.23600000	6367.91000000	6305.69000000	6376.84400000	6278.78600000	6343.27600000	6296.14200000	6364.34800000	6327.44000000	6395.84400000	6206.18200000	6287.12000000	6266.78200000	6336.28000000	6232.74200000	6298.59600000	6304.36600000	6367.12400000	6279.51400000	6349.73400000	6294.42400000	6358.92200000	6311.28800000	6374.32000000	6241.52600000	6297.30200000	6216.31200000	6277.44800000	6295.28600000	6355.57000000	6305.31520000	6372.20416000
2865728643.21608019	6421.48400000	6487.39200000	6316.30000000	6375.86000000	6413.88600000	6482.27200000	6378.72800000	6439.89400000	6378.22600000	6450.04400000	6366.35400000	6433.16200000	6373.61200000	6435.00200000	6306.93400000	6385.81800000	6310.36800000	6388.55600000	6319.76400000	6388.96600000	6331.76200000	6410.23600000	6307.23800000	6392.14400000	6262.47800000	6332.13600000	6279.05000000	6348.56800000	6215.26000000	6287.02800000	6291.39400000	6359.02600000	6210.27800000	6270.17600000	6300.91400000	6379.39400000	6268.62800000	6350.03800000	6298.02000000	6375.27800000	6257.01800000	6331.16600000	6304.43400000	6373.41800000	6337.66200000	6404.31600000	6284.15400000	6347.42800000	6286.42400000	6361.22600000	6312.81480000	6383.54176000
2866231155.77889442	6347.74200000	6411.90000000	6421.35000000	6486.00400000	6374.92000000	6442.72400000	6375.21000000	6454.94400000	6393.63800000	6462.98000000	6308.95600000	6388.52200000	6256.54000000	6325.21200000	6366.67200000	6427.87200000	6354.29000000	6427.69400000	6302.10600000	6363.99000000	6244.53800000	6305.88200000	6287.89800000	6358.28600000	6300.66400000	6372.51800000	6244.87600000	6312.70600000	6349.16800000	6427.29600000	6270.51400000	6333.91800000	6250.15400000	6317.06600000	6272.35000000	6332.19400000	6269.19000000	6331.31000000	6252.68400000	6314.46400000	6243.47600000	6303.66400000	6242.56400000	6311.21400000	6261.89000000	6334.88400000	6267.28400000	6342.87800000	6264.35200000	6336.14000000	6300.92104000	6369.05048000
2866733668.34170866	6473.29400000	6535.26200000	6360.66800000	6424.55800000	6382.15400000	6451.11800000	6325.95600000	6412.92400000	6290.66800000	6376.23000000	6360.40000000	6440.20000000	6326.07800000	6389.78200000	6353.42200000	6428.11400000	6412.19600000	6481.44600000	6294.24600000	6354.79800000	6349.46200000	6407.59800000	6277.16200000	6351.49400000	6284.32000000	6343.29800000	6272.40000000	6350.99600000	6235.44000000	6302.88600000	6304.09000000	6381.23800000	6243.97000000	6328.93400000	6230.89200000	6295.71600000	6262.23400000	6317.96200000	6263.11600000	6333.15800000	6246.86200000	6314.65400000	6243.58200000	6315.51200000	6307.12000000	6375.74000000	6297.47600000	6361.59400000	6266.07200000	6344.71400000	6306.53120000	6376.79704000
2867236180.90452242	6341.32600000	6398.25600000	6425.27600000	6503.14000000	6351.36200000	6416.28200000	6384.91000000	6456.86000000	6393.62600000	6462.45600000	6333.71000000	6393.69600000	6247.47200000	6307.91800000	6366.08600000	6433.90000000	6387.45600000	6452.87400000	6300.43400000	6369.45600000	6286.34800000	6346.36200000	6300.94800000	6366.08000000	6281.63400000	6351.20800000	6282.30000000	6347.12200000	6350.78400000	6421.15800000	6263.88800000	6323.96000000	6263.41200000	6341.01000000	6272.99200000	6339.10200000	6278.45800000	6339.91800000	6274.81000000	6339.09600000	6259.02200000	6324.91400000	6293.89400000	6355.19800000	6265.34800000	6344.09600000	6284.02200000	6356.02800000	6256.10000000	6339.46200000	6309.82472000	6377.18208000
2867738693.46733665	6420.16200000	6490.79600000	6384.40600000	6447.74200000	6352.08200000	6415.44800000	6385.97000000	6453.99000000	6350.46400000	6416.85000000	6368.31800000	6427.72800000	6290.30400000	6347.32000000	6359.24400000	6431.76000000	6365.36800000	6438.40800000	6336.28000000	6402.95000000	6390.29000000	6460.62200000	6295.68600000	6369.45800000	6308.15800000	6372.05400000	6284.21600000	6346.83600000	6321.62000000	6389.73600000	6317.37600000	6368.62800000	6258.49600000	6319.78000000	6250.76000000	6303.40200000	6221.92400000	6283.86000000	6340.71600000	6404.91200000	6318.68600000	6367.91400000	6238.87800000	6299.74200000	6300.76600000	6360.65800000	6277.45000000	6339.72800000	6263.76000000	6316.45000000	6320.05520000	6383.07088000
2868241206.03015089	6433.73800000	6503.39600000	6316.60800000	6372.96600000	6355.97800000	6410.75200000	6345.83400000	6406.43400000	6350.07000000	6417.44600000	6337.42400000	6392.98400000	6400.45400000	6474.81800000	6356.84200000	6420.39000000	6348.05600000	6404.40400000	6306.40600000	6369.32400000	6387.00600000	6463.78800000	6280.45800000	6349.43600000	6269.62000000	6348.21000000	6265.97000000	6330.99000000	6287.42400000	6351.02600000	6277.38200000	6328.28200000	6230.81600000	6306.79400000	6233.42200000	6291.54000000	6313.55400000	6374.55600000	6214.24000000	6266.17400000	6250.00200000	6309.18600000	6316.75000000	6376.89600000	6283.18400000	6343.79200000	6247.85400000	6309.71400000	6280.59200000	6337.45000000	6307.58736000	6370.42992000
2868743718.59296465	6391.08200000	6437.59400000	6367.27400000	6406.25600000	6387.04400000	6435.55800000	6371.57600000	6426.95400000	6383.28600000	6437.31800000	6297.33400000	6346.33200000	6350.74400000	6405.85400000	6329.41200000	6384.14400000	6398.18400000	6448.54800000	6315.70400000	6377.75000000	6339.60000000	6411.39200000	6268.05000000	6310.04600000	6263.71400000	6314.93200000	6368.54600000	6422.13400000	6358.73200000	6410.71000000	6308.83200000	6370.50800000	6312.45800000	6367.63400000	6266.92600000	6319.57800000	6320.31600000	6366.09000000	6287.74200000	6349.36600000	6279.67800000	6328.58600000	6320.47000000	6363.12000000	6285.92200000	6341.11800000	6281.54400000	6319.10200000	6319.34800000	6370.83600000	6326.94072000	6378.85840000
2869246231.15577888	6354.85800000	6406.84200000	6421.11400000	6460.31600000	6413.01600000	6454.75200000	6340.56600000	6392.73000000	6425.03600000	6484.08600000	6384.31600000	6443.20000000	6322.43600000	6378.31800000	6329.35000000	6377.92600000	6342.12200000	6395.15800000	6286.80400000	6322.79800000	6339.70200000	6386.60200000	6312.56800000	6359.18600000	6280.59600000	6314.90200000	6308.47400000	6363.54800000	6372.89400000	6413.96800000	6284.40200000	6328.06200000	6279.37600000	6322.48400000	6248.62600000	6287.53600000	6273.63600000	6312.98400000	6273.47000000	6326.67800000	6276.09800000	6324.14600000	6285.65000000	6332.69000000	6265.77200000	6305.68000000	6327.44600000	6357.04200000	6314.10000000	6350.26400000	6322.49712000	6368.07592000
2869748743.71859312	6447.83800000	6493.83600000	6391.17400000	6428.30000000	6377.99800000	6415.08400000	6377.35400000	6422.43800000	6378.08000000	6417.35800000	6435.55000000	6465.95000000	6327.94000000	6372.53000000	6347.32000000	6377.89000000	6407.99800000	6448.32400000	6375.84000000	6416.61800000	6398.80400000	6446.91400000	6315.72200000	6343.55400000	6313.27400000	6354.89800000	6332.71000000	6367.46000000	6340.93200000	6386.73400000	6304.41800000	6346.09000000	6286.02400000	6334.68000000	6252.62600000	6288.11600000	6339.49000000	6381.91400000	6336.19400000	6376.82200000	6305.90000000	6335.89600000	6288.33800000	6323.90200000	6267.73800000	6320.94200000	6274.18000000	6325.95200000	6236.07200000	6275.68200000	6338.38056000	6378.71536000
2870251256.28140688	6474.09600000	6510.50400000	6322.13400000	6366.89800000	6426.45600000	6474.92000000	6354.68800000	6396.79600000	6393.66600000	6446.58200000	6363.99000000	6409.30200000	6386.21600000	6425.27400000	6334.38400000	6387.81400000	6405.02200000	6453.35400000	6329.49000000	6379.07400000	6404.47800000	6446.98000000	6296.91200000	6350.48200000	6294.07600000	6334.83600000	6337.67600000	6370.13400000	6372.48000000	6413.99000000	6321.98600000	6352.27000000	6252.17400000	6301.48800000	6269.04200000	6310.09600000	6345.51400000	6389.99400000	6262.31000000	6287.14800000	6258.60600000	6287.84200000	6348.02200000	6389.76000000	6309.70800000	6351.63800000	6281.21800000	6327.51600000	6300.43000000	6348.32200000	6337.79096000	6380.52056000
2870753768.84422112	6399.53400000	6433.74600000	6344.67000000	6379.80000000	6423.12800000	6463.13800000	6387.52800000	6423.22800000	6389.95800000	6433.81400000	6376.63400000	6413.24000000	6389.99000000	6435.28400000	6356.83400000	6395.93200000	6392.09000000	6429.68400000	6331.27800000	6384.96800000	6355.92200000	6409.00000000	6274.41800000	6297.05000000	6338.55000000	6374.52600000	6327.25600000	6372.43200000	6314.24600000	6358.91000000	6286.06800000	6330.04400000	6255.59200000	6296.95000000	6276.06400000	6310.57400000	6294.15400000	6345.99800000	6334.44200000	6372.81800000	6305.72800000	6346.24000000	6322.05800000	6366.50200000	6284.19000000	6311.32800000	6237.97000000	6274.14400000	6308.08200000	6350.85800000	6332.25536000	6372.40832000
2871256281.40703535	6463.50200000	6513.35000000	6410.72200000	6450.78200000	6348.80400000	6394.28200000	6396.02800000	6451.17000000	6357.75000000	6395.21000000	6395.72200000	6451.59600000	6358.36400000	6401.65000000	6367.05200000	6415.88400000	6373.75200000	6417.42600000	6383.20600000	6420.21800000	6405.08000000	6452.31400000	6336.90800000	6380.64600000	6320.86600000	6374.25400000	6287.80400000	6343.50000000	6329.89200000	6361.67400000	6324.07200000	6381.86200000	6244.41600000	6291.43800000	6235.21600000	6291.54200000	6266.85000000	6310.53000000	6316.64000000	6365.98000000	6300.95200000	6345.49000000	6319.69000000	6371.03200000	6312.83000000	6361.46800000	6279.94000000	6320.54200000	6207.43400000	6276.47200000	6333.73968000	6381.61248000
2871758793.96984911	6428.22600000	6481.34200000	6373.17600000	6431.26600000	6403.33400000	6458.52400000	6356.29000000	6412.76600000	6347.16600000	6401.26000000	6383.06800000	6436.63200000	6362.22200000	6411.29600000	6349.72600000	6401.82800000	6315.06000000	6360.00400000	6338.42000000	6391.15800000	6277.96200000	6349.17400000	6340.15600000	6390.15400000	6262.70600000	6325.32600000	6287.80400000	6347.59800000	6268.44400000	6324.08400000	6352.99000000	6410.39600000	6290.81600000	6337.85400000	6323.09000000	6366.19000000	6259.40800000	6335.01800000	6311.05200000	6367.53600000	6277.29400000	6336.04000000	6284.53600000	6350.16400000	6295.69400000	6344.55400000	6276.80200000	6326.91000000	6301.12600000	6353.25600000	6322.66272000	6378.01320000
2872261306.53266335	6386.04000000	6450.24400000	6423.12600000	6489.56400000	6359.25200000	6435.66200000	6369.66400000	6425.42600000	6383.38600000	6447.79200000	6396.88800000	6464.12800000	6316.24600000	6378.76000000	6326.57200000	6393.44800000	6284.28200000	6348.00600000	6286.76600000	6356.32000000	6307.07400000	6376.80600000	6314.26400000	6396.43000000	6262.81200000	6313.75600000	6246.87800000	6318.43400000	6334.74800000	6396.99600000	6276.31200000	6335.30000000	6231.13800000	6287.91600000	6236.65200000	6296.90000000	6282.33200000	6361.01200000	6232.43000000	6295.03600000	6252.63200000	6312.69800000	6317.90600000	6369.41400000	6239.31600000	6306.45800000	6282.08200000	6348.85600000	6293.70800000	6355.75800000	6305.70024000	6370.44480000
2872763819.09547758	6414.16000000	6473.76400000	6304.92400000	6371.07400000	6394.73200000	6458.89400000	6347.77400000	6420.70200000	6375.38200000	6435.64200000	6319.57800000	6384.72600000	6386.00400000	6450.58200000	6347.87000000	6411.28600000	6356.95000000	6425.06400000	6360.45800000	6429.18400000	6321.38800000	6380.68200000	6280.64600000	6355.28200000	6311.26600000	6373.60600000	6329.30000000	6396.84000000	6301.67200000	6362.17600000	6300.98400000	6362.92800000	6228.07600000	6288.26200000	6226.03000000	6299.39800000	6310.99800000	6378.16200000	6214.88800000	6288.24800000	6303.96800000	6364.31600000	6328.67400000	6385.81800000	6256.75400000	6313.66200000	6199.71600000	6273.64600000	6268.18400000	6326.41000000	6311.61504000	6376.41416000
2873266331.65829134	6370.33000000	6448.72000000	6364.84400000	6444.01600000	6362.69400000	6441.93800000	6398.03400000	6475.06200000	6324.87200000	6407.95800000	6317.59800000	6399.77400000	6283.65800000	6347.41400000	6304.18800000	6365.94400000	6344.45600000	6418.05400000	6281.47000000	6346.63000000	6285.67400000	6357.29800000	6265.21000000	6335.35800000	6247.48600000	6323.95400000	6342.44000000	6413.05000000	6336.35200000	6398.73800000	6254.70000000	6322.73600000	6264.10000000	6324.81600000	6264.72400000	6320.03400000	6299.58600000	6370.91000000	6246.78600000	6339.11400000	6238.60000000	6318.03200000	6292.01600000	6357.19600000	6228.79600000	6301.17400000	6237.92800000	6306.32800000	6314.58600000	6378.93800000	6298.84512000	6370.52744000
2873768844.22110558	6433.94600000	6499.53800000	6303.83600000	6380.38400000	6391.65800000	6446.09600000	6344.77200000	6399.57600000	6348.80600000	6422.59600000	6368.59600000	6436.26000000	6354.90200000	6427.88800000	6308.75000000	6388.66400000	6327.81400000	6396.92400000	6314.57800000	6393.80400000	6313.11400000	6381.19800000	6335.21000000	6417.42200000	6246.85200000	6313.34600000	6302.56800000	6387.73200000	6226.42200000	6298.61200000	6277.81000000	6339.21200000	6237.06400000	6306.89200000	6311.71600000	6388.22000000	6307.25600000	6368.01600000	6316.46200000	6391.99600000	6239.63600000	6305.83000000	6291.83800000	6360.63200000	6302.31200000	6364.85800000	6250.05200000	6314.68600000	6293.49600000	6355.58800000	6309.97864000	6379.43880000
2874271356.78391981	6413.67000000	6474.81600000	6328.28000000	6401.33200000	6361.58000000	6443.21200000	6291.57000000	6367.42600000	6324.10600000	6398.60800000	6329.11800000	6396.91800000	6384.25000000	6463.06200000	6374.50600000	6436.36200000	6342.97200000	6415.59800000	6350.34200000	6418.29400000	6294.52200000	6362.65000000	6251.64200000	6345.55200000	6260.63400000	6334.06600000	6249.25400000	6311.80200000	6276.56000000	6354.19000000	6183.98400000	6249.10000000	6226.47600000	6300.15000000	6220.59400000	6291.10400000	6312.79400000	6377.82600000	6245.14000000	6319.01800000	6318.57600000	6386.14800000	6273.74000000	6341.36200000	6265.65000000	6320.21400000	6134.00600000	6219.45000000	6250.84400000	6322.37000000	6290.59240000	6362.02520000
2874773869.34673357	6403.58200000	6464.89400000	6348.67400000	6418.89000000	6354.04200000	6417.78400000	6351.84200000	6432.14400000	6320.56800000	6400.76800000	6343.51200000	6423.52400000	6333.84800000	6407.28000000	6328.07600000	6406.66800000	6294.93000000	6357.78800000	6337.58800000	6403.15800000	6319.78000000	6400.87200000	6351.99800000	6427.95400000	6235.76200000	6303.97400000	6254.60600000	6340.10400000	6240.70000000	6319.13800000	6310.83000000	6382.17000000	6253.70800000	6326.83600000	6292.40600000	6352.49800000	6252.12600000	6335.21400000	6281.91400000	6354.63200000	6277.60600000	6336.81800000	6289.03600000	6365.81000000	6297.68200000	6375.22600000	6262.51000000	6326.70000000	6227.48000000	6303.97800000	6302.59224000	6375.39288000
2875276381.90954781	6450.43000000	6512.46800000	6311.90400000	6370.43800000	6400.67600000	6475.58800000	6388.97200000	6445.38400000	6332.52800000	6393.69400000	6345.78800000	6408.19000000	6289.13200000	6360.36600000	6352.38600000	6412.15400000	6338.79400000	6422.33000000	6372.28400000	6447.62800000	6330.21800000	6392.96000000	6374.84400000	6451.67000000	6268.78400000	6337.60600000	6304.97000000	6376.99400000	6262.69200000	6316.28800000	6289.01000000	6359.03400000	6267.95200000	6342.79000000	6269.96600000	6350.02200000	6270.38400000	6330.41000000	6309.08800000	6376.26200000	6247.27600000	6320.36800000	6306.77400000	6364.02400000	6280.25600000	6337.44800000	6265.98600000	6329.55600000	6221.95000000	6277.52200000	6314.12176000	6380.44776000
2875778894.47236204	6466.74800000	6535.65600000	6356.00400000	6419.30000000	6368.31000000	6435.93400000	6377.14400000	6442.89600000	6329.05800000	6397.55800000	6375.46200000	6438.23000000	6311.49600000	6378.84200000	6318.67600000	6391.20400000	6343.29600000	6417.72000000	6337.48800000	6409.53400000	6381.21600000	6455.17800000	6295.84400000	6359.47200000	6287.40200000	6371.25800000	6297.56200000	6359.60400000	6314.08800000	6382.69600000	6272.70200000	6333.17800000	6238.18600000	6308.95400000	6210.17400000	6285.39800000	6320.42400000	6392.14800000	6320.22800000	6387.36400000	6228.83200000	6277.89800000	6263.69000000	6328.09400000	6283.43600000	6346.39000000	6309.90000000	6369.60400000	6202.42000000	6266.00800000	6312.39144000	6379.60472000
2876281407.03517580	6360.53800000	6429.38200000	6360.97600000	6427.50600000	6402.85800000	6464.73000000	6361.70800000	6423.81600000	6368.13000000	6421.04400000	6298.51400000	6366.74400000	6338.49400000	6413.81600000	6384.75800000	6450.57400000	6400.42400000	6463.95400000	6272.18000000	6352.62600000	6353.72000000	6436.87600000	6284.88400000	6350.90800000	6316.61800000	6373.91200000	6341.67200000	6413.31200000	6291.74000000	6356.58000000	6257.32000000	6330.77800000	6267.47400000	6330.56600000	6278.02000000	6350.98800000	6299.19400000	6341.61200000	6308.29600000	6375.75800000	6285.28600000	6358.89400000	6300.44800000	6369.88800000	6262.46200000	6325.73800000	6196.85800000	6256.94400000	6279.66800000	6354.96000000	6314.88960000	6381.67624000
2876783919.59799004	6463.50200000	6527.67600000	6380.27800000	6437.26600000	6388.46400000	6450.22600000	6326.37600000	6402.01000000	6345.66000000	6389.84200000	6382.33200000	6445.54000000	6276.56800000	6340.71000000	6350.31200000	6410.67000000	6410.08000000	6474.37200000	6285.33400000	6354.03400000	6345.56000000	6430.56400000	6282.91200000	6334.36200000	6293.92000000	6367.36400000	6279.00600000	6340.69600000	6270.14600000	6339.05400000	6336.07800000	6391.58600000	6285.97200000	6340.89800000	6265.41600000	6319.25200000	6304.63200000	6385.02800000	6245.96200000	6292.29000000	6265.11400000	6329.27400000	6228.39600000	6286.38400000	6279.26400000	6340.76200000	6299.76000000	6354.91200000	6284.53000000	6350.56600000	6315.02296000	6377.41352000
2877286432.16080379	6465.11200000	6517.30400000	6423.14000000	6474.89400000	6354.04400000	6409.88200000	6343.63200000	6397.05000000	6330.80400000	6393.49000000	6407.49800000	6472.64200000	6323.08000000	6389.21400000	6346.01200000	6406.56400000	6387.38000000	6447.77800000	6295.35400000	6362.99000000	6329.95800000	6401.64400000	6291.82800000	6364.99800000	6285.63800000	6338.43400000	6271.09600000	6344.92600000	6301.88600000	6371.74200000	6347.75800000	6395.91600000	6284.82000000	6336.55800000	6253.14600000	6308.86800000	6260.72000000	6334.48400000	6306.83600000	6343.45600000	6323.11600000	6375.11400000	6241.11000000	6293.75800000	6314.51800000	6367.47000000	6290.50800000	6339.78600000	6280.33000000	6332.48400000	6322.37296000	6380.85784000
2877788944.72361803	6377.35400000	6439.72600000	6412.04400000	6470.33200000	6376.78400000	6434.71800000	6367.54200000	6421.08800000	6398.30600000	6463.52600000	6389.87000000	6458.74000000	6298.92400000	6352.77800000	6276.35400000	6340.84800000	6324.09200000	6384.84600000	6277.97200000	6344.83600000	6299.04800000	6348.52200000	6310.66800000	6374.25200000	6273.81800000	6321.41000000	6300.35000000	6362.02200000	6351.57600000	6409.17800000	6312.93800000	6359.72800000	6258.55000000	6306.31600000	6316.97800000	6364.97600000	6271.73800000	6328.05800000	6257.61600000	6326.22000000	6263.08400000	6331.14800000	6258.12000000	6320.31600000	6278.28000000	6338.32800000	6256.22000000	6308.10200000	6328.81200000	6381.83600000	6313.48152000	6371.67400000
2878291457.28643227	6444.83200000	6493.17200000	6367.89800000	6423.94800000	6381.40000000	6444.15400000	6320.98200000	6369.50600000	6374.18400000	6429.96800000	6408.27400000	6458.13000000	6349.21600000	6410.27000000	6355.05400000	6402.78000000	6406.94000000	6469.96800000	6366.30400000	6427.58600000	6370.88600000	6429.95800000	6292.66200000	6352.23800000	6290.01600000	6359.30600000	6304.20800000	6359.53200000	6315.71000000	6366.40200000	6331.79600000	6392.90400000	6266.19200000	6331.16800000	6261.65600000	6313.86200000	6269.52200000	6337.27200000	6306.66000000	6364.16200000	6310.40800000	6352.23000000	6298.73600000	6355.82200000	6275.87000000	6335.84400000	6239.80000000	6297.95000000	6233.47800000	6278.83400000	6325.70736000	6382.27864000
2878793969.84924603	6387.82200000	6450.78800000	6382.33600000	6440.22400000	6384.17200000	6446.84000000	6368.76400000	6435.47400000	6386.13400000	6440.85400000	6365.39800000	6431.08200000	6323.11200000	6375.88800000	6343.37200000	6402.15000000	6358.84800000	6413.19200000	6387.77200000	6451.96000000	6317.13600000	6365.91000000	6344.23400000	6383.32400000	6272.31000000	6341.86800000	6295.02200000	6336.92800000	6284.40200000	6339.66800000	6333.58800000	6378.65000000	6304.31800000	6352.70800000	6335.37400000	6394.28000000	6265.80600000	6315.35200000	6293.26600000	6349.17400000	6318.73800000	6379.27800000	6294.51000000	6340.12600000	6286.92400000	6350.89800000	6250.11400000	6289.93000000	6293.90800000	6351.89200000	6327.09520000	6382.33752000
2879296482.41206026	6383.04200000	6440.37000000	6437.34800000	6491.80000000	6382.35200000	6433.94600000	6387.26200000	6440.19800000	6391.12000000	6454.41200000	6389.87600000	6447.65200000	6285.07400000	6331.09200000	6344.84200000	6393.39400000	6336.26200000	6379.16400000	6307.58600000	6357.22000000	6309.19200000	6366.84200000	6342.61400000	6388.47200000	6316.08800000	6367.04600000	6320.97000000	6382.17200000	6368.89400000	6416.97600000	6306.17000000	6352.49800000	6261.48800000	6310.45000000	6316.38800000	6368.72800000	6319.14800000	6369.54400000	6278.27200000	6331.83400000	6269.90400000	6313.71000000	6255.26000000	6316.21200000	6267.15400000	6322.61400000	6217.29200000	6259.50600000	6290.00200000	6350.65600000	6323.34400000	6375.46032000
2879798994.97487450	6458.96200000	6502.11800000	6426.24600000	6473.80000000	6394.08800000	6443.29400000	6359.38000000	6400.58200000	6333.25400000	6376.58000000	6380.22400000	6424.34000000	6353.87600000	6400.79600000	6381.20000000	6420.85400000	6380.66800000	6424.49600000	6321.02800000	6378.24000000	6325.24200000	6380.34000000	6354.63000000	6394.27600000	6241.19200000	6290.07800000	6281.24600000	6352.36000000	6277.35800000	6315.45400000	6346.68800000	6395.23000000	6272.56000000	6307.41600000	6273.58400000	6318.06600000	6271.88000000	6329.67600000	6260.94800000	6290.49800000	6249.53600000	6296.41400000	6285.60000000	6322.61400000	6304.40400000	6345.51600000	6258.36000000	6304.18200000	6302.50000000	6348.36800000	6323.78616000	6369.42352000
2880301507.53768826	6419.40800000	6463.25000000	6417.68000000	6460.93800000	6379.75000000	6428.59800000	6368.12800000	6415.38800000	6403.77600000	6444.36400000	6416.57800000	6465.44400000	6275.04800000	6327.18000000	6372.07600000	6419.02000000	6432.00800000	6479.90600000	6356.20600000	6401.88000000	6377.10000000	6440.99600000	6310.12200000	6338.33400000	6264.85000000	6320.80800000	6311.62000000	6354.49600000	6365.59800000	6402.83200000	6322.18600000	6380.66200000	6287.42400000	6333.46400000	6317.57400000	6363.77600000	6273.06000000	6314.81600000	6325.75600000	6383.30600000	6320.39000000	6378.34400000	6240.79200000	6290.23400000	6323.56400000	6365.12000000	6255.33200000	6305.09800000	6248.99600000	6301.77000000	6335.40088000	6383.20096000
2880804020.10050249	6419.88000000	6460.42600000	6383.41200000	6422.67200000	6432.99800000	6479.95000000	6395.05800000	6435.57800000	6388.20400000	6435.50800000	6352.72400000	6389.65600000	6308.46000000	6347.53000000	6340.64800000	6382.29400000	6409.18200000	6446.39800000	6341.49200000	6384.00400000	6365.11600000	6416.42400000	6294.45200000	6329.75000000	6315.27000000	6343.03400000	6381.19000000	6426.25400000	6373.50200000	6423.93200000	6321.23400000	6374.70000000	6299.00600000	6338.16600000	6265.09200000	6310.29400000	6361.70800000	6391.88000000	6303.43400000	6335.16400000	6275.18000000	6313.27800000	6312.98200000	6360.32200000	6277.05800000	6332.94400000	6258.12600000	6291.19200000	6316.53600000	6356.36200000	6339.67776000	6381.10848000
2881306532.66331673	6389.35800000	6430.71000000	6423.61000000	6452.84800000	6366.06000000	6402.78400000	6372.32800000	6411.06400000	6336.46000000	6379.49400000	6372.85400000	6420.25600000	6344.56600000	6380.80000000	6338.61800000	6373.65000000	6405.63000000	6450.93200000	6294.86200000	6318.15400000	6299.93600000	6341.73800000	6351.81600000	6388.91000000	6261.87400000	6305.71000000	6285.92600000	6333.97600000	6366.24400000	6403.94600000	6275.88000000	6320.18800000	6274.34000000	6302.80400000	6311.74000000	6340.03800000	6297.57800000	6335.91400000	6284.66200000	6327.76000000	6282.21600000	6323.89600000	6314.61400000	6353.35400000	6316.76600000	6355.88200000	6350.47400000	6383.76600000	6304.72800000	6339.32600000	6328.92560000	6367.11600000
2881809045.22613049	6482.40400000	6511.02800000	6424.06600000	6457.09200000	6344.45800000	6386.15800000	6333.30000000	6356.46400000	6368.32800000	6402.52600000	6400.62000000	6432.00800000	6343.40200000	6384.47400000	6339.15800000	6385.30800000	6378.42400000	6412.89000000	6316.04400000	6349.98600000	6355.07600000	6398.91200000	6304.74600000	6346.47800000	6279.21800000	6302.49600000	6297.75200000	6340.33000000	6332.93800000	6372.84800000	6337.42800000	6373.50400000	6280.43200000	6314.44000000	6257.79400000	6276.02600000	6280.20800000	6331.25200000	6326.53200000	6361.47200000	6320.32200000	6352.99800000	6254.59600000	6281.54600000	6322.96000000	6343.58800000	6316.05000000	6340.04800000	6272.96400000	6309.48200000	6330.76880000	6364.93416000
2882311557.78894472	6465.41000000	6486.07600000	6353.97800000	6382.81600000	6380.85400000	6407.74000000	6382.43600000	6422.23200000	6403.24400000	6433.65600000	6399.83200000	6433.64400000	6347.97200000	6377.99200000	6339.91800000	6379.20800000	6402.48200000	6435.55600000	6383.77200000	6419.91200000	6320.55000000	6361.13200000	6382.86800000	6412.64000000	6292.29200000	6335.52000000	6315.94000000	6357.89400000	6317.16400000	6346.36200000	6319.07200000	6355.25000000	6312.58600000	6328.66600000	6361.55600000	6399.41800000	6301.34400000	6342.46400000	6363.00400000	6384.54800000	6340.45000000	6366.17800000	6299.34400000	6335.36400000	6315.13400000	6352.29000000	6284.49400000	6316.16400000	6324.43200000	6348.81000000	6348.40512000	6380.86128000
2882814070.35175896	6422.33000000	6445.76000000	6298.08200000	6312.09200000	6391.38200000	6424.30600000	6371.20600000	6398.29600000	6395.04600000	6424.63600000	6382.53400000	6421.10400000	6429.78400000	6451.56000000	6417.47400000	6446.20800000	6389.00000000	6411.44600000	6398.86600000	6424.12200000	6369.48800000	6405.14800000	6329.04000000	6359.96800000	6317.28600000	6342.53400000	6313.94800000	6346.39800000	6326.59000000	6358.76000000	6273.67200000	6303.60200000	6273.19400000	6319.22600000	6299.30000000	6312.77800000	6335.88000000	6366.78800000	6329.64000000	6351.51800000	6331.74600000	6357.03600000	6317.65600000	6339.76600000	6260.38000000	6290.23800000	6248.48800000	6270.63600000	6325.18200000	6356.59400000	6341.88776000	6369.62080000
2883316582.91457272	6503.83400000	6533.43200000	6381.96200000	6415.70200000	6395.85000000	6427.63200000	6384.19000000	6413.33200000	6379.21000000	6410.18200000	6405.77600000	6431.93000000	6310.74400000	6330.95600000	6364.95000000	6384.49000000	6403.25000000	6441.19000000	6389.14200000	6410.43000000	6393.47600000	6427.59200000	6352.67800000	6366.69400000	6343.03400000	6371.37400000	6323.98000000	6347.87400000	6356.59200000	6389.25800000	6312.80400000	6340.80400000	6302.61400000	6327.93600000	6267.12400000	6294.69400000	6358.01200000	6384.97400000	6364.11400000	6384.35800000	6318.66400000	6335.52800000	6282.33400000	6311.48600000	6314.72800000	6354.29400000	6334.25000000	6373.08600000	6245.54800000	6263.97600000	6351.55440000	6378.92816000
2883819095.47738695	6459.11400000	6477.91600000	6427.84800000	6451.80000000	6368.73200000	6396.12000000	6397.79800000	6415.06800000	6372.18200000	6400.93000000	6443.46200000	6471.19200000	6361.44800000	6382.85600000	6364.53800000	6385.48800000	6399.39000000	6419.91400000	6364.65800000	6394.37000000	6362.27200000	6395.71600000	6316.33800000	6359.08200000	6290.42200000	6330.23600000	6301.51800000	6324.72000000	6355.70200000	6371.06200000	6305.93200000	6325.75600000	6277.56200000	6306.39800000	6296.21800000	6320.43200000	6264.97000000	6302.31000000	6301.67400000	6336.88200000	6313.66200000	6330.36000000	6327.34000000	6347.78600000	6331.66600000	6353.33000000	6378.17000000	6404.38400000	6306.96600000	6332.81400000	6347.58328000	6373.47688000
2884321608.04020119	6392.26200000	6412.52800000	6457.31600000	6474.32600000	6375.56200000	6407.91000000	6398.65600000	6410.77600000	6412.50200000	6442.49000000	6444.66400000	6473.37600000	6350.05200000	6372.75600000	6389.44200000	6423.27600000	6393.48000000	6415.69600000	6359.63800000	6386.09200000	6349.75400000	6375.94000000	6351.45000000	6379.03000000	6322.02000000	6349.08000000	6265.39600000	6287.74800000	6353.20800000	6381.54000000	6309.03000000	6342.83600000	6260.74000000	6276.66400000	6287.13800000	6319.11800000	6300.90000000	6335.38600000	6270.79600000	6312.94000000	6309.53800000	6331.74400000	6331.44400000	6337.05200000	6315.30400000	6341.50400000	6356.00400000	6379.58800000	6306.86000000	6331.92200000	6346.52624000	6372.05272000
2884824120.60301495	6481.73600000	6491.57600000	6381.01000000	6406.37800000	6418.43400000	6434.61400000	6330.08800000	6343.76000000	6415.63200000	6436.84000000	6400.63600000	6412.11600000	6373.69200000	6391.71600000	6385.62800000	6408.89600000	6384.32600000	6414.18200000	6417.79400000	6429.38800000	6368.37000000	6384.91200000	6326.53600000	6359.03400000	6314.81800000	6346.48000000	6326.79800000	6350.11400000	6352.89200000	6381.35600000	6274.42800000	6281.43200000	6257.48800000	6285.95800000	6294.70200000	6299.06000000	6340.79600000	6353.37600000	6293.95000000	6323.36400000	6338.99400000	6351.49000000	6343.83400000	6356.45200000	6306.17400000	6324.29400000	6268.96800000	6289.75400000	6335.18000000	6348.40600000	6349.31616000	6368.19792000
2885326633.16582918	6426.31400000	6434.38600000	6410.48400000	6423.04600000	6417.06200000	6423.45600000	6401.70400000	6419.33800000	6431.71200000	6456.37600000	6404.62800000	6427.00000000	6420.39600000	6445.36400000	6377.27400000	6399.03200000	6380.79400000	6397.00600000	6372.29200000	6392.74000000	6352.24600000	6368.73400000	6356.05000000	6376.53000000	6283.20400000	6314.57400000	6308.68200000	6337.47800000	6289.73200000	6305.03800000	6373.80600000	6393.63000000	6299.34600000	6300.68000000	6368.39800000	6370.84400000	6344.86000000	6365.63600000	6357.12800000	6380.67800000	6304.14600000	6322.93200000	6326.53200000	6343.55200000	6349.96600000	6366.95400000	6331.02200000	6337.16600000	6360.85800000	6378.43200000	6361.94544000	6379.22408000
2885829145.72864342	6475.35400000	6477.66400000	6438.35400000	6459.72000000	6402.99000000	6416.81200000	6389.45400000	6408.69200000	6378.69400000	6390.71400000	6436.18800000	6448.00000000	6356.05000000	6383.38600000	6372.47800000	6390.23800000	6403.04000000	6414.15400000	6361.33600000	6374.99600000	6398.95800000	6412.02800000	6365.78000000	6386.64800000	6302.88400000	6310.03400000	6331.44000000	6354.76400000	6369.68600000	6383.48400000	6359.25400000	6379.48600000	6299.87600000	6318.06000000	6281.68400000	6292.27600000	6329.05600000	6336.66600000	6345.54800000	6359.21000000	6288.62800000	6313.59600000	6321.33000000	6324.12600000	6320.79200000	6328.02200000	6298.67600000	6305.29200000	6302.88600000	6310.53400000	6357.21664000	6371.14408000
2886331658.29145718	6402.63200000	6402.11600000	6474.62800000	6479.42200000	6460.38800000	6467.51000000	6431.14800000	6448.68600000	6453.35400000	6454.86000000	6445.53800000	6453.09400000	6359.03800000	6372.89800000	6389.12600000	6399.56800000	6343.55800000	6364.03200000	6389.74400000	6392.93000000	6349.98400000	6375.90600000	6392.23000000	6397.43800000	6334.70800000	6354.02600000	6319.55200000	6334.79800000	6395.07000000	6401.98600000	6295.31200000	6307.40000000	6279.77200000	6294.73600000	6307.01600000	6310.96600000	6365.60200000	6369.03000000	6307.72000000	6311.00600000	6311.95600000	6332.46800000	6348.01000000	6365.64200000	6275.74000000	6296.25200000	6321.55600000	6327.19400000	6339.42000000	6342.58600000	6363.71208000	6374.26200000
2886834170.85427141	6460.75400000	6471.61400000	6411.09000000	6422.34800000	6451.24200000	6469.43400000	6419.49800000	6422.41800000	6438.75800000	6444.41600000	6415.10600000	6410.58600000	6426.31400000	6432.11200000	6429.84600000	6439.18400000	6393.00400000	6414.12200000	6386.48400000	6400.36800000	6394.33200000	6407.70000000	6397.81400000	6407.28200000	6319.29000000	6319.69000000	6344.18400000	6356.25800000	6327.01800000	6326.30600000	6371.30400000	6382.67000000	6276.48600000	6291.73200000	6341.60800000	6358.93000000	6366.60600000	6377.60400000	6367.32800000	6370.65400000	6310.55200000	6322.02000000	6356.56800000	6364.53600000	6365.51000000	6367.78200000	6337.29600000	6340.18400000	6343.88200000	6352.06400000	6378.07496000	6386.88056000
2887336683.41708565	6408.73000000	6418.60200000	6418.59800000	6431.38800000	6429.52000000	6447.45800000	6431.76000000	6433.41400000	6422.86000000	6426.76400000	6359.20000000	6371.95800000	6434.36200000	6439.44600000	6433.08200000	6452.61800000	6420.84200000	6430.05400000	6383.93200000	6399.16200000	6334.41200000	6336.51200000	6326.58400000	6337.08000000	6401.59600000	6398.62800000	6360.43200000	6383.49000000	6324.74000000	6337.98000000	6307.68200000	6326.83800000	6294.12200000	6296.39200000	6336.02800000	6350.52000000	6360.32200000	6354.93400000	6375.04600000	6375.22800000	6358.80200000	6374.88800000	6354.01800000	6365.53400000	6273.08400000	6298.29400000	6254.06400000	6260.11200000	6346.73200000	6361.99400000	6366.02200000	6376.37152000
2887839195.97989941	6490.25400000	6503.86200000	6386.06800000	6391.52400000	6444.53000000	6455.65400000	6416.75800000	6422.82800000	6359.59600000	6374.72200000	6393.33200000	6412.78000000	6376.80200000	6391.82400000	6344.67600000	6352.35200000	6424.93600000	6429.61800000	6338.04600000	6356.74200000	6423.49800000	6428.57200000	6321.03000000	6331.40400000	6284.96400000	6307.37200000	6390.16600000	6401.45200000	6397.14000000	6400.67400000	6345.61000000	6349.62800000	6320.61000000	6325.13800000	6263.94800000	6266.04600000	6354.67200000	6376.86800000	6312.47600000	6307.58000000	6314.80600000	6318.84000000	6366.07800000	6374.03600000	6333.85200000	6346.61000000	6309.30400000	6315.56200000	6347.20200000	6355.81000000	6362.41416000	6371.89992000
2888341708.54271364	6450.78800000	6464.33200000	6416.11800000	6425.47600000	6473.61800000	6475.16400000	6429.56800000	6435.07400000	6410.29200000	6423.89000000	6440.38200000	6442.09000000	6355.85000000	6361.59200000	6420.04200000	6413.76600000	6411.09200000	6418.17200000	6429.02400000	6422.02400000	6374.87200000	6382.08400000	6409.62400000	6417.57000000	6359.12800000	6361.52800000	6376.82200000	6383.26400000	6341.31000000	6345.41800000	6416.90000000	6408.91000000	6348.99200000	6353.74600000	6366.46600000	6362.63800000	6346.19000000	6352.34000000	6375.94200000	6385.25200000	6350.96400000	6360.94800000	6357.16200000	6359.18800000	6328.94800000	6345.71400000	6245.66200000	6269.05400000	6322.17200000	6329.78600000	6382.31712000	6387.96080000
2888844221.10552788	6494.48200000	6509.23600000	6472.60800000	6467.17600000	6447.37400000	6454.42000000	6458.86800000	6453.28600000	6423.01000000	6423.23000000	6453.86200000	6466.21000000	6362.12200000	6364.02200000	6420.49000000	6415.73600000	6493.06400000	6485.65400000	6382.14600000	6382.79400000	6432.87800000	6445.13000000	6352.64800000	6367.69400000	6358.06600000	6367.16600000	6346.35200000	6344.62800000	6411.20400000	6419.43400000	6351.86600000	6355.83000000	6336.50800000	6351.39200000	6330.78800000	6337.01400000	6340.83800000	6340.60800000	6385.12400000	6391.97200000	6371.34000000	6380.39200000	6259.64200000	6276.68400000	6353.37200000	6367.42600000	6317.88200000	6332.81000000	6326.88800000	6320.83000000	6387.33688000	6392.83096000
2889346733.66834164	6524.28200000	6530.00400000	6403.93400000	6419.91800000	6503.48200000	6510.65600000	6429.69200000	6429.13200000	6388.36400000	6386.92200000	6370.43000000	6367.76800000	6377.90200000	6390.71400000	6398.63400000	6412.85400000	6410.43000000	6419.41000000	6425.80800000	6429.59600000	6414.21200000	6417.70800000	6426.14000000	6425.04400000	6355.77800000	6371.39800000	6380.58000000	6388.85800000	6326.29000000	6321.94200000	6317.14200000	6320.05000000	6303.45200000	6315.28000000	6318.91200000	6325.69800000	6334.58600000	6331.45200000	6352.05000000	6356.53600000	6320.04600000	6321.43000000	6363.70800000	6370.26000000	6348.92000000	6350.54400000	6319.04200000	6313.35400000	6328.02000000	6334.00000000	6377.67344000	6382.42112000
2889849246.23115587	6424.93800000	6427.99000000	6470.69200000	6467.23600000	6394.42600000	6400.86000000	6417.65600000	6422.24000000	6424.42200000	6428.90600000	6455.74000000	6458.02200000	6352.69800000	6357.98000000	6399.02000000	6404.32800000	6457.13400000	6454.22000000	6396.35200000	6396.42600000	6421.17400000	6432.55800000	6335.49800000	6322.32400000	6361.42000000	6369.48800000	6351.35000000	6344.92800000	6397.37600000	6405.51800000	6377.35600000	6376.10000000	6326.94600000	6334.41000000	6320.03000000	6316.91400000	6298.07600000	6310.16400000	6377.96400000	6384.67400000	6356.48600000	6374.11800000	6296.76200000	6290.35600000	6356.26400000	6349.72600000	6338.08200000	6339.71200000	6316.75000000	6322.09400000	6376.98448000	6379.65168000
2890351758.79396963	6531.89000000	6526.19200000	6403.14800000	6400.80400000	6443.73000000	6456.57400000	6457.49200000	6465.53600000	6406.01000000	6389.13600000	6406.87000000	6398.23200000	6382.60200000	6385.42400000	6416.79400000	6412.65000000	6423.67000000	6436.73800000	6436.81200000	6427.72400000	6413.09400000	6403.33000000	6418.35400000	6423.79000000	6355.46600000	6353.83400000	6342.68400000	6344.12000000	6344.62000000	6350.31400000	6330.42400000	6330.75200000	6330.08200000	6329.72000000	6338.20600000	6351.60200000	6359.95200000	6361.40800000	6343.59200000	6349.76600000	6365.41200000	6360.97000000	6345.58200000	6342.44400000	6335.44000000	6317.83000000	6289.70000000	6284.33000000	6333.34000000	6328.18200000	6382.19864000	6381.25608000
2890854271.35678387	6438.80800000	6435.12600000	6466.03600000	6486.16400000	6356.75400000	6351.50000000	6430.85800000	6438.72800000	6467.76600000	6456.32800000	6451.00400000	6451.07800000	6363.57400000	6361.73400000	6409.75000000	6398.88000000	6415.13000000	6409.89000000	6335.79400000	6330.14600000	6349.21800000	6354.21800000	6342.96200000	6331.84000000	6321.83600000	6312.90000000	6329.06800000	6328.18600000	6395.93600000	6410.27600000	6345.08600000	6346.20800000	6320.10800000	6324.88600000	6362.58800000	6362.89800000	6318.36800000	6307.06400000	6338.95000000	6328.37400000	6311.79000000	6316.79400000	6347.66600000	6342.16800000	6330.37800000	6337.36800000	6384.07200000	6382.55000000	6340.43600000	6347.40000000	6370.95744000	6370.10816000
2891356783.91959810	6402.42400000	6402.71600000	6439.77200000	6448.95400000	6476.98000000	6490.07000000	6386.90400000	6392.08200000	6380.41400000	6388.04000000	6368.70200000	6364.58200000	6434.84800000	6435.34800000	6406.05800000	6405.71800000	6441.75000000	6435.80200000	6382.53600000	6372.29400000	6436.40000000	6435.64000000	6346.56200000	6348.21600000	6388.12600000	6391.04000000	6375.16000000	6376.44000000	6314.92400000	6314.08400000	6307.78800000	6313.12200000	6280.78000000	6280.59200000	6288.74800000	6306.21400000	6369.78000000	6373.31200000	6350.12000000	6361.04000000	6380.84200000	6379.12800000	6386.62800000	6386.63800000	6377.98400000	6363.75600000	6247.78200000	6257.98000000	6336.14800000	6337.18400000	6372.32640000	6374.39968000
2891859296.48241186	6509.30800000	6509.01600000	6370.32400000	6367.90400000	6477.46600000	6458.06200000	6423.72600000	6419.03600000	6403.55000000	6401.85400000	6425.91000000	6422.24800000	6436.31400000	6433.92800000	6397.95400000	6401.79400000	6408.99400000	6421.70600000	6395.00000000	6384.95800000	6452.13000000	6448.88800000	6354.83600000	6365.29600000	6339.16800000	6333.99600000	6376.88400000	6375.16600000	6395.72200000	6405.00800000	6345.93800000	6343.52400000	6324.80400000	6328.78800000	6254.67600000	6267.24000000	6387.48800000	6385.77000000	6285.99000000	6284.83200000	6327.41000000	6335.96800000	6376.52600000	6373.36800000	6341.85000000	6335.97800000	6282.74200000	6289.65000000	6357.35000000	6339.03600000	6378.08240000	6377.32056000
2892361809.04522610	6442.81800000	6448.43600000	6443.59600000	6448.24600000	6471.63400000	6473.52400000	6443.43800000	6443.50600000	6490.76200000	6488.69400000	6389.01800000	6402.22400000	6407.42400000	6406.36800000	6401.06400000	6395.25000000	6439.25400000	6437.57200000	6386.51200000	6380.21200000	6333.16000000	6338.99000000	6370.82400000	6355.20000000	6359.04800000	6357.19400000	6374.46200000	6366.58200000	6330.05200000	6338.50800000	6387.01400000	6390.32800000	6325.67200000	6331.54400000	6402.98000000	6407.23600000	6383.22000000	6372.82800000	6401.15200000	6400.39200000	6347.69400000	6341.12400000	6304.44600000	6308.59000000	6348.17600000	6359.27400000	6298.11800000	6308.83800000	6348.19200000	6361.65800000	6385.18920000	6386.49272000
2892864321.60804033	6376.02800000	6375.76400000	6502.06400000	6506.26800000	6450.17000000	6439.37800000	6406.01000000	6406.96200000	6470.44400000	6474.40800000	6428.99000000	6434.21400000	6334.90200000	6323.18600000	6415.17600000	6418.19200000	6371.11600000	6365.33000000	6376.59400000	6363.39200000	6358.98400000	6343.90600000	6378.02000000	6370.98000000	6324.56200000	6328.90000000	6354.12000000	6338.53400000	6416.91800000	6417.89200000	6343.57400000	6340.02600000	6330.08200000	6333.86200000	6346.96200000	6349.71200000	6368.82600000	6359.69000000	6317.03000000	6328.43200000	6333.72600000	6330.22000000	6371.42000000	6376.32800000	6285.67400000	6295.68600000	6340.95200000	6342.04000000	6328.86800000	6336.92600000	6373.24848000	6372.00912000
2893366834.17085409	6439.78400000	6425.17200000	6440.00800000	6426.43000000	6444.85200000	6441.87200000	6414.75200000	6408.17000000	6438.38000000	6433.05800000	6388.18200000	6392.41000000	6399.75000000	6412.32200000	6411.87800000	6406.84800000	6420.88000000	6413.74800000	6326.65400000	6337.01000000	6406.68800000	6406.67800000	6331.99600000	6316.89400000	6360.12600000	6346.52600000	6377.18000000	6378.49200000	6351.54600000	6346.49000000	6333.43800000	6332.27800000	6318.30200000	6316.28600000	6304.89400000	6286.71600000	6356.48200000	6360.00400000	6385.14600000	6374.45000000	6341.20200000	6331.55200000	6351.85200000	6345.83400000	6328.56800000	6315.12000000	6292.69800000	6276.61000000	6371.02000000	6363.71200000	6373.45032000	6367.78728000
2893869346.73366833	6507.09800000	6509.03600000	6474.93000000	6468.53400000	6423.52200000	6419.47200000	6410.69200000	6416.28400000	6387.06000000	6394.91000000	6468.52000000	6480.70400000	6385.52200000	6386.04200000	6411.80800000	6419.64600000	6446.13400000	6448.60000000	6359.46400000	6371.55000000	6410.25400000	6407.70000000	6376.98400000	6387.21400000	6318.95600000	6325.42000000	6328.30600000	6328.40600000	6377.86200000	6377.20600000	6375.96000000	6375.36200000	6322.53200000	6326.07800000	6320.96000000	6309.07600000	6298.74800000	6275.70400000	6379.30200000	6378.58400000	6311.03800000	6306.36800000	6300.69600000	6299.93800000	6381.25800000	6375.48400000	6352.73000000	6356.56400000	6298.35600000	6304.46600000	6377.14768000	6377.93392000
2894371859.29648256	6467.55200000	6465.41800000	6466.46600000	6463.43400000	6437.49000000	6429.45200000	6448.59200000	6439.49600000	6439.52400000	6441.48600000	6473.76400000	6468.48400000	6312.51000000	6299.46800000	6438.98400000	6430.47400000	6477.67800000	6471.50400000	6400.63400000	6381.80200000	6439.26800000	6429.69400000	6315.28000000	6304.20600000	6387.12800000	6388.98200000	6366.20400000	6347.56800000	6391.22600000	6400.80200000	6385.89200000	6379.41600000	6326.85200000	6326.70400000	6317.33200000	6308.56600000	6302.07800000	6303.94800000	6386.64800000	6383.32400000	6385.47200000	6386.48800000	6284.37400000	6285.20200000	6362.08800000	6351.31400000	6331.88800000	6325.91000000	6312.49200000	6295.48600000	6386.29664000	6380.34512000
2894874371.85929632	6533.34200000	6528.05400000	6476.96800000	6469.38400000	6456.70800000	6450.05800000	6379.01600000	6379.65400000	6362.62200000	6367.83200000	6431.58600000	6432.08000000	6397.47800000	6404.60600000	6434.86200000	6438.84000000	6421.45800000	6426.26800000	6326.70400000	6326.96800000	6415.81800000	6414.02400000	6396.36000000	6400.42600000	6331.07600000	6312.10000000	6323.49600000	6332.77600000	6262.41000000	6253.67800000	6398.53800000	6392.96600000	6330.47600000	6331.26800000	6307.36800000	6306.66000000	6378.32800000	6367.00600000	6327.95600000	6326.98800000	6310.36200000	6300.59600000	6337.29000000	6347.61600000	6376.65400000	6367.28400000	6338.22000000	6329.61200000	6347.13000000	6352.47200000	6376.08904000	6374.36864000
2895376884.42211056	6485.81400000	6476.51400000	6491.43600000	6495.44200000	6406.06000000	6408.05800000	6423.39400000	6426.67800000	6407.87400000	6395.35800000	6431.43200000	6426.86000000	6375.00400000	6376.46800000	6422.67000000	6417.93800000	6427.83000000	6428.00800000	6391.59600000	6389.24800000	6422.79200000	6414.92800000	6346.01200000	6344.64200000	6348.43800000	6340.01000000	6315.79200000	6321.75600000	6397.76200000	6389.45800000	6392.27000000	6387.48200000	6276.70000000	6261.61400000	6282.85000000	6289.66000000	6304.16200000	6288.68000000	6374.27200000	6362.38200000	6320.32800000	6325.74600000	6316.10000000	6310.29200000	6384.58400000	6383.87000000	6375.46000000	6355.82800000	6332.86200000	6324.95000000	6378.13976000	6373.67480000
2895879396.98492479	6514.02000000	6497.10800000	6371.98400000	6377.91200000	6469.97600000	6461.05800000	6405.89000000	6390.61000000	6414.94400000	6413.70800000	6415.45400000	6420.77400000	6421.04200000	6401.29000000	6417.39600000	6420.55600000	6430.55800000	6421.33600000	6379.32400000	6380.74600000	6450.95400000	6447.54400000	6335.50400000	6348.13000000	6320.24200000	6329.80600000	6396.61000000	6393.16600000	6386.57600000	6388.33000000	6328.63000000	6320.84200000	6336.55000000	6340.04000000	6284.04800000	6297.48800000	6368.46400000	6375.17600000	6363.92200000	6353.48400000	6360.46200000	6352.58400000	6389.14000000	6383.16200000	6351.93200000	6352.37000000	6313.09400000	6314.92800000	6360.08000000	6348.15600000	6383.47184000	6381.21216000
2896381909.54773855	6437.84400000	6431.62400000	6419.61400000	6414.48000000	6389.13800000	6396.38400000	6436.36000000	6435.99400000	6449.64600000	6439.14800000	6395.20800000	6403.05400000	6426.04800000	6429.15000000	6449.01200000	6435.59200000	6444.83000000	6431.55000000	6399.62800000	6383.26800000	6389.33200000	6388.85800000	6329.38800000	6319.69800000	6374.55000000	6359.98600000	6382.33000000	6375.59000000	6358.15200000	6353.67800000	6324.91000000	6321.69800000	6356.06800000	6354.99000000	6326.38000000	6339.08600000	6391.16200000	6389.18400000	6397.68200000	6392.50800000	6330.43400000	6340.32200000	6373.63000000	6368.99600000	6293.42000000	6296.36800000	6278.62000000	6260.37400000	6364.82000000	6360.13400000	6380.72824000	6376.86856000
2896884422.11055279	6426.04800000	6408.88600000	6498.45200000	6497.47800000	6430.81400000	6427.94600000	6362.83000000	6359.05600000	6400.91200000	6398.99000000	6447.21400000	6449.31800000	6373.37000000	6370.58800000	6445.03200000	6443.17200000	6432.83800000	6426.20000000	6336.14600000	6334.69600000	6387.65800000	6395.41200000	6381.07400000	6368.68600000	6340.65400000	6358.61200000	6342.45600000	6330.77800000	6353.19000000	6336.73000000	6391.62400000	6394.62200000	6348.17800000	6353.62600000	6325.87600000	6324.92800000	6370.80000000	6379.68600000	6344.83800000	6333.78600000	6325.91400000	6328.96200000	6347.30800000	6328.46200000	6360.79200000	6353.08000000	6307.91800000	6299.60000000	6345.27600000	6338.55800000	6377.08848000	6373.67432000
2897386934.67336702	6475.73400000	6456.43200000	6466.03000000	6451.39800000	6431.37000000	6420.01000000	6514.64000000	6516.97200000	6443.10400000	6444.22200000	6352.32200000	6348.95600000	6329.25600000	6331.65800000	6416.54600000	6414.98800000	6417.77800000	6414.28400000	6387.39200000	6365.66200000	6309.06400000	6310.29600000	6396.66400000	6373.24600000	6333.23600000	6329.24400000	6359.82200000	6346.77800000	6417.27000000	6420.94000000	6328.44800000	6322.54200000	6362.58000000	6358.29000000	6350.63600000	6338.13600000	6308.72800000	6287.39000000	6321.70000000	6328.16200000	6390.61800000	6378.36000000	6321.16200000	6312.33400000	6318.38600000	6311.98800000	6279.21400000	6277.18800000	6360.66200000	6370.02600000	6375.69448000	6369.18008000
2897889447.23618078	6479.12400000	6473.43000000	6450.72400000	6444.98000000	6468.70200000	6458.70000000	6438.85200000	6421.48600000	6458.69800000	6448.38000000	6408.35800000	6400.42800000	6370.81800000	6353.17400000	6391.16400000	6384.49400000	6464.63200000	6458.21800000	6423.64600000	6419.54800000	6367.08400000	6355.96200000	6395.66200000	6382.65400000	6380.75200000	6367.38400000	6392.46400000	6378.72400000	6347.59800000	6338.12400000	6321.09600000	6319.53000000	6359.60600000	6347.90800000	6412.29200000	6390.22400000	6386.70800000	6365.05200000	6410.09200000	6384.17600000	6358.95200000	6349.56800000	6309.22400000	6298.67200000	6351.36400000	6351.16800000	6301.83000000	6293.35200000	6331.63200000	6330.65600000	6391.24296000	6380.63968000
2898391959.79899502	6380.24600000	6375.33400000	6495.86000000	6501.14000000	6448.83200000	6448.46600000	6453.42800000	6456.14600000	6482.37800000	6479.72600000	6435.43000000	6428.00200000	6358.88600000	6343.49000000	6421.24600000	6397.27800000	6406.44200000	6400.92000000	6367.41800000	6363.13400000	6365.43000000	6364.17600000	6375.33200000	6361.72000000	6375.37800000	6377.22000000	6389.03800000	6372.57200000	6415.64200000	6420.42000000	6339.22400000	6338.86600000	6318.82000000	6308.99800000	6321.19400000	6312.71600000	6383.11000000	6386.15400000	6335.35400000	6333.24200000	6323.87800000	6313.82000000	6362.28200000	6363.81000000	6271.74000000	6264.31200000	6354.03600000	6348.50200000	6336.68400000	6351.72200000	6380.69232000	6376.47544000
2898894472.36180925	6444.03400000	6439.66400000	6444.19600000	6433.85400000	6453.27600000	6447.27400000	6351.55000000	6350.16800000	6432.16800000	6416.29600000	6397.92200000	6395.75400000	6422.13200000	6411.20800000	6449.03800000	6447.26000000	6443.70000000	6436.53000000	6453.63600000	6448.64200000	6384.54600000	6380.87800000	6368.35200000	6371.07800000	6382.30800000	6375.04800000	6321.52200000	6311.16600000	6363.79800000	6355.42600000	6281.94400000	6272.31000000	6322.62000000	6309.71200000	6305.99200000	6305.82600000	6388.86800000	6381.00200000	6337.55200000	6324.48000000	6371.91000000	6363.01800000	6336.13800000	6326.88000000	6331.36400000	6329.42400000	6242.09600000	6243.23600000	6364.33200000	6361.56400000	6375.79976000	6369.50792000
2899396984.92462301	6463.81200000	6456.90400000	6424.09800000	6419.56000000	6464.29000000	6465.89200000	6431.72800000	6412.60600000	6438.64200000	6431.32400000	6460.69000000	6462.07600000	6387.78200000	6384.26800000	6392.73000000	6394.21400000	6388.52200000	6380.93200000	6389.35000000	6392.31200000	6379.13000000	6372.95800000	6419.65800000	6416.43600000	6324.45600000	6318.53000000	6340.85800000	6338.43200000	6396.04200000	6395.02000000	6335.21200000	6323.36400000	6283.76400000	6279.26400000	6311.41600000	6321.44000000	6361.58400000	6360.67800000	6336.74600000	6319.07200000	6336.84200000	6328.91000000	6375.67200000	6369.98000000	6299.22400000	6303.46800000	6368.91800000	6367.53400000	6349.22400000	6341.22600000	6378.41560000	6374.25600000
2899899497.48743725	6479.02000000	6463.07800000	6480.82800000	6468.19400000	6444.49400000	6449.83200000	6391.84000000	6392.31000000	6445.73800000	6437.89800000	6471.86400000	6469.57400000	6381.83200000	6375.46000000	6333.35200000	6324.80600000	6353.50800000	6345.44000000	6382.26000000	6380.23800000	6405.45600000	6396.06800000	6386.63200000	6391.33400000	6318.85000000	6302.57400000	6306.02800000	6297.37200000	6402.10600000	6394.31800000	6382.56400000	6368.82400000	6335.39000000	6315.32800000	6362.30600000	6345.95400000	6362.62400000	6377.63000000	6307.83200000	6292.76400000	6310.76000000	6306.77400000	6338.68000000	6323.62000000	6382.32800000	6374.18000000	6312.31600000	6312.43600000	6383.95000000	6378.97600000	6378.50232000	6371.39928000
2900402010.05025148	6456.47600000	6453.65400000	6437.50000000	6427.18600000	6487.74800000	6471.59400000	6434.06000000	6425.34600000	6421.19200000	6410.46600000	6372.98000000	6366.13000000	6421.28200000	6413.15000000	6418.47000000	6409.00400000	6446.98200000	6441.46400000	6393.11000000	6385.27800000	6378.93400000	6356.02800000	6367.68400000	6352.10800000	6380.07800000	6377.15800000	6418.01800000	6408.68000000	6358.24600000	6343.35000000	6332.26400000	6316.81800000	6312.22800000	6296.83800000	6305.18600000	6295.64800000	6374.26600000	6366.25000000	6305.94600000	6303.33200000	6378.60000000	6353.47800000	6373.86400000	6359.59000000	6310.42400000	6303.89400000	6251.78000000	6231.21200000	6367.23600000	6358.84800000	6380.18216000	6369.06016000
2900904522.61306524	6473.84600000	6475.56400000	6461.19000000	6462.83800000	6422.09000000	6413.22400000	6394.77200000	6379.05000000	6454.47600000	6465.78600000	6468.14400000	6468.46200000	6402.19000000	6396.57800000	6368.66200000	6362.06800000	6434.14200000	6423.46800000	6396.07600000	6381.75600000	6360.45600000	6363.60600000	6348.91000000	6349.97200000	6344.06800000	6335.44200000	6329.65800000	6334.29000000	6365.58600000	6357.65200000	6330.14000000	6331.72000000	6351.97200000	6339.94800000	6354.82600000	6342.94000000	6316.03200000	6320.97600000	6366.02200000	6368.33600000	6321.94600000	6329.95800000	6344.39400000	6346.30600000	6385.80600000	6380.24600000	6388.58200000	6374.56600000	6342.81200000	6338.09200000	6381.07192000	6377.71376000
2901407035.17587948	6444.25000000	6428.57600000	6497.45400000	6492.98600000	6437.91000000	6431.25600000	6472.42200000	6469.69800000	6481.18400000	6471.79800000	6391.02400000	6375.11600000	6358.91200000	6342.15000000	6429.21200000	6413.70600000	6421.01600000	6407.53000000	6382.34000000	6368.86200000	6358.64400000	6362.94800000	6373.13200000	6365.82200000	6366.89600000	6361.50400000	6379.75200000	6373.34400000	6416.04800000	6405.34400000	6352.09600000	6344.80200000	6345.99200000	6334.15400000	6365.99200000	6359.12200000	6359.66000000	6350.27400000	6327.27000000	6320.80200000	6409.92400000	6386.91200000	6303.45600000	6304.04400000	6328.93400000	6318.02400000	6297.03400000	6284.12000000	6345.91800000	6349.15600000	6385.85888000	6376.88200000
2901909547.73869324	6399.12000000	6395.27000000	6459.05800000	6447.83800000	6492.16800000	6485.13800000	6413.03600000	6409.84400000	6408.77200000	6391.61800000	6395.69400000	6382.23600000	6437.44800000	6426.63600000	6427.16800000	6425.77600000	6453.76000000	6448.01000000	6395.74800000	6380.92400000	6412.87800000	6391.09200000	6368.70400000	6353.43600000	6392.09400000	6389.04400000	6397.55800000	6384.50200000	6349.13800000	6335.56000000	6328.89800000	6317.64000000	6316.15400000	6297.75200000	6322.07200000	6322.28600000	6377.98200000	6363.01200000	6349.64400000	6355.07000000	6370.74200000	6361.00600000	6354.37400000	6348.06600000	6339.00600000	6330.29400000	6283.61200000	6268.08600000	6366.99600000	6372.28600000	6384.47296000	6375.29688000
2902412060.30150747	6502.82200000	6492.11200000	6410.34800000	6396.67600000	6478.13400000	6472.98600000	6448.63200000	6446.83000000	6398.82000000	6381.07800000	6429.04400000	6409.90000000	6392.54600000	6389.29600000	6441.19400000	6427.93400000	6442.81600000	6445.91600000	6421.66400000	6413.91200000	6408.94200000	6377.99000000	6396.71400000	6400.75000000	6368.13200000	6362.33000000	6384.04400000	6374.36800000	6334.97000000	6315.86400000	6318.95600000	6328.21200000	6341.78000000	6340.38600000	6388.32800000	6377.45600000	6388.55400000	6380.79400000	6397.66200000	6383.86000000	6336.96000000	6322.08400000	6367.44600000	6367.23400000	6348.46800000	6335.89000000	6283.42800000	6286.24400000	6352.50000000	6337.95600000	6391.31616000	6382.72232000
2902914572.86432171	6400.87000000	6385.63600000	6454.59800000	6450.71200000	6457.45200000	6456.88400000	6413.31400000	6421.78800000	6430.99400000	6418.77000000	6367.43200000	6371.45800000	6406.29000000	6400.51000000	6450.85200000	6441.81200000	6451.28000000	6448.76600000	6384.03600000	6382.23600000	6407.09000000	6384.79200000	6367.57200000	6359.53800000	6377.81400000	6372.87400000	6399.41600000	6385.49600000	6348.46600000	6344.21400000	6350.67600000	6337.78600000	6316.43200000	6298.40600000	6336.84800000	6327.47600000	6374.50200000	6371.49600000	6398.34600000	6386.96200000	6357.73400000	6352.72800000	6377.39600000	6375.55800000	6332.70000000	6340.47600000	6300.30000000	6282.65200000	6363.68200000	6367.07400000	6385.04368000	6378.64400000
2903417085.42713547	6504.08600000	6499.03000000	6469.12600000	6459.14400000	6420.61200000	6411.67400000	6488.42600000	6481.53400000	6434.55200000	6418.50400000	6427.62000000	6410.15000000	6362.53400000	6354.94200000	6454.43200000	6446.83000000	6453.33800000	6441.64400000	6382.51000000	6372.99000000	6428.64800000	6413.40600000	6359.01400000	6365.47000000	6365.43000000	6357.66600000	6347.52000000	6337.68600000	6356.26200000	6356.38800000	6383.45000000	6369.91400000	6329.25200000	6321.33400000	6329.29600000	6332.08200000	6287.54200000	6278.52600000	6377.60000000	6377.20000000	6358.91200000	6339.37000000	6326.56400000	6323.54000000	6391.83800000	6386.05000000	6363.51400000	6342.55200000	6291.51200000	6287.20400000	6387.74360000	6379.39320000
2903919597.98994970	6494.15400000	6484.45400000	6406.74800000	6395.65800000	6463.18800000	6463.15200000	6422.78000000	6429.16000000	6424.22400000	6407.98200000	6368.36200000	6372.40200000	6449.12200000	6432.23200000	6431.18600000	6418.34600000	6433.25000000	6424.63600000	6416.24800000	6403.26000000	6447.67200000	6425.51200000	6374.36600000	6379.12400000	6370.07400000	6369.58200000	6380.37800000	6365.72400000	6397.25800000	6376.89200000	6368.30400000	6359.41600000	6323.06600000	6308.66400000	6324.22200000	6315.16000000	6386.13600000	6368.20800000	6323.02200000	6316.36000000	6328.33600000	6324.55400000	6340.37400000	6329.84400000	6308.82200000	6302.99800000	6283.43000000	6270.85200000	6344.44000000	6346.87200000	6384.36648000	6375.64176000
2904422110.55276394	6494.56600000	6490.84000000	6454.86200000	6445.89200000	6420.57600000	6416.21600000	6508.00800000	6495.69600000	6469.16400000	6463.25000000	6384.81000000	6388.90600000	6384.61000000	6379.21800000	6395.49200000	6383.08600000	6407.96400000	6399.18000000	6380.98600000	6376.77800000	6374.20200000	6369.16400000	6400.78000000	6389.50600000	6347.96600000	6343.73200000	6337.50000000	6344.47400000	6423.75200000	6414.89800000	6352.30200000	6339.35400000	6341.49000000	6324.88800000	6348.01400000	6344.49000000	6330.29800000	6319.53000000	6375.72400000	6372.96800000	6386.70200000	6382.76600000	6357.81200000	6353.46000000	6324.65800000	6316.63800000	6314.85600000	6304.25000000	6365.05000000	6351.24400000	6387.28576000	6380.41696000
2904924623.11557770	6519.91400000	6498.82000000	6408.24400000	6399.13600000	6486.05800000	6468.05800000	6444.16600000	6425.02600000	6370.02200000	6354.91800000	6400.63200000	6394.37200000	6406.49600000	6396.75600000	6432.89000000	6422.12800000	6424.71200000	6415.23000000	6399.96600000	6385.52400000	6450.33800000	6429.81400000	6347.88000000	6341.77200000	6342.63200000	6327.76600000	6373.73800000	6363.60800000	6401.34600000	6387.47400000	6326.38600000	6319.42400000	6336.00800000	6333.63800000	6297.48400000	6295.38800000	6390.50800000	6380.37400000	6329.51200000	6322.19400000	6351.90200000	6348.60200000	6396.09400000	6397.10600000	6375.39600000	6358.73800000	6301.65800000	6303.77200000	6355.45000000	6330.34600000	6386.77728000	6375.99936000
2905427135.67839193	6538.18400000	6534.75400000	6394.63200000	6393.77800000	6426.41600000	6422.70800000	6427.86600000	6430.95800000	6382.89800000	6385.32600000	6441.39600000	6434.33200000	6408.68200000	6386.18200000	6418.57400000	6416.58200000	6473.66400000	6468.87400000	6400.46800000	6379.46400000	6474.40000000	6459.66400000	6363.86800000	6369.23000000	6373.63000000	6361.55200000	6357.75800000	6355.00400000	6348.16200000	6344.76800000	6402.72200000	6374.40200000	6292.22400000	6281.11200000	6292.47800000	6283.18800000	6342.27000000	6352.43800000	6389.75800000	6385.72200000	6349.88800000	6344.03600000	6384.93200000	6380.44800000	6348.74800000	6332.53800000	6325.13200000	6326.82000000	6253.31200000	6252.16400000	6384.48248000	6378.24176000
2905929648.24120617	6413.11000000	6398.22200000	6470.57200000	6462.49600000	6448.05400000	6448.65200000	6427.40000000	6415.49000000	6441.22200000	6422.84800000	6418.22200000	6412.79800000	6402.62800000	6396.49600000	6422.05800000	6401.50600000	6452.79800000	6431.15000000	6382.53200000	6382.18400000	6419.01200000	6412.71800000	6351.38400000	6341.82200000	6358.83400000	6351.95800000	6403.45800000	6402.68600000	6363.43400000	6364.23800000	6337.07000000	6336.52800000	6334.69000000	6322.54600000	6332.23400000	6318.73200000	6352.01800000	6339.05600000	6341.33400000	6340.86600000	6353.01200000	6349.86800000	6347.83600000	6332.48800000	6313.70200000	6313.03200000	6303.13200000	6297.52600000	6380.48600000	6382.94000000	6382.80928000	6375.15384000
2906432160.80401993	6462.95800000	6454.05200000	6418.08400000	6411.35200000	6455.68800000	6457.95000000	6434.86600000	6425.64400000	6428.26000000	6416.87400000	6411.10800000	6399.28000000	6407.47600000	6403.04000000	6401.92600000	6381.07000000	6462.48600000	6447.69600000	6378.75600000	6370.53000000	6432.11600000	6426.21200000	6310.98800000	6296.39600000	6340.73400000	6335.88200000	6395.74200000	6403.27400000	6364.11600000	6347.81000000	6335.40200000	6331.80000000	6322.66200000	6311.75200000	6327.70600000	6310.14000000	6331.51600000	6336.37800000	6279.85800000	6267.60200000	6353.12200000	6353.47200000	6339.24000000	6318.60200000	6331.43200000	6318.98800000	6307.50800000	6297.30600000	6369.18200000	6359.90800000	6376.11728000	6367.32040000
2906934673.36683416	6484.41600000	6474.67800000	6440.20200000	6435.92400000	6493.83200000	6484.74400000	6487.05000000	6477.00400000	6460.78200000	6449.38800000	6386.81400000	6375.63800000	6398.67000000	6383.75200000	6458.11000000	6446.01400000	6440.44200000	6418.23400000	6382.24400000	6364.61000000	6402.47600000	6385.56000000	6376.57000000	6362.17000000	6372.70200000	6373.21400000	6389.80200000	6387.21400000	6318.76600000	6317.92200000	6392.00600000	6390.20600000	6315.29400000	6309.97800000	6395.24600000	6394.75400000	6386.34400000	6379.02000000	6403.55400000	6408.15800000	6338.12400000	6336.25000000	6346.10400000	6342.75600000	6380.90600000	6379.06800000	6320.74200000	6325.96200000	6360.96800000	6348.48800000	6397.28664000	6390.02824000
2907437185.92964840	6449.63000000	6445.69600000	6439.31400000	6432.60400000	6480.98400000	6476.21800000	6458.04400000	6457.74600000	6422.48200000	6417.67400000	6391.54000000	6381.31000000	6388.71000000	6375.86800000	6447.88800000	6432.30000000	6442.94400000	6446.46800000	6412.46400000	6404.13600000	6410.54200000	6392.53600000	6357.87400000	6348.11600000	6370.46400000	6352.28200000	6435.35600000	6428.57200000	6428.78000000	6422.26000000	6369.88400000	6358.16800000	6357.61200000	6336.94200000	6315.75600000	6308.51800000	6394.63000000	6399.82600000	6366.49600000	6366.95200000	6352.33600000	6339.95400000	6380.08400000	6368.84600000	6340.88600000	6333.22600000	6306.39000000	6286.60400000	6350.74000000	6346.31000000	6394.87320000	6386.36528000
2907939698.49246216	6433.69800000	6424.92400000	6406.03600000	6402.41000000	6463.60600000	6455.30600000	6386.57400000	6377.58400000	6404.65400000	6405.99600000	6414.32600000	6411.20000000	6458.26000000	6447.56200000	6404.76600000	6401.25600000	6452.23000000	6445.03600000	6369.29800000	6351.90400000	6449.74400000	6439.61400000	6350.00000000	6344.94600000	6382.56000000	6380.86600000	6384.11800000	6380.53800000	6330.74400000	6328.15000000	6300.73200000	6296.99800000	6289.45000000	6287.73200000	6335.28800000	6314.19000000	6336.62800000	6340.26600000	6378.44400000	6352.70200000	6373.30000000	6355.97800000	6393.78400000	6391.67600000	6373.61400000	6367.16200000	6284.07200000	6273.26400000	6346.80400000	6329.83400000	6380.10920000	6372.28376000
2908442211.05527639	6526.19600000	6518.03800000	6418.73600000	6401.54000000	6494.74400000	6492.90400000	6435.22400000	6421.22800000	6420.40200000	6407.08000000	6426.64200000	6403.95800000	6372.90200000	6367.13800000	6451.78200000	6448.28200000	6423.32000000	6417.34000000	6443.97200000	6433.12000000	6460.79600000	6448.22000000	6419.94400000	6411.81600000	6370.01800000	6365.88200000	6396.14200000	6371.04800000	6363.31600000	6359.15400000	6394.48200000	6384.77600000	6342.26600000	6333.31200000	6356.56800000	6358.90400000	6364.80400000	6349.77000000	6367.80400000	6353.01600000	6341.32600000	6335.16600000	6368.77600000	6363.53000000	6313.02400000	6310.96200000	6283.15400000	6293.84000000	6334.65400000	6301.96000000	6395.63976000	6386.07936000
2908944723.61809063	6495.47200000	6482.36600000	6414.55400000	6406.02200000	6436.80400000	6429.08800000	6429.48400000	6418.63600000	6428.38800000	6433.26800000	6442.26600000	6446.51000000	6420.14200000	6411.89800000	6393.43000000	6393.01400000	6442.58400000	6430.04000000	6397.28800000	6373.42200000	6394.72200000	6387.41600000	6419.38600000	6420.68400000	6332.97000000	6327.98600000	6340.88600000	6340.46800000	6327.57600000	6319.72800000	6340.79000000	6323.19200000	6332.35800000	6316.91800000	6419.21000000	6403.16200000	6342.31000000	6355.36200000	6368.43400000	6374.38200000	6313.98400000	6313.58800000	6340.93600000	6339.55000000	6376.76800000	6360.34600000	6317.90600000	6308.46000000	6358.52000000	6350.50600000	6385.08672000	6378.64048000
2909447236.18090439	6495.36200000	6495.22400000	6415.80000000	6411.14600000	6472.20000000	6467.61600000	6465.16400000	6445.76000000	6393.15600000	6378.65200000	6431.06400000	6415.82600000	6370.25000000	6373.72000000	6435.50000000	6428.74800000	6447.70400000	6438.54000000	6450.38800000	6434.88600000	6399.24200000	6387.98600000	6402.42600000	6402.53200000	6375.88800000	6366.26800000	6382.52200000	6375.67800000	6369.77800000	6363.40200000	6323.59600000	6313.51400000	6340.26000000	6333.29200000	6390.39800000	6376.27200000	6384.05400000	6361.84800000	6368.55000000	6352.34200000	6368.27800000	6357.78400000	6334.84400000	6325.97400000	6340.93000000	6337.86200000	6276.85600000	6289.47200000	6325.90600000	6305.73800000	6390.40464000	6381.60328000
2909949748.74371862	6491.88600000	6480.60600000	6422.86600000	6400.19000000	6471.49200000	6464.05600000	6505.22200000	6503.76000000	6431.10000000	6411.09400000	6399.11400000	6373.65200000	6360.05800000	6353.96200000	6444.62200000	6429.33600000	6413.46400000	6402.07200000	6416.29600000	6396.46400000	6376.93000000	6375.13800000	6414.18200000	6412.90000000	6334.44400000	6326.79800000	6360.05800000	6349.59200000	6404.99000000	6390.75000000	6313.05400000	6304.18200000	6342.43400000	6323.23400000	6350.49600000	6336.43400000	6347.21400000	6338.87400000	6355.67000000	6350.45800000	6397.86400000	6392.50400000	6357.92000000	6348.61400000	6292.66800000	6280.87000000	6292.89400000	6276.17200000	6362.93000000	6344.31400000	6386.39472000	6374.64104000
2910452261.30653286	6477.37200000	6467.30200000	6492.17400000	6487.05200000	6405.02400000	6407.04000000	6425.77400000	6412.47600000	6437.29400000	6426.14200000	6492.41200000	6471.27800000	6367.37800000	6369.10400000	6437.71200000	6416.05000000	6446.77200000	6442.19400000	6359.31800000	6351.67600000	6414.32000000	6409.84400000	6365.25200000	6338.04200000	6348.76200000	6333.78800000	6345.21000000	6342.43600000	6393.14200000	6383.90000000	6417.87600000	6405.54200000	6327.13000000	6320.61400000	6335.32400000	6320.55400000	6265.06600000	6279.57800000	6371.28000000	6364.03800000	6380.63200000	6382.53600000	6252.75800000	6252.03400000	6349.44600000	6349.61800000	6329.64600000	6323.05800000	6350.45400000	6337.82600000	6383.50112000	6375.74888000
2910954773.86934662	6521.94000000	6520.63400000	6417.71200000	6406.01800000	6438.27200000	6420.28200000	6453.75200000	6438.21800000	6418.32000000	6403.77800000	6423.36400000	6401.72000000	6411.28200000	6401.87400000	6390.93000000	6378.32400000	6464.39400000	6456.41400000	6432.92800000	6425.38600000	6466.23400000	6449.77600000	6387.36000000	6365.29400000	6377.51400000	6370.78200000	6369.97200000	6353.73400000	6361.03200000	6346.47000000	6373.24600000	6361.14800000	6282.93400000	6278.90600000	6326.01200000	6306.73200000	6354.23000000	6350.76600000	6384.68600000	6370.66400000	6350.45600000	6337.20000000	6376.49000000	6373.13600000	6313.68000000	6299.98200000	6325.99200000	6312.95600000	6290.10400000	6282.39800000	6388.51344000	6376.50368000
2911457286.43216085	6524.76200000	6522.80000000	6434.84800000	6426.38600000	6492.16800000	6480.17800000	6404.94800000	6392.03400000	6413.22800000	6405.32200000	6387.15000000	6383.53400000	6416.75400000	6413.94200000	6421.39000000	6404.02800000	6396.41800000	6387.11000000	6429.85400000	6420.61000000	6411.20600000	6392.06200000	6409.25200000	6403.64400000	6374.58800000	6359.63200000	6345.05800000	6330.86600000	6314.71600000	6308.55000000	6374.50800000	6359.94200000	6311.70000000	6298.87400000	6340.89000000	6330.62400000	6334.01400000	6332.61000000	6336.62600000	6329.97000000	6291.01600000	6291.75600000	6364.75800000	6362.25400000	6368.30000000	6349.57800000	6314.15800000	6305.55400000	6350.53600000	6345.80000000	6382.51384000	6373.50640000
2911959798.99497509	6470.81200000	6457.01200000	6421.51800000	6412.87000000	6470.70400000	6453.48000000	6402.51200000	6393.47000000	6400.19200000	6395.40000000	6431.72400000	6411.99400000	6437.39200000	6428.07600000	6370.50200000	6370.09200000	6412.41600000	6408.66200000	6393.77000000	6379.51000000	6440.40200000	6435.55200000	6360.65600000	6366.73000000	6341.66600000	6330.44400000	6381.49400000	6371.00800000	6356.55600000	6348.23600000	6307.70800000	6287.09400000	6305.22200000	6309.49000000	6325.91400000	6307.71400000	6348.17400000	6349.36600000	6332.63200000	6316.83800000	6380.85600000	6361.85400000	6366.46800000	6352.77400000	6354.12400000	6344.28200000	6302.75800000	6289.33200000	6372.37000000	6354.11800000	6379.54168000	6369.41592000
2912462311.55778885	6463.65400000	6443.96600000	6405.22400000	6397.96000000	6495.04600000	6478.84400000	6416.53000000	6410.12800000	6406.84000000	6401.19000000	6409.44400000	6394.87400000	6475.28000000	6463.00600000	6432.72000000	6422.78600000	6368.60200000	6373.91800000	6407.96400000	6397.62600000	6405.51600000	6382.68600000	6375.45400000	6363.22600000	6373.17600000	6354.46600000	6341.47400000	6323.62800000	6368.48800000	6362.19800000	6325.03600000	6310.39400000	6300.04200000	6284.29400000	6335.70000000	6330.00800000	6386.98000000	6373.20600000	6371.59600000	6369.96800000	6386.26600000	6372.16400000	6411.17600000	6395.25200000	6337.26400000	6315.44800000	6236.26200000	6242.58200000	6331.03000000	6326.47400000	6382.67056000	6371.61168000
2912964824.12060308	6516.83000000	6500.77000000	6447.22600000	6443.23800000	6454.49000000	6439.15600000	6457.15200000	6451.14800000	6457.63400000	6441.45000000	6471.14200000	6455.18400000	6359.41200000	6342.28800000	6434.54200000	6426.73800000	6464.11400000	6459.32000000	6400.82600000	6395.30000000	6442.50800000	6427.80400000	6377.71000000	6366.78600000	6364.48400000	6353.18400000	6370.83000000	6352.81200000	6408.16800000	6395.94400000	6328.06200000	6323.34600000	6336.78800000	6323.13000000	6351.09000000	6355.25000000	6313.77200000	6308.49000000	6388.43400000	6386.30000000	6374.59400000	6355.86000000	6312.22400000	6295.44200000	6354.29000000	6341.75000000	6341.81200000	6323.93200000	6295.38600000	6289.18800000	6392.94080000	6382.15240000
2913467336.68341732	6468.99800000	6460.96400000	6402.05800000	6390.40200000	6480.31000000	6469.10000000	6404.65200000	6386.54800000	6385.66600000	6379.88000000	6409.72600000	6395.96000000	6455.74000000	6445.02000000	6401.80200000	6388.99400000	6433.49000000	6423.95400000	6399.06800000	6384.35000000	6422.98600000	6408.19200000	6350.89400000	6346.74200000	6351.37200000	6349.41200000	6408.40200000	6378.72200000	6331.11800000	6321.11800000	6322.39800000	6312.22200000	6294.31800000	6284.36800000	6281.95800000	6280.43600000	6362.48200000	6344.34800000	6302.82000000	6290.44000000	6374.65600000	6364.97800000	6379.95800000	6366.38800000	6339.96800000	6317.85000000	6266.90600000	6272.92800000	6362.03600000	6339.77600000	6375.75128000	6364.12368000
2913969849.24623108	6493.11600000	6485.61200000	6410.48000000	6396.06400000	6482.34800000	6477.72000000	6448.99000000	6437.08000000	6450.06400000	6439.63000000	6399.04000000	6391.24800000	6427.18400000	6405.72400000	6433.80400000	6423.76600000	6448.44200000	6446.95400000	6378.72000000	6374.71000000	6411.14400000	6403.53800000	6387.30600000	6370.11600000	6364.29800000	6356.05000000	6406.05600000	6398.64800000	6445.00400000	6429.58200000	6397.48800000	6388.48200000	6344.62800000	6330.44600000	6316.47600000	6295.21800000	6396.87800000	6386.15400000	6331.61800000	6328.49000000	6334.67400000	6317.92600000	6383.18600000	6370.48400000	6323.93800000	6313.31400000	6311.16800000	6288.99000000	6366.58000000	6365.02800000	6395.70520000	6384.83896000
2914472361.80904531	6479.89000000	6471.09600000	6474.75000000	6458.77800000	6407.11800000	6408.14200000	6449.35400000	6428.47800000	6409.21600000	6396.30600000	6463.11600000	6441.75800000	6389.33200000	6373.36200000	6428.45000000	6417.30600000	6404.68400000	6397.27400000	6406.00000000	6391.08000000	6386.47800000	6389.91200000	6402.44600000	6404.09200000	6337.24600000	6341.50400000	6330.34600000	6313.48600000	6373.25400000	6370.38800000	6310.58400000	6299.82800000	6309.35000000	6300.37800000	6345.80600000	6348.24400000	6331.42800000	6332.06800000	6333.19200000	6319.51200000	6331.11800000	6333.67800000	6388.29800000	6382.16800000	6360.14400000	6346.67200000	6386.68000000	6381.63200000	6319.88200000	6318.03200000	6382.32648000	6374.60696000
2914974874.37185907	6449.02600000	6444.98400000	6365.06200000	6354.63600000	6449.94800000	6441.78000000	6376.14400000	6349.69200000	6371.81800000	6368.62800000	6395.40000000	6382.76600000	6467.62600000	6460.30200000	6457.88400000	6442.66200000	6394.61800000	6392.21400000	6391.81000000	6366.90200000	6393.52600000	6392.84400000	6335.37000000	6338.28600000	6356.47400000	6345.75000000	6340.91600000	6320.77200000	6352.82800000	6344.55800000	6310.06000000	6299.78000000	6316.40600000	6327.24600000	6314.55800000	6298.48600000	6392.25000000	6366.41600000	6376.14200000	6369.03000000	6373.18000000	6359.48800000	6376.39400000	6364.59000000	6321.16400000	6302.49400000	6270.31400000	6259.73600000	6373.42800000	6358.38000000	6372.89384000	6362.09688000
2915477386.93467331	6457.44000000	6449.59400000	6438.32200000	6437.74400000	6470.96200000	6462.73000000	6416.33600000	6414.26800000	6473.18200000	6469.48200000	6461.78400000	6453.70600000	6426.62200000	6421.00600000	6419.66400000	6411.43200000	6426.44600000	6400.11800000	6365.14400000	6353.67200000	6367.95800000	6375.11400000	6376.53400000	6362.44800000	6346.13000000	6340.01200000	6393.57400000	6382.49400000	6348.86200000	6336.70600000	6398.24000000	6393.71400000	6360.85400000	6352.58200000	6399.84600000	6384.12600000	6363.17400000	6345.18800000	6397.20800000	6394.55400000	6326.27400000	6320.77600000	6358.84400000	6358.56800000	6372.21000000	6365.29400000	6323.05400000	6317.77400000	6374.07200000	6371.34600000	6394.50944000	6386.97792000
2915979899.49748755	6489.47000000	6472.55000000	6486.83000000	6493.51200000	6420.66800000	6413.70200000	6410.75600000	6400.53600000	6448.86800000	6430.73200000	6524.63600000	6506.18600000	6370.83800000	6369.55400000	6388.45800000	6384.47000000	6480.31200000	6465.00000000	6360.52600000	6344.03400000	6431.82600000	6421.08200000	6374.44000000	6352.39200000	6353.69000000	6327.96400000	6347.53000000	6335.45800000	6412.81400000	6402.24200000	6380.18400000	6379.90800000	6362.02800000	6347.56200000	6367.15800000	6356.40200000	6329.59800000	6333.79200000	6392.12400000	6370.36400000	6375.14800000	6361.59600000	6283.30200000	6256.98800000	6367.73800000	6346.95000000	6357.79400000	6337.68800000	6324.66800000	6325.44000000	6393.65616000	6381.44416000
2916482412.06030130	6470.64600000	6452.35800000	6410.09200000	6393.98200000	6381.72000000	6376.79600000	6428.75200000	6414.19000000	6441.36200000	6431.71800000	6407.97200000	6398.61000000	6449.84400000	6438.01200000	6487.28600000	6466.99800000	6411.17800000	6391.40600000	6438.71200000	6441.31400000	6360.75800000	6354.63600000	6358.27400000	6323.70600000	6366.43800000	6356.29600000	6348.57400000	6340.47600000	6370.06000000	6363.57600000	6317.80800000	6316.08400000	6330.61200000	6319.77600000	6309.42000000	6311.19000000	6366.28800000	6374.26400000	6357.98000000	6344.13200000	6337.97400000	6338.79600000	6337.96400000	6325.06400000	6296.72600000	6283.09600000	6285.44600000	6279.58000000	6384.35600000	6377.75200000	6378.24968000	6368.55232000
2916984924.62311554	6459.95600000	6448.41400000	6460.75400000	6450.47600000	6503.57400000	6487.13400000	6478.35800000	6470.54400000	6419.83400000	6406.67000000	6383.93600000	6365.24400000	6346.26000000	6323.13200000	6409.92000000	6381.87400000	6444.45400000	6440.91600000	6404.56600000	6393.51600000	6357.67600000	6346.80400000	6388.53600000	6372.69000000	6371.93000000	6353.94200000	6417.28000000	6412.26000000	6420.32800000	6404.85000000	6322.46000000	6322.74200000	6334.45000000	6325.30600000	6330.00800000	6314.06000000	6386.50400000	6363.99800000	6364.22600000	6356.69800000	6336.21800000	6338.64000000	6363.69000000	6376.05800000	6286.39000000	6282.33200000	6295.14400000	6281.81600000	6354.53200000	6342.02800000	6385.63936000	6374.48576000
2917487437.18592978	6508.62600000	6488.34000000	6399.23800000	6378.69600000	6440.07800000	6435.59000000	6402.71800000	6385.60400000	6430.29800000	6422.03000000	6400.67000000	6392.53600000	6461.59400000	6453.22000000	6397.13200000	6384.97600000	6440.39600000	6431.60000000	6358.27600000	6354.62000000	6447.95600000	6437.66800000	6334.15800000	6318.16400000	6310.96800000	6312.87200000	6385.65400000	6363.29600000	6397.12400000	6377.40400000	6393.68800000	6384.69000000	6359.39000000	6340.23000000	6314.12400000	6291.85200000	6376.10400000	6379.02800000	6304.22200000	6299.79000000	6310.21200000	6285.89000000	6352.45800000	6330.67800000	6358.33200000	6347.85200000	6339.70200000	6323.62000000	6367.82200000	6358.30200000	6383.63760000	6371.14192000
2917989949.74874353	6507.79200000	6493.24800000	6387.15000000	6370.18400000	6424.75200000	6418.24800000	6461.61200000	6448.11000000	6382.90200000	6375.49400000	6443.24400000	6431.63800000	6383.02800000	6369.56800000	6425.92000000	6422.62600000	6431.81600000	6427.20600000	6443.10600000	6421.48200000	6407.76600000	6400.49600000	6424.87200000	6416.36200000	6346.95200000	6327.09400000	6364.25800000	6342.16400000	6323.61200000	6310.98600000	6345.72600000	6332.78000000	6330.81200000	6323.15800000	6373.86200000	6376.41400000	6354.97000000	6346.91400000	6347.08200000	6357.74000000	6354.83000000	6349.87600000	6322.15400000	6312.21600000	6383.54000000	6376.68600000	6328.20000000	6311.04800000	6314.11800000	6318.56400000	6384.56304000	6375.21208000
2918492462.31155777	6464.46000000	6459.35800000	6403.95000000	6397.70600000	6411.00800000	6394.72800000	6458.80800000	6434.06800000	6442.83800000	6420.97200000	6389.07000000	6380.33800000	6421.08400000	6409.03600000	6417.25400000	6410.94600000	6453.03200000	6441.65600000	6355.14200000	6355.12600000	6389.93200000	6394.15000000	6360.95000000	6337.31800000	6338.93400000	6331.20200000	6408.88600000	6399.39000000	6385.76200000	6371.16800000	6347.67600000	6346.78800000	6325.83000000	6309.14400000	6333.78000000	6317.67400000	6367.10800000	6351.44200000	6310.42800000	6307.15000000	6353.15400000	6349.28400000	6383.80600000	6372.86400000	6303.08400000	6305.36600000	6279.91600000	6267.34800000	6376.13200000	6367.22800000	6379.28096000	6369.25800000
2918994974.87437201	6416.49600000	6408.66800000	6510.72600000	6496.22000000	6494.19400000	6490.72200000	6450.10600000	6449.78400000	6435.90800000	6415.29800000	6459.57200000	6440.61400000	6335.65800000	6327.72600000	6418.40400000	6404.64800000	6354.08800000	6351.78600000	6404.84800000	6392.24800000	6368.95400000	6362.65600000	6402.61600000	6385.28800000	6339.00800000	6328.87400000	6374.53800000	6350.87800000	6414.34800000	6400.49800000	6335.82000000	6324.95600000	6335.61400000	6326.83600000	6339.38600000	6314.53600000	6389.10600000	6380.07400000	6345.29000000	6341.21400000	6348.57600000	6337.93200000	6349.02600000	6328.87200000	6313.74600000	6294.85600000	6323.98400000	6309.22000000	6346.63600000	6333.61200000	6384.26592000	6371.92064000
2919497487.43718576	6442.65600000	6427.72600000	6421.78200000	6405.22800000	6442.79000000	6444.20600000	6367.88400000	6363.86000000	6443.52400000	6422.98000000	6392.34400000	6379.40800000	6467.81400000	6453.60200000	6460.14800000	6454.13000000	6400.84800000	6395.57800000	6453.60600000	6447.82800000	6400.75200000	6387.57000000	6383.11400000	6371.56600000	6390.30400000	6386.62600000	6346.37400000	6337.84600000	6335.23000000	6313.27400000	6300.43800000	6294.78400000	6311.76000000	6286.63200000	6336.75200000	6334.70400000	6379.45600000	6374.73800000	6349.43600000	6336.99400000	6379.16000000	6367.17400000	6330.70600000	6318.22200000	6276.17400000	6270.80800000	6257.05400000	6243.49000000	6362.18400000	6369.42600000	6377.29160000	6367.53600000
2920000000.00000000	6539.90000000	6530.21400000	6484.57000000	6477.43000000	6467.59200000	6443.06600000	6454.39400000	6440.94600000	6379.99000000	6369.94600000	6468.07800000	6457.14400000	6391.17600000	6389.57000000	6423.41000000	6411.84400000	6471.41200000	6465.35400000	6386.94000000	6382.29800000	6449.97000000	6429.71400000	6396.27800000	6386.24600000	6361.36400000	6356.63400000	6346.14400000	6333.96200000	6391.80200000	6385.12800000	6384.71600000	6378.03200000	6334.50000000	6328.66400000	6300.26400000	6305.53800000	6344.61200000	6320.14200000	6397.06400000	6393.66400000	6334.85200000	6315.63800000	6309.73400000	6296.73600000	6369.88400000	6366.78800000	6355.04200000	6343.83400000	6318.57000000	6311.36200000	6394.49032000	6384.79576000
