freq	PL_sig1	PL_ref1	PL_sig2	PL_ref2	PL_sig3	PL_ref3	PL_sig4	PL_ref4	PL_sig5	PL_ref5	PL_sig6	PL_ref6	PL_sig7	PL_ref7	PL_sig8	PL_ref8	PL_sig9	PL_ref9	PL_sig10	PL_ref10	PL_sig11	PL_ref11	PL_sig12	PL_ref12	PL_sig13	PL_ref13	PL_sig14	PL_ref14	PL_sig15	PL_ref15	PL_sig16	PL_ref16	PL_sig17	PL_ref17	PL_sig18	PL_ref18	PL_sig19	PL_ref19	PL_sig20	PL_ref20	PL_sig21	PL_ref21	PL_sig22	PL_ref22	PL_sig23	PL_ref23	PL_sig24	PL_ref24	PL_sig25	PL_ref25	avgPL_sig	avgPL_ref
2820000000.00000000	7750.94200000	7738.92200000	7763.85600000	7752.63200000	7797.02400000	7780.80800000	7775.91000000	7759.69400000	7744.01200000	7732.46600000	7823.15600000	7809.00000000	7764.71200000	7748.01600000	7751.17400000	7745.80800000	7756.70000000	7739.88200000	7758.72000000	7741.65400000	7777.52000000	7761.90000000	7767.87000000	7752.11800000	7689.72600000	7679.84800000	7725.60800000	7704.13600000	7695.42400000	7679.13600000	7754.62200000	7739.34000000	7763.26200000	7740.11200000	7723.60600000	7704.94600000	7772.84600000	7757.95600000	7750.95000000	7741.56800000	7806.50200000	7789.15200000	7822.89600000	7809.25200000	7762.61400000	7737.06000000	7576.46200000	7549.69600000	7809.32200000	7802.85600000	7755.41744000	7739.91832000
2820502512.56281424	7835.87200000	7822.08400000	7829.89800000	7824.95200000	7699.07800000	7679.58000000	7719.08400000	7713.14400000	7790.60800000	7773.80200000	7803.46600000	7790.55600000	7821.11600000	7807.74800000	7753.30400000	7736.30800000	7776.14400000	7765.15200000	7696.65600000	7692.00000000	7672.99400000	7663.55400000	7746.72800000	7728.12400000	7737.87200000	7727.25400000	7741.32000000	7723.03200000	7735.30000000	7710.47400000	7746.74000000	7732.04400000	7719.38400000	7707.91000000	7776.09600000	7753.81600000	7786.00600000	7770.99400000	7777.60800000	7771.51000000	7817.50000000	7800.17600000	7819.30200000	7808.06000000	7743.07400000	7721.99600000	7754.45800000	7742.97400000	7809.40200000	7788.10800000	7764.36040000	7750.21408000
2821005025.12562799	7777.42400000	7764.39600000	7677.63200000	7664.49800000	7788.32400000	7779.46200000	7798.04600000	7781.17400000	7717.73000000	7708.06400000	7730.50200000	7716.32200000	7783.54000000	7775.88800000	7749.43400000	7732.95600000	7764.83800000	7746.54600000	7743.47000000	7729.27400000	7759.09800000	7742.99400000	7692.89600000	7677.01400000	7715.35600000	7700.02800000	7773.01000000	7760.54600000	7670.44200000	7658.53600000	7778.69800000	7765.03600000	7754.42800000	7749.43400000	7694.26600000	7685.74200000	7830.64000000	7810.90200000	7775.66800000	7761.62400000	7813.73200000	7808.76400000	7795.38000000	7784.10200000	7842.13200000	7845.04600000	7788.33000000	7776.24600000	7756.99000000	7750.61600000	7758.88024000	7747.00840000
2821507537.68844223	7770.46400000	7748.88800000	7706.27400000	7692.36200000	7734.53800000	7726.51400000	7713.84800000	7702.56800000	7712.76800000	7696.38000000	7758.87000000	7741.29600000	7766.83200000	7755.86800000	7803.11000000	7787.49200000	7786.32400000	7776.40600000	7756.14800000	7744.70000000	7777.01400000	7762.78600000	7741.44400000	7717.94400000	7753.03400000	7738.48800000	7742.42800000	7723.90400000	7673.61000000	7657.11200000	7778.58800000	7770.05000000	7718.93800000	7703.22200000	7753.06400000	7735.66000000	7780.96200000	7769.38000000	7797.41600000	7775.62600000	7719.94800000	7715.72200000	7687.85400000	7675.70200000	7756.55800000	7743.15600000	7806.45000000	7785.84600000	7783.41600000	7773.36000000	7751.19600000	7736.81728000
2822010050.25125647	7739.78600000	7724.81600000	7728.61400000	7711.99400000	7733.95200000	7723.10400000	7738.84800000	7728.57200000	7764.33600000	7749.18400000	7788.75000000	7778.02800000	7809.86200000	7792.15600000	7774.26800000	7759.91200000	7836.91200000	7817.50400000	7663.58000000	7652.79000000	7743.57600000	7723.43000000	7697.20200000	7681.10200000	7756.59800000	7744.32800000	7718.35400000	7705.22600000	7739.84200000	7729.53000000	7772.93000000	7756.60200000	7726.11400000	7714.02000000	7766.32400000	7742.88400000	7771.49600000	7753.25000000	7788.37800000	7774.81600000	7828.55200000	7814.35400000	7794.92400000	7785.28600000	7747.48600000	7740.61600000	7728.24400000	7718.21200000	7777.83600000	7760.52200000	7757.47056000	7743.28952000
2822512562.81407022	7776.02200000	7762.36400000	7673.51200000	7658.54800000	7756.97200000	7741.44000000	7719.83400000	7698.17000000	7726.42800000	7708.92200000	7753.03600000	7740.87400000	7743.07600000	7730.16400000	7758.39400000	7738.57400000	7757.26000000	7753.03600000	7762.72200000	7746.60000000	7788.26200000	7771.57200000	7710.18600000	7696.15800000	7759.53800000	7745.78800000	7709.98200000	7694.10400000	7677.94800000	7668.62000000	7782.36400000	7761.02400000	7742.89000000	7726.10200000	7767.54800000	7753.17200000	7797.72400000	7784.53200000	7781.19400000	7768.55000000	7698.28200000	7679.39400000	7709.41600000	7686.10600000	7725.23200000	7702.27000000	7818.73200000	7803.64000000	7779.35000000	7763.15600000	7747.03616000	7731.31520000
2823015075.37688446	7797.32400000	7775.82800000	7762.13200000	7756.53400000	7733.69800000	7713.68800000	7729.61800000	7721.16800000	7719.79400000	7708.02200000	7766.08800000	7751.47400000	7773.26400000	7756.96600000	7720.57800000	7699.54600000	7785.89000000	7763.26200000	7697.61400000	7678.45600000	7730.20400000	7700.82400000	7727.03000000	7710.63600000	7702.25200000	7682.22800000	7743.73600000	7725.52600000	7754.46600000	7733.44200000	7720.46000000	7708.16400000	7752.84200000	7733.54000000	7733.62800000	7724.55600000	7760.94200000	7754.25000000	7775.14200000	7759.36600000	7811.07000000	7801.17600000	7786.36000000	7764.71400000	7766.19800000	7751.36000000	7765.98200000	7752.66000000	7796.18600000	7780.55800000	7752.49992000	7736.31776000
2823517587.93969870	7849.27800000	7834.23000000	7816.59800000	7790.79000000	7755.61200000	7731.28800000	7725.53800000	7706.78400000	7754.43800000	7741.93600000	7748.99400000	7735.53000000	7817.89200000	7804.15800000	7769.73000000	7760.81800000	7787.45800000	7773.10200000	7710.11800000	7687.62200000	7707.95800000	7695.76600000	7737.32800000	7721.54200000	7735.43000000	7708.44400000	7782.98600000	7769.33800000	7752.03400000	7733.76600000	7719.19800000	7702.11000000	7733.40600000	7715.10800000	7712.75000000	7703.75000000	7797.42600000	7781.90200000	7775.89600000	7767.95200000	7807.81200000	7787.19400000	7803.56200000	7782.83000000	7785.57000000	7759.05800000	7763.37800000	7742.03400000	7827.15000000	7812.01600000	7767.10160000	7749.96272000
2824020100.50251245	7775.16600000	7757.16400000	7746.21200000	7731.47000000	7706.02400000	7698.88600000	7754.07600000	7739.90200000	7764.14800000	7751.17000000	7781.12800000	7775.70800000	7802.53600000	7784.88200000	7683.23800000	7657.93800000	7790.43600000	7779.93600000	7687.37800000	7679.89200000	7686.79800000	7663.54800000	7745.73000000	7718.56800000	7704.22600000	7685.83800000	7721.27800000	7705.88800000	7693.11000000	7672.51400000	7720.37600000	7710.85400000	7739.98400000	7730.03400000	7656.97200000	7634.60000000	7762.36800000	7753.96800000	7765.52800000	7744.25600000	7810.05600000	7786.61600000	7810.78200000	7798.44000000	7779.39200000	7766.22600000	7740.79600000	7713.54600000	7778.88600000	7756.44800000	7744.26496000	7727.93168000
2824522613.06532669	7802.27600000	7779.44200000	7782.38600000	7768.09800000	7695.27600000	7684.69800000	7779.61800000	7761.10000000	7776.03800000	7758.71000000	7805.99400000	7788.42200000	7792.81200000	7770.30000000	7776.52600000	7754.09400000	7844.17600000	7832.52400000	7716.84400000	7699.88000000	7688.36000000	7671.21800000	7715.47400000	7689.96200000	7727.88200000	7703.53800000	7775.00000000	7761.26400000	7760.61200000	7745.98200000	7763.34800000	7748.70000000	7728.91000000	7707.32800000	7764.38000000	7749.73800000	7741.60000000	7727.62800000	7828.81800000	7809.89600000	7763.25400000	7744.35600000	7840.62200000	7818.76600000	7796.77200000	7766.26600000	7720.27000000	7722.32000000	7734.98400000	7716.29400000	7764.88928000	7747.22096000
2825025125.62814093	7788.91200000	7776.86800000	7745.11400000	7735.34200000	7693.07600000	7681.87200000	7752.50800000	7736.90400000	7774.01000000	7753.56000000	7775.99800000	7761.41200000	7815.16400000	7794.08600000	7804.32600000	7785.13400000	7825.56800000	7805.70800000	7663.32800000	7655.60800000	7768.39600000	7746.43400000	7727.37000000	7710.26200000	7706.12000000	7699.59800000	7748.29800000	7736.71000000	7779.51000000	7764.02000000	7719.02600000	7711.53200000	7731.68800000	7720.85400000	7754.68600000	7740.16000000	7769.98200000	7758.45400000	7783.27000000	7764.94800000	7763.59600000	7753.54600000	7839.79800000	7819.93200000	7794.33600000	7782.08400000	7752.64600000	7742.25000000	7714.18000000	7707.99800000	7759.63624000	7745.81104000
2825527638.19095469	7850.53600000	7828.44400000	7749.87600000	7736.08400000	7803.20400000	7784.77600000	7745.10400000	7735.52200000	7750.56200000	7733.85400000	7771.94800000	7760.39000000	7783.36800000	7766.52000000	7763.96400000	7745.99800000	7804.09600000	7785.48000000	7746.72200000	7731.18200000	7727.15000000	7712.17400000	7729.21200000	7713.29800000	7782.35800000	7763.58800000	7727.97200000	7710.51400000	7773.29400000	7762.23600000	7709.60600000	7694.48000000	7722.61800000	7706.77200000	7729.13000000	7715.67400000	7689.75000000	7668.41400000	7783.81200000	7770.97000000	7796.49600000	7776.49600000	7838.19200000	7826.00400000	7701.75800000	7681.10800000	7740.66200000	7725.45200000	7721.86200000	7694.93800000	7757.73008000	7741.21472000
2826030150.75376892	7822.72400000	7809.35200000	7794.98600000	7786.05400000	7741.31600000	7724.45600000	7735.02400000	7716.18800000	7751.04000000	7743.31200000	7753.67600000	7736.07000000	7807.22800000	7785.21600000	7763.31000000	7751.37400000	7723.93400000	7710.16200000	7740.43800000	7718.47800000	7683.26200000	7676.60200000	7728.44000000	7709.17800000	7741.84400000	7724.54800000	7784.38600000	7763.13800000	7735.65400000	7719.89600000	7742.80200000	7728.28400000	7726.57800000	7715.69400000	7753.92400000	7742.77800000	7755.08800000	7737.24600000	7770.10200000	7749.88800000	7814.35000000	7792.04200000	7767.96200000	7749.77000000	7796.20600000	7782.85600000	7723.96200000	7719.56400000	7836.08800000	7817.33000000	7759.77296000	7744.37904000
2826532663.31658268	7762.27400000	7751.51200000	7729.08000000	7715.90200000	7713.37600000	7693.09600000	7779.98000000	7769.90400000	7771.27000000	7754.77800000	7770.32600000	7752.20600000	7799.96800000	7780.62200000	7800.92400000	7781.22000000	7832.01000000	7814.26800000	7730.15000000	7714.44000000	7760.34800000	7748.67400000	7749.40400000	7743.86400000	7777.77800000	7762.34200000	7703.03400000	7690.62200000	7703.44200000	7686.19400000	7752.39600000	7732.20800000	7725.07000000	7718.55400000	7779.37200000	7769.70400000	7783.35800000	7767.44800000	7785.09000000	7779.96600000	7791.16000000	7785.80000000	7767.68600000	7757.46200000	7777.73000000	7768.55000000	7804.43600000	7783.03200000	7782.98800000	7757.26400000	7765.30600000	7751.18528000
2827035175.87939692	7811.87400000	7789.81000000	7772.37000000	7753.24200000	7774.67400000	7758.81400000	7760.50000000	7746.96400000	7749.01600000	7738.64800000	7785.78200000	7776.28400000	7816.69000000	7793.22200000	7725.89400000	7705.61000000	7795.83000000	7786.01800000	7725.21600000	7715.65800000	7705.38000000	7686.22200000	7767.78800000	7752.39800000	7732.25400000	7728.52400000	7721.45600000	7701.80200000	7762.56400000	7751.96200000	7733.95000000	7715.60400000	7678.19200000	7659.97800000	7783.79200000	7772.30800000	7768.16400000	7748.94200000	7723.16200000	7713.13200000	7832.61600000	7815.58000000	7850.44400000	7836.01000000	7751.77000000	7720.05000000	7762.14200000	7740.98000000	7743.75600000	7723.59800000	7761.41104000	7745.25440000
2827537688.44221115	7819.15800000	7796.92400000	7726.07600000	7704.60400000	7693.10000000	7677.17000000	7754.68600000	7737.36800000	7769.58000000	7740.80400000	7732.23000000	7718.51600000	7803.10800000	7790.74400000	7784.88200000	7776.73000000	7831.50400000	7816.18000000	7687.66000000	7668.90400000	7761.16800000	7744.26400000	7720.52200000	7708.92400000	7731.35000000	7710.32800000	7738.15400000	7733.20400000	7747.28400000	7732.79800000	7741.69000000	7722.53600000	7762.81800000	7741.96600000	7766.63400000	7753.47400000	7771.85200000	7748.36000000	7777.18800000	7764.81600000	7812.67400000	7792.82400000	7857.27200000	7836.58400000	7791.14200000	7775.89000000	7748.71600000	7736.93800000	7743.34400000	7726.51000000	7762.95168000	7746.29440000
2828040201.00502491	7844.50200000	7833.36200000	7811.26800000	7797.18600000	7724.19000000	7705.88600000	7704.33200000	7687.01400000	7770.85200000	7757.11000000	7749.39000000	7742.35200000	7840.91800000	7823.67600000	7758.62200000	7748.09600000	7759.74400000	7737.16600000	7720.70600000	7698.75400000	7686.52400000	7674.61200000	7740.36200000	7724.37000000	7760.18200000	7741.64600000	7743.58400000	7729.10200000	7751.55200000	7730.08800000	7708.62000000	7699.83600000	7725.84600000	7708.15200000	7757.38400000	7725.00600000	7796.76400000	7771.84600000	7781.01000000	7762.67400000	7811.03600000	7799.39200000	7808.93000000	7793.92800000	7751.16000000	7734.20000000	7741.75400000	7727.12200000	7804.29000000	7785.46000000	7762.14088000	7745.52144000
2828542713.56783915	7773.70600000	7759.85200000	7698.23400000	7684.70400000	7739.55000000	7727.17800000	7728.90600000	7717.15600000	7735.40600000	7717.88600000	7754.33200000	7723.74200000	7786.96600000	7771.07000000	7803.13800000	7784.90400000	7813.86600000	7791.10000000	7724.37800000	7706.02800000	7761.65400000	7743.70400000	7752.46000000	7739.60000000	7747.78200000	7735.79600000	7755.61000000	7747.15200000	7657.14600000	7651.21400000	7762.32600000	7752.46400000	7753.24200000	7740.84800000	7753.92800000	7737.28400000	7785.01000000	7768.11400000	7776.07400000	7757.90400000	7742.44000000	7724.24800000	7777.11600000	7757.81400000	7771.45400000	7757.72800000	7790.40800000	7780.37200000	7774.13600000	7758.90800000	7756.77072000	7741.47080000
2829045226.13065338	7821.40200000	7802.45800000	7802.88000000	7785.47600000	7705.99600000	7691.57200000	7777.98400000	7758.43000000	7790.18400000	7775.77200000	7774.56600000	7757.13600000	7802.96600000	7789.77400000	7796.07000000	7775.28400000	7851.88600000	7832.43600000	7680.33000000	7654.09600000	7736.50000000	7721.84600000	7713.20200000	7697.56800000	7737.84000000	7715.60000000	7745.89400000	7738.42800000	7734.29400000	7725.51400000	7785.02600000	7766.66200000	7718.28800000	7701.67600000	7784.85600000	7755.77200000	7723.89800000	7702.34200000	7827.99400000	7814.39600000	7769.27600000	7762.44800000	7833.44600000	7821.79200000	7784.16800000	7766.11000000	7766.22200000	7755.30600000	7758.35800000	7731.86800000	7768.94104000	7751.99048000
2829547738.69346714	7763.52600000	7749.11200000	7696.00000000	7686.19800000	7705.47400000	7688.32600000	7718.67000000	7699.91400000	7753.02400000	7735.28800000	7779.07000000	7766.38000000	7814.09200000	7795.86200000	7765.96400000	7742.10000000	7748.22800000	7740.01400000	7704.17000000	7690.50800000	7730.50800000	7710.39200000	7722.06200000	7712.03000000	7733.03400000	7716.31600000	7697.13200000	7676.70800000	7740.54400000	7728.29800000	7757.07800000	7746.29400000	7696.84200000	7681.59200000	7779.38200000	7766.11000000	7757.01800000	7740.23800000	7751.78800000	7733.53400000	7843.84000000	7831.93000000	7800.64800000	7776.94400000	7719.47800000	7711.23400000	7741.46600000	7731.96000000	7782.13400000	7773.45600000	7748.04688000	7733.22952000
2830050251.25628138	7853.59600000	7838.10200000	7711.66000000	7706.25000000	7784.56200000	7771.93800000	7712.13000000	7708.14000000	7709.03600000	7700.78000000	7815.33800000	7797.81200000	7784.60600000	7768.13800000	7740.85400000	7724.48400000	7758.41800000	7738.31600000	7699.19800000	7684.43400000	7751.41600000	7727.70000000	7684.63600000	7674.07200000	7745.04000000	7727.16800000	7768.46800000	7751.72200000	7696.94200000	7683.82000000	7736.19400000	7717.86200000	7705.06200000	7705.94400000	7811.75800000	7798.28400000	7784.57600000	7767.15200000	7796.02800000	7782.83200000	7754.43200000	7741.73800000	7783.61200000	7774.37400000	7772.37800000	7760.94000000	7756.59800000	7741.21400000	7767.30400000	7754.87400000	7755.35368000	7741.92360000
2830552763.81909561	7792.84400000	7783.17200000	7756.17600000	7741.91600000	7799.20800000	7789.26200000	7747.61200000	7739.18800000	7744.32000000	7735.92800000	7781.99200000	7771.17400000	7819.92600000	7802.95000000	7705.63000000	7698.12000000	7785.04000000	7766.27400000	7703.71600000	7681.62000000	7737.30200000	7727.03200000	7751.53200000	7738.12600000	7767.12200000	7753.92600000	7761.03200000	7741.71800000	7764.49800000	7758.01800000	7730.42600000	7705.14000000	7702.31000000	7687.31200000	7773.36000000	7753.55200000	7728.04000000	7723.39600000	7774.94800000	7760.92400000	7815.51800000	7797.94400000	7835.73600000	7820.91400000	7751.54800000	7744.47000000	7740.39800000	7727.00400000	7730.12200000	7715.16600000	7760.01424000	7746.56984000
2831055276.38190937	7810.53800000	7792.92200000	7733.78200000	7729.70800000	7836.50400000	7818.37600000	7776.22400000	7757.40000000	7766.69600000	7747.30200000	7740.74200000	7724.33200000	7762.97200000	7742.26400000	7748.16800000	7734.71200000	7760.48400000	7744.43600000	7737.75800000	7718.29200000	7774.79800000	7762.05200000	7710.39800000	7703.33800000	7714.57200000	7701.14400000	7750.77600000	7734.48000000	7758.25200000	7742.43600000	7833.88400000	7818.95800000	7745.60000000	7731.16800000	7685.05200000	7674.21200000	7794.97600000	7773.47400000	7839.26000000	7825.17800000	7803.23600000	7779.76000000	7772.40800000	7758.67200000	7814.82400000	7801.10000000	7764.39600000	7755.38000000	7791.25600000	7787.06200000	7769.10224000	7754.32632000
2831557788.94472361	7783.59200000	7770.63200000	7709.44000000	7690.06600000	7756.05400000	7747.31200000	7754.27200000	7737.21200000	7745.75000000	7723.68800000	7769.66200000	7755.01000000	7782.33800000	7764.84000000	7797.39400000	7784.19000000	7758.70400000	7747.39400000	7775.98000000	7760.63000000	7746.61400000	7726.38000000	7784.23800000	7774.57400000	7742.16600000	7728.95000000	7755.36600000	7737.91800000	7737.75000000	7718.62800000	7777.31200000	7754.46000000	7702.71400000	7691.21000000	7783.79000000	7765.80600000	7763.22600000	7750.63000000	7772.50400000	7761.90200000	7791.68600000	7762.06800000	7782.97000000	7768.52600000	7808.44200000	7802.46200000	7698.90600000	7691.46800000	7755.85400000	7744.30600000	7761.46896000	7746.41048000
2832060301.50753784	7751.32400000	7741.46400000	7731.86000000	7722.44200000	7714.25400000	7697.38800000	7713.90200000	7706.70800000	7731.88000000	7716.19600000	7784.59400000	7772.25400000	7820.50800000	7796.47400000	7819.57000000	7801.61600000	7775.33000000	7763.61400000	7696.16600000	7687.45000000	7703.05000000	7688.55000000	7738.26400000	7715.16000000	7732.74600000	7715.00600000	7682.16000000	7659.83200000	7751.51600000	7743.31400000	7726.24000000	7715.11200000	7746.97400000	7726.91600000	7714.58200000	7695.74800000	7776.29400000	7761.56400000	7745.97400000	7727.63800000	7805.96400000	7789.90400000	7802.36200000	7786.57600000	7701.29600000	7697.37600000	7748.62400000	7737.01800000	7784.44800000	7771.14000000	7747.99528000	7733.45840000
2832562814.07035160	7799.73000000	7781.86600000	7735.07600000	7718.78600000	7781.95200000	7765.25400000	7736.59000000	7725.89600000	7778.71600000	7767.98000000	7749.61400000	7743.45000000	7799.88400000	7779.80800000	7802.69000000	7779.84800000	7742.30000000	7733.03200000	7791.64000000	7773.36000000	7738.38800000	7718.16400000	7731.61600000	7709.71400000	7745.44200000	7734.74400000	7737.09400000	7728.57200000	7769.85800000	7753.05400000	7781.27400000	7762.48000000	7669.21000000	7649.62000000	7775.15800000	7754.47400000	7744.29800000	7724.67400000	7764.30200000	7756.10200000	7796.98600000	7780.86600000	7779.50400000	7761.26800000	7810.40000000	7790.45000000	7694.17400000	7681.69400000	7742.88600000	7732.03600000	7759.95128000	7744.28768000
2833065326.63316584	7805.65200000	7797.65000000	7772.43200000	7758.19200000	7741.61200000	7734.71000000	7756.11200000	7745.48800000	7719.62600000	7700.06600000	7799.80200000	7789.91200000	7792.52400000	7784.34400000	7764.13000000	7741.33400000	7702.33600000	7695.02800000	7752.38600000	7732.35000000	7759.40600000	7747.65800000	7763.02600000	7745.75800000	7743.60200000	7726.30600000	7803.15400000	7782.04200000	7700.92200000	7687.94600000	7748.09400000	7733.37200000	7798.02400000	7774.30200000	7746.18600000	7733.12400000	7826.31400000	7802.35200000	7703.08200000	7686.10000000	7746.71000000	7747.25800000	7774.94000000	7756.91600000	7816.84000000	7797.65400000	7797.91000000	7782.77400000	7785.96600000	7771.39600000	7764.83152000	7750.16128000
2833567839.19598007	7840.36600000	7831.29800000	7725.46000000	7713.59800000	7729.56600000	7708.55600000	7702.78800000	7680.92800000	7695.57600000	7683.93400000	7723.88600000	7710.15400000	7779.47000000	7766.79000000	7780.93200000	7765.59200000	7778.93800000	7757.70800000	7770.98400000	7759.67400000	7722.26400000	7712.10400000	7664.37200000	7657.57800000	7758.04800000	7743.44200000	7739.95800000	7727.37000000	7727.83000000	7714.23800000	7716.50000000	7698.81400000	7713.83000000	7687.34800000	7658.69000000	7636.44400000	7790.55400000	7773.31400000	7805.68600000	7788.37800000	7735.21800000	7729.69000000	7710.77800000	7704.18400000	7784.80000000	7763.74000000	7752.68400000	7730.86800000	7788.17000000	7779.92400000	7743.89392000	7729.02672000
2834070351.75879383	7802.95000000	7794.09000000	7745.51000000	7718.07800000	7769.42000000	7745.38800000	7740.57800000	7716.38200000	7744.55600000	7728.97400000	7728.93200000	7717.29600000	7737.69600000	7726.57000000	7798.32600000	7787.16400000	7783.66600000	7757.40400000	7719.56200000	7716.53800000	7742.28800000	7727.80000000	7718.65200000	7707.24600000	7758.18000000	7752.55200000	7733.73800000	7721.82000000	7739.30600000	7725.20200000	7735.74000000	7717.22200000	7698.61200000	7687.25800000	7653.01600000	7637.60400000	7797.17200000	7783.01400000	7814.97000000	7798.45600000	7779.02000000	7762.10800000	7762.29000000	7752.85400000	7823.00200000	7804.11800000	7747.00200000	7731.87600000	7787.26800000	7780.12800000	7754.45808000	7739.88568000
2834572864.32160807	7769.76000000	7758.85000000	7741.01800000	7733.78400000	7761.38000000	7752.72800000	7733.61200000	7726.62200000	7706.15800000	7694.87600000	7824.20800000	7802.49400000	7796.84800000	7787.88200000	7776.33400000	7762.34200000	7767.98200000	7746.87000000	7707.47600000	7695.91400000	7792.20200000	7783.86200000	7751.55200000	7734.04600000	7745.69000000	7733.93400000	7772.41800000	7752.78800000	7737.19600000	7726.62000000	7758.48800000	7748.39400000	7688.24400000	7677.96200000	7714.20800000	7702.91400000	7791.35800000	7785.29800000	7753.35000000	7742.58600000	7790.10600000	7780.84400000	7728.40400000	7726.26400000	7824.18400000	7817.42400000	7802.30200000	7793.19400000	7698.15200000	7682.13600000	7757.30520000	7746.02512000
2835075376.88442230	7776.82800000	7767.05600000	7757.44400000	7743.95400000	7690.05600000	7684.25000000	7774.51400000	7760.69400000	7750.42600000	7734.84800000	7732.52000000	7714.86600000	7819.29400000	7804.11200000	7791.34200000	7773.81600000	7795.58000000	7778.86600000	7736.05000000	7723.69600000	7744.50000000	7728.69400000	7722.31000000	7698.94400000	7742.06000000	7724.66200000	7734.55000000	7717.69400000	7766.63200000	7749.64200000	7731.85600000	7720.44200000	7752.44600000	7736.66000000	7768.99600000	7752.51600000	7736.71800000	7730.77000000	7830.05600000	7818.81000000	7794.16800000	7782.31200000	7840.80000000	7837.09600000	7754.80800000	7749.48200000	7748.52600000	7735.22200000	7789.60200000	7782.11000000	7763.28328000	7750.04856000
2835577889.44723606	7765.18800000	7745.92000000	7708.48800000	7688.00000000	7729.67000000	7709.17400000	7774.20600000	7760.70800000	7757.69000000	7740.29800000	7802.87000000	7789.08600000	7821.74600000	7809.09600000	7798.97400000	7774.09000000	7838.58400000	7825.28400000	7706.88800000	7695.68800000	7752.26600000	7734.33000000	7733.33800000	7724.06600000	7756.63600000	7743.19400000	7738.42000000	7716.15200000	7663.31600000	7650.08400000	7742.73600000	7738.74400000	7743.05000000	7725.80800000	7747.29000000	7727.60400000	7748.01600000	7730.32200000	7782.35200000	7758.00200000	7753.16200000	7744.29800000	7796.37400000	7781.11400000	7745.53600000	7728.28600000	7790.88200000	7764.94400000	7771.98800000	7754.84400000	7758.78664000	7742.36544000
2836080402.01005030	7772.10600000	7751.28400000	7740.81200000	7721.59400000	7655.75400000	7644.78600000	7761.94200000	7744.45000000	7769.07200000	7763.18000000	7780.01000000	7764.57200000	7818.39600000	7816.32800000	7706.67600000	7695.38600000	7816.06400000	7802.51000000	7702.08000000	7694.64200000	7654.21000000	7642.09200000	7746.80800000	7737.01200000	7733.37600000	7719.02000000	7746.72000000	7734.27800000	7661.43800000	7654.17800000	7701.93400000	7680.72000000	7755.10800000	7732.24400000	7708.24800000	7701.12600000	7753.10600000	7735.15400000	7740.82800000	7726.78000000	7818.03600000	7796.45800000	7822.31200000	7799.23000000	7721.95600000	7703.94800000	7757.40400000	7739.21400000	7759.18800000	7752.04600000	7744.14336000	7730.08928000
2836582914.57286453	7873.52200000	7867.78600000	7724.69600000	7721.06400000	7701.94000000	7692.35400000	7744.45800000	7738.00400000	7715.46400000	7694.54800000	7785.51200000	7773.70200000	7779.17800000	7767.04200000	7723.38800000	7706.16000000	7744.98200000	7725.64200000	7711.53000000	7690.38600000	7749.92400000	7739.45800000	7704.13000000	7690.36200000	7793.50800000	7780.42000000	7680.08800000	7665.49200000	7766.02000000	7756.83800000	7757.14800000	7734.16200000	7727.44000000	7702.81800000	7738.26600000	7722.83600000	7787.09000000	7764.25200000	7779.42000000	7756.68600000	7811.26200000	7799.63800000	7841.62400000	7836.46800000	7775.53000000	7759.97200000	7719.40200000	7703.86800000	7770.58600000	7757.76400000	7756.24432000	7741.90888000
2837085427.13567829	7770.78600000	7759.08800000	7767.00800000	7753.55000000	7770.81000000	7749.06800000	7754.17800000	7734.21400000	7723.79600000	7704.29800000	7781.37200000	7764.65200000	7827.53000000	7820.28400000	7782.34200000	7766.56400000	7742.43600000	7731.39600000	7781.10000000	7768.57000000	7769.04800000	7757.08000000	7788.22400000	7772.95800000	7741.08600000	7726.80000000	7689.99200000	7680.36400000	7720.77200000	7708.86200000	7758.60200000	7751.01000000	7766.58200000	7744.38600000	7695.23400000	7687.07000000	7815.71000000	7797.84400000	7770.33000000	7756.28400000	7815.03200000	7790.33000000	7816.28800000	7799.62400000	7690.02000000	7683.25600000	7736.58000000	7734.18800000	7775.60000000	7769.36200000	7762.01832000	7748.44408000
2837587939.69849253	7805.75000000	7788.11000000	7827.75400000	7820.22000000	7774.96600000	7761.52200000	7767.88800000	7753.15800000	7752.51800000	7739.79000000	7698.30200000	7683.44400000	7747.31400000	7738.65600000	7822.15600000	7810.50800000	7769.89800000	7761.09000000	7774.22400000	7763.68400000	7744.10400000	7731.24800000	7767.64400000	7745.05200000	7699.34200000	7675.41000000	7656.95400000	7640.00800000	7722.21800000	7710.75200000	7788.43800000	7765.17000000	7709.09400000	7693.68000000	7763.50400000	7743.68600000	7762.27800000	7744.87800000	7726.11000000	7711.86200000	7799.65200000	7780.39600000	7799.63600000	7784.80200000	7807.95200000	7792.31000000	7720.36600000	7702.34200000	7708.17200000	7711.47400000	7756.64936000	7742.13008000
2838090452.26130676	7778.25600000	7766.84000000	7711.80000000	7697.22600000	7844.23600000	7825.61800000	7793.40400000	7781.50200000	7734.97400000	7715.64400000	7764.15000000	7749.94200000	7764.96800000	7753.63400000	7775.86600000	7764.29600000	7783.47800000	7772.87200000	7756.39600000	7741.64000000	7737.41200000	7717.86200000	7758.97600000	7740.14400000	7733.96000000	7719.39200000	7737.66400000	7726.32800000	7637.91800000	7630.69200000	7784.10400000	7765.72400000	7728.39600000	7716.24200000	7708.43400000	7697.83200000	7827.35400000	7822.07000000	7770.11600000	7757.91600000	7767.29800000	7746.37000000	7723.88200000	7709.79800000	7826.13200000	7811.16600000	7795.17000000	7776.01400000	7770.25400000	7755.74600000	7760.58392000	7746.50040000
2838592964.82412052	7815.18400000	7804.63600000	7744.98000000	7732.25800000	7797.70800000	7782.86400000	7721.25400000	7695.75200000	7762.21400000	7754.15800000	7730.92000000	7714.13200000	7783.60000000	7767.64200000	7766.73400000	7745.83000000	7797.55400000	7780.49800000	7758.47600000	7738.74800000	7747.60800000	7730.12000000	7742.36800000	7728.67400000	7780.54800000	7762.12200000	7705.51600000	7697.85200000	7780.20600000	7763.17200000	7670.84400000	7666.64400000	7681.56000000	7663.57000000	7731.38200000	7712.52200000	7763.78000000	7758.23400000	7790.70000000	7776.65400000	7782.29800000	7774.10800000	7792.76000000	7783.80400000	7715.11200000	7699.34200000	7734.36800000	7732.95600000	7705.97800000	7693.71200000	7752.14608000	7738.40016000
2839095477.38693476	7864.43600000	7839.75400000	7693.12600000	7680.69400000	7730.82400000	7708.11200000	7734.48400000	7718.51000000	7674.36800000	7662.15600000	7716.70400000	7708.05800000	7796.77400000	7777.52400000	7777.24200000	7771.34600000	7772.90000000	7760.22000000	7726.85000000	7706.49200000	7745.66600000	7727.94800000	7763.83600000	7751.05600000	7771.16000000	7747.21600000	7722.88800000	7708.98200000	7705.08000000	7687.38200000	7759.69800000	7745.29000000	7741.82200000	7727.97600000	7659.52200000	7636.88800000	7821.84800000	7804.09000000	7767.72400000	7757.31400000	7791.76400000	7782.72400000	7801.45600000	7777.71200000	7801.21800000	7787.62800000	7752.87800000	7751.33400000	7777.25600000	7757.38600000	7754.86096000	7739.35168000
2839597989.94974852	7741.34200000	7732.33400000	7769.34600000	7755.48200000	7739.42000000	7722.78200000	7754.67000000	7744.90800000	7693.50200000	7677.69400000	7733.45200000	7723.88200000	7741.98000000	7733.32000000	7778.93600000	7763.81400000	7784.93000000	7775.84600000	7760.63400000	7747.15600000	7699.52800000	7680.43400000	7731.91000000	7724.87400000	7763.95400000	7755.26400000	7717.76600000	7705.96200000	7756.58600000	7747.30400000	7754.32800000	7740.68200000	7723.38000000	7717.86600000	7770.12000000	7760.13200000	7763.18800000	7756.15600000	7785.73200000	7772.21800000	7778.73600000	7765.35200000	7798.42400000	7781.96200000	7766.09800000	7763.30800000	7723.78800000	7707.73600000	7825.26600000	7805.21600000	7754.28064000	7742.46736000
2840100502.51256275	7777.71400000	7765.39800000	7751.07200000	7741.19000000	7691.79800000	7676.60400000	7765.23200000	7752.73600000	7773.77600000	7765.47400000	7767.52600000	7752.17000000	7783.82200000	7770.03600000	7770.15600000	7749.00200000	7807.27400000	7800.21800000	7724.07000000	7707.21000000	7699.37800000	7684.37400000	7676.53800000	7666.19000000	7728.07400000	7713.24400000	7701.94200000	7682.45200000	7750.77000000	7739.03800000	7791.05400000	7781.97200000	7752.79600000	7740.21400000	7781.18600000	7759.25400000	7754.40200000	7740.63400000	7799.85200000	7792.67000000	7792.75600000	7772.50000000	7819.59200000	7806.01000000	7767.50800000	7760.68600000	7742.60800000	7732.80600000	7792.30000000	7780.91600000	7758.52784000	7745.31992000
2840603015.07537699	7737.84800000	7723.93400000	7815.41200000	7789.83200000	7739.28200000	7723.00800000	7735.75200000	7723.83400000	7750.93000000	7741.00800000	7761.41600000	7757.34600000	7718.04600000	7705.95400000	7801.79600000	7788.36600000	7744.53400000	7736.97400000	7727.62400000	7716.58400000	7762.89000000	7755.56400000	7784.45800000	7763.81200000	7700.69400000	7698.79200000	7747.33800000	7735.56800000	7701.27600000	7695.23600000	7748.19000000	7736.54600000	7768.68400000	7754.74400000	7697.48600000	7681.89000000	7791.50600000	7775.05200000	7789.17200000	7772.30200000	7740.39600000	7733.92200000	7836.27800000	7820.06400000	7693.03400000	7678.53200000	7721.56800000	7712.73600000	7752.37800000	7736.55600000	7750.71952000	7738.32624000
2841105527.63819075	7794.85400000	7788.72400000	7765.25200000	7758.87400000	7682.89400000	7666.99600000	7727.78600000	7710.99600000	7770.57800000	7748.34400000	7765.21000000	7755.93800000	7819.29200000	7799.08200000	7728.55600000	7711.09800000	7777.18200000	7766.88200000	7721.46800000	7705.88800000	7714.49400000	7710.51800000	7688.15400000	7676.92200000	7730.82200000	7721.98800000	7740.35600000	7725.13400000	7789.88200000	7782.75800000	7795.05800000	7777.57200000	7750.31000000	7743.72600000	7765.72400000	7751.74000000	7727.59000000	7710.95000000	7794.92800000	7780.46200000	7768.73400000	7753.75400000	7809.83600000	7790.16600000	7733.51600000	7719.67600000	7738.36000000	7727.89600000	7791.65600000	7782.70000000	7755.69968000	7742.75136000
2841608040.20100498	7811.48200000	7793.22200000	7737.04400000	7719.78200000	7787.10400000	7779.00600000	7751.31000000	7730.68200000	7734.72600000	7718.09800000	7730.73800000	7710.42800000	7793.54400000	7780.69400000	7772.86400000	7752.81000000	7747.13000000	7736.31400000	7745.69200000	7743.16600000	7741.45600000	7725.46400000	7714.60800000	7699.04000000	7764.19000000	7745.56800000	7656.82000000	7645.49600000	7782.00000000	7765.22000000	7591.73200000	7580.08200000	7706.56600000	7695.83200000	7705.58600000	7697.08400000	7735.08800000	7725.54200000	7775.50400000	7766.02800000	7804.79800000	7789.48000000	7824.19000000	7806.69200000	7711.83600000	7698.88400000	7760.33200000	7752.06400000	7725.85400000	7712.28000000	7744.48776000	7730.75832000
2842110552.76381922	7831.78000000	7824.35000000	7743.90200000	7739.95800000	7742.60000000	7730.51000000	7746.66600000	7736.91400000	7718.81800000	7709.80200000	7805.95200000	7793.00800000	7779.45000000	7765.79600000	7728.23600000	7715.49800000	7715.95000000	7700.70000000	7730.86200000	7716.26200000	7734.30200000	7720.20800000	7735.90400000	7725.81400000	7756.45800000	7748.31000000	7723.23000000	7719.67600000	7720.20800000	7713.60000000	7730.40600000	7710.30400000	7673.74200000	7662.14600000	7783.66000000	7764.59600000	7802.63000000	7785.75400000	7753.54800000	7749.51200000	7720.42400000	7716.82200000	7768.08000000	7753.23800000	7772.58800000	7756.86600000	7788.26000000	7775.49000000	7756.69600000	7739.85600000	7750.57408000	7738.99960000
2842613065.32663298	7813.20200000	7810.09200000	7788.43200000	7780.42800000	7731.36400000	7722.90000000	7753.88400000	7747.29200000	7781.24200000	7769.06200000	7791.65200000	7793.86200000	7786.02800000	7772.58400000	7743.70200000	7737.13800000	7765.21600000	7749.34800000	7710.57200000	7699.91200000	7675.38600000	7661.81600000	7727.30600000	7714.61800000	7750.53800000	7730.40600000	7736.25400000	7725.52000000	7750.44200000	7737.01600000	7771.00800000	7750.30400000	7728.38600000	7718.23800000	7757.03800000	7746.77200000	7751.91400000	7735.27800000	7809.17200000	7798.00600000	7789.88400000	7780.94600000	7785.11200000	7781.89400000	7740.47000000	7725.87200000	7763.13000000	7749.01200000	7780.17000000	7773.23000000	7759.26016000	7748.46184000
2843115577.88944721	7828.91200000	7818.62600000	7750.55600000	7740.16000000	7729.04600000	7730.93800000	7718.31200000	7716.16600000	7657.48200000	7651.27800000	7751.74200000	7743.03200000	7809.47400000	7799.01000000	7770.05600000	7752.17800000	7785.30800000	7776.40400000	7786.21600000	7779.21200000	7771.24800000	7761.96000000	7801.33000000	7786.58600000	7762.69000000	7752.92600000	7723.21800000	7703.99000000	7696.88800000	7683.14200000	7722.79200000	7718.62400000	7768.78000000	7748.07200000	7703.76600000	7699.02200000	7833.43200000	7832.71600000	7761.23200000	7760.28200000	7780.55000000	7775.72400000	7811.81200000	7793.64400000	7806.62600000	7796.46800000	7762.30200000	7748.47200000	7794.75600000	7776.06000000	7763.54104000	7753.78768000
2843618090.45226145	7787.59400000	7771.19200000	7782.41600000	7777.75000000	7753.40600000	7746.50200000	7753.92200000	7741.29800000	7708.27800000	7704.16200000	7762.82600000	7755.09400000	7830.18800000	7819.33200000	7754.44000000	7738.78000000	7768.77200000	7751.55800000	7771.86600000	7763.69200000	7759.47000000	7737.93000000	7795.21800000	7790.12000000	7751.91800000	7744.45400000	7683.16200000	7673.45800000	7715.48400000	7698.47400000	7777.38600000	7774.46200000	7705.29600000	7699.79000000	7665.16600000	7649.97600000	7827.83200000	7825.43000000	7766.14800000	7753.62200000	7794.11600000	7784.67600000	7807.20600000	7794.62200000	7724.81400000	7716.79400000	7758.35600000	7737.10800000	7794.84000000	7780.44800000	7760.00480000	7749.22896000
2844120603.01507521	7764.33800000	7752.44600000	7742.84000000	7739.70600000	7746.57800000	7725.11800000	7768.51800000	7755.80200000	7780.50000000	7766.17400000	7749.18400000	7738.62000000	7796.86000000	7780.91000000	7776.51400000	7766.94800000	7829.81600000	7817.42400000	7672.63600000	7664.18200000	7756.40600000	7737.73800000	7744.37400000	7731.22600000	7711.69000000	7701.72400000	7689.23800000	7680.14200000	7672.09200000	7664.22600000	7762.20000000	7747.10200000	7714.43200000	7709.95000000	7760.68800000	7748.39000000	7740.20600000	7733.25400000	7843.34000000	7829.70800000	7773.47800000	7762.43400000	7740.52800000	7744.76000000	7766.51200000	7751.97400000	7790.90600000	7783.69000000	7776.25800000	7759.98400000	7754.80528000	7743.74528000
2844623115.57788944	7776.20400000	7768.58200000	7760.97200000	7756.11600000	7744.72000000	7737.42400000	7757.26800000	7747.43200000	7752.38200000	7743.29800000	7729.14200000	7717.51800000	7702.29400000	7695.67200000	7803.37600000	7803.91200000	7780.54200000	7766.76000000	7788.87000000	7777.90600000	7729.91600000	7730.17000000	7739.45800000	7731.24200000	7728.53000000	7723.80600000	7716.30000000	7710.78200000	7753.63800000	7741.68400000	7774.82400000	7767.33000000	7683.95000000	7667.69800000	7715.24000000	7701.41400000	7772.41400000	7770.89600000	7781.84400000	7768.97800000	7777.02400000	7773.97600000	7788.34800000	7776.97800000	7811.69200000	7806.34600000	7734.14200000	7734.35000000	7745.63200000	7733.43200000	7753.94888000	7746.14808000
2845125628.14070368	7774.75600000	7763.23800000	7735.00600000	7734.42600000	7797.56200000	7790.10000000	7756.22800000	7755.18600000	7698.58000000	7695.97000000	7776.99200000	7765.22200000	7784.33000000	7778.61400000	7788.72000000	7786.32600000	7814.19200000	7800.69800000	7734.46000000	7728.29200000	7755.37800000	7737.00600000	7696.78200000	7686.35600000	7730.46800000	7725.12400000	7707.29000000	7690.92000000	7653.84000000	7641.24200000	7772.22200000	7762.13800000	7708.56000000	7704.62800000	7740.65400000	7732.83800000	7779.59600000	7761.11600000	7821.24600000	7811.60800000	7796.21000000	7784.54800000	7806.16200000	7803.68800000	7787.08000000	7775.03600000	7734.46800000	7730.40600000	7755.61000000	7736.54600000	7756.25568000	7747.25088000
2845628140.70351744	7746.25800000	7739.56000000	7701.82400000	7694.77800000	7719.00600000	7717.95400000	7766.03800000	7747.99400000	7758.63800000	7748.34800000	7796.65200000	7784.31600000	7810.30200000	7801.40600000	7778.33200000	7768.92400000	7816.27600000	7806.77600000	7676.74200000	7670.74000000	7719.93400000	7711.39800000	7736.39200000	7725.84600000	7769.19000000	7752.75400000	7719.03800000	7702.76400000	7712.30200000	7706.68400000	7657.75400000	7656.70000000	7720.88800000	7711.61200000	7748.37800000	7732.96600000	7783.50800000	7772.05200000	7824.22000000	7811.76600000	7797.11200000	7792.74400000	7792.05000000	7778.00600000	7758.73600000	7745.68000000	7776.24800000	7759.35200000	7754.17000000	7753.05600000	7753.59952000	7743.76704000
2846130653.26633167	7782.98800000	7782.99000000	7753.46600000	7738.31400000	7734.88800000	7735.76400000	7754.91400000	7745.42400000	7749.15400000	7738.95400000	7759.25600000	7752.28800000	7714.22800000	7703.12200000	7791.41000000	7783.91600000	7762.99800000	7752.41800000	7780.48800000	7770.97800000	7767.19200000	7751.88000000	7736.06800000	7715.19200000	7778.86400000	7761.43200000	7755.43000000	7742.38400000	7774.08400000	7766.75400000	7741.62000000	7734.39000000	7721.99400000	7711.53000000	7737.92400000	7727.45600000	7737.89600000	7736.16200000	7794.07000000	7777.20000000	7776.20400000	7768.17600000	7801.57200000	7797.05400000	7786.96000000	7780.65400000	7709.24200000	7693.40800000	7753.25600000	7738.80600000	7758.24664000	7748.26584000
2846633165.82914591	7750.38400000	7742.30000000	7752.97000000	7735.16000000	7742.16800000	7729.76000000	7732.04000000	7716.51400000	7713.41800000	7705.08600000	7737.29200000	7720.60800000	7710.88600000	7703.21800000	7800.49600000	7790.53800000	7761.47200000	7758.54000000	7743.66800000	7737.65000000	7717.71400000	7714.83800000	7754.58400000	7741.01800000	7742.55400000	7736.99800000	7720.88400000	7711.02400000	7733.73000000	7727.55000000	7740.56200000	7734.09800000	7757.91800000	7745.59800000	7728.23400000	7720.14800000	7763.19000000	7748.56200000	7791.02800000	7779.49400000	7790.80400000	7779.12000000	7775.72000000	7773.94000000	7755.72600000	7752.98000000	7705.64800000	7699.94200000	7809.94400000	7790.32200000	7749.32136000	7739.80024000
2847135678.39195967	7783.70800000	7780.18400000	7713.15400000	7699.27000000	7822.72400000	7814.79200000	7784.22200000	7783.11200000	7746.10200000	7728.18000000	7781.07600000	7761.79800000	7756.16800000	7745.64000000	7742.97400000	7738.83800000	7757.94400000	7749.85800000	7720.77600000	7718.54800000	7741.63400000	7736.27800000	7610.66800000	7597.55400000	7708.37000000	7704.95800000	7730.93000000	7722.57000000	7636.53600000	7629.77800000	7758.01400000	7749.46400000	7743.12000000	7737.32000000	7729.38000000	7720.72000000	7831.78000000	7819.24200000	7720.61200000	7712.56400000	7748.72200000	7741.97600000	7766.13200000	7758.79600000	7834.38200000	7818.20800000	7778.45400000	7782.33200000	7767.49000000	7751.11000000	7748.60288000	7740.12360000
2847638190.95477390	7746.77400000	7743.85200000	7840.30400000	7832.72800000	7773.44200000	7766.15000000	7794.03400000	7796.54200000	7733.50600000	7737.33400000	7752.72000000	7746.83600000	7746.81800000	7751.91400000	7794.84400000	7791.71600000	7777.26600000	7774.00600000	7785.74400000	7774.87200000	7719.26600000	7712.63400000	7729.96600000	7726.73200000	7653.98000000	7644.90800000	7736.30400000	7727.12800000	7734.91200000	7731.22400000	7726.73400000	7729.98200000	7675.84000000	7673.42400000	7733.25200000	7720.23400000	7750.21400000	7746.30000000	7771.24800000	7767.36400000	7811.34400000	7803.07200000	7748.89800000	7757.97400000	7760.77600000	7753.98200000	7720.08800000	7739.27200000	7717.55600000	7709.79600000	7749.43320000	7746.39904000
2848140703.51758814	7750.19600000	7749.22200000	7717.70800000	7706.29600000	7708.50400000	7694.99400000	7777.06600000	7769.54800000	7699.61400000	7690.33800000	7776.89200000	7769.22200000	7738.08600000	7727.34400000	7772.04000000	7769.91600000	7754.33600000	7751.99600000	7756.02400000	7752.33200000	7713.73200000	7699.32000000	7752.10800000	7746.55000000	7750.67400000	7733.23400000	7716.79200000	7714.16400000	7740.25600000	7736.95000000	7727.35400000	7716.99800000	7699.69200000	7695.22200000	7708.24200000	7698.69800000	7793.25200000	7794.92200000	7780.67200000	7775.55200000	7817.02200000	7800.92400000	7792.19000000	7784.42000000	7765.52400000	7764.70200000	7646.69000000	7637.54200000	7783.28000000	7774.14000000	7745.51784000	7738.18184000
2848643216.08040190	7725.42200000	7719.86000000	7763.64000000	7761.95600000	7736.76200000	7731.20200000	7741.70600000	7729.80000000	7734.45800000	7724.34400000	7691.91000000	7692.07000000	7692.78000000	7685.37200000	7739.59600000	7740.01200000	7710.07400000	7699.41200000	7756.28000000	7754.79400000	7757.02000000	7756.70600000	7735.73200000	7729.08600000	7773.38200000	7763.66600000	7690.10600000	7683.92000000	7740.29600000	7733.78600000	7771.13600000	7766.41800000	7712.51600000	7704.77200000	7725.64400000	7716.92600000	7705.59800000	7698.65400000	7762.45800000	7759.77800000	7788.47600000	7775.59000000	7718.58600000	7714.71800000	7793.90600000	7791.62600000	7725.19800000	7721.09600000	7777.82600000	7773.74800000	7738.82032000	7733.17248000
2849145728.64321613	7821.73200000	7809.09600000	7703.02400000	7706.05400000	7671.89400000	7662.13800000	7713.02400000	7715.15200000	7742.65400000	7738.65600000	7737.91800000	7731.47400000	7786.10600000	7786.18200000	7762.07600000	7754.15400000	7806.24800000	7803.01200000	7636.17000000	7635.58800000	7749.16800000	7741.72800000	7692.00000000	7682.43800000	7734.05400000	7732.74400000	7733.28000000	7724.04200000	7749.45600000	7745.20200000	7724.53800000	7718.21400000	7745.23400000	7742.80200000	7744.76200000	7737.05800000	7736.75000000	7733.56400000	7800.24400000	7793.45400000	7797.32200000	7786.90400000	7835.85400000	7830.13800000	7762.92800000	7759.42000000	7748.09200000	7743.62400000	7742.52400000	7737.76000000	7747.08208000	7742.02392000
2849648241.20603037	7778.93000000	7769.55200000	7764.32600000	7766.86600000	7723.90400000	7724.91600000	7751.60400000	7752.91000000	7713.70600000	7706.41400000	7788.31600000	7787.14000000	7823.03200000	7820.81000000	7759.60600000	7744.11000000	7784.24000000	7778.14800000	7692.14000000	7698.42200000	7694.71000000	7694.72400000	7736.67800000	7724.71400000	7738.79800000	7738.02600000	7683.24200000	7678.92000000	7745.32200000	7747.57400000	7697.64600000	7688.75400000	7726.36800000	7727.26800000	7734.93000000	7732.68200000	7756.83400000	7746.53800000	7720.78800000	7721.15800000	7789.56400000	7788.79200000	7801.58200000	7791.09200000	7648.33000000	7652.04000000	7733.72600000	7733.56800000	7783.36600000	7780.94200000	7742.86752000	7739.84320000
2850150753.76884413	7835.85000000	7837.72800000	7748.70400000	7747.39800000	7775.84000000	7772.12200000	7661.98400000	7660.21400000	7757.58800000	7749.28000000	7790.34800000	7786.16400000	7789.43000000	7789.99200000	7712.93800000	7716.39000000	7794.72600000	7782.70800000	7703.91400000	7700.76000000	7700.47200000	7695.46800000	7672.34000000	7669.77600000	7734.74400000	7726.45400000	7729.80600000	7729.59400000	7776.60200000	7773.42600000	7666.79600000	7674.54600000	7701.02600000	7696.08000000	7760.56200000	7767.73600000	7800.98200000	7793.67200000	7791.83400000	7787.43000000	7830.83000000	7830.26000000	7789.04600000	7791.01000000	7770.06000000	7768.28400000	7734.80400000	7740.91600000	7762.71200000	7769.41200000	7751.75752000	7750.27280000
2850653266.33165836	7737.64200000	7742.06400000	7741.23800000	7737.89400000	7701.85000000	7696.98800000	7756.12200000	7757.58200000	7753.23600000	7742.85600000	7701.33400000	7700.94400000	7804.22000000	7801.34600000	7745.17800000	7748.69600000	7786.01400000	7785.85400000	7722.93600000	7714.19600000	7757.08800000	7757.19200000	7691.27800000	7683.09200000	7732.75800000	7732.14200000	7692.66400000	7692.84800000	7745.87200000	7747.84400000	7744.14000000	7739.36000000	7747.78600000	7734.86600000	7753.66200000	7757.22400000	7720.07000000	7720.34400000	7819.42000000	7818.16000000	7780.74800000	7783.66400000	7830.44600000	7836.94200000	7707.19800000	7695.07400000	7714.67200000	7707.94400000	7761.17200000	7760.68800000	7745.94976000	7743.83216000
2851155778.89447260	7786.04000000	7783.12400000	7774.88000000	7766.09000000	7731.10600000	7733.48800000	7724.21400000	7719.07600000	7721.92400000	7725.23200000	7758.90600000	7759.04800000	7755.73800000	7757.59200000	7710.65000000	7711.24000000	7760.11600000	7756.30000000	7694.57000000	7697.43600000	7736.66200000	7739.59800000	7700.44200000	7709.92000000	7735.33800000	7738.90800000	7742.30000000	7742.19000000	7738.22200000	7732.74000000	7698.59800000	7698.59400000	7723.84000000	7732.44600000	7718.78200000	7725.81800000	7755.51800000	7755.42800000	7769.36600000	7766.49800000	7803.56400000	7792.43000000	7788.10400000	7783.42800000	7762.94000000	7765.08400000	7737.71000000	7735.00000000	7792.84200000	7796.00200000	7744.89488000	7744.90840000
2851658291.45728636	7781.47400000	7786.77800000	7709.76600000	7698.40000000	7755.34400000	7755.53200000	7751.89400000	7757.06400000	7743.27600000	7749.83200000	7764.56200000	7766.97400000	7766.98000000	7766.49600000	7617.29000000	7619.13800000	7742.90000000	7736.34000000	7721.26000000	7721.35200000	7745.87200000	7746.79200000	7697.22600000	7699.61600000	7750.84000000	7759.37400000	7738.68000000	7745.14800000	7700.48000000	7712.06200000	7694.54000000	7695.62400000	7683.07400000	7680.86200000	7753.34800000	7759.53800000	7742.66200000	7734.72400000	7800.50400000	7807.98800000	7692.82200000	7697.88000000	7749.53800000	7748.94400000	7757.29800000	7757.11400000	7757.22400000	7755.43800000	7745.88400000	7740.52400000	7734.58952000	7735.98136000
2852160804.02010059	7782.82400000	7794.89600000	7669.75400000	7680.49400000	7690.94000000	7696.01800000	7692.29600000	7701.13200000	7665.58200000	7666.89600000	7728.40800000	7736.85800000	7754.63800000	7758.05800000	7679.61600000	7690.97000000	7763.58800000	7771.88600000	7684.77600000	7692.06000000	7721.62000000	7722.33800000	7727.66800000	7735.51800000	7695.63000000	7698.39600000	7760.13200000	7758.75000000	7699.30000000	7699.56400000	7519.92600000	7522.68200000	7736.37200000	7740.89600000	7753.66200000	7751.47200000	7795.66200000	7801.44800000	7763.46800000	7766.67000000	7732.50000000	7754.60800000	7698.30400000	7710.10800000	7786.47200000	7791.81600000	7781.58600000	7780.03200000	7749.89200000	7753.14400000	7721.38464000	7727.06840000
2852663316.58291435	7728.58400000	7728.90200000	7671.39600000	7674.50000000	7675.74600000	7677.27000000	7682.66800000	7690.30200000	7717.25800000	7725.15200000	7750.47800000	7749.87000000	7810.94200000	7810.17000000	7772.39000000	7779.87600000	7755.83600000	7756.03800000	7654.69200000	7658.91200000	7678.71200000	7690.44600000	7687.65600000	7693.57400000	7688.65800000	7699.88400000	7696.98000000	7707.85800000	7731.52600000	7738.40000000	7668.51000000	7679.74000000	7762.14000000	7766.12800000	7723.74000000	7728.69600000	7765.97200000	7773.37000000	7726.06800000	7733.34600000	7830.92000000	7832.86800000	7774.57400000	7780.70200000	7715.80000000	7715.60400000	7726.45200000	7737.84800000	7780.72800000	7778.60400000	7727.13704000	7732.32240000
2853165829.14572859	7771.99000000	7771.30400000	7802.86800000	7808.84200000	7754.49400000	7764.93600000	7756.10000000	7755.40800000	7731.25400000	7744.38200000	7745.11800000	7749.38400000	7731.56400000	7732.02800000	7662.20600000	7675.46200000	7744.69400000	7752.74800000	7758.97000000	7761.03200000	7700.01600000	7704.48000000	7772.04000000	7788.47200000	7707.15800000	7714.74400000	7691.64200000	7702.45400000	7720.78800000	7733.02600000	7776.99000000	7781.85800000	7712.98000000	7724.55400000	7692.11000000	7701.44800000	7726.03400000	7731.90000000	7751.08000000	7765.74600000	7792.95400000	7808.54000000	7789.54400000	7794.75800000	7778.50600000	7780.60400000	7713.27200000	7705.25000000	7698.36800000	7698.34200000	7739.30960000	7746.06808000
2853668341.70854282	7725.70400000	7729.64800000	7760.94600000	7759.81200000	7704.41600000	7714.77600000	7716.69400000	7724.62000000	7718.09400000	7730.50600000	7689.08000000	7693.37000000	7701.23800000	7713.77800000	7778.93800000	7791.89000000	7676.17600000	7668.15400000	7764.30600000	7772.64200000	7725.67400000	7741.37000000	7722.52200000	7731.17600000	7697.70400000	7706.95800000	7659.36600000	7669.56000000	7711.72800000	7720.92600000	7728.41400000	7737.08000000	7681.32200000	7687.73600000	7734.49000000	7742.04600000	7725.23600000	7734.96600000	7773.70200000	7778.36600000	7781.71000000	7792.28600000	7739.81400000	7749.15400000	7770.67000000	7775.28400000	7715.34600000	7721.82200000	7792.62800000	7796.80400000	7727.83672000	7735.38920000
2854170854.27135658	7740.40000000	7755.65400000	7703.00800000	7720.02800000	7713.88000000	7730.86400000	7708.33400000	7720.79000000	7730.23600000	7739.75200000	7696.92000000	7714.48400000	7747.15400000	7758.16800000	7602.07600000	7614.62400000	7744.29200000	7762.72800000	7749.78200000	7760.39800000	7761.81200000	7770.93200000	7701.44000000	7716.10200000	7752.97800000	7768.44000000	7742.26800000	7754.36800000	7687.69600000	7701.19200000	7736.75400000	7758.17200000	7752.57600000	7756.42200000	7727.28000000	7739.48400000	7747.22600000	7755.45200000	7738.88000000	7754.61400000	7689.58000000	7713.18400000	7712.97400000	7723.41400000	7759.23200000	7769.08600000	7750.30200000	7769.08200000	7722.73000000	7736.21200000	7724.79240000	7738.54584000
2854673366.83417082	7824.37400000	7837.39200000	7707.13800000	7720.95000000	7759.49600000	7775.87400000	7690.08800000	7701.89000000	7709.15800000	7715.07400000	7702.13400000	7715.62400000	7724.89200000	7740.90400000	7759.82200000	7780.36200000	7759.92600000	7774.61600000	7728.02000000	7744.15800000	7708.02800000	7727.50400000	7719.06000000	7729.51800000	7715.41000000	7726.16800000	7675.04200000	7692.27200000	7734.77400000	7743.59600000	7776.42200000	7788.32200000	7686.06800000	7695.46800000	7698.63600000	7712.47200000	7771.71000000	7783.70000000	7780.23800000	7794.01600000	7743.45400000	7756.63400000	7767.50800000	7769.20600000	7760.28400000	7763.19400000	7733.58200000	7740.66200000	7748.87800000	7770.26800000	7735.36568000	7747.99376000
2855175879.39698505	7746.56800000	7758.49400000	7679.18000000	7694.35600000	7793.85400000	7812.47800000	7758.79200000	7773.02600000	7682.58000000	7698.65200000	7717.08000000	7733.46400000	7724.99200000	7735.82800000	7753.35600000	7770.64200000	7737.17000000	7751.40600000	7701.77000000	7727.40600000	7697.47800000	7711.38600000	7737.01200000	7753.45400000	7679.58000000	7694.50800000	7732.98000000	7755.31200000	7641.51200000	7659.15600000	7756.90000000	7773.11800000	7744.21400000	7756.55400000	7679.61000000	7696.65800000	7793.83800000	7820.31200000	7722.35400000	7745.01600000	7763.21400000	7771.97400000	7700.08200000	7709.58000000	7792.40800000	7803.70800000	7723.49800000	7734.80000000	7762.48400000	7780.13400000	7728.90024000	7744.85688000
2855678391.95979881	7736.11000000	7759.72400000	7835.83600000	7858.62800000	7742.72200000	7766.38000000	7726.68400000	7750.97400000	7730.06000000	7751.23400000	7662.23400000	7692.41800000	7672.01400000	7694.48000000	7809.78000000	7828.01600000	7732.79400000	7744.62600000	7758.51600000	7775.73600000	7703.49000000	7732.27400000	7698.62200000	7714.75000000	7651.75200000	7674.81400000	7627.87800000	7639.31800000	7677.15800000	7696.19200000	7739.29600000	7752.68400000	7687.79600000	7712.38200000	7707.96400000	7732.95200000	7641.94200000	7663.51400000	7767.46000000	7786.25800000	7745.35800000	7768.03400000	7762.83200000	7780.22600000	7774.26000000	7791.03400000	7676.73000000	7694.12800000	7685.72400000	7712.36600000	7718.20048000	7738.92568000
2856180904.52261305	7754.43400000	7781.82200000	7734.54200000	7757.54200000	7730.87000000	7763.58000000	7656.12400000	7688.07000000	7705.80400000	7728.88400000	7765.46000000	7783.89600000	7795.74600000	7815.33000000	7649.95600000	7667.21400000	7755.46000000	7782.24800000	7714.16000000	7730.00400000	7655.91400000	7682.33000000	7672.28600000	7708.10000000	7683.01000000	7700.17200000	7714.29800000	7733.55400000	7745.87200000	7766.48600000	7659.57800000	7679.48200000	7684.00000000	7711.31200000	7732.76600000	7753.50800000	7739.38000000	7756.03000000	7786.98000000	7809.89600000	7795.71000000	7818.66000000	7786.21600000	7813.82000000	7762.21200000	7785.07000000	7696.48600000	7729.17600000	7730.28600000	7758.20800000	7724.30200000	7748.17576000
2856683417.08542728	7739.88400000	7761.49000000	7724.52000000	7752.98600000	7721.15400000	7750.55400000	7685.47600000	7720.80400000	7726.87800000	7759.52000000	7747.37800000	7768.82000000	7795.03000000	7815.41400000	7663.21400000	7690.55400000	7730.26600000	7764.54400000	7686.25000000	7716.26400000	7603.91200000	7639.21600000	7695.67000000	7719.77400000	7721.24200000	7746.14400000	7737.31800000	7769.63400000	7724.70000000	7748.32600000	7662.37000000	7685.91000000	7694.14800000	7725.09600000	7690.48200000	7706.12400000	7727.64200000	7764.25600000	7763.23400000	7796.33200000	7781.92000000	7812.92200000	7786.21400000	7812.79800000	7733.27800000	7756.47800000	7727.33400000	7755.57600000	7740.37000000	7768.48000000	7720.39536000	7748.32064000
2857185929.64824104	7757.35000000	7792.08400000	7741.01600000	7762.68200000	7745.16400000	7771.76800000	7634.67800000	7659.18400000	7719.77800000	7745.12000000	7735.33400000	7764.11200000	7780.35600000	7796.78000000	7663.35000000	7702.76200000	7727.62000000	7755.22400000	7692.06000000	7727.90800000	7676.91600000	7707.82400000	7668.93800000	7701.37000000	7686.41800000	7720.13600000	7710.74600000	7740.96600000	7742.10600000	7780.41400000	7654.01400000	7683.95400000	7671.59400000	7703.09200000	7739.21800000	7759.72200000	7735.57200000	7765.43800000	7768.11200000	7807.16200000	7786.73400000	7810.62000000	7767.95800000	7799.23800000	7745.99400000	7768.73000000	7726.97000000	7755.48400000	7739.64400000	7773.66200000	7720.70560000	7750.21744000
2857688442.21105528	7729.75200000	7773.14800000	7685.94600000	7721.37200000	7638.71000000	7695.06600000	7716.82600000	7745.69600000	7677.26600000	7714.76400000	7691.74400000	7722.26000000	7721.33200000	7764.71000000	7778.78000000	7818.45400000	7745.72600000	7779.30800000	7697.91800000	7725.29400000	7710.81200000	7744.15400000	7625.21600000	7653.61200000	7668.86800000	7708.45000000	7590.96400000	7629.04600000	7617.14600000	7658.13200000	7757.99000000	7787.60600000	7667.55800000	7703.98000000	7689.57600000	7722.43000000	7720.95600000	7743.48800000	7755.03000000	7794.63800000	7736.67800000	7767.27000000	7715.68600000	7755.14400000	7730.63600000	7776.68800000	7692.86600000	7734.63200000	7730.13800000	7766.47600000	7699.76480000	7736.23272000
2858190954.77386951	7733.40800000	7770.76000000	7795.59200000	7831.23200000	7730.62400000	7775.57000000	7748.33800000	7785.51200000	7703.74400000	7743.30400000	7701.08800000	7739.24400000	7692.13800000	7737.49000000	7742.90200000	7783.56800000	7727.65200000	7762.54200000	7738.84000000	7775.53000000	7681.68000000	7717.89400000	7736.42800000	7779.39800000	7677.09800000	7718.38800000	7683.66000000	7727.16600000	7716.57800000	7752.47000000	7705.09000000	7746.60000000	7691.63200000	7725.70200000	7674.08000000	7713.63600000	7694.35200000	7731.82000000	7721.27000000	7758.71600000	7762.83200000	7800.67800000	7712.29400000	7749.90400000	7760.29600000	7796.60400000	7649.24400000	7680.48600000	7685.79000000	7720.27200000	7714.66600000	7752.97944000
2858693467.33668327	7707.66600000	7748.80600000	7796.87400000	7839.84800000	7699.00200000	7749.10200000	7721.45800000	7768.92800000	7699.50800000	7728.83000000	7685.74600000	7728.78200000	7722.14400000	7760.68400000	7757.99200000	7796.34200000	7712.74400000	7747.10400000	7708.66400000	7752.07200000	7710.32000000	7759.30400000	7726.24800000	7766.86600000	7617.37400000	7652.24400000	7653.25200000	7694.57000000	7690.87000000	7741.26200000	7698.62000000	7732.83000000	7665.30800000	7704.56200000	7690.95800000	7726.47800000	7705.22800000	7741.58600000	7715.27400000	7765.63400000	7741.43000000	7777.62400000	7724.28800000	7766.65800000	7711.39600000	7750.58200000	7700.60800000	7737.26000000	7651.77200000	7703.73800000	7704.58976000	7745.66784000
2859195979.89949751	7696.72800000	7751.07400000	7617.51800000	7667.01600000	7669.73400000	7716.49000000	7658.61600000	7703.11600000	7683.48600000	7733.25000000	7640.57000000	7683.08000000	7714.32200000	7761.20400000	7591.67000000	7627.02800000	7683.38800000	7736.19400000	7683.53200000	7724.59600000	7708.98000000	7753.50000000	7686.27400000	7734.72200000	7691.86400000	7740.13400000	7726.86200000	7768.26600000	7634.68200000	7674.17600000	7686.57200000	7731.12400000	7683.22600000	7744.71600000	7675.18600000	7714.16800000	7750.56600000	7802.22600000	7701.49000000	7744.59800000	7712.51800000	7767.92000000	7730.58000000	7779.33800000	7725.91000000	7775.80600000	7677.48400000	7727.85600000	7710.02800000	7754.34400000	7685.67144000	7732.63768000
2859698492.46231174	7686.11800000	7734.88400000	7653.32800000	7701.10400000	7680.33600000	7726.11000000	7666.53200000	7716.19000000	7665.85400000	7713.25600000	7686.27800000	7731.68800000	7714.60400000	7767.63600000	7512.91600000	7556.49600000	7692.35000000	7741.40600000	7658.35400000	7702.87800000	7711.01800000	7760.33000000	7650.84400000	7695.22600000	7690.77800000	7739.21400000	7730.10800000	7778.52200000	7619.68000000	7664.36400000	7687.69800000	7745.30800000	7691.05800000	7734.56800000	7680.34600000	7737.31000000	7730.62600000	7785.26200000	7722.46400000	7770.05600000	7686.76200000	7735.57200000	7658.88600000	7704.75200000	7736.38400000	7782.65600000	7715.16800000	7770.05400000	7699.24800000	7752.97000000	7681.10952000	7729.91248000
2860201005.02512550	7726.83600000	7784.47000000	7675.49600000	7734.43600000	7683.75400000	7744.19400000	7714.21000000	7769.78000000	7682.32400000	7738.43600000	7699.78600000	7746.93200000	7695.41600000	7746.12000000	7701.96400000	7758.35200000	7676.17600000	7732.07000000	7686.23000000	7730.93400000	7651.36800000	7698.78200000	7672.42400000	7728.55200000	7695.83600000	7748.72800000	7676.74200000	7725.95000000	7634.33000000	7686.61400000	7706.11200000	7771.43200000	7606.12600000	7660.24000000	7676.82400000	7734.32600000	7750.76200000	7808.65000000	7673.32400000	7727.27800000	7611.58600000	7673.50800000	7700.64000000	7757.19000000	7745.43800000	7790.76400000	7712.55200000	7775.74000000	7723.68600000	7775.59400000	7687.19768000	7741.96288000
2860703517.58793974	7689.82600000	7749.84600000	7659.78000000	7720.86000000	7712.85200000	7777.79600000	7719.16000000	7782.37400000	7677.31800000	7734.99200000	7743.95400000	7808.16600000	7686.50600000	7735.79200000	7701.38400000	7755.17000000	7702.94000000	7763.80400000	7685.96800000	7750.02200000	7689.91800000	7748.95000000	7704.45200000	7764.51200000	7655.77200000	7715.28800000	7648.91800000	7703.76400000	7630.51400000	7696.16400000	7600.37400000	7664.56000000	7633.76400000	7696.30200000	7647.04000000	7702.58400000	7677.58400000	7731.07600000	7717.39800000	7772.13000000	7693.61200000	7769.43200000	7686.00800000	7743.44200000	7695.29400000	7750.58400000	7619.81400000	7682.01200000	7716.28600000	7770.93200000	7679.85744000	7739.62216000
2861206030.15075397	7774.22600000	7833.39600000	7650.90400000	7718.83000000	7704.30000000	7763.04400000	7661.12000000	7718.77800000	7660.07200000	7720.12600000	7714.51000000	7780.16600000	7700.76800000	7759.14800000	7652.95200000	7720.31800000	7701.43200000	7766.28000000	7639.27000000	7704.60200000	7665.27200000	7720.37800000	7651.98200000	7719.45200000	7668.51800000	7738.57400000	7672.18400000	7729.30600000	7645.12000000	7708.27600000	7653.71000000	7714.92200000	7615.58400000	7686.69600000	7716.11200000	7777.28400000	7711.81000000	7770.10400000	7743.94200000	7798.63000000	7645.00600000	7705.61000000	7695.52200000	7759.45000000	7615.13400000	7682.00600000	7717.19200000	7770.44200000	7686.26800000	7741.47200000	7678.51640000	7740.29160000
2861708542.71356773	7726.98800000	7793.57600000	7697.76200000	7760.59000000	7628.96800000	7688.61400000	7679.94600000	7747.02400000	7604.86400000	7668.01000000	7679.94400000	7749.33800000	7644.17200000	7714.37200000	7731.42800000	7796.20400000	7693.47400000	7764.49200000	7704.00000000	7775.22200000	7660.93400000	7726.77800000	7677.01600000	7740.58400000	7694.00800000	7758.09800000	7637.68400000	7707.87200000	7639.71200000	7701.65600000	7731.53800000	7793.45800000	7639.88000000	7706.29400000	7686.63200000	7737.24600000	7637.78000000	7711.56200000	7680.36000000	7739.37400000	7694.96800000	7752.56600000	7755.57000000	7820.02400000	7740.96800000	7798.58200000	7662.79400000	7725.97200000	7654.01000000	7710.97400000	7679.41600000	7743.53928000
2862211055.27638197	7721.53800000	7792.51800000	7647.16400000	7707.23200000	7729.16200000	7800.84400000	7663.76000000	7733.36000000	7682.96000000	7744.25400000	7659.96200000	7717.41000000	7687.87400000	7757.66000000	7714.25800000	7779.04600000	7708.43200000	7768.78600000	7682.27000000	7748.41200000	7614.70200000	7685.12600000	7678.21600000	7747.59400000	7674.52200000	7740.34000000	7643.16800000	7709.96000000	7658.77000000	7723.59400000	7737.92200000	7813.30400000	7610.74600000	7675.82000000	7637.74600000	7707.52600000	7712.32400000	7780.76600000	7732.11800000	7806.17200000	7668.51400000	7739.55600000	7708.50200000	7774.03800000	7668.50200000	7726.66600000	7652.43400000	7729.20600000	7727.15800000	7800.82400000	7680.90896000	7748.40056000
2862713567.83919621	7739.08800000	7801.31600000	7616.60400000	7681.00800000	7645.47600000	7708.13800000	7633.87600000	7701.50200000	7626.46000000	7687.56600000	7667.09600000	7733.41600000	7704.77600000	7773.43200000	7638.07000000	7709.13400000	7722.13400000	7789.82800000	7644.45000000	7708.38400000	7680.63600000	7759.38800000	7659.42800000	7726.22400000	7579.95000000	7657.71400000	7672.53200000	7737.42400000	7632.08000000	7698.02000000	7645.95400000	7719.98400000	7642.25400000	7715.70600000	7677.48400000	7748.74800000	7709.41800000	7773.87400000	7696.27800000	7760.63000000	7681.97800000	7759.52000000	7670.79200000	7733.74800000	7716.15400000	7782.61600000	7721.46000000	7795.43600000	7675.43400000	7751.07600000	7667.99448000	7736.55328000
2863216080.40200996	7708.37200000	7779.47600000	7750.66800000	7818.11800000	7690.09600000	7760.67600000	7690.76800000	7759.75400000	7676.63600000	7747.57400000	7596.63800000	7664.48000000	7644.84800000	7718.82200000	7753.91000000	7826.47600000	7665.81800000	7745.29800000	7702.51800000	7778.41600000	7672.14200000	7745.24000000	7672.23400000	7754.27400000	7596.27000000	7676.77800000	7620.48600000	7701.67800000	7641.91600000	7716.78000000	7696.92000000	7770.00600000	7594.32600000	7668.97800000	7670.51000000	7743.42400000	7674.18800000	7741.79000000	7688.55000000	7764.52600000	7694.14200000	7766.58200000	7635.98200000	7709.84200000	7719.25400000	7783.07600000	7639.39200000	7703.38600000	7649.56400000	7723.52400000	7669.84592000	7742.75896000
2863718592.96482420	7714.45800000	7785.35800000	7686.05800000	7756.51600000	7705.41200000	7768.33800000	7639.42800000	7716.78800000	7686.11200000	7754.94800000	7676.87000000	7746.93600000	7710.86000000	7784.93800000	7718.60800000	7801.32000000	7707.33000000	7786.11000000	7675.13200000	7751.72400000	7617.18200000	7691.48000000	7609.97000000	7690.97000000	7666.99200000	7746.55400000	7639.47600000	7716.55800000	7648.39200000	7722.24000000	7687.13000000	7767.41000000	7587.92600000	7662.10000000	7671.59000000	7754.23200000	7568.63600000	7649.03200000	7699.53400000	7772.81600000	7663.62600000	7746.10200000	7701.28000000	7772.38400000	7692.86000000	7756.72000000	7582.07000000	7658.20800000	7651.66600000	7719.83400000	7664.34392000	7739.18464000
2864221105.52763844	7690.47000000	7767.46200000	7636.31800000	7717.01400000	7641.46600000	7721.68600000	7651.47400000	7726.58400000	7674.18600000	7752.37800000	7621.40400000	7688.38000000	7653.80600000	7737.49000000	7722.50200000	7801.90800000	7624.79000000	7707.21000000	7661.15000000	7748.64000000	7664.55400000	7748.64400000	7660.21000000	7753.39600000	7602.55200000	7672.25400000	7640.62600000	7717.82800000	7621.42800000	7700.16600000	7658.13000000	7734.63800000	7569.88400000	7647.03800000	7628.05600000	7706.87200000	7681.62600000	7764.25600000	7698.99000000	7778.51800000	7711.41400000	7793.60400000	7685.69800000	7762.16200000	7679.67600000	7753.06600000	7651.40400000	7729.66600000	7696.51800000	7772.48600000	7657.13328000	7736.13384000
2864723618.09045219	7694.74400000	7779.94000000	7616.36200000	7690.70000000	7744.30000000	7821.73200000	7707.61400000	7782.94000000	7665.51200000	7741.03800000	7655.91800000	7725.93000000	7668.51200000	7744.82200000	7659.10400000	7734.48800000	7671.55400000	7754.64200000	7629.67000000	7720.80400000	7649.29800000	7729.93000000	7640.97000000	7720.40000000	7654.69000000	7733.24400000	7667.87200000	7745.79200000	7633.99800000	7720.26200000	7687.67800000	7770.92800000	7660.23200000	7741.45600000	7613.79600000	7687.31800000	7700.06400000	7774.46400000	7710.17000000	7782.54000000	7698.15600000	7782.60000000	7654.32200000	7738.64800000	7729.48800000	7804.98600000	7671.09600000	7745.73400000	7708.11200000	7789.24600000	7671.72928000	7750.58336000
2865226130.65326643	7708.27000000	7791.65200000	7644.31000000	7729.29200000	7679.95600000	7762.40200000	7693.88400000	7784.97000000	7652.82600000	7738.09400000	7697.10200000	7777.12800000	7668.38400000	7758.28600000	7661.92000000	7745.65600000	7669.29400000	7746.95000000	7593.86800000	7679.24200000	7663.07600000	7748.39400000	7591.90000000	7666.53000000	7648.27600000	7734.91800000	7640.28400000	7722.40000000	7581.49200000	7657.44400000	7695.95400000	7776.44800000	7607.43800000	7692.37000000	7649.69800000	7737.37200000	7725.15600000	7812.06200000	7666.84400000	7742.20000000	7650.04600000	7729.69800000	7686.47800000	7761.92000000	7740.55800000	7820.45800000	7705.43600000	7780.22400000	7656.52600000	7740.06400000	7663.15904000	7745.44696000
2865728643.21608019	7719.54400000	7804.90000000	7669.16400000	7743.47600000	7685.96000000	7765.88400000	7658.75600000	7744.41200000	7648.66400000	7724.14800000	7677.40200000	7755.44400000	7716.82400000	7798.23200000	7678.34200000	7765.34600000	7698.38600000	7789.71800000	7608.83000000	7700.71200000	7643.86600000	7734.29200000	7665.02200000	7746.57000000	7683.64200000	7766.92400000	7644.63000000	7731.17200000	7671.53200000	7758.34000000	7636.59200000	7721.79000000	7605.69200000	7694.81200000	7653.46000000	7735.91400000	7625.48600000	7705.03000000	7669.12000000	7743.62600000	7699.64800000	7778.83400000	7749.52600000	7823.64200000	7667.72600000	7740.33800000	7667.67400000	7735.72800000	7632.60600000	7705.28800000	7667.12376000	7748.58288000
2866231155.77889442	7662.76800000	7742.50800000	7686.53600000	7767.33600000	7659.61800000	7728.23600000	7621.62800000	7702.19000000	7608.56800000	7699.49800000	7680.48600000	7762.03800000	7736.12800000	7819.54600000	7676.14800000	7755.07600000	7639.02200000	7719.69000000	7631.40000000	7708.30800000	7724.07200000	7810.29800000	7654.23800000	7744.97200000	7632.27000000	7721.23400000	7663.37800000	7747.47200000	7621.88600000	7701.71800000	7655.02800000	7731.71200000	7673.00600000	7750.79400000	7636.27400000	7710.04000000	7724.52200000	7811.29200000	7630.32000000	7710.76400000	7699.83200000	7780.55000000	7640.93800000	7734.34400000	7675.48000000	7761.75000000	7690.81200000	7772.53400000	7704.67200000	7783.90000000	7665.16120000	7747.11200000
2866733668.34170866	7689.25200000	7767.44600000	7671.52400000	7749.53800000	7659.92800000	7739.67800000	7676.95400000	7751.62600000	7683.55600000	7756.65400000	7618.33000000	7694.17800000	7620.25200000	7691.95200000	7737.11000000	7821.89600000	7676.84000000	7766.59400000	7686.54600000	7770.99800000	7672.85600000	7761.32800000	7668.53800000	7742.47600000	7598.79200000	7677.79000000	7650.06600000	7744.33400000	7652.29000000	7733.98800000	7681.69000000	7765.35600000	7647.71000000	7719.64800000	7629.67600000	7709.36000000	7679.31200000	7756.19000000	7677.84600000	7757.14000000	7674.21400000	7748.97600000	7695.52400000	7772.56400000	7722.01800000	7792.43000000	7654.04600000	7726.24600000	7645.91000000	7724.84800000	7666.83120000	7745.72936000
2867236180.90452242	7652.59600000	7734.14600000	7624.68000000	7699.45000000	7659.88000000	7740.14000000	7678.86800000	7757.44400000	7606.81200000	7674.68000000	7646.61200000	7722.68000000	7627.32800000	7707.65200000	7702.92000000	7771.46400000	7695.69200000	7773.34800000	7723.85400000	7800.17000000	7654.84800000	7731.15200000	7619.34200000	7700.03600000	7657.40000000	7738.32000000	7622.37800000	7706.28600000	7596.67400000	7684.21000000	7700.55200000	7778.05600000	7621.72800000	7700.74400000	7669.39600000	7747.30400000	7654.53000000	7743.91000000	7685.76200000	7763.05000000	7615.59600000	7698.22000000	7740.03400000	7828.08600000	7748.35800000	7822.71600000	7636.84200000	7720.21800000	7632.06000000	7705.25400000	7658.98968000	7737.94944000
2867738693.46733665	7697.89800000	7762.70400000	7630.33200000	7694.30800000	7750.27000000	7823.35200000	7730.81000000	7798.37400000	7638.99200000	7710.79600000	7690.10200000	7759.63800000	7676.71200000	7753.36600000	7688.24800000	7754.44200000	7697.95200000	7768.16000000	7667.07200000	7745.85400000	7662.40200000	7733.61800000	7684.75400000	7756.12200000	7658.02800000	7731.33800000	7651.95000000	7717.13200000	7557.77000000	7623.49600000	7711.73400000	7780.21400000	7640.09400000	7711.52400000	7651.15600000	7718.62000000	7749.77400000	7823.09600000	7683.70400000	7749.94600000	7674.13800000	7748.23600000	7628.67000000	7699.17400000	7750.87200000	7820.72800000	7718.65800000	7777.46600000	7695.29800000	7754.61400000	7679.49560000	7748.65272000
2868241206.03015089	7707.14800000	7766.30400000	7675.35400000	7744.68600000	7667.95200000	7731.61000000	7701.24800000	7761.96000000	7679.17000000	7744.72800000	7661.82800000	7718.78400000	7718.86200000	7785.25600000	7692.30800000	7757.46600000	7746.75000000	7816.16600000	7595.31000000	7659.25200000	7635.46000000	7692.24000000	7627.34400000	7684.66200000	7664.53000000	7730.35400000	7671.29800000	7737.64600000	7654.43000000	7714.48600000	7672.37400000	7733.00000000	7649.72000000	7716.52000000	7715.79200000	7781.52400000	7673.99400000	7743.11200000	7789.94000000	7849.59200000	7729.47200000	7799.47200000	7791.13200000	7853.53400000	7707.51000000	7779.36000000	7684.36400000	7741.89200000	7705.81400000	7761.87600000	7688.76416000	7752.21928000
2868743718.59296465	7682.25600000	7733.67800000	7680.33400000	7724.84600000	7639.38200000	7676.04600000	7672.46000000	7717.10200000	7606.55600000	7659.94400000	7613.39000000	7666.59200000	7698.09400000	7743.11000000	7728.10800000	7782.87600000	7672.45200000	7722.09000000	7666.10000000	7719.31000000	7673.97000000	7725.17600000	7715.80600000	7772.02400000	7694.23200000	7746.40600000	7631.05200000	7689.05600000	7664.75800000	7722.38600000	7702.43200000	7751.14600000	7677.84800000	7732.24200000	7658.58800000	7715.34200000	7693.22800000	7751.40600000	7718.61000000	7766.03400000	7741.20400000	7795.63600000	7729.44800000	7784.88200000	7660.75400000	7711.16600000	7661.39000000	7707.74000000	7736.30800000	7784.23000000	7680.75040000	7732.01864000
2869246231.15577888	7710.13800000	7758.03600000	7660.88000000	7708.49600000	7632.82400000	7681.38000000	7736.79200000	7778.84000000	7711.18600000	7756.08600000	7730.28000000	7779.26800000	7742.07400000	7795.34800000	7735.16800000	7774.35400000	7750.28600000	7800.39200000	7664.87600000	7702.87600000	7689.67400000	7739.21000000	7689.81600000	7738.54800000	7686.18800000	7739.71800000	7658.79000000	7706.99000000	7643.77000000	7695.75000000	7648.92800000	7702.21200000	7658.55800000	7695.95200000	7727.70200000	7770.96800000	7724.00000000	7766.63000000	7721.96000000	7759.48600000	7723.14800000	7771.37800000	7722.36000000	7769.01200000	7713.52200000	7766.83600000	7713.85000000	7767.37600000	7721.22600000	7766.87600000	7700.71984000	7747.68072000
2869748743.71859312	7767.91200000	7812.94800000	7771.67400000	7814.88800000	7673.04800000	7709.96800000	7681.56400000	7725.30600000	7732.47000000	7781.22600000	7722.04200000	7765.49200000	7764.05600000	7802.97400000	7668.96200000	7713.80400000	7711.94400000	7757.12000000	7649.93200000	7689.37600000	7598.83400000	7646.99600000	7680.09200000	7727.48200000	7680.54400000	7720.40400000	7673.83800000	7715.98200000	7678.98400000	7723.63600000	7666.43800000	7703.05200000	7672.87800000	7720.05400000	7680.08800000	7727.50000000	7709.51000000	7755.11800000	7749.74000000	7798.36600000	7745.16200000	7780.66000000	7752.29400000	7798.37400000	7659.75200000	7702.78200000	7722.91600000	7759.20600000	7730.02000000	7771.28800000	7701.78776000	7744.96008000
2870251256.28140688	7633.06000000	7684.65000000	7670.90200000	7729.34400000	7708.98400000	7759.46800000	7729.94400000	7780.16400000	7706.72600000	7748.57400000	7746.35000000	7788.94600000	7683.66400000	7736.58800000	7727.11800000	7772.89400000	7717.32000000	7762.28800000	7707.37400000	7752.91200000	7705.52400000	7748.21400000	7729.67800000	7779.63000000	7647.59000000	7699.50400000	7667.11200000	7708.94200000	7682.08000000	7729.84200000	7719.21600000	7766.68800000	7697.00200000	7734.55000000	7643.74600000	7685.12600000	7742.18600000	7784.86600000	7753.47200000	7803.89200000	7729.71000000	7781.99200000	7716.18600000	7761.72800000	7718.98800000	7759.27200000	7637.26600000	7679.89600000	7711.07600000	7769.74600000	7701.29096000	7748.38864000
2870753768.84422112	7816.25800000	7862.22600000	7658.18000000	7711.47000000	7643.43800000	7693.50000000	7676.58800000	7726.12400000	7660.69600000	7720.56200000	7694.93600000	7744.53200000	7723.90400000	7785.59000000	7645.81000000	7696.83000000	7717.77200000	7770.34600000	7623.30000000	7680.03800000	7652.62800000	7711.61800000	7611.57000000	7663.83000000	7702.07600000	7751.65000000	7632.96600000	7686.68600000	7661.22000000	7725.01400000	7640.88800000	7696.24400000	7655.76200000	7717.91400000	7656.27800000	7710.62000000	7685.32800000	7736.78800000	7742.07200000	7795.99000000	7722.93600000	7772.30800000	7778.23800000	7828.65600000	7696.24000000	7754.55800000	7680.00200000	7733.36400000	7700.49800000	7748.29000000	7683.18336000	7736.98992000
2871256281.40703535	7683.54600000	7744.67400000	7644.53600000	7704.93200000	7656.25800000	7713.19200000	7721.78800000	7782.11200000	7630.37200000	7689.15600000	7668.72600000	7731.90000000	7679.26200000	7749.04200000	7692.47400000	7756.29000000	7695.58800000	7755.82600000	7719.25400000	7781.54200000	7678.90600000	7740.64400000	7659.24000000	7716.40600000	7621.35600000	7681.60600000	7662.38800000	7721.76800000	7641.73800000	7712.30800000	7716.61600000	7778.57800000	7630.64200000	7694.59400000	7676.21000000	7734.72400000	7654.28600000	7712.41000000	7683.48400000	7743.55200000	7678.26400000	7740.21400000	7733.24200000	7790.88200000	7754.30600000	7823.41800000	7609.60800000	7666.04200000	7651.35400000	7715.11800000	7673.73776000	7735.23720000
2871758793.96984911	7716.18400000	7784.78800000	7672.12200000	7738.21800000	7685.42000000	7759.16600000	7689.49400000	7745.46200000	7621.87000000	7694.83600000	7697.30000000	7763.89800000	7682.29400000	7744.92800000	7727.60000000	7797.57200000	7759.88800000	7828.63200000	7656.48400000	7721.89000000	7670.93200000	7729.32400000	7631.26200000	7700.56200000	7672.63000000	7735.92600000	7666.67800000	7730.21400000	7589.29000000	7655.81800000	7669.37800000	7738.26400000	7603.17200000	7668.09400000	7679.89400000	7741.08800000	7700.91400000	7768.66400000	7718.89200000	7790.51400000	7677.55800000	7744.91600000	7697.21200000	7775.83400000	7702.99600000	7762.88800000	7726.62000000	7786.18800000	7702.13800000	7774.47200000	7680.72888000	7747.28624000
2872261306.53266335	7669.14000000	7746.56200000	7725.51200000	7791.05600000	7639.53600000	7719.56800000	7647.22200000	7727.52000000	7653.33800000	7730.06000000	7678.05800000	7748.16600000	7625.95400000	7692.65000000	7683.94200000	7759.37800000	7654.37800000	7730.07200000	7659.65600000	7737.67600000	7699.51200000	7771.91800000	7697.27400000	7771.47000000	7634.57000000	7710.41400000	7644.13800000	7716.25200000	7634.03800000	7705.20400000	7649.00600000	7733.04200000	7660.93200000	7735.19400000	7627.18400000	7691.52800000	7712.12600000	7787.69600000	7651.86400000	7730.32400000	7714.33200000	7790.90000000	7734.54600000	7802.19800000	7656.81000000	7737.11800000	7633.14000000	7704.87800000	7649.38200000	7722.87200000	7665.42360000	7739.74864000
2872763819.09547758	7706.32600000	7780.95800000	7581.88200000	7656.95200000	7688.63400000	7766.36000000	7713.96000000	7789.21400000	7645.66200000	7720.74400000	7613.14400000	7690.63000000	7712.91400000	7795.22200000	7665.81000000	7744.75400000	7623.01400000	7716.72400000	7637.99200000	7712.97000000	7640.53000000	7723.66200000	7634.08200000	7705.24800000	7554.87400000	7635.63200000	7641.10400000	7719.46800000	7625.81800000	7700.42400000	7684.08200000	7766.34200000	7679.09000000	7762.36600000	7593.60600000	7668.06400000	7707.47600000	7789.84200000	7705.25800000	7789.77000000	7726.94400000	7802.18400000	7697.77000000	7776.56800000	7690.71400000	7760.75200000	7713.99800000	7790.06400000	7696.56400000	7772.75600000	7663.24992000	7741.50680000
2873266331.65829134	7624.17400000	7708.11800000	7650.98800000	7723.09800000	7648.91200000	7725.96600000	7648.12400000	7727.14200000	7614.37200000	7696.78400000	7629.25000000	7710.38200000	7619.67400000	7699.12600000	7668.35600000	7756.95800000	7654.83400000	7743.25400000	7691.33600000	7776.72200000	7681.45800000	7759.58400000	7619.87000000	7708.11800000	7690.13600000	7779.29400000	7622.18800000	7708.19200000	7651.24000000	7731.17400000	7640.74000000	7735.55400000	7625.25400000	7707.40600000	7675.44600000	7753.05800000	7661.68000000	7740.93000000	7671.09400000	7758.61400000	7690.22800000	7775.14800000	7701.79200000	7782.64800000	7715.74600000	7800.13600000	7655.21400000	7734.28200000	7704.53800000	7782.24400000	7658.26576000	7740.95728000
2873768844.22110558	7691.13600000	7774.12000000	7693.39600000	7780.90600000	7620.72000000	7705.56800000	7674.95000000	7755.37600000	7614.21200000	7689.42400000	7703.44600000	7785.49200000	7705.15600000	7790.62800000	7647.63000000	7734.86600000	7624.72000000	7717.15800000	7652.22200000	7730.99200000	7707.66600000	7792.18600000	7669.53000000	7746.53600000	7655.11800000	7728.50400000	7684.14800000	7763.61400000	7586.42200000	7667.27600000	7663.60400000	7746.16400000	7679.78400000	7762.51000000	7631.89000000	7718.08600000	7705.32400000	7789.23600000	7622.80200000	7708.33200000	7657.21400000	7740.22200000	7687.27000000	7766.82600000	7734.49400000	7821.42600000	7710.13000000	7791.38800000	7708.12000000	7788.89000000	7669.24416000	7751.82904000
2874271356.78391981	7669.53400000	7752.20000000	7619.22400000	7703.47600000	7635.55400000	7709.47400000	7712.56000000	7790.74000000	7628.90600000	7706.16400000	7669.95600000	7748.22600000	7671.54200000	7754.27000000	7680.16200000	7765.13000000	7671.18400000	7749.64400000	7663.49600000	7753.00800000	7639.18600000	7716.49400000	7649.62400000	7735.24400000	7618.48400000	7701.85000000	7633.59600000	7712.05000000	7642.81800000	7726.44600000	7658.65800000	7739.10600000	7571.77600000	7651.41800000	7677.19200000	7764.80800000	7667.93600000	7742.63000000	7665.58400000	7753.91600000	7664.81800000	7747.59600000	7710.96000000	7782.43800000	7730.50400000	7808.88800000	7628.35600000	7704.68800000	7638.05000000	7722.34800000	7656.78640000	7737.69008000
2874773869.34673357	7706.85000000	7790.38400000	7655.49800000	7734.62400000	7683.19400000	7769.31600000	7683.34800000	7770.83200000	7624.71600000	7706.85600000	7661.98000000	7749.11200000	7668.26000000	7753.54800000	7711.58000000	7807.65600000	7725.93800000	7812.04600000	7645.85600000	7732.36400000	7631.28600000	7706.64800000	7584.56400000	7662.30800000	7666.57000000	7747.85800000	7626.93800000	7715.34400000	7570.05000000	7661.85800000	7698.10000000	7779.11600000	7610.86200000	7696.37000000	7654.55200000	7739.61800000	7650.05200000	7730.04200000	7742.63400000	7823.28800000	7688.96200000	7774.97000000	7682.78200000	7764.24800000	7698.72400000	7783.11000000	7671.21400000	7750.54000000	7700.21400000	7782.48800000	7665.78896000	7749.78176000
2875276381.90954781	7704.44800000	7785.40000000	7615.39000000	7694.14800000	7683.14600000	7759.90400000	7613.77000000	7691.46600000	7633.19000000	7717.48800000	7702.63800000	7778.45200000	7668.66800000	7749.33600000	7630.70000000	7711.86400000	7626.83000000	7707.40400000	7622.73600000	7701.65200000	7661.29200000	7747.96400000	7637.37200000	7717.47800000	7689.49600000	7766.46600000	7598.11000000	7683.07400000	7568.84000000	7643.19200000	7660.61000000	7735.07200000	7671.80400000	7749.49800000	7711.41000000	7783.58800000	7688.16000000	7763.89000000	7656.28600000	7739.94600000	7595.58000000	7675.68000000	7687.96200000	7754.53400000	7633.29200000	7709.01200000	7702.18400000	7776.51400000	7622.88200000	7688.75000000	7651.47184000	7729.27088000
2875778894.47236204	7678.41000000	7750.13800000	7687.70800000	7765.24000000	7610.80000000	7680.83600000	7692.67200000	7767.81200000	7655.72600000	7733.17200000	7619.30600000	7703.19000000	7697.93200000	7782.98000000	7686.95200000	7767.05400000	7717.74400000	7798.84800000	7609.02800000	7695.99200000	7618.01200000	7697.05600000	7616.60000000	7693.63400000	7650.21000000	7730.85800000	7628.64800000	7693.78400000	7649.21400000	7737.18200000	7622.77200000	7693.39600000	7640.05600000	7716.60400000	7674.60800000	7762.39800000	7650.59200000	7726.81400000	7734.80600000	7801.99400000	7678.92000000	7749.67800000	7772.58800000	7847.21800000	7693.59600000	7761.11800000	7656.75600000	7735.61600000	7662.71400000	7743.30600000	7664.25480000	7741.43672000
2876281407.03517580	7702.38400000	7767.25400000	7696.26600000	7761.42400000	7635.98000000	7707.52200000	7660.73800000	7733.96200000	7698.73200000	7768.27800000	7620.90200000	7697.30400000	7642.15200000	7720.85400000	7686.51000000	7767.47400000	7695.71000000	7760.10400000	7672.03600000	7747.66400000	7671.35800000	7740.17600000	7670.08000000	7745.57000000	7646.47800000	7718.40400000	7589.81400000	7663.84000000	7634.83600000	7706.50800000	7684.06000000	7756.25800000	7600.84000000	7679.98200000	7651.09400000	7723.75400000	7678.39600000	7758.70800000	7699.60600000	7775.48800000	7697.28000000	7773.13200000	7675.92800000	7752.65400000	7679.27600000	7758.02000000	7662.28200000	7734.64400000	7716.93200000	7786.85600000	7666.78680000	7740.23336000
2876783919.59799004	7656.10000000	7721.95400000	7666.81400000	7737.64800000	7671.61000000	7747.86200000	7699.06600000	7773.98000000	7660.20000000	7725.97400000	7709.14200000	7781.83800000	7654.11400000	7727.77800000	7697.93800000	7764.41800000	7685.66000000	7755.85800000	7679.03000000	7751.37200000	7635.79400000	7712.88800000	7696.87600000	7770.70200000	7625.25400000	7695.79400000	7643.18800000	7717.96600000	7636.42200000	7710.93400000	7682.56200000	7748.64600000	7659.60800000	7739.42600000	7656.11200000	7717.68200000	7721.41000000	7800.22200000	7726.22800000	7796.11400000	7737.45600000	7804.44000000	7684.73600000	7758.50200000	7707.07000000	7774.97800000	7602.75800000	7671.75400000	7698.39200000	7762.30600000	7675.74160000	7746.84144000
2877286432.16080379	7738.55800000	7804.38000000	7635.99000000	7700.73600000	7652.63800000	7725.26400000	7643.63400000	7709.56000000	7683.92200000	7755.94000000	7709.83600000	7783.41400000	7737.41800000	7808.16200000	7615.06400000	7685.58600000	7735.25600000	7801.40400000	7647.34000000	7716.72200000	7583.27600000	7645.13800000	7638.48600000	7701.34000000	7669.77600000	7734.24600000	7548.73600000	7624.62200000	7697.45200000	7770.86000000	7633.95200000	7699.30800000	7636.72400000	7703.94400000	7676.37200000	7744.22800000	7691.84200000	7763.74000000	7683.15400000	7751.71000000	7755.03600000	7823.18600000	7744.81200000	7802.20600000	7708.93200000	7780.08000000	7672.35000000	7748.56800000	7682.09400000	7754.21600000	7672.90600000	7741.54240000
2877788944.72361803	7682.97600000	7753.78000000	7652.45800000	7714.42800000	7673.09600000	7740.27000000	7689.68000000	7758.83600000	7651.80400000	7715.19000000	7747.71800000	7806.43800000	7712.62800000	7780.90600000	7685.52200000	7753.07400000	7688.22400000	7748.03000000	7680.45800000	7742.23800000	7695.48400000	7767.74800000	7670.22400000	7745.99600000	7672.05200000	7732.20200000	7633.50000000	7699.25400000	7621.28400000	7696.55400000	7533.06000000	7636.83400000	7660.54200000	7724.42200000	7621.13800000	7680.76400000	7700.72000000	7761.70400000	7704.32000000	7772.50600000	7752.97400000	7819.76400000	7722.33000000	7794.76200000	7697.99400000	7753.36600000	7627.63800000	7690.37200000	7712.33600000	7786.65200000	7675.60640000	7743.04360000
2878291457.28643227	7687.72800000	7750.85200000	7690.23800000	7748.82200000	7704.42200000	7759.58800000	7666.88000000	7732.18400000	7660.70600000	7723.14600000	7706.35200000	7768.48800000	7718.92400000	7784.15000000	7693.47400000	7753.57800000	7725.32000000	7783.22800000	7613.77800000	7679.10400000	7670.30800000	7733.85200000	7654.31200000	7713.15400000	7624.37800000	7693.01200000	7644.80600000	7698.46200000	7598.24200000	7664.39400000	7672.29800000	7732.58000000	7658.21800000	7718.93000000	7656.66200000	7718.86200000	7689.97600000	7747.33600000	7741.51400000	7803.97400000	7696.95200000	7757.75000000	7722.01600000	7783.20400000	7687.15000000	7739.91400000	7682.46000000	7743.33200000	7659.31200000	7711.20600000	7677.05704000	7737.72408000
2878793969.84924603	7666.16200000	7729.42000000	7670.08200000	7732.85200000	7673.56000000	7730.25600000	7671.21800000	7731.62800000	7606.02200000	7666.79000000	7627.47800000	7683.04800000	7668.68400000	7726.44000000	7731.62600000	7793.97000000	7701.33400000	7760.71600000	7674.30400000	7736.52800000	7667.19200000	7727.99000000	7662.49600000	7739.82000000	7702.03600000	7770.78600000	7614.58000000	7678.54800000	7676.33600000	7739.83200000	7694.40800000	7751.82000000	7662.84000000	7733.64400000	7662.00400000	7722.17800000	7712.51200000	7772.94600000	7701.31000000	7765.77600000	7748.65000000	7799.89200000	7710.35600000	7761.69200000	7707.42800000	7765.25600000	7643.56000000	7698.58200000	7718.43600000	7768.61400000	7678.98456000	7739.56096000
2879296482.41206026	7679.19800000	7741.02000000	7773.25000000	7826.90200000	7698.39400000	7754.34000000	7705.07800000	7760.13000000	7672.70800000	7715.52600000	7645.59800000	7702.06600000	7694.93400000	7745.24400000	7741.66200000	7798.51400000	7667.11200000	7724.19000000	7701.54400000	7759.84200000	7691.52400000	7741.21000000	7669.14400000	7727.69800000	7551.87200000	7596.11800000	7656.01600000	7706.59600000	7650.19800000	7709.62400000	7693.21600000	7748.18000000	7602.53800000	7663.89800000	7659.76000000	7714.12800000	7700.09000000	7758.51400000	7733.37000000	7786.87200000	7722.23200000	7770.83600000	7705.57600000	7761.48000000	7750.20000000	7806.00200000	7664.06000000	7722.47800000	7647.48000000	7700.00400000	7683.07016000	7737.65648000
2879798994.97487450	7663.68800000	7712.23000000	7727.04800000	7778.98800000	7683.26000000	7738.56200000	7681.45600000	7729.38000000	7694.28000000	7738.48000000	7670.38200000	7723.72000000	7670.02800000	7723.89400000	7715.52200000	7772.27800000	7696.17000000	7744.17400000	7674.80200000	7723.84600000	7652.99800000	7703.85000000	7710.16400000	7753.79000000	7689.16400000	7745.13600000	7679.73400000	7731.80200000	7640.10200000	7695.31200000	7692.33800000	7741.40600000	7656.72400000	7701.41600000	7695.00800000	7746.90200000	7705.22600000	7745.87000000	7740.98600000	7796.58200000	7716.81800000	7773.06200000	7726.86600000	7777.36800000	7684.70800000	7724.93800000	7666.88800000	7713.03200000	7698.92800000	7751.39200000	7689.33152000	7739.49640000
2880301507.53768826	7730.59600000	7772.85800000	7630.22800000	7683.36400000	7745.86800000	7790.25200000	7712.53800000	7759.87800000	7631.28600000	7678.09800000	7664.99200000	7715.61000000	7672.57000000	7718.85200000	7700.57800000	7744.94200000	7695.58600000	7744.82200000	7693.75400000	7741.91400000	7641.64800000	7681.00200000	7657.16600000	7720.73600000	7632.86600000	7680.90400000	7707.91400000	7760.08600000	7578.67000000	7621.85600000	7687.77200000	7731.53600000	7679.53800000	7730.29400000	7671.71400000	7712.77600000	7717.34800000	7767.00400000	7690.43600000	7736.98000000	7733.34200000	7777.55400000	7678.94000000	7723.50000000	7784.68000000	7827.80400000	7722.91000000	7771.85000000	7726.19000000	7775.50400000	7687.56520000	7734.79904000
2880804020.10050249	7739.92600000	7776.54800000	7646.53000000	7693.95600000	7681.25000000	7720.25600000	7666.99800000	7714.40400000	7659.90600000	7699.41000000	7663.33200000	7716.69400000	7696.67200000	7740.80800000	7581.83800000	7618.70800000	7719.80200000	7762.58800000	7657.19200000	7706.38600000	7698.67000000	7743.46400000	7642.64400000	7700.80200000	7698.87200000	7742.50200000	7739.74600000	7777.59800000	7641.75000000	7680.52600000	7655.85000000	7699.53800000	7725.48400000	7766.13800000	7700.20400000	7747.07200000	7764.66600000	7807.86000000	7734.11800000	7778.07600000	7722.07000000	7761.07400000	7725.07800000	7773.34400000	7738.67000000	7773.59200000	7756.79600000	7798.27800000	7718.18600000	7767.33600000	7695.05000000	7738.67832000
2881306532.66331673	7704.39600000	7740.96600000	7670.29800000	7712.14400000	7705.98800000	7746.50400000	7704.67400000	7750.23600000	7707.19000000	7741.18400000	7727.86000000	7766.51400000	7763.60800000	7805.82800000	7717.99000000	7758.83800000	7799.22600000	7835.35000000	7581.05400000	7621.38600000	7705.70200000	7747.58200000	7685.10400000	7730.69200000	7681.51000000	7717.58200000	7663.54800000	7703.93200000	7711.92800000	7751.84800000	7716.34600000	7747.30000000	7669.10600000	7709.78800000	7715.37800000	7770.04600000	7690.00400000	7717.25000000	7816.98200000	7854.78800000	7786.03800000	7825.30200000	7753.25200000	7799.58400000	7722.44400000	7758.16200000	7743.17200000	7773.42400000	7701.09000000	7736.34800000	7713.75552000	7752.90312000
2881809045.22613049	7724.51400000	7762.76000000	7652.00200000	7691.38200000	7765.96200000	7798.87600000	7727.14600000	7758.19000000	7659.04400000	7698.68600000	7699.79200000	7737.66600000	7661.47600000	7694.98000000	7718.57600000	7753.07000000	7730.24000000	7762.04200000	7722.77800000	7754.36400000	7661.10400000	7694.38800000	7654.05200000	7683.83400000	7658.80200000	7692.14600000	7736.69200000	7776.76200000	7622.23000000	7664.75400000	7756.80800000	7783.81200000	7710.67200000	7751.19200000	7689.82400000	7724.88200000	7767.02000000	7808.14400000	7697.40600000	7740.11000000	7724.93400000	7761.83800000	7692.88000000	7733.02000000	7806.31600000	7840.80800000	7721.08200000	7756.35200000	7731.18800000	7767.61400000	7707.70160000	7743.66688000
2882311557.78894472	7731.47600000	7759.78000000	7789.45400000	7818.62600000	7726.54600000	7761.76000000	7727.51200000	7760.78600000	7690.93600000	7726.79000000	7720.99200000	7755.52200000	7700.59600000	7737.41800000	7749.39800000	7787.03400000	7739.62000000	7770.34000000	7728.73800000	7746.43600000	7656.01400000	7687.12000000	7698.40200000	7722.87600000	7683.63400000	7711.97200000	7681.94800000	7714.29400000	7680.06600000	7711.29000000	7693.27000000	7716.33600000	7677.09400000	7710.15400000	7700.71200000	7728.10000000	7738.66000000	7771.90000000	7690.73600000	7713.16600000	7762.03800000	7786.06200000	7764.46600000	7791.88400000	7747.87800000	7779.99800000	7700.79000000	7733.61200000	7673.07200000	7700.20600000	7714.16192000	7744.13848000
2882814070.35175896	7810.59400000	7833.55400000	7686.29000000	7713.72600000	7654.20400000	7684.77600000	7696.24000000	7714.23400000	7712.29800000	7740.17400000	7714.91000000	7746.53800000	7753.07000000	7783.02800000	7721.89800000	7750.50600000	7748.41800000	7790.70200000	7630.29600000	7662.75000000	7709.60400000	7749.49400000	7665.60000000	7692.47800000	7753.91600000	7785.81800000	7638.97800000	7668.62000000	7706.28800000	7736.65600000	7634.50800000	7663.37800000	7676.70400000	7706.77200000	7694.40200000	7729.21400000	7705.31600000	7730.42600000	7782.00200000	7801.23200000	7762.08200000	7788.22600000	7795.16200000	7823.50800000	7725.02600000	7760.37400000	7704.07800000	7720.95400000	7713.09000000	7740.04800000	7711.79896000	7740.68744000
2883316582.91457272	7775.03600000	7797.45200000	7728.41600000	7752.55400000	7700.03800000	7718.01400000	7756.49000000	7779.22200000	7732.47400000	7751.83000000	7691.22000000	7726.74200000	7662.39800000	7679.03800000	7764.10200000	7787.50400000	7727.82000000	7752.17200000	7731.76400000	7764.68600000	7724.82600000	7753.23600000	7718.50200000	7744.44400000	7738.93400000	7758.90200000	7701.08800000	7731.60600000	7728.22000000	7751.52000000	7684.69800000	7711.57800000	7681.53000000	7708.63200000	7688.88600000	7713.80600000	7730.53200000	7754.84600000	7748.15800000	7770.40800000	7734.33200000	7760.07400000	7755.23600000	7778.36400000	7749.82000000	7763.58600000	7720.76400000	7742.05000000	7736.83000000	7745.10600000	7724.48456000	7747.89488000
2883819095.47738695	7710.45400000	7737.49800000	7686.24600000	7714.88200000	7706.08600000	7724.59400000	7726.96200000	7743.17800000	7714.56800000	7738.63600000	7739.54000000	7750.53600000	7769.56600000	7792.76400000	7713.88400000	7744.39800000	7802.63800000	7829.51400000	7622.34200000	7653.58200000	7722.95000000	7748.20200000	7684.78400000	7707.80800000	7735.81600000	7756.15000000	7735.74000000	7751.03200000	7722.42200000	7749.67600000	7725.08400000	7739.61000000	7694.40600000	7713.30000000	7731.19400000	7753.38400000	7731.24800000	7745.77600000	7826.09800000	7844.81400000	7795.53400000	7818.08600000	7789.02000000	7806.11600000	7721.51000000	7742.23600000	7750.48400000	7768.75000000	7716.25800000	7731.97000000	7730.99336000	7752.25968000
2884321608.04020119	7720.94000000	7728.07600000	7752.52800000	7767.16000000	7714.90600000	7736.43600000	7722.95000000	7738.81000000	7719.66000000	7739.63600000	7744.95400000	7755.79000000	7669.01600000	7691.74800000	7733.40000000	7751.62800000	7685.10200000	7692.82000000	7732.67200000	7754.19800000	7746.03000000	7761.53600000	7761.57600000	7787.37800000	7593.60200000	7615.98400000	7710.93600000	7729.80400000	7620.85400000	7634.52600000	7736.99600000	7752.71200000	7740.64200000	7760.57000000	7674.21600000	7686.45600000	7779.76400000	7793.32200000	7690.87800000	7701.97400000	7778.57000000	7799.28400000	7797.55400000	7807.21400000	7697.83400000	7710.27000000	7695.12800000	7715.11800000	7755.56000000	7774.56800000	7719.05072000	7735.48072000
2884824120.60301495	7660.26600000	7679.63600000	7741.33800000	7759.93600000	7691.56000000	7708.14800000	7714.03600000	7722.56000000	7661.95400000	7680.00200000	7659.78800000	7676.14400000	7712.25800000	7724.83400000	7796.33000000	7814.05200000	7706.98800000	7721.36000000	7712.51200000	7727.20600000	7753.97200000	7767.40400000	7729.30400000	7747.35800000	7748.99200000	7764.71200000	7702.35800000	7713.03000000	7701.83800000	7716.43600000	7770.01000000	7777.64800000	7715.93000000	7721.56200000	7722.37000000	7732.59200000	7722.08200000	7739.75600000	7753.61000000	7765.67800000	7767.54800000	7787.06200000	7747.28800000	7756.47200000	7798.28200000	7817.71200000	7712.28400000	7724.53000000	7748.61400000	7758.14400000	7726.06048000	7740.15896000
2885326633.16582918	7747.34600000	7765.37800000	7682.13800000	7688.54800000	7817.67000000	7824.81600000	7765.59800000	7779.07800000	7675.50600000	7696.14200000	7735.58400000	7746.90600000	7721.42800000	7734.59000000	7762.31400000	7772.00600000	7758.39400000	7779.67200000	7683.34000000	7692.99200000	7670.98000000	7690.18200000	7746.42000000	7760.88000000	7647.63400000	7663.45000000	7741.95000000	7751.28400000	7638.19800000	7651.33600000	7656.70600000	7667.85600000	7731.24200000	7745.08600000	7695.95000000	7706.95800000	7809.13800000	7819.69800000	7701.11800000	7715.42000000	7739.90800000	7753.27800000	7685.76400000	7709.24200000	7806.65400000	7818.66400000	7743.82000000	7758.33400000	7758.40600000	7775.31600000	7724.92824000	7738.68448000
2885829145.72864342	7769.01200000	7781.34800000	7762.29200000	7763.67200000	7678.23600000	7694.65200000	7737.11800000	7740.07200000	7762.33200000	7772.24000000	7800.13000000	7806.62200000	7759.82000000	7767.58200000	7752.78600000	7760.49000000	7801.71800000	7814.46600000	7664.98000000	7676.17400000	7704.21000000	7713.58000000	7656.80400000	7663.23000000	7707.79200000	7709.18200000	7684.35400000	7701.76000000	7777.08800000	7777.80400000	7681.60400000	7688.33400000	7709.46800000	7718.43400000	7730.25400000	7745.32000000	7750.52600000	7761.53000000	7776.81800000	7789.37400000	7754.92800000	7759.88800000	7818.44400000	7826.43800000	7759.37800000	7766.13000000	7738.95400000	7745.91000000	7735.68600000	7749.49600000	7738.98928000	7747.74912000
2886331658.29145718	7800.79400000	7816.01200000	7753.03000000	7763.27000000	7752.33200000	7759.13000000	7631.12600000	7628.35800000	7721.86400000	7734.36000000	7757.39000000	7766.84400000	7785.03000000	7781.20600000	7699.44400000	7707.48800000	7757.18800000	7764.09400000	7685.12600000	7684.39400000	7630.46600000	7639.49200000	7682.06000000	7685.67200000	7675.92800000	7681.16400000	7724.42200000	7732.90800000	7741.37600000	7739.32000000	7676.46000000	7686.65400000	7684.59000000	7698.75800000	7726.08400000	7733.50600000	7767.41400000	7781.41200000	7799.04600000	7813.50600000	7815.21800000	7828.87800000	7792.05400000	7796.97200000	7771.68400000	7782.14600000	7738.02000000	7743.50000000	7781.36400000	7786.41000000	7733.98040000	7741.41816000
2886834170.85427141	7745.01400000	7760.76200000	7762.45000000	7762.31800000	7714.15800000	7718.85200000	7709.53000000	7709.06800000	7697.17200000	7714.15600000	7747.17000000	7757.09800000	7706.36600000	7714.34400000	7763.88000000	7771.58000000	7739.59000000	7743.17200000	7758.51800000	7764.20200000	7757.91000000	7771.94600000	7745.96600000	7751.00000000	7715.04400000	7716.80600000	7709.55200000	7715.78600000	7773.70600000	7780.45800000	7737.56800000	7745.01000000	7740.15000000	7744.68000000	7684.81000000	7692.45600000	7796.87600000	7799.46400000	7738.67200000	7741.80000000	7792.39600000	7802.91000000	7794.43400000	7809.27200000	7717.35600000	7722.61800000	7705.64000000	7716.07400000	7792.18800000	7798.17200000	7741.84464000	7748.96016000
2887336683.41708565	7764.21800000	7767.05200000	7725.86600000	7725.61600000	7693.31400000	7697.93600000	7723.76600000	7732.60400000	7734.98000000	7738.28000000	7723.50200000	7733.10800000	7778.16000000	7785.00800000	7698.59000000	7706.79600000	7736.53200000	7745.35600000	7670.42200000	7676.02800000	7670.15800000	7667.19200000	7709.17000000	7714.40000000	7687.69200000	7694.70600000	7669.33600000	7673.04200000	7675.59000000	7670.29200000	7686.75200000	7685.07000000	7729.60600000	7731.78400000	7702.62600000	7704.30200000	7745.07200000	7744.81600000	7755.27000000	7756.94200000	7764.47200000	7772.02600000	7759.68400000	7759.15200000	7749.97400000	7755.53400000	7739.19000000	7746.68000000	7787.11000000	7785.19400000	7723.24208000	7726.75664000
2887839195.97989941	7763.26800000	7770.03600000	7709.78400000	7713.76800000	7723.19400000	7729.70400000	7774.24600000	7779.38600000	7788.19400000	7793.34200000	7736.41400000	7739.55400000	7814.06200000	7807.82400000	7795.22600000	7801.98800000	7803.44800000	7808.03400000	7672.31200000	7677.05400000	7728.29400000	7731.52400000	7702.14200000	7712.03600000	7700.87200000	7716.47200000	7704.40400000	7711.46000000	7614.47600000	7623.48000000	7705.87600000	7705.02000000	7693.52000000	7698.57400000	7753.33000000	7750.61200000	7726.73000000	7728.78000000	7824.21200000	7816.31200000	7767.49200000	7773.99800000	7748.30400000	7747.40400000	7779.75200000	7775.86000000	7777.82600000	7778.45200000	7771.75000000	7770.20200000	7743.16512000	7746.43504000
2888341708.54271364	7716.29200000	7719.31600000	7777.17400000	7783.13800000	7709.19400000	7713.80800000	7701.72400000	7708.81400000	7713.13200000	7712.50800000	7761.66000000	7764.40400000	7686.74200000	7687.07600000	7774.49800000	7781.44800000	7736.12600000	7742.98000000	7741.36600000	7742.32200000	7782.25600000	7784.04600000	7760.58600000	7761.99000000	7679.20400000	7674.03600000	7711.59200000	7716.48800000	7760.49600000	7759.46600000	7715.83600000	7719.44800000	7706.93200000	7713.83000000	7694.53600000	7701.66800000	7798.97200000	7801.40800000	7758.83600000	7766.32800000	7789.08800000	7787.27000000	7800.30400000	7808.63600000	7726.27400000	7732.21000000	7672.39800000	7681.24400000	7767.91600000	7776.77200000	7737.72536000	7741.62616000
2888844221.10552788	7749.09600000	7753.91000000	7707.22600000	7698.26600000	7729.47400000	7727.63800000	7762.36200000	7764.99800000	7753.53600000	7746.73400000	7759.59600000	7764.58800000	7798.24400000	7800.77800000	7737.93400000	7740.42000000	7834.63800000	7831.94800000	7654.89200000	7648.80800000	7749.60600000	7744.46200000	7726.02000000	7726.31400000	7766.39600000	7766.51400000	7751.31200000	7748.03200000	7748.82800000	7741.35800000	7763.28000000	7762.21000000	7702.09200000	7704.91600000	7748.03400000	7746.00800000	7757.69800000	7754.50200000	7833.09200000	7843.64000000	7808.95600000	7802.32200000	7809.57000000	7808.46600000	7751.27200000	7754.99200000	7752.34200000	7757.93000000	7757.14000000	7762.01400000	7756.50544000	7756.07072000
2889346733.66834164	7786.12200000	7790.30000000	7716.79200000	7719.02000000	7807.60000000	7809.53400000	7732.61400000	7745.68600000	7736.91400000	7740.69200000	7719.54600000	7711.42600000	7741.50000000	7740.98600000	7743.71200000	7749.92600000	7757.99400000	7761.66000000	7755.53000000	7754.98400000	7755.57400000	7746.45600000	7749.34800000	7757.44600000	7735.22800000	7728.77000000	7726.51800000	7720.25000000	7743.81400000	7737.30000000	7771.53400000	7767.61000000	7692.71200000	7696.46000000	7676.85600000	7676.52600000	7742.51800000	7748.02000000	7825.00200000	7825.22200000	7789.02200000	7788.47200000	7712.68200000	7711.95800000	7791.78600000	7795.71000000	7730.64800000	7724.51200000	7794.91800000	7798.38200000	7749.45936000	7749.89232000
2889849246.23115587	7776.94400000	7770.53800000	7710.60800000	7717.69400000	7705.13800000	7705.91200000	7744.88600000	7744.43200000	7702.60400000	7701.37000000	7725.47200000	7720.30200000	7719.49800000	7723.34800000	7793.74000000	7799.58600000	7737.99600000	7745.09000000	7800.36200000	7793.98600000	7700.63200000	7700.08200000	7655.72200000	7645.17800000	7725.14400000	7720.61400000	7711.87400000	7708.42000000	7673.58400000	7665.81600000	7767.12800000	7769.40600000	7702.67400000	7701.53400000	7753.98200000	7750.12000000	7742.02800000	7744.54800000	7764.06400000	7759.24400000	7763.33000000	7773.08200000	7814.72800000	7829.74400000	7813.51000000	7810.77800000	7719.13600000	7713.84800000	7701.64600000	7705.24000000	7737.05720000	7736.79648000
2890351758.79396963	7722.90600000	7716.63000000	7774.11800000	7778.65600000	7734.72000000	7734.66400000	7773.00200000	7774.07800000	7734.28400000	7726.80600000	7754.34200000	7754.49400000	7732.41800000	7730.52000000	7799.19400000	7792.21800000	7757.24400000	7752.38200000	7771.56000000	7775.43400000	7720.21200000	7719.51000000	7760.81400000	7756.55400000	7731.38400000	7724.95400000	7721.30600000	7719.18200000	7713.53400000	7715.46400000	7776.78400000	7775.40400000	7690.01600000	7695.34200000	7702.99200000	7700.54800000	7737.07600000	7731.15600000	7710.70400000	7706.56600000	7784.69000000	7794.74800000	7821.96800000	7815.22200000	7813.29000000	7817.75200000	7708.87800000	7705.71000000	7698.69400000	7708.40800000	7745.84520000	7744.89608000
2890854271.35678387	7836.40200000	7828.22600000	7818.00400000	7817.31200000	7726.93800000	7725.44200000	7725.26000000	7729.18400000	7786.72600000	7773.72000000	7773.61600000	7768.46800000	7847.89000000	7841.86200000	7735.59200000	7737.52400000	7772.32000000	7766.82800000	7714.43200000	7711.01000000	7686.46800000	7681.32400000	7706.98000000	7700.70400000	7740.87000000	7727.43000000	7726.62400000	7724.66800000	7756.00400000	7751.50800000	7713.88800000	7712.28600000	7655.80200000	7648.72800000	7753.55400000	7758.48600000	7737.79000000	7734.78000000	7755.71200000	7746.07200000	7798.76600000	7797.90800000	7800.90000000	7791.31200000	7754.51200000	7747.49400000	7763.40600000	7753.11600000	7783.66200000	7783.91400000	7754.88472000	7750.37224000
2891356783.91959810	7760.09400000	7741.79600000	7715.09200000	7713.53000000	7766.54600000	7760.09800000	7737.73000000	7736.59400000	7712.37200000	7707.11800000	7766.66400000	7759.76000000	7769.13800000	7759.02400000	7783.25800000	7776.88600000	7798.72200000	7787.21000000	7714.43600000	7711.27200000	7760.20400000	7753.66600000	7692.82800000	7685.98800000	7708.24800000	7700.79000000	7710.95800000	7701.43000000	7663.33600000	7655.46600000	7768.06000000	7767.86200000	7727.15800000	7723.86000000	7721.77800000	7718.28200000	7760.98800000	7758.26800000	7806.46400000	7800.16800000	7781.70800000	7778.22200000	7793.91000000	7790.10400000	7778.78600000	7773.77600000	7768.48000000	7761.82000000	7744.56600000	7745.64200000	7748.46096000	7742.74528000
2891859296.48241186	7766.24800000	7756.58800000	7729.22400000	7720.89800000	7755.79600000	7744.10800000	7754.09200000	7745.69200000	7732.68400000	7719.70600000	7761.92200000	7746.42000000	7765.60000000	7761.76800000	7797.04400000	7794.07400000	7828.73400000	7820.28400000	7696.46800000	7694.08600000	7708.77800000	7708.09000000	7701.78600000	7693.42200000	7691.71800000	7688.30000000	7738.60600000	7742.34200000	7664.28600000	7661.45800000	7620.74400000	7612.32800000	7659.06400000	7641.51000000	7751.55200000	7741.98000000	7748.33000000	7737.06400000	7832.74000000	7820.61400000	7745.38400000	7749.59200000	7764.74600000	7751.38600000	7790.79600000	7777.42800000	7782.22400000	7775.45800000	7766.57600000	7759.85400000	7742.20568000	7734.57800000
2892361809.04522610	7830.09600000	7810.41200000	7760.63200000	7756.09000000	7789.05000000	7780.06200000	7726.29400000	7722.28400000	7733.55400000	7715.15400000	7769.33600000	7767.11400000	7771.48600000	7774.77000000	7747.00800000	7730.83000000	7775.06600000	7768.98400000	7713.52200000	7706.68000000	7713.17400000	7703.41800000	7737.07000000	7741.41200000	7731.49600000	7730.31600000	7721.18200000	7714.84000000	7770.02600000	7757.07600000	7694.09400000	7692.38000000	7680.42000000	7673.15600000	7783.83600000	7782.57200000	7773.80000000	7754.45600000	7691.87800000	7685.31400000	7818.77600000	7811.39600000	7823.57400000	7807.53200000	7763.59800000	7751.49200000	7690.17200000	7675.71200000	7745.84200000	7738.53400000	7750.19928000	7742.07944000
2892864321.60804033	7768.88200000	7775.29200000	7786.35000000	7780.04600000	7759.08800000	7747.20800000	7712.82600000	7710.63600000	7724.06000000	7720.15800000	7737.84000000	7738.26800000	7759.46400000	7740.47400000	7744.92200000	7730.16200000	7765.86800000	7762.26800000	7709.74200000	7700.43200000	7720.10000000	7708.24200000	7720.90000000	7713.50000000	7710.94200000	7696.86600000	7751.84800000	7747.59600000	7712.47800000	7712.35600000	7687.68200000	7677.08200000	7716.53400000	7714.77800000	7736.23400000	7737.37000000	7753.11000000	7744.70200000	7792.31400000	7783.43000000	7763.14600000	7752.50400000	7780.43000000	7776.20400000	7769.29600000	7768.46000000	7731.49200000	7720.68200000	7807.48000000	7798.45800000	7744.92112000	7738.28696000
2893366834.17085409	7860.95400000	7847.51600000	7724.56400000	7704.37400000	7716.57800000	7705.14200000	7738.08400000	7723.81200000	7651.97400000	7646.08000000	7731.28800000	7717.83600000	7768.66800000	7768.33200000	7770.23800000	7759.83200000	7762.24600000	7750.59000000	7767.64600000	7759.85200000	7722.29400000	7712.82600000	7772.54000000	7751.53200000	7729.72000000	7727.76400000	7712.53400000	7703.29400000	7698.97000000	7696.90000000	7753.32600000	7746.46400000	7722.13000000	7707.65800000	7699.84800000	7690.55800000	7789.18200000	7785.93600000	7780.37400000	7765.06000000	7779.58000000	7782.14200000	7739.52200000	7733.86400000	7813.52000000	7811.42000000	7745.33800000	7733.12200000	7765.06600000	7762.91600000	7748.64736000	7739.79288000
2893869346.73366833	7810.19400000	7811.28600000	7753.45200000	7743.96400000	7801.67600000	7795.25800000	7711.09000000	7705.32200000	7702.35400000	7693.46400000	7749.45800000	7731.75200000	7807.58800000	7802.42800000	7743.33200000	7737.83800000	7759.08200000	7749.60400000	7701.04000000	7681.86600000	7707.19200000	7699.28000000	7715.78400000	7714.56000000	7752.66800000	7740.72800000	7718.14000000	7710.53400000	7784.14400000	7773.05400000	7680.15400000	7667.97200000	7689.09200000	7687.53000000	7784.97000000	7782.11200000	7784.36200000	7780.77800000	7758.27800000	7753.51600000	7831.37200000	7825.97400000	7806.05200000	7795.35000000	7764.55600000	7755.13600000	7719.01200000	7714.51600000	7755.82400000	7746.65400000	7751.63464000	7744.01904000
2894371859.29648256	7790.80800000	7790.04600000	7710.25000000	7705.29000000	7829.94200000	7827.75000000	7809.94000000	7804.98200000	7672.80000000	7667.97400000	7766.31600000	7761.24200000	7750.22600000	7736.27000000	7718.33000000	7710.18200000	7787.13400000	7780.33400000	7702.29400000	7689.82600000	7748.73000000	7742.81600000	7747.77000000	7737.55800000	7749.53800000	7740.06000000	7739.10000000	7722.22400000	7627.03400000	7619.81200000	7761.52000000	7751.19400000	7751.38600000	7751.44800000	7731.63600000	7721.17400000	7833.27600000	7823.85400000	7775.89200000	7771.33000000	7706.84200000	7696.76400000	7741.96400000	7743.38800000	7821.83400000	7808.13000000	7783.00000000	7776.00400000	7752.74400000	7748.77600000	7752.41224000	7745.13712000
2894874371.85929632	7759.83800000	7754.73000000	7699.51400000	7675.52600000	7707.38400000	7700.51800000	7713.16400000	7699.59000000	7745.75800000	7744.87600000	7776.99400000	7770.34600000	7787.64800000	7781.52000000	7789.52000000	7774.26200000	7793.74000000	7781.87400000	7693.66800000	7690.18600000	7692.52000000	7688.02600000	7703.13600000	7701.55600000	7707.34800000	7694.85200000	7713.46400000	7713.81600000	7752.84400000	7742.77800000	7759.88000000	7756.86400000	7753.83000000	7746.61000000	7703.64400000	7704.20000000	7738.14000000	7726.50800000	7787.37800000	7781.72800000	7838.89000000	7832.42600000	7795.32000000	7790.00400000	7740.92400000	7731.56400000	7749.35400000	7735.21200000	7789.06800000	7771.19200000	7747.71872000	7739.63056000
2895376884.42211056	7793.12600000	7784.06200000	7670.54400000	7659.03000000	7770.72000000	7767.98400000	7772.58400000	7755.82200000	7705.81800000	7697.03200000	7735.43800000	7724.02400000	7756.02200000	7740.80200000	7744.70200000	7737.23400000	7753.41800000	7745.64200000	7771.27200000	7762.01200000	7724.28000000	7714.57400000	7758.19600000	7757.68600000	7642.00600000	7638.24200000	7787.05400000	7776.83000000	7655.63800000	7651.72000000	7778.07400000	7774.42800000	7736.43800000	7717.19400000	7702.10600000	7698.84000000	7802.52000000	7784.95000000	7755.93400000	7748.82000000	7780.10600000	7775.28000000	7769.64400000	7752.11600000	7813.48400000	7810.66200000	7782.63000000	7777.54400000	7769.97400000	7756.98000000	7749.26912000	7740.38040000
2895879396.98492479	7786.49200000	7784.79000000	7688.98200000	7675.99800000	7750.29800000	7737.91000000	7712.09400000	7704.38000000	7705.99800000	7702.31400000	7765.83000000	7758.44800000	7743.78000000	7738.35600000	7725.87800000	7712.95600000	7728.94400000	7713.15800000	7749.92400000	7735.79600000	7764.31800000	7756.90600000	7699.43400000	7685.36600000	7775.91400000	7763.48200000	7754.27000000	7755.12800000	7664.64400000	7654.31600000	7745.85000000	7735.74800000	7766.65400000	7752.79600000	7776.41400000	7778.11600000	7770.47200000	7759.25000000	7768.18800000	7755.43400000	7703.69200000	7703.30600000	7726.38400000	7712.26200000	7703.30400000	7696.84400000	7790.01000000	7788.66200000	7740.59000000	7738.19600000	7740.33432000	7731.99672000
2896381909.54773855	7829.72600000	7820.89600000	7716.78400000	7707.74800000	7752.11600000	7746.81800000	7749.82000000	7733.59600000	7749.77800000	7739.85200000	7794.93000000	7782.47400000	7800.31800000	7789.93800000	7699.03200000	7679.59800000	7747.53000000	7739.80800000	7740.53600000	7721.96200000	7751.76000000	7743.74000000	7709.16000000	7690.49200000	7772.59000000	7756.01200000	7715.80400000	7709.12000000	7733.81400000	7727.90000000	7721.24800000	7699.86400000	7664.20600000	7656.79200000	7790.79600000	7784.57400000	7729.09200000	7717.72000000	7796.35800000	7789.35800000	7741.76200000	7730.37000000	7767.88400000	7747.00800000	7764.61800000	7755.23800000	7784.69200000	7775.70800000	7770.61000000	7756.90000000	7751.79856000	7740.13944000
2896884422.11055279	7796.08600000	7779.14400000	7716.14200000	7703.64200000	7729.01400000	7720.42600000	7740.45800000	7728.41400000	7762.61400000	7749.60000000	7790.33800000	7770.61400000	7774.96400000	7766.85000000	7762.58800000	7755.83600000	7777.26200000	7765.07400000	7693.51800000	7681.53200000	7718.40400000	7712.85400000	7704.64600000	7689.26200000	7727.39000000	7720.55000000	7718.13400000	7709.13800000	7754.85200000	7745.07400000	7719.84800000	7713.58800000	7765.58200000	7758.41800000	7753.75200000	7742.68200000	7710.91000000	7700.18600000	7794.77800000	7779.62800000	7799.68400000	7789.09200000	7810.48400000	7798.39800000	7746.41400000	7737.54800000	7744.58200000	7733.38400000	7789.56800000	7775.20200000	7752.08048000	7741.04544000
2897386934.67336702	7770.03400000	7765.17200000	7717.38200000	7702.55200000	7739.40600000	7734.05200000	7743.63600000	7729.36000000	7732.93400000	7715.06600000	7712.80600000	7702.90800000	7772.58800000	7757.45000000	7786.75800000	7779.14400000	7818.35600000	7810.62400000	7704.31200000	7697.02600000	7722.84400000	7717.37800000	7683.64400000	7679.31400000	7764.44000000	7750.94800000	7745.09600000	7734.88000000	7661.41000000	7657.57600000	7735.60400000	7742.54600000	7682.88200000	7673.29000000	7735.70400000	7728.69000000	7709.69600000	7697.59200000	7826.71800000	7822.81600000	7768.06800000	7761.31200000	7749.46400000	7741.41600000	7779.20400000	7765.72400000	7795.58400000	7776.32000000	7795.57800000	7785.82000000	7746.16592000	7737.15904000
2897889447.23618078	7772.54200000	7760.42600000	7726.88400000	7709.43600000	7750.27400000	7744.15400000	7750.30200000	7742.50800000	7771.87600000	7756.47000000	7749.54600000	7739.86800000	7779.16400000	7768.01600000	7670.27000000	7656.09600000	7758.46800000	7742.57800000	7771.83000000	7759.39200000	7786.66400000	7774.74600000	7746.01200000	7731.75400000	7784.01200000	7769.23000000	7760.21800000	7751.99800000	7728.41800000	7720.29200000	7764.67200000	7757.15400000	7752.71000000	7740.21400000	7730.17000000	7732.51200000	7779.72600000	7756.58800000	7792.72600000	7784.54000000	7752.99400000	7734.17800000	7750.15800000	7739.95600000	7767.28800000	7757.51400000	7783.89200000	7774.27000000	7761.74400000	7753.80600000	7757.70240000	7746.30784000
2898391959.79899502	7679.61200000	7675.60200000	7777.98600000	7782.19000000	7753.65800000	7745.32800000	7732.02800000	7722.14400000	7764.40200000	7753.66600000	7751.36800000	7741.80000000	7738.21600000	7730.60800000	7800.26600000	7784.41800000	7739.45000000	7730.30000000	7747.64000000	7731.10000000	7712.76400000	7714.28200000	7789.59200000	7776.25200000	7732.98000000	7730.07600000	7739.92200000	7730.48400000	7701.48400000	7690.00600000	7704.60800000	7695.53600000	7738.41200000	7727.73000000	7734.01600000	7729.26400000	7770.57000000	7752.25600000	7774.14600000	7761.56400000	7771.00200000	7765.35400000	7769.14800000	7747.99000000	7717.91200000	7708.35800000	7731.81200000	7726.33600000	7749.61400000	7751.64000000	7744.90432000	7736.17136000
2898894472.36180925	7780.12000000	7774.91400000	7735.21800000	7713.51400000	7680.61200000	7677.66000000	7789.88400000	7781.11400000	7782.78600000	7768.78600000	7771.79800000	7758.10200000	7793.71800000	7782.68400000	7825.63600000	7799.79200000	7802.08600000	7797.42400000	7713.72800000	7696.82000000	7759.80000000	7748.70600000	7733.47200000	7716.40200000	7749.15200000	7739.11800000	7721.29400000	7707.33400000	7703.44400000	7692.15600000	7760.65800000	7753.88400000	7719.91200000	7705.85200000	7772.92400000	7756.76800000	7784.31800000	7769.98800000	7828.03600000	7815.56400000	7787.79200000	7775.58200000	7758.28200000	7747.90200000	7787.54600000	7765.66000000	7797.36000000	7781.89400000	7767.06200000	7758.66200000	7764.26552000	7751.45128000
2899396984.92462301	7748.91400000	7746.75200000	7755.09000000	7751.07600000	7803.12200000	7788.90800000	7785.53800000	7776.63000000	7763.12000000	7749.53200000	7782.88800000	7770.22000000	7762.33400000	7750.71200000	7753.21000000	7740.24200000	7777.59000000	7752.16400000	7767.59200000	7751.28000000	7737.63600000	7724.28200000	7753.45200000	7743.65000000	7726.65600000	7718.94200000	7709.58000000	7701.67000000	7671.60400000	7658.03400000	7715.05800000	7710.93600000	7731.25000000	7723.95600000	7731.55400000	7726.97400000	7789.30000000	7776.65800000	7795.52200000	7791.47000000	7820.09600000	7804.95600000	7825.95000000	7819.56800000	7757.37600000	7749.53800000	7635.91800000	7627.09000000	7768.45000000	7756.82600000	7754.75200000	7744.48264000
2899899497.48743725	7779.33200000	7765.27000000	7696.24600000	7685.63800000	7755.31200000	7739.04600000	7768.67000000	7753.98600000	7766.29000000	7758.43200000	7765.40200000	7743.04200000	7806.28000000	7800.46800000	7780.23800000	7769.91800000	7756.08800000	7734.03400000	7774.17600000	7767.15600000	7733.34200000	7721.08400000	7761.19000000	7744.62800000	7744.92400000	7731.94000000	7731.59000000	7723.59800000	7766.16800000	7757.66000000	7739.28000000	7725.54400000	7709.06400000	7702.10800000	7747.82800000	7741.15600000	7770.57400000	7757.60800000	7777.03000000	7771.52200000	7812.91400000	7792.67800000	7760.83200000	7759.54000000	7816.94800000	7806.63200000	7690.62800000	7675.42800000	7744.99600000	7726.97200000	7758.21368000	7746.20352000
2900402010.05025148	7756.92000000	7753.27600000	7792.13400000	7774.80600000	7751.31200000	7736.78800000	7737.43200000	7721.65200000	7684.23400000	7676.60200000	7772.43600000	7763.46400000	7817.10400000	7806.03000000	7772.11000000	7754.56600000	7769.32400000	7756.49000000	7740.65400000	7722.47600000	7796.56800000	7776.00800000	7754.86600000	7745.73400000	7743.92800000	7735.79800000	7762.97600000	7744.64600000	7727.77800000	7721.90000000	7752.49600000	7739.10400000	7719.32800000	7711.47600000	7715.00800000	7695.65400000	7840.47400000	7829.20600000	7726.50000000	7720.97200000	7751.83800000	7753.95200000	7758.91200000	7732.22600000	7801.86400000	7786.05000000	7778.09200000	7772.75800000	7792.11000000	7785.67600000	7760.65592000	7748.69240000
2900904522.61306524	7792.58400000	7779.96800000	7849.35600000	7841.54400000	7783.76800000	7775.46400000	7753.70200000	7738.24400000	7768.63600000	7757.38600000	7722.42400000	7705.66800000	7711.74400000	7702.29200000	7840.09800000	7826.18600000	7767.34400000	7752.94000000	7771.55200000	7765.71400000	7749.49800000	7739.10800000	7741.20600000	7731.44800000	7720.45400000	7701.98000000	7734.48200000	7723.97000000	7743.80600000	7727.19800000	7785.23200000	7772.79200000	7721.36800000	7711.65400000	7725.64400000	7717.20200000	7760.53400000	7737.06400000	7735.93800000	7727.07400000	7775.13600000	7764.60400000	7786.66200000	7773.47000000	7816.10000000	7804.29600000	7695.40400000	7688.97800000	7736.28200000	7732.83600000	7759.55816000	7747.96320000
2901407035.17587948	7757.02800000	7749.91000000	7757.82400000	7748.82600000	7773.99200000	7760.82000000	7714.23400000	7698.81000000	7755.52400000	7737.11000000	7722.34600000	7707.70000000	7834.23000000	7822.13400000	7822.66200000	7797.47000000	7804.82600000	7788.77000000	7710.93600000	7697.16400000	7745.24000000	7729.45600000	7761.10800000	7748.22200000	7705.74000000	7690.91000000	7721.82800000	7711.25200000	7702.52600000	7683.57600000	7762.64400000	7751.58600000	7737.54400000	7722.41400000	7764.24400000	7749.44200000	7751.50400000	7736.87000000	7832.17200000	7817.68600000	7748.94600000	7733.63400000	7790.11000000	7785.25200000	7762.64200000	7747.16000000	7785.65400000	7772.47200000	7747.39000000	7731.61800000	7758.91576000	7744.81056000
2901909547.73869324	7748.58400000	7738.63200000	7768.94200000	7753.04000000	7745.50400000	7733.58800000	7739.81800000	7721.76600000	7742.41800000	7728.34800000	7789.94600000	7782.80600000	7848.62200000	7831.18200000	7790.35000000	7774.85400000	7788.09400000	7781.81800000	7695.15400000	7684.07200000	7701.63000000	7687.02600000	7722.89200000	7715.04200000	7730.29600000	7720.63200000	7664.80000000	7657.19800000	7761.97800000	7755.61400000	7705.56800000	7704.78600000	7761.63200000	7749.88400000	7713.36400000	7701.38400000	7777.08200000	7761.19400000	7746.63400000	7738.39800000	7824.60200000	7804.31000000	7790.62000000	7779.40600000	7688.99600000	7678.01400000	7730.44800000	7711.42600000	7802.72800000	7796.73600000	7751.22808000	7739.64624000
2902412060.30150747	7761.81200000	7743.16000000	7760.85200000	7745.62000000	7764.19400000	7749.66200000	7738.70400000	7730.38800000	7752.12200000	7744.25600000	7759.43400000	7743.41200000	7821.36000000	7798.11200000	7762.30400000	7746.86000000	7844.03800000	7830.32400000	7667.74200000	7650.57200000	7744.46400000	7730.34000000	7706.85800000	7688.95000000	7777.69200000	7761.06200000	7726.00000000	7714.91200000	7753.95400000	7741.32800000	7754.39200000	7743.22200000	7719.05000000	7702.06400000	7786.77400000	7771.51800000	7766.40800000	7746.54800000	7863.85600000	7845.06200000	7804.74400000	7795.61600000	7830.37200000	7813.73200000	7770.41200000	7754.91600000	7762.02200000	7744.74600000	7767.48800000	7750.89200000	7766.68192000	7751.49096000
2902914572.86432171	7760.52000000	7743.99600000	7739.27800000	7727.77600000	7776.99000000	7759.61600000	7753.95000000	7731.08200000	7743.55600000	7726.58800000	7770.86600000	7755.15200000	7830.11000000	7812.25800000	7809.65000000	7794.90600000	7830.12600000	7819.28800000	7727.88800000	7704.38800000	7777.06200000	7759.67800000	7746.42800000	7742.76800000	7698.93000000	7686.01800000	7725.40800000	7707.40000000	7696.70600000	7681.02000000	7746.30800000	7730.14400000	7721.95800000	7709.86200000	7721.40200000	7706.28400000	7730.94200000	7718.61800000	7813.61400000	7799.04200000	7771.99000000	7753.06000000	7761.12000000	7752.86800000	7769.10200000	7753.26600000	7804.63800000	7785.71800000	7754.34800000	7754.28800000	7759.31560000	7744.60336000
2903417085.42713547	7752.71600000	7743.78000000	7750.94600000	7735.59800000	7749.55400000	7733.25800000	7756.41000000	7741.10600000	7680.99600000	7666.83400000	7702.80200000	7688.45400000	7749.76000000	7740.50200000	7779.12600000	7769.07800000	7787.48200000	7771.40400000	7753.34600000	7729.22200000	7706.61200000	7693.77200000	7728.85200000	7723.06000000	7760.60600000	7737.53600000	7700.77200000	7682.63600000	7752.28600000	7741.41400000	7770.82200000	7757.98600000	7739.61800000	7720.76600000	7709.24600000	7690.50800000	7766.87000000	7753.88400000	7772.76200000	7763.08200000	7799.48800000	7791.64200000	7797.36400000	7785.14600000	7777.45800000	7772.73600000	7717.95800000	7701.14600000	7819.56200000	7811.45800000	7751.33656000	7737.84032000
2903919597.98994970	7746.20200000	7722.49400000	7725.98600000	7713.48200000	7738.68600000	7720.31200000	7774.03600000	7756.43000000	7743.30600000	7733.78800000	7791.88200000	7789.97200000	7739.20400000	7728.19400000	7772.48800000	7763.30400000	7733.99600000	7736.30200000	7754.11000000	7745.75800000	7730.49800000	7715.37200000	7780.20400000	7765.69800000	7747.02200000	7721.87800000	7716.12600000	7701.87600000	7754.04200000	7738.98000000	7776.01200000	7762.13600000	7744.40200000	7728.54400000	7688.20200000	7668.66400000	7816.61000000	7796.68800000	7797.51000000	7785.62200000	7847.53400000	7841.63000000	7801.21000000	7785.23000000	7763.04000000	7757.55400000	7680.61000000	7674.45800000	7799.96200000	7780.77200000	7758.51520000	7745.40552000
2904422110.55276394	7874.21200000	7855.59800000	7730.68400000	7719.49800000	7729.31600000	7710.79800000	7739.36400000	7724.76800000	7719.76200000	7706.11400000	7809.15000000	7787.52400000	7780.52400000	7764.07400000	7718.36000000	7701.62400000	7782.38200000	7767.70400000	7703.33800000	7685.96600000	7669.05000000	7660.29200000	7741.11400000	7722.70200000	7811.64200000	7794.91200000	7718.35400000	7704.37200000	7773.74400000	7753.31600000	7742.53600000	7724.50200000	7711.57200000	7699.67000000	7730.72400000	7722.49600000	7734.09600000	7715.52800000	7800.55400000	7780.53000000	7811.05000000	7791.07600000	7851.44000000	7835.72000000	7773.65400000	7753.38200000	7729.14200000	7716.38400000	7762.93400000	7749.71400000	7757.94792000	7741.93056000
2904924623.11557770	7768.12000000	7761.13200000	7676.31600000	7667.83400000	7807.63000000	7800.05400000	7788.77800000	7780.33400000	7752.41000000	7737.57600000	7746.26600000	7730.69800000	7786.39200000	7779.71800000	7756.09800000	7745.91600000	7762.45000000	7746.98600000	7744.93800000	7724.17600000	7785.04000000	7768.23200000	7727.35000000	7714.40200000	7725.26200000	7710.87200000	7766.79600000	7754.43800000	7740.70800000	7727.66600000	7799.55400000	7781.43800000	7727.52200000	7707.39400000	7718.29800000	7712.08800000	7788.79000000	7780.35600000	7786.45000000	7775.88600000	7792.14200000	7788.40600000	7765.85800000	7745.67400000	7832.11200000	7821.41400000	7776.87200000	7766.30600000	7771.64400000	7757.40800000	7763.75184000	7751.45616000
2905427135.67839193	7832.97800000	7818.96400000	7760.03200000	7745.92800000	7758.19800000	7733.06800000	7737.07200000	7720.30800000	7736.81000000	7721.15600000	7738.98000000	7724.60600000	7756.57800000	7757.71400000	7790.58000000	7772.02800000	7782.81400000	7768.66000000	7742.78600000	7729.93800000	7747.57600000	7736.74200000	7758.72400000	7744.55400000	7782.17600000	7766.78200000	7708.02400000	7677.58200000	7760.44400000	7745.04800000	7715.69000000	7701.57800000	7705.69400000	7697.32800000	7722.15000000	7703.83400000	7783.80000000	7766.98600000	7746.47000000	7727.44000000	7785.35800000	7769.96800000	7831.28600000	7806.40200000	7717.05800000	7703.71800000	7736.68200000	7715.44800000	7733.25200000	7714.93800000	7754.84848000	7738.82872000
2905929648.24120617	7789.15000000	7782.98600000	7790.84600000	7779.10400000	7732.54200000	7723.37200000	7778.53200000	7770.30000000	7750.49600000	7744.30400000	7666.64800000	7654.11000000	7738.33200000	7725.81800000	7815.12000000	7805.70600000	7750.37600000	7734.13200000	7765.26600000	7750.09000000	7760.71600000	7742.20400000	7704.34600000	7688.57200000	7794.91400000	7776.71600000	7706.31800000	7698.81000000	7761.04600000	7742.56400000	7738.65000000	7717.24400000	7671.44800000	7672.07400000	7734.13200000	7722.57800000	7784.58200000	7767.55000000	7790.88000000	7770.26000000	7794.84400000	7779.43200000	7768.03800000	7753.53800000	7767.38400000	7754.84200000	7748.27200000	7726.32800000	7771.24200000	7764.03200000	7754.96480000	7741.86664000
2906432160.80401993	7824.23200000	7811.27000000	7698.36800000	7681.06800000	7770.92000000	7760.15400000	7712.62400000	7694.02200000	7713.39800000	7700.97400000	7823.27400000	7807.96400000	7784.36800000	7764.60400000	7745.88800000	7732.14400000	7750.52000000	7744.94800000	7720.33400000	7705.83000000	7744.65600000	7732.43200000	7680.01600000	7668.74400000	7788.53400000	7775.13400000	7753.67600000	7737.34800000	7671.70000000	7662.99600000	7744.47400000	7728.11400000	7732.31800000	7715.12000000	7814.67400000	7799.84600000	7725.85200000	7714.31600000	7758.83800000	7741.68600000	7716.00000000	7696.01800000	7790.98800000	7772.16200000	7763.08000000	7740.02400000	7811.65200000	7796.91400000	7780.63200000	7769.33400000	7752.84064000	7738.12664000
2906934673.36683416	7752.80400000	7732.57800000	7755.02800000	7742.48000000	7725.27000000	7710.11200000	7743.27000000	7731.57600000	7737.67600000	7723.38400000	7713.84600000	7697.46800000	7735.38800000	7724.69800000	7808.36200000	7779.86600000	7768.32000000	7756.95000000	7757.60400000	7745.82800000	7732.96200000	7720.15000000	7745.86000000	7726.55000000	7748.32400000	7732.14800000	7696.18000000	7682.77000000	7722.12200000	7714.09200000	7788.71200000	7776.86200000	7611.37800000	7602.11400000	7723.75800000	7710.37000000	7773.66400000	7764.89200000	7776.33400000	7770.87200000	7772.33000000	7757.94800000	7736.73400000	7719.85000000	7772.82400000	7763.61800000	7733.05000000	7722.24600000	7802.91000000	7794.15600000	7745.38840000	7732.14312000
2907437185.92964840	7749.80800000	7731.40000000	7761.82400000	7746.27200000	7740.43400000	7724.84200000	7744.86800000	7730.00800000	7745.94200000	7728.10600000	7733.75600000	7718.83800000	7744.36400000	7730.07600000	7790.08400000	7773.95800000	7728.40200000	7718.90600000	7770.27600000	7743.63800000	7752.85400000	7739.03200000	7743.75600000	7731.63800000	7741.48200000	7724.48800000	7730.48000000	7715.99800000	7730.17200000	7712.45200000	7763.14800000	7750.95200000	7702.46200000	7681.27200000	7714.55200000	7695.99600000	7756.88800000	7738.31800000	7771.00000000	7757.85600000	7799.70000000	7793.40200000	7762.67800000	7752.57200000	7776.40800000	7750.33000000	7746.76600000	7728.55800000	7813.57800000	7800.52600000	7752.62728000	7736.77736000
2907939698.49246216	7777.35400000	7763.95600000	7761.08800000	7749.05200000	7694.96600000	7682.69400000	7730.69200000	7724.15800000	7768.54000000	7758.66400000	7791.13600000	7775.24800000	7830.66600000	7818.32200000	7699.06800000	7684.42000000	7823.81400000	7805.37800000	7713.44600000	7694.71400000	7658.97800000	7643.68200000	7732.70200000	7717.75200000	7756.65800000	7748.32600000	7731.63000000	7716.58600000	7742.72200000	7738.31400000	7690.31200000	7678.66200000	7747.49800000	7728.58200000	7722.53200000	7703.15600000	7779.53000000	7763.04000000	7791.20000000	7777.24400000	7832.84000000	7824.03800000	7832.50600000	7820.31000000	7751.31200000	7735.60400000	7754.07800000	7727.29200000	7764.32600000	7744.67400000	7755.18376000	7740.95472000
2908442211.05527639	7831.14800000	7818.49600000	7744.73200000	7739.25800000	7766.16200000	7752.58200000	7751.55200000	7732.04400000	7724.40000000	7708.47800000	7796.86800000	7781.86400000	7782.27000000	7756.18800000	7765.02800000	7743.03400000	7799.73000000	7775.55800000	7727.58400000	7714.01800000	7728.68800000	7713.57200000	7747.41200000	7736.77000000	7800.35200000	7783.73400000	7668.07800000	7653.95800000	7775.34400000	7756.05200000	7713.88000000	7695.17200000	7712.44400000	7693.82800000	7745.12200000	7736.37200000	7792.20200000	7774.39600000	7797.71600000	7775.70400000	7790.61600000	7768.20600000	7843.81200000	7828.74000000	7779.05800000	7761.46600000	7740.73600000	7725.26000000	7740.64800000	7724.72400000	7762.62328000	7745.97896000
2908944723.61809063	7815.02200000	7793.10400000	7756.68000000	7744.78000000	7776.95200000	7759.56800000	7746.53200000	7729.89800000	7764.67000000	7746.66200000	7748.56400000	7732.06000000	7797.45800000	7782.63800000	7791.55800000	7773.39200000	7791.68200000	7777.02000000	7755.04200000	7747.15200000	7716.92600000	7701.24000000	7754.95800000	7743.62800000	7792.85600000	7772.78800000	7654.04200000	7636.21800000	7775.93400000	7767.08200000	7690.99800000	7681.51800000	7674.92200000	7661.19800000	7717.87800000	7693.40400000	7774.30000000	7760.67800000	7796.45400000	7783.97800000	7776.86800000	7757.22800000	7818.31800000	7804.17600000	7715.68000000	7695.36400000	7758.60200000	7747.17600000	7739.07400000	7717.28800000	7756.07880000	7740.36952000
2909447236.18090439	7810.02200000	7802.91600000	7759.75400000	7741.26400000	7748.90000000	7734.55400000	7733.11400000	7717.47800000	7706.15600000	7687.55000000	7739.16800000	7728.51000000	7841.72600000	7819.33400000	7774.32600000	7758.20400000	7772.15800000	7751.37600000	7767.18600000	7753.70200000	7732.54200000	7721.68000000	7785.27000000	7769.31600000	7755.43400000	7739.63000000	7707.62000000	7685.97200000	7723.20800000	7706.56000000	7753.85200000	7721.07000000	7774.01000000	7760.15800000	7723.70000000	7712.21000000	7832.26000000	7820.04800000	7753.23000000	7732.87000000	7812.52200000	7794.75200000	7804.30200000	7788.61600000	7777.95600000	7762.62400000	7761.27200000	7747.69200000	7786.86800000	7768.97600000	7765.46224000	7749.08248000
2909949748.74371862	7688.63800000	7673.39800000	7779.71400000	7754.38800000	7720.37000000	7709.42400000	7755.22200000	7734.50400000	7725.45200000	7711.76800000	7786.38600000	7776.28200000	7735.47000000	7719.98800000	7770.16600000	7760.65200000	7754.40600000	7742.62800000	7801.92400000	7780.13800000	7750.96000000	7741.14200000	7769.48200000	7757.83400000	7685.79000000	7671.28600000	7725.09800000	7703.03800000	7766.02000000	7751.06400000	7776.90200000	7749.59000000	7753.32000000	7735.05200000	7733.04400000	7717.01800000	7813.73000000	7800.38000000	7785.31600000	7770.64200000	7774.01000000	7757.02600000	7811.31000000	7793.28800000	7725.61200000	7715.36200000	7690.43200000	7673.15600000	7817.91600000	7796.29800000	7755.86760000	7739.81384000
2910452261.30653286	7812.95800000	7793.94200000	7709.92000000	7689.26200000	7775.04400000	7751.32200000	7707.06400000	7700.30400000	7710.59200000	7691.10000000	7794.75400000	7775.30400000	7753.26600000	7739.36400000	7757.26600000	7739.99400000	7729.47200000	7720.78200000	7720.75800000	7705.84400000	7761.34000000	7743.59000000	7688.73200000	7672.03000000	7729.29600000	7716.46200000	7726.80400000	7692.32600000	7679.97800000	7660.05000000	7763.55000000	7749.65800000	7716.65200000	7697.01000000	7785.04800000	7765.10800000	7798.76800000	7777.98200000	7726.39200000	7708.92200000	7728.30400000	7715.56200000	7793.51600000	7768.09800000	7735.74800000	7714.52400000	7783.10000000	7771.96800000	7784.69800000	7767.34400000	7746.92080000	7729.11408000
2910954773.86934662	7720.96800000	7704.54000000	7774.86000000	7757.17800000	7766.97200000	7751.44600000	7782.90600000	7775.00800000	7734.89800000	7718.45800000	7823.34200000	7815.31000000	7811.84000000	7796.72200000	7762.20600000	7748.35200000	7771.85000000	7755.51200000	7757.84600000	7737.43000000	7776.74800000	7766.30400000	7776.07200000	7756.31200000	7777.89200000	7763.77000000	7692.00800000	7675.31800000	7713.68200000	7700.34400000	7762.57000000	7747.91200000	7748.20000000	7736.04800000	7664.20600000	7635.61000000	7785.89200000	7772.63200000	7767.64400000	7753.40000000	7846.67200000	7830.77800000	7816.21800000	7798.26000000	7694.61200000	7683.96200000	7720.26200000	7701.26600000	7778.94600000	7763.37800000	7761.17248000	7745.81000000
2911457286.43216085	7737.92600000	7720.64400000	7781.81000000	7758.79800000	7765.00200000	7744.42400000	7719.77000000	7692.84000000	7757.89200000	7745.85200000	7761.80200000	7740.27400000	7712.27400000	7701.77600000	7802.82000000	7783.31600000	7763.79600000	7743.17000000	7698.62800000	7685.03200000	7746.35000000	7721.95000000	7795.19600000	7776.55600000	7723.22000000	7710.43400000	7745.61600000	7727.60400000	7713.70800000	7696.63600000	7731.61600000	7711.27600000	7724.51400000	7715.66200000	7733.46800000	7713.83600000	7775.77400000	7766.04800000	7760.80200000	7750.72000000	7738.01400000	7725.76600000	7827.30200000	7808.70600000	7760.27600000	7739.25000000	7729.57000000	7705.09000000	7740.69000000	7725.13000000	7749.91344000	7732.43160000
2911959798.99497509	7777.41200000	7767.79000000	7726.91400000	7713.77200000	7752.61400000	7741.80400000	7792.62400000	7778.18400000	7771.26000000	7763.86800000	7722.21600000	7718.09200000	7803.91200000	7787.26200000	7764.47800000	7745.40200000	7837.52000000	7822.19000000	7658.58400000	7640.94000000	7756.83000000	7748.01000000	7680.27200000	7669.06800000	7760.34600000	7745.91600000	7724.25000000	7703.34800000	7751.24400000	7736.49600000	7760.96400000	7745.11200000	7732.55600000	7721.20000000	7788.99000000	7773.75000000	7704.50200000	7688.57600000	7833.10800000	7824.61400000	7792.25200000	7782.98200000	7856.60400000	7851.05000000	7790.68400000	7780.36800000	7764.41800000	7755.81400000	7773.00200000	7758.88800000	7763.10224000	7750.57984000
2912462311.55778885	7864.09000000	7848.46800000	7742.08200000	7723.63600000	7715.40000000	7698.50200000	7730.92200000	7715.43000000	7691.47800000	7668.30600000	7719.83800000	7703.31200000	7776.48000000	7760.93000000	7792.79600000	7774.18400000	7768.53800000	7757.11000000	7762.86600000	7745.09400000	7743.62800000	7734.69800000	7734.09600000	7722.76000000	7761.19600000	7750.36200000	7739.06800000	7724.98000000	7719.24400000	7702.16200000	7756.41800000	7743.64600000	7701.24600000	7677.17200000	7741.58400000	7721.51000000	7814.21400000	7793.31600000	7785.35000000	7772.85000000	7785.43200000	7755.22800000	7747.60000000	7734.68600000	7812.91600000	7792.74200000	7750.09800000	7737.70400000	7806.24400000	7790.95000000	7758.51296000	7741.98952000
2912964824.12060308	7721.14200000	7711.89800000	7754.07800000	7737.81200000	7721.69400000	7708.25800000	7727.11200000	7716.15600000	7663.95600000	7648.43000000	7673.09600000	7649.04200000	7750.50800000	7739.36200000	7814.80400000	7794.85400000	7736.41200000	7721.63600000	7746.56800000	7727.84200000	7762.11000000	7747.45600000	7774.11200000	7760.09200000	7726.14200000	7724.75200000	7704.17600000	7678.40200000	7727.21200000	7710.19200000	7792.25800000	7777.66800000	7761.24000000	7750.22400000	7757.71600000	7744.13400000	7771.30200000	7753.79800000	7775.53400000	7756.75400000	7811.85600000	7793.62800000	7819.68800000	7801.75000000	7709.25600000	7688.74000000	7742.72800000	7727.69400000	7798.45600000	7782.90000000	7749.72624000	7734.13896000
2913467336.68341732	7787.36600000	7762.23200000	7730.75200000	7706.33800000	7761.24200000	7739.32800000	7729.70800000	7703.66400000	7708.30600000	7689.34000000	7798.28000000	7781.53000000	7833.11400000	7811.88600000	7760.96200000	7749.40800000	7779.16000000	7758.24600000	7711.66800000	7700.02200000	7803.66800000	7785.64400000	7736.27400000	7726.47000000	7761.18600000	7750.28800000	7772.56400000	7761.81800000	7739.96400000	7718.69800000	7747.66600000	7732.86200000	7708.81200000	7688.24400000	7734.08000000	7723.20200000	7809.25800000	7783.31000000	7749.26600000	7732.55200000	7796.18400000	7783.12600000	7728.54000000	7710.17000000	7820.83000000	7801.14600000	7814.58600000	7799.51800000	7755.48400000	7731.42600000	7763.15680000	7745.21872000
2913969849.24623108	7757.51200000	7740.02400000	7704.05600000	7683.52000000	7744.68600000	7723.14800000	7735.58200000	7722.64000000	7731.55000000	7721.81800000	7756.76000000	7742.12000000	7790.03600000	7768.05400000	7799.37400000	7782.30000000	7844.17800000	7820.72600000	7743.24000000	7727.41400000	7762.11200000	7746.30200000	7740.08400000	7722.03600000	7759.75800000	7745.22200000	7695.59600000	7679.96200000	7686.84800000	7673.33200000	7767.62200000	7746.73400000	7727.91200000	7702.64200000	7760.74600000	7742.27200000	7792.74200000	7777.81600000	7795.03600000	7783.81800000	7755.53400000	7749.27800000	7739.52600000	7733.07600000	7749.96200000	7732.58600000	7789.87800000	7778.39800000	7766.26000000	7759.10800000	7755.86360000	7740.17384000
2914472361.80904531	7723.95800000	7702.59800000	7773.53400000	7757.32000000	7743.28600000	7723.83800000	7731.14200000	7712.45800000	7676.44600000	7660.94800000	7660.61200000	7644.51000000	7729.12000000	7716.38200000	7806.30200000	7792.26400000	7739.79800000	7723.12000000	7754.33800000	7735.16000000	7770.70200000	7755.01600000	7777.24800000	7755.85200000	7764.69600000	7746.66000000	7715.03000000	7707.54600000	7720.52800000	7703.48800000	7798.67400000	7779.77200000	7781.68400000	7762.67000000	7745.27600000	7727.78800000	7725.70600000	7710.01200000	7769.43800000	7748.76600000	7798.51000000	7785.97000000	7825.11800000	7807.48600000	7845.30600000	7825.24800000	7738.69200000	7722.23200000	7773.53200000	7761.37400000	7755.54704000	7738.73912000
2914974874.37185907	7800.00400000	7782.60200000	7772.26800000	7763.20800000	7739.48600000	7722.99800000	7779.24400000	7755.34000000	7792.23800000	7774.95000000	7694.79800000	7684.03600000	7732.16400000	7718.87200000	7806.23800000	7782.89200000	7773.78600000	7759.82000000	7769.05000000	7749.72600000	7723.31200000	7710.88200000	7700.18600000	7685.30000000	7786.80400000	7766.32400000	7722.72800000	7696.22800000	7724.09000000	7713.27000000	7765.59000000	7752.92000000	7655.74600000	7647.59400000	7739.98000000	7730.52400000	7799.64200000	7782.53000000	7795.58400000	7789.15000000	7802.20400000	7786.08800000	7780.81200000	7770.66000000	7729.71800000	7721.95600000	7732.89600000	7718.06400000	7802.86200000	7789.24800000	7756.85720000	7742.20728000
2915477386.93467331	7779.04000000	7769.98800000	7806.24400000	7785.73600000	7776.61600000	7753.23400000	7764.00200000	7745.89000000	7804.37000000	7795.77200000	7742.38600000	7719.55400000	7679.62400000	7666.57000000	7833.35400000	7817.89400000	7765.20800000	7755.45200000	7766.13400000	7739.98200000	7764.09200000	7756.08600000	7725.82000000	7709.29000000	7666.87400000	7659.29400000	7755.83800000	7739.38800000	7742.94200000	7723.71400000	7774.97400000	7764.62000000	7746.42000000	7731.10800000	7765.75200000	7740.74000000	7746.81400000	7737.55000000	7747.06200000	7734.83600000	7775.37400000	7763.48800000	7784.51600000	7770.01800000	7788.03400000	7768.75800000	7668.60600000	7650.11000000	7758.42400000	7742.29200000	7757.14080000	7741.65456000
2915979899.49748755	7717.18400000	7707.76200000	7763.52400000	7753.94600000	7720.51800000	7707.78400000	7728.64800000	7722.62800000	7732.94800000	7721.62400000	7709.81600000	7696.03000000	7742.53200000	7723.51800000	7809.10800000	7789.70800000	7736.37800000	7718.50400000	7760.96400000	7747.81400000	7800.46600000	7784.00200000	7761.52800000	7733.21000000	7768.54400000	7748.73800000	7725.75800000	7711.37000000	7762.99400000	7743.03000000	7749.25400000	7744.31000000	7759.77800000	7748.89000000	7769.32400000	7748.32400000	7768.55600000	7747.31200000	7773.10000000	7753.41600000	7766.09200000	7759.88000000	7797.97800000	7794.27600000	7789.15200000	7775.47400000	7710.63400000	7699.44000000	7792.32800000	7780.43000000	7756.68424000	7742.45680000
2916482412.06030130	7843.00000000	7826.19600000	7814.98000000	7801.70000000	7730.90400000	7711.94800000	7735.24000000	7714.00200000	7759.72400000	7735.39800000	7753.28800000	7730.64200000	7822.25200000	7799.49200000	7740.97400000	7723.57800000	7776.33400000	7764.61200000	7748.51400000	7736.79400000	7740.19200000	7716.70600000	7699.80800000	7685.98600000	7748.74400000	7732.83600000	7760.46200000	7750.26800000	7757.91200000	7745.46400000	7734.40800000	7727.76600000	7715.99600000	7698.40200000	7726.38200000	7716.85000000	7779.82400000	7760.90200000	7742.79600000	7735.86800000	7790.51600000	7774.46200000	7773.35800000	7749.82800000	7772.98200000	7748.24000000	7745.86600000	7738.33400000	7828.86400000	7811.35800000	7761.73280000	7745.50528000
2916984924.62311554	7806.13400000	7787.42200000	7715.97000000	7690.69800000	7744.68400000	7726.76200000	7726.64000000	7709.75800000	7707.28600000	7677.47400000	7794.13600000	7781.86200000	7800.90200000	7783.11200000	7723.42000000	7711.68400000	7792.89800000	7772.11600000	7719.37600000	7706.32000000	7783.96400000	7776.17400000	7748.45600000	7727.24000000	7755.05200000	7742.33400000	7769.54800000	7755.34400000	7717.93000000	7702.17200000	7782.76800000	7762.84400000	7710.80200000	7699.66200000	7739.50800000	7723.51600000	7809.07600000	7795.81200000	7771.77400000	7750.95400000	7777.85600000	7763.12600000	7760.60800000	7739.53200000	7816.76200000	7804.60600000	7805.25400000	7785.21400000	7766.29200000	7749.69000000	7761.88384000	7745.01712000
2917487437.18592978	7833.25400000	7816.56000000	7767.83600000	7750.30800000	7735.45800000	7716.78400000	7755.56600000	7747.28800000	7773.64600000	7761.95600000	7805.19200000	7794.54000000	7784.14400000	7774.89800000	7759.63800000	7743.40000000	7796.33000000	7778.75800000	7709.30800000	7691.50400000	7732.85000000	7715.19800000	7686.37400000	7678.25000000	7767.81800000	7754.66200000	7723.92400000	7708.62200000	7769.57600000	7745.81800000	7775.50200000	7757.13000000	7757.01400000	7735.48800000	7764.85400000	7743.40800000	7757.26200000	7739.78000000	7801.18600000	7786.73200000	7814.19200000	7804.19200000	7811.31000000	7793.15400000	7743.58000000	7730.43000000	7769.77400000	7755.34000000	7781.92000000	7759.42600000	7767.10032000	7751.34504000
2917989949.74874353	7821.37400000	7801.69800000	7748.63000000	7731.34600000	7789.83400000	7763.50000000	7745.32400000	7726.26800000	7710.37600000	7690.81000000	7783.16400000	7759.43400000	7785.83800000	7765.61000000	7762.65000000	7747.94200000	7782.73800000	7775.10800000	7744.96800000	7725.93600000	7721.24000000	7703.76600000	7738.37600000	7713.34000000	7787.63800000	7767.05600000	7749.23000000	7727.61400000	7781.05800000	7765.50800000	7691.64400000	7674.52400000	7726.04400000	7701.06200000	7764.34400000	7746.08600000	7794.97000000	7782.60200000	7774.38200000	7764.72200000	7758.86800000	7759.26200000	7851.67800000	7832.20400000	7762.60800000	7744.40800000	7724.43600000	7717.24000000	7727.54400000	7716.82600000	7761.15824000	7744.15488000
2918492462.31155777	7760.58600000	7753.10800000	7771.01600000	7754.25000000	7787.10200000	7767.14200000	7766.64000000	7757.40000000	7696.13200000	7675.77200000	7813.09400000	7805.17000000	7795.70400000	7780.52000000	7771.31800000	7757.92200000	7752.94600000	7733.64600000	7779.77400000	7754.91000000	7780.97000000	7768.15200000	7737.21200000	7718.03800000	7746.79200000	7734.19600000	7700.81200000	7691.11600000	7692.63200000	7675.23200000	7754.97000000	7740.08200000	7753.49800000	7745.64600000	7687.31600000	7674.04000000	7801.64600000	7783.14200000	7785.68200000	7762.91000000	7792.77000000	7775.09000000	7791.98200000	7780.71800000	7740.46400000	7720.91400000	7740.19200000	7718.26200000	7782.67800000	7762.26600000	7759.35712000	7743.58576000
2918994974.87437201	7802.90600000	7801.10400000	7740.10200000	7725.59400000	7800.64000000	7788.34800000	7733.86800000	7724.63200000	7774.30600000	7768.65600000	7752.61800000	7734.96600000	7796.86600000	7780.61600000	7823.80800000	7806.31400000	7788.31800000	7771.53800000	7766.86800000	7747.04400000	7749.76400000	7728.59200000	7749.03400000	7725.43200000	7740.07800000	7720.12200000	7748.63800000	7726.29200000	7751.14200000	7736.09200000	7782.77000000	7762.14400000	7711.96000000	7698.92600000	7781.63200000	7763.67800000	7735.81000000	7716.87000000	7781.08400000	7771.30000000	7799.06000000	7780.64600000	7788.04200000	7781.55800000	7805.82200000	7789.47800000	7678.72600000	7667.68600000	7741.74800000	7720.81000000	7765.02440000	7749.53752000
2919497487.43718576	7792.79400000	7780.18800000	7817.76200000	7794.86200000	7772.31800000	7757.51000000	7796.51400000	7781.19200000	7742.77400000	7726.49400000	7747.34000000	7731.89200000	7753.31200000	7732.80200000	7818.22000000	7792.39200000	7782.64800000	7764.82600000	7772.20000000	7746.45600000	7745.63200000	7721.39600000	7787.06400000	7766.78600000	7753.89600000	7738.30600000	7747.79400000	7725.88200000	7719.65800000	7700.98400000	7791.26000000	7781.16400000	7752.67400000	7738.29000000	7754.90000000	7727.88400000	7755.30600000	7746.70800000	7793.83000000	7777.16000000	7829.94600000	7818.62600000	7831.80000000	7820.77200000	7843.04000000	7829.10400000	7724.17600000	7701.33200000	7730.23600000	7712.44400000	7774.28376000	7756.61808000
2920000000.00000000	7807.05600000	7790.67400000	7676.72600000	7662.78400000	7773.37400000	7752.18800000	7780.49600000	7761.61000000	7712.45800000	7687.70000000	7748.43800000	7732.69400000	7779.64600000	7764.08000000	7771.23400000	7746.73600000	7773.63600000	7760.49000000	7770.24600000	7752.21800000	7755.64400000	7746.05000000	7744.46200000	7731.54600000	7726.27000000	7711.10000000	7759.89000000	7737.08400000	7611.21800000	7581.08200000	7791.29200000	7763.35800000	7787.10000000	7770.98000000	7748.87800000	7735.04200000	7811.81400000	7802.29600000	7768.08800000	7757.99600000	7778.55200000	7766.66400000	7802.89400000	7785.98800000	7856.43800000	7839.77000000	7787.96200000	7769.87600000	7754.05200000	7742.82600000	7763.11456000	7746.11328000
