freq	PL_sig1	PL_ref1	PL_sig2	PL_ref2	PL_sig3	PL_ref3	PL_sig4	PL_ref4	PL_sig5	PL_ref5	PL_sig6	PL_ref6	PL_sig7	PL_ref7	PL_sig8	PL_ref8	PL_sig9	PL_ref9	PL_sig10	PL_ref10	PL_sig11	PL_ref11	PL_sig12	PL_ref12	PL_sig13	PL_ref13	PL_sig14	PL_ref14	PL_sig15	PL_ref15	PL_sig16	PL_ref16	PL_sig17	PL_ref17	PL_sig18	PL_ref18	PL_sig19	PL_ref19	PL_sig20	PL_ref20	PL_sig21	PL_ref21	PL_sig22	PL_ref22	PL_sig23	PL_ref23	PL_sig24	PL_ref24	PL_sig25	PL_ref25	avgPL_sig	avgPL_ref
2820000000.00000000	8089.43800000	8079.60600000	8083.79200000	8074.49800000	8060.56000000	8047.08600000	8082.05600000	8068.29400000	8050.36600000	8046.70400000	8023.81200000	8012.00200000	8059.56600000	8047.57400000	8051.94400000	8043.61400000	8023.31400000	8008.16200000	8037.77000000	8024.93200000	8014.53800000	7998.92200000	8017.90400000	8000.50400000	8062.72600000	8047.25400000	8032.18600000	8020.03800000	8034.87000000	8018.26400000	7995.11600000	7977.10000000	8031.33000000	8021.21200000	7988.82200000	7975.78600000	8008.32000000	7994.77200000	8005.78000000	7994.00000000	7999.25400000	7992.16200000	7996.86600000	7985.20800000	8022.04200000	8009.75600000	8007.88200000	8001.35800000	8010.14600000	7996.80200000	8031.61600000	8019.42440000
2820502512.56281424	8071.65000000	8060.78800000	8074.37800000	8055.01800000	8048.69000000	8033.05800000	8054.63000000	8042.92000000	8059.21600000	8043.21600000	8082.23200000	8065.92200000	8095.03800000	8085.95600000	8073.73000000	8058.22400000	8065.80400000	8046.39600000	8024.45800000	8005.58400000	8028.76200000	8010.14200000	8038.34600000	8022.44600000	8025.35400000	8017.01000000	8063.59200000	8055.83200000	8039.35600000	8025.86000000	8048.91600000	8027.35400000	8020.34400000	8008.85000000	7960.22200000	7945.18800000	8024.96600000	8009.02200000	8029.20200000	8013.81600000	8009.22400000	8005.44000000	7990.07000000	7976.03600000	8025.19600000	8011.91800000	8036.30800000	8021.44800000	8021.86000000	8007.49200000	8040.46176000	8026.19744000
2821005025.12562799	8096.44400000	8078.08200000	8077.35200000	8059.11200000	8082.41600000	8074.06600000	8046.03000000	8027.80200000	8075.26200000	8056.55000000	8064.86800000	8046.92200000	8063.69400000	8048.78600000	8049.60200000	8038.27800000	8063.62600000	8041.29200000	8050.74000000	8036.04000000	8040.93600000	8032.03600000	7999.77200000	7984.69200000	8026.67400000	8008.36800000	8051.90800000	8036.67000000	8042.31200000	8030.40000000	8022.71600000	8009.98000000	8019.93800000	7992.54200000	7967.28600000	7946.82800000	8034.57600000	8020.94600000	8017.06400000	8003.61400000	7985.52800000	7968.45000000	8015.42200000	8002.87200000	8005.13400000	7990.13200000	8012.51000000	7991.68400000	8008.01000000	7989.94800000	8036.79280000	8020.64368000
2821507537.68844223	8042.63200000	8028.72200000	8070.99800000	8050.85600000	8094.84200000	8085.35200000	8037.17600000	8027.29800000	8063.63000000	8046.68800000	8072.62800000	8059.05400000	8058.63600000	8045.87200000	8058.89400000	8044.57800000	8030.47200000	8000.82800000	8002.65200000	7983.95000000	8026.62400000	8011.30800000	8035.45600000	8023.74800000	8061.87600000	8056.61000000	8019.60800000	8000.00000000	8021.15200000	8006.08800000	8042.42400000	8029.74200000	8014.32000000	7998.68000000	7966.13800000	7948.41200000	8024.00600000	8000.76600000	8045.80800000	8030.74400000	8011.12600000	7988.09200000	8019.89600000	8007.86400000	8014.59800000	8001.93600000	8027.40800000	7998.08400000	8008.19000000	7999.04400000	8034.84760000	8018.97264000
2822010050.25125647	8089.38800000	8070.93200000	8093.82200000	8073.74400000	8079.50400000	8063.36400000	8080.47200000	8067.27200000	8046.20000000	8029.24400000	8081.94200000	8069.19200000	8053.86400000	8033.26400000	8050.04600000	8037.58400000	8021.36200000	8006.52200000	8033.21200000	8016.27200000	8028.23400000	8011.71600000	8050.19800000	8039.15600000	8032.14400000	8009.69800000	7998.74200000	7979.33400000	8015.04200000	8001.45800000	8043.54400000	8022.95200000	8020.98200000	8008.00200000	7953.02600000	7935.68400000	8014.49000000	8004.24400000	8023.48200000	8009.90200000	7993.89000000	7979.52000000	7998.91200000	7987.80200000	8043.67600000	8026.13200000	8038.15200000	8016.65200000	8017.49600000	8007.31600000	8036.07288000	8020.27832000
2822512562.81407022	8073.05200000	8055.55400000	8059.84800000	8049.26200000	8040.42400000	8024.06800000	8082.21200000	8070.11800000	8081.43200000	8062.64800000	8066.35800000	8053.60800000	8081.15200000	8067.85800000	8076.97400000	8063.44800000	8063.64000000	8047.09200000	8008.59400000	7990.35000000	8028.80200000	8004.43800000	8005.41600000	7993.43800000	8012.67000000	7999.84600000	8050.85600000	8029.64000000	8046.60600000	8025.45400000	8043.16200000	8016.46000000	8065.43400000	8047.91600000	7983.60400000	7964.32600000	8021.90600000	8006.67800000	8027.49000000	8004.16200000	8030.75800000	8020.19800000	7999.40000000	7992.72800000	8025.37400000	8002.58400000	8018.65600000	8008.35600000	8008.96000000	7993.78200000	8040.11120000	8023.76048000
2823015075.37688446	8084.19200000	8066.84200000	8093.87200000	8075.53800000	8083.72600000	8067.50800000	8051.54400000	8030.59400000	8047.84200000	8028.40000000	8095.64200000	8075.71800000	8056.78800000	8040.76200000	8044.00800000	8025.54000000	8027.65000000	8010.50800000	8049.98400000	8034.52000000	8042.38200000	8028.79400000	8049.34400000	8035.74600000	8042.42800000	8016.58800000	7987.63800000	7968.37200000	8025.54200000	8007.04800000	8036.49200000	8020.14600000	8021.47800000	8004.10200000	7938.71600000	7918.72400000	8024.55800000	8000.70800000	8017.76800000	7997.25000000	8012.11000000	7995.62800000	8007.56000000	7992.71000000	8019.55600000	8004.47000000	8023.11200000	8013.46000000	8012.68000000	7992.03400000	8035.86448000	8018.06840000
2823517587.93969870	8092.02600000	8069.44200000	8061.93000000	8051.89200000	8060.54600000	8039.09000000	8043.01200000	8025.58000000	8092.36600000	8070.93600000	8067.27600000	8048.02800000	8085.12400000	8068.59200000	8042.48200000	8020.72000000	8068.32200000	8042.35600000	8046.12600000	8039.45000000	8060.04200000	8041.22600000	8030.86000000	8013.59000000	8036.56800000	8015.88000000	8048.37400000	8034.74400000	8056.41000000	8040.02200000	8014.06000000	7998.80600000	8038.77800000	8022.14800000	7969.25200000	7954.92800000	8012.34000000	7999.61600000	8033.23000000	8012.24800000	7993.40400000	7989.07200000	7996.90800000	7978.52400000	8004.39000000	7981.78800000	8027.62000000	8007.35000000	7997.74000000	7980.74000000	8039.16744000	8021.87072000
2824020100.50251245	8094.50000000	8078.61200000	8114.29400000	8091.82200000	8085.68200000	8066.02800000	8088.37600000	8062.26600000	8078.34000000	8056.21000000	8092.35000000	8069.46200000	8072.11200000	8055.78400000	8048.09400000	8021.06800000	8076.13600000	8055.79400000	8033.95600000	8010.85800000	8019.25200000	8000.25200000	8039.01200000	8022.55000000	8041.96400000	8028.83200000	8039.67600000	8018.23200000	8051.78400000	8026.06400000	8018.09000000	8000.16200000	8033.98000000	8015.07600000	7982.42600000	7965.11200000	8052.32200000	8035.34000000	8021.64200000	8010.52600000	8026.08600000	8003.51000000	7989.57600000	7977.95000000	8001.80000000	7982.13400000	8024.26400000	8008.04400000	8054.21800000	8039.53000000	8047.19728000	8028.04872000
2824522613.06532669	8124.97800000	8102.85800000	8115.24000000	8099.03400000	8075.88800000	8061.82000000	8102.25400000	8085.63200000	8044.60600000	8033.47600000	8070.41200000	8058.55400000	8054.88800000	8034.49800000	8077.83400000	8060.82400000	8058.45000000	8049.45600000	8022.28600000	8007.32800000	8035.49800000	8021.08000000	8032.91200000	8021.64200000	8054.77400000	8033.59400000	8021.36400000	8001.92800000	8038.44400000	8024.76200000	8030.29200000	8008.81200000	8019.64600000	8012.28400000	7984.06400000	7968.67200000	8035.69400000	8022.42200000	8036.44000000	8010.63600000	8021.10800000	8003.86600000	7987.72400000	7964.26400000	8016.10600000	7999.06000000	8020.68400000	8016.94000000	8038.35800000	8028.36800000	8044.79776000	8029.27240000
2825025125.62814093	8053.11000000	8038.00000000	8080.44400000	8058.74000000	8088.31800000	8078.06200000	8061.16400000	8044.45400000	8099.19000000	8085.48200000	8076.48400000	8062.29000000	8048.11800000	8029.20800000	8059.83800000	8044.81000000	8040.73400000	8023.05200000	8019.14000000	8013.84600000	8040.00800000	8021.62000000	8038.74600000	8023.29600000	8041.52400000	8025.36200000	7995.84400000	7976.65600000	8018.08800000	8005.87600000	8025.72000000	8009.46000000	7988.73400000	7972.16600000	7949.07200000	7928.20800000	8030.52200000	8007.03800000	8004.33600000	7988.78000000	8014.70000000	7997.12200000	8013.42600000	7999.82000000	7999.89400000	7995.72400000	8020.81800000	8007.65600000	8021.71000000	8006.36000000	8033.18728000	8017.72352000
2825527638.19095469	8082.15800000	8058.62000000	8098.30600000	8081.76600000	8086.19800000	8071.64600000	8052.01000000	8034.32400000	8070.30000000	8054.12200000	8052.40200000	8031.41400000	8071.51200000	8053.63000000	8052.59200000	8037.90000000	8061.42800000	8039.24800000	7990.90200000	7978.82800000	8029.37400000	8015.63200000	8032.43200000	8018.54000000	8039.89600000	8025.99600000	8052.50000000	8037.08400000	8027.97600000	8012.37000000	8047.22400000	8038.03600000	8021.63000000	8001.72800000	7975.62800000	7957.42200000	8006.84400000	7997.58200000	8046.62800000	8027.12000000	8017.79000000	7997.02800000	8003.81200000	7989.81000000	8024.29800000	8006.29000000	8010.72800000	7990.33600000	8034.38600000	8016.25800000	8039.55816000	8022.90920000
2826030150.75376892	8089.27600000	8065.96400000	8087.73600000	8068.11200000	8061.80600000	8048.07800000	8064.16200000	8042.70600000	8073.35200000	8066.66800000	8064.24000000	8046.45600000	8059.23800000	8044.40400000	8068.02000000	8046.83800000	8047.92400000	8030.76600000	8035.17200000	8013.79000000	8042.01400000	8024.51200000	8038.51600000	8021.08600000	8045.79800000	8028.02600000	8051.38800000	8028.62200000	8038.17600000	8018.83400000	8010.83200000	7991.75600000	8067.69200000	8041.65400000	7969.93400000	7954.73200000	8026.21800000	8010.65200000	8009.90800000	7994.71000000	8026.24600000	8000.19800000	8002.20200000	7992.12400000	8011.78600000	7990.55200000	8015.56600000	8004.90600000	8013.96000000	7994.76200000	8040.84648000	8022.83632000
2826532663.31658268	8102.16400000	8088.73800000	8111.25200000	8095.03400000	8070.59200000	8056.23000000	8080.16000000	8063.27600000	8086.14600000	8066.71600000	8079.66000000	8060.42200000	8057.19200000	8038.37000000	8023.65600000	8012.27800000	8047.12200000	8022.22200000	8027.91200000	8015.36200000	8046.45000000	8028.28400000	8047.49200000	8032.57600000	8007.66200000	7984.43600000	8055.42600000	8036.59400000	8036.94600000	8012.02200000	8041.19000000	8019.34200000	7977.82400000	7960.88800000	7971.72800000	7957.76600000	8017.23800000	8005.97200000	8031.94200000	8020.43000000	8012.63800000	7999.39400000	8013.00600000	7993.98000000	8018.49600000	8001.52200000	8013.31200000	7993.55200000	8020.51400000	8003.41200000	8039.90880000	8022.75272000
2827035175.87939692	8089.23400000	8068.90800000	8083.93000000	8056.83600000	8058.78600000	8038.91400000	8049.82800000	8029.40400000	8089.72000000	8080.38200000	8059.51800000	8043.15600000	8073.19800000	8047.04600000	8052.33800000	8032.55200000	8058.38000000	8044.60000000	8042.03400000	8022.80000000	8065.58400000	8043.58600000	8034.51200000	8015.06600000	8032.79000000	8015.74000000	8064.57600000	8047.51400000	8024.96600000	8011.96600000	8021.66000000	8008.63400000	8020.92000000	8001.69000000	7988.01400000	7976.28200000	8018.23200000	7997.99400000	8006.89200000	7986.32800000	8004.41800000	7984.63200000	8026.95600000	8007.89400000	7994.76400000	7985.64400000	7985.76800000	7967.39200000	8002.38600000	7982.84000000	8037.97616000	8019.91200000
2827537688.44221115	8076.46200000	8064.27600000	8066.95200000	8053.31600000	8082.66600000	8063.21800000	8069.24600000	8057.03400000	8063.23400000	8046.54400000	8073.72200000	8062.54800000	8070.53200000	8048.28400000	8039.37600000	8020.89200000	8066.53000000	8042.22600000	8012.61400000	7994.98600000	8011.75800000	8003.94600000	8035.15400000	8013.29800000	8049.88200000	8030.29800000	8029.00400000	8017.54200000	8043.54400000	8033.63400000	8053.91600000	8036.12600000	8013.65200000	8002.95000000	7971.67000000	7951.17800000	8020.90600000	8004.10600000	8052.33600000	8029.36200000	7999.72400000	7976.19200000	8011.94200000	8003.18400000	8001.56400000	7992.38400000	8011.95000000	7998.57200000	7997.88200000	7984.49200000	8037.04872000	8021.22352000
2828040201.00502491	8113.92400000	8088.09800000	8021.63800000	7993.45800000	8081.80000000	8070.88400000	8086.49400000	8077.53800000	8082.55600000	8070.17000000	8073.98600000	8057.79800000	8034.48600000	8005.22000000	8041.39400000	8012.57000000	8069.53200000	8050.56200000	8034.44600000	8021.30000000	8041.29400000	8026.94800000	8036.97800000	8021.42400000	8046.60800000	8027.83800000	8032.83400000	8016.96400000	8022.10200000	7995.87600000	8037.26800000	8022.25200000	7982.73000000	7972.76400000	7951.52400000	7941.53000000	7995.78400000	7983.60800000	8013.60800000	7996.99000000	8005.18200000	7997.79600000	8030.26200000	8007.43600000	8010.10400000	7995.01800000	8020.18200000	8004.30000000	8027.19200000	8016.88000000	8035.75632000	8019.00888000
2828542713.56783915	8070.31600000	8051.85000000	8097.93600000	8083.47800000	8084.27400000	8060.93400000	8081.42000000	8072.12400000	8038.72800000	8016.63000000	8075.02600000	8059.62800000	8045.68000000	8035.73400000	8056.73600000	8040.10600000	8078.04000000	8054.75400000	8023.51600000	8011.58000000	8067.36000000	8050.30000000	8041.72200000	8023.30200000	8039.58800000	8020.77800000	8040.71600000	8024.14400000	8011.14000000	7997.69400000	8027.58800000	8014.48800000	7970.49800000	7950.60000000	7978.88400000	7960.06600000	8009.11000000	7982.70000000	8005.15200000	7982.20000000	8011.16000000	7989.25200000	8013.76800000	7994.07400000	8036.23200000	8014.73800000	8013.15800000	7997.14800000	8047.58600000	8033.38200000	8038.61336000	8020.86736000
2829045226.13065338	8108.65600000	8089.88200000	8103.99600000	8092.95000000	8062.43200000	8044.62400000	8042.54800000	8026.31600000	8090.67000000	8064.49000000	8069.98000000	8054.28800000	8053.71200000	8038.14800000	8054.21800000	8035.18600000	8030.78200000	8016.08600000	8037.76800000	8017.50600000	8035.21800000	8019.75400000	8049.40600000	8029.89600000	8037.20000000	8016.02600000	8033.99800000	8020.83000000	8032.51000000	8019.05400000	8041.27600000	8024.42000000	7998.38800000	7977.59000000	7957.73800000	7943.14000000	8005.30400000	7994.11000000	7995.57800000	7980.96000000	8023.98000000	7999.48600000	8012.45600000	8000.45400000	8006.52200000	7999.20600000	8021.60000000	8012.27400000	7998.28800000	7989.00200000	8036.16896000	8020.22712000
2829547738.69346714	8073.12200000	8065.47800000	8065.59200000	8057.82000000	8089.04200000	8075.30400000	8012.25400000	8010.98400000	8073.88400000	8071.04800000	8071.03000000	8053.80400000	8058.60800000	8042.68600000	8061.49200000	8041.19400000	8059.69200000	8043.63000000	8046.06000000	8025.05600000	8040.30600000	8031.90800000	8005.02600000	7988.07200000	8009.82800000	7997.68600000	8038.72600000	8017.57000000	8054.03200000	8036.60600000	8031.72800000	8007.92600000	8031.32400000	8017.17200000	7992.38600000	7981.61400000	8013.92200000	8004.06400000	8008.62600000	7991.33400000	8000.97800000	7984.98200000	8002.43600000	7982.71000000	7994.67600000	7988.40000000	8014.20200000	7999.35000000	8004.08800000	7983.18200000	8034.12240000	8019.98320000
2830050251.25628138	8044.83600000	8027.33000000	8068.51400000	8043.37000000	8093.01800000	8070.00400000	8073.08800000	8060.94000000	8074.06000000	8054.02200000	8070.86400000	8054.88400000	8062.53000000	8041.81200000	8045.14200000	8026.81800000	8041.34400000	8023.73600000	8017.71800000	7994.71200000	8028.24800000	8012.61600000	8039.69200000	8023.93000000	8037.37400000	8022.02600000	8020.20800000	7999.38200000	7992.55400000	7979.34800000	8037.15200000	8026.79200000	8014.66800000	8000.09200000	7971.08400000	7950.12400000	7989.09400000	7971.02400000	8047.72600000	8031.03000000	8006.79800000	7993.93600000	8018.96000000	7998.18200000	8020.95000000	8007.11600000	8029.70200000	8003.63400000	8015.04600000	7989.48800000	8034.41480000	8016.25392000
2830552763.81909561	8076.19600000	8058.97000000	8078.97200000	8061.10600000	8071.63600000	8052.96800000	8071.59200000	8053.71600000	8065.22600000	8047.90000000	8073.61000000	8060.50600000	8063.73000000	8043.96400000	8050.69800000	8033.88200000	8038.25000000	8015.09000000	7988.89800000	7967.31400000	8008.95600000	7985.42400000	8033.47400000	8015.20000000	8057.58400000	8038.21800000	8051.53200000	8036.03200000	8045.99200000	8031.67400000	8047.48200000	8038.79200000	8030.88800000	8009.55600000	7973.48600000	7960.04400000	8020.24400000	7999.61800000	8032.97400000	8011.15200000	8017.52800000	7999.85200000	8006.79200000	7986.64600000	8007.71800000	7994.39800000	8028.54400000	8013.78000000	8029.05400000	8005.82000000	8038.84224000	8020.86488000
2831055276.38190937	8094.05000000	8077.03400000	8090.95200000	8075.22400000	8045.50000000	8021.48600000	8090.45600000	8072.87400000	8068.31400000	8045.34800000	8066.29200000	8047.64800000	8035.01000000	8010.11200000	8044.80000000	8025.88200000	8032.78400000	8017.35200000	8034.02600000	8015.27000000	8001.80000000	7982.30600000	8036.29400000	8027.13600000	8056.88000000	8041.94400000	8027.01600000	8010.97200000	8038.58800000	8022.80600000	8007.76400000	7989.12400000	8012.04400000	8000.09600000	8005.23200000	7990.62600000	8018.01200000	7999.72000000	8014.95000000	7998.15000000	8020.27800000	7996.14200000	7978.03400000	7956.24000000	8024.70400000	8008.95800000	8039.24200000	8018.66600000	8039.29000000	8022.76800000	8036.89248000	8018.95536000
2831557788.94472361	8105.29600000	8077.08000000	8069.40000000	8051.62200000	8050.25000000	8039.78800000	8061.37200000	8039.59200000	8048.85400000	8022.86000000	8080.62600000	8058.54000000	8048.31800000	8032.09000000	8031.01200000	8018.91800000	8013.84600000	7997.69800000	8025.24400000	8014.03600000	8010.47200000	7986.65600000	8032.70000000	8008.55000000	8061.95600000	8050.91600000	8003.70400000	7983.85200000	8020.99600000	8010.77000000	8004.05800000	7983.45400000	8033.27400000	8017.33000000	7963.71800000	7949.18000000	7993.16200000	7973.83000000	7993.50600000	7983.80800000	8004.82000000	7990.11600000	7983.88400000	7973.45800000	8036.07200000	8011.83200000	8031.60600000	8018.39200000	8025.25800000	8010.43200000	8029.33616000	8012.19200000
2832060301.50753784	8101.59000000	8088.36200000	8082.74400000	8064.54600000	8078.01800000	8068.86000000	8047.47400000	8024.17000000	8078.52200000	8057.53800000	8071.56200000	8053.03000000	8039.75800000	8020.18600000	8043.58400000	8026.39000000	8047.14800000	8029.08000000	8040.80200000	8024.76800000	8044.46000000	8028.36400000	8037.42400000	8027.25800000	8042.47200000	8022.44200000	8056.05400000	8037.55000000	8037.78600000	8018.55200000	8000.20000000	7982.75000000	7999.96000000	7986.84200000	7960.24800000	7948.06800000	8018.98200000	7996.93800000	8023.28600000	8012.60600000	8021.42000000	8002.48600000	8017.67000000	8000.11200000	8004.99400000	7995.58800000	8011.52000000	7995.32400000	8007.01000000	7991.55000000	8036.58752000	8020.13440000
2832562814.07035160	8059.92400000	8041.19600000	8063.26200000	8034.33200000	8053.30400000	8032.46600000	8077.31800000	8057.28800000	8076.42200000	8052.42800000	8067.89200000	8054.13600000	8064.93800000	8049.17600000	8065.35600000	8049.95800000	8034.36200000	8016.30400000	8021.74800000	8013.46800000	8026.34800000	8008.88600000	8009.79000000	7998.13600000	8057.81000000	8035.02800000	8021.52600000	8002.46600000	8054.95400000	8026.91600000	8021.73600000	8010.43800000	8071.30200000	8050.34000000	7979.61400000	7971.11000000	8012.71800000	7991.65000000	8028.58000000	8010.81000000	8042.36600000	8019.38600000	8004.70800000	7989.87000000	8025.55000000	8007.22800000	7966.56600000	7963.41400000	8023.20600000	8001.98200000	8037.25200000	8019.53648000
2833065326.63316584	8095.84800000	8088.80800000	8077.32200000	8063.49800000	8091.37000000	8073.82000000	8031.61600000	8012.39800000	8085.32200000	8064.11000000	8070.10000000	8045.24000000	8067.60800000	8052.96000000	8071.25000000	8051.76400000	8055.90000000	8042.66400000	8020.19000000	8011.53800000	8060.11000000	8044.97000000	7990.88000000	7981.18400000	8020.24800000	8008.26600000	8030.80800000	8025.18400000	8042.62400000	8024.06200000	8018.48600000	8007.04200000	8036.77800000	8013.13400000	7991.40000000	7973.04400000	7997.17600000	7981.23600000	7995.35600000	7990.02600000	8003.99200000	7979.53600000	8022.24400000	8000.69200000	8014.14000000	8001.72800000	8001.78600000	7983.98000000	8001.53400000	7989.69800000	8035.76352000	8020.42328000
2833567839.19598007	8077.43600000	8075.58200000	8075.41800000	8054.71800000	8066.55600000	8045.59600000	8039.69600000	8022.30000000	8089.77400000	8074.03600000	8059.33800000	8048.21200000	8080.93400000	8070.35400000	8067.44600000	8045.19000000	8050.20800000	8035.40200000	8019.82400000	8003.46200000	8053.91600000	8035.04200000	8026.94000000	8014.78800000	8043.67400000	8029.43800000	8044.92600000	8025.47600000	8053.37800000	8037.04600000	8025.55600000	8005.77000000	8052.94800000	8036.23400000	7964.15400000	7943.44400000	8021.64600000	8000.56600000	7999.35400000	7985.82600000	7988.85400000	7972.85600000	7987.49000000	7969.31200000	8000.70800000	7982.93400000	8017.80800000	8003.29000000	7985.10400000	7959.69200000	8035.72344000	8019.06264000
2834070351.75879383	8096.03400000	8080.16400000	8093.39000000	8074.84800000	8067.97800000	8050.02800000	8057.30200000	8040.06800000	8038.39000000	8030.52400000	8046.32400000	8033.57800000	8012.65000000	8003.25400000	8048.31200000	8024.65400000	8020.21000000	8006.68000000	8030.67600000	8016.93600000	8004.62800000	7995.68800000	8026.99400000	8017.42200000	8064.96800000	8053.81200000	8010.14200000	7993.14400000	8030.20200000	8008.68400000	8027.34800000	8011.22000000	8033.39600000	8016.33800000	7962.11800000	7941.68800000	8002.34200000	7980.23800000	8009.56600000	7996.01000000	7998.07800000	7979.79000000	7987.63600000	7973.10800000	8026.75800000	8011.88800000	8010.70200000	7992.54400000	8021.48400000	8013.37800000	8029.10512000	8013.82744000
2834572864.32160807	8106.16800000	8093.01000000	8077.93400000	8069.44200000	8082.95000000	8065.42400000	8044.11200000	8035.50800000	8094.66800000	8088.61600000	8074.94200000	8062.87400000	8075.98000000	8056.59400000	8049.85400000	8038.15200000	8065.39800000	8050.05000000	8013.42200000	8002.52400000	8026.20000000	8004.84800000	8041.63000000	8026.53800000	8029.91400000	8020.42000000	8048.89200000	8028.73200000	8042.98400000	8027.19800000	8012.86400000	7998.80200000	8019.88600000	8005.79800000	7991.84800000	7982.55600000	7981.62200000	7971.25200000	8023.77800000	8017.64000000	8012.73800000	7995.98400000	7997.66400000	7986.60200000	8012.38600000	8009.11400000	8014.36400000	7992.96400000	7985.72800000	7973.89000000	8037.11704000	8024.18128000
2835075376.88442230	8090.60000000	8080.78200000	8099.92000000	8086.56800000	8083.01200000	8063.79200000	8077.12600000	8059.18200000	8066.70800000	8047.12800000	8098.04800000	8074.44000000	8089.54000000	8067.79200000	8075.28800000	8061.01600000	8078.47400000	8061.91000000	8025.76800000	8006.80600000	8008.30800000	7990.93800000	8018.46800000	7999.79400000	8042.52600000	8031.41600000	8044.54200000	8027.76800000	8038.67200000	8024.68200000	8019.82800000	8004.17400000	8017.66800000	7994.04600000	7982.57800000	7963.00000000	8046.52000000	8026.08600000	8022.99400000	7994.80400000	8030.98400000	8012.96400000	7974.68400000	7955.48800000	8036.34400000	8013.86200000	8027.49200000	8011.68000000	8029.36800000	8011.14400000	8045.01840000	8026.85048000
2835577889.44723606	8099.06800000	8087.49600000	8088.39000000	8069.95200000	8052.28400000	8031.30800000	8061.08600000	8040.94800000	8068.30200000	8043.07400000	8071.99800000	8057.10800000	8049.54600000	8023.81800000	8064.16600000	8040.63400000	8043.26600000	8018.95200000	7984.29800000	7979.39400000	8014.43200000	8002.64200000	8030.06600000	8015.47600000	8047.69800000	8033.56000000	8000.43800000	7982.96200000	8030.57800000	8012.99400000	8029.90000000	8008.85400000	8003.94400000	7995.81800000	7930.81800000	7916.63600000	8015.54000000	7996.37200000	8010.53800000	7989.65800000	8008.03800000	7987.80600000	7996.88200000	7980.75600000	8020.51600000	8003.07200000	8007.36000000	7990.88800000	8039.70800000	8025.09000000	8030.75440000	8013.41072000
2836080402.01005030	8067.89600000	8048.44800000	8083.39000000	8079.57200000	8091.86800000	8077.85400000	8075.98200000	8060.08800000	8055.23400000	8036.34400000	8060.99600000	8046.64400000	8059.81000000	8039.08400000	8039.40800000	8024.39200000	8014.75600000	7994.50200000	8055.69600000	8036.87000000	8027.47400000	8006.13000000	8038.84000000	8017.80600000	8040.40400000	8020.84200000	8002.77000000	7985.17400000	8002.15000000	7988.69600000	8033.45000000	8022.05400000	8011.47800000	7996.87600000	7951.64600000	7934.38400000	8009.68400000	7994.49800000	8023.81600000	8007.93800000	8010.04000000	7996.66200000	8005.34800000	7985.93200000	8031.04000000	8010.19000000	8030.61400000	8023.51600000	8013.62000000	7987.55000000	8033.49640000	8016.88184000
2836582914.57286453	8118.31000000	8103.22000000	8114.67400000	8094.89000000	8081.36400000	8058.97000000	8099.02000000	8079.70200000	8057.73200000	8036.98800000	8082.66400000	8064.52000000	8069.56000000	8046.80400000	8085.28200000	8065.86000000	8068.72400000	8050.80400000	8028.38800000	8014.87000000	8034.00800000	8014.28000000	8025.80200000	8019.61800000	8055.43200000	8043.10200000	8001.87800000	7985.97000000	8022.57600000	8010.15000000	8041.68800000	8027.82400000	8022.31200000	8004.62400000	7977.88800000	7955.84800000	7987.26800000	7968.38800000	8010.30600000	7993.77800000	8027.56000000	8008.08600000	8004.76000000	7989.83200000	8023.84800000	8010.15800000	8005.00400000	7992.41200000	8043.54600000	8027.24000000	8043.58376000	8026.71752000
2837085427.13567829	8127.48200000	8111.24600000	8109.08200000	8098.97400000	8051.95600000	8038.27000000	8096.71800000	8080.67600000	8077.62400000	8062.83600000	8063.55400000	8054.99800000	8028.16800000	8008.24200000	8057.25200000	8046.64600000	8078.05000000	8056.18200000	8037.06200000	8019.00000000	8017.73200000	8011.50000000	8013.21800000	7995.10000000	8044.25400000	8032.04600000	8044.36600000	8024.44200000	8036.22400000	8023.40600000	8010.00000000	7998.93800000	8041.06600000	8023.34400000	7980.02800000	7962.12000000	8050.62800000	8033.22200000	8031.95000000	8015.08200000	8016.65600000	8003.68600000	7998.47400000	7979.05600000	8016.13800000	7996.20600000	7957.73600000	7952.44400000	8066.06400000	8045.50600000	8042.05928000	8026.92672000
2837587939.69849253	8100.21000000	8085.78800000	8084.31800000	8070.22800000	8065.41200000	8055.08400000	8112.81000000	8089.22400000	8073.18400000	8049.36600000	8052.16600000	8041.45000000	8030.67600000	8025.37600000	8059.28600000	8038.66400000	8032.26600000	8008.47800000	8029.71200000	8014.21600000	8031.09600000	8012.65600000	8034.95000000	8019.55400000	8045.56400000	8037.23400000	8033.21200000	8014.38400000	8027.33200000	8018.54800000	8019.38600000	7997.62000000	7973.97000000	7960.89600000	7999.56200000	7984.97400000	7975.58400000	7957.65200000	7984.59400000	7971.65000000	8020.37400000	8005.39000000	8021.87200000	8011.86400000	8014.77200000	7998.98200000	8043.75400000	8019.05600000	8051.76600000	8038.65000000	8036.71312000	8021.07936000
2838090452.26130676	8093.64000000	8078.91400000	8087.91800000	8067.59000000	8042.51000000	8030.65400000	8033.14800000	8019.77600000	8028.99400000	8013.79600000	8094.44800000	8074.90600000	8110.42400000	8094.50200000	8071.78200000	8059.18800000	8057.37800000	8043.13800000	8025.35000000	8003.23200000	8040.40200000	8022.78000000	8022.70400000	8006.69400000	8010.55000000	7996.85200000	8057.07800000	8041.34800000	8039.03800000	8017.95600000	8027.81600000	8010.25000000	8004.75400000	7985.78600000	7961.71200000	7943.59600000	8031.69800000	8009.93200000	8045.43600000	8031.35800000	8043.61800000	8028.34200000	8006.05800000	7990.27600000	7996.90000000	7979.99000000	8032.21800000	8015.44800000	8039.22400000	8028.99600000	8040.19192000	8023.81200000
2838592964.82412052	8066.81400000	8056.97000000	8070.54000000	8059.92000000	8085.33000000	8069.84800000	8077.77600000	8061.59800000	8057.33600000	8046.61200000	8061.93600000	8041.25200000	8064.10200000	8047.89200000	8042.71600000	8026.21400000	8045.05800000	8027.07000000	8007.63400000	7994.89000000	8017.65000000	8003.71200000	8023.59800000	8009.67600000	8067.66800000	8046.02600000	8028.66000000	8011.86400000	8013.54600000	8000.17800000	8055.70400000	8033.83200000	7996.61800000	7986.94000000	7948.96000000	7941.50400000	8038.31800000	8019.70200000	8043.26600000	8025.51400000	8018.25000000	8000.42200000	7945.40000000	7949.36000000	8026.65400000	8013.15600000	8004.80000000	7990.53800000	8024.52000000	8006.31800000	8033.31416000	8018.84032000
2839095477.38693476	8080.79000000	8069.19000000	8096.72400000	8082.43600000	8095.24600000	8080.34800000	8087.84000000	8068.51200000	8023.79400000	8005.02200000	8066.79400000	8043.83200000	8047.56200000	8036.58000000	8077.78600000	8059.11000000	8057.55800000	8041.15800000	8024.09200000	8007.39600000	8040.25800000	8018.37400000	8010.76600000	7992.13800000	8049.01400000	8033.16200000	8011.23400000	7999.28000000	8039.09200000	8021.84800000	8047.82000000	8035.55600000	7998.29400000	7981.54000000	7988.38800000	7976.66400000	8026.69200000	8014.82400000	8031.66200000	8005.83000000	8008.31200000	7993.76800000	7981.35200000	7973.50400000	8031.89400000	8015.17800000	8020.12000000	7995.32000000	8038.21600000	8028.84400000	8039.25200000	8023.17656000
2839597989.94974852	8088.23800000	8070.51600000	8096.54600000	8086.00600000	8096.08600000	8092.72400000	8047.36800000	8030.92400000	8086.67400000	8072.40800000	8055.94600000	8042.72000000	8085.31000000	8062.91600000	8070.53200000	8053.19200000	8045.88600000	8024.79000000	7987.82200000	7971.64000000	8053.36000000	8035.29400000	8030.82400000	8010.74000000	8035.85800000	8015.55600000	8052.16200000	8031.81400000	8038.86600000	8017.40800000	7998.98400000	7981.94000000	8045.09600000	8027.36800000	7961.74200000	7954.86400000	8010.91600000	7992.84800000	7980.19200000	7963.33800000	8019.45200000	8007.37800000	8000.54400000	7994.79600000	8025.95800000	8010.91800000	8013.45000000	8008.26000000	7987.38200000	7975.80000000	8036.60776000	8021.44632000
2840100502.51256275	8040.95400000	8023.10600000	8069.92600000	8054.87800000	8096.10800000	8081.79400000	8062.12200000	8044.06000000	8079.18600000	8070.52600000	8079.98400000	8061.99800000	8040.43600000	8023.75000000	8041.45800000	8030.05800000	8033.69800000	8010.76800000	8039.87600000	8025.05600000	8016.25200000	8011.76000000	8026.13800000	8012.75000000	8056.16600000	8046.75200000	7982.62600000	7966.05400000	7989.94400000	7973.87800000	8040.07200000	8028.98200000	8023.49600000	8011.25400000	7948.82400000	7934.10600000	7995.53000000	7983.99800000	8026.56400000	8016.99400000	8013.96200000	8000.64600000	8016.77000000	8002.55400000	8023.72200000	8005.92200000	8048.95600000	8029.28600000	8022.47200000	8004.79800000	8032.60968000	8018.22912000
2840603015.07537699	8102.99200000	8092.20600000	8091.66600000	8070.08400000	8088.73400000	8073.64400000	8066.06600000	8052.92800000	8059.45800000	8048.56000000	8069.63400000	8058.78600000	8067.77400000	8050.24400000	8011.24000000	7992.72800000	8048.43400000	8029.87600000	8047.97200000	8030.27200000	8017.13000000	8007.25400000	8038.58400000	8025.53200000	8027.27600000	8013.30600000	8046.13800000	8038.40600000	8012.63000000	7994.88800000	8031.89600000	8016.03200000	7999.73400000	7989.17400000	7970.67600000	7956.72400000	8000.62000000	7982.98200000	8028.00400000	8017.79200000	8023.76800000	8015.34600000	8000.62600000	7985.36600000	8008.28800000	7995.20000000	8002.78000000	7993.80800000	8012.00600000	7995.39000000	8034.96504000	8021.06112000
2841105527.63819075	8047.02200000	8029.65800000	8056.17400000	8043.93600000	8081.81600000	8071.59800000	8084.46000000	8070.09400000	8062.39600000	8044.38200000	8060.42000000	8044.00800000	8053.74600000	8033.13600000	8044.83200000	8017.45200000	8002.74000000	7996.95800000	8027.69800000	8017.59000000	8035.05000000	8013.05600000	8031.45200000	8018.60000000	8058.25800000	8042.75000000	8019.41800000	8007.30000000	8006.90200000	8001.49800000	8045.03000000	8022.62800000	7990.22000000	7975.23800000	7973.57200000	7946.82000000	8023.41200000	8003.53000000	8046.00400000	8026.11400000	8006.12000000	7984.59200000	8030.48000000	8009.85000000	8029.79000000	8011.45000000	8033.63000000	8021.18600000	8026.06400000	8008.83200000	8035.06824000	8018.49024000
2841608040.20100498	8096.88400000	8080.57200000	8097.70200000	8081.94800000	8052.43200000	8027.53600000	8073.44400000	8060.88400000	8063.91400000	8038.64400000	8076.37600000	8057.47000000	8058.69800000	8045.47800000	8041.24800000	8031.92600000	8036.10200000	8020.21400000	8008.05600000	7992.68000000	8015.65800000	8003.63000000	8046.58000000	8024.78000000	8039.19000000	8032.21200000	7988.95800000	7977.36400000	8029.00200000	8016.73400000	8015.26800000	8004.10200000	7976.99800000	7965.60800000	7948.39800000	7937.91600000	7996.75400000	7982.21000000	8033.65800000	8023.81600000	8005.85000000	7983.57400000	7978.84400000	7964.53800000	8011.80600000	8003.86200000	8038.96000000	8018.52000000	8016.89600000	8001.67200000	8029.90704000	8015.11560000
2842110552.76381922	8106.62600000	8081.25200000	8095.86400000	8079.70400000	7986.07800000	7978.05800000	8061.09200000	8048.22000000	8083.50800000	8065.85400000	8097.41800000	8080.59600000	8089.53400000	8069.57400000	8083.93000000	8057.05600000	8064.18000000	8054.30000000	8010.22800000	7998.74200000	8024.32800000	8007.70600000	8012.37600000	8000.29200000	8059.34800000	8039.50600000	8055.71800000	8039.90000000	8039.44400000	8017.26000000	8026.79000000	8010.26000000	8056.07600000	8035.08000000	7976.12400000	7967.51800000	8017.23400000	8002.25000000	8008.54600000	7991.41600000	8016.59000000	8001.93600000	7995.13000000	7993.05800000	7970.15200000	7960.65400000	8001.81600000	7996.78400000	8007.97000000	7993.78600000	8037.84400000	8022.83048000
2842613065.32663298	8082.34800000	8074.56800000	8096.34400000	8081.88800000	8023.24600000	8016.01200000	8090.29000000	8078.43600000	8073.97800000	8052.45800000	8046.79800000	8028.64600000	8059.68800000	8045.49800000	8073.06200000	8059.34000000	8027.07000000	8017.53600000	7999.58000000	7987.78000000	8007.72000000	7992.11000000	8033.63400000	8016.61000000	8062.26000000	8049.04000000	8006.52000000	7989.31000000	8030.19400000	8018.13400000	8008.53600000	7992.96400000	7970.26800000	7956.39000000	7994.24000000	7977.69600000	7996.42400000	7994.23200000	7997.82200000	7980.79600000	7997.02400000	7988.37800000	8012.66800000	7997.01200000	8024.22600000	8015.17000000	8006.30600000	7997.30600000	8015.89400000	8008.64200000	8029.44560000	8016.63808000
2843115577.88944721	8068.66600000	8059.09600000	8069.66800000	8060.34800000	8090.19200000	8077.27600000	8070.81000000	8051.62600000	8046.96000000	8039.29800000	8074.70000000	8062.01600000	8050.65600000	8049.14400000	8038.17800000	8018.72200000	8031.36000000	8020.00400000	8034.17000000	8026.33800000	8008.97400000	7995.59200000	8039.31000000	8026.04000000	8040.94400000	8024.41200000	8002.41600000	7982.29000000	8010.71800000	7995.25200000	8033.05000000	8016.29400000	8024.49000000	8012.15600000	7930.96000000	7918.28200000	7995.71200000	7987.02800000	8002.24200000	7994.03800000	8011.70000000	8001.55000000	7987.10000000	7988.40200000	8009.48800000	8004.22600000	8029.17000000	8021.40000000	8013.98000000	8002.83000000	8028.62456000	8017.34640000
2843618090.45226145	8074.55000000	8071.13800000	8083.47400000	8073.06600000	8047.70400000	8037.85600000	8074.63800000	8067.36000000	8064.32400000	8051.13400000	8072.53200000	8055.90600000	8060.75400000	8049.94400000	8025.27000000	8024.18200000	8031.49000000	8008.50000000	8037.14600000	8034.18000000	8001.87600000	7992.24400000	8036.70400000	8022.89600000	8042.19200000	8030.84200000	8037.22600000	8023.58200000	8039.45000000	8023.29400000	8012.21400000	8002.32000000	8016.59400000	8007.59400000	7990.98000000	7988.09400000	8016.12400000	8010.05000000	8001.26600000	7993.71200000	8010.26400000	7993.28800000	7988.82400000	7976.70400000	8025.48400000	8028.98600000	8033.75800000	8026.52400000	8014.06000000	8011.10600000	8033.55592000	8024.18008000
2844120603.01507521	8074.63600000	8061.30200000	8084.22600000	8072.88800000	8070.46600000	8061.97600000	8077.69800000	8061.77600000	8024.52400000	8005.03600000	8061.37200000	8044.70400000	8051.39600000	8036.30200000	8045.55400000	8032.61800000	8060.33000000	8039.16800000	8028.08800000	8021.62000000	8054.24400000	8039.36800000	8034.84200000	8016.13400000	8035.66800000	8031.09600000	8036.24000000	8034.04600000	8031.72000000	8011.61200000	8049.04000000	8029.68400000	7968.16600000	7958.18600000	7986.37600000	7971.65000000	7979.05800000	7973.35600000	8006.93200000	7998.16200000	8015.72400000	8001.18800000	7973.12000000	7967.17800000	8027.53800000	8022.31800000	8009.60000000	7999.09800000	8042.56600000	8025.35200000	8033.16496000	8020.63272000
2844623115.57788944	8024.31600000	8011.08600000	8056.47400000	8043.21800000	8089.05800000	8074.47200000	8069.47400000	8053.69200000	8081.71000000	8063.66600000	8057.04400000	8041.18400000	8052.79400000	8039.64200000	8043.51200000	8036.34400000	8017.10800000	8002.90000000	8035.08400000	8021.94800000	8037.11400000	8024.98400000	8046.65800000	8024.11600000	8056.24200000	8042.29400000	7979.82800000	7969.21400000	7994.64200000	7971.68400000	8029.98600000	8018.70800000	8012.34600000	8002.41600000	7947.70600000	7943.60000000	8018.47800000	8014.70600000	8018.49000000	8007.41800000	8019.23800000	8008.82000000	8004.58400000	7996.67200000	8030.85000000	8016.15800000	8029.55800000	8024.38000000	8002.10000000	7986.58600000	8030.17576000	8017.59632000
2845125628.14070368	8115.53800000	8102.86600000	8096.64400000	8085.89000000	8080.81600000	8073.31800000	8080.45000000	8076.76400000	8068.01000000	8051.77000000	8086.45200000	8076.01200000	8047.91000000	8030.72800000	8069.52800000	8055.54000000	8064.86400000	8053.62400000	8033.69000000	8016.47800000	8047.91200000	8038.21600000	8016.21000000	8013.38000000	8039.14600000	8021.92800000	8033.06600000	8027.54000000	8009.91000000	7996.41600000	8017.87400000	8006.13800000	7966.67600000	7965.85200000	7965.57000000	7957.04400000	8012.45800000	8001.03000000	8004.96800000	7984.26000000	8000.67800000	7995.85600000	8004.16800000	7999.26800000	7995.83800000	7987.53400000	7997.50400000	7989.79000000	8031.02200000	8018.45000000	8035.47608000	8025.02768000
2845628140.70351744	8099.48200000	8097.03800000	8105.56000000	8097.67600000	8098.08000000	8086.60000000	8057.19000000	8048.17400000	8036.57800000	8037.62400000	8076.54600000	8064.32600000	8044.00000000	8036.04200000	8071.79200000	8063.10000000	8053.15400000	8046.49600000	8037.24600000	8017.06000000	8014.72200000	8010.16600000	7993.10000000	7983.56200000	8029.55000000	8016.85800000	8025.41400000	8019.29000000	8027.80200000	8014.48200000	8035.91800000	8020.67400000	8015.00400000	8003.12800000	7991.16400000	7982.76600000	8017.60600000	8006.61600000	8030.46400000	8017.98600000	8007.25400000	7998.28600000	8004.01000000	7999.36400000	8024.78000000	8011.70000000	8009.38000000	8007.85800000	8032.08200000	8034.63400000	8037.51512000	8028.86024000
2846130653.26633167	8098.08400000	8082.53000000	8095.67400000	8082.19400000	8061.16200000	8055.14200000	8075.99800000	8063.87400000	8055.31200000	8047.77200000	8095.63400000	8084.81800000	8079.70800000	8063.89400000	8063.40600000	8043.73800000	8072.24400000	8053.16400000	8033.55000000	8015.94400000	8008.97400000	7994.68800000	7990.52600000	7978.45800000	8045.64000000	8038.34400000	8036.43600000	8030.81200000	8038.75000000	8033.94000000	8008.78000000	8004.28200000	8021.19000000	8017.74200000	7950.66800000	7933.69600000	8009.11600000	8003.19800000	8011.01600000	8002.06200000	8019.99600000	8009.13400000	7995.24200000	7994.58200000	7940.14600000	7929.91000000	8034.19800000	8023.98400000	8044.38000000	8034.27200000	8035.43320000	8024.88696000
2846633165.82914591	8083.46000000	8081.04600000	8068.65200000	8053.09800000	8046.30600000	8040.43200000	8027.60400000	8017.74400000	8073.29400000	8065.92400000	8048.79800000	8036.14000000	8062.25000000	8058.49600000	8051.37400000	8048.06600000	8046.56600000	8036.45200000	8047.41600000	8039.47400000	8044.54400000	8030.30200000	8017.44800000	8007.50000000	8014.64000000	8002.45800000	8045.33400000	8028.81800000	8028.03200000	8017.94800000	8008.20600000	7997.60400000	8007.62600000	8003.84800000	7975.69000000	7961.80800000	8017.04000000	8006.10200000	7974.56000000	7967.96200000	7983.45800000	7969.00400000	7993.66200000	7983.15400000	7984.26600000	7980.11000000	8013.24400000	8009.92800000	7990.86000000	7983.71200000	8026.17320000	8017.08520000
2847135678.39195967	8105.11200000	8097.27800000	8059.60800000	8058.76400000	8072.71400000	8067.44000000	8052.68200000	8047.89000000	8074.71000000	8064.04600000	8005.70600000	8001.46200000	8046.43200000	8034.36800000	8022.27200000	8013.45200000	8052.93200000	8043.42800000	8034.55200000	8026.08600000	8017.64200000	8019.59600000	8008.31200000	8006.33800000	8025.92400000	8015.74800000	8026.86000000	8019.40000000	8019.37400000	8017.24600000	8013.73200000	8000.08000000	7996.94600000	7982.61800000	7970.09000000	7962.11000000	8012.78400000	8009.42000000	8023.40200000	8018.20000000	8016.59600000	8013.28200000	7987.40400000	7984.93000000	8003.09800000	7995.51800000	8007.89000000	7999.04800000	7983.23400000	7984.90400000	8025.60032000	8019.30608000
2847638190.95477390	8061.05600000	8054.17200000	8072.90400000	8064.90000000	8019.28000000	8011.62400000	8055.76600000	8040.86800000	8066.38000000	8058.78800000	8058.94400000	8045.71800000	8063.23000000	8063.59400000	8064.13800000	8053.63000000	8033.92200000	8019.00400000	8013.18800000	8006.30400000	8029.19200000	8017.49200000	8026.25400000	8019.42200000	8048.63800000	8039.09400000	7991.33600000	7978.15800000	8021.12600000	8012.02000000	8029.67200000	8027.05800000	8021.29400000	8012.19600000	7938.80800000	7922.18000000	8018.97600000	8008.42600000	8033.03600000	8016.10200000	8000.90200000	7985.24800000	7981.92600000	7982.30400000	8011.76800000	7999.57600000	8013.70200000	8011.36200000	8019.27200000	8010.27000000	8027.78840000	8018.38040000
2848140703.51758814	8080.30600000	8069.40600000	8076.49000000	8060.65200000	8062.34400000	8048.91800000	8062.34800000	8052.20800000	8052.02800000	8049.31400000	8071.35000000	8071.74400000	8052.61000000	8045.80400000	8054.37600000	8044.05400000	8017.99600000	8012.55800000	8034.32200000	8024.07600000	8013.08200000	8006.09000000	8003.06400000	7997.86600000	8037.13000000	8037.69800000	7990.12200000	7983.41600000	8009.00800000	8003.12800000	8015.64400000	8010.74800000	8012.06600000	8005.49800000	7933.51400000	7927.17600000	7993.76200000	7974.52800000	8009.69600000	8002.11200000	8006.17800000	7994.28200000	7996.51600000	7983.41000000	8016.43000000	8010.76000000	8019.45000000	8002.11400000	8010.59400000	8004.63600000	8025.21704000	8016.88784000
2848643216.08040190	8078.10800000	8069.07400000	8067.20000000	8061.18200000	8074.51200000	8066.54000000	8049.20600000	8039.32200000	8040.69400000	8033.40200000	8044.85000000	8034.08200000	8045.87600000	8035.98000000	8027.60600000	8016.10600000	8035.55600000	8021.78000000	8017.78000000	8008.97800000	7995.78000000	7997.09400000	8025.75400000	8012.14600000	8046.04200000	8039.58400000	8028.14400000	8020.45800000	7984.70000000	7977.93000000	8038.68000000	8028.32400000	8009.85800000	8001.89000000	7972.40600000	7973.11000000	8011.85600000	8003.18800000	8036.44400000	8023.94800000	8013.53200000	8000.49800000	8011.01200000	7994.13200000	7991.49600000	7985.13800000	7962.32200000	7941.84600000	8005.88400000	7997.66600000	8024.61192000	8015.33592000
2849145728.64321613	8103.78800000	8098.32800000	8082.23800000	8079.30400000	8055.82800000	8057.06400000	8036.79800000	8039.72200000	8059.30600000	8056.58600000	8055.71400000	8049.77000000	8052.19800000	8039.97400000	8021.35600000	8014.97000000	8025.36600000	8024.17000000	8010.12400000	8004.08800000	8013.78200000	8005.79600000	8052.88600000	8045.14600000	8027.89600000	8031.04800000	8021.18200000	8012.27600000	8022.92200000	8018.22200000	8024.82400000	8014.13200000	7982.47800000	7973.81600000	7950.65200000	7946.96600000	8019.17200000	8016.06600000	7994.64800000	7991.20600000	7979.57400000	7973.53200000	7993.61400000	7992.05000000	8007.90200000	8004.73000000	7991.00600000	7986.14000000	8000.02000000	7994.00400000	8023.41096000	8018.76424000
2849648241.20603037	8084.16400000	8084.75400000	8082.44200000	8079.35600000	8051.81000000	8055.40600000	8040.53000000	8037.09600000	8018.61600000	8016.85400000	8060.76600000	8047.82200000	8050.18400000	8044.04000000	8048.24800000	8039.65000000	8068.82200000	8060.55200000	8032.97400000	8029.04400000	8032.10400000	8030.39000000	8021.79200000	8022.19400000	8028.89800000	8022.75800000	8029.10600000	8024.77000000	8016.16000000	8005.46200000	8018.35200000	8015.05400000	7979.60600000	7980.15000000	7983.43600000	7981.12400000	7977.23400000	7976.58400000	7997.56000000	7998.94800000	8014.74400000	8003.42600000	7994.32600000	7981.72800000	8026.33800000	8018.79200000	8024.44200000	8016.07200000	8012.66200000	8005.36000000	8027.81264000	8023.09544000
2850150753.76884413	8083.64800000	8074.29200000	8047.44200000	8037.86800000	8077.89600000	8069.53400000	8061.29600000	8058.41600000	8052.02600000	8045.47000000	8062.16000000	8052.88600000	8032.35400000	8023.48400000	8042.38400000	8033.10800000	8037.87400000	8031.47800000	8032.73000000	8027.87800000	7995.05600000	7984.11600000	8040.46600000	8037.86600000	8033.47600000	8028.27800000	8029.46800000	8028.19000000	8011.51800000	8012.05400000	8044.04800000	8034.98600000	8028.71800000	8011.12800000	7928.24600000	7926.16600000	7988.71400000	7995.73200000	8024.82000000	8016.89000000	7996.64000000	8000.45000000	8004.10200000	7999.06400000	8004.36600000	7996.92000000	8001.26800000	7994.71800000	7977.69400000	7978.11800000	8025.53640000	8019.96360000
2850653266.33165836	8067.57000000	8068.52800000	8026.49600000	8024.93800000	8032.29400000	8025.83800000	8078.63600000	8077.41000000	8026.88200000	8024.62000000	8062.88200000	8069.21600000	8071.25400000	8070.41400000	8035.38600000	8020.97200000	8043.37600000	8047.04400000	8001.44800000	7997.51400000	8019.21400000	8017.72200000	7975.98000000	7970.00800000	7979.02600000	7980.35600000	8030.05600000	8024.38000000	8025.61600000	8025.82800000	8019.52000000	8024.91200000	8040.94400000	8040.46800000	7965.27000000	7960.39800000	7977.87400000	7978.30000000	8010.66200000	8011.36600000	7994.39200000	7987.18600000	7997.59400000	7995.06800000	8004.94000000	8003.27800000	8004.79200000	7995.17800000	7998.70800000	7990.61800000	8019.63248000	8017.26240000
2851155778.89447260	8062.32000000	8064.17800000	8089.03200000	8080.48400000	8051.08200000	8045.19200000	8066.50800000	8069.70000000	8049.23600000	8049.41000000	8022.56200000	8024.65600000	8032.25200000	8029.46400000	8034.65200000	8037.79000000	8029.53800000	8023.52200000	7997.42400000	7992.49600000	7987.53400000	7992.13600000	8029.86600000	8025.74200000	8025.16000000	8016.47400000	8017.25400000	8020.07200000	8010.76400000	8009.60800000	7984.56600000	7988.87000000	7975.32400000	7977.10800000	8002.69200000	7998.36800000	7949.61400000	7941.36400000	7993.31200000	7996.62600000	7995.95000000	7994.30600000	8009.37200000	8009.88000000	7990.10800000	7992.36200000	8023.68000000	8018.32000000	7997.23600000	7993.01800000	8017.08152000	8015.64584000
2851658291.45728636	8052.79400000	8057.56400000	8087.53600000	8080.02000000	8063.11000000	8060.69400000	8065.40600000	8065.09600000	8007.44200000	8005.82600000	8059.36800000	8058.15600000	8021.71000000	8018.53800000	8032.32200000	8030.55200000	8050.95400000	8051.92200000	8020.03200000	8028.81400000	8042.92200000	8036.41200000	8003.89200000	8002.32600000	8032.86800000	8032.04800000	8024.66000000	8023.48400000	8008.26400000	8010.55600000	8022.87200000	8011.31800000	7968.27800000	7970.18800000	7980.07200000	7983.57400000	7996.84800000	7988.58200000	7987.05000000	7983.37400000	8003.11400000	7997.17200000	7993.69400000	7988.55400000	8020.31000000	8019.37800000	8010.34600000	8010.15200000	8009.36400000	8009.48600000	8022.60912000	8020.95144000
2852160804.02010059	8035.72600000	8033.49000000	8061.30200000	8056.62200000	8076.69200000	8075.58600000	8048.47000000	8051.25600000	8065.76000000	8070.64000000	8052.75000000	8059.44800000	8039.91000000	8046.14000000	8032.21600000	8029.29600000	8020.66200000	8025.57400000	8010.71400000	8016.68800000	8018.46000000	8017.90200000	8024.38000000	8019.51400000	8019.00000000	8017.64400000	7970.37000000	7968.92600000	8004.96200000	8000.23600000	8025.52000000	8031.80200000	7978.63800000	7980.92600000	7938.09800000	7939.00600000	7991.46200000	7990.19000000	8024.53400000	8018.43800000	7965.29200000	7960.81000000	8004.01200000	7999.70200000	7995.13000000	7994.29000000	8017.76000000	8008.55000000	7998.18000000	7998.60400000	8016.80000000	8016.45120000
2852663316.58291435	8083.04400000	8089.32000000	8078.72600000	8082.41000000	8030.77400000	8035.91400000	8031.39800000	8040.31600000	8057.51600000	8060.47400000	8033.83400000	8035.75200000	8030.28600000	8033.84800000	7996.11200000	7991.83200000	8024.30000000	8028.06600000	8029.75800000	8032.49800000	8035.49800000	8030.34600000	8029.48200000	8033.93600000	8006.79000000	8009.91400000	8005.49600000	8015.22800000	7995.07600000	8000.99800000	8023.09200000	8028.74600000	7972.70600000	7977.21000000	7936.86000000	7932.33600000	8000.47000000	7996.61400000	7984.40600000	7984.28400000	8004.28200000	8006.29400000	7980.28400000	7985.08800000	7973.19600000	7982.85800000	7973.55000000	7984.05400000	7982.63400000	7988.45000000	8011.98280000	8015.47144000
2853165829.14572859	8075.24200000	8082.41200000	8036.65400000	8039.54200000	8061.54000000	8064.19000000	8029.52000000	8037.95600000	8061.60400000	8064.63600000	8031.34600000	8041.19200000	8028.95200000	8030.88800000	8025.97800000	8030.30000000	8044.70400000	8048.50000000	8027.89200000	8028.68800000	8021.11000000	8029.30400000	7990.89600000	8003.72000000	8029.85800000	8034.93000000	8026.55400000	8034.13600000	8008.05000000	8015.97000000	7973.80800000	7984.15200000	8018.41800000	8022.26600000	7953.29000000	7957.87000000	7986.41400000	7986.78800000	7999.25000000	8001.27200000	8010.43200000	8016.42600000	7989.41600000	7994.97600000	7957.41200000	7967.68200000	7998.50800000	8002.15200000	7956.51000000	7955.40600000	8013.73432000	8019.01416000
2853668341.70854282	8060.12000000	8073.86400000	8059.29400000	8064.62200000	8032.62000000	8042.47600000	8040.13200000	8047.29600000	8054.69600000	8062.83400000	8030.83800000	8047.43400000	8019.09200000	8022.29400000	8035.97600000	8041.41800000	8016.75800000	8021.11400000	8009.54600000	8009.86600000	7994.68200000	8009.59600000	8019.35200000	8020.51000000	8041.11400000	8051.20400000	7960.26400000	7966.88400000	7982.57200000	7989.89400000	8000.89200000	8008.09000000	8010.63200000	8019.61800000	7932.01600000	7934.93800000	7993.87000000	7994.19000000	7995.58200000	8002.18800000	7992.48600000	7990.49800000	7989.18200000	7988.98600000	7973.31000000	7976.26200000	8009.34600000	8011.55200000	8007.54400000	8013.59800000	8010.47664000	8016.44904000
2854170854.27135658	8062.10000000	8071.75800000	8071.85200000	8076.58800000	8006.27200000	8016.09200000	8052.85200000	8064.57000000	8039.70000000	8044.07600000	8042.43400000	8056.42000000	8054.83600000	8068.20600000	8039.82200000	8058.37400000	8024.88800000	8021.01600000	8001.29000000	8007.68200000	8006.10200000	8009.42400000	7999.44600000	8005.45600000	8014.08000000	8019.51400000	8014.06800000	8022.93000000	8031.35800000	8037.82000000	8010.07400000	8025.41200000	8031.92800000	8042.50600000	7960.11800000	7967.91200000	7991.60400000	8003.73400000	8002.54400000	8014.29200000	7992.20000000	8008.21400000	7989.04800000	7999.49200000	7980.41400000	7981.81400000	7961.57800000	7973.71600000	8004.14800000	8022.65200000	8015.39024000	8024.78680000
2854673366.83417082	8047.42200000	8055.67000000	8076.02600000	8086.17000000	8052.17400000	8071.29800000	8039.59800000	8051.70600000	8036.08200000	8044.79800000	8023.55400000	8035.84400000	8044.14800000	8055.69600000	8005.80600000	8007.29800000	8016.64800000	8031.81400000	8001.46200000	8010.52400000	8002.80400000	8019.12800000	8001.23200000	8008.20800000	8006.00600000	8016.59400000	8031.89400000	8045.67000000	8009.01600000	8019.15800000	8025.66600000	8032.61400000	8000.78400000	8005.44400000	7944.56200000	7952.05600000	8002.13600000	8005.50000000	8034.27000000	8042.69200000	7985.77000000	8001.63400000	7998.41800000	8006.81800000	7995.61200000	8005.87400000	7991.68000000	8006.08000000	7993.59400000	8007.92400000	8014.65456000	8025.04848000
2855175879.39698505	8078.71000000	8094.92600000	8062.60000000	8079.75200000	7997.98800000	8014.79200000	8035.02800000	8049.68800000	8059.27600000	8072.15400000	8057.45600000	8068.35800000	8051.20800000	8060.19200000	8034.87800000	8053.60600000	8035.78200000	8050.88400000	7992.05000000	8006.44200000	7995.33800000	8004.60200000	7986.66200000	8000.67200000	8020.96600000	8037.55800000	8026.63600000	8042.40400000	8007.81200000	8023.05200000	8003.88800000	8016.03600000	8015.21400000	8023.17800000	7948.56800000	7969.92200000	7986.30600000	8001.20600000	7984.14400000	8005.45400000	7989.89000000	8015.06200000	7976.10000000	7992.02600000	7993.82800000	8000.80400000	7960.84600000	7993.89000000	7992.95400000	8007.64400000	8011.76512000	8027.37216000
2855678391.95979881	8071.45000000	8093.02200000	8051.60800000	8064.61800000	8002.10200000	8013.51600000	8028.06200000	8050.59800000	8053.72600000	8072.60000000	8063.00600000	8081.69800000	8056.88800000	8070.13400000	8059.03600000	8076.67000000	8031.04600000	8045.11400000	7997.53600000	8009.93200000	7990.15400000	8015.15800000	7972.18600000	8000.15000000	8020.09800000	8044.22600000	8031.60200000	8049.69600000	8007.53200000	8030.10400000	7997.09800000	8007.50600000	8014.36200000	8035.19400000	7961.83600000	7975.73400000	7993.66200000	8004.08200000	7995.77600000	8015.80200000	7996.86800000	8015.19600000	7984.37000000	8006.41000000	7975.62600000	7995.90400000	7992.52000000	7996.78400000	7991.23200000	8000.13000000	8013.57528000	8030.79912000
2856180904.52261305	8049.34400000	8064.57400000	8056.62400000	8080.38800000	8045.20400000	8069.51600000	8006.26000000	8028.26400000	7987.34800000	8013.66200000	8026.25600000	8055.84400000	8019.41000000	8049.95000000	8026.30000000	8053.92600000	8008.58800000	8024.33200000	8002.87400000	8019.40200000	7997.53400000	8024.56800000	7985.50400000	8010.06600000	7989.73400000	8008.52200000	8005.59000000	8026.46600000	7985.59800000	7996.19600000	7919.01200000	7939.97200000	8006.09800000	8025.25000000	7871.70800000	7893.69200000	7995.71200000	8015.96400000	7930.60200000	7961.15200000	7969.31600000	7990.74600000	7975.23000000	7999.62600000	7964.97000000	7992.46800000	7979.79400000	8002.26600000	7953.91400000	7970.08800000	7990.34096000	8012.67600000
2856683417.08542728	8052.75600000	8077.82600000	8055.01000000	8073.33800000	8000.42000000	8017.09400000	8066.64000000	8082.76800000	8028.99600000	8053.81200000	8021.81400000	8041.42000000	8026.56800000	8043.08800000	8022.97800000	8043.76200000	7989.28800000	8012.05600000	7989.98000000	8012.19800000	7985.82800000	8006.92600000	7998.62400000	8021.92200000	8016.93600000	8046.20200000	7991.52800000	8016.94000000	7974.60400000	7996.60800000	7953.42800000	7979.43000000	7954.52200000	7977.34000000	7976.88000000	8002.06200000	7960.39600000	7976.65400000	7942.96600000	7970.85400000	7968.35000000	7990.57600000	7984.16400000	8019.73400000	7987.31600000	8006.67400000	7993.15200000	8021.99000000	7992.77400000	8011.63600000	7997.43672000	8020.11640000
2857185929.64824104	8082.91400000	8107.30000000	8062.78800000	8083.18400000	8035.99800000	8064.54400000	8037.54400000	8060.49400000	8027.37000000	8055.56400000	8039.28400000	8066.21200000	8004.98200000	8030.35600000	7979.33000000	8013.70600000	8000.41400000	8031.39000000	7998.54400000	8014.80400000	8002.22600000	8015.57800000	7984.40000000	8013.90400000	7997.50200000	8030.60000000	8005.99800000	8030.12000000	7986.42600000	8011.73400000	7980.24200000	8003.47200000	7937.73400000	7964.77800000	7942.94800000	7967.66600000	7933.03000000	7971.51400000	7949.47600000	7977.06600000	7956.19600000	7987.14400000	7982.62000000	8006.45400000	7977.33000000	8008.96800000	7982.12400000	8002.33800000	7992.31800000	8018.27200000	7995.18952000	8021.48648000
2857688442.21105528	8027.54200000	8062.63400000	8064.65000000	8086.57200000	8034.76600000	8068.04600000	8023.43400000	8056.47400000	7996.91400000	8026.86000000	8007.63000000	8034.82800000	7989.24600000	8021.75400000	8012.41400000	8041.15200000	8001.18800000	8026.69000000	8001.13200000	8038.69400000	7989.96400000	8023.15600000	7992.01200000	8026.01400000	7980.47000000	8013.48800000	7990.91000000	8020.13800000	7989.30000000	8020.48000000	7994.44400000	8020.91000000	7928.97600000	7960.37200000	7939.43000000	7968.34400000	7942.99000000	7968.99400000	7956.91600000	7989.26800000	7963.93600000	8002.93600000	7964.22000000	7994.08800000	7959.25400000	7993.72200000	7937.19800000	7983.65800000	7983.46400000	8018.41800000	7986.89600000	8018.70760000
2858190954.77386951	8061.75400000	8095.52000000	8062.41600000	8090.31000000	8012.39200000	8043.65600000	8044.12000000	8076.91600000	7998.51000000	8025.34400000	8028.43000000	8057.59000000	8008.76800000	8043.99000000	8027.61200000	8056.76600000	8025.87800000	8054.86600000	7997.66800000	8028.62600000	7979.39600000	8007.53000000	7977.32600000	8015.96400000	7983.28800000	8024.19000000	7980.14600000	8016.01200000	7978.83800000	8013.64400000	7989.52800000	8026.09600000	7981.72600000	8015.62000000	7941.42600000	7973.96000000	7984.09200000	8020.41400000	7978.41000000	8014.77800000	7979.50800000	8015.37400000	7930.28800000	7968.57600000	7976.10600000	8002.78400000	7967.28000000	7992.05600000	7994.68600000	8029.50400000	7995.58368000	8028.40344000
2858693467.33668327	8055.16200000	8094.95200000	7992.76600000	8021.62000000	8020.34200000	8059.68600000	7990.46200000	8027.73600000	8025.52800000	8056.69200000	8023.00200000	8057.11800000	7981.85200000	8017.89200000	7949.62400000	7985.71400000	7990.92800000	8030.24200000	7977.92400000	8014.68400000	7977.79800000	8016.32600000	8001.53400000	8033.59600000	7982.59400000	8023.20200000	7982.12200000	8017.89200000	7974.12600000	8010.32400000	7949.67200000	7989.39600000	7925.22600000	7967.60600000	7908.29400000	7950.54600000	7964.78800000	7996.23800000	7976.89200000	8016.89400000	7961.88000000	8007.12800000	7948.54600000	7991.93000000	7961.09400000	7998.52800000	7956.27000000	7992.72400000	7951.01600000	7989.99000000	7977.17768000	8014.74624000
2859195979.89949751	8052.03800000	8092.26200000	8044.95800000	8086.53600000	8006.17600000	8045.47800000	8006.13200000	8047.30800000	8018.70200000	8062.32400000	8008.58400000	8046.82600000	8002.06600000	8038.78200000	7984.44200000	8028.31400000	7960.29600000	7995.52600000	7978.98200000	8019.14000000	7996.37000000	8037.88800000	8005.08400000	8048.33000000	7981.43800000	8018.70600000	7990.55000000	8034.03400000	7948.41200000	7995.98400000	7978.60800000	8022.34800000	7919.57600000	7978.78000000	7896.98000000	7943.61800000	7922.53400000	7962.05400000	7972.23400000	8014.33200000	7948.39000000	7993.79200000	7930.40800000	7977.20600000	7956.54200000	7999.63000000	7953.39200000	7994.07400000	7952.52200000	7980.98000000	7976.61664000	8018.57008000
2859698492.46231174	8023.99800000	8061.17400000	7966.91400000	8014.11000000	7996.18400000	8052.23000000	8009.84200000	8052.98200000	7983.05400000	8038.43200000	8033.73400000	8082.46600000	8033.33800000	8078.74400000	8009.83000000	8061.15200000	8003.91600000	8047.33200000	7969.58800000	8018.46200000	7936.92400000	7984.70600000	7958.14600000	8007.12800000	7986.94200000	8028.95600000	7996.97800000	8048.33400000	7955.28400000	8000.97800000	7974.72200000	8028.60600000	7942.08000000	7983.00000000	7895.92800000	7943.84000000	7978.47800000	8025.66400000	7965.74800000	8016.57400000	7967.37400000	8014.52200000	7931.69200000	7979.33800000	7958.96600000	8006.80200000	7973.34200000	8018.81200000	7965.30400000	8016.39000000	7976.73224000	8024.42936000
2860201005.02512550	8028.25600000	8076.64400000	8005.51400000	8059.61200000	8021.72000000	8066.35600000	7988.50800000	8040.14600000	7991.61000000	8036.34800000	7985.27600000	8033.35000000	7978.73200000	8035.49000000	7993.12800000	8043.63400000	7977.54000000	8031.49400000	7950.64200000	8006.77800000	7955.02800000	8006.74000000	7984.47400000	8037.97600000	7959.63000000	8010.65600000	7987.89400000	8041.54600000	7957.81000000	8008.92400000	7974.95000000	8030.81000000	7959.03000000	8016.20200000	7889.98400000	7936.27000000	7947.87600000	7999.07400000	7982.19400000	8033.48200000	7959.19600000	8018.41000000	7932.18200000	7982.77600000	7927.70400000	7974.20000000	7947.29400000	7998.96200000	7955.94800000	8007.61800000	7969.68480000	8021.33992000
2860703517.58793974	8017.44400000	8069.91800000	8014.24400000	8066.72000000	8032.08400000	8087.31800000	7972.16800000	8033.40200000	8012.17400000	8064.94200000	7999.98400000	8057.80400000	8000.91000000	8052.58000000	7977.45600000	8038.39200000	7978.01800000	8036.63000000	7909.37200000	7963.94600000	7989.59400000	8041.08200000	7964.45400000	8021.86400000	7948.46200000	8010.51200000	7975.58400000	8024.24000000	7977.64600000	8035.90600000	7941.63800000	7987.36000000	7960.34800000	8015.99400000	7910.39200000	7961.33200000	7947.70600000	8005.71000000	7928.10400000	7987.09800000	7936.80800000	7986.03600000	7912.92200000	7966.05600000	7948.03600000	8007.21200000	7947.90200000	7995.54400000	7910.01600000	7966.93600000	7964.53864000	8019.38136000
2861206030.15075397	7998.79600000	8058.75800000	8001.50200000	8059.46800000	8018.77000000	8080.87600000	7985.34600000	8047.30400000	8006.93000000	8062.89400000	8000.14000000	8062.06400000	8008.74400000	8066.47000000	7955.54000000	8024.39600000	7943.86600000	8011.45800000	7964.46800000	8025.91400000	7975.31200000	8038.90800000	7962.79200000	8018.66200000	7940.06200000	8003.96800000	7938.76400000	7997.84600000	7941.61200000	8000.70200000	7935.50200000	7993.81800000	7971.01000000	8032.45400000	7892.32200000	7952.63200000	7952.73000000	8014.91200000	7927.13000000	7988.45000000	7951.99000000	8010.72400000	7919.07600000	7981.47000000	7915.63800000	7980.95000000	7957.37000000	8016.80000000	7933.55200000	7990.15600000	7959.95856000	8020.88216000
2861708542.71356773	7989.12600000	8046.33200000	8005.26600000	8065.34000000	7980.46600000	8035.39400000	7974.32400000	8043.17800000	8010.78200000	8077.61600000	7982.61400000	8047.49600000	8001.55000000	8061.16600000	7991.42800000	8054.14600000	7977.40400000	8045.97400000	7956.92600000	8021.43600000	7958.26200000	8022.65200000	7954.00400000	8023.01600000	7962.11400000	8021.62800000	7973.40200000	8036.21400000	7953.87200000	8022.44400000	7945.07000000	8009.04400000	7940.71400000	8003.33400000	7896.40200000	7960.34600000	7930.09400000	7989.32200000	7935.40400000	7993.07800000	7923.96600000	7992.44800000	7914.34200000	7979.01000000	7935.95800000	7994.21000000	7957.37600000	8021.09200000	7899.85800000	7959.40400000	7958.02896000	8021.01280000
2862211055.27638197	8011.17000000	8081.62200000	7996.91200000	8069.68200000	7977.60400000	8051.43600000	7953.35800000	8024.75200000	8002.46200000	8072.31400000	8011.41200000	8078.00600000	8008.05800000	8069.11000000	7980.99400000	8047.01600000	7962.33600000	8035.16400000	7944.70200000	8014.11200000	7956.90600000	8022.88400000	7950.25000000	8012.95400000	7952.96400000	8018.90200000	7948.62200000	8024.79200000	7951.02200000	8015.39600000	7919.69200000	7983.45000000	7953.49600000	8018.01200000	7905.77600000	7970.22800000	7949.49600000	8016.25200000	7927.31800000	7986.23400000	7927.21800000	7987.90600000	7930.31600000	7995.89400000	7925.00800000	7996.25000000	7943.25200000	8015.07400000	7912.56600000	7975.64400000	7956.11640000	8023.32344000
2862713567.83919621	8025.21400000	8092.89600000	7991.80600000	8061.83000000	7983.67000000	8057.92800000	7993.23000000	8064.89400000	7972.93400000	8041.83600000	7974.22200000	8052.24200000	7937.34400000	8006.37600000	7929.58600000	7998.33400000	7940.67600000	8008.47800000	7929.74000000	8008.40800000	7929.73600000	8002.39000000	7927.20600000	7997.05000000	7968.72800000	8039.48600000	7869.20000000	7938.81800000	7938.31000000	8001.54800000	7927.33600000	8001.07200000	7936.36400000	8011.59400000	7870.05600000	7930.50000000	7926.59000000	7995.30000000	7937.33800000	7999.43200000	7920.85800000	7983.58200000	7913.20600000	7986.18400000	7939.87600000	8008.01600000	7959.58600000	8019.97800000	7948.29000000	8023.29000000	7943.64408000	8013.25848000
2863216080.40200996	8013.19000000	8091.38600000	7990.74200000	8071.59600000	7959.25200000	8035.76800000	7956.75200000	8036.40200000	7971.97800000	8051.19200000	7972.69400000	8045.62400000	7958.42400000	8030.96400000	7964.59400000	8038.75600000	7947.88600000	8016.12000000	7958.17000000	8033.73800000	7911.93200000	7990.58600000	7936.82000000	8004.08600000	7960.66000000	8040.57600000	7909.56200000	7988.60400000	7947.20400000	8020.37400000	7923.31800000	8003.24200000	7925.30800000	7997.07400000	7885.87600000	7959.24200000	7935.98400000	8013.08200000	7918.17600000	7993.11200000	7902.57400000	7976.73600000	7889.68200000	7964.05200000	7938.37000000	8016.00400000	7921.19800000	8002.81800000	7930.29000000	7999.61000000	7941.22544000	8016.82976000
2863718592.96482420	8006.09200000	8082.81000000	7987.03200000	8072.33000000	7945.69800000	8016.54600000	7958.25600000	8036.48400000	7975.52600000	8053.25800000	7987.23000000	8065.72200000	8006.37000000	8081.59800000	7976.83400000	8052.58600000	7979.65400000	8059.48400000	7919.23000000	8005.13400000	7965.39200000	8041.13200000	7917.84200000	7999.75000000	7946.91000000	8019.83400000	7973.94400000	8049.94800000	7914.52000000	7995.07600000	7936.74600000	8011.90200000	7912.01000000	7992.94200000	7869.98800000	7949.42000000	7919.32600000	7989.61600000	7955.22600000	8021.63000000	7946.25600000	8022.28800000	7910.64600000	7994.07200000	7924.34400000	8002.37200000	7917.05000000	7997.71000000	7904.65400000	7978.14000000	7946.27104000	8023.67136000
2864221105.52763844	8004.89000000	8083.04200000	8008.29400000	8089.02000000	7978.84000000	8059.66000000	7943.98400000	8024.17000000	7987.62600000	8061.60800000	7995.79600000	8074.07600000	7988.20400000	8067.04000000	7960.12400000	8032.33600000	7961.02000000	8039.37400000	7927.06600000	8010.39200000	7943.47200000	8023.43800000	7947.18400000	8018.71600000	7919.82400000	7998.70600000	7927.62000000	8013.20800000	7941.10800000	8025.87400000	7914.20600000	7989.00000000	7954.49200000	8035.59400000	7837.39600000	7914.76600000	7928.05200000	8012.16600000	7879.61200000	7956.69200000	7919.05200000	7990.03800000	7923.17200000	8007.10400000	7939.65800000	8017.67800000	7905.82000000	7983.75400000	7909.66600000	7981.37200000	7941.84712000	8020.35296000
2864723618.09045219	7989.97800000	8070.45800000	8001.52200000	8079.08600000	7988.85600000	8064.28000000	7953.20400000	8030.26000000	7991.16800000	8068.92600000	7977.87200000	8064.88400000	7989.41400000	8082.47200000	7965.93600000	8056.82400000	7958.35600000	8039.13600000	7902.92200000	7989.05600000	7950.47000000	8030.32600000	7944.15200000	8029.57600000	7934.36600000	8019.32400000	7937.26800000	8021.55400000	7934.68200000	8024.38800000	7899.50000000	7980.52000000	7917.06000000	8003.50000000	7882.69400000	7973.00800000	7881.93200000	7956.05200000	7924.99000000	8005.64200000	7908.24200000	7984.84200000	7918.20600000	7994.32800000	7920.93600000	8003.51600000	7924.82000000	8000.04600000	7874.19000000	7946.49200000	7938.90944000	8020.73984000
2865226130.65326643	7970.95800000	8049.73600000	7992.02600000	8076.69000000	7921.81800000	8003.43200000	7973.95800000	8058.31200000	7959.56200000	8048.09200000	7957.35200000	8042.95600000	7961.15200000	8049.26400000	7950.58800000	8031.70000000	7913.93200000	8006.37000000	7920.10600000	8012.20600000	7901.63600000	7990.38200000	7922.04200000	8012.61600000	7946.52200000	8034.56800000	7943.82200000	8031.27400000	7945.90200000	8037.08400000	7894.18800000	7981.87200000	7895.53000000	7974.49400000	7913.82000000	7997.11200000	7927.14400000	8016.03000000	7901.80400000	7986.06800000	7920.58000000	8008.21600000	7894.14200000	7984.22200000	7921.62200000	7998.73200000	7931.33400000	8009.00600000	7948.10400000	8020.44600000	7933.18576000	8018.43520000
2865728643.21608019	7971.78400000	8061.49000000	7992.94000000	8076.22200000	7988.88800000	8071.67400000	7985.65000000	8061.31000000	7936.34400000	8027.05800000	7962.03800000	8048.36800000	7961.33600000	8041.87000000	7947.07600000	8032.76600000	7920.60600000	8004.57600000	7903.18800000	7993.70000000	7932.68000000	8013.59200000	7912.98000000	7999.30600000	7948.03400000	8034.82800000	7929.53400000	8015.32200000	7903.21000000	7992.25000000	7947.79400000	8041.85000000	7917.24400000	8001.76000000	7860.02000000	7948.56000000	7923.85200000	8012.23200000	7943.84000000	8028.53200000	7915.58800000	8000.34600000	7927.73000000	8010.55800000	7936.18800000	8022.31400000	7940.91600000	8022.79800000	7901.62800000	7988.56200000	7936.44352000	8022.07376000
2866231155.77889442	7982.42000000	8067.35800000	7993.60000000	8069.35800000	7982.81600000	8068.87600000	7969.96000000	8056.10600000	7949.53200000	8031.47800000	7932.99200000	8027.32200000	7906.96000000	7989.89800000	7938.50600000	8025.28400000	7952.29200000	8038.98000000	7934.31200000	8025.51800000	7961.16400000	8051.00600000	7922.10600000	8009.92200000	7926.11200000	8018.44600000	7938.27600000	8030.40200000	7924.07200000	8012.28000000	7919.45600000	8007.90600000	7845.52200000	7932.02600000	7874.86000000	7958.84400000	7915.35800000	8008.69000000	7895.95400000	7977.09800000	7911.75400000	7990.02400000	7908.77600000	7996.77000000	7933.93400000	8010.49400000	7914.82400000	7984.72200000	7931.90200000	8006.85600000	7930.69840000	8015.82656000
2866733668.34170866	7992.79400000	8070.62000000	7983.93800000	8077.41200000	7974.97400000	8059.63400000	7935.96600000	8025.07600000	7984.60000000	8076.09800000	7969.57000000	8060.57000000	7955.47200000	8047.84000000	7970.64800000	8052.55400000	7954.66800000	8044.98600000	7937.89200000	8022.22200000	7904.19400000	7999.32000000	7952.09400000	8028.97000000	7942.70200000	8035.87200000	7927.90400000	8026.00200000	7929.81800000	8015.15600000	7929.23600000	8012.00400000	7923.30200000	8012.54000000	7893.88200000	7979.26600000	7903.62000000	7987.69400000	7889.75800000	7977.33000000	7918.74000000	8003.67600000	7903.04200000	7999.36000000	7902.67000000	7984.18800000	7934.40400000	8016.35200000	7889.67800000	7968.40000000	7936.22264000	8023.32568000
2867236180.90452242	8001.31600000	8077.92600000	8009.22200000	8088.37600000	7967.36000000	8048.43800000	7968.90200000	8050.60200000	7987.72400000	8065.07800000	7977.91800000	8049.76200000	7966.00600000	8041.43000000	7951.89400000	8031.86800000	7943.18600000	8020.46800000	7912.02800000	7991.99400000	7943.19600000	8021.24200000	7936.00600000	8011.56000000	7935.24800000	8017.26800000	7953.63600000	8032.08400000	7909.39200000	7990.95400000	7932.93800000	8012.94400000	7892.03400000	7971.74400000	7861.45600000	7941.10000000	7932.80400000	8010.33800000	7899.50800000	7974.86000000	7902.30400000	7981.46800000	7896.99800000	7973.37800000	7923.12400000	8001.16600000	7883.02200000	7967.15800000	7916.23800000	7983.31000000	7936.13840000	8014.26064000
2867738693.46733665	7991.85000000	8062.51400000	7997.57400000	8076.25000000	7967.96200000	8041.57000000	7987.41200000	8057.20200000	7974.81400000	8057.46800000	7985.59000000	8060.91800000	7963.90800000	8046.25000000	7978.35200000	8057.24400000	7958.47800000	8038.30200000	7931.58200000	8008.90400000	7940.49400000	8020.09600000	7926.02400000	8002.84800000	7938.91200000	8018.81600000	7954.58800000	8031.94000000	7948.19600000	8026.69800000	7943.16400000	8022.22800000	7974.00400000	8050.36600000	7894.96600000	7971.25000000	7934.20000000	8008.06600000	7919.63000000	7995.72000000	7845.26800000	7922.92000000	7898.04600000	7965.33200000	7916.79800000	7988.76800000	7901.89400000	7975.85200000	7935.83600000	7998.24200000	7944.38168000	8020.23056000
2868241206.03015089	7992.08000000	8059.29200000	8006.02800000	8083.85000000	8014.48600000	8083.64600000	8000.14000000	8071.14200000	7996.99600000	8062.58000000	7987.16200000	8055.45200000	7966.60600000	8043.76400000	7947.82800000	8022.08200000	7940.79400000	8010.30400000	7951.64600000	8026.23200000	7921.04400000	7987.72800000	7942.45000000	8010.03400000	7945.72000000	8007.97400000	7912.61600000	7985.39000000	7924.53400000	8008.35000000	7934.77200000	8009.97200000	7918.44400000	7986.54400000	7860.57000000	7935.86200000	7924.10200000	7985.57400000	7940.05200000	8002.12800000	7929.48800000	7996.47800000	7915.53600000	7972.18400000	7927.45800000	7988.45200000	7924.68200000	7990.89000000	7921.87400000	7985.30000000	7945.88432000	8014.84816000
2868743718.59296465	8024.79800000	8089.85800000	8004.44000000	8056.75000000	7969.71000000	8035.42400000	7992.25200000	8045.78000000	7996.46200000	8056.21200000	8017.28400000	8078.45400000	8025.22800000	8089.52800000	7997.09000000	8056.63200000	7968.64000000	8027.29000000	7956.22400000	8015.89200000	7953.66200000	8021.24200000	7947.54800000	8011.69000000	7932.29600000	7992.51600000	7979.35000000	8036.75000000	7947.50000000	8012.61000000	7962.52800000	8025.53200000	7930.72800000	8002.98800000	7907.02000000	7960.24000000	7970.68200000	8027.34400000	7964.32000000	8017.14200000	7966.44200000	8022.34800000	7933.82600000	7987.08200000	7954.91800000	8015.56200000	7955.42400000	8017.75400000	7959.40200000	8012.09200000	7968.71096000	8028.58848000
2869246231.15577888	8020.78400000	8064.81400000	8028.70800000	8070.57000000	7973.08200000	8030.54200000	8008.94200000	8057.75400000	7991.27600000	8040.82000000	8021.64800000	8072.79000000	8030.69800000	8081.71000000	8009.32000000	8063.27600000	7983.04600000	8040.02400000	7952.39600000	8009.95200000	7939.49000000	7991.25800000	7936.97200000	7996.72200000	7982.47600000	8037.20400000	7960.67000000	8009.41600000	7952.73200000	8003.95800000	7970.82400000	8024.39800000	7942.60000000	7991.68200000	7879.48400000	7936.95400000	7954.11600000	8004.47000000	7943.76800000	7994.14200000	7976.09600000	8018.26800000	7928.10600000	7981.04400000	7946.34400000	7995.28400000	7975.28000000	8023.84400000	7936.54800000	7987.35200000	7969.81624000	8021.12992000
2869748743.71859312	8048.57600000	8092.67600000	8037.16400000	8077.86200000	8020.57600000	8068.95800000	7999.39000000	8047.76600000	8001.90800000	8053.19600000	7991.99400000	8027.12200000	7986.28400000	8030.30800000	7986.15000000	8034.36400000	7977.34800000	8016.81200000	7950.77400000	8004.50000000	7975.84200000	8026.76000000	7978.26400000	8022.22600000	7973.80200000	8013.09000000	7997.14400000	8044.75600000	7968.45200000	8017.85600000	7959.80400000	8011.39600000	7941.02800000	7981.53200000	7904.42200000	7943.07400000	7965.05200000	8015.30400000	7974.05400000	8017.66200000	7954.32400000	8002.45600000	7920.67800000	7970.33800000	7952.06600000	8001.90000000	7960.82600000	8002.07400000	7954.09000000	7998.34200000	7975.20048000	8020.89320000
2870251256.28140688	8017.63200000	8067.36400000	8041.21800000	8088.00400000	7954.11400000	8003.71800000	8027.46600000	8074.55600000	8003.06000000	8047.88400000	7993.59200000	8044.32000000	7991.55200000	8031.92600000	7959.62200000	8008.52400000	7949.84400000	7992.08600000	7984.51800000	8024.71200000	7947.28200000	7993.68200000	7963.91800000	8008.16800000	8020.83000000	8066.27800000	7971.62200000	8016.04000000	7976.02600000	8026.76400000	7952.64600000	7997.95000000	7944.37000000	7993.29800000	7958.60800000	8009.79200000	7947.60400000	7995.03000000	7946.48400000	7993.22000000	7957.30200000	7999.34200000	7961.57000000	8011.82800000	7969.66800000	8015.22600000	7972.59200000	8022.82800000	7970.41800000	8021.78200000	7975.34232000	8022.17288000
2870753768.84422112	8035.60400000	8083.81000000	8039.30800000	8088.13000000	7977.12800000	8022.53400000	8018.05800000	8058.01400000	8011.27400000	8056.57800000	8001.17600000	8056.46800000	8019.37000000	8071.80400000	8018.60400000	8075.28800000	8004.14000000	8051.12000000	7950.53800000	8001.83200000	7960.22400000	8010.90000000	7955.13200000	8005.67600000	7985.91400000	8035.68000000	7986.26800000	8037.19400000	7954.83800000	8003.02200000	7960.87200000	8011.52000000	7960.41000000	8014.70800000	7917.44600000	7969.07200000	7956.29600000	7999.51600000	7974.50200000	8019.10000000	7962.22400000	8009.55200000	7926.44800000	7974.56000000	7967.90000000	8009.26600000	7947.10000000	7997.67600000	7930.14000000	7982.80000000	7976.83656000	8025.83280000
2871256281.40703535	7991.86800000	8052.68800000	7996.08600000	8054.97200000	8002.95000000	8054.18200000	7989.68800000	8046.30400000	8002.60600000	8060.73600000	7981.41800000	8038.12600000	7972.15600000	8033.68800000	7947.94200000	8006.07200000	7949.93000000	8015.65200000	7955.62200000	8015.16400000	7947.27000000	8005.30400000	7956.66200000	8016.04400000	7996.28200000	8057.49800000	7935.99400000	7993.13400000	7940.98200000	8005.88200000	7916.76200000	7976.07600000	7954.15600000	8019.45600000	7885.56800000	7943.41800000	7909.77600000	7968.23600000	7954.59000000	8011.06400000	7916.31000000	7965.96800000	7942.67000000	8001.32600000	7912.08000000	7972.88400000	7973.35800000	8026.26600000	7969.16200000	8029.59400000	7956.07552000	8014.78936000
2871758793.96984911	7975.97000000	8049.23600000	8003.85000000	8073.95000000	8008.00000000	8080.88000000	7993.26600000	8058.11600000	7979.79600000	8046.42200000	7996.88600000	8064.51400000	7962.24200000	8028.05600000	7942.28600000	8007.37600000	7954.66400000	8018.57400000	7943.86200000	8016.86000000	7951.84600000	8016.95400000	7949.72400000	8018.84800000	7938.96400000	8007.08600000	7902.59600000	7974.54400000	7941.54000000	8010.91000000	7956.39200000	8030.13200000	7933.85400000	8000.13400000	7875.25800000	7932.91400000	7929.25200000	8003.86400000	7932.45800000	7995.51200000	7927.14600000	7993.64600000	7897.28000000	7978.76200000	7931.70200000	7992.38600000	7953.80800000	8024.48800000	7923.05400000	7996.95800000	7948.22784000	8016.84488000
2872261306.53266335	8002.25400000	8077.18800000	7997.17000000	8071.99600000	7969.89200000	8045.65200000	8000.46000000	8073.01800000	7973.33200000	8052.39000000	7964.28600000	8031.62400000	7970.77400000	8049.94000000	7955.41600000	8034.80400000	7928.55400000	7997.33200000	7941.98800000	8017.01000000	7894.46200000	7974.07800000	7933.24200000	8014.31200000	7963.92000000	8041.67400000	7940.53200000	8018.43800000	7935.21200000	8009.62600000	7887.56600000	7959.13000000	7929.32400000	8012.23600000	7897.63400000	7971.79600000	7950.85200000	8021.96000000	7909.86800000	7989.86200000	7907.51600000	7976.21800000	7913.58400000	7986.73800000	7931.79600000	8006.04800000	7945.30000000	8024.94800000	7938.59800000	8014.00400000	7943.34128000	8018.88088000
2872763819.09547758	7940.68800000	8021.92600000	8007.41600000	8082.75600000	7951.85400000	8031.63800000	7953.67600000	8033.00000000	7977.18600000	8055.40200000	7965.54400000	8048.10800000	7978.34600000	8058.52800000	7959.12600000	8038.20200000	7943.58400000	8024.95800000	7933.31600000	8019.61600000	7951.42600000	8040.96200000	7922.03000000	8010.73200000	7929.34600000	8013.06000000	7930.82600000	8012.51400000	7949.11800000	8034.65200000	7915.07600000	7997.09000000	7966.70000000	8046.00000000	7876.84200000	7951.60000000	7919.61400000	7994.49200000	7927.90400000	8012.15600000	7938.14400000	8010.95200000	7906.43000000	7984.93800000	7898.75200000	7959.56200000	7938.08200000	8017.13400000	7916.68400000	7991.32400000	7939.90840000	8019.65208000
2873266331.65829134	7944.61600000	8029.50400000	7981.80400000	8063.00800000	7997.01600000	8076.48400000	7964.19600000	8045.46000000	7990.49200000	8073.02600000	7979.75600000	8072.81000000	7925.52800000	8012.66800000	7927.68200000	8016.32000000	7942.76000000	8033.71400000	7921.70800000	8010.41600000	7926.19600000	8015.75400000	7916.79000000	8009.80400000	7938.19000000	8021.48800000	7881.14400000	7966.07600000	7915.36200000	7999.34000000	7920.11200000	8006.44400000	7899.77800000	7987.69000000	7864.57600000	7942.01000000	7918.62600000	8009.74000000	7886.96400000	7968.60800000	7909.73400000	7991.21800000	7898.48400000	7994.58600000	7926.51800000	7999.96000000	7937.93000000	8017.56200000	7906.31800000	7982.28800000	7928.89120000	8013.83912000
2873768844.22110558	7942.94000000	8030.37000000	7986.95200000	8071.90200000	7973.38600000	8071.93600000	7945.16000000	8032.21600000	7985.72800000	8075.38200000	7967.87600000	8067.57800000	7988.59600000	8076.37200000	7964.49800000	8046.54400000	7954.38600000	8041.28800000	7906.03000000	7995.74000000	7930.60400000	8021.36400000	7929.82600000	8014.57400000	7931.10000000	8024.53600000	7938.68600000	8034.74600000	7959.34400000	8044.69400000	7909.26000000	7993.59000000	7897.02400000	7987.57800000	7871.77400000	7962.75200000	7866.60600000	7957.69000000	7907.38800000	7985.86200000	7917.49600000	8014.83600000	7903.16200000	7987.45400000	7931.76000000	8016.44400000	7910.35800000	7994.48200000	7896.26800000	7982.11400000	7932.64832000	8021.28176000
2874271356.78391981	7991.57200000	8081.33200000	8015.45400000	8094.27400000	7975.34200000	8058.58400000	7986.41400000	8074.34800000	7983.63400000	8057.76000000	7984.72000000	8067.37600000	7959.50600000	8044.26800000	7963.76200000	8053.38400000	7938.45400000	8027.26000000	7910.61600000	8006.72600000	7924.50000000	8013.86400000	7904.79400000	7994.03000000	7944.74200000	8034.47000000	7923.29800000	8012.86400000	7897.15200000	7988.55600000	7913.93600000	7997.75200000	7925.23000000	8017.97600000	7880.11600000	7974.21600000	7902.76400000	7989.67800000	7907.22600000	7988.04200000	7914.92600000	8000.37600000	7906.34000000	7984.97400000	7923.00400000	8003.81400000	7927.78600000	8011.38400000	7953.62400000	8037.00600000	7938.35648000	8024.57256000
2874773869.34673357	8015.33800000	8101.68200000	7993.31200000	8076.83800000	7943.13800000	8031.54000000	7960.47400000	8042.10600000	7978.32400000	8061.57000000	7943.21400000	8020.97000000	7942.36200000	8032.82200000	7951.86200000	8035.62600000	7927.67800000	8015.74400000	7941.43600000	8032.00600000	7946.29600000	8035.60000000	7932.34600000	8016.71200000	7940.37000000	8028.35600000	7963.50600000	8040.27800000	7932.71400000	8020.38200000	7901.46800000	7998.99600000	7887.99800000	7978.27800000	7859.89000000	7952.39800000	7913.35600000	7997.96200000	7891.45800000	7971.87400000	7896.06200000	7967.57000000	7917.71800000	7996.43000000	7889.93000000	7969.38200000	7941.42000000	8031.73600000	7918.68000000	7998.90800000	7933.21400000	8018.23064000
2875276381.90954781	7990.04400000	8070.06000000	7990.76400000	8066.51400000	7908.15200000	7981.43000000	7977.09800000	8050.05200000	7971.19600000	8050.07400000	7947.90400000	8039.23000000	7938.38000000	8021.27000000	7937.11600000	8022.50000000	7903.91400000	7987.01800000	7934.90000000	8026.35200000	7902.30400000	7992.13800000	7927.76600000	8008.80800000	7957.41000000	8044.80200000	7906.31800000	7997.33200000	7940.41000000	8019.31600000	7894.91000000	7978.70200000	7904.78000000	7992.79600000	7896.47400000	7979.25400000	7923.47000000	8006.62000000	7899.53600000	7972.39400000	7897.31800000	7978.98200000	7910.42400000	7999.73600000	7908.17200000	7986.96400000	7902.27400000	7983.76600000	7928.96600000	8014.32400000	7928.00000000	8010.81736000
2875778894.47236204	7997.32000000	8082.98800000	7986.90800000	8067.24000000	7970.40800000	8054.45000000	7951.49000000	8036.32400000	7983.08000000	8065.15400000	7971.13800000	8058.55800000	7959.86400000	8030.87800000	7945.64400000	8029.89800000	7953.12000000	8035.36000000	7917.07200000	8003.62600000	7948.61000000	8030.75800000	7921.05000000	7999.28800000	7918.44200000	8003.21200000	7950.63200000	8036.33800000	7934.50000000	8021.01000000	7921.84400000	7999.13000000	7928.97000000	8004.42000000	7893.14600000	7974.45400000	7913.00400000	7994.30400000	7912.51400000	7980.82200000	7912.13200000	7992.55200000	7880.65800000	7967.04800000	7910.13400000	7985.15400000	7921.86200000	8007.13000000	7904.94800000	7986.33400000	7936.33960000	8017.85720000
2876281407.03517580	7968.58400000	8044.55400000	7978.55000000	8059.66200000	7976.37200000	8053.69400000	7980.66400000	8059.76600000	7962.64200000	8042.21800000	7952.52000000	8030.15400000	7964.67200000	8044.00800000	7953.25800000	8034.11000000	7944.29600000	8021.85000000	7955.67200000	8037.55400000	7900.43200000	7975.41600000	7921.48000000	8001.00600000	7972.35200000	8052.06400000	7907.04400000	7991.62200000	7942.43200000	8019.15400000	7923.99800000	8007.81600000	7931.83800000	8019.35200000	7885.50800000	7965.22400000	7911.65800000	7984.64800000	7923.41400000	7992.31000000	7901.44800000	7973.37600000	7902.94800000	7973.95600000	7926.07600000	7997.99400000	7947.78800000	8016.03200000	7938.07600000	8006.66000000	7938.94888000	8016.16800000
2876783919.59799004	8004.98600000	8084.80600000	8006.92800000	8082.24400000	7970.73800000	8045.98800000	7980.09000000	8055.35000000	8002.84400000	8078.60200000	7963.92200000	8041.62400000	7959.97000000	8037.25600000	7921.71400000	8007.00600000	7945.35000000	8023.08200000	7937.25200000	8019.53400000	7934.26800000	8007.93400000	7956.72400000	8030.42800000	7934.18400000	8008.52000000	7963.32000000	8029.97600000	7942.58800000	8025.44800000	7953.51400000	8022.41200000	7887.04800000	7969.04800000	7838.96400000	7915.35600000	7934.30200000	8011.46200000	7901.59400000	7983.05000000	7898.13600000	7979.14200000	7903.86400000	7982.28400000	7923.11800000	7995.11400000	7934.61200000	8013.28200000	7932.60200000	8012.33800000	7941.30528000	8018.45144000
2877286432.16080379	7998.10200000	8074.09800000	7986.62800000	8063.88400000	7964.77000000	8046.49400000	7988.50600000	8061.94200000	7985.75400000	8065.25000000	7990.08200000	8064.96600000	7968.94000000	8048.35200000	7953.54800000	8027.78600000	7952.31200000	8022.67200000	7926.61200000	7995.92000000	7945.72400000	8018.24200000	7929.51000000	7998.00800000	7956.73200000	8027.50600000	7962.95000000	8045.27200000	7948.88400000	8024.52800000	7917.33400000	7989.92400000	7890.08400000	7959.17200000	7884.99600000	7964.76400000	7933.77400000	8003.81000000	7927.01000000	8003.52800000	7912.69600000	7985.42400000	7894.78200000	7968.46800000	7923.07200000	8002.86400000	7952.09800000	8026.89600000	7921.11600000	8003.52800000	7944.64064000	8019.73192000
2877788944.72361803	7986.78400000	8056.09800000	7976.56000000	8054.74800000	7988.38000000	8051.92000000	7966.15800000	8028.06000000	8003.62800000	8070.90800000	7983.24600000	8063.92400000	8001.41800000	8073.55800000	7959.17000000	8025.25000000	7938.51400000	8008.26000000	7957.32000000	8028.27400000	7970.94600000	8045.91000000	7927.98200000	8001.16400000	7939.34400000	8006.46200000	7950.88600000	8024.25200000	7951.71400000	8021.63000000	7930.68600000	7996.75200000	7942.37200000	8012.19000000	7867.98600000	7937.52600000	7921.55800000	7983.79200000	7907.61600000	7969.53400000	7929.76200000	7992.54600000	7908.78000000	7976.18600000	7925.25800000	7985.40800000	7935.22400000	8008.46000000	7908.24800000	7970.41600000	7947.18160000	8015.72912000
2878291457.28643227	8016.09600000	8084.50000000	8012.61200000	8082.34200000	7969.41200000	8031.39000000	7987.01800000	8051.10000000	7993.38000000	8059.92000000	8005.79000000	8071.47200000	8014.00400000	8077.20400000	8001.34800000	8062.09800000	7983.19200000	8045.98800000	7943.47800000	8007.72600000	7952.88000000	8015.60200000	7905.89800000	7968.42000000	7954.03000000	8019.53400000	7966.59600000	8038.66200000	7942.07200000	8012.31400000	7946.89400000	8016.18200000	7963.94800000	8036.64400000	7906.21800000	7971.23400000	7943.06800000	8010.27600000	7950.07800000	8008.75600000	7958.55800000	8012.72000000	7939.19800000	8000.10800000	7948.69000000	8019.28800000	7931.74600000	7992.23400000	7923.95600000	7992.65800000	7962.40640000	8027.53488000
2878793969.84924603	8047.41200000	8098.74600000	8019.16200000	8077.37400000	7954.56400000	8012.58400000	7981.66600000	8043.82200000	7991.91600000	8056.96800000	8011.83200000	8064.08800000	8017.90800000	8082.84400000	8011.98000000	8068.25000000	7978.06200000	8042.01400000	7944.42000000	8007.56600000	7952.17000000	8009.44400000	7929.72000000	7988.67400000	7973.30600000	8043.44600000	7968.57200000	8033.47800000	7951.53400000	8013.88200000	7947.33400000	8004.23600000	7968.25000000	8033.00000000	7880.57800000	7947.92000000	7916.67000000	7979.80800000	7950.11600000	8016.35200000	7958.89000000	8018.36000000	7940.47400000	7993.63000000	7946.49800000	8010.31000000	7943.46800000	7993.98200000	7909.04600000	7972.72600000	7963.82192000	8024.54016000
2879296482.41206026	8005.81200000	8051.85000000	8023.13200000	8079.57200000	7983.82600000	8032.30800000	8017.78800000	8080.50600000	7979.69400000	8027.64600000	8012.21200000	8070.30000000	8029.53000000	8092.54600000	8007.18400000	8061.21200000	7979.79600000	8039.08400000	7924.57200000	7983.87200000	7913.49000000	7974.62800000	7933.10400000	7993.19800000	7976.94000000	8034.39200000	7976.47600000	8036.34800000	7952.31200000	8009.47400000	7962.05200000	8017.34600000	7944.09200000	7999.59400000	7859.80600000	7910.71000000	7964.80400000	8019.50200000	7959.55200000	8028.71600000	7952.74600000	8006.93600000	7919.79800000	7983.25000000	7952.12800000	8006.64800000	7976.85000000	8029.00400000	7965.11200000	8017.08200000	7966.91232000	8023.42896000
2879798994.97487450	8026.00800000	8081.11800000	8014.72200000	8068.84200000	8002.31000000	8057.44800000	7956.93000000	8004.85200000	8031.31200000	8086.28000000	7993.55600000	8052.68000000	8000.90200000	8058.68600000	7976.67800000	8040.71400000	7989.07600000	8049.87600000	7977.24800000	8033.48400000	7978.20200000	8040.41600000	7946.37200000	7999.24200000	7942.95800000	7996.43000000	7977.78600000	8033.94600000	7933.34000000	7985.10200000	7970.09600000	8026.74800000	7948.25800000	8003.87200000	7920.29400000	7971.08800000	7949.72000000	8005.84600000	7938.66400000	7984.28000000	7942.11400000	7995.73400000	7948.33200000	8000.25600000	7945.47200000	7989.60000000	7938.39400000	7984.00200000	7940.77400000	7995.76800000	7967.58072000	8021.85240000
2880301507.53768826	8037.47000000	8087.86400000	8052.49400000	8100.92600000	8007.41400000	8055.07800000	8031.09400000	8077.30800000	7992.69600000	8047.82400000	8019.42400000	8066.81800000	7984.87000000	8036.09800000	8014.75800000	8074.40600000	7990.82200000	8050.02000000	7960.31800000	8012.81800000	7964.11600000	8016.34600000	7951.35000000	8004.81400000	7975.58400000	8029.31200000	7953.99400000	8001.87600000	7980.30200000	8028.60000000	7965.30000000	8012.02400000	7963.48200000	8014.03200000	7866.59000000	7920.05200000	7942.86800000	7999.63600000	7961.99000000	8013.42200000	7945.98400000	8002.55400000	7939.71400000	7985.85800000	7965.41600000	8014.90400000	7931.67200000	7980.90600000	7979.71800000	8029.11200000	7975.17760000	8026.50432000
2880804020.10050249	8060.92400000	8105.89200000	8048.90400000	8095.20200000	8033.57400000	8070.80800000	8013.02200000	8062.67200000	7971.50400000	8018.82200000	8010.54000000	8054.79600000	7989.23200000	8031.24800000	7979.48400000	8034.41000000	8007.84600000	8052.02400000	7983.19200000	8029.53000000	7981.81400000	8025.70800000	7956.89000000	7998.89000000	7981.28600000	8024.01800000	7954.34800000	8000.62200000	7968.09000000	8013.07200000	7975.75400000	8019.08200000	7974.83400000	8015.14000000	7926.30200000	7977.07000000	7954.18600000	8000.93800000	7954.05600000	7994.81200000	7966.88600000	7999.74600000	7932.99200000	7981.17600000	7969.52000000	8014.39400000	7957.87400000	8000.62200000	7983.00600000	8027.57800000	7981.44240000	8025.93088000
2881306532.66331673	8025.69200000	8065.89800000	8014.37400000	8064.58800000	8006.84000000	8045.58400000	8017.92600000	8065.59600000	8012.39400000	8044.92800000	8007.43600000	8054.38000000	7992.23000000	8038.04000000	8004.22200000	8046.51200000	7936.65600000	7975.78200000	7977.60800000	8021.46800000	7958.84400000	7998.24600000	7986.91200000	8028.06800000	8006.15800000	8042.45000000	7945.99000000	7983.20600000	7962.65400000	7999.57800000	7982.86400000	8023.30000000	7970.56200000	8009.96600000	7904.18400000	7947.45400000	7968.94400000	8000.31800000	7975.35400000	8011.81200000	7918.39800000	7959.10200000	7944.01000000	7981.57400000	7951.17600000	7991.43600000	7984.55400000	8028.56200000	7977.07600000	8018.00800000	7977.32232000	8017.83424000
2881809045.22613049	8030.16200000	8063.08600000	8037.45400000	8079.03800000	8027.67800000	8066.20000000	8003.07600000	8038.14800000	8038.34000000	8072.82400000	8015.60400000	8058.06600000	8027.15400000	8070.55800000	8020.47600000	8058.78200000	7995.01600000	8031.48000000	7974.36200000	8014.88600000	7996.28800000	8034.59200000	7976.72200000	8020.71000000	7957.86800000	7993.62800000	7988.99800000	8021.41800000	7982.76600000	8027.44200000	7961.21000000	7995.60400000	7990.54400000	8032.56600000	7925.14200000	7963.56400000	7975.15200000	8014.85000000	7948.52600000	7982.81200000	7950.04600000	7990.13800000	7965.44200000	8005.17000000	7976.33600000	8020.15400000	7935.73400000	7974.10800000	7935.47600000	7974.24600000	7985.42288000	8024.16280000
2882311557.78894472	8035.20400000	8065.60600000	8038.97600000	8057.21600000	8006.34400000	8033.23200000	8014.92800000	8036.79000000	8015.16200000	8043.09200000	8017.05600000	8047.90600000	8015.64000000	8038.69800000	7998.22000000	8030.17200000	7984.18400000	8033.63000000	7977.48600000	8010.60600000	7975.92000000	8011.04000000	7977.38200000	8008.58000000	8015.71000000	8044.61800000	7953.57800000	7983.31000000	7974.95400000	8008.86600000	7993.87000000	8035.05000000	7973.24200000	8012.57800000	7908.33400000	7945.99200000	7976.21800000	8003.82000000	7959.34200000	7999.34200000	7975.81400000	7995.49200000	7943.46600000	7975.15400000	7952.10400000	7986.14800000	7988.84000000	8025.14400000	7946.49000000	7979.84000000	7984.73856000	8016.47688000
2882814070.35175896	8025.75400000	8053.56000000	8048.64400000	8076.78600000	7982.45200000	8008.34400000	8043.33600000	8070.21600000	8014.14600000	8039.65200000	8008.94400000	8038.91600000	8022.50800000	8049.01600000	8007.48400000	8038.19200000	7986.65000000	8007.91600000	7985.93200000	8009.14400000	7958.83400000	7994.79400000	7989.44000000	8018.04600000	8003.70000000	8031.15800000	7998.98200000	8024.62400000	7991.67600000	8024.62800000	7964.67800000	7998.49800000	7952.50800000	7991.77600000	7967.95600000	7998.92600000	7971.31600000	7997.07400000	7948.79400000	7976.37400000	7972.82400000	8004.01400000	7953.27400000	7985.67800000	7979.35200000	8010.88800000	7987.60800000	8008.21200000	7966.90000000	7993.70200000	7989.34768000	8018.00536000
2883316582.91457272	8060.42200000	8082.48000000	8043.64000000	8069.47400000	8049.91800000	8071.38400000	8057.68000000	8085.81800000	8035.24600000	8064.59000000	7993.56400000	8021.97000000	8024.14400000	8048.17400000	8018.07400000	8046.63000000	8002.53800000	8028.74200000	7962.47600000	7987.86400000	7990.93000000	8017.12000000	7982.43400000	8011.51600000	8002.88400000	8032.49400000	7977.71200000	8006.68800000	7965.75400000	7989.86400000	7965.77400000	7992.17200000	7963.03200000	7985.19200000	7966.08200000	7988.95000000	7965.50000000	7985.56000000	7957.23600000	7980.39000000	7967.19200000	7989.74200000	7994.89400000	8017.77600000	7986.18200000	8006.13600000	7998.20800000	8024.76800000	8003.76200000	8030.66600000	7997.41112000	8022.64640000
2883819095.47738695	8005.29400000	8025.94800000	8032.21600000	8058.14600000	8052.63200000	8071.32000000	8036.47200000	8062.67600000	8036.99600000	8061.54800000	8038.94200000	8051.96600000	7986.90800000	8012.17200000	8010.88400000	8031.39400000	7999.79400000	8013.81200000	8001.85600000	8019.44000000	7999.25600000	8021.65200000	7995.08200000	8013.48200000	8001.36600000	8021.14600000	7950.86000000	7974.12400000	7957.24800000	7977.08800000	7993.32400000	8012.93200000	7976.49600000	7997.75200000	7895.22000000	7919.38800000	7987.89600000	8004.11200000	7998.23600000	8018.55200000	7967.59400000	7993.60000000	7985.40600000	8005.18000000	7979.03000000	8001.43000000	8012.90000000	8030.82400000	7966.98800000	7980.39200000	7994.75584000	8015.20304000
2884321608.04020119	8046.19400000	8067.09800000	8057.08200000	8073.74000000	8035.94400000	8052.65200000	8018.62600000	8036.44800000	8027.66400000	8048.62200000	8041.03000000	8064.02200000	7998.13000000	8011.56400000	8018.56200000	8039.50800000	8013.97600000	8027.10800000	7987.92000000	8006.89400000	8008.99800000	8026.92200000	7980.27000000	8007.85400000	7977.61800000	8001.30400000	8019.18800000	8037.15200000	8009.90200000	8031.19400000	7992.49200000	8009.18200000	8000.16600000	8026.33800000	7944.78800000	7958.67200000	7985.10000000	8003.93800000	7950.33800000	7975.94800000	7970.17600000	7993.43200000	7968.51200000	7986.18200000	7965.80600000	7981.20000000	7965.58000000	7984.28400000	7951.23400000	7970.92800000	7997.41184000	8016.88744000
2884824120.60301495	8051.17200000	8067.19400000	8052.98600000	8066.06000000	8010.22600000	8029.11800000	8025.63800000	8039.98000000	8041.48200000	8047.22800000	8073.62600000	8089.41800000	8051.59600000	8070.44600000	8039.40800000	8049.24800000	8025.10800000	8036.77400000	8002.40000000	8017.33000000	8009.83400000	8029.29600000	7986.51000000	8005.59000000	8004.41800000	8013.78800000	8031.58800000	8047.23000000	7997.91400000	8011.17800000	8005.54200000	8018.01000000	7990.47000000	8009.48400000	7943.35800000	7962.45400000	7998.64000000	8009.75200000	8010.35400000	8027.91400000	7996.14600000	8013.58000000	7990.55000000	8006.63800000	7992.06200000	8015.69800000	8007.53400000	8024.00600000	7998.96600000	8007.18000000	8013.50112000	8028.58376000
2885326633.16582918	8081.84600000	8085.51800000	8044.77600000	8056.85400000	8048.28400000	8059.98800000	8043.32800000	8058.06600000	8028.48200000	8040.58400000	8057.94600000	8072.45200000	8043.19600000	8049.35000000	8020.46800000	8026.23400000	8015.03800000	8019.32600000	7986.84800000	7995.00200000	7998.64600000	8011.29400000	8024.88200000	8035.26600000	8023.93600000	8036.94800000	7957.58200000	7980.47000000	8002.87000000	8020.75600000	8010.02400000	8021.67600000	7990.70400000	8003.13000000	7913.32400000	7922.43600000	7958.19400000	7969.36800000	8000.25600000	8001.63400000	7989.86200000	8002.80400000	7965.83400000	7981.42800000	7972.51000000	7973.66600000	8006.90600000	8017.56000000	7995.41200000	8007.57600000	8007.24616000	8017.97544000
2885829145.72864342	8063.57600000	8071.57400000	8061.94400000	8074.53400000	8008.28400000	8026.94400000	8041.93600000	8056.55200000	8036.26400000	8058.31000000	8048.48200000	8056.56800000	8043.48600000	8051.33800000	8046.74200000	8059.46200000	8019.10400000	8027.41800000	8008.89000000	8015.17200000	8023.77200000	8025.60000000	7996.34600000	8007.20400000	8015.50400000	8025.70000000	8020.38400000	8030.71000000	7992.85200000	7999.64400000	8004.14800000	8014.06000000	8038.69400000	8053.51200000	7952.10000000	7966.47800000	8009.86600000	8017.83400000	7983.00200000	7998.37200000	7974.27600000	7991.39200000	7973.94400000	7982.85400000	7962.76200000	7983.85400000	7994.24600000	8012.09200000	7999.56000000	8021.55800000	8012.80656000	8025.14944000
2886331658.29145718	8035.38800000	8046.40800000	8068.44200000	8080.69400000	8057.92800000	8071.63200000	8005.93000000	8010.50000000	8065.94400000	8083.79600000	8057.88600000	8067.14200000	8058.84600000	8069.43600000	8044.79000000	8053.32200000	8011.42200000	8015.68000000	7989.68200000	7996.32400000	8029.00200000	8034.45000000	8010.82600000	8027.78000000	8002.76000000	8017.86200000	8009.03600000	8015.94400000	8010.80400000	8021.68400000	7975.37600000	7987.00200000	8005.97000000	8016.40000000	7962.81400000	7967.44800000	7963.52800000	7979.13400000	7979.27200000	7987.82200000	7975.17200000	7985.06800000	7982.30200000	7983.02800000	7977.75200000	7998.43400000	7991.95800000	7997.03800000	7919.53400000	7934.05400000	8007.69456000	8017.92328000
2886834170.85427141	8058.24800000	8053.15400000	8049.33800000	8055.39000000	8033.46000000	8039.58800000	8051.61400000	8051.33400000	8052.94200000	8055.75600000	8036.35400000	8033.79600000	8049.34400000	8047.51600000	8035.18400000	8042.49200000	8022.20600000	8021.21000000	8013.20600000	8028.06600000	8017.59000000	8021.91200000	8021.60800000	8031.47200000	8025.31000000	8030.27400000	8038.78400000	8044.43600000	8000.90200000	8013.53600000	8017.15600000	8024.82200000	7986.83600000	7996.95600000	7961.46600000	7964.67800000	7982.40200000	7990.40400000	8004.93000000	8012.18400000	7995.34200000	7998.81600000	7982.97600000	7997.55400000	7934.23000000	7935.53600000	8010.94400000	8008.06400000	8000.52800000	7999.68800000	8015.31600000	8019.94536000
2887336683.41708565	8102.95200000	8104.09200000	8101.40200000	8108.22600000	8076.84200000	8081.57600000	8064.46200000	8059.30800000	8033.05600000	8032.96000000	8065.39400000	8068.88800000	8017.99400000	8017.68800000	8041.25800000	8044.11400000	8051.22000000	8051.01600000	8026.99200000	8028.06400000	8033.27200000	8045.96400000	8028.37200000	8026.02600000	8023.04400000	8024.98000000	8007.39600000	8009.43600000	8014.18800000	8019.37000000	8005.87000000	8014.23400000	7959.84600000	7963.89200000	7934.20200000	7932.80000000	7985.52800000	7986.17800000	7981.95000000	7988.98200000	7984.94200000	7990.94600000	7999.08400000	8002.88800000	7988.11200000	7990.82000000	8007.31800000	8000.56400000	8004.26400000	8008.47400000	8021.55840000	8024.05944000
2887839195.97989941	8062.24800000	8075.65800000	8072.06800000	8069.66800000	8038.26200000	8035.96400000	8045.90200000	8039.16200000	8065.39400000	8063.51400000	8023.53200000	8017.00200000	8041.19600000	8045.83000000	8037.86000000	8043.83800000	7997.75400000	8001.13400000	8027.85000000	8029.03800000	8036.36800000	8039.93600000	8038.47600000	8031.64000000	7995.35800000	8002.03200000	8015.75400000	8019.32600000	8000.01600000	8007.63800000	8024.30200000	8023.52000000	7972.46800000	7975.93600000	7947.10800000	7947.62000000	8001.05400000	8008.51000000	7998.02000000	8000.94400000	8005.56400000	8011.89000000	7967.45600000	7974.62800000	7989.37200000	7989.71400000	8016.76200000	8017.47200000	7998.21400000	7997.65000000	8016.73432000	8018.77056000
2888341708.54271364	8090.61800000	8088.69000000	8075.26000000	8073.40800000	8060.74200000	8060.34600000	8091.92200000	8084.82400000	8061.44000000	8061.78800000	8009.91400000	8012.53600000	8022.59400000	8014.77000000	8055.89400000	8055.74800000	8019.80200000	8022.79200000	7994.31000000	7994.95800000	8027.94400000	8029.90600000	8024.09400000	8026.87400000	8046.07000000	8043.87600000	8007.47000000	8016.10200000	8005.93200000	8002.80200000	7992.64000000	7991.56000000	7882.47200000	7882.15200000	7998.48800000	8004.45800000	7981.29400000	7980.31600000	7986.18200000	7992.49400000	7995.74800000	7995.82800000	8011.19200000	8013.18800000	7977.52600000	7975.56000000	8016.47800000	8016.81800000	8017.13200000	8016.36200000	8018.12632000	8018.32624000
2888844221.10552788	8056.66400000	8055.50200000	8080.45800000	8076.86400000	8074.71800000	8073.43000000	8069.83800000	8066.25200000	8002.82000000	8010.56600000	8052.26000000	8049.74400000	8033.99200000	8033.16200000	8044.65600000	8041.83000000	8033.53200000	8030.15200000	8021.12000000	8020.51000000	8016.98800000	8011.66600000	8005.13200000	8005.10200000	8033.69000000	8029.17000000	8018.83000000	8022.42400000	7991.88600000	7990.17000000	8035.71200000	8030.53600000	8005.90600000	8005.41800000	7973.27000000	7975.94200000	8008.37400000	8003.56200000	8011.87400000	8013.75000000	8006.12000000	8004.07800000	7972.59000000	7970.61600000	8010.53200000	7998.72600000	8010.46200000	8012.68600000	8005.97000000	7998.56400000	8023.09576000	8021.21688000
2889346733.66834164	8079.21600000	8068.53200000	7999.53600000	7999.73000000	8026.21400000	8026.51800000	8063.49800000	8062.82000000	8046.55200000	8055.35200000	8058.12400000	8062.27400000	8073.05200000	8066.16000000	8051.45000000	8046.95000000	8058.37000000	8054.98800000	8002.07000000	8001.40600000	8021.67400000	8022.68200000	7988.45200000	7985.99400000	8020.32600000	8022.82000000	8043.42600000	8033.91200000	8036.91200000	8034.10800000	7999.97800000	7993.56400000	8053.38000000	8047.20600000	7964.67600000	7957.73200000	7997.50200000	7998.16400000	8000.24400000	7997.69600000	8015.43400000	8010.55400000	7976.58400000	7977.19800000	8003.53000000	8012.86000000	8010.25800000	8003.29200000	7997.19000000	8005.13200000	8023.50592000	8021.90576000
2889849246.23115587	8051.23600000	8047.49600000	8090.66200000	8089.59000000	8025.70000000	8019.06000000	8076.80400000	8082.45400000	8052.23800000	8050.44000000	8042.29000000	8040.60400000	8043.07600000	8035.48400000	8037.38200000	8034.80000000	8007.58800000	7999.43800000	8030.39000000	8025.02400000	7957.51200000	7963.22600000	8022.25400000	8024.09200000	8059.64400000	8055.46400000	8034.89400000	8027.56200000	8018.71200000	8018.31600000	7996.45400000	7993.23000000	7993.07000000	7994.65800000	7995.15800000	7991.47800000	8003.13600000	7992.44000000	7985.88600000	7982.45200000	8012.06200000	8008.79400000	8002.07000000	8004.46200000	8009.02800000	8006.74000000	8003.43200000	8006.03600000	8026.51200000	8021.05400000	8023.08760000	8020.57576000
2890351758.79396963	8085.60600000	8079.16200000	8071.82000000	8066.08000000	8055.43800000	8051.09800000	8072.76400000	8069.78000000	8050.80800000	8047.94600000	8064.27800000	8046.32600000	8088.67000000	8083.68800000	8068.92000000	8064.78000000	8062.10000000	8052.90600000	8016.69200000	8008.10800000	8000.19000000	7992.25800000	8007.02200000	8000.25000000	8019.33800000	8018.40200000	8026.40000000	8025.22400000	7995.46800000	7991.65800000	8026.14400000	8022.35800000	8001.11400000	8002.51000000	7952.75200000	7949.08000000	8031.92600000	8028.21800000	8004.53000000	8000.23600000	8013.32600000	8012.44200000	7974.67000000	7974.19800000	8012.37800000	8005.81200000	8026.61600000	8018.99000000	8036.58000000	8025.73400000	8030.62200000	8025.48976000
2890854271.35678387	8049.53800000	8046.39600000	8069.57200000	8062.04400000	8089.08600000	8085.55200000	8083.11200000	8075.07400000	8046.92800000	8045.19600000	8061.25800000	8057.68000000	8046.83400000	8033.06000000	8042.74800000	8040.49400000	7970.10000000	7966.02400000	8001.99400000	7988.26600000	8037.58200000	8021.30000000	8038.69800000	8032.94400000	8042.88000000	8041.72200000	8019.65400000	8014.30400000	8015.21600000	8010.60400000	8031.66600000	8029.88000000	8008.71200000	8008.86200000	7933.20200000	7928.10000000	8011.92800000	8005.12200000	8008.12000000	8003.65800000	7998.72800000	7994.96400000	8017.50400000	8013.06000000	8001.82000000	7992.82200000	8006.18600000	7998.08600000	7993.03200000	7992.25600000	8025.04392000	8019.49880000
2891356783.91959810	8076.92800000	8069.80800000	8059.47000000	8057.58000000	8054.41000000	8043.06600000	8057.08600000	8049.69000000	8076.35400000	8071.14400000	8061.70600000	8060.43400000	8037.94600000	8034.17000000	8032.01600000	8021.35200000	7983.49000000	7983.40800000	8004.01600000	7999.59400000	8029.05200000	8017.16800000	8036.47600000	8035.28000000	8023.21400000	8020.61600000	8020.51000000	8016.46000000	8013.10600000	7999.64000000	8036.48800000	8033.65400000	7976.35200000	7967.05200000	7948.84000000	7945.27800000	8014.69400000	8010.18200000	8016.48400000	8008.79600000	7990.01400000	7979.66000000	7986.25600000	7976.36000000	7997.96400000	7991.92400000	8027.78400000	8020.36400000	8012.87800000	8001.42800000	8022.94136000	8016.56432000
2891859296.48241186	8084.80000000	8081.72200000	8069.54000000	8062.79400000	8068.42000000	8055.62200000	8093.79600000	8090.94600000	8058.19400000	8056.56600000	8026.61800000	8013.28800000	8034.61400000	8031.82400000	8047.84600000	8041.35800000	8030.04200000	8026.29400000	8005.53800000	7996.08200000	8008.58200000	7999.63000000	8033.68600000	8016.16000000	8009.27200000	7999.57200000	8013.24400000	8015.03000000	8006.42800000	8005.25200000	7968.39200000	7965.08400000	7998.30400000	7985.40200000	7983.14200000	7977.48600000	7974.12600000	7975.35800000	7995.60200000	7992.87600000	7998.61000000	7993.03200000	8014.94800000	8011.44200000	8009.98600000	7997.04400000	8034.85400000	8022.72200000	8025.29800000	8019.14600000	8023.75528000	8017.26928000
2892361809.04522610	8076.59600000	8067.33400000	8074.24600000	8066.65200000	8063.99800000	8053.29400000	8038.68800000	8040.48800000	8054.19400000	8048.21600000	8064.80000000	8058.95200000	8052.13000000	8046.60200000	8045.84800000	8032.79800000	8045.20400000	8036.60000000	8034.47800000	8024.48600000	8005.63400000	7995.56400000	8043.49800000	8042.89800000	8030.26000000	8018.79600000	8040.22400000	8037.82600000	8013.09600000	8008.09400000	8037.32600000	8031.32400000	8015.48800000	8012.11000000	7972.98400000	7962.37000000	8006.09400000	7995.66800000	8032.99800000	8027.20400000	7997.49800000	7994.57600000	8015.26600000	8009.91000000	7996.24000000	7988.29200000	7980.40400000	7980.59800000	8012.84800000	8003.27000000	8030.00160000	8023.35688000
2892864321.60804033	8077.81200000	8074.92400000	8057.12200000	8055.71000000	8075.44400000	8061.44400000	8077.07800000	8064.34800000	8078.44600000	8066.57000000	8086.56400000	8084.79200000	8027.26400000	8014.07000000	8061.03000000	8051.89800000	8061.42000000	8056.38400000	8034.71200000	8027.00800000	8025.66200000	8020.46400000	8039.32200000	8034.62200000	8044.51000000	8032.11800000	8028.61000000	8021.20400000	8024.45800000	8006.89600000	8024.89200000	8016.82000000	7983.50000000	7974.99400000	7973.46600000	7956.36000000	7999.24200000	7981.41600000	8017.31400000	8000.64400000	7995.76400000	7982.67000000	8008.73000000	7999.00000000	8014.28200000	8007.61800000	8017.79000000	8008.84000000	8019.64400000	8018.31600000	8034.16312000	8024.76520000
2893366834.17085409	8113.54600000	8097.18400000	8106.11800000	8098.80800000	8070.64400000	8058.96000000	8069.88200000	8061.39600000	8061.41800000	8055.00200000	8079.74400000	8068.86800000	8057.17800000	8043.84600000	8052.65000000	8046.94600000	8084.42400000	8065.74600000	8031.96400000	8025.03600000	8020.14600000	8016.62400000	8019.44800000	8011.44800000	8024.49200000	8017.93600000	8030.06200000	8030.00400000	8032.53200000	8023.55600000	8009.69200000	8002.31800000	8023.38200000	8016.98400000	7959.27800000	7949.38200000	8017.87800000	8007.75400000	8018.26000000	8012.17400000	8004.18200000	8005.47200000	7998.87800000	7993.65600000	8013.74400000	7998.44400000	7998.62000000	7995.00800000	8050.49600000	8039.64800000	8037.94632000	8029.68800000
2893869346.73366833	8066.10800000	8058.02000000	8068.85400000	8062.27400000	8082.13400000	8080.55600000	8081.65200000	8073.51400000	8043.94600000	8039.09400000	8047.03200000	8042.20800000	8060.43200000	8039.25600000	8047.39000000	8037.96600000	8039.78200000	8026.65600000	8024.66400000	8012.16000000	8017.83600000	8011.77200000	8013.87200000	8007.78800000	8043.33200000	8031.11400000	8037.89600000	8034.22400000	8020.54000000	8007.00600000	8047.74800000	8034.59000000	8012.03600000	8004.79400000	7953.08400000	7950.07000000	8009.14200000	8003.49200000	8032.81000000	8025.30200000	7989.92400000	7985.54200000	7945.16200000	7925.92200000	8024.34600000	8022.42400000	8017.43800000	8018.78000000	7977.42000000	7976.05400000	8028.18320000	8020.42312000
2894371859.29648256	8080.81800000	8075.62400000	8090.77000000	8075.72600000	8066.68000000	8052.58600000	8037.96200000	8038.26400000	8075.85800000	8062.12400000	8066.30800000	8053.25200000	8086.15400000	8069.62600000	8061.63800000	8052.97400000	8042.37400000	8029.78600000	8050.34000000	8034.71200000	8020.67200000	8006.20000000	8036.02600000	8019.40600000	8042.63200000	8042.17000000	8030.72800000	8018.69200000	8043.14200000	8034.06200000	8022.00000000	8006.45000000	8033.73800000	8023.44800000	7968.72200000	7952.58400000	8006.51400000	7998.63600000	8000.65000000	7988.45800000	7993.56200000	7988.67800000	7997.74400000	7983.69800000	7986.77600000	7980.81200000	8020.88400000	8011.44200000	7971.31400000	7971.51600000	8033.36024000	8022.83704000
2894874371.85929632	8059.64000000	8059.80800000	8087.58800000	8083.09200000	8045.05200000	8034.61600000	8041.28400000	8041.05800000	8082.41200000	8071.85200000	8063.62000000	8056.39400000	8039.35800000	8028.20200000	8040.86800000	8033.30800000	8046.29800000	8028.02600000	8025.34200000	8018.88800000	8050.95000000	8041.63400000	8036.31400000	8020.82200000	8048.15600000	8037.05400000	8047.31400000	8034.64000000	8044.56800000	8024.96600000	8009.98200000	7994.71400000	8053.02600000	8044.54000000	7974.35800000	7961.65400000	8003.32000000	7991.31000000	8010.64000000	7999.26600000	8033.11400000	8019.59600000	7972.55800000	7976.92400000	7992.22800000	7991.16200000	8009.86800000	7997.79600000	8017.96400000	8014.54200000	8033.43288000	8024.23456000
2895376884.42211056	8083.89200000	8075.60200000	8068.88600000	8056.85200000	8027.48400000	8011.11200000	8052.46800000	8042.88800000	8060.62000000	8051.85000000	8051.41600000	8044.63800000	8047.49800000	8042.77000000	8074.87800000	8068.81200000	8040.25000000	8024.40600000	8009.08800000	7992.97800000	8008.48600000	8004.89000000	8012.41000000	8001.51200000	8039.30400000	8029.34800000	7987.47200000	7972.97800000	8019.01400000	8003.17600000	8039.86200000	8029.98200000	8015.10600000	7996.58600000	7951.94200000	7936.80200000	8006.59600000	7990.74800000	7990.63400000	7982.10800000	7999.06400000	7980.57400000	7975.89000000	7965.38200000	8016.01400000	7999.61800000	8014.66600000	7995.14000000	7998.12400000	7981.42400000	8023.64256000	8011.28704000
2895879396.98492479	8105.24800000	8092.51400000	8076.81200000	8063.67600000	8069.78000000	8054.99600000	8062.22600000	8050.79200000	8040.18600000	8027.28600000	8054.89400000	8045.65400000	8043.57800000	8035.16400000	8042.06000000	8031.15000000	8017.51800000	7995.42400000	8025.09200000	8017.01800000	8011.14800000	7995.30200000	8032.04000000	8011.32000000	8051.15000000	8039.10800000	7983.75600000	7971.46400000	8027.49600000	8008.91200000	8022.55000000	8020.10200000	8024.54400000	8014.26000000	7951.04200000	7938.92400000	8020.86200000	8005.39600000	7982.76000000	7969.03600000	8021.95200000	8011.97000000	7987.98400000	7971.63600000	8005.34400000	8002.74600000	8028.21200000	8012.93800000	8031.23400000	8017.32400000	8028.77872000	8016.16448000
2896381909.54773855	8091.17200000	8080.12200000	8086.92400000	8071.80200000	8034.66000000	8025.84400000	8041.94000000	8028.13400000	8065.51800000	8053.05600000	8055.97600000	8044.07400000	8051.49200000	8041.41400000	8029.71000000	8021.54400000	8048.93200000	8034.35200000	8046.75400000	8029.40800000	8034.23200000	8026.21400000	8033.62000000	8019.63200000	8044.67200000	8035.15000000	8046.31600000	8037.09200000	8021.22200000	8007.34400000	8025.72600000	8009.58400000	8017.09800000	8011.69600000	7962.72200000	7956.24600000	8008.99600000	8000.71200000	8005.49800000	7994.81600000	7982.12200000	7965.18400000	8015.24800000	8007.10000000	7977.24600000	7958.05400000	8013.59000000	7996.38400000	7988.35800000	7970.86000000	8029.18976000	8017.03272000
2896884422.11055279	8102.06200000	8092.93200000	8082.05000000	8077.51000000	8076.48000000	8065.23800000	8094.00800000	8078.58200000	8063.50000000	8044.30800000	8042.33200000	8028.11200000	8053.85000000	8038.09000000	8034.65400000	8019.34600000	8036.72600000	8025.33400000	8015.71200000	8007.02600000	8042.79400000	8033.95400000	8052.32600000	8036.02200000	8026.72000000	8015.89600000	8008.84600000	7992.51000000	8012.82400000	7995.10400000	7992.63200000	7984.38600000	7970.97200000	7956.17800000	8010.35800000	7996.51200000	7995.66800000	7980.40000000	7994.43000000	7989.38800000	8018.86800000	8007.90000000	8021.72800000	8006.67600000	8011.84800000	7997.48800000	8026.66400000	8010.99400000	8058.22200000	8048.37200000	8033.85096000	8021.13032000
2897386934.67336702	8109.16200000	8092.89800000	8092.63200000	8074.76600000	8032.24200000	8019.85800000	8045.70400000	8037.42600000	8064.30000000	8050.83400000	8076.34800000	8060.14800000	8092.60400000	8082.13600000	8082.43000000	8065.87200000	8046.49600000	8031.24200000	8032.32400000	8013.80000000	8043.78000000	8029.29800000	8003.84600000	7994.20000000	8034.05600000	8017.91600000	8060.77400000	8053.57600000	8018.46000000	8000.03400000	8035.01800000	8015.42200000	8018.26400000	8009.22200000	7981.51800000	7968.92200000	8024.83400000	8011.72400000	8030.66000000	8025.09800000	8019.05200000	7994.87200000	8014.58000000	8001.46000000	8033.09400000	8017.44400000	8026.39600000	8017.67000000	8023.45800000	8006.11600000	8041.68128000	8027.67816000
2897889447.23618078	8080.90400000	8070.49000000	8091.64600000	8077.48400000	8048.87200000	8041.38200000	8025.58800000	8009.59600000	8055.05400000	8042.82000000	8061.74600000	8054.07400000	8071.67400000	8062.48200000	8056.51200000	8042.71400000	8044.12600000	8032.18600000	8014.56600000	7996.47200000	8030.72200000	8008.67200000	8014.08400000	8011.33800000	8033.28600000	8020.63800000	8037.44200000	8028.42800000	8034.86600000	8023.15400000	7998.16200000	7982.59000000	8055.99400000	8044.74200000	7964.53600000	7959.01000000	8033.07200000	8016.55800000	8022.84600000	8006.58200000	7983.42800000	7973.42600000	8005.17200000	8000.19400000	8007.89600000	7997.33600000	8006.20600000	7994.47400000	8014.05800000	8008.69200000	8031.69832000	8020.22136000
2898391959.79899502	8101.99800000	8091.33600000	8077.91600000	8060.86200000	8079.30600000	8063.91200000	8097.03800000	8079.01000000	8068.72000000	8058.07200000	8034.38000000	8020.94400000	8047.45800000	8033.62400000	8036.15400000	8018.00000000	8020.66400000	8008.72400000	8017.05800000	8009.26600000	8033.98800000	8016.91200000	8034.20600000	8020.26400000	8027.12800000	8016.98000000	8000.18000000	7993.16200000	8011.89200000	8000.24000000	7985.22000000	7968.04200000	7999.56000000	7984.03800000	8013.58600000	7994.55000000	7977.95800000	7970.25600000	7982.68400000	7967.40800000	8019.02600000	8005.34400000	8009.82400000	7992.34400000	8035.80800000	8020.63600000	8046.34800000	8031.06000000	8047.93800000	8022.93800000	8032.24152000	8017.91696000
2898894472.36180925	8072.92000000	8057.23200000	8101.20200000	8082.98000000	8059.72200000	8048.08800000	8046.65000000	8039.14000000	8002.40600000	7983.47600000	8064.77200000	8052.57000000	8062.72800000	8050.25800000	8024.67400000	8010.36800000	8069.16800000	8053.75600000	8032.51800000	8017.82600000	8031.37800000	8019.42200000	8000.65800000	7984.91800000	8045.71000000	8031.81600000	8003.51600000	7986.14800000	8030.12400000	8023.13400000	8032.68200000	8023.49200000	7996.03800000	7987.08200000	7988.96800000	7971.60400000	8000.89600000	7979.25400000	8015.35600000	8000.80600000	8022.27200000	8011.19200000	7940.54800000	7924.62800000	8036.26600000	8026.02200000	8027.61400000	8009.46200000	8024.88200000	8013.87600000	8029.34672000	8015.54200000
2899396984.92462301	8096.92200000	8084.71800000	8080.89800000	8064.98600000	8074.38200000	8055.41800000	8094.75600000	8082.90000000	8062.44000000	8048.22400000	8023.64400000	8008.58800000	8050.02000000	8043.17800000	8056.96400000	8038.62400000	8041.55800000	8028.42400000	7991.59600000	7983.97200000	8029.75200000	8014.37800000	8042.01200000	8022.27600000	8035.43600000	8027.81600000	8042.45600000	8023.63400000	8033.64400000	8016.91000000	7994.85800000	7984.42400000	7995.90800000	7984.10000000	7998.00200000	7987.83800000	8014.11200000	7997.46600000	7996.42000000	7976.86000000	8002.30200000	7980.54800000	8009.25000000	8002.05800000	8012.32200000	7995.68000000	8031.67200000	8012.73400000	8052.62200000	8037.24000000	8034.55792000	8020.11976000
2899899497.48743725	8100.26000000	8086.35800000	8091.67600000	8082.18200000	8051.56400000	8032.57400000	8030.73600000	8028.31600000	8090.78000000	8075.75400000	8054.86600000	8043.68000000	8042.00000000	8030.29000000	8041.75200000	8029.76600000	8035.18600000	8026.78400000	8025.29400000	8014.22400000	8029.60200000	8024.09200000	8047.15000000	8039.40600000	8036.53200000	8019.61000000	8057.15200000	8038.02000000	8036.12400000	8021.15800000	8019.22000000	8003.89600000	7988.68200000	7970.87000000	7958.44000000	7941.50600000	8020.44600000	8010.40200000	7987.16200000	7978.59800000	7991.15600000	7979.14600000	8005.46000000	7991.80000000	8000.65600000	7984.39200000	8029.13600000	8024.81800000	8027.13200000	8016.57000000	8031.92656000	8019.76848000
2900402010.05025148	8043.00600000	8027.31400000	8062.76000000	8037.14000000	8093.13800000	8080.15800000	8052.03600000	8035.16000000	8007.78600000	7996.35200000	8064.66600000	8058.60400000	8058.77600000	8041.65000000	8054.14400000	8044.12200000	8072.47600000	8057.83400000	8041.54600000	8034.18800000	8031.74200000	8017.00400000	8016.45200000	8006.46200000	8040.16600000	8023.74400000	8045.18800000	8036.28600000	8016.33000000	7999.15600000	8025.56400000	8008.67000000	8004.83400000	7989.39000000	7974.43800000	7958.52400000	8005.04600000	7998.56600000	8029.42200000	8013.81400000	8004.40600000	7995.64000000	8016.15800000	8000.08000000	8015.13400000	8003.02200000	8027.09600000	8013.31200000	8042.06600000	8019.65800000	8033.77504000	8019.83400000
2900904522.61306524	8092.96200000	8078.55600000	8080.24800000	8067.51800000	8060.12000000	8041.67000000	8040.56000000	8029.52600000	8082.40200000	8067.95800000	8043.09400000	8038.07400000	8041.34600000	8025.31200000	8059.49000000	8041.97200000	8055.04600000	8035.97400000	8047.62000000	8027.77200000	8059.59600000	8041.87400000	8033.38200000	8014.07600000	8031.33800000	8011.69800000	8051.07000000	8036.40200000	8029.21200000	8011.24200000	8040.46400000	8022.68200000	8016.00800000	7995.45600000	7995.51800000	7981.34000000	8019.55000000	8002.49800000	8002.41200000	7996.39800000	7994.89400000	7986.21000000	7988.42200000	7978.13400000	7998.58600000	7985.73400000	7984.76000000	7970.08000000	7981.38600000	7964.64800000	8033.17944000	8018.11216000
2901407035.17587948	8044.01200000	8032.24000000	8081.88800000	8065.05600000	8052.12600000	8039.22200000	8071.85200000	8064.83600000	8072.26000000	8056.74600000	8069.21600000	8050.81400000	8053.23400000	8040.32200000	8068.87200000	8055.20000000	8030.12800000	8012.93200000	8046.58800000	8025.95000000	8011.03000000	7998.23800000	8040.67200000	8021.11600000	8052.59000000	8044.21800000	7989.32400000	7976.87600000	8029.69600000	8009.12800000	8038.98800000	8030.19200000	8017.38000000	8007.54400000	7929.46400000	7909.55800000	8026.24600000	8004.36800000	8032.07800000	8010.62600000	8002.52600000	7993.81400000	7998.50000000	7990.26200000	8007.69800000	7997.57600000	8013.30200000	8002.32600000	8035.98800000	8013.67200000	8032.62632000	8018.11328000
2901909547.73869324	8080.58800000	8065.96800000	8098.64400000	8087.71200000	8075.97800000	8056.95000000	8081.01400000	8071.43600000	8069.43400000	8052.51600000	8086.78000000	8066.69600000	8062.12000000	8058.79600000	8076.17600000	8064.70600000	8078.92400000	8066.13800000	7975.86600000	7959.20600000	8020.12200000	8000.90600000	8010.37400000	7989.87000000	8044.53800000	8031.64200000	8049.52600000	8043.22000000	8032.02800000	8016.99200000	8021.07800000	8010.18800000	8035.74200000	8015.58200000	7964.98800000	7943.51000000	8030.90000000	8014.55200000	8030.91400000	8018.53600000	7999.06400000	7989.87200000	7996.73800000	7976.71400000	8026.86000000	8012.51800000	8025.70000000	8011.61800000	8041.07800000	8032.72600000	8040.60696000	8026.34280000
2902412060.30150747	8093.51200000	8074.29000000	8083.64600000	8069.65000000	8059.49800000	8049.31600000	8041.03600000	8030.42200000	8020.86800000	8002.66000000	8070.55000000	8047.82600000	8042.07400000	8028.24400000	8051.60200000	8033.38600000	8071.58600000	8052.94800000	8039.58400000	8025.25800000	8018.85000000	8004.05400000	8013.28800000	7999.58600000	8047.49200000	8028.43600000	8032.12000000	8019.25400000	8017.94400000	8006.66400000	8046.07400000	8026.51000000	8009.77200000	7988.76800000	7983.93600000	7967.84400000	8005.13000000	7992.01000000	8017.30000000	8004.20800000	8014.35600000	8001.19200000	7960.15600000	7954.20600000	8026.40000000	8014.41600000	7965.57800000	7952.50200000	8014.07400000	7998.74200000	8029.85704000	8014.89568000
2902914572.86432171	8089.56600000	8071.14000000	8110.19800000	8093.96000000	8094.15400000	8084.59800000	8068.73200000	8052.00000000	8040.89800000	8015.67800000	8080.36600000	8067.37600000	8034.08200000	8015.55000000	8060.73000000	8040.22200000	8076.87200000	8064.52800000	8050.76800000	8035.93600000	8062.04400000	8039.30400000	8051.89800000	8031.41000000	8034.52800000	8023.61800000	8039.05000000	8018.00800000	8026.75200000	8012.20000000	8039.03000000	8016.80000000	7984.17400000	7966.72200000	7965.47400000	7951.17800000	8000.73000000	7979.52200000	7979.86400000	7966.34800000	7999.36200000	7984.37200000	8009.33200000	8004.07400000	8021.76400000	8007.43000000	7991.08800000	7980.64800000	8017.75200000	8001.48800000	8037.16832000	8020.96440000
2903417085.42713547	8089.73200000	8076.28200000	8069.59800000	8055.50800000	8070.27400000	8061.09200000	8089.91800000	8067.66400000	8059.05200000	8044.38400000	8079.71200000	8069.49600000	8069.08000000	8049.38000000	8049.41600000	8029.51600000	8044.10400000	8028.58200000	8002.34200000	7989.71000000	8022.59200000	8008.32800000	8047.56800000	8030.97200000	8037.38800000	8013.35200000	7891.89000000	7883.45200000	8031.64200000	8012.65000000	8036.63800000	8018.03000000	8022.11400000	7999.19600000	7929.85600000	7919.19600000	7985.74200000	7973.77800000	8016.99000000	8001.93000000	8002.13400000	7983.37400000	8002.53400000	7989.44000000	8033.56200000	8019.94400000	8018.40800000	8003.40000000	8006.07400000	7988.02000000	8028.33440000	8012.66704000
2903919597.98994970	8102.57000000	8085.65400000	8079.97200000	8061.54600000	8079.89600000	8059.73000000	8052.75200000	8035.51000000	8090.50200000	8068.17800000	8054.49200000	8031.19200000	8035.57400000	8021.32400000	8062.72200000	8043.97000000	8061.42000000	8044.16400000	8051.34800000	8036.73400000	8041.92600000	8040.74400000	8026.12200000	8012.04400000	8027.81800000	8015.77200000	8059.89000000	8051.33200000	8033.50800000	8016.70800000	8008.28200000	7985.72400000	8029.19600000	8014.05800000	7999.03400000	7979.59200000	8006.68800000	7983.96600000	8012.51400000	7992.28000000	7986.42400000	7971.15200000	8022.20200000	8014.59600000	8000.96200000	7979.43200000	8009.49000000	7995.22400000	8009.04800000	7987.68400000	8037.77408000	8021.13240000
2904422110.55276394	8088.95200000	8072.63200000	8079.51000000	8062.41200000	8035.48400000	8025.46600000	8071.67800000	8052.03800000	8051.95000000	8038.06200000	8081.56000000	8059.33200000	8052.74000000	8038.82200000	8030.90800000	8015.38600000	8038.37200000	8017.57600000	8030.41000000	8006.35400000	8009.40000000	7995.90600000	8041.86600000	8019.16800000	8064.32600000	8049.57200000	8004.66800000	7986.94400000	8030.17800000	8014.32400000	7908.98600000	7921.90200000	8034.95400000	8015.73000000	7954.31400000	7938.31000000	8014.67800000	7997.37600000	8030.56000000	8011.97400000	7991.46000000	7979.98800000	8002.08600000	7986.95000000	8007.57400000	7993.79000000	8041.21600000	8027.15600000	8010.21200000	7995.15400000	8028.32168000	8012.89296000
2904924623.11557770	8092.98600000	8080.33400000	8107.26800000	8092.12800000	8098.53000000	8078.01200000	8080.91800000	8070.66200000	8028.06600000	8008.60400000	8080.96400000	8061.21600000	8054.68800000	8034.63000000	8066.78200000	8050.17400000	8068.61400000	8055.17400000	8040.80800000	8017.46800000	8020.69400000	8007.92200000	8016.31400000	7993.44600000	8033.90200000	8021.37000000	8027.05600000	8013.97400000	8029.34200000	8008.82600000	8033.19800000	8017.91400000	8000.02200000	7983.96400000	7983.87200000	7968.70600000	8028.54000000	8015.00400000	8027.93600000	8014.15400000	8011.08400000	7997.71200000	8007.62200000	7982.13800000	8046.84600000	8029.78800000	8026.61400000	8013.18400000	8007.04600000	7992.11600000	8040.78848000	8024.34480000
2905427135.67839193	8102.10400000	8085.46800000	8083.52400000	8066.49800000	8086.91200000	8069.97800000	8064.16800000	8050.90600000	8053.63200000	8040.90400000	8065.07400000	8045.22000000	8057.41200000	8042.22200000	8033.17400000	8020.57200000	8040.27600000	8024.09600000	8027.74800000	8023.05200000	8030.27400000	8003.79600000	8037.45600000	8014.26200000	8052.31600000	8030.93600000	8047.77400000	8029.35200000	8025.48200000	8009.63400000	8039.09200000	8022.96200000	8021.30200000	8006.87600000	7954.77400000	7939.70400000	8004.21800000	7990.28200000	8029.21600000	8010.48400000	8018.08000000	7995.73400000	8008.89000000	7986.96200000	8001.36600000	7989.98200000	7993.31400000	7976.78200000	7958.69400000	7950.33400000	8033.45088000	8017.07992000
2905929648.24120617	8070.24000000	8065.91000000	8072.86800000	8059.44800000	8019.38600000	8015.76600000	8087.65400000	8074.34600000	8044.51200000	8033.11200000	8058.85600000	8053.03400000	8056.27800000	8035.09000000	8043.29000000	8031.98600000	8036.20000000	8015.02600000	8042.01400000	8023.22200000	7997.12600000	7977.48400000	8039.12000000	8028.47600000	8036.25000000	8014.56200000	8019.97800000	8007.62400000	8041.58000000	8024.77000000	8019.30400000	7996.68600000	8012.88800000	8004.17400000	8001.73600000	7989.84800000	7993.19800000	7980.55200000	8005.92200000	7998.47200000	8015.74800000	7996.35000000	8002.22200000	7988.30000000	8025.96000000	8014.98400000	8019.23200000	8017.33200000	8004.26400000	7991.71000000	8030.63304000	8017.53056000
2906432160.80401993	8090.26200000	8070.92000000	8105.21400000	8083.62000000	8063.16400000	8049.46800000	8087.58800000	8057.87400000	8034.03800000	8021.51800000	8081.53000000	8061.59200000	8014.38400000	7999.97800000	8041.49800000	8028.53800000	8040.14800000	8017.62400000	8032.28800000	8009.41000000	8036.01400000	8020.77400000	8052.13600000	8033.36400000	8033.29400000	8016.64600000	8040.73400000	8022.13400000	8026.60800000	8011.78400000	8042.33400000	8026.47000000	7983.16400000	7974.88800000	7973.74400000	7961.65600000	8017.49400000	7998.20000000	8028.76600000	8004.68600000	7991.01800000	7976.15400000	8001.04200000	7982.93800000	8006.14600000	7994.40400000	8021.88800000	8004.64800000	8027.46200000	8008.69000000	8034.87832000	8017.51912000
2906934673.36683416	8095.32000000	8074.07000000	8074.15800000	8056.56200000	8028.63800000	8005.89600000	8079.49400000	8065.88400000	8056.50200000	8042.54800000	8059.75200000	8045.65600000	8064.97000000	8049.70200000	8047.53000000	8033.02400000	8028.88200000	8010.37600000	8041.94200000	8023.37400000	8010.88200000	7998.39200000	8008.29800000	7995.70200000	8059.56200000	8043.53200000	8026.51400000	8010.53400000	8020.29800000	8004.27000000	8013.59200000	7994.10400000	8017.18200000	7992.58600000	7999.82000000	7980.25600000	8000.51400000	7989.04800000	8014.68400000	8000.51400000	8025.93600000	8000.67400000	8013.64600000	7995.04600000	8021.30600000	8002.78600000	8013.59800000	7992.75600000	8025.27200000	8011.60400000	8033.93168000	8016.75584000
2907437185.92964840	8039.87000000	8031.65600000	8070.33000000	8056.34000000	8093.93200000	8074.90600000	8091.52600000	8072.30200000	8062.64000000	8044.20600000	8060.74200000	8042.38800000	8040.70600000	8019.83600000	8047.25200000	8033.60600000	8038.33200000	8025.06800000	8018.13600000	8004.68200000	8008.57600000	7985.89400000	8038.76000000	8020.16800000	8059.19800000	8034.88000000	8011.36000000	7995.67200000	8024.29000000	8000.65000000	8020.68600000	8002.83400000	7990.98600000	7969.64600000	7964.20400000	7944.64600000	8010.31600000	7994.45800000	8049.99000000	8031.54200000	8001.87400000	7993.40000000	8017.76200000	7994.98800000	8014.04400000	7993.05800000	8041.14800000	8026.06200000	8037.72400000	8013.52600000	8034.17536000	8016.25656000
2907939698.49246216	8093.13200000	8068.69200000	8090.03200000	8071.89800000	8061.85400000	8040.68800000	8055.31000000	8039.01000000	8081.14000000	8059.04200000	8024.58800000	8006.95400000	8067.41600000	8049.22800000	8051.65800000	8033.19600000	8053.20600000	8042.12200000	8056.01200000	8034.57400000	8037.36000000	8026.47200000	8040.21200000	8022.09800000	8037.82000000	8018.60800000	8064.18000000	8048.06000000	8029.68800000	8020.17200000	8035.80600000	8019.30200000	8035.63600000	8010.72400000	7977.49000000	7957.91400000	8029.62600000	8008.96400000	8007.78600000	7989.45600000	7996.89800000	7982.96400000	7999.44400000	7987.59200000	8002.41600000	7975.40800000	8014.52800000	7996.90600000	8012.92400000	7995.03000000	8038.24648000	8020.20296000
2908442211.05527639	8074.27600000	8058.52800000	8093.91600000	8077.54200000	8084.28600000	8066.22400000	8041.37600000	8024.77800000	7993.88200000	7983.05200000	8045.34400000	8034.78200000	8034.95800000	8021.15800000	8051.80800000	8033.53800000	8075.08000000	8060.72400000	8046.58400000	8031.00200000	8047.28600000	8024.35000000	8026.84400000	8011.35800000	8062.39000000	8035.74200000	8033.38400000	8018.76600000	8018.35400000	8003.15400000	8048.24800000	8031.17400000	8000.40400000	7985.91000000	7994.78200000	7981.54800000	8018.36000000	7998.97400000	8001.79800000	7985.21400000	8018.42000000	8002.35800000	7985.14600000	7962.45200000	7999.24200000	7974.36400000	8034.89200000	8015.76800000	8047.75800000	8031.52000000	8035.15272000	8018.15920000
2908944723.61809063	8057.52000000	8038.15200000	8075.70400000	8069.98600000	8095.25200000	8078.21600000	8075.32600000	8056.23400000	8093.14600000	8079.16400000	8077.52600000	8060.68200000	8043.31400000	8029.22000000	8030.90200000	8011.22200000	8030.72400000	8014.88000000	8029.87200000	8006.26600000	8029.44200000	8006.40600000	8032.63400000	8020.84400000	8058.53600000	8026.02200000	7998.12400000	7976.03200000	8018.02000000	8002.72800000	8032.12000000	8017.67200000	8014.23600000	7993.14200000	7968.93000000	7954.72200000	8026.23000000	8011.26600000	8028.16400000	8022.39200000	7962.81600000	7945.94800000	8015.64200000	8004.81400000	8018.54800000	7999.87200000	8002.02200000	7987.96000000	7990.32800000	7981.14200000	8032.20312000	8015.79936000
2909447236.18090439	8101.77400000	8090.83600000	8099.18400000	8079.12800000	8061.56600000	8045.54000000	8076.33600000	8067.05400000	8061.40800000	8048.13800000	8075.74800000	8066.84800000	8066.33600000	8049.74600000	8049.47600000	8034.37000000	8021.72800000	8011.22200000	8029.09800000	8016.77000000	8047.25200000	8030.90000000	8040.09200000	8022.31600000	8029.90000000	8019.04600000	8056.35000000	8034.05400000	8020.80400000	8001.74000000	8019.54800000	8010.25000000	7958.52200000	7944.10200000	7957.13000000	7948.24800000	8013.13000000	8000.92600000	8019.64800000	7992.68000000	8007.66200000	7993.91800000	8013.29400000	7991.50400000	8004.95000000	7993.20000000	8018.30400000	8008.71000000	8002.66800000	7986.86800000	8034.07632000	8019.52456000
2909949748.74371862	8079.16000000	8071.19400000	8084.79600000	8068.04200000	8079.19000000	8058.97200000	8068.52200000	8060.31800000	8058.97000000	8048.41800000	8029.51600000	8011.98200000	8050.84000000	8031.16000000	7995.06200000	7974.25800000	8054.70000000	8035.47600000	8034.00000000	8009.60800000	8024.39000000	8001.93800000	8040.36000000	8027.58400000	8021.12800000	7993.62200000	8052.64200000	8032.14000000	8046.66000000	8019.39800000	8067.83400000	8040.28600000	8037.52400000	8018.04000000	7990.13000000	7972.95800000	8004.03200000	7988.82000000	8040.22000000	8017.70800000	8022.50800000	8009.12200000	7996.15800000	7990.92200000	7982.28400000	7955.29600000	8017.02000000	8004.03200000	8021.92400000	8000.82600000	8035.98280000	8017.68480000
2910452261.30653286	8100.10000000	8089.53800000	8061.48200000	8052.91400000	8030.59400000	8015.87400000	8022.04400000	8008.63000000	8067.61800000	8047.94800000	8095.13200000	8078.59400000	8091.08000000	8070.07000000	8087.29400000	8065.86800000	8064.00400000	8046.35000000	8026.79800000	8005.22800000	8047.36400000	8031.19600000	7983.18400000	7960.50600000	8045.03000000	8017.44800000	8070.00200000	8054.85800000	8015.40800000	7988.31600000	8029.81600000	8015.15600000	8018.45000000	8008.83000000	7980.33000000	7961.24800000	8011.88200000	8000.98400000	8026.11200000	8022.50200000	8029.36000000	8019.29600000	7962.40800000	7957.90200000	8014.12400000	8008.17400000	8006.56000000	7995.80000000	8009.91200000	7999.36200000	8035.84352000	8020.90368000
2910954773.86934662	8073.00400000	8070.94400000	8094.01600000	8085.49600000	8059.92800000	8053.07400000	8077.82600000	8072.22000000	8075.57400000	8060.20400000	8093.35800000	8075.97200000	8046.49400000	8036.73200000	8074.24200000	8053.07200000	8080.10600000	8067.13200000	8027.39000000	8017.17000000	8026.50800000	8003.59600000	8028.17000000	8010.76200000	8038.11000000	8012.91600000	8036.51800000	8025.04400000	8032.04800000	8014.63800000	8039.97400000	8020.38800000	8030.22800000	8011.51400000	7984.94600000	7963.60800000	8032.54000000	8015.24800000	8034.03000000	8018.13000000	8001.93600000	7981.17800000	8012.25400000	8002.91600000	8022.07000000	8015.24600000	8010.39000000	7995.29000000	8053.15000000	8027.36200000	8043.39240000	8028.39408000
2911457286.43216085	8114.54600000	8101.81600000	8074.72000000	8054.89600000	8031.37800000	8025.79400000	8046.82400000	8023.89400000	8044.42000000	8027.04600000	8065.02200000	8031.37600000	8094.45600000	8074.69400000	8088.43000000	8073.68000000	8062.46400000	8044.98600000	8030.66800000	8022.08000000	8038.51200000	8019.54000000	8009.01000000	7988.73000000	8033.94600000	8018.76200000	8058.15600000	8044.61000000	8040.36400000	8013.46800000	8030.64600000	8013.53000000	8036.94000000	8011.95000000	7969.40400000	7957.13000000	8008.30600000	7992.80800000	8028.06000000	8017.18400000	8032.63800000	8015.88800000	8004.13200000	7977.74800000	8032.98400000	8012.42200000	8026.00200000	8012.47200000	7973.29200000	7959.52800000	8039.01280000	8021.44128000
2911959798.99497509	8106.92200000	8092.19200000	8096.34800000	8076.98200000	8058.06200000	8046.18000000	8085.43800000	8056.23600000	8079.06400000	8057.74600000	8068.30400000	8065.68800000	8055.22800000	8039.22400000	8071.70800000	8048.19800000	8055.04600000	8033.60400000	8033.82400000	8020.59400000	8024.92600000	8010.59600000	8024.07800000	8007.57600000	8048.97800000	8034.11400000	7982.68800000	7967.84200000	8035.62200000	8012.66600000	8000.89400000	7991.42400000	8017.80400000	7996.63000000	7957.97000000	7940.63800000	8012.89600000	7997.63200000	7997.98000000	7982.59600000	8011.12000000	7999.25200000	7987.64400000	7976.74600000	8007.50400000	7996.60000000	8033.72400000	8018.84000000	8034.40400000	8011.75200000	8035.52704000	8019.26192000
2912462311.55778885	8133.83800000	8113.90200000	8080.02000000	8067.99400000	8090.51200000	8075.18200000	8072.17800000	8052.10800000	8072.30600000	8059.67000000	8061.37600000	8048.27200000	8051.68200000	8033.03200000	8074.52400000	8051.02400000	8073.75800000	8056.66800000	8039.69600000	8020.09000000	8062.82800000	8049.70000000	8041.30000000	8022.25000000	8037.13800000	8024.07400000	8035.08000000	8011.40400000	8005.25200000	7987.63000000	8010.18400000	7994.41200000	7962.98400000	7936.00400000	7953.84000000	7937.89800000	8009.48400000	7992.45600000	8016.04000000	7997.84800000	7992.61000000	7980.17800000	8004.17000000	7991.32800000	8018.61000000	7997.11400000	8015.48200000	7995.98200000	8038.91600000	8020.82800000	8038.15232000	8020.68192000
2912964824.12060308	8105.18600000	8087.35200000	8088.10200000	8069.61000000	8079.48000000	8067.26400000	8062.81800000	8042.63800000	8086.20000000	8070.88000000	8075.87800000	8055.12600000	8057.23200000	8041.53000000	8052.10600000	8033.93400000	8035.56400000	8024.13800000	8026.33000000	8010.96400000	8041.67000000	8023.94000000	8048.53000000	8020.56400000	8046.24200000	8027.23600000	8060.66600000	8038.17400000	8026.96800000	8006.75200000	8037.58800000	8018.04200000	8007.85200000	7990.98600000	7973.63200000	7954.75400000	8025.50800000	8014.35000000	8009.27000000	8000.08800000	7997.46800000	7983.49800000	8006.74400000	7991.76000000	8017.41000000	7995.57800000	8027.16000000	8007.23400000	7948.75600000	7920.11600000	8037.77440000	8019.86032000
2913467336.68341732	8084.73200000	8066.42600000	8091.52200000	8075.43400000	8099.02400000	8076.21200000	8072.90600000	8047.96800000	8030.65200000	8007.93400000	8061.60400000	8046.58000000	8049.36800000	8031.88600000	8055.28200000	8040.08200000	8074.09000000	8049.51600000	8047.68600000	8025.78400000	8041.32800000	8022.00200000	8024.96000000	7997.69800000	8047.58600000	8033.33000000	8041.44400000	8030.56400000	8029.60200000	8013.38000000	8043.95600000	8025.57000000	8024.82200000	8004.10200000	7991.84400000	7978.03600000	8008.88400000	7987.16400000	8024.44000000	8003.90400000	8014.01400000	7996.01000000	7959.63600000	7936.99600000	8019.25000000	8014.69200000	8037.46400000	8019.49800000	8018.82200000	8008.70200000	8039.79672000	8021.57880000
2913969849.24623108	8063.43600000	8042.91200000	8072.67800000	8052.85800000	8109.41200000	8086.03000000	8056.90800000	8043.97800000	8056.49400000	8038.07000000	8056.65600000	8035.31400000	8059.36000000	8045.41000000	8045.45200000	8032.45600000	8040.34400000	8022.93400000	8022.73400000	8005.31600000	8026.17400000	8007.41200000	8031.83200000	8018.82600000	8058.36000000	8041.54400000	8028.94000000	8016.80600000	8026.76400000	8013.08000000	8037.06400000	8017.74200000	8012.50600000	7993.58000000	7974.92800000	7956.78800000	8049.12600000	8027.45400000	8034.73200000	8025.33200000	7996.32800000	7975.44000000	8005.54000000	7989.74200000	8016.64800000	8001.32800000	8039.01200000	8023.95400000	8038.15800000	8020.10200000	8038.38344000	8021.37632000
2914472361.80904531	8104.32800000	8086.62600000	8077.20800000	8063.69000000	8051.56000000	8039.56400000	8063.27000000	8047.79600000	8090.90400000	8077.29000000	8055.54800000	8036.39400000	8059.09200000	8042.42000000	8063.82400000	8044.96400000	8031.70200000	8017.46400000	8052.02600000	8034.92800000	8038.47600000	8023.18200000	8039.30800000	8026.81600000	8013.37000000	7999.06800000	8060.81800000	8039.82600000	8027.19400000	8013.21400000	8047.49800000	8026.31600000	8019.95800000	7997.85200000	8003.21400000	7981.30400000	8028.94800000	8000.08400000	8031.98600000	8015.60800000	8007.02600000	7986.77400000	7999.69800000	7982.02200000	8000.77600000	7983.96000000	8003.40000000	7982.02600000	8001.61600000	7986.68600000	8038.90992000	8021.43496000
2914974874.37185907	8123.48800000	8101.89000000	8072.15600000	8059.63800000	8038.85600000	8013.67400000	8036.18400000	8019.81000000	8083.66600000	8072.17000000	8103.13000000	8079.89200000	8080.81000000	8066.55800000	8072.04800000	8059.02800000	8051.39200000	8029.28000000	8035.26400000	8015.23600000	8019.18200000	8011.45400000	8016.07800000	7993.97800000	8042.48800000	8019.88400000	8057.07200000	8041.85000000	8019.80800000	7996.23200000	8029.60800000	8012.60400000	8041.05800000	8016.84800000	7966.17000000	7947.35600000	8024.16600000	8011.90000000	8007.17200000	7990.14800000	7972.06200000	7955.35600000	8005.92000000	7994.01800000	8006.54200000	7983.85200000	8018.43400000	8005.62400000	8021.49600000	8005.80000000	8037.77000000	8020.16320000
2915477386.93467331	8101.54600000	8086.32400000	8109.93200000	8098.11200000	8069.86200000	8051.58400000	8080.75400000	8065.25600000	8070.99400000	8053.24600000	8099.29600000	8081.41000000	8084.73000000	8064.83200000	8079.76600000	8059.64000000	8062.31400000	8043.20000000	8034.83200000	8017.68200000	8026.00200000	8007.86000000	8022.68200000	8005.17000000	8050.56200000	8037.58400000	8044.64600000	8025.00400000	8019.78800000	7999.26000000	8017.82800000	7998.11600000	8027.17000000	8003.24600000	7985.52400000	7969.24600000	8051.27400000	8038.81800000	8016.36600000	7999.04600000	8019.86600000	7997.52600000	8010.22600000	7994.28600000	8031.94000000	8019.60000000	8006.20400000	7995.50600000	8052.54400000	8030.02800000	8047.06592000	8029.66328000
2915979899.49748755	8095.35000000	8078.59000000	8091.30200000	8068.14800000	8075.58000000	8055.04000000	8077.54800000	8048.38200000	8052.10600000	8032.54000000	8063.41000000	8039.88000000	8039.33800000	8018.39400000	8054.08600000	8034.09800000	8027.89600000	8005.02600000	8014.28000000	7988.44000000	8008.12800000	7988.49200000	8015.53400000	8003.30400000	8077.24400000	8061.16200000	8011.61600000	8001.93600000	8016.80800000	8006.74000000	8026.46200000	8003.76200000	8026.56600000	8009.91600000	7957.78800000	7933.79600000	8001.27600000	7983.19000000	8014.44800000	8001.01400000	8004.73200000	7983.76800000	8005.07000000	7985.31400000	8012.65000000	7990.74400000	8032.41400000	8020.08400000	8027.39200000	8017.39000000	8033.16096000	8014.36600000
2916482412.06030130	8101.95200000	8085.57000000	8113.61600000	8093.21000000	8087.13400000	8064.81200000	8089.79800000	8070.37200000	8041.90600000	8018.67200000	8076.76600000	8060.11600000	8073.67000000	8053.06400000	8069.19200000	8054.42800000	8078.76800000	8060.22600000	8025.28000000	8011.00000000	8041.08000000	8011.34400000	8024.39800000	8009.40400000	7987.72600000	7969.60000000	8017.19200000	7997.82800000	8033.61800000	8015.21400000	8043.52600000	8026.41600000	8015.75400000	7991.57800000	7979.68200000	7969.26600000	8032.29800000	8015.93000000	8044.17400000	8025.55600000	8023.89000000	8009.91800000	7992.12600000	7968.44800000	8034.82600000	8017.26600000	8028.80400000	8014.06200000	8053.40200000	8037.17200000	8044.42312000	8026.01888000
2916984924.62311554	8036.49000000	8018.98600000	8063.80200000	8042.64600000	8098.18200000	8078.94600000	8074.43200000	8063.24800000	8075.79800000	8057.89000000	8046.97600000	8034.60200000	8055.95000000	8041.08000000	8044.74800000	8029.25200000	8029.91200000	8014.92600000	8030.13600000	8011.17000000	8040.04200000	8022.48400000	8053.84600000	8035.38400000	8038.78600000	8016.17200000	8018.09000000	8005.63800000	8008.64600000	7996.82400000	8042.40200000	8023.63600000	8009.48600000	7988.10000000	7964.52400000	7945.48600000	8031.83200000	8011.52400000	8020.91400000	8007.58200000	8020.85600000	7999.25400000	8018.77000000	7999.49200000	8014.96800000	7995.58600000	8029.62400000	8011.49800000	8022.03000000	8000.80200000	8035.64968000	8018.08832000
2917487437.18592978	8092.74000000	8076.15000000	8097.28200000	8074.27200000	8070.95400000	8053.78400000	8069.18200000	8046.68000000	8056.27800000	8041.17000000	8035.72600000	8017.07000000	8067.55000000	8049.99800000	8057.06400000	8044.23000000	8021.35200000	8002.80200000	8025.21000000	8004.91600000	8021.91200000	8005.88800000	8016.15600000	8001.89800000	8066.03000000	8050.88800000	8004.68000000	7986.61800000	8022.09800000	8002.96000000	8007.92000000	7987.69000000	8022.21000000	8013.73000000	7970.07200000	7951.23800000	8027.74400000	8011.06800000	8019.92400000	8009.10400000	8016.12600000	8002.53200000	8004.24800000	7983.42000000	8026.81000000	8013.00400000	8015.86400000	8005.39000000	8030.11200000	8010.59000000	8034.60976000	8017.88360000
2917989949.74874353	8097.62000000	8080.56400000	8093.93400000	8081.06200000	8060.27600000	8048.26800000	8096.54200000	8084.30400000	8080.56200000	8056.31800000	8046.29800000	8019.06200000	8070.50400000	8048.63400000	8073.45800000	8051.00200000	8033.46200000	8024.61400000	8027.87000000	8010.10200000	8036.44000000	8016.39400000	8044.12200000	8025.74000000	8043.30600000	8026.07800000	8034.57000000	8016.64000000	8026.97800000	8012.82200000	8011.47000000	7991.29800000	7988.98800000	7969.83800000	8024.25400000	8004.72200000	7998.41600000	7986.27000000	8004.86000000	7987.16800000	8025.08000000	8004.33200000	8021.75400000	8007.27600000	8018.01400000	8003.19600000	8032.92800000	8010.67600000	8035.65000000	8018.65400000	8041.09424000	8023.40136000
2918492462.31155777	8098.93600000	8081.72200000	8079.75200000	8061.25400000	8054.64800000	8039.06600000	8064.93800000	8039.65400000	8086.17000000	8062.79600000	8066.30800000	8046.41000000	8064.80600000	8047.80800000	8053.69600000	8036.82800000	8035.52200000	8024.14600000	8004.33800000	7986.17000000	8042.07000000	8020.28000000	8043.44800000	8027.39400000	8053.27000000	8034.13600000	8068.96200000	8054.89000000	8023.93000000	8009.94200000	8037.21200000	8020.79000000	7982.86000000	7968.91000000	7983.47000000	7962.31800000	8021.86600000	7996.46200000	8023.98800000	8012.49600000	7994.38600000	7977.47400000	8022.48800000	8001.17000000	8014.02800000	7994.35800000	8024.90400000	8003.82000000	8003.42000000	7985.05800000	8037.97664000	8019.81408000
2918994974.87437201	8100.76400000	8085.28200000	8066.49800000	8045.07600000	8070.48000000	8047.68600000	8054.31800000	8036.43600000	8085.79800000	8073.13200000	8053.99600000	8032.80800000	8063.08200000	8042.38200000	8037.72600000	8026.29600000	8062.21600000	8037.86400000	8049.65800000	8037.56400000	8048.97000000	8023.89800000	8031.46200000	8016.75200000	8025.75400000	8006.03600000	8061.62800000	8043.14000000	8040.74000000	8023.55400000	8031.62400000	8016.80800000	8029.28600000	8006.15800000	7988.21200000	7969.00400000	8036.79200000	8012.71400000	8013.02000000	7996.91000000	8010.38800000	7989.27800000	8025.89800000	8005.38200000	8005.20200000	7989.00600000	8037.05600000	8012.80800000	8017.13400000	7988.31200000	8041.90808000	8022.57144000
2919497487.43718576	8093.71000000	8073.59000000	8087.14400000	8072.64200000	8075.86200000	8053.54800000	8042.96600000	8027.16200000	8096.41000000	8076.45600000	8059.53200000	8046.50200000	8084.93800000	8062.71000000	8057.53800000	8045.16600000	8062.53200000	8040.40800000	8041.22600000	8017.27400000	8051.17800000	8032.64000000	8026.80200000	8019.53200000	8008.80200000	7998.11200000	8053.26200000	8027.87400000	8054.14200000	8039.04000000	8004.12200000	7989.77800000	8047.70000000	8033.28200000	7965.83600000	7963.44000000	8008.72000000	7988.54600000	8012.30400000	7999.77400000	7990.93200000	7981.83000000	8012.65200000	7990.85000000	7948.92800000	7934.96800000	7997.94000000	7983.75600000	7965.86400000	7942.44400000	8034.04168000	8017.65296000
2920000000.00000000	8099.64400000	8085.99000000	8093.56400000	8082.31200000	8059.51000000	8040.32000000	8061.52600000	8051.05200000	8068.32400000	8042.45600000	8057.02600000	8036.93000000	8051.33600000	8031.36400000	8038.86200000	8026.36000000	8044.71800000	8015.31200000	8056.08200000	8038.93200000	8026.24000000	8005.75400000	8033.81000000	8014.54200000	8078.12600000	8056.82600000	8027.83400000	8008.72600000	8034.61600000	8013.06800000	8025.47200000	8003.74200000	8028.66200000	8006.33600000	7986.22800000	7967.49800000	8014.21400000	8001.93800000	8020.55000000	8003.42600000	7987.24800000	7984.49600000	8005.19000000	7990.13200000	8032.41600000	8018.70000000	8013.37000000	7999.93000000	7991.04200000	7985.92600000	8037.42440000	8020.48272000
