freq	PL_sig1	PL_ref1	PL_sig2	PL_ref2	PL_sig3	PL_ref3	PL_sig4	PL_ref4	PL_sig5	PL_ref5	PL_sig6	PL_ref6	PL_sig7	PL_ref7	PL_sig8	PL_ref8	PL_sig9	PL_ref9	PL_sig10	PL_ref10	PL_sig11	PL_ref11	PL_sig12	PL_ref12	PL_sig13	PL_ref13	PL_sig14	PL_ref14	PL_sig15	PL_ref15	PL_sig16	PL_ref16	PL_sig17	PL_ref17	PL_sig18	PL_ref18	PL_sig19	PL_ref19	PL_sig20	PL_ref20	PL_sig21	PL_ref21	PL_sig22	PL_ref22	PL_sig23	PL_ref23	PL_sig24	PL_ref24	PL_sig25	PL_ref25	avgPL_sig	avgPL_ref
2820000000.00000000	6985.69200000	6975.76800000	7001.44200000	6987.06400000	6992.49000000	6983.27400000	6967.34600000	6964.91200000	7135.24200000	7125.50000000	7083.71400000	7078.18000000	7042.79800000	7023.47000000	7079.60800000	7074.85400000	7127.10000000	7120.77000000	7112.00000000	7097.70600000	7111.19800000	7098.14800000	7104.37600000	7086.28800000	7091.18600000	7080.28800000	7121.63200000	7112.23200000	7164.53600000	7159.84600000	7232.16800000	7226.21200000	7177.05000000	7176.90400000	7176.11200000	7170.66800000	7153.38600000	7142.17000000	7156.31600000	7142.15400000	7225.60600000	7215.03400000	7122.77400000	7113.10800000	7109.30800000	7088.26800000	7117.27200000	7100.44800000	7140.88600000	7120.48800000	7109.24952000	7098.55016000
2820502512.56281424	6944.98600000	6939.60800000	7032.77600000	7021.55200000	7052.22600000	7040.62800000	7033.25000000	7023.50400000	7052.47400000	7044.19200000	7128.23000000	7119.65400000	7148.01800000	7135.43600000	7097.81800000	7080.03200000	7156.27800000	7136.84600000	7171.89800000	7163.98600000	7130.76800000	7118.94600000	7151.34200000	7136.03200000	7044.90400000	7035.57600000	7099.02800000	7091.75200000	7133.18800000	7129.91000000	7092.84200000	7083.01000000	7201.11400000	7185.37600000	7180.67000000	7171.34400000	7160.56000000	7147.56200000	7111.85600000	7101.14400000	7125.22400000	7130.40800000	7098.26000000	7096.24800000	7187.63000000	7185.98800000	7123.63400000	7121.13400000	7109.90800000	7102.17000000	7110.75528000	7101.68152000
2821005025.12562799	6951.65000000	6937.24200000	7052.73600000	7045.50600000	7010.86200000	6993.38000000	6976.06800000	6962.99000000	7016.37200000	7009.27000000	7029.51400000	7021.90800000	7101.48400000	7095.10000000	7094.47000000	7075.95800000	7125.24800000	7116.00400000	7139.46800000	7119.28600000	7160.62200000	7151.70800000	7129.70800000	7120.47200000	7150.25600000	7139.13600000	7121.23600000	7112.02400000	7172.94000000	7156.51200000	7088.64600000	7080.28600000	7209.50000000	7202.45000000	7157.48800000	7137.90000000	7159.44600000	7149.29200000	7197.01600000	7181.65600000	7221.43000000	7213.25400000	7137.73200000	7132.60200000	7126.36200000	7120.11800000	7151.70800000	7134.05400000	7228.67800000	7211.28200000	7116.42560000	7104.77560000
2821507537.68844223	6968.60000000	6957.47600000	6908.93000000	6897.59200000	7051.96200000	7037.16400000	7081.73600000	7074.40800000	7091.68200000	7083.33000000	7070.85400000	7057.82600000	7104.06600000	7090.74000000	7092.21600000	7074.25600000	7122.76800000	7106.27600000	7098.01800000	7094.10200000	7143.57600000	7140.28200000	7132.80600000	7119.57000000	7085.59000000	7066.89800000	7211.10200000	7199.84400000	7193.10200000	7181.46000000	7163.30800000	7152.21200000	7187.64200000	7176.00800000	7166.98600000	7152.77800000	7167.63400000	7157.63400000	7231.07800000	7217.76400000	7190.94200000	7172.08600000	7077.94400000	7067.49400000	7131.18600000	7126.96200000	7113.96400000	7091.27600000	7128.95000000	7123.99200000	7116.66568000	7104.77720000
2822010050.25125647	6884.87400000	6875.27600000	6998.65200000	6988.58400000	7008.64000000	7003.44400000	7009.03000000	7008.46000000	7078.78200000	7068.74600000	7093.70600000	7088.23600000	7079.57800000	7068.05600000	7081.38000000	7067.69800000	7122.29000000	7101.56800000	7082.19000000	7065.20000000	7126.54200000	7119.48000000	7104.65600000	7097.48600000	7159.69000000	7149.75800000	7152.23200000	7141.96600000	7167.57000000	7161.77200000	7168.32000000	7147.83800000	7170.53000000	7156.81800000	7146.68400000	7134.75800000	7175.83000000	7168.98200000	7132.94800000	7124.15200000	7149.64000000	7134.58600000	7156.73000000	7149.72600000	7103.67200000	7095.00800000	7124.06200000	7118.18200000	7176.43200000	7171.66600000	7106.18640000	7096.29784000
2822512562.81407022	7014.05400000	7002.92200000	7036.17600000	7028.61600000	6961.50200000	6953.01000000	7022.44800000	7004.90200000	7118.55800000	7106.79000000	7107.57400000	7096.47600000	7098.92600000	7092.56600000	7053.92200000	7040.39200000	7094.52200000	7078.22600000	7195.62000000	7188.26000000	7118.67000000	7108.71000000	7197.66200000	7190.42200000	7100.33600000	7091.44400000	7170.14800000	7152.07400000	7172.97400000	7154.92800000	7186.34200000	7177.65200000	7168.96400000	7155.22000000	7153.51200000	7142.76000000	7138.10000000	7124.89800000	7226.87600000	7209.52800000	7198.50400000	7187.22600000	7142.49000000	7123.30800000	7233.86200000	7216.59400000	7157.50400000	7140.48600000	7190.97600000	7172.38600000	7130.40888000	7117.59184000
2823015075.37688446	6952.34400000	6936.46600000	7016.19600000	7006.81400000	7049.78200000	7033.75000000	6993.69200000	6981.16200000	7087.26800000	7084.25800000	7070.86000000	7059.21400000	7049.15800000	7042.79800000	7108.16400000	7090.04200000	7086.02200000	7072.87800000	7199.28800000	7179.09600000	7114.24800000	7108.14200000	7180.27000000	7168.20800000	7040.60400000	7029.50600000	7154.47800000	7138.78000000	7143.28200000	7126.37400000	7143.58200000	7125.29000000	7192.81000000	7178.56600000	7176.96200000	7162.10800000	7140.23200000	7117.96200000	7172.67600000	7161.58600000	7120.95400000	7112.02200000	7179.70600000	7166.46600000	7166.27000000	7153.88000000	7073.09200000	7062.12600000	7110.32600000	7095.27400000	7108.89064000	7095.71072000
2823517587.93969870	7012.38800000	7007.56200000	6970.76800000	6966.14600000	7031.48600000	7020.57800000	7073.41800000	7064.45800000	7151.03400000	7135.19400000	7097.47400000	7090.19400000	7044.14200000	7037.71600000	7067.63600000	7059.05400000	7072.24200000	7069.60000000	7078.26800000	7062.44800000	7138.32000000	7124.75200000	7165.09400000	7145.75000000	7145.40600000	7137.73600000	7183.73800000	7165.75200000	7166.75600000	7148.45000000	7166.40200000	7150.39800000	7223.49200000	7210.04000000	7170.48400000	7160.84400000	7192.94000000	7181.49800000	7164.90600000	7152.53200000	7175.09200000	7165.53200000	7110.94400000	7106.19200000	7104.99000000	7100.11600000	7150.04600000	7144.80800000	7154.54600000	7143.82200000	7120.48048000	7110.04688000
2824020100.50251245	6958.34800000	6954.61000000	6993.67800000	6980.41200000	7026.61600000	7014.17600000	7014.17000000	6999.38400000	7103.73600000	7100.47600000	7087.88000000	7070.34400000	7084.46000000	7073.70600000	7148.24000000	7131.39000000	7124.07000000	7111.38000000	7129.71200000	7116.61400000	7152.05800000	7141.64600000	7118.21400000	7109.71600000	7087.71600000	7080.61600000	7194.28200000	7182.20400000	7173.35200000	7160.31400000	7195.00200000	7178.21000000	7130.79000000	7115.28200000	7107.52200000	7095.30600000	7176.11200000	7153.76800000	7208.60400000	7202.78800000	7131.10600000	7118.33200000	7131.00400000	7115.11800000	7150.31600000	7137.90800000	7114.91200000	7099.36000000	7181.32800000	7151.57000000	7116.92912000	7103.78520000
2824522613.06532669	6977.77600000	6969.68400000	6963.24200000	6951.19000000	7006.39200000	6998.30800000	7024.90600000	7021.84600000	7016.98400000	7007.48800000	7104.11200000	7086.26000000	7101.12600000	7084.61400000	7168.40000000	7160.47400000	7118.30200000	7107.14200000	7165.95800000	7151.47600000	7080.72600000	7062.15600000	7088.73000000	7072.08000000	7142.35200000	7128.75800000	7184.69200000	7177.30000000	7139.09600000	7130.46000000	7182.71400000	7168.66400000	7132.66200000	7115.45200000	7097.34000000	7078.92400000	7213.92200000	7206.96600000	7213.70800000	7192.67000000	7228.58400000	7223.56600000	7156.87600000	7154.04200000	7156.60000000	7143.65400000	7142.82800000	7127.61200000	7081.43400000	7073.46400000	7115.57848000	7103.77000000
2825025125.62814093	6968.80000000	6960.32400000	6916.91000000	6909.30800000	6976.36200000	6963.02400000	7053.88800000	7033.96800000	7066.67800000	7048.72800000	7116.86800000	7100.41800000	7028.27800000	7015.57800000	7051.68000000	7037.63400000	7125.24200000	7113.98400000	7133.06000000	7126.78200000	7132.96800000	7109.88400000	7152.48400000	7132.62200000	7109.35200000	7093.27600000	7184.14800000	7163.84200000	7089.07600000	7079.68000000	7181.40000000	7173.66800000	7176.42200000	7155.73600000	7124.11600000	7103.22200000	7164.88200000	7140.45200000	7165.64400000	7161.64800000	7227.82000000	7220.35800000	7138.83600000	7134.39200000	7142.87000000	7138.35800000	7132.96400000	7121.22200000	7140.65400000	7130.87400000	7108.05608000	7094.75928000
2825527638.19095469	7009.50600000	6997.84400000	7054.81400000	7042.41800000	6974.59200000	6972.95200000	7064.69200000	7050.65400000	7135.31200000	7128.23400000	7081.36400000	7074.85400000	7091.11600000	7076.44600000	7128.37600000	7120.00200000	7082.56400000	7071.03800000	7126.92800000	7114.14600000	7158.09600000	7148.66200000	7163.30400000	7146.65000000	7171.79600000	7159.67600000	7182.09400000	7170.63400000	7181.60000000	7168.41000000	7132.79400000	7123.14000000	7179.66800000	7169.83200000	7180.63000000	7165.40400000	7186.25000000	7183.78000000	7207.92200000	7187.77800000	7198.25000000	7191.96600000	7121.19000000	7115.86800000	7098.77600000	7098.55800000	7125.13200000	7114.08000000	7141.37200000	7135.84400000	7127.12552000	7117.15480000
2826030150.75376892	6945.33000000	6935.97600000	7036.10200000	7031.79600000	7042.92400000	7025.31800000	7047.18400000	7021.19200000	7084.59200000	7069.24600000	7090.35000000	7079.93800000	7099.42600000	7085.34400000	7098.62800000	7088.26200000	7161.08000000	7152.56600000	7161.15800000	7149.50600000	7170.28600000	7148.37000000	7132.75200000	7128.48600000	7071.52400000	7053.21400000	7103.09800000	7088.63200000	7122.30200000	7109.31600000	7111.25000000	7097.07000000	7199.78200000	7187.82200000	7172.34800000	7155.26000000	7145.95800000	7133.43000000	7065.34600000	7059.04800000	7165.34400000	7155.18600000	7122.92000000	7106.20600000	7199.50600000	7186.89800000	7160.41200000	7141.56400000	7109.63000000	7096.13400000	7112.76928000	7099.43120000
2826532663.31658268	6976.82000000	6965.49800000	6976.57600000	6975.24600000	6988.49800000	6977.86800000	7064.88000000	7052.85000000	7165.91400000	7163.19000000	7096.36600000	7078.21400000	7044.04200000	7033.33600000	7126.57200000	7111.86600000	7056.99200000	7038.68600000	7167.59000000	7150.45200000	7082.81800000	7068.90600000	7101.68400000	7096.82400000	7173.97200000	7153.99000000	7195.92600000	7185.19800000	7174.51800000	7164.64200000	7171.45800000	7151.76800000	7139.07800000	7135.70600000	7163.60600000	7152.75000000	7185.70800000	7172.96600000	7204.11600000	7180.09200000	7181.63600000	7168.07800000	7154.56000000	7145.93200000	7242.65200000	7234.96000000	7145.84800000	7135.06200000	7128.94000000	7117.05800000	7124.43080000	7112.44552000
2827035175.87939692	6996.73200000	6976.83200000	6987.98600000	6976.32400000	6960.03600000	6952.98400000	7058.25400000	7040.94800000	7080.25600000	7069.01800000	7043.12000000	7021.37600000	7083.40000000	7075.70200000	7066.41600000	7056.69800000	7130.50600000	7124.37600000	7081.87400000	7070.21800000	7133.18200000	7119.89600000	7119.32800000	7114.71200000	7126.00200000	7107.05000000	7159.93800000	7144.89800000	7195.43600000	7184.32400000	7150.85200000	7135.41800000	7151.12600000	7137.88000000	7189.27800000	7173.22400000	7166.43400000	7154.45000000	7133.92000000	7124.57600000	7148.96400000	7125.02600000	7119.20400000	7106.30200000	7114.20000000	7103.55000000	7188.60600000	7174.36600000	7165.55000000	7144.48600000	7110.02400000	7096.58536000
2827537688.44221115	6952.40800000	6938.06800000	7047.44400000	7041.53400000	7069.29800000	7054.47200000	7032.45000000	7028.26600000	7052.79000000	7036.83800000	7086.15400000	7072.22400000	7125.77400000	7110.44800000	7118.91600000	7097.42000000	7131.31000000	7119.23600000	7175.34200000	7164.76400000	7138.46000000	7125.72600000	7124.02400000	7112.48400000	7097.93000000	7084.18200000	7153.31200000	7141.07000000	7165.67200000	7149.61600000	7203.36200000	7193.93800000	7162.07800000	7151.41800000	7171.78400000	7151.11800000	7181.75800000	7171.13800000	7196.50200000	7178.07600000	7147.47400000	7119.80600000	7170.81400000	7147.53600000	7169.80600000	7152.99600000	7047.68000000	7032.36200000	7155.61200000	7143.40000000	7123.12616000	7108.72544000
2828040201.00502491	6968.45600000	6963.79400000	7030.39800000	7024.66200000	7023.41000000	7018.04400000	7034.31800000	7022.20400000	7015.59000000	7001.38800000	7041.72800000	7040.37600000	7054.66200000	7031.29600000	7129.72800000	7118.22800000	6999.36600000	6987.92800000	7131.87600000	7117.95400000	7030.29200000	7027.67800000	7096.66200000	7086.92400000	7114.23200000	7101.82200000	7131.53200000	7118.38200000	7189.94600000	7179.90400000	7170.14200000	7159.70400000	7205.79200000	7197.73000000	7214.74400000	7201.47200000	7180.83800000	7173.28800000	7241.09000000	7234.64600000	7083.61400000	7079.04000000	7032.74600000	7022.53400000	7132.12000000	7127.21200000	7154.74200000	7150.30600000	7081.29600000	7070.86200000	7099.57280000	7090.29512000
2828542713.56783915	7017.37600000	6997.69600000	7066.83800000	7049.30600000	6961.37400000	6954.82800000	6997.24000000	6987.73000000	7114.32400000	7101.14200000	7123.41800000	7105.35600000	7064.54600000	7065.23400000	7067.49200000	7050.87600000	7094.85600000	7084.55200000	7183.09000000	7173.04400000	7118.04800000	7104.29600000	7184.85400000	7165.05400000	7108.31200000	7092.71600000	7161.15200000	7150.41000000	7194.26200000	7183.80000000	7190.97200000	7182.65600000	7176.37600000	7165.60000000	7140.96400000	7120.48400000	7147.74600000	7139.77800000	7239.70400000	7225.18800000	7211.46600000	7209.73600000	7132.01200000	7123.62000000	7219.73000000	7205.86800000	7158.05800000	7149.97600000	7183.75400000	7169.57600000	7130.31856000	7118.34088000
2829045226.13065338	6944.32800000	6938.82200000	6912.51200000	6904.19000000	6931.37600000	6922.32200000	7027.80000000	7010.53200000	7031.93400000	7018.04000000	7112.86200000	7102.75600000	7070.00400000	7055.53000000	7046.72400000	7028.97200000	7087.04200000	7081.32800000	7120.90400000	7111.31000000	7136.15200000	7113.91600000	7139.64600000	7133.09800000	7118.72600000	7108.99400000	7187.02800000	7178.04200000	7094.83000000	7077.52400000	7172.00600000	7159.21200000	7188.53800000	7172.12200000	7087.80200000	7081.65400000	7183.26800000	7167.25800000	7155.71400000	7141.21200000	7257.28000000	7233.84800000	7175.80400000	7154.81200000	7117.24000000	7111.00200000	7085.59200000	7072.52000000	7140.71200000	7123.10400000	7101.03296000	7088.08480000
2829547738.69346714	7016.13800000	7002.32800000	7030.49000000	7015.49800000	6993.57800000	6977.00200000	7039.10400000	7024.49600000	7121.19200000	7104.34800000	7090.24800000	7074.46600000	7085.50400000	7072.61000000	7041.04800000	7032.06600000	7082.25600000	7072.21000000	7208.18400000	7191.39800000	7102.17200000	7088.20200000	7211.83400000	7198.07800000	7098.95600000	7096.61600000	7164.65000000	7145.54800000	7188.66800000	7170.33000000	7184.68600000	7175.44600000	7155.66400000	7144.92600000	7156.91400000	7149.06200000	7110.40000000	7091.83200000	7216.52000000	7194.84200000	7184.37200000	7169.57200000	7137.69400000	7129.65600000	7237.04200000	7224.93600000	7165.24800000	7151.97800000	7180.48800000	7168.49800000	7128.12200000	7114.63776000
2830050251.25628138	7000.33800000	6983.93400000	6975.52000000	6965.39000000	6948.30000000	6939.60000000	7047.29800000	7025.57200000	7079.68000000	7073.80600000	7040.79800000	7018.61800000	7069.66800000	7061.36400000	7079.69600000	7068.96800000	7132.66000000	7124.37400000	7109.80800000	7095.14200000	7138.72400000	7122.74200000	7126.95800000	7119.02600000	7139.76800000	7128.48600000	7164.91400000	7141.41600000	7209.73400000	7195.63400000	7124.62000000	7111.34600000	7148.95400000	7136.02800000	7187.52600000	7181.85400000	7150.17200000	7134.21400000	7130.62400000	7125.08800000	7129.89600000	7114.22000000	7115.26800000	7108.75400000	7134.27800000	7116.58000000	7162.11600000	7149.86400000	7136.73800000	7122.05200000	7107.36224000	7094.56288000
2830552763.81909561	7002.13000000	6995.13000000	7013.68800000	7005.30400000	7013.33200000	7003.17600000	7022.90400000	7005.60200000	7066.22000000	7047.88800000	7075.26400000	7055.21400000	7084.87200000	7077.32000000	7133.21800000	7125.16400000	7127.37400000	7124.23800000	7154.73800000	7142.42800000	7149.29400000	7131.70000000	7142.06200000	7129.82200000	7164.29200000	7163.29600000	7151.75800000	7140.94400000	7108.28200000	7105.77400000	7168.78600000	7162.30600000	7187.89200000	7172.97400000	7167.92800000	7158.01800000	7184.72600000	7183.04000000	7156.32200000	7151.91200000	7218.97200000	7211.18800000	7151.60000000	7145.07400000	7114.59800000	7100.92400000	7103.86200000	7100.94800000	7148.46600000	7134.23000000	7120.50320000	7110.94456000
2831055276.38190937	6964.79600000	6950.78800000	7015.63200000	7009.53000000	7040.78400000	7039.67400000	7033.88000000	7023.67000000	7067.84600000	7055.04800000	7075.63600000	7050.58000000	7022.90600000	7009.30800000	7077.64400000	7063.79200000	7086.14000000	7066.48000000	7077.71400000	7064.50200000	7107.51800000	7090.36000000	7125.35600000	7116.79800000	7097.57400000	7083.10800000	7137.94000000	7123.18000000	7194.85800000	7176.61000000	7152.95400000	7141.67600000	7215.86200000	7200.86200000	7138.49000000	7123.86200000	7165.93600000	7151.74400000	7180.53600000	7171.52200000	7226.77800000	7210.70000000	7143.29800000	7136.29200000	7101.30600000	7096.31800000	7103.65600000	7098.16000000	7109.97800000	7102.37000000	7106.60072000	7094.27736000
2831557788.94472361	6962.99600000	6946.17200000	6957.20200000	6943.09200000	7008.14400000	7003.62400000	6971.17600000	6952.49800000	7053.88200000	7036.58000000	7117.81400000	7109.18800000	7044.50800000	7043.59000000	7106.63400000	7098.67400000	7144.73800000	7136.30400000	7066.34400000	7048.76000000	7189.89600000	7173.77600000	7084.73800000	7075.62200000	7164.43200000	7146.42400000	7171.63600000	7155.22800000	7154.30400000	7143.17000000	7186.86000000	7167.33400000	7199.41200000	7185.01000000	7076.74600000	7065.03800000	7167.06000000	7154.25200000	7129.38000000	7111.50600000	7224.73600000	7209.80200000	7154.56600000	7144.48000000	7194.53800000	7195.15000000	7139.01400000	7126.49000000	7177.17000000	7166.70400000	7113.91704000	7101.53872000
2832060301.50753784	6990.79200000	6974.64600000	6980.75800000	6971.47200000	6988.23200000	6969.98200000	7051.74000000	7038.77000000	7154.89600000	7143.59000000	7089.82600000	7074.04400000	7047.28800000	7034.90000000	7125.38800000	7117.29200000	7039.26800000	7024.08200000	7161.48000000	7148.20800000	7071.71200000	7064.07600000	7122.74200000	7109.59600000	7159.72600000	7149.07600000	7213.36200000	7200.43000000	7182.82400000	7167.63000000	7177.10200000	7154.50200000	7133.58400000	7129.75000000	7178.00000000	7171.11800000	7173.45000000	7168.22400000	7207.34600000	7197.29400000	7166.87400000	7153.09800000	7141.28600000	7127.76600000	7235.67000000	7232.87800000	7155.07200000	7143.67600000	7120.54400000	7104.69800000	7122.75848000	7110.83192000
2832562814.07035160	6993.01600000	6975.14000000	7023.91400000	7015.40600000	6983.82200000	6977.71000000	7030.61200000	7019.25800000	7080.96600000	7067.88000000	7036.53400000	7032.14600000	7077.40000000	7070.73000000	7067.13000000	7056.16600000	7071.96600000	7062.39200000	7065.55200000	7046.80400000	7136.57400000	7129.77200000	7122.77000000	7113.00200000	7141.24600000	7124.84000000	7164.05400000	7151.14400000	7163.73600000	7150.97200000	7170.45600000	7149.90200000	7265.82200000	7253.57600000	7159.49600000	7139.58400000	7191.36400000	7183.12000000	7096.62600000	7080.77400000	7191.74800000	7191.65800000	7149.22600000	7148.08200000	7167.96200000	7159.92200000	7138.23000000	7122.79800000	7186.29200000	7163.88000000	7115.06056000	7103.46632000
2833065326.63316584	6976.29000000	6964.58800000	7008.69600000	6993.70400000	7006.34000000	6993.16200000	6960.01800000	6956.31000000	7133.67400000	7117.37800000	7072.54400000	7069.00200000	7025.67200000	7011.31800000	7065.81800000	7065.26400000	7115.30800000	7112.65800000	7099.83600000	7082.92200000	7125.58200000	7108.21800000	7100.60800000	7093.19600000	7101.15600000	7097.55600000	7127.29000000	7118.95400000	7173.16800000	7161.09400000	7238.52600000	7228.56600000	7168.41800000	7171.56800000	7186.61600000	7182.50600000	7172.86800000	7159.27200000	7152.16600000	7144.13600000	7225.91600000	7219.34000000	7136.90800000	7120.66600000	7101.86800000	7098.06000000	7104.31200000	7086.36600000	7110.83000000	7100.66000000	7107.61712000	7098.25856000
2833567839.19598007	6922.78600000	6909.80800000	6984.99800000	6969.48400000	7014.31600000	6999.53200000	7052.64400000	7036.10200000	7070.83400000	7056.87600000	7127.30400000	7122.98400000	7000.26600000	6996.09400000	7077.92600000	7065.06800000	7089.26800000	7070.41000000	7071.77600000	7072.50000000	7118.66000000	7103.80600000	7096.72600000	7084.81200000	7072.27000000	7057.19000000	7099.61800000	7079.29200000	7200.83600000	7185.76800000	7200.76400000	7190.46600000	7212.93800000	7192.12600000	7158.89600000	7135.42400000	7205.88800000	7190.53000000	7121.72000000	7118.14000000	7127.87800000	7117.45000000	7208.10200000	7202.29200000	7149.67600000	7138.28200000	7186.56800000	7163.51600000	7176.99200000	7163.30400000	7109.98600000	7096.85024000
2834070351.75879383	6961.81000000	6949.35200000	6993.65800000	6974.92600000	7071.83000000	7062.13000000	6971.15800000	6958.26000000	7037.08600000	7027.99000000	7074.71000000	7069.99000000	7089.74600000	7077.29000000	7105.42400000	7098.65600000	7136.73800000	7123.18400000	7172.18000000	7157.68200000	7104.85400000	7082.72600000	7152.66200000	7137.46800000	7105.62000000	7090.28000000	7185.48000000	7165.54400000	7134.67200000	7122.23600000	7154.12200000	7152.17200000	7147.33200000	7147.77400000	7168.57000000	7153.98000000	7198.52400000	7184.53400000	7192.59800000	7179.76000000	7154.19800000	7136.32400000	7189.42600000	7173.44600000	7159.77800000	7159.82400000	7142.28200000	7134.25000000	7059.05200000	7048.21600000	7114.54040000	7102.71976000
2834572864.32160807	6956.82800000	6947.29000000	7048.84600000	7044.24800000	7079.74400000	7070.22400000	7053.23800000	7041.29600000	7087.00200000	7080.15400000	7088.94200000	7073.76600000	7126.85800000	7116.09200000	7097.50600000	7079.67400000	7150.10800000	7139.30400000	7161.28400000	7149.43000000	7099.71400000	7083.82200000	7130.46000000	7122.26600000	7132.04400000	7121.41000000	7164.96400000	7139.73000000	7179.05400000	7161.71200000	7194.57600000	7185.84200000	7142.06400000	7131.18200000	7144.91400000	7139.10400000	7145.27600000	7136.78600000	7165.27800000	7152.34800000	7200.20000000	7188.96400000	7180.80600000	7167.06800000	7163.88200000	7157.41600000	7071.67600000	7065.84000000	7126.66400000	7129.21600000	7123.67712000	7112.96736000
2835075376.88442230	6956.76000000	6952.52600000	6987.41600000	6983.46400000	7024.16600000	7010.97200000	7036.05200000	7011.42600000	7047.63000000	7043.08800000	7084.49000000	7073.74600000	7071.37200000	7049.32000000	7083.18200000	7067.18400000	7081.44800000	7066.16000000	7090.84200000	7083.28600000	7092.08000000	7085.06600000	7102.66600000	7091.60200000	7098.07200000	7088.47800000	7175.14000000	7156.67600000	7177.41200000	7158.48800000	7117.14000000	7109.87800000	7224.39400000	7210.52600000	7177.85000000	7164.30200000	7133.58600000	7126.30400000	7172.97800000	7161.98000000	7215.80000000	7197.75400000	7107.31000000	7108.54600000	7113.88200000	7095.39000000	7152.54800000	7141.28800000	7178.11600000	7161.60600000	7108.09328000	7095.96224000
2835577889.44723606	6973.19400000	6959.87600000	7007.13800000	6992.97600000	7038.10000000	7023.47400000	6997.83800000	6993.05800000	7097.36800000	7079.31000000	7064.53400000	7050.79600000	7018.22200000	7004.27600000	7088.83400000	7081.78200000	7102.19600000	7094.51000000	7078.98600000	7061.66800000	7090.90800000	7081.09800000	7122.15800000	7113.98000000	7130.37000000	7115.82600000	7112.01200000	7101.31400000	7193.53600000	7186.27600000	7234.59000000	7221.28600000	7190.92400000	7179.74400000	7166.63400000	7149.45000000	7175.39200000	7155.26400000	7173.40200000	7157.23600000	7236.68000000	7229.54200000	7152.80000000	7136.49400000	7113.24000000	7104.54400000	7114.48400000	7102.40400000	7124.50600000	7116.03400000	7111.92184000	7099.68872000
2836080402.01005030	6982.53400000	6964.42800000	7024.77200000	7012.30800000	7034.13800000	7016.59400000	7058.71400000	7047.85400000	7119.37400000	7107.18400000	7082.37000000	7076.83400000	7061.24600000	7049.32200000	7036.01000000	7026.22800000	7129.51000000	7112.59800000	7108.88600000	7101.97600000	7111.27800000	7089.52600000	7155.76400000	7139.84800000	7147.68600000	7128.68000000	7163.24600000	7143.54400000	7169.56200000	7161.98800000	7177.50000000	7165.81600000	7177.83400000	7162.49800000	7183.99000000	7169.76200000	7159.49200000	7154.23800000	7173.34600000	7166.24000000	7195.01800000	7175.78200000	7111.30400000	7104.44000000	7112.58400000	7098.19000000	7180.03800000	7169.58400000	7125.79200000	7116.77800000	7119.27952000	7106.48960000
2836582914.57286453	6969.83600000	6958.77000000	6974.69200000	6978.46600000	6981.72400000	6967.49000000	7032.62200000	7019.12800000	7081.24400000	7072.85600000	7062.35800000	7052.55200000	7115.19000000	7096.42400000	7073.50400000	7066.22600000	7119.43200000	7112.83200000	7042.60800000	7036.19400000	7109.90000000	7098.17000000	7110.72200000	7110.79600000	7103.51200000	7092.99600000	7160.99800000	7147.96200000	7192.40800000	7193.10200000	7184.66000000	7176.87800000	7150.48000000	7135.04800000	7174.50400000	7168.10600000	7180.59200000	7172.66600000	7161.36200000	7143.54200000	7171.81000000	7165.21000000	7104.90000000	7092.42200000	7127.24800000	7114.39200000	7157.53400000	7152.89000000	7195.81800000	7186.67400000	7109.58632000	7100.47168000
2837085427.13567829	6935.83800000	6927.97000000	6975.14200000	6971.78600000	6944.61400000	6948.20600000	6983.67600000	6978.30200000	7095.65400000	7095.48400000	7121.96000000	7122.66200000	7078.02000000	7069.41600000	7053.94800000	7047.97200000	7074.70000000	7066.59600000	7144.73800000	7127.93800000	7109.31200000	7100.31800000	7107.63400000	7102.39600000	7149.69000000	7140.60600000	7142.89400000	7127.70600000	7195.38000000	7187.46600000	7130.69400000	7114.30800000	7246.39200000	7237.59600000	7211.50600000	7215.93800000	7151.49800000	7138.67000000	7165.31000000	7161.67000000	7210.55000000	7205.42000000	7099.89400000	7100.79600000	7084.65200000	7075.22600000	7158.30400000	7146.18400000	7175.83000000	7168.50600000	7109.91320000	7103.16552000
2837587939.69849253	6976.75200000	6963.83800000	7010.62400000	6994.56800000	7041.98600000	7034.53600000	7028.14600000	7013.46200000	7011.40200000	6991.35600000	7044.32600000	7041.27200000	7039.72800000	7019.52800000	7139.90000000	7132.47000000	7039.59400000	7023.54000000	7128.20600000	7112.60800000	7033.89400000	7021.78600000	7099.40800000	7077.78800000	7106.16400000	7093.48600000	7129.77800000	7114.29800000	7179.67200000	7169.00800000	7141.20800000	7131.28600000	7206.59000000	7200.04400000	7187.55400000	7190.87800000	7166.46800000	7157.55800000	7243.01000000	7232.71400000	7108.24200000	7092.94000000	7034.52000000	7031.81800000	7106.10600000	7103.55400000	7145.64400000	7128.93800000	7113.02400000	7096.71400000	7098.47784000	7086.79952000
2838090452.26130676	6996.39000000	6980.01000000	6960.14400000	6947.95400000	7067.37400000	7052.26400000	7069.59600000	7065.74800000	7012.49800000	7003.76000000	7074.56000000	7060.29000000	7034.23600000	7022.10400000	7115.75200000	7099.97200000	7144.30600000	7136.32600000	7123.38200000	7107.27400000	7146.47600000	7129.44200000	7120.16200000	7106.26800000	7131.91000000	7122.30800000	7169.16800000	7152.85800000	7211.60200000	7195.88800000	7153.42800000	7138.16600000	7181.59200000	7157.92400000	7130.51600000	7114.60400000	7213.29800000	7206.11400000	7215.63600000	7208.15800000	7222.29400000	7214.08200000	7099.09800000	7095.41800000	7122.26800000	7101.99600000	7161.14600000	7151.97200000	7158.20800000	7138.68400000	7121.40160000	7108.38336000
2838592964.82412052	7000.89400000	6990.22000000	7011.15800000	6996.52200000	7006.56200000	6996.25400000	7077.96800000	7067.79000000	7090.62400000	7074.36800000	7114.33000000	7100.70600000	7064.36000000	7049.76200000	7044.85600000	7042.59800000	7071.26800000	7066.32800000	7136.97000000	7133.48400000	7162.72200000	7148.86400000	7168.98200000	7160.16800000	7119.27600000	7112.87800000	7162.30200000	7150.26600000	7213.85200000	7209.04000000	7162.58200000	7148.56800000	7190.04800000	7176.85000000	7092.92200000	7086.15600000	7175.93000000	7169.10800000	7178.86400000	7159.09400000	7208.52400000	7203.78600000	7160.66200000	7146.07400000	7179.07400000	7173.13200000	7167.27800000	7161.39600000	7167.82600000	7159.05600000	7125.19336000	7115.29872000
2839095477.38693476	6956.50000000	6947.40600000	7066.10600000	7058.98000000	7004.43400000	7000.75800000	6968.59000000	6956.45600000	7007.02000000	6992.71400000	7049.81000000	7047.01200000	7126.54200000	7110.20200000	7082.03000000	7070.50600000	7081.05200000	7072.75600000	7138.89400000	7137.13600000	7118.18600000	7112.07400000	7096.81000000	7082.81000000	7094.71800000	7088.35800000	7157.23000000	7148.72400000	7145.79200000	7137.50800000	7066.22200000	7051.77400000	7250.08800000	7241.86200000	7174.72000000	7178.57800000	7199.10200000	7189.56000000	7168.34800000	7159.59800000	7200.06600000	7188.39000000	7177.13800000	7161.89400000	7176.23600000	7169.16200000	7158.77200000	7151.77000000	7202.19600000	7192.98800000	7114.66408000	7105.95904000
2839597989.94974852	6984.71800000	6981.15000000	6991.09400000	6982.27000000	6953.30200000	6953.39000000	7080.48600000	7072.84400000	7066.83800000	7053.89400000	7054.18000000	7044.22400000	7044.57400000	7030.98400000	7111.23000000	7103.79600000	7095.43000000	7081.24000000	7097.41000000	7100.46200000	7109.79400000	7097.50800000	7159.90000000	7144.78000000	7174.72800000	7175.28400000	7150.39600000	7132.98000000	7163.55800000	7148.18000000	7126.89800000	7120.43800000	7217.60600000	7216.99200000	7161.01400000	7160.49600000	7184.32400000	7183.76200000	7155.55400000	7148.51800000	7153.13600000	7146.02000000	7089.77400000	7093.23400000	7085.54400000	7082.94000000	7171.46000000	7170.63400000	7131.22400000	7131.84800000	7108.56688000	7102.31472000
2840100502.51256275	6974.04800000	6965.46400000	6966.87600000	6953.61600000	6979.53200000	6964.39400000	7023.87000000	7012.73400000	7073.82200000	7067.99800000	7088.65800000	7070.91800000	7092.34000000	7081.41400000	7166.06000000	7158.28600000	7093.64400000	7079.01400000	7134.71000000	7130.44600000	7097.43600000	7087.95000000	7108.99000000	7103.23800000	7097.24000000	7090.52200000	7191.02400000	7181.33600000	7172.80800000	7161.77400000	7198.08800000	7195.49200000	7132.14800000	7117.06400000	7110.21800000	7109.95400000	7177.68000000	7158.15200000	7209.02800000	7205.38200000	7150.59000000	7146.32600000	7133.03200000	7117.42400000	7137.50200000	7121.85600000	7133.30800000	7123.74800000	7158.77800000	7157.16400000	7112.05720000	7102.46664000
2840603015.07537699	6963.84800000	6960.46800000	7006.47200000	6994.44600000	7017.71000000	7000.12600000	7073.70000000	7061.78000000	7028.19000000	7009.44200000	7009.75000000	6994.16400000	7058.25400000	7040.38000000	7079.45800000	7076.14000000	7050.71200000	7033.45600000	7140.41600000	7139.04600000	7103.50800000	7098.95600000	7146.17400000	7137.83400000	7113.69400000	7105.66200000	7155.35800000	7136.52800000	7178.80800000	7151.91000000	7143.70400000	7131.06800000	7186.17400000	7174.62000000	7137.86400000	7125.65600000	7188.49800000	7183.86200000	7214.93400000	7206.40800000	7168.98800000	7156.83600000	7136.93000000	7136.33000000	7204.49000000	7187.48000000	7129.33600000	7116.71200000	7150.66000000	7137.17200000	7111.50520000	7099.85928000
2841105527.63819075	7002.38200000	6990.07800000	7028.30200000	7016.64800000	6984.07600000	6975.97800000	7028.67800000	7019.49400000	7078.98000000	7067.55200000	7044.70200000	7039.43200000	7078.14000000	7074.53000000	7082.22200000	7071.79400000	7106.15400000	7092.86000000	7103.82200000	7091.49400000	7147.00400000	7132.48200000	7133.95600000	7112.03600000	7139.38800000	7138.44600000	7160.66000000	7153.81600000	7145.74000000	7133.96600000	7153.52000000	7136.11800000	7262.36800000	7253.84600000	7172.66000000	7153.94600000	7175.06800000	7171.65200000	7107.41200000	7098.99800000	7203.68600000	7206.65400000	7148.02400000	7138.46400000	7159.31400000	7145.24800000	7134.56000000	7117.47400000	7182.32200000	7167.36400000	7118.52560000	7108.01480000
2841608040.20100498	6986.45800000	6972.63800000	6984.01000000	6978.34400000	6966.25400000	6952.70800000	7033.66400000	7021.78400000	7075.16800000	7065.41800000	7052.41800000	7035.75800000	7108.50600000	7091.00000000	7076.87400000	7067.63200000	7128.57600000	7125.86600000	7060.09400000	7048.20200000	7114.48400000	7105.74800000	7110.82200000	7106.33000000	7116.31200000	7104.30600000	7151.61400000	7138.40000000	7214.47000000	7203.96200000	7169.38400000	7165.49800000	7140.11800000	7116.70400000	7173.42000000	7163.90800000	7178.45600000	7174.16600000	7131.67600000	7127.07600000	7150.78800000	7132.49400000	7114.63000000	7100.53000000	7122.52600000	7115.97200000	7158.10800000	7152.43200000	7162.56000000	7144.77400000	7107.25560000	7096.46600000
2842110552.76381922	7015.62600000	6998.46200000	7023.27600000	7013.40200000	7080.43400000	7074.77200000	7034.17000000	7025.06800000	7070.82800000	7070.57000000	7100.04200000	7093.81800000	7086.57000000	7074.14400000	7063.54000000	7065.55600000	7151.13000000	7138.64200000	7167.01800000	7154.06200000	7098.50400000	7083.47400000	7128.73400000	7107.25400000	7112.02400000	7102.38600000	7157.02400000	7151.62600000	7172.73800000	7160.13800000	7129.83400000	7122.17200000	7136.82800000	7125.35600000	7141.62600000	7133.83200000	7134.02400000	7114.43800000	7164.53200000	7167.14400000	7175.41000000	7176.66800000	7133.82000000	7128.89400000	7158.16200000	7144.61400000	7129.06600000	7122.87400000	7149.33200000	7135.59400000	7116.57168000	7107.39840000
2842613065.32663298	6955.34800000	6939.01400000	7017.30400000	7007.75400000	7068.76400000	7061.49200000	6985.07600000	6974.54800000	7087.63800000	7083.49600000	7050.92600000	7040.09400000	7050.48400000	7043.04800000	7111.05800000	7099.74800000	7111.87200000	7099.06600000	7194.05000000	7179.30400000	7128.10400000	7118.61200000	7167.80600000	7163.85000000	7043.51800000	7039.80000000	7151.51400000	7145.14400000	7166.20800000	7157.60800000	7143.16400000	7133.37800000	7169.63000000	7172.54000000	7176.47800000	7166.95600000	7153.99400000	7145.90000000	7130.95200000	7129.44000000	7108.93600000	7104.04600000	7178.25800000	7164.81400000	7168.50200000	7164.92400000	7104.29600000	7096.16000000	7072.75200000	7063.24400000	7107.86528000	7099.75920000
2843115577.88944721	6938.45400000	6938.23800000	7021.87200000	7021.97400000	7000.81800000	6998.74200000	7048.84400000	7035.92600000	7048.55800000	7040.57600000	7092.96600000	7078.44000000	7058.80200000	7050.07600000	7087.76400000	7080.75400000	7089.76000000	7067.74600000	7127.64400000	7123.06000000	7087.46200000	7077.89200000	7109.00800000	7094.32000000	7043.27400000	7030.89200000	7130.40000000	7123.28400000	7157.70000000	7153.13600000	7123.72800000	7126.81200000	7222.04000000	7205.46600000	7147.82400000	7139.95600000	7205.64200000	7206.64200000	7161.26000000	7150.64000000	7154.35600000	7145.32800000	7213.85400000	7197.04800000	7177.23200000	7171.37000000	7192.51000000	7182.45400000	7173.42600000	7169.20400000	7112.60792000	7104.39904000
2843618090.45226145	6956.48400000	6950.09400000	7046.86200000	7043.40400000	7012.11000000	6998.60200000	7002.39800000	7002.31000000	7022.65200000	7009.75600000	7084.02200000	7066.72600000	7095.44000000	7088.53400000	7073.41600000	7073.49200000	7085.14000000	7069.61400000	7148.43200000	7133.26000000	7107.92000000	7101.42200000	7105.00000000	7092.19400000	7072.71000000	7068.68400000	7158.45200000	7147.95600000	7148.99600000	7142.35600000	7097.87400000	7097.36200000	7228.60600000	7217.17600000	7166.85400000	7164.84200000	7211.76400000	7200.50600000	7167.29000000	7155.86400000	7168.48600000	7161.97600000	7206.97000000	7198.76800000	7159.10400000	7148.52800000	7178.72400000	7166.81400000	7180.00800000	7169.25400000	7115.42856000	7106.77976000
2844120603.01507521	6978.90400000	6979.46000000	6966.09800000	6956.95400000	7044.76000000	7031.54200000	7039.91000000	7043.26200000	7013.85600000	7006.22800000	7091.26800000	7075.02200000	7146.51800000	7132.54800000	7018.18200000	7008.99400000	7066.78400000	7066.83400000	7146.75600000	7132.43800000	7116.07600000	7106.79200000	7118.47400000	7110.88200000	7129.37400000	7118.96800000	7129.64600000	7117.91200000	7182.63400000	7176.95400000	7166.88000000	7162.02200000	7205.03600000	7197.87800000	7130.13600000	7121.94600000	7189.76600000	7184.87600000	7149.24400000	7147.56800000	7203.39800000	7199.44000000	7166.58400000	7163.33200000	7158.70400000	7155.01800000	7149.88800000	7155.74400000	7166.69200000	7162.22200000	7115.02272000	7108.59344000
2844623115.57788944	6999.13600000	6991.43200000	7008.09200000	6991.19200000	7046.01400000	7039.67000000	7040.89200000	7026.17200000	7039.91600000	7028.57400000	7070.94600000	7063.75400000	7134.57600000	7133.56800000	7042.74000000	7036.82800000	7107.57200000	7105.48400000	7097.35600000	7082.46400000	7129.41800000	7122.67000000	7128.47400000	7127.66200000	7145.98800000	7130.49000000	7116.64400000	7098.98400000	7175.31600000	7171.18200000	7174.11200000	7159.48200000	7195.24800000	7190.51600000	7131.09200000	7128.57400000	7181.26600000	7173.25200000	7176.70000000	7166.74400000	7171.07400000	7160.14000000	7187.74800000	7174.62600000	7149.62200000	7146.04600000	7147.71800000	7151.91000000	7188.06800000	7184.88400000	7119.42912000	7111.45200000
2845125628.14070368	6953.29400000	6946.97400000	7058.04600000	7044.63400000	7050.58800000	7045.41000000	7019.83400000	7017.56200000	7045.61200000	7036.94600000	7092.58600000	7079.99200000	7124.05400000	7118.18000000	7106.93000000	7097.40600000	7127.43200000	7110.51000000	7173.22800000	7169.90400000	7135.46600000	7135.50800000	7121.66600000	7113.12000000	7063.31200000	7054.26800000	7130.57200000	7117.31400000	7129.30800000	7120.26800000	7182.04600000	7175.71000000	7165.26000000	7158.09000000	7149.03800000	7143.51600000	7186.63600000	7173.21000000	7185.53400000	7177.41000000	7082.03800000	7071.28400000	7128.32200000	7107.31000000	7186.89000000	7180.78400000	7039.09200000	7025.42600000	7150.04000000	7137.94600000	7111.47296000	7102.34728000
2845628140.70351744	6974.72600000	6961.08200000	6958.96600000	6953.96400000	6963.64800000	6962.95200000	7033.14800000	7030.73000000	7091.77200000	7088.84800000	7066.00400000	7068.06000000	7057.64400000	7051.03600000	7074.40000000	7069.76000000	7036.73200000	7035.57000000	7128.48600000	7123.08200000	7092.48600000	7087.03000000	7123.04600000	7115.05600000	7125.36200000	7123.36400000	7194.26000000	7196.45000000	7198.79200000	7199.42000000	7166.36200000	7160.73800000	7111.60400000	7105.76200000	7172.15200000	7161.45600000	7182.28200000	7168.02200000	7228.37600000	7219.10400000	7114.25800000	7112.37400000	7099.27800000	7094.94200000	7133.79800000	7119.64200000	7172.66800000	7162.50800000	7133.01800000	7117.03400000	7105.33072000	7099.51944000
2846130653.26633167	7006.49000000	7003.74400000	7003.05600000	6989.62000000	7065.93200000	7056.16400000	6982.37200000	6977.95000000	7006.67000000	6998.03000000	7083.29600000	7075.66000000	7051.21000000	7041.56800000	7080.53000000	7076.53000000	7171.40800000	7153.61800000	7144.56400000	7135.13000000	7097.34800000	7089.50800000	7127.48200000	7111.79400000	7069.73600000	7056.31800000	7172.01600000	7169.67000000	7153.42400000	7155.46200000	7124.30600000	7118.59000000	7139.40000000	7125.50400000	7131.24400000	7128.74200000	7161.27200000	7154.34400000	7216.88400000	7206.40400000	7160.94000000	7154.26800000	7101.29800000	7084.06200000	7120.43400000	7122.18600000	7184.77000000	7185.44400000	7169.95200000	7154.92200000	7109.04136000	7101.00928000
2846633165.82914591	6984.22600000	6982.13600000	7024.93400000	7023.89200000	7016.83200000	7016.79000000	7057.99600000	7060.48200000	7058.22000000	7062.62600000	7083.47800000	7083.24200000	7038.95600000	7043.74400000	7057.05600000	7041.71800000	7058.84000000	7061.71400000	7136.27200000	7134.69600000	7149.28600000	7148.95400000	7163.67400000	7146.59800000	7087.36000000	7072.63800000	7092.12600000	7104.21000000	7179.27200000	7182.19800000	7148.98200000	7141.15400000	7161.53400000	7159.40400000	7115.78600000	7105.68800000	7139.42400000	7138.85800000	7186.37400000	7178.56600000	7176.64400000	7171.15800000	7140.36000000	7132.72600000	7157.92000000	7165.43600000	7150.16800000	7150.32000000	7203.00800000	7211.58400000	7110.74912000	7108.82128000
2847135678.39195967	6988.22600000	6989.19800000	6998.09400000	7000.07600000	7031.40600000	7020.58800000	7030.22200000	7029.95800000	7100.46200000	7097.49400000	7023.06000000	7023.45600000	7038.41400000	7035.92600000	7062.77200000	7065.50200000	7046.70800000	7039.95400000	7153.01600000	7154.84200000	7082.99800000	7078.10600000	7161.18200000	7153.35600000	7084.59000000	7078.50400000	7095.12800000	7089.75600000	7159.70200000	7158.17200000	7148.43800000	7142.49800000	7105.50800000	7100.84400000	7164.33000000	7165.04400000	7122.14200000	7112.47800000	7188.06600000	7184.07200000	7130.45800000	7136.47000000	7149.69000000	7136.54600000	7204.42600000	7205.83000000	7167.71800000	7162.91600000	7169.82800000	7166.29000000	7104.26336000	7101.11504000
2847638190.95477390	6981.12800000	6971.74800000	6959.65200000	6961.14800000	7106.72000000	7100.90400000	7014.08600000	7016.78400000	6999.10600000	6997.18800000	7068.44600000	7070.04400000	7079.38400000	7070.81000000	7017.57200000	7018.78200000	7091.10600000	7084.32200000	7206.67200000	7203.06200000	7090.61000000	7086.57000000	7075.81000000	7068.70600000	7128.08200000	7127.10400000	7137.01800000	7131.95200000	7112.91000000	7115.36000000	7142.34600000	7144.31200000	7210.38800000	7203.05200000	7104.10800000	7101.22200000	7167.22000000	7163.67600000	7168.40400000	7167.50800000	7183.23800000	7176.68000000	7124.82000000	7127.19800000	7199.83400000	7190.58400000	7126.45200000	7115.29600000	7102.24200000	7096.47000000	7103.89416000	7100.41928000
2848140703.51758814	6945.67200000	6952.23000000	6937.76200000	6932.66000000	7027.39200000	7031.15200000	6980.60800000	6980.15600000	7053.41800000	7053.42400000	7122.49800000	7113.10600000	7033.15400000	7032.64800000	7105.82200000	7105.66400000	7152.24400000	7153.49200000	7018.76400000	7020.79800000	7191.45000000	7184.62200000	7086.46000000	7089.03200000	7129.44000000	7123.17600000	7165.51200000	7161.79600000	7136.45200000	7139.92800000	7179.40800000	7177.65400000	7146.94400000	7142.28800000	7057.74200000	7046.04400000	7144.18400000	7145.35400000	7140.69600000	7137.98000000	7221.56200000	7213.15600000	7144.03400000	7146.03400000	7155.66400000	7163.97400000	7113.06000000	7115.23000000	7177.53800000	7178.14800000	7102.69920000	7101.58984000
2848643216.08040190	6966.19400000	6958.20200000	7000.18200000	6997.11200000	7039.73800000	7043.73400000	7017.16600000	7015.90400000	7058.26000000	7058.21200000	7060.07400000	7050.16800000	6995.09200000	6991.84800000	7069.10800000	7072.12800000	7091.25000000	7081.87200000	7052.43800000	7059.27600000	7089.02200000	7090.04000000	7120.44600000	7118.71400000	7105.46800000	7105.07800000	7127.97000000	7122.77200000	7173.05000000	7166.66000000	7191.64400000	7196.19400000	7185.50800000	7180.03000000	7148.53800000	7140.55400000	7159.59600000	7153.71800000	7162.91000000	7165.63200000	7217.65200000	7221.82800000	7139.81600000	7144.20600000	7105.50600000	7112.15000000	7090.84600000	7092.71400000	7104.88600000	7114.86800000	7098.89440000	7098.14456000
2849145728.64321613	6960.98000000	6960.11800000	7011.10200000	7010.58600000	7009.24000000	7009.78000000	7052.01400000	7049.82600000	7054.33000000	7060.24200000	7014.91000000	7014.12000000	7065.49600000	7058.29400000	7080.51800000	7074.85000000	7091.96200000	7093.49200000	7090.83400000	7092.24400000	7112.31600000	7112.29000000	7123.83600000	7124.40200000	7151.39200000	7145.08000000	7163.70200000	7152.05600000	7124.10000000	7135.10800000	7125.22000000	7127.29200000	7151.15400000	7142.74400000	7106.68400000	7102.29400000	7181.23000000	7172.95200000	7156.75600000	7158.93600000	7082.54400000	7081.12000000	7131.25200000	7136.90000000	7139.91600000	7139.92000000	7136.80800000	7135.19600000	7151.09200000	7150.77600000	7098.77552000	7097.62472000
2849648241.20603037	6976.22600000	6973.59200000	6965.53600000	6970.32600000	7106.54800000	7109.27200000	7005.40800000	7001.14400000	7017.30400000	7015.01000000	7084.27000000	7088.16000000	7049.02400000	7046.25800000	7029.74600000	7034.68400000	7147.20000000	7154.89000000	7178.00600000	7183.63000000	7119.19200000	7125.72800000	7086.49000000	7078.72400000	7119.33000000	7112.98000000	7147.17200000	7136.41600000	7102.55400000	7103.29000000	7159.31400000	7156.75200000	7164.42600000	7161.13000000	7094.78800000	7084.31200000	7159.49200000	7155.28800000	7175.55400000	7167.63000000	7110.19400000	7110.46600000	7131.36800000	7131.64600000	7153.34000000	7149.04200000	7073.42200000	7084.45000000	7101.45200000	7116.26400000	7098.29424000	7098.04336000
2850150753.76884413	6933.47800000	6922.90400000	7005.38200000	7005.14000000	7033.08600000	7034.51200000	6993.15600000	6988.56000000	7073.38000000	7079.56400000	7076.24000000	7063.47600000	7025.64600000	7029.81600000	7093.33800000	7094.79000000	7060.91400000	7059.19600000	7177.19400000	7182.75400000	7104.09000000	7116.22400000	7137.90000000	7142.82600000	7030.11000000	7031.78400000	7136.45600000	7133.67600000	7142.46400000	7140.29200000	7140.95800000	7143.50400000	7178.54000000	7184.00800000	7166.59600000	7164.30200000	7136.76200000	7135.67800000	7150.97400000	7163.31200000	7125.55800000	7127.12800000	7161.74400000	7162.08800000	7159.71000000	7156.57800000	7052.12600000	7055.74600000	7153.57200000	7148.45600000	7097.97496000	7098.65256000
2850653266.33165836	7002.86000000	7000.88800000	7016.57000000	7008.68800000	7003.91600000	6998.82600000	7053.81400000	7062.61200000	7032.81600000	7035.35600000	7120.96800000	7120.76000000	7035.84800000	7042.15200000	7043.59800000	7038.82400000	7066.33800000	7070.58800000	7092.46400000	7102.28600000	7120.21400000	7122.68800000	7124.26800000	7124.41600000	7137.21000000	7140.22800000	7170.71400000	7180.97800000	7169.53600000	7161.71000000	7152.41800000	7160.83400000	7120.77800000	7118.41400000	7136.05200000	7133.30800000	7189.73000000	7195.86200000	7169.68600000	7168.23600000	7119.77600000	7123.36800000	7070.98000000	7068.76000000	7081.80000000	7075.89400000	7122.12200000	7118.20800000	7167.96800000	7166.25000000	7100.89776000	7101.60536000
2851155778.89447260	6958.74400000	6966.16200000	6997.79400000	6992.51400000	7003.21200000	7005.66200000	6997.26200000	6993.81000000	7034.66600000	7039.39000000	7032.40000000	7033.02400000	7070.47800000	7079.50000000	7103.32600000	7109.88600000	7099.89200000	7098.61400000	7126.23000000	7125.74400000	7123.19400000	7130.90800000	7116.75200000	7125.64000000	7148.94000000	7152.50400000	7080.72600000	7077.44600000	7179.27400000	7179.30200000	7137.03600000	7137.31400000	7128.72600000	7132.50400000	7129.68400000	7133.24400000	7159.39200000	7164.13800000	7229.96600000	7227.65400000	7205.45000000	7205.78600000	7171.02200000	7168.51000000	7077.59400000	7079.95800000	7098.40400000	7099.16800000	7118.21600000	7121.72400000	7101.13520000	7103.20424000
2851658291.45728636	6926.08600000	6936.84800000	6987.79600000	6993.95600000	6992.44600000	6999.96400000	6988.90200000	6978.69400000	7039.63000000	7042.98800000	7081.30200000	7092.61800000	7020.60600000	7032.05400000	7080.09200000	7079.16000000	7139.85600000	7140.72600000	7077.22000000	7088.98200000	7139.49200000	7156.74200000	7136.98200000	7145.95600000	7127.75200000	7137.02800000	7134.54400000	7134.93800000	7139.35800000	7138.77600000	7158.13400000	7160.72000000	7115.50200000	7128.60400000	7156.78400000	7155.18800000	7167.14400000	7179.25800000	7187.48600000	7178.13000000	7160.75400000	7176.67800000	7185.39600000	7196.85200000	7135.45600000	7144.40600000	7113.85000000	7123.42600000	7141.90000000	7146.81400000	7101.37880000	7107.58024000
2852160804.02010059	6934.27000000	6937.26400000	7056.66600000	7058.27200000	6982.83200000	6990.83200000	6930.17600000	6947.87200000	6988.72000000	6993.77600000	7007.76800000	7018.45400000	7100.67800000	7089.94600000	7054.84800000	7058.46600000	7070.44600000	7072.05200000	7129.36000000	7123.33800000	7128.08000000	7135.35400000	7075.36800000	7084.57200000	7126.33400000	7131.77200000	7114.02600000	7130.87600000	7137.60200000	7146.60800000	7039.11400000	7037.71200000	7211.90800000	7221.60600000	7158.18200000	7156.96200000	7161.26800000	7170.43600000	7181.13800000	7186.19600000	7192.92600000	7203.28200000	7141.97000000	7153.73000000	7118.73000000	7122.60000000	7104.32600000	7112.81800000	7209.02800000	7210.78000000	7094.23056000	7099.82304000
2852663316.58291435	6964.97800000	6969.64400000	6907.83600000	6921.26600000	6988.29200000	6987.36200000	7026.47400000	7025.61800000	7057.90400000	7063.78600000	7097.98400000	7103.69400000	7017.78400000	7031.84400000	7047.04600000	7050.69600000	7107.00600000	7116.74400000	7098.10800000	7114.33000000	7085.78000000	7091.19600000	7122.79800000	7126.80400000	7067.46600000	7070.14600000	7152.84000000	7153.91800000	7089.32800000	7097.70800000	7182.47800000	7182.53800000	7164.20600000	7164.62600000	7115.00600000	7116.00600000	7128.65800000	7141.51200000	7142.71000000	7151.08800000	7188.30400000	7196.12400000	7108.41800000	7121.54000000	7105.05200000	7104.70800000	7102.27600000	7110.74000000	7127.74800000	7126.56000000	7087.85920000	7093.60792000
2853165829.14572859	6965.34400000	6973.48200000	6953.80000000	6969.97000000	7066.21000000	7071.71000000	7017.09200000	7029.11000000	6984.95600000	6999.62800000	7057.08400000	7066.42200000	7093.95200000	7102.38800000	7002.46600000	7019.61200000	7046.68200000	7048.20600000	7196.47600000	7213.90200000	7080.71800000	7089.73200000	7073.46600000	7073.32200000	7137.56000000	7146.22400000	7114.74000000	7119.87800000	7122.90800000	7141.56200000	7130.25800000	7144.42000000	7205.22200000	7217.39600000	7114.38200000	7128.41800000	7189.74000000	7199.01400000	7161.13600000	7173.59000000	7180.90400000	7196.54800000	7125.94400000	7134.27800000	7178.21600000	7180.21600000	7120.32200000	7124.97400000	7125.89800000	7118.76600000	7097.81904000	7107.31072000
2853668341.70854282	6929.99600000	6943.96600000	6906.13800000	6915.99800000	7025.51800000	7040.42400000	7054.33400000	7052.28200000	7065.52600000	7078.78400000	7059.53600000	7068.30200000	7076.23000000	7084.41400000	7076.14600000	7082.56200000	7101.59000000	7105.82200000	7069.06000000	7088.28400000	7115.80000000	7133.49600000	7102.67000000	7110.70600000	7049.48000000	7062.50200000	7152.29600000	7170.56200000	7156.29000000	7169.47400000	7142.05000000	7159.54200000	7101.23200000	7113.47000000	7132.39600000	7142.56200000	7162.44600000	7174.03800000	7221.15600000	7226.61400000	7144.49400000	7142.79800000	7073.09600000	7082.96800000	7109.70800000	7116.10200000	7084.23400000	7080.75200000	7116.84000000	7126.52400000	7089.13048000	7098.91792000
2854170854.27135658	6958.12600000	6971.80800000	6999.60800000	7013.41200000	7016.16000000	7033.49800000	6996.73000000	7007.92200000	7025.81400000	7035.66800000	7055.65000000	7073.30400000	7092.07800000	7110.22600000	7055.55600000	7067.00800000	7093.85000000	7114.00400000	7048.57600000	7066.58200000	7123.98800000	7135.03200000	7110.48000000	7129.98000000	7139.15600000	7154.33800000	7102.81600000	7118.41400000	7139.47400000	7150.31000000	7168.11600000	7170.34200000	7151.14400000	7162.84000000	7117.49000000	7129.83400000	7141.10800000	7156.09000000	7163.56000000	7171.34000000	7147.78400000	7166.05200000	7182.35800000	7189.86000000	7126.74600000	7149.51600000	7117.97000000	7137.92800000	7149.71200000	7168.45600000	7096.96200000	7111.35056000
2854673366.83417082	6949.88400000	6967.21600000	6973.73400000	6989.88000000	7055.27000000	7070.62800000	7019.33000000	7045.37600000	7077.16600000	7088.96800000	7036.07400000	7061.31400000	7056.56000000	7070.15000000	7037.68800000	7059.21600000	7065.86400000	7081.51800000	7150.81600000	7169.81800000	7088.38600000	7113.69400000	7101.01000000	7118.97400000	7115.28000000	7125.52200000	7040.39400000	7060.21200000	7166.98000000	7196.02400000	7125.06400000	7142.23400000	7147.20800000	7167.26400000	7034.75000000	7049.54200000	7166.89800000	7183.14200000	7173.85200000	7190.82800000	7143.59400000	7161.77800000	7078.00800000	7100.27400000	7140.36200000	7157.85200000	7098.64000000	7119.59600000	7142.82800000	7158.98800000	7087.42560000	7106.00032000
2855175879.39698505	6957.83200000	6977.13200000	6956.94800000	6986.82800000	6970.49000000	6996.44400000	7035.46400000	7051.49400000	7069.05800000	7085.04600000	7089.25400000	7114.41800000	7039.99400000	7054.31000000	7029.75400000	7053.43600000	7035.25000000	7060.99400000	7119.08800000	7141.65800000	7106.86800000	7121.80600000	7152.61400000	7174.42600000	7115.34000000	7137.06600000	7140.51600000	7158.28200000	7194.70000000	7216.13600000	7131.19800000	7150.85600000	7165.11400000	7179.91800000	7046.24600000	7071.86200000	7162.91600000	7188.85000000	7136.50800000	7163.54600000	7202.48600000	7226.52200000	7112.58200000	7142.47400000	7150.17800000	7170.78000000	7117.16200000	7140.42600000	7113.87800000	7134.65000000	7094.05752000	7115.97440000
2855678391.95979881	6938.57000000	6956.08200000	6978.31200000	7001.41200000	6990.51000000	7014.02600000	6944.62400000	6965.40000000	7084.11600000	7100.74200000	7030.56400000	7053.71800000	6994.94400000	7012.50000000	7046.61400000	7077.96800000	7076.39600000	7110.60600000	7062.90800000	7077.13400000	7076.46800000	7099.56200000	7071.32000000	7098.00400000	7081.33000000	7105.16200000	7080.10800000	7108.07000000	7161.31200000	7181.57000000	7197.74400000	7226.14000000	7154.39400000	7183.56400000	7129.03000000	7160.72800000	7147.49000000	7169.48800000	7113.21200000	7149.13000000	7199.63800000	7229.45600000	7095.53800000	7113.49800000	7072.46600000	7100.67400000	7065.23800000	7085.04200000	7087.23800000	7110.14200000	7075.20336000	7099.59272000
2856180904.52261305	6881.78000000	6903.90800000	6940.29600000	6972.85800000	6984.78000000	7021.27400000	6984.54400000	7008.82000000	7028.74200000	7052.20800000	7055.42600000	7080.35800000	7047.39000000	7082.22000000	7068.57000000	7078.53200000	7058.97800000	7088.38600000	7039.98600000	7067.77000000	7078.20400000	7113.98600000	7132.09200000	7151.04000000	7119.55800000	7149.23600000	7111.99800000	7140.15200000	7145.51000000	7164.21600000	7059.33600000	7083.93800000	7118.27200000	7156.49000000	7123.95200000	7151.54600000	7149.34400000	7180.98800000	7111.83400000	7139.42000000	7127.34400000	7157.26000000	7139.95200000	7161.55600000	7063.75200000	7092.30200000	7017.77000000	7043.81600000	7165.97600000	7189.49600000	7070.21544000	7097.27104000
2856683417.08542728	6944.82600000	6959.14400000	6942.31800000	6963.30000000	7076.00000000	7103.60000000	6982.51400000	7008.31400000	7014.21000000	7034.12400000	7051.64800000	7087.54200000	7020.05800000	7043.45400000	7020.89400000	7048.59600000	7129.02400000	7154.78600000	7142.54400000	7168.54000000	7121.08800000	7151.01200000	7074.44400000	7110.87800000	7085.44000000	7105.60000000	7128.71200000	7151.41800000	7103.01000000	7122.47400000	7144.91200000	7176.63800000	7116.57000000	7148.48600000	7063.63000000	7089.31800000	7123.31200000	7146.92800000	7126.43200000	7163.70600000	7054.64800000	7082.95600000	7106.88000000	7128.64000000	7109.10000000	7138.98000000	7048.75000000	7072.61600000	7089.69400000	7121.66000000	7072.82632000	7099.30840000
2857185929.64824104	6960.75800000	6987.93600000	6989.73800000	7021.96200000	6898.59800000	6930.54000000	6982.48000000	7008.42600000	7040.80800000	7069.18400000	7036.54400000	7066.35400000	7027.25000000	7054.78200000	7072.05200000	7096.27200000	7064.26400000	7092.30200000	7086.80800000	7128.83600000	7040.66800000	7071.21400000	7082.30600000	7118.48200000	7108.86400000	7150.47600000	7115.84600000	7143.30200000	7164.90800000	7184.31200000	7102.24600000	7126.34600000	7112.51200000	7143.45400000	7126.17200000	7157.52000000	7103.23000000	7130.15600000	7197.35600000	7233.35000000	7164.95800000	7185.00200000	7082.85400000	7113.86000000	7066.86000000	7091.85600000	7088.32200000	7118.38200000	7146.06000000	7178.57200000	7074.49848000	7104.11512000
2857688442.21105528	6922.83000000	6970.42600000	7004.52000000	7040.76200000	6976.04800000	7013.11600000	7016.20000000	7051.54600000	7051.79800000	7098.00000000	6999.45800000	7043.71000000	7009.81000000	7043.19200000	7024.30400000	7058.15600000	7053.33000000	7091.20800000	7050.99000000	7087.61400000	7093.21600000	7128.34400000	7086.15800000	7122.63400000	7107.35200000	7144.01600000	7110.32400000	7130.76400000	7118.03200000	7157.15000000	7100.53600000	7127.58200000	7129.04800000	7165.22800000	7094.34800000	7141.99600000	7147.05400000	7182.41200000	7116.30800000	7157.53400000	7073.84200000	7111.56600000	7076.41400000	7114.17200000	7090.09800000	7122.12000000	7099.71200000	7137.10800000	7113.79000000	7153.03000000	7066.62080000	7103.73544000
2858190954.77386951	6909.95000000	6957.86200000	6943.85800000	6985.28400000	7010.80600000	7040.70600000	7002.58200000	7037.82200000	7046.79200000	7085.72600000	7001.70200000	7044.59800000	7037.96000000	7081.28200000	7017.56400000	7056.15200000	7042.64800000	7081.57000000	7125.64200000	7164.11400000	7065.97400000	7106.58400000	7110.88600000	7147.74400000	7104.95000000	7146.50200000	7061.82400000	7106.05400000	7147.41200000	7186.40800000	7107.61600000	7156.66400000	7154.43600000	7180.55000000	7010.92800000	7047.63400000	7134.76400000	7180.61400000	7146.53800000	7189.51400000	7139.45600000	7171.45400000	7078.28400000	7124.99200000	7134.36000000	7175.90000000	7059.55800000	7086.96000000	7133.10200000	7168.62800000	7069.18368000	7108.45272000
2858693467.33668327	6938.27000000	6987.73200000	6848.33000000	6895.19800000	6991.42000000	7027.21600000	7029.79400000	7072.61200000	7049.10000000	7095.44200000	7024.01600000	7058.83000000	7034.09800000	7089.53800000	7031.47000000	7070.63800000	7059.20400000	7097.60400000	7046.07200000	7100.70000000	7082.94000000	7129.73200000	7094.07000000	7142.22600000	7042.09000000	7084.58200000	7159.03400000	7208.18400000	7158.44800000	7191.46600000	7079.64200000	7129.15400000	7148.35200000	7195.38400000	7113.95200000	7149.46200000	7120.61200000	7173.89200000	7147.02600000	7187.71800000	7144.94000000	7186.06600000	7029.33000000	7067.24000000	7076.03400000	7117.50400000	7078.10600000	7113.35200000	7080.08400000	7129.49800000	7064.25736000	7108.03880000
2859195979.89949751	6902.52800000	6947.70400000	6964.70200000	7009.64800000	6967.93400000	7020.97200000	6953.23600000	6996.28200000	6995.61800000	7042.34400000	7026.49200000	7081.13000000	7035.26400000	7081.47000000	7036.87600000	7088.22600000	7071.63800000	7114.69200000	7000.80600000	7054.21400000	7085.78400000	7139.82000000	7085.64200000	7131.37400000	7096.17200000	7148.39000000	7062.01000000	7111.78400000	7097.07800000	7142.99600000	7123.38000000	7171.62800000	7098.76600000	7145.76000000	7082.56200000	7136.66600000	7133.12400000	7181.33800000	7135.91000000	7187.63400000	7125.17400000	7180.24200000	7146.79200000	7187.98600000	7094.11600000	7147.40800000	7081.70600000	7129.49200000	7117.69800000	7174.04400000	7060.84032000	7110.12976000
2859698492.46231174	6918.78600000	6971.30400000	6915.92800000	6964.53400000	6907.12400000	6951.62800000	6920.77400000	6973.98800000	6968.92400000	7022.25200000	7039.01600000	7090.29000000	6954.23000000	7002.53800000	6988.21200000	7033.15800000	7068.11200000	7126.76800000	7073.81000000	7133.72600000	7109.46600000	7157.51600000	7073.05200000	7111.56800000	7114.14600000	7164.69600000	7136.98000000	7191.16800000	7122.92800000	7172.74800000	7138.00400000	7194.18200000	7123.46600000	7177.49000000	7119.80600000	7178.56800000	7136.72000000	7190.38400000	7123.58600000	7178.46000000	7135.50800000	7188.62600000	7140.81800000	7174.17800000	7146.48600000	7195.53000000	7070.71000000	7125.56400000	7112.35000000	7155.07800000	7062.35768000	7113.03768000
2860201005.02512550	6902.16600000	6957.68800000	6910.71600000	6970.02800000	6897.28800000	6949.60200000	6919.27200000	6979.76800000	6964.43200000	7021.73000000	7036.89000000	7092.47000000	6935.27800000	6983.23000000	6989.02800000	7041.27000000	7066.98600000	7122.10000000	7075.40800000	7129.88800000	7102.13800000	7159.49400000	7069.95600000	7122.95400000	7097.31200000	7154.16000000	7140.75000000	7202.92600000	7126.40600000	7175.09600000	7123.25000000	7184.58200000	7096.40600000	7156.18000000	7137.02000000	7195.03400000	7128.48600000	7191.75000000	7116.69000000	7171.81400000	7135.27000000	7197.55200000	7137.70400000	7194.94200000	7122.72400000	7176.85400000	7059.53600000	7116.50400000	7090.02800000	7148.58000000	7055.24560000	7111.84784000
2860703517.58793974	6893.84400000	6937.57800000	6950.93000000	7001.41200000	7026.14600000	7083.75200000	6899.16000000	6953.56400000	7000.86000000	7056.21600000	6995.03200000	7054.39600000	7007.27200000	7070.23000000	7029.51200000	7089.15200000	7055.20200000	7115.28000000	7111.61400000	7170.56800000	7053.35600000	7105.31800000	7091.18000000	7151.64200000	7007.30400000	7061.29000000	7086.18200000	7133.54400000	7079.53600000	7134.63400000	7056.29800000	7108.64600000	7125.63400000	7182.98000000	7090.69800000	7151.03200000	7118.87600000	7171.68800000	7093.59600000	7150.15200000	7056.35400000	7109.30400000	7131.68800000	7181.58000000	7115.57400000	7165.77200000	7052.96600000	7109.66800000	7000.10600000	7056.24000000	7045.15680000	7100.22552000
2861206030.15075397	6888.89200000	6953.37400000	6860.18400000	6919.31000000	6959.65400000	7022.11000000	6951.62200000	7015.14000000	6989.64800000	7047.59800000	7007.51600000	7075.92400000	7011.43400000	7066.39000000	7070.33400000	7132.65000000	7036.53600000	7096.70400000	7038.71400000	7106.76000000	7061.27200000	7128.97400000	7096.68400000	7151.57800000	7074.45800000	7142.42200000	7047.08800000	7116.25200000	7110.50600000	7167.57600000	7062.39800000	7136.70800000	7111.36000000	7173.35000000	7050.89800000	7122.45000000	7105.26600000	7170.09600000	7079.64600000	7147.86600000	7138.14200000	7204.76600000	7094.67200000	7156.94400000	7059.07000000	7124.49600000	6948.11000000	7015.54800000	7117.40200000	7179.93600000	7038.86024000	7102.99688000
2861708542.71356773	6911.10600000	6967.03200000	6973.18400000	7026.97600000	6940.70800000	6999.64400000	6954.37600000	7010.91200000	6991.57400000	7052.52400000	6980.73800000	7041.35200000	6968.23600000	7030.85400000	6942.06600000	7004.46000000	7012.06000000	7071.24400000	7047.45600000	7110.25000000	7025.67400000	7088.98200000	7029.18000000	7093.97800000	7016.69200000	7081.87600000	7077.21000000	7143.09800000	7097.53600000	7162.31000000	7149.36200000	7210.20200000	7133.36000000	7205.00000000	7090.21200000	7148.42400000	7072.80000000	7132.39000000	7103.55800000	7170.44200000	7166.34000000	7231.78000000	6988.96200000	7055.63800000	7152.81600000	7216.67400000	7055.75800000	7108.79000000	7075.32000000	7132.76000000	7038.25136000	7099.90368000
2862211055.27638197	6859.19400000	6917.93400000	6892.95600000	6950.52600000	6899.68200000	6959.59800000	6987.03800000	7053.39800000	7008.74600000	7083.78800000	7018.96800000	7092.49600000	7008.03200000	7067.45400000	7033.72200000	7100.53600000	6981.99800000	7050.83600000	6974.08000000	7038.56400000	7060.01200000	7126.64800000	7063.62000000	7130.49600000	7036.70800000	7112.08600000	7052.54400000	7123.82200000	7069.16000000	7144.00000000	7085.65400000	7155.29400000	7036.46600000	7097.95000000	7058.36400000	7132.14200000	7107.84800000	7170.27200000	7138.36000000	7202.13000000	7053.91800000	7129.52200000	7085.42000000	7145.42000000	7045.54400000	7113.96200000	7035.39000000	7101.25000000	7064.55600000	7135.16600000	7026.31920000	7093.41160000
2862713567.83919621	6853.66000000	6923.23200000	6896.55600000	6962.34200000	6867.94600000	6936.05400000	6900.20600000	6972.90200000	7013.28200000	7073.87000000	7037.09200000	7109.03800000	6990.17400000	7065.37600000	6977.46200000	7050.77800000	6994.24800000	7068.44400000	7055.77400000	7126.34000000	7011.30800000	7088.64800000	7044.46800000	7114.63200000	7043.55600000	7118.24600000	7082.53400000	7159.26600000	7110.13400000	7183.67600000	7066.67600000	7141.01400000	7147.38400000	7218.27000000	7123.77800000	7209.29200000	7063.50200000	7130.27200000	7089.34800000	7171.22200000	7161.46600000	7234.78200000	6994.34600000	7061.83600000	7005.86800000	7071.26000000	7088.96600000	7157.94400000	7141.58600000	7215.74200000	7030.45280000	7102.57912000
2863216080.40200996	6890.63200000	6964.57800000	6966.26000000	7036.71600000	6928.54400000	7004.30000000	6928.32400000	6997.77000000	6968.05000000	7043.11400000	6996.19200000	7066.95200000	6968.88000000	7045.33400000	6927.73800000	7006.15000000	6978.14000000	7051.10000000	7043.03600000	7110.04600000	6983.75800000	7064.47200000	7020.08400000	7095.53200000	7014.04000000	7092.16400000	7078.63400000	7146.15000000	7065.26800000	7136.30400000	7099.42600000	7172.82200000	7127.44200000	7208.46800000	7094.67000000	7161.38000000	7069.26200000	7142.86400000	7114.12600000	7188.41600000	7128.84800000	7204.52600000	6980.05800000	7058.95400000	7161.74400000	7234.39600000	7057.31800000	7129.41800000	7072.57200000	7132.91400000	7026.52184000	7099.79360000
2863718592.96482420	6874.07400000	6951.51800000	6960.93800000	7029.08200000	6917.17000000	6990.54200000	6978.82400000	7051.65800000	6936.66000000	7019.78400000	7001.99000000	7074.33600000	7000.69400000	7074.52000000	6985.67200000	7064.77400000	6930.50200000	7010.47400000	7043.28200000	7116.82400000	7014.29600000	7098.94200000	7030.52000000	7121.94800000	7031.81600000	7110.61200000	7093.49800000	7169.28400000	7129.42200000	7199.30200000	7086.04200000	7155.20200000	7085.66600000	7161.53800000	7077.25600000	7145.78800000	7084.18600000	7156.78600000	7134.48800000	7214.81200000	7025.24400000	7097.13200000	7002.83000000	7073.80000000	7143.69200000	7212.54200000	7103.76600000	7173.91000000	7005.95600000	7083.42200000	7027.13936000	7102.34128000
2864221105.52763844	6884.61600000	6958.62000000	6856.37800000	6917.21600000	6961.85800000	7032.65600000	6909.61800000	6979.10200000	6976.13400000	7046.41000000	7024.24400000	7106.23000000	6953.28800000	7036.89000000	7054.83200000	7139.23000000	7046.13200000	7129.61600000	6956.94400000	7040.17000000	7097.97400000	7180.05600000	7023.75600000	7103.82600000	7043.66200000	7124.35000000	7086.29600000	7157.84400000	7092.14400000	7176.26400000	7083.77200000	7154.58200000	7045.53400000	7118.46200000	6964.09200000	7040.89600000	7063.67200000	7138.89400000	7067.20200000	7143.90800000	7124.29200000	7201.61800000	7071.80800000	7143.24600000	7077.97600000	7148.64200000	6996.28000000	7069.65000000	7100.09800000	7175.58400000	7022.50408000	7098.55848000
2864723618.09045219	6847.39400000	6917.65200000	6919.93200000	7001.79200000	6939.16200000	7012.32000000	6928.84600000	7002.17000000	6977.23000000	7057.06200000	6979.09400000	7062.26000000	6939.66400000	7013.34000000	7039.25400000	7114.82000000	6980.38800000	7058.38200000	7090.44000000	7187.60600000	7040.92200000	7126.05000000	7047.19000000	7127.55800000	6967.45800000	7046.52400000	7063.18200000	7141.40000000	7056.51200000	7131.42000000	7075.38800000	7163.04200000	7085.40000000	7174.43600000	7086.24800000	7169.40200000	7049.56000000	7127.07400000	7089.15400000	7170.14800000	7062.98600000	7148.37400000	7073.33400000	7155.31600000	7066.87200000	7136.42600000	6942.32000000	7022.45400000	7087.28000000	7156.47600000	7017.40840000	7096.94016000
2865226130.65326643	6893.17000000	6966.95200000	6945.62600000	7032.50200000	6928.25400000	7008.71000000	6980.91000000	7061.69000000	6954.53200000	7042.94200000	6981.49600000	7067.38200000	6953.48800000	7045.96200000	6970.67200000	7042.15400000	6989.83400000	7069.59000000	7052.69800000	7130.84400000	7048.96000000	7132.78800000	7071.20400000	7152.22200000	6997.59600000	7075.03800000	7011.49000000	7102.20200000	7068.93200000	7161.48000000	7078.86800000	7167.06800000	7075.56000000	7165.64600000	7042.86800000	7117.47600000	7055.49800000	7134.18600000	7127.18200000	7206.48400000	7095.33800000	7173.43600000	7064.44600000	7143.72200000	7064.82200000	7147.38200000	7071.91600000	7151.55000000	7137.62000000	7214.53200000	7026.51920000	7108.55760000
2865728643.21608019	6846.90600000	6928.39600000	6861.80400000	6946.56200000	6938.67800000	7019.31800000	6934.31200000	7019.81600000	6970.06200000	7045.40200000	7005.92000000	7077.79000000	7001.58400000	7079.51800000	7033.17400000	7108.75800000	7006.49600000	7095.90800000	7028.74600000	7108.92400000	7019.42000000	7100.21800000	7084.46600000	7166.93200000	7065.95000000	7150.50800000	7057.84800000	7143.26000000	7093.56000000	7180.45600000	7020.93400000	7114.79400000	7078.13600000	7153.63200000	7057.54200000	7147.93600000	7091.16400000	7168.33800000	7060.34000000	7143.71600000	7101.36000000	7186.13800000	7067.82000000	7147.87000000	7028.34400000	7106.13000000	6943.03400000	7018.38000000	7112.10000000	7202.45400000	7020.38800000	7102.44616000
2866231155.77889442	6915.77200000	6991.78800000	6949.50600000	7038.44000000	6865.35200000	6945.31000000	6926.99000000	7005.51800000	7006.77000000	7085.48600000	6976.42400000	7057.40200000	6985.62400000	7068.09800000	7025.14600000	7105.56000000	7014.58200000	7087.00000000	7045.65600000	7132.40400000	7008.32400000	7083.87400000	7058.46600000	7131.05000000	7070.52600000	7155.91400000	7060.25000000	7142.15200000	7113.37400000	7190.90200000	7072.21800000	7151.13600000	7085.50800000	7168.92400000	7075.80800000	7151.98600000	7059.19800000	7135.24800000	7144.72800000	7228.29200000	7119.68800000	7193.20200000	7043.45000000	7124.38600000	7028.06200000	7104.09600000	7026.40400000	7118.85600000	7106.51200000	7190.70200000	7031.37352000	7111.50904000
2866733668.34170866	6879.55000000	6954.37400000	6877.99400000	6944.66000000	6900.08600000	6980.76000000	6882.55600000	6956.84600000	6952.89000000	7018.16400000	7027.28200000	7094.52200000	6957.07600000	7036.05800000	6987.66200000	7064.63400000	7040.20600000	7122.02800000	7015.61400000	7087.96600000	7089.33600000	7167.47000000	6985.71000000	7072.14000000	7075.28200000	7154.50200000	7076.19000000	7159.35800000	7076.52800000	7153.44600000	7120.03800000	7199.06000000	7100.95800000	7175.05000000	7024.41200000	7101.41800000	7070.51400000	7156.39200000	7084.24200000	7148.01400000	7117.31600000	7193.47200000	7075.16200000	7142.52400000	7109.77800000	7191.84600000	7065.22200000	7133.08400000	7099.23600000	7168.95400000	7027.63360000	7103.06968000
2867236180.90452242	6916.09200000	6993.41200000	6939.07600000	7009.31200000	6965.04400000	7035.66200000	6945.05000000	7015.53000000	7023.59600000	7093.20000000	6939.12600000	7004.89200000	6931.09000000	7008.99000000	6984.12400000	7054.03000000	6980.67200000	7053.12000000	7076.14200000	7153.15000000	6997.23400000	7070.23600000	7056.25200000	7135.55200000	7007.48800000	7083.49600000	7017.29800000	7083.82600000	7079.87800000	7157.29200000	7052.04000000	7127.32800000	7047.88800000	7127.06400000	7067.46600000	7144.91200000	7047.30800000	7117.37200000	7119.02000000	7193.08000000	7064.04400000	7132.58400000	7081.51400000	7144.80000000	7107.41000000	7182.47200000	7101.41800000	7167.26600000	7100.10200000	7172.22400000	7025.85488000	7098.43208000
2867738693.46733665	6888.23000000	6949.59400000	6962.39200000	7026.43000000	6939.02400000	7009.13200000	6967.29800000	7023.37400000	6943.06400000	7005.43800000	6984.57200000	7046.98600000	6983.95400000	7047.68800000	7021.23400000	7093.18000000	6918.04000000	6982.46800000	7050.00400000	7123.73800000	6959.38000000	7033.18000000	7036.15400000	7104.90800000	7037.08400000	7108.57800000	7066.36400000	7127.61400000	7108.82400000	7179.90600000	7083.60200000	7155.92000000	7120.64000000	7192.16400000	7127.58200000	7196.38400000	7111.01000000	7170.61000000	7159.77200000	7224.68000000	6999.72800000	7056.26200000	6997.53600000	7050.68200000	7092.13800000	7156.49400000	7112.57800000	7174.40800000	7006.53000000	7079.98800000	7027.06936000	7092.79224000
2868241206.03015089	6905.08200000	6958.31000000	6926.22600000	6978.15800000	6865.34000000	6921.41600000	6956.96000000	7022.80200000	6977.04800000	7036.86800000	6967.90600000	7028.27000000	7038.91200000	7092.00400000	6958.76000000	7013.81800000	6992.99400000	7051.03000000	6995.16400000	7051.13800000	7044.92800000	7110.31400000	7054.59600000	7114.53600000	7042.72200000	7095.34600000	7100.55800000	7162.34000000	7085.24000000	7141.53200000	7088.38800000	7147.84600000	7185.06200000	7249.20800000	7044.56600000	7101.38600000	7096.08600000	7168.16200000	7048.71600000	7104.55200000	7141.29400000	7206.70200000	7109.20400000	7155.58000000	7082.03600000	7149.09400000	7048.28600000	7108.62000000	7106.88600000	7172.27000000	7034.51840000	7093.65208000
2868743718.59296465	6893.97200000	6944.21400000	6931.92400000	6978.55200000	6932.78400000	6972.46200000	6951.35000000	7009.35600000	7021.79600000	7072.94200000	7006.75800000	7056.17600000	7053.26600000	7096.00400000	7032.88200000	7090.64400000	7043.61400000	7091.53000000	6974.50600000	7030.34200000	7048.89200000	7096.85600000	7063.23200000	7116.15800000	7039.92000000	7091.07000000	7093.97000000	7155.68200000	7114.12600000	7159.29800000	7106.81800000	7163.02600000	7110.67600000	7156.95200000	7111.52800000	7153.46000000	7116.25600000	7167.50400000	7116.58600000	7165.37000000	7080.18400000	7132.29600000	7019.62800000	7065.61400000	7065.93400000	7125.80000000	7100.60800000	7143.60000000	7166.74600000	7214.07800000	7047.91824000	7097.95944000
2869246231.15577888	6958.34800000	6997.78200000	6918.90600000	6961.82200000	7000.70600000	7045.49000000	7051.10600000	7089.10800000	6991.14600000	7030.13400000	6964.35200000	7000.17200000	7025.30800000	7073.15400000	7041.49400000	7091.42000000	7012.99400000	7059.22800000	7090.82600000	7142.59000000	7045.80800000	7096.99200000	7073.07600000	7127.02600000	7069.32200000	7119.21400000	7096.36200000	7141.42400000	7147.27200000	7190.47400000	7075.95000000	7121.10600000	7140.63800000	7185.52600000	7091.94600000	7137.00600000	7142.38800000	7199.49600000	7125.00600000	7160.99200000	7131.97800000	7175.10200000	7063.83200000	7111.36000000	7137.11400000	7175.90800000	7062.73200000	7111.12200000	7093.41800000	7130.35000000	7062.08112000	7106.95992000
2869748743.71859312	6948.37800000	6990.28200000	6930.64400000	6966.26600000	6999.89600000	7051.75200000	6994.07200000	7035.57400000	6978.53600000	7017.39400000	7033.30200000	7073.38000000	7090.43200000	7128.71000000	6970.52000000	7019.40600000	7037.91400000	7080.01200000	7059.81000000	7105.09800000	7083.69000000	7124.22400000	7053.18000000	7101.24200000	7085.11600000	7123.58200000	7071.36200000	7117.90000000	7125.83400000	7167.01600000	7117.16400000	7159.57400000	7163.60200000	7198.22600000	7089.10000000	7135.36400000	7122.77200000	7176.56400000	7112.94200000	7156.64400000	7138.69600000	7182.94800000	7112.01600000	7151.86200000	7106.01600000	7140.30200000	7100.01800000	7148.05600000	7130.57800000	7173.72400000	7066.22360000	7109.00408000
2870251256.28140688	6950.16000000	7000.87800000	6871.27400000	6919.55600000	6971.89200000	7016.09200000	7027.63000000	7071.70200000	7073.11400000	7119.01400000	7012.93400000	7061.53600000	7013.38800000	7064.09400000	7024.95800000	7077.65400000	7033.93000000	7083.30200000	7036.57600000	7085.22000000	7073.86800000	7125.12000000	7079.59600000	7139.38000000	7066.32000000	7124.40800000	7153.16200000	7211.11600000	7149.30200000	7195.54400000	7082.32200000	7124.15800000	7166.40200000	7228.42000000	7113.85000000	7158.87600000	7106.89600000	7154.96400000	7116.95200000	7165.13800000	7122.74200000	7184.86000000	7039.57600000	7096.02200000	7066.20000000	7115.99800000	7072.39600000	7127.27000000	7099.13600000	7146.11200000	7060.98304000	7111.85736000
2870753768.84422112	6940.22400000	6985.52000000	6962.35800000	7020.57200000	6955.36600000	7009.78600000	7003.32200000	7060.37600000	7019.14200000	7075.65800000	7028.61800000	7092.61800000	6983.33000000	7042.44000000	6982.13400000	7036.65600000	7022.47000000	7073.11400000	7072.29800000	7134.64400000	7119.17200000	7170.46200000	7090.07200000	7143.45400000	7031.47600000	7096.45600000	7051.43000000	7117.20400000	7141.21200000	7205.45400000	7081.97400000	7142.72400000	7117.87200000	7181.69000000	7052.35800000	7103.45000000	7069.83800000	7128.83000000	7112.32800000	7161.71800000	7155.90000000	7218.26200000	7102.69200000	7147.18200000	7108.62800000	7159.32200000	7104.54200000	7159.68200000	7118.48000000	7173.25800000	7057.08944000	7113.62128000
2871256281.40703535	6893.36200000	6956.84000000	6937.82400000	7001.92600000	6979.63200000	7032.59800000	6969.14800000	7026.53400000	6974.52400000	7038.85800000	6996.61000000	7064.80400000	6980.65000000	7040.84200000	7002.00200000	7056.12400000	7007.18800000	7072.87000000	7007.32000000	7080.56600000	7031.58800000	7090.49000000	7030.75800000	7103.91200000	7011.61600000	7067.47000000	7083.86200000	7156.06200000	7109.36600000	7170.40800000	7060.74400000	7128.47800000	7149.30800000	7212.76800000	7072.28000000	7139.10200000	7074.98200000	7139.96400000	7102.23400000	7161.44600000	7149.68800000	7206.01400000	7057.34400000	7120.39800000	7029.39400000	7089.80200000	7070.00400000	7125.00800000	7073.71800000	7131.93000000	7034.20584000	7096.60856000
2871758793.96984911	6820.34800000	6881.49200000	6912.12000000	6974.24600000	6928.49800000	7008.17000000	6949.63400000	7018.64000000	7004.08800000	7074.46000000	7014.55600000	7094.47400000	6968.02200000	7037.28200000	7003.77000000	7065.76800000	7031.20800000	7095.85400000	6976.65600000	7048.87200000	7042.30600000	7128.45600000	7021.19200000	7096.56000000	7057.72800000	7131.06000000	7060.39600000	7141.12200000	7081.25200000	7162.26200000	7069.15600000	7145.01600000	7091.32200000	7164.38800000	7070.22200000	7136.45200000	7100.08000000	7166.17400000	7043.58200000	7103.14400000	7049.00800000	7123.21000000	7079.53600000	7153.40400000	7039.39000000	7112.93600000	7062.57600000	7129.60200000	7084.30600000	7149.22600000	7022.43808000	7093.69080000
2872261306.53266335	6902.34600000	6981.62200000	6892.46400000	6960.80800000	7039.17800000	7108.88400000	6938.97400000	7008.54600000	6928.24800000	7001.66400000	6993.70400000	7074.87800000	6993.89600000	7071.47800000	6929.24600000	7018.63800000	7051.44400000	7135.31400000	7119.19000000	7193.09600000	7010.20800000	7085.01600000	7004.26000000	7083.80200000	7055.09800000	7134.67800000	7041.01400000	7124.79800000	7037.43800000	7117.03800000	7073.83600000	7154.08800000	7098.66200000	7179.67800000	7017.88400000	7091.04600000	7092.22000000	7169.65600000	7093.85000000	7157.65000000	7083.10000000	7153.81000000	7076.86800000	7148.51800000	7116.98400000	7181.80000000	7024.06800000	7090.82600000	7038.40800000	7103.46200000	7026.10352000	7101.23176000
2872763819.09547758	6856.38000000	6938.31600000	6898.96200000	6972.76400000	6888.40600000	6970.10600000	6902.15600000	6982.04200000	6997.08600000	7073.53200000	6985.95800000	7062.09400000	7003.00800000	7073.77400000	6991.36600000	7081.42400000	7014.98600000	7096.68200000	6971.71400000	7052.12400000	6988.89600000	7063.52400000	7042.63200000	7121.01400000	7022.58400000	7103.21600000	7069.27600000	7161.35400000	7079.20800000	7166.67600000	7101.95000000	7184.29600000	7078.85600000	7164.69400000	7086.95000000	7163.34200000	7075.57600000	7149.71400000	7098.90600000	7183.11600000	7136.80200000	7214.77000000	6979.48000000	7058.48800000	7038.62600000	7114.87600000	7083.54600000	7160.83000000	7125.20200000	7206.39800000	7020.74048000	7100.76664000
2873266331.65829134	6888.75000000	6964.41600000	6946.95600000	7017.04800000	6926.10200000	7010.90000000	6977.22800000	7053.69200000	7003.19400000	7092.94000000	7024.80000000	7109.01200000	6987.75600000	7065.70800000	6944.67400000	7023.48600000	7015.50000000	7096.29000000	7019.95600000	7097.28200000	7025.85000000	7110.94400000	7047.88000000	7126.89000000	7050.76000000	7129.83600000	7098.60600000	7181.01400000	7077.65800000	7157.87200000	7069.48400000	7149.93600000	7068.13600000	7154.59600000	7052.86800000	7130.74800000	7058.28200000	7138.43200000	7135.08400000	7213.90200000	7079.05000000	7166.59800000	7015.03000000	7101.55400000	7102.97600000	7192.79800000	7113.64400000	7193.42400000	7006.80600000	7074.71400000	7029.48120000	7110.16128000
2873768844.22110558	6885.72200000	6960.31800000	6910.36200000	6985.60600000	6907.99600000	6990.88200000	6951.21000000	7027.83200000	7012.56600000	7092.05000000	7004.94200000	7082.23800000	6997.00200000	7080.02800000	6977.37800000	7062.66200000	6977.46800000	7068.37200000	7067.08200000	7145.10600000	7057.85000000	7140.32800000	7082.70600000	7167.93000000	7072.81200000	7151.47200000	7108.35000000	7186.64400000	7115.06800000	7193.25400000	7060.38000000	7155.09000000	7096.87600000	7175.16400000	6978.58800000	7057.22200000	7093.44600000	7173.71000000	7075.84800000	7166.28200000	7134.52000000	7219.77800000	7067.14200000	7134.85000000	7096.03600000	7160.90800000	7029.38800000	7100.64400000	7072.10800000	7145.91000000	7033.31384000	7112.97120000
2874271356.78391981	6872.58400000	6962.76000000	6912.11800000	6990.80600000	6931.32200000	7024.89400000	6996.52000000	7064.49200000	7026.58400000	7109.48400000	7012.04400000	7092.23200000	6939.95200000	7027.76400000	7025.76000000	7115.04600000	7019.01400000	7098.48600000	7030.63400000	7116.40200000	7062.13400000	7141.93800000	7027.06400000	7118.26600000	7059.33000000	7137.81200000	7118.26200000	7202.88400000	7111.46400000	7187.57400000	7064.44000000	7153.46400000	7063.32200000	7148.15200000	7043.83000000	7121.51000000	7111.99200000	7193.08800000	7115.24400000	7197.67800000	7152.08200000	7227.06800000	7094.62600000	7165.48800000	7084.31400000	7157.61000000	7069.75400000	7148.79400000	7028.88400000	7111.22800000	7038.93096000	7120.59680000
2874773869.34673357	6896.99200000	6963.89800000	6955.00400000	7036.01400000	7002.21400000	7073.65000000	6975.37200000	7053.64800000	7020.60200000	7096.73400000	7007.98600000	7093.83400000	7019.93800000	7099.78400000	6981.01200000	7063.96800000	7053.75400000	7146.04400000	7071.73800000	7158.37000000	7014.81600000	7093.83400000	7038.51600000	7123.10800000	7030.16400000	7109.16200000	7064.15400000	7149.81600000	7073.69400000	7154.50400000	7057.01400000	7139.75200000	7032.93200000	7115.45400000	7048.49800000	7128.09800000	7036.45800000	7119.09800000	7059.37400000	7146.32600000	7113.50600000	7190.45600000	7094.41200000	7179.11200000	7070.32600000	7147.77600000	7007.73600000	7080.23000000	7033.98400000	7105.66800000	7030.40784000	7110.73352000
2875276381.90954781	6917.95600000	6993.16200000	6955.24600000	7028.62800000	6932.74000000	7014.61600000	6978.23600000	7051.61400000	7035.35000000	7112.38200000	6989.04200000	7062.68800000	6954.80600000	7032.61600000	6981.81200000	7055.79200000	6992.15800000	7065.34400000	6997.20400000	7074.93800000	7050.91600000	7132.45400000	7077.14400000	7152.34200000	7079.74000000	7162.24600000	7057.46800000	7135.63000000	7081.60600000	7167.28600000	7028.51000000	7107.50800000	7109.84800000	7187.08200000	7073.83200000	7156.51400000	7113.97200000	7191.74400000	7076.74400000	7159.29800000	7035.40400000	7123.10200000	7031.46200000	7104.94800000	7058.03200000	7132.36400000	7095.40600000	7170.66200000	7067.29800000	7144.17000000	7030.87728000	7108.76520000
2875778894.47236204	6907.36800000	6971.43600000	6897.99200000	6970.03000000	6914.29600000	6980.96600000	6903.81800000	6979.18600000	7046.91000000	7124.75200000	7003.11400000	7076.71000000	6952.79800000	7022.67800000	6986.04000000	7062.68600000	7041.84400000	7118.22800000	7018.29400000	7100.23600000	7016.09000000	7092.19400000	7034.91200000	7097.38600000	6987.12200000	7078.55200000	7049.02200000	7133.40400000	7058.33000000	7140.93600000	7127.94800000	7203.56000000	7097.04400000	7176.78200000	7092.47800000	7166.28800000	7070.75600000	7153.89000000	7071.81400000	7139.79400000	7125.57200000	7198.44400000	7031.77200000	7105.57400000	7024.20200000	7086.54200000	7030.76200000	7100.22800000	7045.64400000	7115.77000000	7021.43768000	7095.85008000
2876281407.03517580	6882.79600000	6953.31200000	6931.45800000	7003.16800000	6981.70400000	7047.96000000	6897.97000000	6964.66800000	6919.38200000	6985.82400000	6970.78400000	7048.71800000	6935.25800000	7006.75600000	7015.60400000	7085.28800000	7053.65000000	7130.86600000	7080.04600000	7146.24800000	7040.56200000	7116.26400000	7045.37200000	7121.08400000	6975.67600000	7042.43200000	7084.69200000	7157.44600000	7057.77000000	7132.20800000	7093.94000000	7171.69000000	7117.20800000	7196.68600000	7084.98000000	7151.30800000	7064.58600000	7142.29200000	7156.15800000	7217.61800000	7095.05000000	7154.74000000	7054.68400000	7115.93200000	7072.93400000	7141.20600000	7049.09800000	7114.82600000	7076.02200000	7146.93600000	7029.49536000	7099.81904000
2876783919.59799004	6821.62400000	6888.92600000	6926.07600000	6987.31800000	6928.34200000	7001.97800000	6934.54200000	7009.58000000	6977.39000000	7040.40200000	7020.82200000	7084.39800000	7002.52800000	7064.29600000	6997.83000000	7066.00800000	7030.68600000	7104.44200000	6990.72000000	7059.88000000	7048.00000000	7119.35600000	7054.25600000	7128.10000000	7089.98000000	7156.90800000	7086.94400000	7156.65200000	7101.90600000	7169.14400000	7065.42200000	7139.72600000	7084.13800000	7160.56400000	7071.66800000	7139.89200000	7105.57200000	7172.12000000	7050.50800000	7114.31800000	7080.58600000	7148.39800000	7101.42000000	7164.81000000	7020.61800000	7084.09400000	7004.47200000	7074.87200000	7109.11200000	7183.42800000	7028.20648000	7096.78440000
2877286432.16080379	6943.19200000	7012.14000000	6969.04200000	7032.52400000	6893.65200000	6961.04600000	6956.71400000	7018.93000000	7043.55400000	7119.23000000	6997.50200000	7072.34000000	7002.60000000	7067.96600000	7054.10000000	7129.56200000	7021.41200000	7079.88000000	7053.04600000	7126.87800000	7050.29600000	7114.39200000	7079.52200000	7148.69200000	7091.55600000	7159.29600000	7074.84000000	7141.87000000	7105.84200000	7172.02600000	7056.72200000	7120.34800000	7100.63000000	7168.88400000	7104.47600000	7183.64800000	7088.39600000	7161.21600000	7159.98800000	7224.61600000	7132.41000000	7202.50000000	7059.48200000	7134.11200000	7042.36000000	7111.58200000	7038.05600000	7115.06800000	7081.91200000	7147.43600000	7048.05208000	7117.04728000
2877788944.72361803	6883.46200000	6944.64200000	6910.68600000	6972.78800000	6892.32600000	6950.05400000	6944.61800000	7002.20600000	7012.27200000	7074.84400000	7031.89200000	7098.50400000	7014.95000000	7078.64200000	6993.91800000	7050.90600000	6993.34600000	7064.90400000	7052.83200000	7112.05800000	7034.95000000	7109.00600000	7016.46600000	7082.07600000	7072.32800000	7141.08400000	7084.94400000	7154.96400000	7120.12400000	7176.03600000	7040.29000000	7101.06800000	7161.79600000	7225.06800000	7153.09200000	7215.94600000	7069.39600000	7133.53600000	7098.61400000	7163.23800000	7151.27400000	7204.60000000	7033.59800000	7097.20400000	7009.70600000	7062.67200000	7092.44000000	7151.98200000	7115.80000000	7174.69200000	7039.40480000	7101.70880000
2878291457.28643227	6851.66800000	6910.71800000	6946.60000000	7001.44200000	6969.22000000	7028.26600000	6940.13000000	7005.64000000	6969.71800000	7023.91800000	6991.47400000	7050.51600000	6931.61200000	6992.03800000	7068.58400000	7125.94400000	7027.91800000	7085.54000000	7093.47200000	7155.23000000	7092.72400000	7157.34000000	7050.98800000	7103.83200000	6973.96600000	7037.95200000	7078.97800000	7145.43400000	7071.04400000	7127.12000000	7126.43000000	7186.31000000	7106.78600000	7168.53800000	7113.92400000	7172.54600000	7052.64600000	7114.93800000	7156.35400000	7216.38000000	7083.07400000	7135.93600000	7092.87600000	7148.21400000	7074.39200000	7134.99200000	6981.16800000	7032.62400000	7110.65000000	7173.88800000	7038.25584000	7097.41184000
2878793969.84924603	6950.95800000	7003.74000000	6941.56000000	7001.45800000	6921.58800000	6972.29200000	7010.93600000	7063.83800000	6986.97200000	7046.47000000	7019.08400000	7077.38800000	6988.51800000	7039.19000000	7025.69800000	7086.25000000	7017.72400000	7076.44000000	7046.06600000	7112.69200000	7043.96200000	7105.30000000	7083.18200000	7132.30200000	7086.52800000	7153.42400000	7111.14400000	7174.29600000	7094.41600000	7155.80400000	7090.09200000	7137.90000000	7137.49800000	7200.94400000	7109.83200000	7163.59000000	7117.33000000	7182.86200000	7119.10200000	7173.26800000	7093.24000000	7139.05000000	7012.83400000	7067.46600000	7026.84600000	7080.65000000	7102.14400000	7151.17200000	7108.45000000	7164.01200000	7049.82816000	7106.47192000
2879296482.41206026	6910.83400000	6965.49600000	6942.53200000	6979.36600000	6985.09800000	7041.70600000	7008.56000000	7063.59200000	7020.15000000	7072.35200000	7029.72800000	7080.17200000	6977.08000000	7035.87400000	7034.22400000	7090.58000000	7063.69200000	7113.56800000	7044.15800000	7103.76600000	7112.35400000	7155.99400000	7079.27400000	7133.20800000	7087.26000000	7135.71000000	7152.99600000	7200.98000000	7142.06800000	7190.77200000	7081.66800000	7136.55600000	7098.98400000	7152.15000000	7073.91400000	7126.21600000	7152.45000000	7209.64000000	7141.66400000	7190.52600000	7176.77600000	7233.05400000	7107.17400000	7155.85800000	7080.88000000	7133.77400000	7095.50600000	7143.62200000	7070.25600000	7130.93200000	7066.77120000	7119.01856000
2879798994.97487450	6929.01600000	6979.78600000	6894.13600000	6950.98200000	6914.04000000	6959.35000000	6965.30000000	7019.92800000	6965.98400000	7009.44400000	7038.92000000	7086.85400000	7051.74600000	7088.76600000	7118.95800000	7173.93000000	7037.52400000	7086.75800000	7080.49000000	7135.61800000	7007.30000000	7049.74200000	7028.13600000	7075.76200000	7069.53200000	7122.64600000	7135.12000000	7194.78000000	7094.24000000	7141.36600000	7116.07200000	7177.02200000	7074.21200000	7128.53400000	7046.12400000	7098.62400000	7162.94400000	7211.79600000	7149.01200000	7204.70000000	7143.33400000	7195.59200000	7077.69400000	7126.36800000	7099.43600000	7138.94000000	7082.12400000	7134.60400000	7056.66000000	7100.80000000	7053.52216000	7103.70768000
2880301507.53768826	6958.17400000	7003.87200000	6935.11200000	6981.82600000	6999.30800000	7043.39200000	7036.77200000	7079.24200000	7043.74600000	7080.41600000	6984.76200000	7031.13600000	7025.51800000	7071.37600000	7062.92200000	7113.92800000	7023.99200000	7074.40200000	7096.35600000	7154.71400000	7019.17400000	7065.44800000	7109.70200000	7160.48200000	7072.35000000	7117.02200000	7076.45000000	7121.47800000	7156.09000000	7206.38000000	7095.81400000	7138.60400000	7120.92600000	7174.81000000	7126.27400000	7181.53600000	7129.12400000	7173.46200000	7095.42000000	7141.17400000	7124.58000000	7173.51000000	7067.05400000	7105.18000000	7092.54000000	7136.41400000	7070.28800000	7112.10000000	7090.36000000	7141.29000000	7064.51232000	7111.32776000
2880804020.10050249	6895.94200000	6931.38200000	6944.83200000	6987.73400000	6952.86800000	6990.57600000	6937.01600000	6981.86200000	6988.05400000	7024.26000000	7042.04200000	7088.06400000	6969.09200000	7003.51000000	7049.59000000	7079.83200000	7103.52200000	7144.96800000	7051.42000000	7093.91400000	7111.16400000	7157.14000000	7104.22000000	7148.70800000	7080.73200000	7128.77200000	7121.31400000	7161.83400000	7104.91400000	7152.83600000	7110.83200000	7153.76800000	7077.56600000	7126.01200000	7143.94600000	7183.52600000	7140.00600000	7175.17600000	7137.61800000	7178.11800000	7130.26400000	7175.67000000	7162.61400000	7213.66400000	7136.40400000	7160.53400000	7083.20400000	7116.05800000	7111.47800000	7150.36000000	7067.62616000	7108.33112000
2881306532.66331673	6902.31000000	6940.02400000	6888.00800000	6917.72000000	6876.09200000	6916.33000000	6968.25400000	7010.75000000	6965.43200000	7008.80400000	7037.09600000	7072.20200000	7045.19400000	7072.98400000	6985.22600000	7018.81800000	7039.86400000	7076.11600000	7054.23800000	7103.78800000	7070.90000000	7106.16200000	7079.96000000	7124.52200000	7075.70600000	7107.99800000	7124.24400000	7162.79200000	7072.61400000	7106.95000000	7092.91400000	7144.11000000	7148.58600000	7194.30800000	7084.42600000	7129.67200000	7127.20800000	7166.43600000	7096.13200000	7133.04000000	7202.26400000	7235.52400000	7128.80200000	7159.43000000	7105.61800000	7146.51600000	7036.63800000	7075.32000000	7104.00600000	7137.67000000	7052.46928000	7090.71944000
2881809045.22613049	6924.55800000	6963.76200000	6916.20000000	6956.79000000	6999.13200000	7035.14000000	6960.17400000	6994.09800000	6964.68000000	7002.13000000	7045.78000000	7075.52000000	7053.27800000	7082.69400000	7100.25800000	7135.29600000	7082.01200000	7121.49000000	7117.05000000	7153.07000000	7042.43200000	7068.80600000	7073.33400000	7100.55400000	7065.13400000	7096.83200000	7133.54800000	7153.88600000	7078.97000000	7106.75400000	7127.30000000	7163.23600000	7083.38200000	7111.14800000	7079.41000000	7111.32600000	7130.68200000	7156.44200000	7146.40400000	7178.37000000	7146.36800000	7174.29400000	7128.93400000	7169.30200000	7111.11800000	7151.21800000	7106.30400000	7138.71000000	7011.70800000	7047.46000000	7065.12600000	7097.93312000
2882311557.78894472	6918.54400000	6949.57800000	6923.74800000	6949.77200000	6882.82600000	6909.82200000	6985.11000000	7014.60400000	6982.10600000	7014.22400000	7011.10400000	7038.56400000	7064.87800000	7090.61600000	6984.78800000	7017.05200000	7027.08200000	7064.44000000	7032.61800000	7061.36200000	7078.37000000	7107.96400000	7084.40400000	7118.41600000	7081.99400000	7109.08400000	7131.30800000	7160.76800000	7098.73600000	7127.07600000	7113.70000000	7147.42200000	7192.39600000	7221.70800000	7096.86400000	7125.71600000	7158.07000000	7179.05000000	7080.18800000	7116.20600000	7174.85800000	7212.22200000	7137.85000000	7161.44200000	7105.63000000	7147.60200000	7039.85000000	7069.88200000	7122.23400000	7163.77000000	7060.37024000	7091.13448000
2882814070.35175896	6941.71800000	6975.39800000	6935.19000000	6969.29000000	6912.36400000	6947.60800000	7048.27800000	7077.14600000	7050.19200000	7070.70400000	7037.90400000	7060.16800000	7021.27000000	7042.17800000	7080.38200000	7109.49000000	7045.67200000	7072.37600000	7050.55600000	7076.30000000	7087.19400000	7110.46400000	7114.38800000	7147.71400000	7141.04400000	7170.10200000	7101.23000000	7126.21800000	7119.10400000	7144.52800000	7106.52600000	7129.00400000	7171.04200000	7211.48200000	7117.95800000	7143.64600000	7145.62600000	7168.63000000	7136.94600000	7167.52800000	7095.81200000	7125.23600000	7094.34800000	7120.53600000	7079.74600000	7114.80200000	7156.11600000	7186.48800000	7103.73200000	7129.52400000	7075.77352000	7103.86240000
2883316582.91457272	6924.77200000	6945.06600000	6986.79800000	7009.40400000	6983.44600000	7003.52400000	6980.68800000	6996.32400000	7007.15000000	7040.69600000	7002.91600000	7036.20800000	7044.55800000	7070.91400000	7073.13600000	7096.20600000	7093.78800000	7111.14600000	7095.62600000	7113.62400000	7117.25000000	7142.04800000	7083.33400000	7114.46800000	7127.37400000	7149.47000000	7067.84200000	7089.96200000	7187.93400000	7207.17400000	7082.58400000	7104.38600000	7118.16200000	7144.51600000	7108.16600000	7130.83000000	7120.25200000	7142.81200000	7192.63200000	7200.12800000	7191.19200000	7209.98800000	7148.76200000	7167.82200000	7078.32800000	7107.98400000	7106.30000000	7119.54600000	7131.83600000	7161.95200000	7082.19304000	7104.64792000
2883819095.47738695	6950.01000000	6972.45200000	6928.09000000	6943.87200000	6923.14000000	6939.08600000	6996.19000000	7020.36600000	7021.87800000	7043.71400000	7065.43000000	7084.93000000	7081.81800000	7095.27400000	7141.38000000	7163.61400000	7067.47600000	7085.54000000	7110.46400000	7131.96400000	7051.78600000	7073.50400000	7073.87000000	7089.60200000	7064.63200000	7091.97000000	7171.11200000	7192.30800000	7106.01200000	7133.09200000	7150.71000000	7185.11200000	7105.72600000	7115.51000000	7082.17000000	7108.18000000	7184.82600000	7200.90000000	7182.39400000	7197.93000000	7145.11800000	7167.49400000	7098.57200000	7128.95000000	7124.62800000	7129.79200000	7107.31400000	7130.53000000	7119.18000000	7139.27000000	7082.15704000	7102.59824000
2884321608.04020119	6968.99800000	6987.62200000	7006.45800000	7025.16600000	7019.17600000	7030.40400000	6984.41400000	7017.71400000	7060.81800000	7074.74800000	7007.84400000	7023.67400000	6988.51600000	7002.18000000	7028.33800000	7053.76600000	7013.68200000	7035.83000000	7113.55400000	7138.23000000	7045.21800000	7071.71400000	7089.00400000	7100.52600000	7082.23400000	7099.33200000	7098.23600000	7124.07800000	7127.79800000	7152.91800000	7090.97400000	7112.51800000	7105.64400000	7120.85400000	7156.73600000	7175.03600000	7115.89400000	7140.02800000	7176.06600000	7189.51600000	7118.20800000	7129.06400000	7130.20200000	7141.76800000	7138.41000000	7155.82800000	7166.31000000	7187.84600000	7151.32200000	7176.72600000	7079.36216000	7098.68344000
2884824120.60301495	6967.67600000	6980.24200000	6971.23400000	6979.17400000	7018.81600000	7029.22200000	7058.60800000	7075.08000000	7013.45200000	7022.58600000	6975.31200000	6985.97800000	7048.45600000	7050.72200000	7064.25600000	7080.62400000	7041.33000000	7056.96600000	7133.15800000	7154.49400000	7071.37000000	7099.22600000	7120.81400000	7139.85200000	7104.41600000	7114.81000000	7140.25000000	7150.30600000	7162.55600000	7174.96800000	7121.96400000	7143.19000000	7158.96800000	7178.81200000	7102.17800000	7121.26400000	7160.96000000	7174.78400000	7175.91600000	7189.60400000	7146.08200000	7160.12000000	7097.50800000	7115.87400000	7175.77200000	7189.01200000	7101.83800000	7111.88000000	7126.03200000	7130.15600000	7090.35688000	7104.35784000
2885326633.16582918	6998.99000000	7006.76200000	6952.20400000	6962.10000000	7036.41600000	7048.88400000	7073.31000000	7093.15600000	7043.42000000	7054.84000000	7013.75400000	7026.68400000	7066.23800000	7075.09200000	7088.34200000	7104.81000000	7043.30000000	7061.15600000	7126.49400000	7142.23600000	7054.06800000	7079.41200000	7131.29600000	7141.04000000	7102.08400000	7113.79200000	7124.23600000	7140.66400000	7188.87400000	7196.18600000	7105.41200000	7122.06600000	7166.16200000	7177.31000000	7144.01600000	7166.04000000	7159.11400000	7162.97000000	7122.55400000	7138.61800000	7160.25600000	7177.56600000	7100.88600000	7111.39400000	7141.90800000	7155.21800000	7090.07400000	7107.92800000	7139.92000000	7156.38400000	7094.93312000	7108.89232000
2885829145.72864342	6967.47000000	6978.61800000	6958.17200000	6959.52000000	6934.88600000	6955.38800000	7009.03200000	7017.78600000	7053.95200000	7069.42000000	7011.54600000	7022.48800000	7022.86400000	7040.22000000	7058.21800000	7056.49000000	7101.29000000	7114.88400000	7112.38200000	7121.29000000	7122.96400000	7132.67400000	7114.86400000	7125.34600000	7127.19200000	7145.11600000	7145.91800000	7144.14000000	7170.25400000	7178.77800000	7105.72600000	7108.79200000	7123.39400000	7126.04200000	7173.62800000	7179.29600000	7096.70000000	7107.83200000	7128.77800000	7147.61400000	7108.97600000	7117.04400000	7077.84600000	7087.66000000	7123.58400000	7125.42000000	7142.11600000	7147.67600000	7107.27800000	7111.07600000	7083.96120000	7092.82440000
2886331658.29145718	6930.73600000	6943.37000000	7021.56200000	7029.49400000	6994.30400000	6995.90200000	6983.64200000	6981.81000000	7015.00000000	7032.25000000	7006.33800000	7020.34400000	7073.17400000	7087.31400000	7090.53800000	7094.34400000	7104.74400000	7110.16000000	7120.21400000	7123.65600000	7139.10400000	7148.83800000	7110.16400000	7120.44000000	7131.01000000	7138.65200000	7091.38600000	7098.24000000	7190.16600000	7186.35600000	7081.60000000	7087.06400000	7161.59200000	7176.35000000	7144.01200000	7150.20800000	7136.66800000	7155.52800000	7182.56800000	7191.41400000	7200.53600000	7212.87000000	7152.62000000	7158.20000000	7098.10200000	7120.00600000	7132.67200000	7140.30000000	7176.93200000	7188.51400000	7098.77536000	7107.66496000
2886834170.85427141	6921.80600000	6922.12600000	6953.67200000	6962.43600000	6939.31200000	6947.86000000	7049.29400000	7055.57800000	7086.66400000	7096.90600000	7056.12600000	7069.61800000	7055.88400000	7060.96400000	7082.24000000	7094.74400000	7056.54400000	7059.24200000	7025.94600000	7021.62000000	7119.00400000	7123.81600000	7115.14600000	7133.79000000	7124.85400000	7135.44600000	7108.66800000	7121.86800000	7147.21000000	7151.09000000	7124.23400000	7129.46600000	7139.03800000	7140.95800000	7126.88800000	7132.58400000	7176.24000000	7184.59800000	7190.37400000	7197.82600000	7110.85400000	7115.58800000	7127.59200000	7133.69200000	7109.67200000	7114.28600000	7110.74400000	7119.31800000	7125.68000000	7135.77600000	7087.34744000	7094.44784000
2887336683.41708565	6969.75800000	6971.69800000	6950.18200000	6955.10800000	6965.52200000	6963.34800000	7020.35000000	7028.78600000	7119.77000000	7125.58200000	7070.97600000	7082.73000000	7037.55800000	7039.33600000	7071.65600000	7087.01800000	7018.48600000	7024.83600000	7145.34000000	7154.91800000	7075.70800000	7078.64400000	7110.70000000	7120.08800000	7107.60600000	7113.21200000	7177.52000000	7191.58600000	7173.89800000	7177.21800000	7174.11200000	7173.33200000	7107.28000000	7107.29200000	7147.24800000	7161.76800000	7164.37600000	7171.52200000	7188.76800000	7194.34200000	7132.51000000	7136.70800000	7113.60200000	7119.86000000	7172.51200000	7177.23000000	7143.02800000	7144.26600000	7109.11800000	7102.36800000	7098.70336000	7104.11184000
2887839195.97989941	6983.22000000	6990.15200000	7006.03200000	7014.01800000	6989.10000000	6999.89800000	7013.14200000	7014.10600000	7050.68400000	7053.40800000	7044.51600000	7041.61400000	7074.57600000	7074.49800000	7089.96200000	7094.22800000	7115.02200000	7116.00400000	7122.46000000	7117.94600000	7137.56200000	7134.62200000	7119.57400000	7117.76200000	7120.79800000	7144.07400000	7137.22200000	7150.93800000	7098.22200000	7117.04600000	7151.16000000	7160.67400000	7218.59200000	7212.96200000	7165.41000000	7168.38000000	7163.93800000	7159.87200000	7117.96600000	7129.87200000	7187.59000000	7203.80600000	7134.77400000	7137.68800000	7134.60000000	7130.98800000	7115.36200000	7123.27200000	7140.24400000	7141.62400000	7105.26912000	7109.97808000
2888341708.54271364	6957.55600000	6960.73400000	7031.25400000	7030.60400000	6980.40800000	6984.53000000	7066.02600000	7066.31400000	7029.12800000	7038.10600000	7090.10200000	7085.71400000	7079.49800000	7081.20200000	7041.77400000	7034.02800000	7029.89800000	7041.23600000	7110.85000000	7108.01400000	7103.00200000	7098.15800000	7118.08800000	7129.94600000	7135.14000000	7127.02000000	7163.70800000	7164.13000000	7184.76600000	7178.22000000	7137.36600000	7140.73200000	7154.12000000	7155.35800000	7118.99800000	7112.74000000	7142.82800000	7141.27600000	7210.64000000	7211.80200000	7121.70200000	7128.53200000	7066.11600000	7061.25200000	7239.88600000	7235.86000000	7196.02600000	7196.87800000	7079.32600000	7085.19800000	7103.52824000	7103.90336000
2888844221.10552788	6963.99000000	6961.07000000	6918.02200000	6915.64400000	7048.19000000	7042.72800000	6991.42400000	6997.28200000	7057.48400000	7058.52200000	7098.71400000	7102.23000000	7023.05800000	7034.89600000	7146.37400000	7144.78600000	7137.41800000	7123.34600000	7054.57000000	7067.09400000	7154.91200000	7155.86600000	7116.29800000	7117.84800000	7124.12400000	7129.14400000	7152.46800000	7149.65600000	7165.48400000	7173.32200000	7149.25400000	7148.17800000	7130.95600000	7135.28000000	7077.86200000	7076.10200000	7146.40600000	7146.35800000	7128.62600000	7139.20400000	7178.89800000	7190.90800000	7146.45800000	7150.28600000	7116.72800000	7110.26600000	7058.29200000	7045.66400000	7171.25800000	7167.78200000	7098.29072000	7099.33848000
2889346733.66834164	6904.72200000	6896.68800000	6975.13200000	6967.11600000	6995.90800000	6998.43600000	7029.21400000	7029.36200000	7075.89600000	7074.93000000	7102.20400000	7103.47600000	7016.87600000	7014.67600000	7068.24800000	7071.28400000	7098.72800000	7092.99400000	7045.39400000	7049.53400000	7113.40000000	7115.56000000	7074.36800000	7078.27600000	7089.43800000	7081.69600000	7106.68600000	7109.28400000	7159.91800000	7162.45800000	7169.20400000	7169.01600000	7193.77200000	7180.65600000	7131.59600000	7140.48200000	7178.61600000	7181.01400000	7115.04200000	7117.73800000	7110.96800000	7101.61000000	7180.47400000	7179.63800000	7103.87400000	7101.71600000	7154.01200000	7150.06000000	7168.10800000	7154.73200000	7094.47192000	7092.89728000
2889849246.23115587	6969.69000000	6973.59000000	6961.02600000	6954.70200000	7057.84600000	7054.61600000	7070.91200000	7068.89800000	7030.35000000	7032.36000000	7091.12200000	7084.86400000	7029.22400000	7039.36800000	7096.73800000	7096.31200000	7128.17000000	7133.08600000	7118.69000000	7112.18600000	7155.10600000	7138.84400000	7117.96000000	7116.66600000	7122.92600000	7115.34000000	7193.51600000	7176.63200000	7199.13800000	7198.66000000	7161.75000000	7162.60800000	7157.36600000	7147.06000000	7125.33400000	7121.60600000	7219.98800000	7213.82600000	7219.71400000	7220.20400000	7236.28200000	7233.81800000	7131.97200000	7124.21800000	7106.11000000	7103.99200000	7157.13800000	7162.26600000	7151.56200000	7147.23800000	7120.38520000	7117.31840000
2890351758.79396963	7001.21000000	6994.42400000	7009.59000000	7015.79600000	6998.95000000	6996.64600000	7055.49400000	7062.31200000	7101.95600000	7102.90800000	7105.53800000	7103.82600000	7056.63800000	7055.43600000	7093.03600000	7093.01400000	7063.94800000	7074.84000000	7084.61600000	7079.80600000	7150.85000000	7143.10800000	7131.88800000	7136.72800000	7147.04600000	7144.05000000	7179.98400000	7183.71200000	7167.28800000	7175.75200000	7159.49000000	7159.63800000	7141.47200000	7138.53400000	7154.66200000	7147.53800000	7191.41800000	7190.20400000	7196.28000000	7189.02400000	7129.41800000	7124.82000000	7093.22000000	7108.30400000	7084.00600000	7080.00400000	7128.52400000	7117.75600000	7144.37400000	7144.93600000	7110.83584000	7110.52464000
2890854271.35678387	6968.19800000	6977.59800000	7047.62400000	7038.32000000	7014.64800000	7017.37400000	7000.62600000	7003.32200000	7045.39600000	7049.16600000	7059.76400000	7066.86400000	7058.10200000	7059.30200000	7005.48600000	6996.63200000	7067.25800000	7055.28400000	7117.59600000	7117.02000000	7066.56600000	7064.61600000	7091.36000000	7092.98400000	7105.14400000	7114.33200000	7169.55000000	7158.92200000	7157.44400000	7163.37200000	7171.73800000	7172.49800000	7201.16000000	7206.73200000	7182.12600000	7183.30800000	7167.61000000	7160.71000000	7224.00800000	7220.92000000	7165.47200000	7168.50400000	7064.59800000	7070.01200000	7213.20000000	7216.04800000	7151.70200000	7151.98400000	7143.14000000	7146.73800000	7106.38064000	7106.90248000
2891356783.91959810	6996.26800000	6998.17000000	7024.78400000	7027.58800000	7085.57600000	7079.40600000	7025.80800000	7023.09800000	7075.63400000	7082.46200000	7066.64400000	7071.53600000	7035.74400000	7025.04600000	7072.92200000	7062.37800000	7083.80600000	7086.86600000	7172.28000000	7166.89600000	7077.74800000	7079.95600000	7131.18400000	7121.35200000	7106.04800000	7097.21400000	7072.59400000	7059.46800000	7166.72000000	7171.04800000	7144.80000000	7134.40800000	7148.42200000	7151.81800000	7092.72200000	7081.93800000	7189.17800000	7184.13200000	7199.71800000	7191.00200000	7170.18000000	7171.74000000	7103.71600000	7095.29600000	7181.88600000	7175.42000000	7159.09400000	7165.99400000	7151.54200000	7155.79200000	7109.40072000	7106.40096000
2891859296.48241186	6933.00200000	6928.58000000	6976.52200000	6963.18400000	6946.83200000	6940.06400000	6980.87800000	6977.48000000	7087.53400000	7085.87800000	7106.80000000	7098.78400000	7062.06400000	7063.06000000	7049.19800000	7046.63800000	7067.86000000	7065.37600000	7127.71400000	7118.89000000	7091.54800000	7084.33000000	7132.64200000	7130.00000000	7103.14200000	7108.73200000	7169.78800000	7163.71000000	7177.85600000	7173.60800000	7162.27200000	7159.94200000	7193.24400000	7195.53400000	7217.65800000	7204.12800000	7139.62800000	7136.02000000	7175.36800000	7175.25000000	7241.85800000	7245.35800000	7066.36800000	7058.25400000	7084.41000000	7079.46400000	7172.47800000	7170.83400000	7227.27800000	7222.31000000	7107.75768000	7103.81632000
2892361809.04522610	6997.12600000	6989.25800000	7009.25000000	7011.18600000	7096.56800000	7097.99600000	7044.19000000	7038.60800000	7093.81600000	7091.99000000	7058.74200000	7062.31000000	7051.36000000	7041.64400000	7069.93000000	7064.04000000	7108.83800000	7105.54000000	7176.81000000	7177.21200000	7101.63000000	7099.55600000	7129.47600000	7123.54000000	7100.02800000	7090.53400000	7054.88600000	7053.83000000	7178.18600000	7180.35400000	7140.56400000	7138.48000000	7157.12800000	7151.09800000	7062.67800000	7062.51000000	7204.30600000	7194.74000000	7192.29600000	7185.25400000	7170.22200000	7162.00000000	7119.15800000	7109.88000000	7168.36400000	7165.42200000	7145.80200000	7147.08000000	7146.95800000	7153.04000000	7111.13248000	7107.88408000
2892864321.60804033	7003.86400000	6991.22600000	7034.69000000	7028.27400000	6987.27800000	6987.76200000	7074.44400000	7071.01200000	7122.61800000	7117.94200000	7082.75200000	7079.00600000	7071.23000000	7071.64800000	7098.82600000	7093.51600000	7070.67200000	7071.07200000	7089.72400000	7080.46800000	7161.06800000	7149.68200000	7140.98200000	7139.96000000	7149.91000000	7135.17600000	7171.34200000	7175.67400000	7173.24400000	7169.47600000	7158.11600000	7155.73400000	7176.80000000	7174.79200000	7172.69000000	7170.64000000	7192.19000000	7187.94400000	7202.22200000	7196.56800000	7174.59800000	7171.97200000	7116.93000000	7116.85200000	7083.17000000	7082.23600000	7133.12800000	7121.76400000	7151.94000000	7139.45600000	7119.77712000	7115.19408000
2893366834.17085409	6959.83400000	6947.34800000	6993.03000000	6987.40000000	7059.49800000	7057.90600000	7015.76200000	6993.02000000	7112.50200000	7105.61400000	7082.95600000	7075.42000000	7064.45200000	7071.29400000	7103.54200000	7091.64800000	7163.16000000	7152.61400000	7147.28200000	7139.52000000	7171.08000000	7158.30000000	7118.62600000	7121.84200000	7078.29200000	7069.12200000	7202.36800000	7194.07400000	7143.23800000	7136.11400000	7184.78600000	7186.79600000	7118.24400000	7117.59000000	7099.19200000	7100.97800000	7148.59800000	7148.37800000	7188.35400000	7181.60200000	7092.22800000	7085.08800000	7109.27400000	7097.08400000	7133.48600000	7141.99600000	7088.20200000	7088.76400000	7162.54000000	7157.36800000	7109.62104000	7104.27520000
2893869346.73366833	6949.35000000	6952.94600000	7025.28000000	7027.11600000	7015.42800000	7001.86000000	7038.95800000	7040.58800000	7017.18200000	7027.77600000	7045.55000000	7038.69200000	7034.81200000	7030.25800000	7058.24000000	7042.04600000	7081.05200000	7072.09800000	7139.06600000	7135.86200000	7112.40200000	7105.68000000	7154.48000000	7146.73600000	7096.39600000	7085.60400000	7120.36400000	7120.70600000	7177.87000000	7165.42600000	7165.76800000	7164.26800000	7150.73000000	7153.98800000	7122.17200000	7118.64600000	7148.72000000	7149.34600000	7204.42000000	7200.05600000	7159.60800000	7151.41400000	7143.15800000	7144.60200000	7156.29400000	7156.02400000	7142.82800000	7145.78000000	7198.62000000	7194.24000000	7106.34992000	7102.87032000
2894371859.29648256	6940.75600000	6933.17800000	7053.60400000	7051.75800000	7072.54400000	7069.20400000	7041.55200000	7026.52400000	7088.34600000	7078.43200000	7079.54600000	7078.97800000	7120.60200000	7111.04200000	7102.07200000	7089.75800000	7129.29000000	7117.14800000	7170.99200000	7161.33000000	7112.60000000	7097.88800000	7120.33200000	7122.40800000	7108.55200000	7113.17000000	7143.03600000	7139.73400000	7158.05000000	7150.04400000	7187.60600000	7183.53200000	7116.86400000	7112.62200000	7148.83800000	7143.91200000	7162.56400000	7155.89800000	7186.68600000	7174.82600000	7163.04000000	7153.52600000	7176.35000000	7163.64000000	7178.33600000	7168.16400000	7058.58400000	7042.68600000	7138.91200000	7141.07000000	7118.38616000	7111.21888000
2894874371.85929632	6991.11600000	6987.07600000	7032.26000000	7026.73800000	7083.34200000	7068.07200000	7042.74400000	7029.45800000	7090.18000000	7092.85000000	7093.71400000	7084.62200000	7108.26000000	7108.35600000	7055.19000000	7046.94800000	7136.86800000	7139.31200000	7163.16400000	7159.10000000	7094.44600000	7083.67600000	7109.41000000	7108.19600000	7121.80400000	7113.64200000	7143.94400000	7140.80400000	7179.02800000	7169.18600000	7144.49000000	7147.80800000	7128.23600000	7117.67200000	7119.87400000	7119.96400000	7136.68600000	7133.44600000	7151.55000000	7146.47800000	7203.05000000	7191.11400000	7169.52600000	7170.97000000	7150.48400000	7138.32000000	7117.77400000	7114.23000000	7125.56200000	7110.41400000	7115.70808000	7109.93808000
2895376884.42211056	6989.56600000	6986.23400000	7044.87400000	7033.32800000	7040.07200000	7032.18400000	7010.46200000	7013.02600000	7091.22000000	7088.11800000	7039.91800000	7037.25800000	7025.43800000	7010.41600000	7029.79600000	7018.47600000	7043.06400000	7049.22600000	7131.59200000	7131.92400000	7078.92600000	7070.05800000	7120.15400000	7111.83000000	7114.33400000	7101.94400000	7154.67000000	7151.37200000	7172.44400000	7166.96200000	7110.15000000	7100.17600000	7164.96600000	7165.13200000	7196.84200000	7188.81600000	7175.11600000	7172.88400000	7229.85000000	7213.10200000	7148.67000000	7131.53800000	7139.11000000	7134.65400000	7180.07000000	7173.48800000	7197.87800000	7191.84000000	7185.75600000	7176.98000000	7112.59752000	7106.03864000
2895879396.98492479	6971.56600000	6961.56000000	6968.71800000	6956.26400000	6954.02800000	6952.56600000	7023.61000000	7018.37000000	7070.09800000	7059.59600000	7072.38400000	7064.98600000	7073.34800000	7063.89200000	7059.40000000	7046.76000000	7055.57800000	7044.04400000	7139.07200000	7120.90400000	7097.87200000	7088.83000000	7118.58200000	7102.92600000	7118.20800000	7114.87600000	7190.12400000	7184.11600000	7205.96000000	7202.76600000	7162.36400000	7166.77800000	7118.65200000	7110.01600000	7165.73200000	7156.18800000	7163.12000000	7155.60000000	7261.32800000	7260.84200000	7124.30400000	7127.55400000	7082.25800000	7074.42000000	7123.65800000	7108.27400000	7193.65800000	7178.73600000	7138.70200000	7126.53600000	7106.09296000	7097.89600000
2896381909.54773855	6947.94600000	6949.39400000	6979.28800000	6978.37000000	6985.63200000	6974.70600000	6987.05000000	6985.07400000	7019.29200000	7014.54000000	7093.05200000	7087.90200000	6991.18200000	6972.64800000	7083.94600000	7070.01200000	7140.40200000	7127.14400000	7124.55200000	7116.13000000	7168.08600000	7156.17400000	7152.24200000	7145.30800000	7158.50200000	7149.69000000	7179.70600000	7170.36000000	7174.84200000	7171.24000000	7156.00400000	7149.29200000	7128.94600000	7128.45400000	7190.90000000	7181.43400000	7201.76600000	7194.20600000	7182.52800000	7177.99800000	7184.69000000	7184.40400000	7197.56200000	7194.58400000	7194.62800000	7190.32000000	7104.70800000	7096.71000000	7145.59000000	7138.22400000	7114.92168000	7108.17272000
2896884422.11055279	7019.30800000	7008.17400000	7024.94200000	7012.51400000	7009.74800000	6991.69800000	7076.36200000	7058.81000000	7047.58800000	7034.69800000	7104.77000000	7097.52400000	7053.58000000	7048.47000000	7074.43000000	7066.84000000	7090.20400000	7083.05000000	7111.32600000	7097.63800000	7107.72400000	7110.11600000	7146.68600000	7132.13000000	7152.08200000	7147.44800000	7177.91200000	7170.17600000	7160.47800000	7141.11000000	7168.49600000	7161.57000000	7176.35200000	7163.14400000	7165.75600000	7157.11800000	7189.79800000	7181.92200000	7184.12400000	7177.39400000	7156.97800000	7144.86800000	7061.02800000	7050.86200000	7103.34200000	7093.50000000	7178.56400000	7167.74800000	7178.64600000	7167.51800000	7116.80896000	7106.64160000
2897386934.67336702	6988.00600000	6985.84000000	6955.15000000	6945.26400000	7060.96400000	7053.25400000	7056.74200000	7049.01000000	7000.29800000	7000.56200000	7058.82000000	7056.57800000	7027.63600000	7010.00200000	7124.10000000	7115.46000000	7125.52600000	7116.80800000	7111.21400000	7105.85200000	7091.63000000	7074.60200000	7110.64200000	7099.12400000	7113.52800000	7109.07200000	7132.71000000	7130.11000000	7208.04400000	7200.47800000	7147.57800000	7144.11600000	7166.16000000	7151.79600000	7134.24800000	7123.24200000	7195.43200000	7189.33800000	7244.03600000	7232.27600000	7166.70800000	7166.73400000	7071.25000000	7067.96400000	7103.82600000	7090.94200000	7163.69200000	7164.99000000	7138.29000000	7120.28600000	7107.84920000	7100.14800000
2897889447.23618078	6933.84600000	6935.48400000	6993.89400000	6989.24200000	7005.17800000	6989.81000000	7058.71800000	7048.13200000	7056.00400000	7048.30000000	7125.00200000	7106.21800000	7008.22200000	7006.81000000	7088.29000000	7074.79400000	7075.03200000	7072.00000000	7102.78000000	7098.70200000	7104.12800000	7093.47400000	7101.31400000	7099.81000000	7045.75400000	7033.47000000	7107.32400000	7091.25400000	7204.26400000	7190.36000000	7159.61200000	7156.69000000	7220.63200000	7201.92400000	7170.36000000	7166.22800000	7201.79000000	7185.94200000	7148.88800000	7135.06400000	7134.99200000	7122.16200000	7190.27800000	7183.55200000	7155.62000000	7148.71800000	7188.40600000	7185.37600000	7174.56000000	7158.39000000	7110.19552000	7100.87624000
2898391959.79899502	6959.79200000	6953.44600000	6900.55600000	6912.78000000	7038.84000000	7034.14400000	7012.45200000	7008.40800000	7061.20000000	7058.18800000	7099.57200000	7082.62400000	7060.34800000	7057.29000000	7159.65000000	7145.65400000	7092.91200000	7069.24800000	7098.19800000	7097.91800000	7143.78400000	7135.43800000	7133.48000000	7123.83200000	7141.90600000	7129.33200000	7158.11600000	7150.05200000	7187.63200000	7179.54200000	7145.11400000	7134.52800000	7145.07600000	7133.80200000	7105.81600000	7104.36200000	7170.00800000	7164.51800000	7163.10600000	7152.13000000	7206.55200000	7202.23600000	7176.11200000	7167.38400000	7137.17600000	7124.16800000	7021.14800000	7017.31600000	7186.03400000	7168.98000000	7108.18320000	7100.29280000
2898894472.36180925	6988.24800000	6981.19400000	7003.19400000	6998.84800000	6936.90200000	6928.72000000	7022.82800000	7004.72000000	7066.51200000	7051.61600000	7069.21400000	7056.14600000	7075.09400000	7062.65000000	7087.38800000	7074.11000000	7102.99600000	7096.24200000	7100.25800000	7097.35000000	7076.55600000	7065.56000000	7101.95400000	7087.78600000	7140.52800000	7125.39000000	7171.49200000	7159.55400000	7229.26600000	7214.94600000	7165.13600000	7155.31400000	7142.87200000	7133.69200000	7172.31600000	7164.08800000	7156.34600000	7143.21000000	7265.20000000	7253.32200000	7173.88200000	7162.81200000	7111.46000000	7105.05800000	7113.34800000	7090.98200000	7157.93400000	7144.41200000	7183.07600000	7180.57000000	7112.56000000	7101.53168000
2899396984.92462301	7008.56600000	6997.38000000	7054.21400000	7041.06200000	7043.62200000	7038.63200000	7012.53800000	7008.19200000	7084.71000000	7083.75200000	7092.58400000	7082.33400000	7041.69000000	7021.86800000	7076.50600000	7066.50200000	7107.03400000	7101.94800000	7189.23400000	7172.25800000	7079.24600000	7067.17000000	7143.73200000	7132.77000000	7118.57400000	7100.86000000	7106.38200000	7095.77400000	7177.47000000	7175.64600000	7181.35200000	7161.78400000	7152.20600000	7150.37600000	7117.43400000	7104.79400000	7187.68600000	7176.15600000	7205.60200000	7190.59200000	7183.08400000	7167.96600000	7129.98200000	7116.64400000	7174.58600000	7165.32000000	7159.19600000	7147.62400000	7178.29600000	7170.83400000	7120.22104000	7109.52952000
2899899497.48743725	6961.35200000	6947.41000000	7004.33200000	6987.18400000	7005.42600000	6995.90200000	7044.53400000	7028.43200000	7102.49200000	7088.29400000	7088.00200000	7074.03200000	7099.57400000	7089.45200000	7067.78400000	7061.23600000	7078.60000000	7068.35000000	7159.59600000	7152.01000000	7133.57400000	7131.53800000	7183.66400000	7179.33200000	7176.43800000	7161.94600000	7195.54600000	7184.40200000	7211.86800000	7203.21800000	7176.03800000	7166.42600000	7207.21200000	7197.89000000	7066.70000000	7065.97600000	7185.12200000	7169.36400000	7176.65200000	7174.40200000	7211.95600000	7205.77800000	7159.38200000	7147.41800000	7179.28400000	7170.28400000	7095.98200000	7081.58200000	7162.12600000	7145.69400000	7125.32944000	7115.10208000
2900402010.05025148	6924.88600000	6920.29400000	7031.42400000	7025.57600000	7048.66000000	7030.65400000	7032.41600000	7021.42000000	7064.78200000	7048.92800000	7118.01200000	7106.46600000	7139.23600000	7134.44400000	7097.74400000	7089.05800000	7167.15400000	7151.69200000	7155.40000000	7151.54800000	7154.76600000	7133.05200000	7132.63600000	7122.58600000	7040.53800000	7033.24400000	7105.52800000	7094.29400000	7119.16200000	7108.06600000	7098.06400000	7079.00400000	7213.98600000	7204.73800000	7170.83800000	7167.50400000	7146.47400000	7143.52200000	7097.05000000	7089.37800000	7152.42800000	7141.74200000	7106.33000000	7096.45600000	7199.60800000	7196.97400000	7155.00600000	7143.76400000	7105.27600000	7095.68600000	7111.09616000	7101.20360000
2900904522.61306524	6955.32200000	6942.45600000	7048.37800000	7035.14000000	7041.25600000	7039.18000000	7015.50600000	7008.81800000	7040.71800000	7042.71600000	7099.21200000	7085.51600000	7126.97200000	7111.21800000	7094.44800000	7078.58400000	7129.32600000	7118.36800000	7174.07800000	7159.85200000	7118.86400000	7106.98200000	7130.35800000	7109.13600000	7044.43800000	7033.46400000	7130.49000000	7109.80600000	7119.64600000	7105.12000000	7160.87600000	7146.01600000	7194.62200000	7180.80000000	7173.54800000	7160.13800000	7187.14200000	7178.34600000	7180.31400000	7167.56000000	7130.94000000	7118.89200000	7107.39600000	7090.64800000	7190.48000000	7182.04200000	7064.11400000	7044.75000000	7130.58800000	7120.84000000	7111.56128000	7099.05552000
2901407035.17587948	7006.81200000	6992.61600000	7023.94000000	7006.19000000	7016.03000000	6998.89200000	7072.66400000	7066.14200000	7078.50200000	7070.92600000	7114.61800000	7100.70200000	7046.31600000	7047.28800000	7083.30800000	7073.52800000	7067.68600000	7060.94600000	7093.10000000	7090.62800000	7151.94800000	7147.74200000	7149.32400000	7138.24000000	7137.45000000	7122.66400000	7178.89000000	7175.12000000	7168.52600000	7166.43600000	7154.32000000	7148.42200000	7140.95800000	7133.58200000	7143.11000000	7139.94400000	7193.00800000	7184.82600000	7179.95800000	7174.14400000	7128.94400000	7120.24200000	7083.63400000	7083.37400000	7079.58200000	7069.00000000	7137.21400000	7112.25800000	7174.25800000	7163.64400000	7112.16400000	7103.49984000
2901909547.73869324	6980.89200000	6977.48000000	7001.52600000	6992.27000000	7064.66200000	7054.09600000	6974.72400000	6967.80200000	6994.33200000	6983.01200000	7080.42400000	7063.60200000	7028.74800000	7020.73200000	7100.48200000	7090.18200000	7154.95600000	7142.18800000	7152.34000000	7136.01400000	7125.01000000	7108.45400000	7143.16400000	7130.73800000	7067.63200000	7049.19200000	7170.30800000	7154.64600000	7139.03200000	7134.23200000	7179.01000000	7157.60200000	7182.56800000	7173.55200000	7152.53800000	7132.41600000	7162.35600000	7153.75200000	7245.49400000	7230.54200000	7152.39000000	7144.96400000	7115.82400000	7110.89800000	7147.40600000	7145.46400000	7151.49000000	7144.95200000	7151.35000000	7140.15400000	7112.74632000	7101.55744000
2902412060.30150747	6983.01800000	6977.07600000	6945.69600000	6936.04000000	7003.35800000	6995.93400000	7017.47800000	7011.18000000	7098.48400000	7094.86800000	7102.07600000	7086.36600000	7039.57800000	7033.98000000	7070.50200000	7061.28800000	7132.43600000	7115.72800000	7116.24600000	7105.12600000	7108.89800000	7099.21400000	7120.51200000	7099.52200000	7077.75400000	7069.16000000	7162.87600000	7152.46000000	7137.81800000	7123.50600000	7209.65400000	7197.55600000	7180.78400000	7170.24400000	7153.67600000	7143.01200000	7150.46600000	7142.91200000	7136.87600000	7126.74200000	7206.78000000	7207.43800000	7116.04000000	7122.16600000	7124.61200000	7117.21000000	7140.35200000	7136.98400000	7133.17000000	7126.38800000	7106.76560000	7098.08400000
2902914572.86432171	6925.91200000	6913.40400000	6972.96600000	6949.65400000	6997.60600000	6992.32000000	7061.60000000	7051.84400000	7081.09200000	7071.73000000	7098.38800000	7096.51600000	7069.99800000	7069.22200000	7099.02000000	7084.69800000	7079.91000000	7072.99800000	7062.88600000	7049.16400000	7148.35000000	7134.29800000	7135.63800000	7124.12800000	7109.39400000	7094.01200000	7141.97000000	7126.54600000	7153.12200000	7140.43000000	7163.83400000	7155.21800000	7088.09400000	7075.24400000	7138.90000000	7134.77200000	7174.12000000	7164.08400000	7243.79200000	7226.19400000	7134.16000000	7136.00400000	7150.63400000	7133.74200000	7121.94200000	7109.14200000	7096.99000000	7089.10200000	7127.34600000	7118.03200000	7103.10656000	7092.49992000
2903417085.42713547	6975.12600000	6966.32400000	7033.03200000	7021.58200000	7029.93800000	7015.44200000	7032.48800000	7022.36400000	7098.54600000	7083.87400000	7063.56200000	7062.50600000	7045.54800000	7035.51600000	7038.74000000	7031.14000000	7131.31000000	7122.64000000	7143.00400000	7133.31200000	7181.60600000	7164.82600000	7115.09200000	7115.10000000	7084.03800000	7071.02600000	7133.90400000	7119.36400000	7144.84200000	7127.43400000	7198.13200000	7189.06000000	7221.16800000	7205.71800000	7141.21000000	7132.66000000	7149.41400000	7136.45800000	7088.54800000	7079.62400000	7222.51200000	7205.32200000	7099.13200000	7089.21200000	7195.98800000	7182.84600000	7145.07400000	7137.53800000	7139.32600000	7129.04400000	7114.05120000	7103.19728000
2903919597.98994970	6983.97800000	6971.33800000	7005.62600000	6996.29800000	6965.08600000	6945.79600000	7026.09600000	7022.48600000	7075.77800000	7065.52000000	7030.27000000	7027.99200000	7095.47000000	7085.42400000	7042.45200000	7029.03800000	7054.21000000	7039.28200000	7072.73800000	7055.10800000	7122.74400000	7114.44200000	7118.50400000	7105.95400000	7126.13600000	7116.61800000	7167.81600000	7153.69400000	7167.54800000	7153.73000000	7176.59800000	7157.91600000	7280.25000000	7268.55800000	7144.62600000	7129.85600000	7211.05800000	7197.38000000	7103.02800000	7092.44800000	7208.59000000	7205.56000000	7157.36200000	7147.79600000	7168.27600000	7162.87800000	7131.05600000	7114.88200000	7168.61600000	7169.65200000	7112.15648000	7101.18584000
2904422110.55276394	6949.87200000	6946.12200000	7054.42200000	7025.09200000	7035.17800000	7029.15200000	7020.87000000	7013.87800000	7046.92400000	7039.66200000	7126.10200000	7110.70800000	7146.40800000	7139.91600000	7071.30600000	7072.82600000	7137.83800000	7120.71200000	7175.85600000	7166.35000000	7131.92000000	7121.76000000	7131.32200000	7112.02000000	7048.98800000	7037.87800000	7123.33000000	7110.26600000	7123.42600000	7120.03200000	7144.88600000	7126.75600000	7195.61200000	7180.77200000	7157.77800000	7148.96000000	7172.89600000	7162.48000000	7171.16600000	7154.61600000	7136.03600000	7122.86600000	7091.72400000	7079.00600000	7189.41400000	7183.30000000	7079.46000000	7069.70400000	7133.10800000	7116.98200000	7111.83368000	7100.47264000
2904924623.11557770	6949.90200000	6939.71800000	6966.65200000	6958.26000000	6947.92400000	6944.90200000	7075.59000000	7061.41800000	7094.00000000	7082.00200000	7075.52600000	7065.30200000	7072.37600000	7053.56800000	7118.26400000	7102.46800000	7073.12000000	7064.93400000	7057.54000000	7046.03800000	7134.92000000	7118.68200000	7151.12400000	7141.61000000	7165.44200000	7144.39800000	7139.91000000	7127.37400000	7157.96400000	7151.42000000	7158.68400000	7145.76000000	7190.30400000	7183.28000000	7143.11800000	7135.96400000	7186.68600000	7170.98600000	7192.94600000	7185.07600000	7123.65400000	7118.18000000	7123.63800000	7119.02200000	7130.54800000	7116.24400000	7167.68600000	7154.55600000	7140.58800000	7128.92600000	7109.52424000	7098.40352000
2905427135.67839193	6953.38000000	6949.85200000	6983.64000000	6975.21600000	6994.55000000	6983.07200000	7026.99200000	7012.41800000	7063.49400000	7052.02600000	7091.03000000	7084.83000000	7078.87400000	7077.25600000	7075.98600000	7064.03200000	7076.24000000	7060.54200000	7109.84200000	7094.47200000	7117.07800000	7109.22200000	7094.71400000	7087.16000000	7128.79600000	7116.50400000	7176.09200000	7167.40200000	7161.90400000	7151.35800000	7128.43600000	7107.51000000	7236.74000000	7225.49000000	7208.50000000	7191.31000000	7135.50400000	7130.80200000	7150.22200000	7138.00400000	7205.55400000	7180.75600000	7109.58200000	7114.45600000	7097.67200000	7090.73400000	7153.67400000	7141.29800000	7179.00200000	7169.19800000	7109.49992000	7098.99680000
2905929648.24120617	6991.15000000	6975.29000000	6977.85800000	6972.46400000	7060.93600000	7053.63600000	7061.78200000	7047.16000000	7016.56800000	7002.99800000	7076.42800000	7064.59000000	7117.19600000	7100.53400000	7020.85200000	7014.52000000	7079.32600000	7062.40000000	7182.45000000	7164.30400000	7112.92400000	7097.63600000	7116.55600000	7110.60800000	7165.12800000	7155.03800000	7142.40600000	7138.31000000	7167.90400000	7162.24400000	7154.15400000	7148.45800000	7236.92400000	7224.85400000	7136.72200000	7129.03400000	7201.83600000	7187.80400000	7169.16800000	7167.34800000	7209.20000000	7194.50800000	7163.08200000	7143.52200000	7182.52200000	7169.45800000	7156.32800000	7152.08000000	7144.21800000	7129.88400000	7121.74472000	7110.74728000
2906432160.80401993	7018.15400000	7007.20000000	7015.11200000	7007.73200000	7010.50200000	7000.09200000	7052.14600000	7035.48000000	7109.16400000	7099.32400000	7060.61200000	7055.12200000	7070.46800000	7060.75000000	7056.77400000	7052.72800000	7067.53800000	7057.10200000	7182.02200000	7162.54200000	7106.98800000	7082.85200000	7201.54400000	7192.11400000	7088.75600000	7083.40600000	7114.81800000	7090.45600000	7180.37600000	7175.14600000	7159.73200000	7156.86000000	7141.05000000	7130.63600000	7171.71600000	7158.49800000	7121.82400000	7100.62000000	7197.53800000	7185.93200000	7143.14600000	7137.38000000	7152.56600000	7140.21200000	7213.57200000	7199.22200000	7171.57000000	7150.35800000	7165.19600000	7148.43000000	7118.91536000	7106.80776000
2906934673.36683416	6985.31200000	6971.91000000	6974.31400000	6961.82000000	7063.22800000	7041.98000000	7046.20000000	7042.20400000	7001.03600000	6985.27400000	7055.80600000	7047.85800000	7040.99000000	7021.58400000	7134.57600000	7125.12000000	7078.33600000	7067.09200000	7127.56800000	7104.59400000	7065.07000000	7052.75000000	7107.97000000	7090.16000000	7104.08800000	7105.58200000	7140.15800000	7136.11000000	7192.21600000	7183.15200000	7128.61800000	7118.28800000	7193.18000000	7178.52000000	7172.02000000	7155.97200000	7180.50400000	7174.91400000	7242.92000000	7234.29600000	7134.67800000	7139.14800000	7042.78600000	7034.26600000	7118.49200000	7102.40800000	7164.35200000	7154.27400000	7159.76600000	7130.59400000	7106.16736000	7094.39480000
2907437185.92964840	6960.87200000	6945.01800000	7031.27600000	7030.77400000	7045.45000000	7028.52000000	7046.01600000	7035.21800000	7083.80000000	7075.72400000	7064.55800000	7060.25800000	7074.71800000	7067.60600000	7068.96000000	7060.20800000	7139.79400000	7136.03200000	7142.74800000	7130.68000000	7184.04000000	7163.74800000	7121.75800000	7112.75200000	7072.93200000	7058.48400000	7116.54000000	7106.10200000	7142.74600000	7127.70000000	7159.53400000	7154.23400000	7203.25600000	7188.30400000	7170.71800000	7154.73200000	7133.84400000	7113.38200000	7097.05800000	7093.98800000	7203.42600000	7186.26000000	7093.74400000	7077.49400000	7193.50600000	7181.92200000	7152.30800000	7145.25000000	7114.09800000	7109.05600000	7112.70800000	7101.73784000
2907939698.49246216	6967.70200000	6958.89000000	6998.63200000	6982.81000000	7083.11600000	7080.95600000	7007.40400000	6994.64400000	7086.44800000	7075.40000000	7095.07800000	7073.96600000	7054.57400000	7055.94800000	7089.61800000	7065.79400000	7177.90000000	7169.15200000	7174.87400000	7162.29200000	7177.40600000	7171.23200000	7121.58000000	7114.71000000	7095.79000000	7077.03800000	7192.72800000	7169.15800000	7137.60600000	7117.59800000	7198.64200000	7183.24600000	7130.43800000	7129.57800000	7097.35400000	7083.38600000	7159.04200000	7150.29600000	7167.28200000	7151.60400000	7089.71000000	7077.49600000	7118.71600000	7106.92400000	7157.50400000	7142.21800000	7076.71200000	7065.71200000	7135.68400000	7126.17800000	7111.66160000	7099.44904000
2908442211.05527639	6967.35000000	6965.25600000	7000.72000000	6993.46800000	6998.33600000	6998.39000000	7063.76200000	7053.35400000	7154.43200000	7142.06400000	7105.93200000	7087.65600000	7026.05800000	7027.42400000	7127.74000000	7116.81200000	7099.87800000	7086.71000000	7142.93400000	7129.33000000	7130.24200000	7112.50800000	7122.15200000	7111.86000000	7150.00600000	7135.46400000	7215.06400000	7208.19400000	7194.10000000	7175.93800000	7161.84200000	7147.72400000	7140.55600000	7143.40000000	7166.62200000	7148.27200000	7188.21400000	7183.48200000	7217.41000000	7207.26600000	7210.67400000	7192.88400000	7178.22200000	7168.48400000	7184.20000000	7183.41200000	7150.73600000	7139.64600000	7145.40800000	7139.27600000	7129.70360000	7119.93096000
2908944723.61809063	6998.62800000	6990.41200000	7008.34200000	6998.20000000	7015.86800000	6999.76400000	7012.81600000	6992.42400000	7060.25200000	7053.10200000	7078.40600000	7062.47200000	7082.12000000	7072.34000000	7157.76000000	7145.78800000	7110.71000000	7099.26400000	7159.11400000	7156.08200000	7135.18200000	7111.27000000	7134.76800000	7127.82800000	7174.95800000	7164.02000000	7117.27400000	7107.27000000	7137.15000000	7126.67600000	7165.77400000	7152.08800000	7174.12000000	7160.04600000	7156.10400000	7140.77200000	7192.66800000	7177.26600000	7193.83000000	7183.34400000	7228.61000000	7211.79000000	7169.93000000	7157.82400000	7078.13800000	7054.65400000	7097.12400000	7082.09400000	7114.30600000	7105.68000000	7118.15808000	7105.29880000
2909447236.18090439	7008.98800000	6998.86600000	7004.24600000	6992.59200000	7046.82400000	7034.79400000	7093.50400000	7080.97800000	7115.96600000	7096.65600000	7065.09400000	7050.96000000	7076.77000000	7055.98000000	7108.09600000	7102.34800000	7101.38600000	7088.99200000	7153.00400000	7139.26600000	7072.51600000	7058.80200000	7161.85200000	7149.80000000	7120.56800000	7111.88400000	7132.40400000	7118.23400000	7211.89200000	7196.74600000	7175.96600000	7155.43600000	7178.75200000	7170.39800000	7181.66000000	7165.90600000	7169.05000000	7157.42200000	7140.16000000	7127.11000000	7193.02800000	7172.74600000	7118.69000000	7120.75400000	7130.21000000	7116.57200000	7124.48600000	7119.50800000	7163.16800000	7156.28400000	7121.93120000	7109.56136000
2909949748.74371862	6944.18200000	6927.88200000	6964.47400000	6952.75400000	7037.98000000	7016.58800000	7062.79800000	7048.96200000	7078.74400000	7065.55800000	7089.56800000	7074.55200000	7093.70800000	7079.03000000	7110.34600000	7087.93000000	7099.75600000	7091.99600000	7065.65400000	7063.89400000	7142.97200000	7139.50600000	7136.77800000	7127.75000000	7081.15400000	7071.88000000	7152.38000000	7139.19600000	7162.93200000	7150.07200000	7165.43200000	7164.54200000	7103.76200000	7091.25200000	7151.65600000	7134.37400000	7189.60400000	7178.18800000	7258.96000000	7233.36400000	7147.48600000	7137.79600000	7114.24800000	7100.26400000	7124.56200000	7110.31600000	7091.53600000	7085.56400000	7148.18600000	7133.55400000	7108.75432000	7096.27056000
2910452261.30653286	7019.76600000	7005.23400000	7024.80200000	7014.18200000	7074.22400000	7061.85800000	7012.95800000	6998.68600000	7046.28800000	7026.77000000	7108.40200000	7094.99400000	7078.24400000	7070.01400000	7075.45200000	7066.58000000	7153.55800000	7133.08400000	7170.68200000	7155.09200000	7102.58200000	7089.67600000	7124.76200000	7108.88600000	7096.06200000	7073.07800000	7184.27400000	7170.08000000	7151.51800000	7138.98200000	7136.41200000	7118.76000000	7168.94200000	7150.66000000	7148.26800000	7135.72800000	7136.24000000	7115.02200000	7202.57400000	7195.58000000	7170.78800000	7156.36800000	7118.49800000	7106.06200000	7137.81600000	7137.05400000	7182.58200000	7167.78200000	7142.45600000	7129.29600000	7118.72600000	7104.78032000
2910954773.86934662	6948.24000000	6942.91000000	6974.26000000	6964.83200000	6972.44600000	6959.46600000	6979.20600000	6973.04200000	7084.61000000	7072.92000000	7077.82800000	7070.33000000	7074.83200000	7058.54400000	7076.26600000	7059.33400000	7097.42800000	7085.31200000	7094.08800000	7091.02000000	7096.09600000	7082.47600000	7149.17400000	7131.39600000	7123.24000000	7102.00200000	7148.93000000	7144.09800000	7183.38800000	7175.18200000	7179.61200000	7173.71200000	7193.98000000	7193.93400000	7191.15200000	7183.92200000	7159.87000000	7141.14400000	7196.11400000	7177.35800000	7253.15000000	7240.13200000	7078.72200000	7064.64000000	7090.42200000	7077.80400000	7179.63800000	7175.01400000	7217.96800000	7223.04600000	7112.82640000	7102.54280000
2911457286.43216085	6908.26400000	6913.17200000	7007.23400000	7004.10400000	7030.24400000	7014.07600000	7023.27400000	7011.12600000	7066.65400000	7059.12800000	7061.51000000	7061.82400000	7007.62000000	6992.60200000	7149.45800000	7136.12600000	7078.68800000	7067.68200000	7178.42600000	7166.65800000	7148.63800000	7141.93000000	7129.30200000	7125.40200000	7064.49800000	7051.13200000	7151.71800000	7146.69200000	7125.26000000	7107.13800000	7178.46200000	7176.29800000	7183.58800000	7166.95000000	7180.16600000	7165.70600000	7106.02000000	7094.77200000	7190.07200000	7181.54600000	7162.40000000	7162.56200000	7147.10400000	7138.90000000	7162.24400000	7151.31400000	7028.54600000	7031.41000000	7173.33000000	7173.06400000	7105.70880000	7097.65256000
2911959798.99497509	6962.82200000	6950.31200000	7071.59600000	7059.26200000	6989.04000000	6977.02400000	6957.79200000	6947.38800000	7017.80400000	7003.14200000	7042.31000000	7023.45000000	7126.46600000	7108.63200000	7085.88600000	7077.04200000	7092.82000000	7079.62200000	7142.47800000	7125.63000000	7132.38400000	7122.13600000	7087.47800000	7067.17000000	7128.58600000	7119.27000000	7164.37400000	7160.55200000	7142.21400000	7132.61600000	7068.34800000	7055.88000000	7239.68400000	7233.41200000	7195.81800000	7169.90800000	7193.53000000	7176.14600000	7186.97400000	7172.43000000	7223.96800000	7214.93600000	7170.61200000	7149.93800000	7157.50200000	7144.68200000	7143.68000000	7139.95400000	7221.74800000	7214.66200000	7117.83656000	7105.00784000
2912462311.55778885	6982.40800000	6967.88000000	7035.79800000	7022.44400000	7022.23600000	7010.99200000	7032.70800000	7025.41200000	7074.70600000	7059.33000000	7066.22400000	7052.87400000	7026.26000000	7010.68400000	7041.51400000	7026.06400000	7108.31200000	7104.25000000	7146.10000000	7125.04200000	7143.73800000	7134.44600000	7103.76600000	7092.76200000	7099.74000000	7085.76800000	7146.68000000	7126.01800000	7198.15400000	7176.75200000	7220.93800000	7207.06400000	7207.73600000	7201.11000000	7156.47600000	7137.65400000	7143.58800000	7135.35000000	7131.98800000	7119.67000000	7231.57400000	7206.51800000	7080.04000000	7060.84000000	7214.63400000	7204.59800000	7119.71800000	7105.40200000	7144.35000000	7130.43600000	7115.17544000	7101.17440000
2912964824.12060308	6956.44600000	6952.65400000	7039.21600000	7040.29800000	7012.40000000	6999.09400000	7056.95400000	7042.04000000	7014.48000000	7005.10400000	7069.47400000	7070.01400000	7083.75600000	7064.85800000	7085.59800000	7070.04800000	6988.49200000	6980.12200000	7138.66000000	7132.60600000	7083.64000000	7074.09600000	7113.66000000	7104.53200000	7104.76200000	7085.18000000	7171.50600000	7149.07600000	7199.67200000	7177.20400000	7167.77400000	7162.73400000	7174.69600000	7156.57000000	7191.86600000	7183.97200000	7181.88000000	7166.10400000	7230.30800000	7215.56200000	7076.59600000	7071.81200000	7074.36600000	7067.44000000	7194.71000000	7187.03400000	7196.19200000	7184.90000000	7087.02400000	7086.55400000	7107.76512000	7097.18432000
2913467336.68341732	6979.83200000	6964.52800000	7035.23600000	7019.01000000	7023.74800000	7012.82200000	7053.79800000	7047.02400000	7105.91200000	7096.83600000	7095.19400000	7084.49400000	7074.63800000	7053.75000000	7030.22000000	7007.20200000	7121.56600000	7101.11800000	7109.21000000	7096.11400000	7124.96800000	7114.59800000	7152.27200000	7137.58400000	7152.53600000	7140.30000000	7179.66600000	7162.91800000	7151.43800000	7143.21600000	7171.55000000	7162.59200000	7165.67000000	7147.15000000	7165.79400000	7159.04200000	7158.77200000	7145.40000000	7191.66200000	7176.90600000	7185.21600000	7181.15200000	7104.01400000	7093.81400000	7152.08000000	7138.98600000	7176.19600000	7170.18200000	7102.82000000	7089.15800000	7118.56032000	7105.83584000
2913969849.24623108	6992.94200000	6978.57200000	7049.80800000	7038.68400000	7041.27200000	7029.39600000	7001.28400000	6996.89600000	7077.42000000	7065.97000000	7047.44400000	7043.10200000	7063.94600000	7053.49800000	7034.10200000	7009.86000000	7076.07200000	7064.90200000	7141.09400000	7125.54800000	7070.49000000	7062.88400000	7117.67200000	7092.96400000	7122.27600000	7109.15600000	7174.98600000	7165.71200000	7194.03200000	7184.29400000	7162.71400000	7150.65200000	7202.96400000	7194.04800000	7203.02000000	7178.49400000	7188.15200000	7175.45600000	7262.47200000	7246.10600000	7159.16400000	7151.15800000	7125.00600000	7117.46200000	7204.04600000	7198.20400000	7185.70200000	7169.94200000	7187.28600000	7169.59400000	7123.41464000	7110.90216000
2914472361.80904531	6957.91200000	6950.14400000	6907.33800000	6908.95400000	6949.49200000	6931.96000000	7044.96200000	7019.54000000	7049.09800000	7035.03800000	7131.84400000	7115.18200000	7049.28600000	7035.05200000	7067.50000000	7049.52200000	7105.20200000	7107.57000000	7136.60800000	7128.00600000	7119.58000000	7102.57400000	7154.88400000	7149.45400000	7109.70600000	7098.39200000	7196.61600000	7179.93600000	7072.18600000	7060.34800000	7178.33200000	7163.68400000	7188.43400000	7176.89000000	7104.92000000	7094.87000000	7160.43400000	7150.36200000	7161.27400000	7145.14600000	7245.65200000	7220.54600000	7159.12000000	7147.48600000	7151.89400000	7142.73200000	7110.62400000	7099.65400000	7153.83400000	7141.68600000	7106.66928000	7094.18912000
2914974874.37185907	6960.54200000	6961.50200000	7017.19800000	7007.70800000	7014.60000000	6996.66800000	7059.64800000	7053.78600000	7024.65800000	7011.15400000	7036.49000000	7019.56200000	7050.21400000	7033.60200000	7082.49400000	7064.93000000	7062.88600000	7059.31000000	7156.18400000	7141.49200000	7093.91000000	7084.90000000	7139.69800000	7124.14200000	7098.27400000	7076.70600000	7156.74200000	7146.03600000	7170.24800000	7157.54400000	7172.31600000	7164.12400000	7184.02200000	7166.48800000	7131.26800000	7111.81000000	7171.43800000	7164.87200000	7224.91200000	7217.68600000	7162.93200000	7147.24200000	7143.35800000	7132.31400000	7187.78600000	7168.51400000	7136.12400000	7123.51600000	7176.76200000	7161.04800000	7112.58816000	7099.86624000
2915477386.93467331	6997.45400000	6984.03000000	7012.18000000	7006.18000000	7040.40000000	7024.81000000	7070.36000000	7058.41800000	7117.59800000	7095.50200000	7076.40600000	7067.70800000	7070.70400000	7055.93800000	7074.06400000	7066.53000000	7106.86400000	7097.41600000	7146.06800000	7132.11800000	7095.10000000	7084.40200000	7166.91600000	7148.32400000	7139.43400000	7123.36800000	7142.16600000	7134.37000000	7197.70600000	7189.60600000	7160.56400000	7141.40400000	7186.91600000	7177.51400000	7188.27800000	7176.00600000	7155.01000000	7133.45800000	7147.65400000	7137.52000000	7189.77800000	7166.89200000	7121.60400000	7116.42800000	7115.71000000	7102.00000000	7141.04800000	7126.97600000	7180.36200000	7163.83400000	7121.61376000	7108.43008000
2915979899.49748755	7020.43800000	7005.79600000	7068.18200000	7049.85600000	6999.12000000	6994.03600000	7001.25200000	6982.11400000	7097.97400000	7080.26000000	7101.16800000	7084.30600000	7052.25000000	7037.49400000	7079.79400000	7060.55400000	7111.30200000	7098.12600000	7175.59600000	7160.58000000	7102.74200000	7091.28400000	7161.94200000	7140.68000000	7109.44000000	7094.42600000	7135.88200000	7128.86400000	7184.32600000	7171.02600000	7193.35000000	7174.04600000	7156.82600000	7148.38400000	7118.18200000	7109.24600000	7174.81000000	7165.24200000	7222.33800000	7205.12000000	7214.87000000	7201.54000000	7141.91000000	7130.03200000	7191.93000000	7188.05200000	7165.58400000	7153.23600000	7184.94000000	7169.48800000	7126.64592000	7112.95152000
2916482412.06030130	7011.52800000	7001.46800000	7032.62600000	7018.48600000	7020.65800000	6997.61000000	7070.10600000	7056.29600000	7045.63600000	7025.51400000	7117.36400000	7103.55400000	7065.70400000	7044.11800000	7078.27600000	7062.04600000	7095.26000000	7078.31600000	7138.13000000	7132.41000000	7121.93200000	7113.90800000	7142.57600000	7128.88200000	7155.54400000	7143.68800000	7186.58800000	7172.23000000	7172.99600000	7155.04200000	7167.04000000	7154.95000000	7149.34800000	7137.94800000	7168.15000000	7142.09600000	7221.74600000	7196.24000000	7169.97600000	7156.17800000	7136.87800000	7120.81000000	7089.02200000	7067.99400000	7114.64800000	7101.77400000	7146.29400000	7145.66600000	7192.64600000	7183.22000000	7120.42688000	7105.61776000
2916984924.62311554	6987.57600000	6969.98200000	6989.68200000	6975.39800000	6947.88400000	6926.52800000	7035.94200000	7024.06200000	7066.80200000	7047.71400000	7080.40000000	7060.15200000	7079.02000000	7064.59000000	7076.83400000	7056.45800000	7093.10600000	7084.21400000	7134.81200000	7126.53400000	7086.07000000	7077.26000000	7125.56200000	7110.09600000	7136.48600000	7124.16600000	7183.77200000	7170.31800000	7228.67000000	7216.33600000	7159.11400000	7149.91200000	7136.78600000	7116.76000000	7182.22200000	7164.99400000	7161.11600000	7142.45400000	7262.21400000	7262.00600000	7154.26200000	7138.22400000	7097.07800000	7077.54400000	7110.62000000	7093.14000000	7194.98600000	7172.89800000	7170.43800000	7155.17000000	7115.25816000	7100.27640000
2917487437.18592978	6977.07800000	6977.70400000	7039.33400000	7021.88600000	7004.22000000	7000.34800000	7071.45600000	7060.65000000	7064.67600000	7065.53200000	7109.37800000	7089.38600000	7097.14000000	7088.36600000	7044.82800000	7027.28200000	7086.16200000	7078.68400000	7117.18400000	7101.14800000	7124.48400000	7117.30600000	7139.13800000	7121.39800000	7150.27400000	7127.32800000	7189.49000000	7168.04000000	7184.99600000	7167.79600000	7147.08000000	7137.92400000	7166.56000000	7152.41600000	7125.23800000	7114.03800000	7142.02000000	7128.99000000	7231.42600000	7213.38000000	7158.46800000	7156.66200000	7094.94800000	7081.00000000	7234.70800000	7229.77800000	7194.78000000	7205.71000000	7099.85600000	7088.91200000	7119.79688000	7108.86656000
2917989949.74874353	6988.98400000	6978.09000000	7004.08600000	6989.23800000	7016.42400000	7010.91400000	7013.45600000	7006.88400000	7063.73800000	7045.85600000	7058.47200000	7041.39800000	7094.11200000	7079.98800000	7155.82800000	7141.81600000	7125.16800000	7119.38200000	7148.38400000	7137.36400000	7138.51200000	7122.46800000	7124.52400000	7112.64600000	7174.27600000	7160.36000000	7099.46800000	7079.81400000	7191.71400000	7174.50400000	7155.03600000	7134.06600000	7148.20600000	7132.93600000	7152.85000000	7151.38800000	7170.54600000	7158.80000000	7221.08400000	7217.30200000	7215.06400000	7202.47200000	7188.31000000	7170.09400000	7084.75200000	7068.28000000	7103.72600000	7096.99400000	7119.20400000	7110.51800000	7118.23696000	7105.74288000
2918492462.31155777	6961.14600000	6950.50800000	7002.35200000	6991.36800000	7024.30000000	7010.06600000	7058.63400000	7043.00200000	7107.72000000	7100.47200000	7076.74600000	7062.63000000	7106.93200000	7096.08000000	7077.04000000	7058.11200000	7094.04000000	7081.01600000	7171.45600000	7153.26400000	7141.61800000	7125.75800000	7186.83400000	7181.32400000	7168.12800000	7152.79200000	7174.14800000	7149.52200000	7199.90200000	7179.92200000	7167.24800000	7159.29000000	7223.71000000	7197.42200000	7059.53000000	7052.37000000	7174.14000000	7152.81000000	7186.30000000	7173.56800000	7189.86800000	7173.25000000	7150.31600000	7140.25400000	7185.13400000	7167.02600000	7070.61800000	7050.43400000	7173.01000000	7166.47800000	7125.23480000	7110.74952000
2918994974.87437201	6938.78000000	6924.14600000	7015.84800000	7001.89400000	7046.95000000	7041.49200000	6996.51000000	6988.88400000	7015.68600000	6999.87800000	7059.34400000	7055.26400000	6992.16600000	6973.57400000	7122.90600000	7107.22400000	7118.41000000	7105.68200000	7164.92200000	7142.97600000	7162.86800000	7154.08200000	7118.05200000	7108.65400000	7055.44600000	7044.83000000	7176.80400000	7163.05000000	7148.82200000	7135.92200000	7217.45800000	7200.47800000	7123.82400000	7113.29200000	7174.20200000	7159.65800000	7135.88200000	7122.57400000	7212.74600000	7191.62000000	7143.45200000	7142.32600000	7150.30400000	7133.92800000	7139.76200000	7126.33800000	7080.01400000	7061.64200000	7163.12000000	7162.71000000	7106.97112000	7094.48472000
2919497487.43718576	7012.26200000	7000.45600000	7018.90400000	6997.38000000	7016.14600000	7007.71400000	7078.00800000	7063.99000000	7131.19400000	7121.28200000	7095.29400000	7078.41000000	7041.81800000	7032.12000000	7058.87200000	7049.84200000	7087.02000000	7074.05200000	7075.27800000	7066.35400000	7132.98000000	7126.06400000	7152.21200000	7129.37400000	7165.76600000	7158.00000000	7156.69200000	7140.19000000	7178.51000000	7165.27200000	7124.74600000	7109.58400000	7226.67000000	7215.46400000	7172.66200000	7164.50400000	7210.81600000	7196.37000000	7163.49000000	7146.67800000	7161.59400000	7146.03600000	7113.06600000	7098.45600000	7121.95200000	7110.23400000	7156.98200000	7156.07600000	7146.37200000	7139.70200000	7119.97224000	7107.74416000
2920000000.00000000	6969.64600000	6957.04000000	6970.08600000	6954.48000000	6962.35600000	6963.89000000	6973.57000000	6964.81800000	7036.66400000	7019.64600000	7113.41200000	7103.69200000	7041.49200000	7029.52400000	7054.34600000	7047.36800000	7134.09200000	7122.66000000	7127.66400000	7118.71400000	7157.17800000	7148.43800000	7109.75600000	7097.07600000	7153.51400000	7148.80600000	7183.67800000	7163.77600000	7171.27200000	7163.80000000	7209.38600000	7195.69800000	7199.25000000	7178.88200000	7138.06800000	7145.53200000	7182.45600000	7169.17000000	7180.66800000	7175.89200000	7216.06800000	7205.58600000	7164.66000000	7152.23000000	7188.81600000	7186.04600000	7136.51200000	7124.77200000	7184.33200000	7169.21600000	7118.35768000	7108.27008000
