freq	PL_sig1	PL_ref1	PL_sig2	PL_ref2	PL_sig3	PL_ref3	PL_sig4	PL_ref4	PL_sig5	PL_ref5	PL_sig6	PL_ref6	PL_sig7	PL_ref7	PL_sig8	PL_ref8	PL_sig9	PL_ref9	PL_sig10	PL_ref10	PL_sig11	PL_ref11	PL_sig12	PL_ref12	PL_sig13	PL_ref13	PL_sig14	PL_ref14	PL_sig15	PL_ref15	PL_sig16	PL_ref16	PL_sig17	PL_ref17	PL_sig18	PL_ref18	PL_sig19	PL_ref19	PL_sig20	PL_ref20	PL_sig21	PL_ref21	PL_sig22	PL_ref22	PL_sig23	PL_ref23	PL_sig24	PL_ref24	PL_sig25	PL_ref25	avgPL_sig	avgPL_ref
2820000000.00000000	6849.75200000	6852.52400000	6816.26800000	6816.91000000	6793.06600000	6793.63200000	6820.18000000	6819.00600000	6873.74200000	6865.79600000	6901.52600000	6891.24200000	6886.30800000	6869.35200000	6885.48400000	6873.51200000	6899.07000000	6884.03600000	6871.25400000	6862.19200000	6890.48600000	6874.93400000	6905.94400000	6899.67200000	6898.03400000	6891.08000000	6971.18400000	6964.94800000	6917.97000000	6902.76400000	6883.36000000	6879.50800000	6877.40800000	6863.61200000	6901.19600000	6896.06600000	6863.46600000	6850.63200000	6862.05200000	6854.58200000	6862.03400000	6855.44200000	6850.14200000	6839.71600000	6834.66800000	6826.39200000	6856.89400000	6849.79800000	6871.02600000	6863.36800000	6873.70056000	6865.62864000
2820502512.56281424	6848.84600000	6832.94800000	6814.71200000	6811.18800000	6799.12000000	6790.16800000	6825.45000000	6812.02000000	6861.14600000	6850.02200000	6887.51000000	6881.27600000	6869.58400000	6862.93000000	6887.36800000	6877.12400000	6905.68800000	6896.29600000	6917.43800000	6904.57000000	6889.96600000	6884.44600000	6925.88600000	6910.69000000	6885.83000000	6870.39400000	6942.68000000	6929.79000000	6932.86400000	6922.43200000	6878.34600000	6869.20400000	6870.41800000	6866.52800000	6908.20600000	6896.97000000	6862.94800000	6856.38400000	6892.31000000	6881.99000000	6862.84400000	6854.44800000	6871.62600000	6854.46600000	6842.93000000	6835.21600000	6849.86200000	6845.44600000	6889.51000000	6874.29200000	6876.92352000	6866.84952000
2821005025.12562799	6851.94600000	6844.56600000	6816.55200000	6811.42800000	6797.65400000	6794.55600000	6824.86800000	6809.93800000	6848.65800000	6842.30200000	6905.56400000	6886.59000000	6859.41400000	6853.67200000	6888.38400000	6876.24200000	6901.03600000	6892.44800000	6936.12800000	6923.45800000	6895.19200000	6885.05800000	6918.09600000	6903.53400000	6873.07000000	6862.94800000	6941.77000000	6925.00200000	6891.52400000	6884.79800000	6874.48000000	6865.81400000	6885.45400000	6874.88000000	6895.06800000	6886.10800000	6852.86400000	6840.37400000	6916.40800000	6907.15200000	6887.79200000	6877.09000000	6854.96200000	6852.80800000	6858.01400000	6845.48400000	6850.43800000	6834.00600000	6901.38800000	6889.27800000	6877.06896000	6866.78136000
2821507537.68844223	6803.58400000	6795.17800000	6854.76400000	6839.72200000	6842.45000000	6837.19800000	6829.34000000	6812.93400000	6818.60800000	6812.75400000	6880.67800000	6870.54400000	6868.77200000	6852.65800000	6884.34200000	6871.70000000	6870.67600000	6857.24600000	6883.29200000	6876.04000000	6902.95200000	6883.23400000	6913.56600000	6899.19000000	6879.08200000	6869.89000000	6932.29600000	6929.35000000	6948.12200000	6939.38200000	6901.24800000	6892.90200000	6863.81400000	6858.70000000	6872.57400000	6864.43200000	6869.91400000	6869.42800000	6890.75400000	6885.85200000	6872.08400000	6865.53000000	6889.00000000	6876.41600000	6874.33600000	6855.72200000	6823.93800000	6810.15000000	6880.66400000	6874.96200000	6874.03400000	6864.04456000
2822010050.25125647	6805.07000000	6795.84000000	6834.60400000	6834.43600000	6830.49400000	6825.41000000	6821.43800000	6815.50400000	6823.20400000	6816.47000000	6886.13200000	6870.41800000	6867.59000000	6856.03600000	6875.16800000	6867.19600000	6866.42800000	6856.37000000	6892.63200000	6887.71800000	6894.05000000	6884.90000000	6935.00400000	6928.67800000	6887.63200000	6883.95800000	6929.76000000	6917.79400000	6937.75200000	6928.05200000	6883.48800000	6868.30200000	6866.70400000	6858.37200000	6872.45400000	6866.89400000	6860.10400000	6852.27800000	6892.63800000	6886.36400000	6868.59400000	6860.00000000	6884.78200000	6881.17000000	6863.34200000	6861.27000000	6821.97600000	6807.95400000	6873.99400000	6861.88400000	6871.00136000	6862.93072000
2822512562.81407022	6791.18800000	6778.84000000	6866.78400000	6858.91200000	6836.32000000	6827.12400000	6804.65000000	6795.07400000	6828.65000000	6818.22800000	6864.94400000	6852.96000000	6891.02800000	6882.95600000	6863.21000000	6852.14400000	6888.11600000	6874.32800000	6896.46000000	6882.23400000	6942.19800000	6931.35400000	6920.17200000	6909.84600000	6881.82800000	6862.18800000	6878.65200000	6868.13800000	6934.60800000	6919.53800000	6878.86000000	6872.14600000	6889.45200000	6876.86400000	6867.27600000	6852.93000000	6861.19600000	6854.75800000	6896.09200000	6885.16600000	6870.79400000	6854.64000000	6875.46200000	6866.16400000	6885.21200000	6875.51600000	6870.25200000	6859.87000000	6854.05800000	6835.46000000	6873.49848000	6861.89512000
2823015075.37688446	6809.61800000	6799.94800000	6863.07000000	6849.51800000	6847.06000000	6841.87000000	6842.38200000	6830.71000000	6838.17800000	6824.41400000	6883.07600000	6866.25200000	6863.35200000	6856.82400000	6881.83600000	6871.81400000	6872.89800000	6862.13800000	6898.77200000	6889.64600000	6924.87400000	6911.52200000	6906.67000000	6894.62000000	6886.78600000	6868.28800000	6924.46400000	6915.52200000	6920.30600000	6908.34600000	6896.20400000	6886.65400000	6877.91800000	6867.58200000	6896.93400000	6889.48600000	6894.42000000	6876.51600000	6885.95600000	6876.46200000	6866.39200000	6851.50200000	6854.81400000	6838.08800000	6888.60000000	6869.33800000	6852.19600000	6833.74000000	6861.13000000	6852.33200000	6877.51624000	6865.32528000
2823517587.93969870	6831.28600000	6815.50800000	6836.59800000	6827.18800000	6833.93800000	6827.41400000	6824.03800000	6809.48800000	6844.22600000	6823.56000000	6887.84000000	6879.10600000	6867.50400000	6849.37400000	6902.28600000	6886.81600000	6875.23600000	6876.30600000	6926.28800000	6910.14400000	6895.36400000	6881.40200000	6934.84400000	6926.77000000	6906.40000000	6893.18400000	7033.67200000	7026.73400000	6908.33000000	6898.05600000	6868.90200000	6862.74200000	6850.72000000	6838.02800000	6876.17400000	6863.73400000	6877.16600000	6863.46000000	6890.47000000	6881.53000000	6865.09800000	6851.31000000	6876.10600000	6863.96200000	6865.28800000	6858.74600000	6842.57400000	6836.09800000	6887.66400000	6879.72600000	6880.32048000	6869.21544000
2824020100.50251245	6851.52600000	6833.01400000	6823.63800000	6814.83200000	6814.86400000	6804.02400000	6831.55800000	6821.12600000	6882.51400000	6872.06200000	6910.06200000	6898.41600000	6874.54000000	6863.46000000	6876.15000000	6872.20200000	6918.41400000	6908.87800000	6898.01800000	6879.65200000	6867.34000000	6858.88000000	6921.75600000	6912.67200000	6916.33600000	6903.08200000	6933.24800000	6933.00000000	6901.50000000	6889.37600000	6875.63200000	6858.78400000	6891.41200000	6872.71800000	6888.03800000	6885.93600000	6867.28800000	6850.81800000	6881.65600000	6869.86400000	6871.73600000	6864.38200000	6862.46200000	6852.83400000	6829.88200000	6818.85600000	6844.55000000	6827.64400000	6872.16400000	6862.13600000	6876.25136000	6865.14592000
2824522613.06532669	6843.40600000	6828.06600000	6828.76600000	6810.88400000	6807.17000000	6799.36200000	6826.30600000	6817.68200000	6888.76600000	6875.36000000	6909.82800000	6900.71800000	6872.92800000	6862.45800000	6890.09800000	6876.38600000	6913.39800000	6898.07200000	6891.62200000	6877.29800000	6874.59800000	6857.81400000	6930.66000000	6920.55200000	6926.24400000	6914.27200000	6930.46200000	6914.07800000	6905.10200000	6894.68400000	6874.44600000	6859.14800000	6897.64800000	6885.11200000	6895.59400000	6882.71800000	6880.07000000	6878.07200000	6878.61800000	6875.26200000	6874.47800000	6870.75200000	6855.97400000	6849.74000000	6839.85000000	6827.51600000	6839.46800000	6827.92000000	6862.65800000	6845.76400000	6877.52632000	6865.98760000
2825025125.62814093	6811.52200000	6799.25400000	6841.19400000	6833.18400000	6835.20000000	6821.23000000	6813.45600000	6799.55200000	6834.68000000	6824.47600000	6891.16400000	6880.33800000	6872.02200000	6865.92200000	6880.99400000	6868.76400000	6890.04200000	6872.60600000	6903.71600000	6898.34400000	6911.85800000	6900.33400000	6923.68400000	6913.90400000	6928.92000000	6922.82800000	6955.32200000	6947.44000000	6947.80200000	6938.87600000	6908.18400000	6898.83800000	6853.84600000	6856.36600000	6853.66200000	6846.95600000	6868.95000000	6857.14000000	6898.37400000	6887.60200000	6884.98800000	6864.84200000	6872.77200000	6859.47800000	6866.01400000	6852.31200000	6839.48000000	6827.44600000	6858.88400000	6847.18600000	6877.86920000	6867.40872000
2825527638.19095469	6792.10600000	6788.14600000	6855.92400000	6843.16600000	6837.58400000	6818.60000000	6832.29200000	6820.12800000	6825.70200000	6808.06400000	6875.41800000	6859.67200000	6864.99600000	6847.62600000	6851.27200000	6843.89800000	6892.41600000	6877.48200000	6889.07200000	6884.09600000	6923.51400000	6909.59400000	6910.66400000	6897.54600000	6906.71800000	6891.48800000	6896.15200000	6888.08800000	6938.92200000	6929.18200000	6889.07600000	6876.70000000	6877.06400000	6875.91000000	6916.26600000	6908.09200000	6864.09400000	6850.45200000	6887.13400000	6874.83200000	6862.78200000	6860.39800000	6850.81400000	6836.54400000	6879.61800000	6872.54000000	6849.28400000	6831.60000000	6856.33000000	6847.91000000	6873.00856000	6861.67016000
2826030150.75376892	6839.78800000	6819.95600000	6828.22000000	6826.11000000	6826.32600000	6817.51800000	6822.51800000	6805.80800000	6832.55800000	6817.96000000	6889.88200000	6875.63600000	6880.59400000	6867.65400000	6903.11600000	6890.47200000	6881.64600000	6866.60400000	6929.32400000	6920.39600000	6884.70000000	6875.43200000	6926.51800000	6921.46200000	6909.42600000	6902.26200000	6963.21600000	6968.05800000	6901.49800000	6891.46400000	6877.99600000	6854.86000000	6849.29400000	6835.73800000	6870.95400000	6854.09400000	6870.98600000	6858.84800000	6900.27400000	6883.35400000	6853.32800000	6839.22400000	6873.26200000	6863.06000000	6865.69600000	6854.16400000	6854.43200000	6844.08200000	6896.38200000	6881.12600000	6877.27736000	6865.41368000
2826532663.31658268	6801.84400000	6799.15800000	6843.24000000	6834.61600000	6844.29600000	6828.38000000	6831.02600000	6818.06600000	6838.72600000	6829.34200000	6898.16400000	6887.70000000	6882.03800000	6870.57400000	6901.93000000	6885.32400000	6872.54000000	6855.93400000	6905.13800000	6898.15200000	6892.71000000	6876.58000000	6934.69600000	6918.08200000	6906.85200000	6900.17800000	7011.77800000	6997.22800000	6899.83400000	6892.46600000	6876.72400000	6868.62200000	6847.54800000	6834.93800000	6857.33600000	6841.78200000	6886.73800000	6875.24000000	6893.65800000	6872.62400000	6877.61600000	6864.14200000	6877.16000000	6860.81000000	6865.50800000	6851.69200000	6870.86800000	6858.49800000	6874.48200000	6870.61000000	6879.69800000	6867.62952000
2827035175.87939692	6788.92000000	6776.80600000	6845.91400000	6841.92000000	6839.36600000	6832.83000000	6808.15200000	6811.20200000	6814.31400000	6804.70000000	6885.63800000	6878.15000000	6858.45400000	6845.36600000	6844.91000000	6836.71200000	6894.62400000	6884.41200000	6893.02800000	6883.14200000	6927.08400000	6906.41600000	6921.82600000	6905.27800000	6905.67800000	6886.80000000	6895.71400000	6884.01600000	6959.81200000	6941.99200000	6889.51000000	6884.52000000	6887.64200000	6875.43000000	6897.19000000	6880.87600000	6860.23200000	6856.30600000	6879.92600000	6873.40000000	6881.03200000	6873.82800000	6864.97600000	6848.48200000	6879.16400000	6871.85200000	6850.98400000	6841.19000000	6852.47600000	6840.95800000	6873.06264000	6862.66336000
2827537688.44221115	6845.74200000	6833.04600000	6823.99800000	6816.96400000	6798.85200000	6787.13800000	6815.74800000	6799.15000000	6890.83000000	6876.64400000	6909.28400000	6894.76800000	6875.97800000	6859.45200000	6877.83200000	6860.07800000	6879.02600000	6870.87000000	6887.26800000	6874.61600000	6886.86800000	6873.53000000	6915.13600000	6901.70800000	6903.21800000	6891.05200000	6970.90000000	6952.26800000	6923.36800000	6915.78400000	6886.12000000	6879.59600000	6881.12600000	6869.25800000	6879.31800000	6869.84800000	6885.91600000	6879.87800000	6874.11800000	6867.13000000	6877.32200000	6863.88200000	6903.03800000	6880.93600000	6847.95400000	6833.53800000	6871.57200000	6853.70200000	6884.14200000	6877.08800000	6879.78696000	6867.27696000
2828040201.00502491	6846.97600000	6833.54000000	6828.53200000	6819.68600000	6800.49400000	6781.10400000	6823.57000000	6816.50600000	6883.33800000	6866.51600000	6909.88200000	6898.82000000	6883.72200000	6879.68400000	6893.88000000	6881.59400000	6916.71400000	6910.93800000	6889.02000000	6876.59600000	6890.43200000	6879.10400000	6917.63000000	6903.33800000	6904.66400000	6897.94200000	6959.15400000	6951.51600000	6916.32000000	6899.66400000	6894.37400000	6879.17400000	6883.14000000	6876.08600000	6926.96800000	6915.49400000	6867.79600000	6854.25400000	6875.52000000	6863.95000000	6865.14000000	6849.79000000	6861.63400000	6849.39600000	6826.28200000	6820.80400000	6855.78400000	6854.90000000	6869.70800000	6855.78400000	6879.62696000	6868.64720000
2828542713.56783915	6825.57200000	6816.54600000	6817.27600000	6806.13200000	6809.84200000	6794.42000000	6820.73400000	6809.26400000	6859.85800000	6844.64200000	6886.01800000	6877.74400000	6883.12000000	6872.52000000	6881.22800000	6873.53800000	6893.46800000	6882.83000000	6950.17800000	6939.88600000	6894.43000000	6884.16800000	6914.87400000	6905.17800000	6887.89200000	6878.84200000	6960.52200000	6951.81400000	6893.99200000	6885.63400000	6877.85400000	6870.90000000	6867.25600000	6852.61400000	6872.48400000	6862.85600000	6853.50000000	6842.31000000	6894.55000000	6890.80800000	6868.31200000	6857.69400000	6861.38400000	6845.77000000	6847.49000000	6839.89800000	6864.03000000	6852.48400000	6909.92000000	6902.01000000	6875.83136000	6865.62008000
2829045226.13065338	6870.08400000	6857.77400000	6830.06000000	6819.50200000	6815.21000000	6798.79200000	6829.38000000	6813.21200000	6873.77200000	6856.00600000	6913.86800000	6904.25400000	6898.22000000	6891.37600000	6896.07200000	6885.65400000	6881.32400000	6869.35000000	6886.43200000	6875.20600000	6913.38800000	6905.44800000	6903.42200000	6892.39200000	6915.34400000	6902.24200000	6948.63000000	6938.24600000	6917.47800000	6909.11200000	6911.01400000	6897.79800000	6860.37400000	6851.36400000	6870.05000000	6852.27800000	6891.99800000	6883.13400000	6836.20400000	6830.24000000	6873.26400000	6866.67200000	6895.82000000	6879.08800000	6840.21800000	6834.79000000	6880.30600000	6865.89000000	6910.96600000	6898.66200000	6882.51592000	6871.13928000
2829547738.69346714	6855.41600000	6843.37000000	6821.68400000	6803.90600000	6804.28600000	6795.47200000	6816.74800000	6811.86000000	6858.34600000	6840.16200000	6892.43800000	6881.29600000	6870.60800000	6859.82600000	6890.50000000	6879.52200000	6902.45800000	6891.51600000	6935.51800000	6920.48600000	6900.48600000	6886.64600000	6925.10000000	6912.75400000	6879.72800000	6877.23400000	6939.01400000	6924.55600000	6913.31600000	6898.59200000	6880.46800000	6872.79600000	6875.58000000	6864.15200000	6899.96000000	6890.25000000	6864.26200000	6849.53800000	6898.94000000	6879.98200000	6874.32000000	6863.27200000	6873.62000000	6861.54400000	6857.14200000	6846.69800000	6844.26800000	6835.05600000	6902.35400000	6891.42400000	6879.06240000	6867.27640000
2830050251.25628138	6787.60200000	6778.11200000	6860.36200000	6849.78400000	6852.77600000	6841.71000000	6804.68800000	6794.73000000	6831.92800000	6814.10000000	6875.68800000	6866.67200000	6875.83200000	6866.55200000	6855.99400000	6846.74800000	6881.48000000	6869.36200000	6906.23200000	6892.90800000	6938.53200000	6923.32400000	6916.78200000	6905.61400000	6878.15000000	6867.96600000	6893.57800000	6879.77200000	6937.46400000	6931.27600000	6884.00800000	6871.86000000	6897.44600000	6884.05400000	6861.71400000	6854.55800000	6877.40200000	6861.95600000	6899.60200000	6890.68000000	6870.14000000	6861.65000000	6868.43000000	6857.73200000	6889.43400000	6882.77000000	6865.02000000	6856.90400000	6846.38800000	6835.27800000	6874.26688000	6863.44288000
2830552763.81909561	6869.59600000	6852.18000000	6834.27400000	6822.78000000	6797.37400000	6786.60400000	6814.69800000	6804.81000000	6876.02000000	6864.55600000	6908.19200000	6897.72200000	6893.38000000	6876.44400000	6882.02800000	6871.00000000	6881.05800000	6872.70800000	6886.29400000	6879.34600000	6893.59000000	6878.93400000	6921.20800000	6907.25400000	6914.66600000	6897.63400000	6961.63200000	6943.21400000	6925.23200000	6914.75200000	6902.28000000	6889.21400000	6855.87600000	6837.84400000	6852.68000000	6845.17200000	6889.20800000	6878.95200000	6866.28000000	6852.62000000	6876.37400000	6863.87200000	6886.98400000	6883.11400000	6834.38400000	6829.94200000	6894.16400000	6871.16200000	6885.67800000	6872.78200000	6880.12600000	6867.78448000
2831055276.38190937	6855.15800000	6844.23200000	6817.16600000	6806.17600000	6804.33200000	6788.53600000	6825.55000000	6815.84400000	6860.53200000	6847.59800000	6893.36200000	6880.93000000	6871.08800000	6856.89000000	6887.51200000	6878.18600000	6901.45000000	6894.50000000	6929.01200000	6917.35000000	6897.20200000	6887.62600000	6934.18400000	6922.70000000	6887.02600000	6881.12400000	6953.54200000	6945.87400000	6929.54600000	6913.10000000	6876.88800000	6867.18000000	6880.42200000	6866.17000000	6908.74600000	6897.78000000	6864.73800000	6854.05400000	6900.82200000	6883.66600000	6870.93600000	6859.86200000	6872.73400000	6862.35000000	6838.13200000	6833.19600000	6844.11400000	6840.51800000	6893.53200000	6887.69600000	6879.90904000	6869.32552000
2831557788.94472361	6784.39800000	6773.02200000	6871.82200000	6863.56600000	6841.86200000	6823.96200000	6796.69000000	6786.51200000	6835.60800000	6823.53800000	6887.91200000	6875.40200000	6882.83600000	6876.36000000	6871.24400000	6864.93400000	6870.10600000	6853.27400000	6895.80800000	6889.65400000	6905.91200000	6899.42400000	6914.18400000	6900.61800000	6878.39200000	6858.84000000	6895.38600000	6888.05200000	6907.72400000	6898.31400000	6885.37800000	6873.37800000	6885.58600000	6878.47200000	6875.26200000	6865.57600000	6847.21800000	6836.33600000	6894.66600000	6875.07000000	6869.77200000	6861.56000000	6854.37200000	6846.74000000	6887.18200000	6871.30000000	6865.45400000	6856.55800000	6844.46000000	6833.35000000	6869.96936000	6858.95248000
2832060301.50753784	6861.68200000	6849.07400000	6825.97800000	6813.38800000	6783.38800000	6774.77200000	6814.25400000	6800.79600000	6891.61000000	6880.52800000	6904.68400000	6901.08400000	6895.77400000	6882.74000000	6883.07000000	6865.12600000	6874.61800000	6863.46000000	6875.95400000	6871.78200000	6894.85400000	6885.14800000	6925.53600000	6915.43800000	6911.52000000	6896.30000000	6952.73600000	6947.26200000	6927.01600000	6910.74400000	6905.03800000	6899.43200000	6856.06600000	6845.48600000	6863.39400000	6850.65200000	6890.59000000	6876.85600000	6873.54200000	6863.07200000	6879.40000000	6868.51800000	6893.82800000	6874.69800000	6833.64400000	6824.87000000	6882.48400000	6870.91000000	6881.68200000	6865.54200000	6879.29368000	6867.90712000
2832562814.07035160	6810.64000000	6800.10800000	6856.54200000	6845.57600000	6844.45400000	6831.89400000	6838.25200000	6826.09200000	6816.03400000	6807.11000000	6876.45000000	6872.48200000	6859.88400000	6850.91200000	6881.19000000	6862.51200000	6866.50000000	6854.49400000	6904.30800000	6891.75800000	6907.85000000	6887.07200000	6916.29600000	6909.71600000	6893.57200000	6878.20000000	6937.17200000	6931.62000000	6950.50800000	6939.82600000	6882.87400000	6874.08600000	6876.85200000	6870.95600000	6872.53000000	6855.91600000	6876.93600000	6863.54400000	6884.81800000	6868.53200000	6863.06600000	6853.68400000	6883.95400000	6873.64800000	6863.99600000	6853.07800000	6832.94800000	6818.57600000	6866.93000000	6857.57200000	6874.58224000	6863.15856000
2833065326.63316584	6772.87600000	6762.43400000	6872.20400000	6864.15400000	6839.14000000	6827.80200000	6793.83800000	6779.98400000	6834.80000000	6810.66600000	6879.70600000	6869.63200000	6902.87800000	6881.27400000	6877.35200000	6871.16000000	6867.99200000	6855.35800000	6900.27600000	6884.96400000	6907.63200000	6898.95400000	6908.58600000	6896.65600000	6878.49600000	6864.57400000	6885.54800000	6872.23600000	6918.36600000	6908.96800000	6887.65600000	6873.29800000	6885.53200000	6876.71800000	6864.35400000	6853.45000000	6856.84600000	6840.25400000	6891.98600000	6878.59400000	6869.47800000	6862.07400000	6860.49800000	6850.40000000	6876.52200000	6867.30600000	6869.93800000	6849.40200000	6852.83800000	6841.83400000	6870.21352000	6857.68584000
2833567839.19598007	6802.55800000	6787.58600000	6844.26400000	6847.61600000	6830.96000000	6826.12800000	6826.55600000	6815.03800000	6840.32000000	6830.69000000	6884.95200000	6874.45800000	6881.96400000	6872.21400000	6878.07000000	6869.43400000	6869.51400000	6858.11200000	6893.81000000	6888.90000000	6900.09800000	6887.00000000	6921.57400000	6913.42000000	6890.34800000	6873.84400000	6929.36800000	6912.13800000	6941.90800000	6931.92800000	6896.14800000	6889.65800000	6870.13200000	6852.69600000	6874.91800000	6854.97600000	6869.71400000	6858.02200000	6890.93400000	6886.14400000	6874.50000000	6855.17600000	6878.36000000	6868.67600000	6867.60600000	6867.14200000	6823.35600000	6817.13800000	6860.22600000	6847.02600000	6873.68632000	6863.40640000
2834070351.75879383	6846.96600000	6832.37600000	6825.12200000	6817.63400000	6812.26800000	6802.72800000	6822.54800000	6808.85400000	6860.56800000	6837.59000000	6881.10600000	6873.34000000	6874.16600000	6862.74000000	6881.22800000	6876.90600000	6900.66600000	6891.71400000	6953.12800000	6936.74000000	6896.01000000	6881.66600000	6939.08800000	6928.92200000	6874.74800000	6874.06800000	6968.59200000	6961.13200000	6894.06200000	6890.01800000	6878.68200000	6864.80800000	6870.62800000	6860.56400000	6866.11200000	6848.89000000	6857.39400000	6846.56600000	6912.65200000	6902.72600000	6876.05000000	6869.36000000	6866.98200000	6858.89800000	6849.27000000	6839.74800000	6855.29600000	6845.91000000	6913.20600000	6900.63000000	6879.06152000	6868.58112000
2834572864.32160807	6805.44000000	6796.44800000	6846.48600000	6839.55800000	6847.59400000	6828.68200000	6817.14600000	6813.54200000	6820.56200000	6802.59000000	6882.48200000	6874.64800000	6869.01200000	6853.39000000	6879.37800000	6863.44000000	6869.04400000	6858.22600000	6891.37600000	6881.16200000	6891.27200000	6886.40600000	6916.32600000	6898.21200000	6885.42000000	6869.18200000	6941.01600000	6927.69200000	6952.53800000	6937.18600000	6899.54200000	6890.54000000	6865.90600000	6853.53000000	6870.77000000	6862.98200000	6871.06000000	6865.54800000	6898.83200000	6884.30600000	6874.93400000	6861.52400000	6887.33000000	6870.94800000	6867.72000000	6857.05400000	6827.18400000	6819.15600000	6864.73400000	6857.27600000	6873.72416000	6862.12912000
2835075376.88442230	6834.03600000	6818.30800000	6832.16000000	6819.90800000	6821.74200000	6816.46400000	6823.05800000	6812.55000000	6834.50400000	6825.63800000	6887.17600000	6877.15200000	6875.10000000	6854.34200000	6897.35200000	6886.15400000	6882.30400000	6867.27200000	6933.67400000	6924.94400000	6881.76000000	6873.84200000	6921.25000000	6903.97200000	6904.86000000	6894.75000000	7017.68800000	6994.08200000	6913.65800000	6899.07400000	6882.40600000	6865.75200000	6848.47200000	6838.07600000	6874.89000000	6859.36800000	6874.52000000	6859.85600000	6899.02000000	6880.24400000	6850.77200000	6838.62600000	6876.58000000	6860.25200000	6863.17200000	6847.43000000	6853.97600000	6837.32800000	6885.13400000	6874.91400000	6878.77056000	6865.21192000
2835577889.44723606	6855.06000000	6842.30400000	6813.61000000	6801.04600000	6808.56200000	6794.48400000	6833.43800000	6818.02400000	6856.17600000	6846.77200000	6888.76400000	6884.39200000	6869.72800000	6852.93800000	6894.13000000	6882.91200000	6898.50800000	6884.13200000	6929.67600000	6919.28000000	6903.62200000	6883.47000000	6923.23800000	6913.82600000	6881.54000000	6869.55800000	6945.62000000	6932.22800000	6924.30400000	6907.18600000	6874.56200000	6866.62600000	6878.09600000	6866.28600000	6901.05400000	6888.84400000	6856.43600000	6855.00800000	6894.86600000	6881.60800000	6870.49600000	6857.89200000	6859.71600000	6852.28200000	6845.58800000	6831.67800000	6850.79800000	6840.15600000	6902.12200000	6880.31000000	6878.38840000	6866.12968000
2836080402.01005030	6846.91600000	6836.91400000	6816.04600000	6811.21200000	6800.99200000	6784.52600000	6825.84200000	6814.53400000	6890.42600000	6881.59600000	6912.01400000	6903.95000000	6874.19600000	6857.79000000	6888.49600000	6877.70200000	6912.85400000	6905.00800000	6893.24200000	6886.27600000	6879.12400000	6870.10000000	6930.08600000	6926.82600000	6906.48400000	6891.91200000	6940.17200000	6929.52400000	6922.33400000	6916.77400000	6869.68600000	6859.67600000	6894.75000000	6881.46800000	6914.79400000	6904.06200000	6859.70200000	6861.06600000	6888.67400000	6878.43000000	6868.70800000	6859.54600000	6885.90000000	6869.41000000	6842.58800000	6835.68600000	6839.31000000	6832.02600000	6878.79800000	6870.90800000	6879.28536000	6869.87688000
2836582914.57286453	6837.41200000	6828.06400000	6832.74200000	6821.26400000	6821.74200000	6804.17800000	6819.08200000	6809.13400000	6829.02400000	6823.43200000	6891.03800000	6874.70200000	6868.82400000	6859.95200000	6887.13600000	6877.37600000	6895.04400000	6884.40600000	6938.06800000	6928.13600000	6885.91800000	6875.42800000	6921.68800000	6918.48200000	6899.20400000	6887.05000000	6970.15600000	6949.50800000	6906.97400000	6886.69200000	6874.23600000	6866.30000000	6879.65200000	6876.32000000	6862.20000000	6857.38000000	6873.20600000	6868.16000000	6902.44800000	6897.03800000	6847.60600000	6840.11400000	6869.27400000	6851.50800000	6856.14200000	6849.39600000	6841.71600000	6838.64000000	6879.42600000	6872.99200000	6875.59832000	6865.82608000
2837085427.13567829	6794.69000000	6782.37800000	6846.83400000	6850.50600000	6835.56200000	6826.62600000	6831.10600000	6829.49000000	6816.73800000	6804.20400000	6876.52400000	6867.42000000	6864.36000000	6861.29400000	6859.02600000	6849.45200000	6888.14200000	6878.74400000	6894.36600000	6883.02000000	6924.68000000	6918.16000000	6906.44600000	6897.90200000	6906.75200000	6893.69000000	6911.55800000	6903.75200000	6942.59000000	6931.81600000	6878.79000000	6862.74000000	6882.15000000	6866.57000000	6915.12400000	6909.37200000	6862.32200000	6857.85400000	6884.47400000	6886.03800000	6861.94800000	6855.29800000	6841.52200000	6838.27600000	6884.82200000	6880.72200000	6845.59600000	6843.33600000	6852.61600000	6847.26600000	6872.34952000	6865.03704000
2837587939.69849253	6796.52600000	6790.11800000	6852.64000000	6838.49400000	6837.65400000	6832.59800000	6837.33000000	6835.69800000	6823.17000000	6810.24200000	6881.89600000	6874.36000000	6870.64400000	6866.42600000	6870.11200000	6864.66400000	6860.75000000	6852.05800000	6896.02000000	6881.99800000	6912.90200000	6900.42400000	6914.75200000	6898.38600000	6884.91600000	6873.62600000	6934.48800000	6926.73400000	6937.06200000	6927.06800000	6889.06000000	6881.76600000	6872.99600000	6865.03200000	6883.00400000	6874.82600000	6876.78800000	6870.15600000	6878.30600000	6879.36200000	6864.87400000	6848.28000000	6852.12800000	6853.19200000	6867.69200000	6865.01600000	6832.49800000	6828.99000000	6867.79200000	6858.77400000	6871.84000000	6863.93152000
2838090452.26130676	6789.55600000	6785.34000000	6864.84400000	6857.74200000	6828.40400000	6823.72000000	6796.36800000	6790.32600000	6828.17800000	6820.75400000	6864.69000000	6858.48800000	6894.94800000	6879.00800000	6864.83000000	6854.54200000	6897.05200000	6880.16600000	6898.50600000	6884.10800000	6932.45200000	6921.73800000	6921.50200000	6913.54600000	6882.70600000	6870.59600000	6880.82400000	6876.68000000	6912.10400000	6904.17400000	6889.23600000	6879.02200000	6883.69400000	6874.91600000	6864.78000000	6851.00400000	6864.34400000	6853.31000000	6899.57400000	6887.08800000	6870.23200000	6865.98800000	6870.94400000	6859.52600000	6893.76000000	6879.70200000	6869.87600000	6863.70800000	6846.30800000	6845.14400000	6872.38848000	6863.21344000
2838592964.82412052	6854.68400000	6839.47200000	6815.92000000	6812.31800000	6787.80400000	6774.38400000	6823.40600000	6814.35400000	6885.49400000	6878.47600000	6918.34000000	6909.06400000	6868.40000000	6859.28600000	6885.51000000	6885.16800000	6910.14600000	6894.10600000	6885.04800000	6871.52200000	6873.49000000	6867.64200000	6926.99800000	6918.54400000	6905.84800000	6894.62000000	6940.55000000	6938.43800000	6925.14200000	6913.47400000	6859.70400000	6853.84400000	6892.54600000	6882.89000000	6901.60800000	6889.94400000	6868.66800000	6861.48800000	6892.01000000	6880.04600000	6896.12400000	6879.91400000	6879.02000000	6868.94200000	6843.61000000	6833.52600000	6842.66600000	6832.99000000	6875.38000000	6863.88200000	6878.32464000	6868.73336000
2839095477.38693476	6842.04400000	6832.01000000	6814.53000000	6798.45800000	6805.37800000	6796.66400000	6823.37400000	6815.78000000	6862.06200000	6847.77000000	6897.56400000	6878.66800000	6861.89800000	6856.44400000	6884.19400000	6874.28800000	6899.76200000	6894.46200000	6932.54600000	6920.64800000	6896.04400000	6884.01800000	6914.87400000	6909.89200000	6875.90600000	6865.06800000	6937.56000000	6932.13400000	6901.19000000	6897.30800000	6872.94400000	6866.69800000	6874.73800000	6864.54200000	6899.71600000	6885.52600000	6862.52000000	6844.97800000	6905.57400000	6898.65800000	6880.65600000	6867.43800000	6861.66800000	6856.14400000	6855.17400000	6855.82600000	6852.04000000	6841.18200000	6910.99000000	6899.90000000	6876.99784000	6867.38016000
2839597989.94974852	6806.20200000	6788.84000000	6845.31200000	6838.64200000	6838.67800000	6827.01600000	6831.60000000	6811.01600000	6833.75600000	6821.35400000	6908.09200000	6891.50600000	6868.61400000	6865.50000000	6890.69000000	6885.20000000	6865.84600000	6859.83000000	6910.29200000	6897.11400000	6890.85000000	6883.16000000	6925.15600000	6915.15000000	6907.61400000	6901.07200000	7005.28800000	7001.56800000	6887.54800000	6886.76600000	6872.75400000	6858.38200000	6844.09000000	6830.68800000	6849.69000000	6825.42600000	6876.87200000	6867.75400000	6883.76600000	6875.50400000	6873.02800000	6861.89200000	6876.99000000	6866.16000000	6866.06800000	6848.76200000	6855.90800000	6843.34800000	6871.59000000	6864.99800000	6875.45176000	6864.66592000
2840100502.51256275	6806.72600000	6797.79200000	6854.97800000	6844.80800000	6845.37600000	6836.03400000	6839.85400000	6824.17200000	6817.83800000	6813.66200000	6876.20400000	6875.94800000	6863.55800000	6852.21000000	6883.67200000	6876.28800000	6861.86800000	6854.62800000	6903.19400000	6890.71800000	6916.07800000	6901.29200000	6917.41000000	6905.83600000	6876.23400000	6868.02800000	6942.69800000	6932.10400000	6939.65800000	6934.31800000	6896.80600000	6888.89400000	6868.86400000	6861.52000000	6873.74600000	6862.76000000	6869.07400000	6862.32600000	6877.96600000	6867.63000000	6869.93000000	6850.32800000	6867.95200000	6860.24000000	6866.50600000	6854.72200000	6840.84200000	6822.68200000	6873.49400000	6860.72400000	6874.02104000	6863.98656000
2840603015.07537699	6785.24600000	6767.93800000	6854.27400000	6841.88800000	6844.08400000	6833.84600000	6813.02200000	6809.27800000	6812.79200000	6802.21600000	6884.14400000	6870.15000000	6879.41000000	6865.25800000	6850.49600000	6848.44800000	6877.93200000	6871.36800000	6901.08200000	6889.21600000	6901.19400000	6903.42600000	6921.50400000	6913.22400000	6893.14000000	6886.28800000	6885.99000000	6880.70600000	6940.35000000	6936.82000000	6886.29400000	6876.87600000	6897.35400000	6889.48000000	6866.31600000	6860.11200000	6871.37200000	6868.94400000	6889.78200000	6880.04200000	6873.50800000	6869.07200000	6865.14600000	6855.37000000	6892.30200000	6878.65600000	6860.75000000	6851.17400000	6854.57800000	6843.18400000	6872.08248000	6863.71920000
2841105527.63819075	6802.98400000	6790.65200000	6842.25200000	6828.18800000	6831.30000000	6827.21200000	6829.20000000	6815.76400000	6832.24400000	6820.82800000	6895.39600000	6882.15600000	6879.29400000	6866.47600000	6877.63000000	6867.88200000	6864.40400000	6856.27800000	6888.10000000	6881.90600000	6898.78800000	6892.10800000	6930.63000000	6921.71200000	6881.61600000	6873.26800000	6926.55600000	6915.83800000	6939.13800000	6925.68800000	6878.17000000	6879.71000000	6866.01600000	6849.67200000	6870.48400000	6857.40000000	6858.98800000	6849.91200000	6900.30800000	6892.07800000	6863.38600000	6853.83800000	6887.93800000	6881.04800000	6868.06400000	6856.97000000	6830.32000000	6816.52200000	6867.67800000	6858.97200000	6872.43536000	6862.48312000
2841608040.20100498	6790.16400000	6789.41400000	6839.96400000	6832.19800000	6823.50600000	6816.54200000	6829.73400000	6822.22600000	6840.69000000	6837.39600000	6899.88800000	6900.24000000	6878.81200000	6869.11000000	6888.94800000	6879.31600000	6854.30600000	6849.64600000	6913.80200000	6907.59200000	6890.26600000	6884.43200000	6945.03200000	6932.40600000	6903.11200000	6891.91200000	7012.35000000	6998.97400000	6911.11000000	6901.50000000	6879.48000000	6869.61800000	6836.17600000	6833.64600000	6835.63800000	6834.54000000	6853.63600000	6852.75400000	6891.15200000	6878.97600000	6882.11200000	6873.01400000	6845.54800000	6849.47600000	6855.20000000	6858.56400000	6862.55200000	6861.88200000	6878.86000000	6873.71200000	6873.68152000	6867.96344000
2842110552.76381922	6856.27800000	6851.27600000	6819.99800000	6815.79600000	6781.19200000	6779.52400000	6816.75200000	6806.77400000	6889.75600000	6881.98800000	6902.47200000	6887.70800000	6884.70600000	6878.23200000	6879.00800000	6870.62600000	6882.41000000	6866.86000000	6871.22200000	6871.08800000	6884.53200000	6874.91000000	6923.56200000	6915.61600000	6907.05200000	6891.95400000	6961.29800000	6949.88800000	6916.01800000	6911.59200000	6893.53200000	6895.24800000	6859.80800000	6846.44000000	6860.41800000	6850.94600000	6877.91400000	6874.24400000	6873.14200000	6865.38000000	6867.48800000	6865.73400000	6883.39600000	6877.15400000	6833.49600000	6824.63200000	6865.60600000	6868.22400000	6879.49800000	6875.68600000	6874.82216000	6867.90080000
2842613065.32663298	6786.26600000	6773.90800000	6870.39600000	6864.49400000	6837.95400000	6834.15200000	6787.52600000	6779.35200000	6828.87400000	6823.16400000	6881.71800000	6874.66400000	6895.63400000	6883.90600000	6877.77600000	6874.87000000	6865.93400000	6860.55600000	6894.73800000	6879.12400000	6920.35200000	6905.44800000	6911.45000000	6902.13600000	6869.05200000	6860.12400000	6885.63000000	6881.50200000	6915.03800000	6906.34400000	6881.39800000	6870.41200000	6888.38400000	6883.37000000	6853.80200000	6860.14000000	6855.90000000	6844.09400000	6880.19800000	6872.44000000	6859.17000000	6856.72800000	6848.02200000	6849.86400000	6857.78400000	6857.55200000	6851.02000000	6844.73800000	6851.05400000	6840.59200000	6866.20280000	6859.34696000
2843115577.88944721	6860.63200000	6852.26200000	6832.38600000	6824.83400000	6797.02400000	6788.98400000	6829.92000000	6820.91200000	6881.69400000	6875.61400000	6902.62600000	6894.83200000	6881.30600000	6872.88400000	6884.14400000	6876.88600000	6922.24000000	6918.83400000	6885.87600000	6886.25600000	6877.99200000	6867.16200000	6907.47200000	6888.78000000	6891.93600000	6884.16200000	6951.97800000	6943.56400000	6896.96200000	6882.24800000	6881.32200000	6868.04400000	6883.78600000	6875.44000000	6918.24800000	6908.36600000	6862.98600000	6852.42800000	6879.75200000	6870.06200000	6861.54800000	6853.48000000	6858.67600000	6852.66600000	6823.99600000	6818.69200000	6852.52000000	6844.68400000	6866.37800000	6860.05600000	6875.73600000	6867.28528000
2843618090.45226145	6837.99200000	6838.09400000	6813.12800000	6805.32000000	6779.32400000	6767.30000000	6822.12000000	6815.86200000	6884.53200000	6873.49600000	6912.82800000	6912.03200000	6855.03400000	6845.78800000	6890.00000000	6883.10600000	6903.39600000	6898.19400000	6880.40200000	6876.03200000	6869.77800000	6862.59600000	6933.60200000	6929.88000000	6885.19600000	6883.40600000	6939.24400000	6929.86400000	6923.83000000	6914.67200000	6877.34400000	6870.82200000	6889.33600000	6880.58800000	6896.96600000	6889.27600000	6870.40600000	6855.96800000	6892.24400000	6883.13800000	6868.67200000	6863.37800000	6870.56200000	6858.38600000	6850.52400000	6835.09200000	6844.37800000	6834.82000000	6894.59600000	6888.95800000	6875.41736000	6867.84272000
2844120603.01507521	6867.45000000	6862.99600000	6832.76800000	6822.66000000	6808.27600000	6800.70400000	6823.44200000	6809.00200000	6871.96200000	6869.19800000	6910.58000000	6899.34000000	6886.89800000	6879.61000000	6889.30600000	6881.21600000	6862.48400000	6867.72600000	6878.56200000	6874.54200000	6919.16600000	6915.57000000	6919.89400000	6902.99800000	6894.46200000	6892.77600000	6948.68000000	6945.78800000	6904.82800000	6906.62400000	6886.41000000	6884.54000000	6852.99400000	6837.58200000	6860.01400000	6847.35800000	6873.42400000	6873.01600000	6841.25400000	6835.92000000	6861.62000000	6857.53800000	6883.21800000	6878.09000000	6832.78000000	6824.40200000	6871.49200000	6862.24200000	6907.12600000	6901.17600000	6875.56360000	6869.30456000
2844623115.57788944	6843.66000000	6831.55200000	6825.30200000	6813.60000000	6801.52800000	6792.27000000	6828.08600000	6818.10200000	6868.00200000	6860.03400000	6894.97200000	6890.78600000	6872.63200000	6863.40400000	6868.42400000	6858.62600000	6884.83600000	6882.83000000	6867.37400000	6858.69600000	6888.68800000	6885.97000000	6889.87600000	6887.97400000	6902.09800000	6891.93400000	6962.29800000	6951.32400000	6909.98200000	6907.32000000	6894.81800000	6885.97000000	6866.70000000	6860.01800000	6887.35600000	6877.80400000	6859.69400000	6851.24400000	6863.50000000	6848.32600000	6862.43800000	6852.64000000	6866.82800000	6869.72000000	6850.63000000	6838.57600000	6860.37400000	6855.11200000	6867.19600000	6856.90400000	6871.49168000	6863.62944000
2845125628.14070368	6840.74000000	6835.33000000	6820.41600000	6817.74600000	6781.15400000	6780.90400000	6796.59200000	6800.80600000	6882.44800000	6873.75400000	6901.27000000	6894.97200000	6871.23800000	6869.11200000	6870.43000000	6861.70600000	6874.93000000	6868.15600000	6879.69200000	6873.83000000	6882.75200000	6878.30600000	6917.54800000	6909.16400000	6900.99400000	6893.13000000	6966.87200000	6959.67600000	6914.55400000	6909.25200000	6898.67400000	6886.67400000	6856.47400000	6850.77400000	6864.13600000	6854.71000000	6875.23600000	6877.08400000	6880.44400000	6863.52400000	6862.84600000	6861.84400000	6882.10200000	6879.90200000	6841.83200000	6830.70200000	6864.07000000	6861.64400000	6882.79800000	6881.73600000	6872.40968000	6866.97752000
2845628140.70351744	6829.21800000	6828.07200000	6817.17400000	6818.79200000	6794.60400000	6790.24200000	6807.94400000	6798.14800000	6884.86600000	6882.34800000	6903.02000000	6895.02600000	6860.63200000	6862.75200000	6869.24200000	6863.57800000	6870.70800000	6867.70800000	6872.80800000	6859.58200000	6879.21800000	6876.46400000	6916.01000000	6903.05400000	6892.77000000	6890.74800000	6962.42000000	6957.31200000	6931.19800000	6923.21800000	6888.00000000	6884.46000000	6868.80200000	6863.26400000	6873.50800000	6865.33600000	6878.31000000	6870.44200000	6869.26600000	6866.33200000	6857.61000000	6853.37000000	6887.07400000	6877.84600000	6851.78200000	6841.80200000	6863.91800000	6858.14400000	6876.49600000	6875.86000000	6872.26392000	6866.95600000
2846130653.26633167	6827.86600000	6821.19600000	6823.44000000	6815.76600000	6815.56400000	6805.03400000	6808.76800000	6806.74600000	6830.13600000	6814.38600000	6888.03600000	6885.01400000	6863.25800000	6863.18200000	6888.18000000	6887.35400000	6872.53800000	6870.49600000	6920.21400000	6918.49200000	6881.40000000	6876.57600000	6915.90000000	6889.84200000	6898.54000000	6891.12200000	6996.99800000	6986.98800000	6894.67400000	6895.47200000	6873.71000000	6865.70400000	6841.97400000	6839.46800000	6864.30000000	6853.67600000	6870.99000000	6865.62200000	6897.94200000	6890.33000000	6850.77600000	6847.58800000	6864.19000000	6853.29200000	6857.20000000	6847.23000000	6842.51600000	6836.49600000	6872.66600000	6862.40400000	6870.47104000	6863.57904000
2846633165.82914591	6837.52200000	6826.04800000	6813.75000000	6811.46600000	6798.25600000	6791.57600000	6821.07400000	6817.48600000	6876.64800000	6869.02000000	6912.62000000	6901.21800000	6866.58600000	6859.37400000	6878.42400000	6878.00400000	6911.06000000	6903.05600000	6880.86200000	6883.49000000	6876.13600000	6872.54600000	6911.54800000	6911.13600000	6896.09000000	6887.37800000	6925.55600000	6921.55000000	6906.39200000	6904.21400000	6863.77800000	6857.51800000	6888.73200000	6881.91400000	6895.37800000	6892.57000000	6857.25400000	6862.50400000	6875.38400000	6869.35600000	6874.33400000	6867.79000000	6854.08400000	6855.88400000	6831.33000000	6828.56600000	6828.25200000	6826.93600000	6854.27000000	6846.88000000	6869.41280000	6865.09920000
2847135678.39195967	6854.93200000	6857.94000000	6833.26600000	6828.34800000	6800.06600000	6799.95600000	6820.04200000	6812.94000000	6859.34600000	6863.36400000	6897.86200000	6893.07600000	6880.24200000	6876.85600000	6884.98600000	6878.30000000	6870.99800000	6876.26000000	6882.12600000	6869.55800000	6921.06000000	6911.80600000	6910.62200000	6904.79400000	6898.99600000	6893.23600000	6948.75000000	6950.65000000	6919.57000000	6910.59400000	6889.09200000	6889.53200000	6848.11200000	6838.66600000	6857.26000000	6850.60600000	6884.51400000	6880.96400000	6829.00400000	6827.65800000	6861.10400000	6855.92000000	6870.70800000	6871.40400000	6830.85000000	6826.90800000	6866.81800000	6859.22800000	6902.58400000	6902.37400000	6872.91640000	6869.23752000
2847638190.95477390	6833.53200000	6826.65000000	6820.96600000	6814.62200000	6808.38400000	6807.02000000	6811.50600000	6810.02200000	6826.67000000	6833.78400000	6882.46200000	6879.13800000	6873.04600000	6867.51600000	6894.07200000	6887.84400000	6872.29200000	6872.64800000	6919.59000000	6919.21600000	6887.81400000	6883.06000000	6920.42600000	6910.09400000	6894.21000000	6888.78600000	6988.30000000	6992.12200000	6909.87400000	6906.01400000	6874.77200000	6871.53000000	6839.21000000	6832.58800000	6864.06800000	6856.51400000	6864.08800000	6858.07200000	6888.25600000	6879.70800000	6846.71800000	6838.82600000	6859.37200000	6861.84800000	6852.14400000	6844.73000000	6855.37400000	6849.64000000	6878.79200000	6869.63800000	6870.63752000	6866.46520000
2848140703.51758814	6797.15400000	6801.67600000	6832.02800000	6835.81600000	6819.00000000	6817.73200000	6806.72600000	6803.94000000	6826.25400000	6823.53000000	6877.90000000	6878.52200000	6870.63200000	6865.73000000	6873.24400000	6870.52800000	6867.79600000	6870.70200000	6899.44400000	6895.83000000	6898.15400000	6898.12400000	6917.97200000	6911.61200000	6920.53600000	6920.67000000	6937.95600000	6932.34800000	6945.64200000	6948.62800000	6895.35800000	6895.71200000	6854.81200000	6851.40200000	6842.45200000	6842.91200000	6855.33200000	6855.59200000	6889.36200000	6892.17000000	6863.38800000	6862.67400000	6861.23600000	6867.05600000	6864.82600000	6869.17000000	6819.64200000	6820.77400000	6848.42200000	6853.56400000	6867.41072000	6867.45656000
2848643216.08040190	6824.61000000	6827.11000000	6817.14600000	6816.57200000	6789.68800000	6787.84000000	6818.50800000	6824.19000000	6881.12000000	6873.11200000	6897.15600000	6900.47000000	6852.77000000	6850.24600000	6860.69800000	6862.38800000	6887.53200000	6879.65000000	6869.14200000	6869.53600000	6875.84600000	6868.38800000	6897.65000000	6887.31000000	6893.89800000	6885.72000000	6961.20000000	6958.05800000	6915.57400000	6912.64000000	6877.18800000	6879.50000000	6856.65400000	6857.15800000	6875.52000000	6873.76400000	6867.53200000	6869.32200000	6862.64400000	6861.11800000	6851.33600000	6844.34400000	6873.35200000	6872.86400000	6847.16400000	6843.26200000	6861.56800000	6866.73400000	6857.43200000	6853.36200000	6866.91712000	6864.98632000
2849145728.64321613	6834.68600000	6834.73800000	6809.30000000	6809.77600000	6790.07600000	6797.68400000	6820.23400000	6818.01600000	6872.65400000	6876.85400000	6906.88400000	6901.93000000	6862.87400000	6856.49000000	6873.52000000	6873.73000000	6901.39800000	6905.21000000	6879.67400000	6881.41600000	6873.34000000	6869.61200000	6920.42600000	6923.36600000	6893.11600000	6889.73200000	6916.57200000	6918.80800000	6912.98000000	6910.93600000	6864.74600000	6861.20600000	6879.10000000	6872.53000000	6892.21600000	6887.08600000	6855.79000000	6851.19000000	6871.73000000	6871.20200000	6873.96800000	6879.40400000	6864.27600000	6868.88000000	6831.78200000	6826.22600000	6828.19800000	6826.08600000	6862.44800000	6862.32800000	6867.67952000	6866.97744000
2849648241.20603037	6800.37000000	6796.94600000	6848.52400000	6850.60000000	6828.41200000	6826.80600000	6841.74600000	6840.52400000	6806.06400000	6806.79200000	6869.66000000	6866.17800000	6856.76600000	6862.00000000	6873.58800000	6877.20200000	6882.34000000	6879.41800000	6879.23000000	6887.24200000	6917.96600000	6912.80800000	6890.04600000	6881.78400000	6888.90600000	6884.26000000	6910.23400000	6909.36400000	6908.95800000	6910.80200000	6866.41000000	6869.52600000	6881.20800000	6879.46400000	6902.31800000	6902.29200000	6864.88600000	6867.08800000	6873.47200000	6874.17400000	6855.59400000	6848.49200000	6850.82600000	6849.41200000	6874.80200000	6877.28600000	6837.54400000	6833.16800000	6859.44600000	6857.40800000	6866.77264000	6866.04144000
2850150753.76884413	6842.63200000	6837.73200000	6814.99400000	6812.78200000	6808.28000000	6801.89000000	6828.27400000	6817.65000000	6866.80800000	6873.48000000	6896.58800000	6898.75000000	6865.08400000	6863.43400000	6877.00800000	6869.47200000	6921.30800000	6920.38200000	6886.06800000	6880.22800000	6851.78400000	6852.79800000	6910.93800000	6907.15000000	6899.70600000	6894.32000000	6927.94800000	6929.60600000	6883.26800000	6885.21800000	6862.19600000	6859.96200000	6881.42600000	6881.81600000	6882.49600000	6882.83200000	6850.97400000	6851.98000000	6872.81800000	6869.65800000	6859.60600000	6858.13200000	6857.40600000	6859.40200000	6830.12200000	6831.03600000	6835.72000000	6836.94200000	6858.27000000	6865.08000000	6866.86888000	6865.66928000
2850653266.33165836	6795.67800000	6799.32800000	6844.17200000	6843.16600000	6838.28200000	6831.80000000	6839.58400000	6846.03600000	6813.96200000	6815.79800000	6871.51800000	6872.10600000	6861.42400000	6861.55000000	6864.17000000	6858.67400000	6863.24600000	6870.95400000	6887.28800000	6888.24000000	6916.05600000	6913.26000000	6893.32400000	6892.41200000	6879.16800000	6877.01800000	6912.02600000	6920.62400000	6912.10000000	6914.54200000	6869.32200000	6870.21400000	6874.57600000	6870.07800000	6900.87600000	6906.00400000	6865.80000000	6866.57400000	6870.53800000	6872.13400000	6852.96600000	6853.83000000	6849.38800000	6847.75600000	6877.17000000	6881.62200000	6838.42000000	6829.38800000	6853.40600000	6851.87800000	6865.77840000	6866.19944000
2851155778.89447260	6789.10000000	6792.65800000	6827.26000000	6825.28400000	6839.58800000	6835.80200000	6811.15400000	6815.63000000	6819.53200000	6816.63800000	6883.36400000	6893.77600000	6875.97400000	6877.79800000	6869.25200000	6869.41000000	6847.90400000	6850.93600000	6901.35600000	6904.86400000	6874.80600000	6874.22800000	6920.04200000	6916.37800000	6905.38200000	6903.66600000	6970.01200000	6977.80200000	6915.06600000	6920.31400000	6888.92800000	6883.84600000	6833.41200000	6839.43000000	6833.54400000	6835.95800000	6864.38400000	6857.63400000	6875.74200000	6885.22600000	6853.07400000	6860.27400000	6857.81000000	6862.38200000	6844.85200000	6844.73800000	6843.44000000	6846.82600000	6871.25200000	6874.73200000	6864.64920000	6866.64920000
2851658291.45728636	6793.21800000	6794.69800000	6841.26800000	6835.99800000	6828.68400000	6835.19200000	6824.87400000	6821.67600000	6806.41600000	6806.97600000	6866.37800000	6872.02000000	6848.78000000	6853.91200000	6863.76800000	6860.35400000	6854.60200000	6858.63000000	6888.56000000	6890.08600000	6878.66200000	6888.94200000	6896.84200000	6897.78400000	6871.24000000	6862.44800000	6934.05000000	6937.89000000	6938.98200000	6941.54600000	6869.06200000	6871.17000000	6860.41800000	6865.31400000	6855.97600000	6863.36600000	6856.55600000	6853.77800000	6877.13600000	6878.81200000	6859.35000000	6856.96000000	6870.23600000	6870.41400000	6859.93200000	6860.56200000	6817.69800000	6813.74400000	6844.98800000	6846.68800000	6860.30704000	6861.55840000
2852160804.02010059	6862.55800000	6865.01200000	6824.67800000	6828.05600000	6794.64600000	6801.91400000	6807.81000000	6815.31800000	6870.76800000	6871.11000000	6881.24600000	6887.74600000	6868.50400000	6865.20600000	6867.25600000	6872.44600000	6877.01600000	6877.65000000	6870.46800000	6876.68200000	6923.33800000	6925.62400000	6890.83400000	6899.00400000	6882.14800000	6887.45400000	6949.15800000	6952.56800000	6903.31200000	6906.02000000	6883.05000000	6897.46800000	6846.93200000	6853.88000000	6851.08400000	6856.36000000	6878.71000000	6881.02800000	6822.36000000	6828.19600000	6851.78400000	6853.71000000	6866.73200000	6870.94600000	6821.53800000	6828.79000000	6850.49000000	6855.23000000	6899.56800000	6907.08000000	6865.83952000	6870.57992000
2852663316.58291435	6792.52200000	6800.00400000	6820.78400000	6828.73800000	6823.07400000	6834.25000000	6811.05400000	6816.66000000	6816.89000000	6818.85600000	6882.72000000	6883.78800000	6865.01000000	6866.68400000	6867.74400000	6874.81200000	6845.88200000	6860.95600000	6902.11200000	6908.11200000	6870.31000000	6874.33400000	6902.44000000	6909.61600000	6894.44200000	6895.69400000	6960.47600000	6966.02800000	6909.61000000	6922.77800000	6899.39600000	6896.68800000	6833.14800000	6841.39200000	6838.03800000	6850.92800000	6849.02000000	6861.27000000	6880.24200000	6890.97200000	6849.46600000	6859.39400000	6864.96800000	6865.40200000	6850.28200000	6850.21400000	6840.95600000	6855.24800000	6860.16600000	6865.89600000	6861.23008000	6867.94856000
2853165829.14572859	6778.62000000	6783.48400000	6827.49000000	6840.06000000	6819.85400000	6823.98200000	6819.81200000	6831.42400000	6793.24000000	6807.82000000	6851.79000000	6860.72000000	6851.16800000	6856.74600000	6839.26600000	6843.55600000	6863.27200000	6869.61800000	6871.63000000	6880.54400000	6894.19400000	6903.95400000	6885.40000000	6891.40600000	6884.60000000	6891.68600000	6903.00400000	6921.70600000	6919.08200000	6927.73400000	6860.56200000	6875.76600000	6857.96000000	6862.43600000	6899.72000000	6907.12000000	6858.24400000	6862.91800000	6889.34200000	6890.56600000	6845.69200000	6853.91400000	6822.49800000	6831.99400000	6871.62600000	6884.04800000	6836.95200000	6848.83600000	6840.43600000	6845.36600000	6855.41816000	6863.89616000
2853668341.70854282	6768.99600000	6784.62800000	6857.13600000	6859.00000000	6820.33000000	6835.92400000	6786.70000000	6794.90200000	6811.09600000	6816.49400000	6849.13600000	6861.86600000	6864.09200000	6875.60400000	6856.03400000	6865.73200000	6863.72600000	6870.41200000	6865.77600000	6877.13000000	6913.45400000	6924.06400000	6891.27000000	6906.70200000	6848.34600000	6863.97000000	6864.48200000	6871.97800000	6887.29600000	6902.63800000	6858.12800000	6867.90000000	6856.08800000	6872.02200000	6845.68000000	6850.55200000	6839.48600000	6845.67600000	6872.31600000	6879.44000000	6846.59600000	6859.62200000	6849.84000000	6859.23600000	6868.66000000	6879.46200000	6846.73400000	6855.13400000	6827.90800000	6838.65000000	6850.37224000	6860.74952000
2854170854.27135658	6774.77400000	6784.91200000	6844.79200000	6859.24800000	6820.21800000	6822.89400000	6780.83600000	6793.14400000	6822.28800000	6830.44000000	6851.12600000	6860.43800000	6862.95000000	6871.96200000	6851.64400000	6869.36400000	6856.34800000	6873.50800000	6866.79800000	6887.58000000	6911.97400000	6935.52400000	6888.02400000	6904.26400000	6849.13200000	6865.19800000	6860.74200000	6870.62200000	6886.43800000	6893.93600000	6861.41000000	6870.04000000	6855.78800000	6878.90600000	6847.24600000	6858.29400000	6831.97800000	6843.37400000	6869.45000000	6880.36800000	6845.73400000	6860.98800000	6840.13200000	6851.89400000	6876.19800000	6887.04600000	6846.80600000	6857.34000000	6832.09200000	6837.45800000	6849.39672000	6861.94968000
2854673366.83417082	6782.88800000	6798.01200000	6823.26800000	6831.79400000	6813.81400000	6819.77000000	6791.52000000	6801.51400000	6808.31600000	6825.51200000	6857.91400000	6864.71800000	6857.33600000	6868.50800000	6860.86800000	6879.24800000	6840.61800000	6850.47800000	6877.93200000	6890.63800000	6869.45400000	6877.77200000	6887.65600000	6907.33000000	6902.46400000	6920.27800000	6931.51000000	6948.14200000	6903.48600000	6921.83800000	6884.30600000	6902.00400000	6840.31600000	6853.66800000	6823.11800000	6829.44200000	6850.60000000	6865.34000000	6877.98000000	6887.96800000	6846.39200000	6861.93800000	6845.69600000	6858.73800000	6849.91600000	6856.94000000	6828.55000000	6851.76600000	6838.09000000	6846.94000000	6851.76032000	6864.81184000
2855175879.39698505	6822.05600000	6838.28200000	6811.43600000	6823.51400000	6769.79400000	6786.19800000	6806.71800000	6822.18600000	6857.90000000	6871.37800000	6889.74200000	6898.32600000	6846.05800000	6864.18400000	6862.18200000	6876.54200000	6884.55800000	6916.05400000	6859.12400000	6873.42400000	6857.55400000	6869.19800000	6880.70800000	6893.02600000	6875.86200000	6891.89800000	6934.95800000	6946.90200000	6878.04200000	6892.94200000	6864.60200000	6873.57800000	6857.43800000	6875.91600000	6904.57400000	6911.48200000	6845.10600000	6845.75400000	6852.52800000	6868.37200000	6830.25800000	6850.32800000	6828.51800000	6847.73200000	6808.57000000	6817.40600000	6822.43600000	6843.27000000	6845.69200000	6862.95600000	6851.85656000	6866.43392000
2855678391.95979881	6816.01400000	6832.74800000	6796.37400000	6809.50400000	6764.69400000	6786.38000000	6802.23600000	6814.86400000	6849.14200000	6873.10200000	6872.44000000	6898.94600000	6831.12600000	6852.00200000	6838.11800000	6857.14600000	6851.81400000	6869.21800000	6849.84400000	6870.89800000	6855.90800000	6869.67200000	6880.59200000	6901.42800000	6872.85200000	6895.51800000	6937.31000000	6962.73800000	6890.43200000	6914.98400000	6863.67600000	6879.21800000	6839.59000000	6853.29400000	6861.49400000	6881.87200000	6847.79000000	6869.46400000	6835.11000000	6852.17000000	6832.05600000	6852.18000000	6844.49600000	6862.92000000	6829.22400000	6850.47400000	6850.51200000	6867.01200000	6838.11200000	6856.00200000	6846.03824000	6865.35016000
2856180904.52261305	6754.80000000	6776.71400000	6828.95400000	6848.20000000	6820.96000000	6835.82800000	6768.88600000	6796.56400000	6794.40000000	6812.58400000	6848.65200000	6865.78000000	6854.57200000	6874.59400000	6848.12000000	6874.43200000	6839.96600000	6863.23400000	6857.44800000	6878.33800000	6877.93800000	6899.43800000	6889.35600000	6914.01800000	6847.55000000	6871.68200000	6853.46000000	6873.65400000	6899.98800000	6919.10600000	6850.18200000	6874.28600000	6865.84600000	6891.54400000	6828.89400000	6852.23800000	6825.75400000	6853.24000000	6858.66800000	6880.62400000	6832.55000000	6852.87000000	6827.90200000	6844.75800000	6837.90000000	6852.56000000	6815.84000000	6835.66600000	6838.46400000	6858.78000000	6838.68200000	6860.02928000
2856683417.08542728	6780.48000000	6796.60000000	6796.00600000	6822.77400000	6797.26000000	6824.45800000	6787.80200000	6808.27400000	6803.64600000	6827.03200000	6843.60800000	6875.63000000	6839.98600000	6868.33800000	6849.89800000	6880.24200000	6835.93600000	6860.88800000	6868.41000000	6886.31600000	6862.79800000	6890.76600000	6879.91000000	6904.62800000	6874.77800000	6895.35000000	6914.64000000	6936.41000000	6903.59200000	6920.36600000	6872.73000000	6896.83400000	6837.60600000	6855.51400000	6818.11600000	6841.98200000	6827.22200000	6846.58400000	6870.57400000	6891.48400000	6839.52800000	6858.71800000	6837.41000000	6854.30800000	6836.06000000	6862.08800000	6828.53800000	6850.28400000	6835.41600000	6853.04800000	6841.67800000	6864.35664000
2857185929.64824104	6759.99600000	6791.70200000	6803.12200000	6834.19200000	6801.17400000	6828.94400000	6782.57000000	6812.71400000	6784.00200000	6818.80800000	6851.42000000	6880.60000000	6854.63600000	6879.47000000	6850.51600000	6872.22000000	6828.99600000	6864.83600000	6872.99600000	6898.53800000	6851.42800000	6872.21000000	6885.66600000	6915.78800000	6864.44600000	6889.48200000	6933.30800000	6959.60400000	6895.71600000	6918.45600000	6871.96600000	6897.35200000	6816.49200000	6847.44000000	6816.76400000	6839.03600000	6820.53000000	6859.70000000	6865.97200000	6889.21000000	6824.38400000	6857.27000000	6842.65200000	6879.25600000	6817.23800000	6851.03200000	6821.24400000	6865.06800000	6825.31800000	6858.86200000	6837.70208000	6867.27160000
2857688442.21105528	6743.01000000	6773.97800000	6823.77800000	6861.93400000	6797.20600000	6827.43400000	6758.38200000	6789.47000000	6787.53200000	6823.60800000	6828.22800000	6871.85200000	6846.47000000	6877.89400000	6834.56600000	6874.69400000	6826.88000000	6862.06000000	6854.22600000	6886.20400000	6858.27800000	6899.36200000	6871.29000000	6907.73600000	6838.29600000	6869.19200000	6839.49000000	6873.90600000	6884.03200000	6913.24400000	6842.33200000	6873.58400000	6851.10200000	6879.81800000	6823.20000000	6859.74800000	6811.84800000	6840.63000000	6844.19000000	6879.68400000	6826.60200000	6851.72200000	6812.00400000	6843.76600000	6828.06200000	6862.72600000	6811.65000000	6847.95800000	6814.94200000	6845.86600000	6826.30384000	6859.92280000
2858190954.77386951	6803.75200000	6835.92600000	6780.58600000	6823.75000000	6754.78600000	6793.20600000	6779.59200000	6809.15800000	6824.38200000	6862.38200000	6843.85200000	6887.88600000	6832.50800000	6871.88000000	6834.20200000	6873.44800000	6857.70400000	6894.02200000	6829.14400000	6863.38200000	6849.15800000	6890.78200000	6853.81200000	6880.91200000	6854.67400000	6891.40000000	6926.13200000	6964.19800000	6850.74200000	6887.54400000	6847.76400000	6880.16200000	6823.39600000	6864.09200000	6855.36600000	6884.14600000	6820.97200000	6854.07800000	6810.73200000	6843.16600000	6808.02600000	6847.67200000	6807.25800000	6839.97400000	6801.18600000	6842.25200000	6828.21200000	6858.33600000	6816.04800000	6849.41200000	6827.75944000	6863.72664000
2858693467.33668327	6743.43800000	6786.16600000	6797.51800000	6841.33200000	6788.63000000	6826.07400000	6775.92000000	6817.61600000	6767.69800000	6811.68000000	6823.14000000	6870.77000000	6817.20800000	6854.59800000	6794.86200000	6839.89200000	6832.66200000	6873.86600000	6840.90600000	6881.63600000	6866.21200000	6906.06400000	6854.27000000	6899.33600000	6846.93200000	6886.26000000	6846.90600000	6887.15800000	6889.00000000	6932.60200000	6833.79400000	6870.92800000	6836.32400000	6877.89800000	6848.32200000	6885.94800000	6815.18800000	6855.59000000	6836.02000000	6871.70000000	6822.21200000	6867.44200000	6801.66600000	6840.72800000	6833.89600000	6877.04800000	6799.88000000	6840.33400000	6805.68200000	6847.72000000	6820.73144000	6862.01544000
2859195979.89949751	6794.81600000	6839.56800000	6761.60000000	6810.43200000	6752.11200000	6784.37000000	6766.86600000	6814.44000000	6807.79000000	6851.56000000	6847.95000000	6887.68200000	6821.94200000	6870.35400000	6827.30600000	6880.07600000	6843.23000000	6884.32200000	6900.00200000	6948.35000000	6819.94600000	6866.69800000	6864.58000000	6905.29200000	6815.02600000	6863.49400000	6923.25600000	6963.44800000	6840.57800000	6886.06600000	6826.39800000	6869.48600000	6818.18400000	6866.91600000	6820.28200000	6864.09600000	6803.66800000	6850.04200000	6860.61800000	6906.65800000	6835.16600000	6872.41400000	6812.02200000	6858.47000000	6806.84200000	6843.47200000	6808.37800000	6850.57400000	6844.27800000	6880.64200000	6824.91344000	6868.75688000
2859698492.46231174	6750.55200000	6793.96200000	6792.68200000	6834.18200000	6779.03400000	6828.18200000	6773.15600000	6813.43200000	6779.79800000	6820.45600000	6826.86000000	6878.40400000	6826.66600000	6872.25400000	6819.05600000	6866.44000000	6816.66800000	6860.79000000	6837.18000000	6885.55000000	6832.66800000	6887.78000000	6871.99800000	6917.15400000	6822.93400000	6868.07800000	6870.71400000	6920.69600000	6877.72000000	6928.33000000	6828.01000000	6878.61200000	6803.05000000	6850.45600000	6819.26600000	6864.29000000	6805.58800000	6853.18600000	6841.54600000	6888.09200000	6814.72800000	6860.26200000	6818.74200000	6865.29000000	6813.70000000	6863.19200000	6778.46600000	6814.59600000	6808.24200000	6858.24600000	6816.36096000	6862.87648000
2860201005.02512550	6784.37200000	6832.75600000	6762.19200000	6813.23800000	6758.49400000	6814.19800000	6766.90800000	6816.04600000	6782.34400000	6840.06800000	6829.04000000	6876.56400000	6817.74000000	6868.08200000	6822.10800000	6873.95400000	6844.62200000	6894.46400000	6874.80400000	6929.68800000	6836.34800000	6887.03200000	6844.60000000	6897.52600000	6825.14400000	6882.23200000	6901.31400000	6950.73000000	6839.26400000	6888.41200000	6818.74600000	6871.30800000	6796.65400000	6844.97400000	6789.04200000	6842.18200000	6814.24200000	6855.98000000	6835.83200000	6883.52200000	6802.88800000	6852.27600000	6798.88200000	6850.36200000	6801.41400000	6845.19000000	6788.76200000	6840.08600000	6847.48800000	6891.85000000	6815.32976000	6865.70880000
2860703517.58793974	6793.38600000	6852.38600000	6754.79800000	6810.09800000	6733.42800000	6781.73600000	6755.24200000	6810.53200000	6807.23200000	6858.60800000	6833.24400000	6883.54400000	6831.64200000	6886.67600000	6826.80600000	6878.06000000	6800.87600000	6857.66600000	6815.97000000	6867.78800000	6836.63600000	6895.06400000	6850.70800000	6899.43200000	6837.32400000	6888.62600000	6880.84400000	6941.68800000	6841.38800000	6892.77200000	6832.15200000	6901.48800000	6789.74200000	6845.77000000	6790.90400000	6848.71600000	6820.94800000	6877.60600000	6801.81600000	6856.11000000	6797.64400000	6855.17000000	6820.58200000	6874.01800000	6775.81800000	6832.31200000	6839.06200000	6886.60800000	6811.80000000	6865.44400000	6811.19968000	6865.91672000
2861206030.15075397	6777.51600000	6840.77200000	6765.83800000	6816.13200000	6741.95400000	6802.23600000	6756.69400000	6810.24200000	6820.01200000	6875.97600000	6836.81000000	6896.11600000	6818.58800000	6871.43200000	6818.11000000	6867.92000000	6850.26800000	6909.85400000	6817.85200000	6876.22200000	6799.11200000	6862.35800000	6850.47200000	6900.86000000	6843.70200000	6896.35000000	6872.32200000	6933.79000000	6836.24600000	6892.83800000	6803.23800000	6861.36800000	6827.43000000	6877.13000000	6827.10400000	6882.71200000	6799.94400000	6849.75600000	6812.16600000	6867.35400000	6799.25000000	6856.87000000	6800.59200000	6857.14200000	6765.20200000	6823.37800000	6785.12400000	6839.66800000	6809.13600000	6858.01600000	6809.38728000	6865.05968000
2861708542.71356773	6763.66600000	6824.26000000	6756.91000000	6815.59800000	6751.52600000	6807.57800000	6767.56600000	6823.66000000	6775.37000000	6835.32600000	6818.54800000	6874.63600000	6808.12400000	6866.78000000	6805.82200000	6861.44400000	6817.95000000	6884.27400000	6870.25800000	6934.90600000	6821.70000000	6887.88000000	6843.34800000	6907.63400000	6822.12200000	6878.58200000	6888.31400000	6943.63000000	6835.97400000	6894.50000000	6820.31000000	6873.75800000	6790.27600000	6851.58600000	6780.33800000	6842.96000000	6800.81400000	6860.94600000	6826.40200000	6885.07800000	6805.33400000	6860.11400000	6798.30800000	6847.88200000	6774.87000000	6831.70200000	6780.54600000	6842.90600000	6831.49600000	6889.52800000	6806.23568000	6865.08592000
2862211055.27638197	6739.47200000	6797.70800000	6772.96600000	6837.36600000	6761.83200000	6823.00800000	6750.36200000	6815.07400000	6763.90200000	6821.30800000	6814.77200000	6874.32600000	6812.55000000	6876.94600000	6800.24200000	6866.67800000	6798.83200000	6862.81800000	6826.84000000	6886.19400000	6824.32600000	6889.67600000	6845.64200000	6913.67000000	6808.10800000	6868.94800000	6866.73000000	6926.88600000	6887.91400000	6953.58000000	6819.66800000	6886.53000000	6792.57000000	6852.65800000	6787.00200000	6850.89600000	6787.76400000	6847.89800000	6816.18600000	6878.69000000	6802.94400000	6868.60400000	6804.34400000	6862.31800000	6807.33000000	6866.16800000	6756.09800000	6816.78800000	6783.00200000	6848.13200000	6801.25592000	6863.71472000
2862713567.83919621	6730.04400000	6790.19800000	6774.83800000	6834.44000000	6759.81000000	6819.17200000	6735.67200000	6797.02800000	6755.17800000	6818.09400000	6806.98800000	6876.37800000	6800.68000000	6861.02400000	6796.60600000	6861.89400000	6795.47400000	6856.71000000	6826.75800000	6893.38200000	6827.88000000	6893.71000000	6847.94600000	6914.13600000	6836.79400000	6908.80800000	6866.72200000	6938.79000000	6873.93400000	6939.60400000	6831.93600000	6896.43000000	6786.78400000	6855.07400000	6778.97200000	6844.82600000	6780.26600000	6846.22400000	6816.85800000	6886.33600000	6804.79800000	6863.21600000	6795.67200000	6863.04400000	6810.10000000	6861.97400000	6757.57200000	6826.32000000	6783.98800000	6845.36400000	6799.29080000	6863.68704000
2863216080.40200996	6716.56800000	6778.49600000	6795.48600000	6862.57600000	6756.51400000	6821.55600000	6726.99200000	6791.84600000	6757.42000000	6828.20800000	6790.76200000	6862.82000000	6813.03400000	6887.11000000	6793.35800000	6859.67800000	6801.44400000	6866.51200000	6808.91000000	6876.43600000	6853.04200000	6933.36800000	6826.02200000	6898.41600000	6796.06000000	6860.39200000	6802.63800000	6874.51600000	6823.35600000	6893.43000000	6809.54600000	6878.44400000	6801.09800000	6873.75800000	6784.48200000	6853.61600000	6777.99000000	6849.54200000	6817.96600000	6887.32000000	6793.37600000	6862.25600000	6788.45200000	6855.55800000	6812.70600000	6876.31000000	6787.30400000	6864.51600000	6774.22800000	6834.93800000	6792.35016000	6861.26472000
2863718592.96482420	6729.46400000	6796.69400000	6760.64800000	6825.50800000	6765.06000000	6830.05200000	6743.21200000	6815.59600000	6747.28000000	6814.74200000	6818.32200000	6889.08200000	6799.31200000	6876.34600000	6808.20400000	6881.22000000	6777.19000000	6852.13600000	6834.62000000	6907.50000000	6804.53400000	6877.18600000	6843.73400000	6921.71600000	6836.59800000	6906.41400000	6917.11200000	6989.90400000	6845.48200000	6918.61400000	6819.89200000	6890.70800000	6770.13000000	6841.35400000	6771.95800000	6834.54000000	6784.14600000	6855.85600000	6817.65800000	6887.08200000	6780.57600000	6852.52200000	6787.62600000	6857.41600000	6783.98200000	6845.03000000	6793.11000000	6858.12600000	6807.53000000	6880.19800000	6797.89520000	6868.22168000
2864221105.52763844	6775.93000000	6847.47800000	6740.77400000	6811.71000000	6720.08000000	6788.16800000	6745.57800000	6821.39000000	6792.17600000	6867.28000000	6816.95000000	6887.77400000	6800.81600000	6870.18600000	6800.17600000	6876.17400000	6815.87400000	6885.87600000	6787.54600000	6863.33400000	6812.34200000	6891.86600000	6821.80000000	6904.85400000	6811.58400000	6888.68000000	6881.95800000	6961.92000000	6832.12800000	6911.06800000	6813.47200000	6886.75200000	6796.75200000	6875.38600000	6818.84400000	6887.68200000	6779.37800000	6857.10400000	6787.17400000	6856.20400000	6779.87200000	6852.87400000	6766.85600000	6837.52400000	6764.07400000	6829.59200000	6779.45600000	6849.17000000	6788.16000000	6855.26800000	6793.19000000	6866.61256000
2864723618.09045219	6774.18400000	6854.36000000	6746.75200000	6820.28600000	6722.16200000	6796.94600000	6735.42400000	6809.46200000	6792.16200000	6861.84800000	6810.69000000	6889.63600000	6809.47400000	6888.18200000	6810.46800000	6885.36600000	6790.32200000	6857.59800000	6792.43000000	6873.98400000	6817.56800000	6896.52400000	6811.45400000	6892.78400000	6822.93600000	6900.22600000	6861.26600000	6942.15800000	6817.67800000	6894.24600000	6817.50800000	6896.77000000	6777.70000000	6857.11000000	6783.11200000	6862.65000000	6801.71200000	6876.65400000	6766.25400000	6841.14000000	6782.37600000	6856.70600000	6808.28400000	6885.53800000	6759.06600000	6835.69600000	6804.63200000	6875.69400000	6819.66800000	6894.08600000	6793.41128000	6869.82600000
2865226130.65326643	6763.45600000	6842.57400000	6725.97200000	6804.53000000	6720.34400000	6795.35400000	6737.09000000	6811.48800000	6771.34400000	6845.68600000	6799.33800000	6887.09200000	6780.02400000	6851.87000000	6793.27000000	6875.37800000	6821.05800000	6887.48200000	6864.46000000	6943.82000000	6800.64800000	6874.13200000	6833.39000000	6915.53400000	6778.83000000	6852.65200000	6885.45800000	6970.66800000	6815.70200000	6894.90400000	6774.81400000	6866.08000000	6781.21600000	6864.93600000	6791.76800000	6871.31600000	6763.01000000	6844.73200000	6835.19200000	6913.33600000	6803.52400000	6881.65400000	6774.40600000	6862.15000000	6769.40800000	6839.33000000	6766.60600000	6850.02000000	6813.57800000	6890.22000000	6790.55624000	6869.47752000
2865728643.21608019	6711.52000000	6795.73400000	6764.97800000	6840.03000000	6759.06800000	6834.70000000	6752.63400000	6829.94400000	6731.65200000	6809.83800000	6794.49000000	6873.28600000	6781.27600000	6861.39200000	6782.97000000	6858.30200000	6777.53600000	6850.41400000	6808.12400000	6885.13200000	6812.34800000	6892.89000000	6821.07800000	6897.43600000	6788.48000000	6877.36600000	6836.21800000	6927.12400000	6840.35400000	6920.28600000	6796.90600000	6873.56600000	6783.88200000	6867.90000000	6800.57200000	6876.18600000	6785.48600000	6869.68400000	6792.80200000	6877.20000000	6770.57800000	6850.46200000	6761.47600000	6839.67800000	6785.87200000	6863.32800000	6758.18800000	6831.18800000	6772.26400000	6849.87200000	6782.83008000	6862.11752000
2866231155.77889442	6701.23000000	6782.93400000	6767.17800000	6845.86000000	6760.40800000	6834.67000000	6727.10400000	6798.48400000	6732.86600000	6801.12800000	6799.46600000	6873.87400000	6772.25800000	6854.63600000	6763.14600000	6835.81000000	6799.86800000	6883.04400000	6798.92600000	6880.13400000	6818.73600000	6899.29600000	6836.69200000	6917.28800000	6797.65200000	6881.78200000	6800.40200000	6878.71400000	6856.26400000	6933.58400000	6804.24600000	6885.90200000	6815.84000000	6892.19600000	6789.46400000	6868.34200000	6776.89200000	6854.19600000	6797.20200000	6877.10000000	6792.27400000	6868.15000000	6771.67200000	6850.65200000	6788.56600000	6871.78800000	6771.68400000	6855.85800000	6774.78200000	6846.77800000	6784.59272000	6862.88800000
2866733668.34170866	6722.20600000	6802.75000000	6755.54200000	6832.93800000	6753.30200000	6826.41600000	6733.05000000	6808.45200000	6736.07000000	6812.88200000	6785.98000000	6865.29400000	6794.89800000	6865.63200000	6795.31400000	6882.02400000	6775.18600000	6856.97800000	6807.62400000	6896.00800000	6804.86000000	6887.15400000	6817.15800000	6905.58600000	6816.61400000	6894.88000000	6864.45600000	6940.70200000	6846.52600000	6921.71800000	6831.30600000	6916.50200000	6740.51600000	6817.91600000	6762.73200000	6837.00000000	6775.47400000	6853.88400000	6810.36400000	6892.18000000	6784.70800000	6855.61200000	6795.63000000	6867.62800000	6770.43400000	6854.47600000	6764.19600000	6844.58200000	6788.71000000	6858.61200000	6785.31424000	6863.91224000
2867236180.90452242	6728.07200000	6802.50600000	6770.84000000	6835.74600000	6748.20400000	6818.79600000	6747.84400000	6815.92200000	6755.85200000	6825.34200000	6805.71200000	6875.69800000	6797.92800000	6875.19000000	6789.39400000	6857.85000000	6783.59200000	6858.06800000	6817.73400000	6898.33000000	6824.01800000	6910.62600000	6833.37400000	6908.05200000	6807.02200000	6887.50200000	6855.63600000	6935.43600000	6861.62000000	6939.62000000	6813.36000000	6889.12200000	6784.21800000	6861.82800000	6771.55400000	6841.76600000	6782.05800000	6852.56400000	6810.78400000	6881.43800000	6796.45400000	6867.35400000	6789.16000000	6859.75600000	6794.92000000	6869.87000000	6748.16400000	6825.03800000	6781.35400000	6848.83600000	6791.95472000	6865.69024000
2867738693.46733665	6779.17600000	6855.53400000	6754.19600000	6819.02000000	6723.87600000	6795.37800000	6740.12200000	6815.81800000	6800.02200000	6872.58000000	6822.08000000	6894.50000000	6801.19400000	6872.37600000	6802.24600000	6878.46800000	6849.13200000	6919.33600000	6805.16400000	6880.30400000	6788.16800000	6864.91600000	6834.64200000	6911.89400000	6826.48000000	6901.78200000	6856.28800000	6940.01400000	6830.59400000	6901.46400000	6789.97800000	6866.51200000	6808.78600000	6883.88600000	6820.87200000	6896.89400000	6774.36000000	6856.21400000	6800.11400000	6876.13800000	6785.29000000	6855.02000000	6777.65200000	6849.62200000	6749.58400000	6820.95400000	6772.73400000	6850.33000000	6783.66400000	6863.11400000	6795.05656000	6869.68272000
2868241206.03015089	6741.39400000	6802.54600000	6762.38800000	6827.60800000	6759.86400000	6825.09400000	6750.80800000	6811.54000000	6757.55200000	6816.30400000	6814.90800000	6883.49000000	6806.71000000	6865.58000000	6813.72400000	6878.18600000	6802.31600000	6865.91200000	6843.05000000	6898.43800000	6808.27400000	6878.52000000	6864.28200000	6935.76800000	6828.53200000	6899.16400000	6928.66200000	6997.37400000	6824.96200000	6893.18600000	6795.95000000	6858.64400000	6761.62800000	6828.84600000	6776.86400000	6842.08600000	6809.96200000	6874.87800000	6802.67000000	6871.33400000	6798.81400000	6861.93200000	6795.92600000	6870.50400000	6786.81400000	6844.09800000	6777.86000000	6843.39800000	6804.80000000	6865.65800000	6800.74856000	6865.60352000
2868743718.59296465	6799.75800000	6856.86800000	6765.26200000	6815.14200000	6736.55600000	6794.94600000	6749.76400000	6809.29000000	6814.14200000	6869.50600000	6829.39200000	6890.52000000	6823.79800000	6883.00200000	6829.58000000	6888.93800000	6811.03200000	6864.89400000	6803.07800000	6860.64600000	6833.45000000	6896.97800000	6830.00400000	6895.12000000	6855.08000000	6912.47600000	6866.88800000	6931.10400000	6843.37000000	6900.30600000	6832.96800000	6889.61000000	6798.10200000	6857.12000000	6799.19200000	6844.10000000	6826.12400000	6879.36600000	6794.38800000	6848.79200000	6801.40200000	6862.05200000	6823.79200000	6873.13600000	6784.01000000	6834.98800000	6835.74000000	6884.71200000	6823.13600000	6874.77000000	6812.40032000	6868.73528000
2869246231.15577888	6714.54400000	6764.36000000	6794.96400000	6848.62200000	6772.48800000	6827.32400000	6740.90400000	6791.24800000	6773.86000000	6826.94000000	6823.05600000	6876.34200000	6819.79600000	6879.33800000	6813.01000000	6868.07600000	6831.10000000	6874.12800000	6818.57400000	6876.99000000	6838.40000000	6891.76800000	6867.20000000	6916.68200000	6827.15400000	6880.88000000	6825.41400000	6877.00600000	6884.48800000	6941.33400000	6839.59800000	6893.35200000	6836.81400000	6888.60600000	6809.18800000	6842.49600000	6806.93400000	6852.37000000	6833.86000000	6885.27600000	6802.35200000	6844.36400000	6801.63800000	6850.30400000	6798.48000000	6847.81800000	6787.89400000	6835.77000000	6807.13400000	6851.67000000	6810.75376000	6861.32256000
2869748743.71859312	6776.43400000	6826.00000000	6775.83800000	6814.69200000	6742.56000000	6786.87000000	6772.12000000	6815.56600000	6832.60600000	6873.97400000	6851.73000000	6897.96800000	6814.41400000	6853.05800000	6817.09600000	6861.69000000	6836.55000000	6880.04200000	6822.41800000	6860.03200000	6830.46800000	6875.04200000	6845.92600000	6897.33000000	6840.77400000	6886.73000000	6903.11800000	6949.25000000	6872.08800000	6915.30800000	6831.01000000	6879.72000000	6820.02200000	6867.82800000	6827.16200000	6874.23400000	6833.40800000	6876.78800000	6811.69000000	6844.25200000	6807.00600000	6847.34800000	6829.76600000	6873.61000000	6797.46200000	6836.16200000	6817.20200000	6851.87400000	6832.04600000	6872.28800000	6821.63656000	6864.70624000
2870251256.28140688	6786.30800000	6822.76000000	6775.24000000	6810.21200000	6751.99800000	6800.13000000	6769.28000000	6810.17800000	6810.12000000	6842.11800000	6833.74800000	6873.60000000	6830.99200000	6875.80800000	6817.02400000	6862.85200000	6837.02800000	6878.12400000	6890.13600000	6936.54400000	6847.57600000	6889.12600000	6860.45800000	6914.27600000	6829.23800000	6875.32400000	6897.59000000	6944.09600000	6837.29800000	6878.78800000	6821.97000000	6863.66800000	6813.26200000	6851.36600000	6810.03800000	6857.29600000	6798.39600000	6840.50400000	6860.66800000	6898.39200000	6828.99200000	6868.40200000	6805.22600000	6841.22000000	6795.68600000	6840.75200000	6812.51000000	6852.70800000	6854.75000000	6901.77600000	6823.02128000	6865.20080000
2870753768.84422112	6747.74400000	6786.00400000	6803.51800000	6853.01200000	6789.21400000	6835.21400000	6793.25400000	6841.43000000	6754.69400000	6803.08200000	6830.04000000	6873.39000000	6817.56400000	6864.13400000	6816.60200000	6863.87400000	6821.56600000	6872.61400000	6842.40800000	6892.94400000	6861.24000000	6905.44600000	6833.94600000	6883.18600000	6838.00800000	6889.95200000	6848.95000000	6906.80400000	6875.98000000	6925.50600000	6829.90400000	6877.27000000	6840.30400000	6886.69400000	6869.49400000	6920.48600000	6816.39400000	6860.93800000	6840.22800000	6877.24800000	6812.43400000	6859.63400000	6802.74200000	6847.77000000	6824.22400000	6862.21600000	6793.21600000	6834.43600000	6811.38600000	6856.61400000	6820.60216000	6867.19592000
2871256281.40703535	6784.90400000	6834.84800000	6771.36200000	6817.16000000	6726.26800000	6786.20000000	6765.22000000	6818.38400000	6808.32600000	6857.54400000	6848.05000000	6902.59800000	6806.73800000	6866.32600000	6829.42600000	6880.63400000	6841.83200000	6896.75200000	6827.50400000	6887.72400000	6809.50200000	6861.54600000	6876.13200000	6929.05800000	6820.57800000	6876.24400000	6879.99000000	6923.93800000	6870.33400000	6927.62800000	6812.80400000	6863.73600000	6829.21400000	6883.51200000	6839.69400000	6890.65200000	6806.67400000	6859.76200000	6825.41600000	6878.93400000	6806.76600000	6855.72600000	6801.37400000	6855.91400000	6779.36800000	6831.46800000	6791.99600000	6845.91800000	6810.82200000	6855.31000000	6814.81176000	6867.50064000
2871758793.96984911	6771.37800000	6828.69800000	6752.94000000	6815.57000000	6751.32800000	6812.07400000	6744.81000000	6807.97400000	6766.68000000	6830.27200000	6811.54200000	6868.57400000	6799.62800000	6864.47200000	6806.80200000	6868.86200000	6820.92000000	6887.16400000	6862.04800000	6923.99200000	6822.17200000	6888.02200000	6840.91800000	6906.00400000	6814.90000000	6883.04600000	6891.19000000	6955.11600000	6836.43000000	6898.41600000	6804.46400000	6873.59000000	6796.34200000	6847.03400000	6778.12000000	6839.52000000	6810.43000000	6861.27000000	6825.84600000	6884.87000000	6786.07400000	6842.66600000	6799.56400000	6860.49200000	6791.84800000	6851.81400000	6787.77000000	6851.28600000	6829.33800000	6886.62800000	6804.13928000	6865.49704000
2872261306.53266335	6713.27800000	6779.89400000	6793.59000000	6857.37200000	6768.38600000	6842.10400000	6721.40400000	6789.69600000	6750.18000000	6817.78800000	6799.26600000	6869.21600000	6807.07400000	6874.13000000	6795.38400000	6863.97600000	6793.71200000	6861.04600000	6808.04800000	6878.52400000	6824.32600000	6895.72200000	6840.33800000	6908.99800000	6794.38200000	6868.85000000	6801.26600000	6871.75000000	6846.75400000	6914.63000000	6810.17400000	6877.50600000	6817.13800000	6882.49400000	6780.26800000	6851.55000000	6785.28200000	6855.89400000	6814.32400000	6877.30800000	6792.31200000	6856.08200000	6782.27800000	6845.10400000	6790.57800000	6858.14400000	6778.03400000	6840.79600000	6785.34600000	6846.61200000	6791.72488000	6859.40744000
2872763819.09547758	6769.61400000	6845.48800000	6731.10800000	6806.67000000	6729.45200000	6800.11800000	6744.99200000	6820.28400000	6776.40200000	6859.62800000	6812.53600000	6887.47000000	6770.61200000	6853.10000000	6803.70400000	6881.22400000	6820.57800000	6895.03600000	6850.29600000	6933.04400000	6799.99400000	6883.91400000	6830.40000000	6913.22600000	6787.93200000	6862.35800000	6857.92400000	6943.32600000	6819.23000000	6888.20800000	6783.39800000	6860.14200000	6803.71000000	6880.62800000	6806.92400000	6875.18000000	6765.20400000	6845.94000000	6836.31400000	6911.07800000	6802.33600000	6881.20400000	6790.51200000	6857.94600000	6775.01600000	6843.42600000	6768.60400000	6839.05000000	6811.96800000	6885.41400000	6793.95040000	6870.12408000
2873266331.65829134	6719.28000000	6799.32200000	6760.26600000	6835.03200000	6750.92800000	6828.30400000	6741.61200000	6810.34800000	6743.00400000	6816.63400000	6805.52400000	6879.32600000	6777.65800000	6854.63400000	6783.79000000	6867.24800000	6779.03000000	6861.35600000	6807.62800000	6878.00800000	6813.32000000	6884.63600000	6830.76200000	6907.17600000	6786.69800000	6869.72200000	6837.09400000	6926.83400000	6858.70000000	6939.33600000	6795.53600000	6876.41600000	6777.68800000	6860.44400000	6785.65400000	6868.79800000	6787.50200000	6859.63000000	6807.97000000	6887.08600000	6781.07200000	6859.13400000	6799.92400000	6878.32000000	6797.33400000	6863.03800000	6739.52600000	6812.93000000	6782.17200000	6860.99000000	6785.98688000	6863.38808000
2873768844.22110558	6715.82600000	6782.99800000	6760.73800000	6829.04000000	6749.02200000	6822.78800000	6736.68200000	6809.17800000	6750.33400000	6827.10000000	6815.50400000	6901.52600000	6792.10800000	6875.30600000	6801.68400000	6880.12400000	6768.93400000	6852.54200000	6828.11000000	6901.44400000	6799.81000000	6894.62600000	6852.32600000	6933.20000000	6824.78000000	6897.73400000	6918.32000000	7002.36000000	6828.45800000	6910.75400000	6804.40600000	6881.14200000	6767.63200000	6845.93800000	6759.62000000	6840.44200000	6780.13200000	6856.12800000	6801.48000000	6885.51600000	6773.83000000	6851.93800000	6776.52200000	6859.33600000	6776.60000000	6859.48000000	6787.64200000	6856.79600000	6792.64200000	6872.08800000	6790.52568000	6869.18096000
2874271356.78391981	6704.83800000	6778.48000000	6775.83000000	6849.42600000	6761.48400000	6834.55000000	6722.80000000	6802.92800000	6743.19000000	6819.55800000	6784.64200000	6862.00200000	6785.16000000	6865.48400000	6767.83800000	6851.46200000	6787.19400000	6870.89200000	6810.15400000	6887.53200000	6837.73800000	6919.15000000	6825.57800000	6907.41600000	6796.33400000	6879.04000000	6797.73800000	6877.59600000	6844.47000000	6929.26200000	6799.05200000	6882.32400000	6802.49200000	6880.70400000	6771.22200000	6862.13000000	6779.21000000	6860.29000000	6806.47400000	6879.77000000	6785.63800000	6862.94200000	6773.13000000	6853.15400000	6810.16200000	6879.69800000	6781.47200000	6855.35400000	6764.93600000	6842.87600000	6784.75104000	6863.76080000
2874773869.34673357	6704.64000000	6786.54200000	6760.19400000	6836.65800000	6740.39200000	6818.91000000	6743.81600000	6817.73200000	6746.85200000	6824.83000000	6824.93000000	6903.10400000	6787.93400000	6864.75000000	6791.38200000	6880.62800000	6768.87600000	6852.08000000	6828.17800000	6915.77200000	6800.59200000	6880.86600000	6845.69400000	6937.17000000	6812.65600000	6891.64600000	6920.52800000	6999.34800000	6827.34800000	6912.26000000	6790.55000000	6865.10600000	6749.84800000	6836.43400000	6762.71600000	6840.61800000	6774.79600000	6847.06200000	6808.34000000	6892.15600000	6784.94000000	6861.72000000	6761.20600000	6843.00400000	6778.00800000	6857.32000000	6783.94600000	6867.00000000	6796.12600000	6875.00000000	6787.77952000	6868.30864000
2875276381.90954781	6709.39000000	6786.99600000	6758.90200000	6832.42400000	6751.89200000	6823.54200000	6738.69200000	6816.91600000	6750.55800000	6827.95200000	6815.15000000	6896.13800000	6786.72200000	6862.09600000	6799.00600000	6877.33400000	6782.84200000	6863.24600000	6831.90600000	6913.41800000	6800.55400000	6875.60400000	6856.40000000	6933.79400000	6813.51000000	6891.34200000	6921.18200000	6998.41400000	6828.71800000	6908.36800000	6790.91200000	6871.95000000	6753.03600000	6836.11800000	6771.79400000	6850.26400000	6771.75000000	6848.37200000	6802.54000000	6883.11000000	6787.37200000	6859.10800000	6764.23000000	6843.05600000	6785.64400000	6859.94600000	6784.82200000	6855.35000000	6811.96400000	6885.55400000	6790.77952000	6868.01648000
2875778894.47236204	6772.44800000	6848.54800000	6744.54800000	6821.15600000	6713.88800000	6785.92400000	6735.45600000	6801.76200000	6790.49400000	6865.86800000	6814.99200000	6892.14800000	6811.92800000	6889.05800000	6802.50800000	6875.37600000	6792.31800000	6873.88200000	6799.93800000	6867.75000000	6805.76400000	6886.09600000	6828.29200000	6906.65600000	6822.67000000	6904.46400000	6860.05000000	6941.63600000	6831.39000000	6908.36000000	6819.07600000	6890.81600000	6775.62800000	6842.63400000	6773.30800000	6844.99400000	6800.51800000	6875.46400000	6779.24200000	6859.41600000	6786.46600000	6856.54200000	6804.86800000	6877.72000000	6762.56400000	6828.75400000	6812.02800000	6882.03800000	6793.05600000	6856.46800000	6793.33752000	6867.34120000
2876281407.03517580	6758.16400000	6825.21400000	6740.39600000	6809.88600000	6731.31800000	6798.72400000	6741.54800000	6821.40200000	6764.20400000	6841.39400000	6801.86600000	6874.78200000	6805.12800000	6869.98800000	6800.78400000	6876.11000000	6805.35800000	6879.55200000	6856.11000000	6930.69400000	6807.53000000	6886.19000000	6834.40000000	6906.32400000	6806.51400000	6879.14800000	6863.00000000	6942.81200000	6810.52400000	6886.55000000	6800.05200000	6875.55000000	6783.99200000	6859.31200000	6779.51000000	6853.50000000	6781.20400000	6857.83400000	6803.93000000	6878.83800000	6788.13600000	6870.42000000	6767.87800000	6842.74800000	6774.43800000	6840.08800000	6777.03600000	6848.97200000	6824.83600000	6901.35200000	6792.31424000	6866.29536000
2876783919.59799004	6785.25000000	6851.13800000	6754.51800000	6816.94800000	6717.00400000	6779.97600000	6730.55000000	6808.30400000	6808.08600000	6874.15600000	6816.89200000	6890.88000000	6809.99200000	6878.37600000	6794.67600000	6859.23800000	6793.92400000	6867.37000000	6796.69800000	6881.38000000	6807.58000000	6874.86800000	6834.37000000	6907.95400000	6811.47200000	6887.16200000	6881.98000000	6958.03600000	6832.97400000	6909.80600000	6812.06000000	6885.94400000	6780.70800000	6852.41000000	6788.27200000	6852.06600000	6810.95600000	6865.99600000	6798.13200000	6867.57200000	6795.72400000	6861.34200000	6817.64400000	6880.26400000	6764.38000000	6833.01800000	6790.98800000	6861.97000000	6810.12000000	6880.73000000	6797.79800000	6867.47616000
2877286432.16080379	6725.24600000	6789.79400000	6782.43800000	6839.48800000	6759.97600000	6821.92600000	6760.70800000	6829.99000000	6750.03400000	6809.07000000	6803.79000000	6870.49400000	6788.11600000	6852.47200000	6778.78400000	6843.33600000	6803.61400000	6870.09800000	6810.69400000	6883.60400000	6841.16800000	6905.71600000	6822.15200000	6891.61800000	6828.08400000	6895.20200000	6825.90200000	6894.97200000	6864.03000000	6930.40600000	6791.97400000	6870.92400000	6811.98000000	6876.58800000	6837.76400000	6907.58400000	6788.81400000	6856.82800000	6808.30200000	6872.24200000	6793.21400000	6862.83600000	6776.37600000	6833.45400000	6814.95600000	6873.46800000	6765.90800000	6831.43600000	6783.89200000	6843.53200000	6796.71664000	6862.28312000
2877788944.72361803	6724.95600000	6795.08200000	6763.24000000	6826.84000000	6765.21800000	6829.04800000	6741.86400000	6809.35600000	6757.64800000	6818.75200000	6806.63600000	6873.37800000	6805.13200000	6865.69000000	6808.65600000	6884.06000000	6793.43400000	6858.79400000	6828.77800000	6901.84400000	6812.04000000	6881.34400000	6843.98000000	6905.45200000	6826.33600000	6900.42800000	6876.22800000	6944.91600000	6847.37600000	6922.58800000	6839.58800000	6909.49600000	6775.25400000	6838.11600000	6777.47800000	6847.57800000	6785.93400000	6857.47200000	6829.69000000	6889.85400000	6787.21600000	6858.45600000	6803.26200000	6866.04000000	6787.99600000	6851.98600000	6784.56800000	6850.83600000	6795.11200000	6857.27800000	6798.70480000	6865.78736000
2878291457.28643227	6715.85000000	6784.49800000	6780.41000000	6837.01800000	6772.16600000	6826.91000000	6751.08200000	6809.98400000	6743.29000000	6813.43400000	6818.63400000	6880.23800000	6791.42400000	6851.49400000	6779.29000000	6843.28000000	6819.76800000	6886.05000000	6818.14000000	6881.83200000	6840.61000000	6902.99200000	6841.58600000	6906.58000000	6814.79000000	6875.90200000	6815.36800000	6880.15800000	6876.26200000	6942.97800000	6813.04400000	6876.12600000	6821.74600000	6878.96400000	6823.76200000	6881.74400000	6785.97600000	6846.49600000	6807.58200000	6873.04200000	6796.84800000	6859.84800000	6784.02600000	6846.76800000	6813.62400000	6871.42600000	6790.03800000	6846.92800000	6786.15800000	6847.48000000	6800.05896000	6862.08680000
2878793969.84924603	6772.20400000	6819.99200000	6754.05400000	6816.24600000	6743.18800000	6804.02000000	6746.64600000	6808.55000000	6770.95000000	6814.78200000	6822.74600000	6876.70400000	6808.99400000	6858.95600000	6825.10800000	6889.57800000	6813.86400000	6874.34000000	6859.84800000	6921.81800000	6818.64800000	6878.59200000	6852.50800000	6918.63800000	6822.35400000	6882.90000000	6923.18200000	6985.92600000	6839.95800000	6895.30200000	6802.91000000	6861.56800000	6790.75800000	6853.98600000	6797.64600000	6864.44600000	6806.93400000	6864.13000000	6832.54400000	6891.54800000	6784.45000000	6837.58400000	6789.01400000	6851.34400000	6795.07000000	6851.96000000	6786.94400000	6844.96400000	6808.19200000	6867.07200000	6806.74856000	6865.39784000
2879296482.41206026	6733.86600000	6783.65400000	6786.49400000	6840.51600000	6779.11600000	6829.60000000	6756.47600000	6808.47400000	6754.25600000	6808.13800000	6815.48200000	6874.92000000	6789.03400000	6847.58200000	6788.99400000	6844.40200000	6826.48000000	6887.74400000	6819.42000000	6875.88200000	6847.15200000	6910.30600000	6845.33200000	6901.07000000	6831.81000000	6892.22800000	6831.70200000	6888.10000000	6878.96400000	6933.73800000	6818.83600000	6873.88200000	6824.37000000	6879.63200000	6830.90800000	6887.23600000	6791.32600000	6848.07000000	6815.20600000	6864.44400000	6806.87600000	6858.19400000	6787.95600000	6841.99200000	6828.98600000	6880.05800000	6782.96600000	6830.33000000	6788.11600000	6847.56800000	6806.40496000	6861.51040000
2879798994.97487450	6775.34400000	6830.61000000	6765.45600000	6821.72800000	6747.56600000	6802.30600000	6757.63400000	6806.29000000	6773.94200000	6822.28800000	6822.07400000	6871.44600000	6807.24600000	6861.76800000	6826.67200000	6881.85400000	6830.04600000	6885.46800000	6873.79600000	6925.69600000	6814.52400000	6875.09200000	6855.63200000	6902.08400000	6831.59800000	6883.19400000	6920.05400000	6971.68200000	6839.27800000	6891.06000000	6812.24200000	6862.86800000	6815.75400000	6865.72800000	6802.26600000	6863.36800000	6810.99800000	6869.43800000	6838.15800000	6893.24400000	6782.46000000	6841.33800000	6809.09600000	6862.03000000	6790.18400000	6845.69200000	6785.18800000	6842.69000000	6814.75000000	6873.82600000	6812.07832000	6866.11152000
2880301507.53768826	6797.55600000	6843.00800000	6780.87000000	6820.36400000	6756.99600000	6805.45800000	6771.49600000	6821.41600000	6815.49000000	6865.28200000	6845.84600000	6891.56000000	6821.73800000	6869.69200000	6822.91600000	6871.34200000	6853.41000000	6904.39600000	6823.42800000	6874.18400000	6831.11400000	6883.23000000	6848.88600000	6904.11800000	6848.43200000	6894.59600000	6896.70200000	6948.08600000	6858.07200000	6912.66400000	6825.16400000	6880.61000000	6819.97800000	6874.03600000	6866.49200000	6915.11400000	6805.39400000	6857.48400000	6809.32800000	6854.81000000	6808.21400000	6858.52000000	6793.07600000	6843.30000000	6780.45800000	6829.29800000	6811.92200000	6857.22200000	6808.48800000	6859.47800000	6820.05864000	6869.57072000
2880804020.10050249	6799.12600000	6838.69000000	6775.08400000	6821.62400000	6755.45000000	6799.51000000	6776.78800000	6811.50000000	6832.30200000	6877.52600000	6853.72400000	6904.77800000	6813.77200000	6857.88800000	6831.43200000	6874.90800000	6851.61600000	6898.43400000	6834.39800000	6877.13600000	6835.09400000	6876.51800000	6857.66800000	6910.94000000	6854.00600000	6906.87400000	6870.03800000	6915.28200000	6842.08800000	6887.20600000	6824.03200000	6865.42200000	6826.07200000	6875.34400000	6839.47400000	6894.22200000	6824.26600000	6870.74600000	6829.26000000	6878.06400000	6811.34600000	6856.59200000	6808.75200000	6846.42400000	6781.99000000	6817.19800000	6788.47800000	6822.06400000	6809.57000000	6841.72000000	6821.03304000	6865.06440000
2881306532.66331673	6741.74000000	6784.89200000	6788.61600000	6831.25200000	6778.48000000	6833.98000000	6782.31400000	6828.03200000	6779.89000000	6821.48600000	6847.91600000	6898.80000000	6831.70400000	6860.61200000	6833.25600000	6879.83400000	6808.04200000	6853.94000000	6865.41800000	6904.52000000	6840.26200000	6887.28600000	6892.38800000	6933.83400000	6865.40400000	6910.73600000	6953.24800000	6999.14800000	6862.21400000	6911.73400000	6830.20200000	6882.63600000	6797.99000000	6839.68000000	6800.86200000	6852.16600000	6810.26200000	6851.30400000	6837.70200000	6885.39000000	6814.24800000	6860.67200000	6806.87400000	6859.49000000	6810.04000000	6857.20800000	6817.81600000	6866.24200000	6830.33600000	6875.14800000	6825.08896000	6870.80088000
2881809045.22613049	6762.07800000	6798.51800000	6805.24400000	6840.14000000	6803.30800000	6836.37600000	6794.76600000	6839.57000000	6771.19800000	6812.99400000	6830.42200000	6875.37200000	6814.39800000	6858.58200000	6830.66400000	6867.61400000	6813.47200000	6856.30400000	6845.77800000	6886.95400000	6857.69600000	6892.93400000	6857.43800000	6897.24400000	6837.07400000	6872.70600000	6869.07400000	6908.36400000	6874.46600000	6918.04600000	6846.02600000	6883.82200000	6823.93000000	6868.23600000	6844.28000000	6873.71800000	6836.51200000	6878.94800000	6834.63600000	6871.08600000	6809.93800000	6850.98800000	6809.43000000	6842.19800000	6833.47400000	6871.13600000	6798.17000000	6834.82400000	6816.06800000	6849.86600000	6824.78160000	6863.46160000
2882311557.78894472	6814.57600000	6846.96000000	6785.93400000	6820.16800000	6753.75800000	6787.54400000	6793.92200000	6827.06200000	6839.89000000	6868.35400000	6851.20200000	6883.91600000	6827.11200000	6861.04000000	6843.32800000	6881.65000000	6850.09000000	6879.84200000	6844.27800000	6888.55000000	6895.09800000	6934.10000000	6844.48200000	6878.51600000	6854.11800000	6890.02800000	6912.65200000	6943.80800000	6851.41200000	6886.21400000	6862.31600000	6888.23400000	6819.19600000	6853.71800000	6827.31800000	6859.45800000	6848.76200000	6879.78200000	6810.38800000	6844.43200000	6812.85800000	6845.70800000	6817.84000000	6844.60800000	6797.54000000	6832.90000000	6821.02600000	6857.63800000	6874.26400000	6909.86200000	6834.13440000	6867.76368000
2882814070.35175896	6808.21400000	6831.72200000	6785.89800000	6817.17800000	6759.44800000	6785.77800000	6769.01200000	6800.28800000	6850.81800000	6880.69800000	6862.98200000	6895.28000000	6837.59800000	6868.14400000	6831.22600000	6858.90800000	6840.73400000	6875.18600000	6837.19000000	6868.24600000	6841.23200000	6871.96400000	6878.58800000	6902.69000000	6859.44000000	6891.33400000	6931.27400000	6967.77200000	6879.19200000	6915.48600000	6862.45000000	6882.63600000	6827.30400000	6856.12200000	6833.97800000	6856.49200000	6842.20200000	6865.77600000	6828.75000000	6865.40800000	6822.38600000	6851.91200000	6844.14600000	6878.49200000	6802.76000000	6836.99000000	6838.02200000	6858.95000000	6846.79200000	6874.74400000	6836.86544000	6866.32784000
2883316582.91457272	6746.31400000	6768.45200000	6825.26800000	6852.35800000	6814.18200000	6838.32600000	6766.54800000	6796.77200000	6792.89800000	6822.41800000	6834.29000000	6862.10800000	6849.79800000	6869.36600000	6815.34200000	6845.51400000	6842.99000000	6863.00600000	6863.52000000	6887.84200000	6899.00600000	6923.01600000	6880.89800000	6918.47800000	6841.27800000	6866.36200000	6850.12200000	6874.26800000	6892.16000000	6922.47800000	6839.08800000	6872.37000000	6854.35000000	6887.67000000	6818.93000000	6851.78200000	6825.34800000	6848.82200000	6863.67000000	6886.84600000	6832.46200000	6858.30800000	6829.13400000	6867.86400000	6850.84800000	6872.98200000	6837.75600000	6862.27600000	6812.96200000	6836.85200000	6835.16648000	6862.26144000
2883819095.47738695	6773.24400000	6795.60200000	6814.15200000	6837.48800000	6805.86800000	6829.57600000	6788.69200000	6821.30000000	6783.22800000	6809.21600000	6854.57600000	6880.37400000	6836.12600000	6852.73200000	6841.54200000	6861.58600000	6839.34800000	6854.57600000	6856.73600000	6880.00000000	6861.14000000	6883.01200000	6884.22000000	6902.79800000	6850.65400000	6869.12800000	6907.31600000	6939.77000000	6924.50400000	6941.47600000	6852.15600000	6876.83800000	6829.64400000	6858.10600000	6835.47000000	6868.47400000	6841.32600000	6858.94200000	6866.22600000	6882.70000000	6847.76000000	6868.42400000	6854.76800000	6871.83000000	6839.90400000	6858.75200000	6798.65600000	6815.99000000	6825.14200000	6848.26000000	6840.49592000	6862.67800000
2884321608.04020119	6779.37600000	6794.46200000	6809.43600000	6826.61600000	6807.36800000	6824.40000000	6795.20800000	6817.12000000	6801.76200000	6820.92600000	6838.10400000	6860.32600000	6846.95600000	6865.87400000	6864.05200000	6879.61000000	6840.72600000	6858.32000000	6878.93800000	6894.15000000	6871.99000000	6894.01400000	6869.92200000	6895.31000000	6877.30400000	6894.65600000	6923.17200000	6937.89600000	6901.19600000	6921.47400000	6882.09600000	6904.27400000	6833.86600000	6851.30000000	6819.14600000	6841.15200000	6830.38600000	6845.33600000	6877.82000000	6892.89400000	6833.23000000	6856.67800000	6844.43400000	6866.26200000	6826.91400000	6851.79600000	6823.30800000	6844.75000000	6835.56800000	6858.68000000	6844.49112000	6863.93104000
2884824120.60301495	6816.11600000	6848.02600000	6783.70600000	6807.57000000	6772.33000000	6784.37000000	6792.63000000	6810.48400000	6828.40200000	6845.98800000	6869.66400000	6890.61000000	6844.60400000	6858.14200000	6860.38600000	6876.62400000	6868.62200000	6888.49800000	6922.28600000	6935.77600000	6859.20400000	6886.08200000	6891.11800000	6909.10600000	6851.29600000	6867.66800000	6932.85200000	6949.38400000	6874.25800000	6892.93600000	6839.23000000	6856.30000000	6852.01000000	6873.36800000	6859.38800000	6872.51400000	6834.01600000	6854.11600000	6900.53600000	6922.51400000	6852.51000000	6874.86600000	6838.98400000	6861.46000000	6823.90600000	6845.16000000	6826.29400000	6848.69600000	6865.67400000	6883.83800000	6850.40088000	6869.76384000
2885326633.16582918	6823.97600000	6841.92600000	6787.48600000	6812.15400000	6779.56000000	6787.21400000	6799.80600000	6815.45000000	6846.93600000	6860.10200000	6884.26200000	6894.02800000	6853.05000000	6868.18600000	6860.26200000	6872.11200000	6872.32600000	6892.13600000	6849.85200000	6863.55800000	6872.39800000	6890.58200000	6877.98800000	6890.04000000	6871.20400000	6884.43000000	6942.20400000	6961.07200000	6891.70600000	6900.87000000	6860.46600000	6872.97800000	6847.54400000	6865.42600000	6875.76200000	6889.56600000	6845.11600000	6861.78000000	6831.66600000	6846.95000000	6842.59800000	6858.72800000	6821.66200000	6833.23600000	6812.59200000	6825.87000000	6834.79000000	6846.67000000	6832.36600000	6850.85000000	6848.70312000	6863.43656000
2885829145.72864342	6825.79400000	6845.74800000	6792.20800000	6807.65000000	6773.48800000	6788.19400000	6794.87800000	6803.65800000	6839.92000000	6851.56000000	6876.69400000	6891.65000000	6841.68800000	6859.91000000	6877.32400000	6886.45600000	6882.59600000	6893.41200000	6917.81400000	6928.15600000	6874.26600000	6891.94800000	6894.21000000	6908.66200000	6843.24600000	6854.49800000	6921.16800000	6934.35800000	6872.50200000	6886.22000000	6848.56400000	6864.69800000	6854.25200000	6881.97800000	6858.80400000	6877.71600000	6822.79200000	6839.74000000	6894.96600000	6909.50400000	6854.83200000	6868.79000000	6851.84200000	6866.97400000	6827.30000000	6840.99600000	6823.49200000	6838.45800000	6860.92000000	6881.05200000	6853.02240000	6868.07944000
2886331658.29145718	6764.83800000	6778.83400000	6830.48000000	6839.98800000	6822.97400000	6835.17200000	6794.86000000	6803.05400000	6799.44600000	6806.38400000	6864.74000000	6873.06600000	6856.15400000	6865.26400000	6828.73000000	6843.63200000	6866.45600000	6880.15000000	6876.00600000	6887.60800000	6879.94600000	6891.04400000	6899.83000000	6925.19600000	6866.82800000	6878.83400000	6862.04600000	6877.06200000	6934.74600000	6934.99600000	6871.30800000	6876.39800000	6864.06600000	6881.01400000	6843.05800000	6859.82200000	6836.73000000	6854.86200000	6857.77800000	6870.56200000	6862.38200000	6871.46800000	6841.92600000	6850.66600000	6859.99000000	6872.78800000	6847.09400000	6856.85600000	6842.49400000	6842.37000000	6850.99624000	6862.28360000
2886834170.85427141	6779.43800000	6791.97200000	6823.35200000	6832.27800000	6827.84800000	6833.76400000	6810.15800000	6820.74600000	6818.11600000	6826.99800000	6874.65400000	6884.16600000	6863.93000000	6877.74800000	6882.79400000	6890.95200000	6839.06400000	6849.70200000	6889.38600000	6904.69400000	6870.26600000	6876.11600000	6916.59000000	6921.76800000	6891.28200000	6894.31000000	6988.12600000	6996.73000000	6883.10800000	6904.08800000	6861.95800000	6867.42800000	6825.62200000	6834.07200000	6834.44600000	6838.54400000	6842.59200000	6852.58000000	6863.43200000	6878.80600000	6863.24600000	6869.60000000	6848.89000000	6854.37400000	6844.40200000	6851.72000000	6843.96200000	6856.61200000	6860.48000000	6869.10400000	6857.88568000	6867.15488000
2887336683.41708565	6791.93200000	6798.86000000	6844.27400000	6854.37000000	6821.57800000	6832.67800000	6833.84200000	6836.02800000	6800.98400000	6807.34600000	6867.95200000	6871.26000000	6855.24000000	6864.20400000	6853.52200000	6861.63200000	6873.43800000	6878.48200000	6884.75400000	6892.08000000	6907.19000000	6911.18600000	6880.81200000	6883.65000000	6876.06800000	6885.49200000	6888.42000000	6892.61000000	6899.72800000	6907.76200000	6865.66400000	6865.27200000	6865.23800000	6877.71800000	6905.05200000	6905.39000000	6851.94200000	6864.65600000	6865.11800000	6874.53200000	6850.83200000	6854.65800000	6839.40400000	6843.02000000	6867.20400000	6873.38800000	6829.92000000	6839.62400000	6859.13400000	6858.07200000	6859.16968000	6865.35880000
2887839195.97989941	6786.23800000	6788.78800000	6829.38400000	6832.10400000	6823.96000000	6827.52200000	6815.69800000	6818.19400000	6828.17800000	6830.57600000	6887.86800000	6894.43000000	6870.16600000	6876.73800000	6883.23000000	6891.76800000	6829.65400000	6838.94800000	6904.25400000	6902.45000000	6880.26800000	6880.08000000	6925.68400000	6932.55800000	6889.99600000	6896.65600000	6991.75000000	6995.34200000	6893.13200000	6892.66800000	6866.75800000	6879.21600000	6820.90200000	6829.49000000	6831.46800000	6834.30600000	6846.16000000	6846.64000000	6869.05400000	6878.51400000	6861.08800000	6874.34800000	6847.61400000	6855.63200000	6854.62000000	6853.17200000	6847.60600000	6850.61600000	6856.76200000	6863.37800000	6861.65968000	6866.56536000
2888341708.54271364	6835.46800000	6843.10400000	6806.05400000	6810.79400000	6784.54600000	6792.23000000	6811.50600000	6817.36600000	6858.62200000	6862.78600000	6888.44800000	6892.60800000	6855.49000000	6863.00400000	6863.83200000	6864.08000000	6880.83400000	6886.05000000	6857.26800000	6865.94000000	6874.57400000	6888.15800000	6875.56600000	6885.33200000	6880.73400000	6895.19200000	6980.48200000	6978.82000000	6896.73200000	6905.27800000	6879.16000000	6888.75800000	6861.49400000	6866.05800000	6881.67000000	6882.84800000	6849.50000000	6859.08000000	6847.21400000	6853.20000000	6849.07600000	6853.19200000	6836.36000000	6842.37600000	6837.02800000	6843.86200000	6848.88600000	6849.10800000	6846.62200000	6857.91800000	6859.48664000	6865.88568000
2888844221.10552788	6797.59200000	6797.54000000	6840.61800000	6843.48800000	6821.91200000	6825.45600000	6842.77600000	6845.06000000	6797.48600000	6798.42600000	6860.76600000	6874.08000000	6857.16200000	6849.82800000	6863.50600000	6864.30000000	6884.18000000	6885.12400000	6897.78400000	6901.52400000	6919.20400000	6921.00000000	6884.21400000	6885.30600000	6875.07600000	6881.04400000	6904.52200000	6904.45600000	6910.87200000	6906.40600000	6882.15800000	6881.54600000	6871.00800000	6873.51000000	6909.66600000	6908.46800000	6861.60800000	6871.97800000	6871.62600000	6871.40400000	6857.54600000	6855.97000000	6840.22800000	6840.20800000	6868.48600000	6875.21400000	6833.90600000	6838.18000000	6853.51800000	6857.91800000	6864.29680000	6866.29736000
2889346733.66834164	6828.28800000	6829.78600000	6808.03600000	6806.09400000	6789.79800000	6797.52600000	6809.74200000	6818.08200000	6848.25600000	6855.05400000	6873.44400000	6875.62000000	6865.26800000	6872.19600000	6855.87800000	6864.95400000	6889.32000000	6883.05000000	6929.15000000	6929.73400000	6865.24800000	6870.05800000	6910.72800000	6909.17200000	6879.32400000	6873.08000000	6949.60600000	6947.75200000	6880.30200000	6884.23400000	6876.43200000	6874.55400000	6849.21400000	6855.88800000	6845.24000000	6848.85000000	6847.75600000	6848.53200000	6904.24000000	6901.42200000	6865.13400000	6871.80600000	6849.91800000	6847.95800000	6826.99400000	6833.62400000	6847.79200000	6852.94000000	6895.67600000	6900.27400000	6863.63136000	6866.08960000
2889849246.23115587	6787.71400000	6785.86800000	6823.80800000	6824.05200000	6821.14800000	6822.33000000	6801.79400000	6801.99200000	6831.30000000	6830.48000000	6859.71200000	6864.12200000	6864.43200000	6864.49400000	6875.37000000	6876.75800000	6848.51400000	6852.29600000	6893.04200000	6894.06000000	6878.54400000	6878.90200000	6903.09400000	6906.76200000	6917.22400000	6913.84000000	6934.62800000	6945.89000000	6922.86200000	6929.49600000	6899.98200000	6898.78000000	6854.30000000	6843.86600000	6836.89000000	6842.37400000	6854.98800000	6858.54600000	6895.34400000	6891.83200000	6860.46400000	6863.60200000	6855.67200000	6856.22400000	6855.68400000	6855.46000000	6847.16400000	6845.29800000	6839.31000000	6844.72000000	6862.51936000	6863.68176000
2890351758.79396963	6791.89000000	6792.76600000	6837.31200000	6832.61600000	6831.03400000	6825.49000000	6799.44400000	6801.94600000	6828.47000000	6825.27200000	6868.24400000	6869.72200000	6868.99200000	6863.06200000	6864.63400000	6864.17000000	6853.58600000	6862.44400000	6914.25800000	6912.65200000	6895.62000000	6896.20000000	6908.78000000	6904.92200000	6923.41000000	6915.52000000	6943.80600000	6945.23200000	6915.37400000	6917.61200000	6906.35800000	6902.21200000	6842.97400000	6845.91800000	6829.67600000	6831.61800000	6867.03600000	6861.12800000	6895.96200000	6893.82800000	6852.27600000	6850.48000000	6852.04600000	6847.92600000	6858.32600000	6854.87200000	6841.66800000	6841.56200000	6847.71200000	6845.00600000	6865.55552000	6864.16704000
2890854271.35678387	6803.41000000	6797.56800000	6835.17000000	6833.78800000	6834.45000000	6829.38600000	6814.50600000	6818.40600000	6828.00000000	6817.23400000	6894.42600000	6888.92200000	6869.36800000	6871.55000000	6881.27800000	6889.16600000	6867.47200000	6863.38600000	6900.63200000	6894.64200000	6872.06000000	6879.95800000	6911.62200000	6912.38200000	6902.46400000	6893.98800000	7003.31400000	7000.65800000	6895.80000000	6889.87800000	6866.06800000	6868.24400000	6827.39200000	6827.67400000	6841.11800000	6843.48400000	6870.20400000	6864.89200000	6876.18200000	6879.03600000	6857.47600000	6856.70000000	6869.23000000	6870.21400000	6848.15600000	6845.20400000	6852.62200000	6843.48600000	6869.46400000	6861.59000000	6867.67536000	6865.65744000
2891356783.91959810	6841.35800000	6845.43000000	6810.00000000	6802.02400000	6772.85000000	6775.57800000	6818.98000000	6818.36400000	6869.76600000	6868.17800000	6908.81600000	6912.23400000	6853.74600000	6859.05000000	6883.47400000	6886.09200000	6899.38400000	6897.54400000	6886.13600000	6880.73200000	6869.23400000	6867.31600000	6923.07400000	6927.79000000	6871.29800000	6879.08600000	6936.21000000	6937.09200000	6930.17800000	6925.51000000	6865.59600000	6860.80400000	6889.29000000	6894.13000000	6899.69400000	6893.94400000	6856.85200000	6857.39000000	6886.10400000	6882.09000000	6858.33800000	6856.42000000	6859.49800000	6866.58400000	6838.94000000	6836.07000000	6836.59800000	6839.63800000	6866.04200000	6871.02800000	6869.25824000	6869.60472000
2891859296.48241186	6856.51200000	6854.54600000	6830.02400000	6824.76000000	6797.21400000	6797.32000000	6825.54000000	6817.54000000	6865.19200000	6861.05200000	6884.03400000	6881.85400000	6863.19000000	6864.26400000	6876.23600000	6877.81000000	6883.56400000	6872.89400000	6880.33800000	6876.33800000	6929.00200000	6919.77800000	6881.55800000	6883.21200000	6888.07400000	6894.72800000	6936.99600000	6933.42000000	6896.26000000	6897.36800000	6893.01000000	6885.16000000	6858.43400000	6860.45000000	6858.65800000	6857.73600000	6883.96400000	6880.49200000	6837.04000000	6836.49200000	6853.45600000	6853.64800000	6860.72200000	6849.52800000	6841.67000000	6839.43800000	6857.96000000	6863.27600000	6915.95200000	6908.62000000	6870.18400000	6867.66896000
2892361809.04522610	6836.17200000	6826.79600000	6825.09200000	6822.21000000	6818.03200000	6821.01200000	6814.51200000	6812.28800000	6831.04000000	6825.74000000	6883.82400000	6878.58400000	6859.44400000	6861.55800000	6883.55400000	6869.61600000	6891.16600000	6883.72400000	6921.06000000	6919.93200000	6882.38000000	6881.33200000	6905.00800000	6913.87800000	6883.23600000	6879.64000000	6951.42800000	6947.46600000	6898.30000000	6897.96200000	6871.16800000	6866.21000000	6866.82600000	6866.16000000	6843.29000000	6835.98400000	6873.51200000	6868.28000000	6892.49400000	6888.95600000	6843.44200000	6843.56400000	6861.61400000	6856.94400000	6848.95200000	6838.28400000	6851.00000000	6847.27000000	6891.62800000	6880.85400000	6869.12696000	6865.36976000
2892864321.60804033	6802.15800000	6794.42200000	6837.17600000	6838.90400000	6820.77200000	6819.36600000	6824.95400000	6823.75200000	6831.70600000	6827.22400000	6875.36400000	6875.27200000	6874.95200000	6878.01000000	6865.67200000	6863.11800000	6868.45600000	6862.28800000	6878.60000000	6880.06200000	6886.77400000	6886.57600000	6915.57200000	6919.56200000	6876.33400000	6867.62200000	6925.42600000	6916.45400000	6941.90400000	6936.46000000	6882.59200000	6883.36800000	6861.00400000	6857.22400000	6865.17200000	6860.01600000	6856.30200000	6852.88800000	6884.46800000	6876.97400000	6873.08600000	6864.95200000	6866.46600000	6862.79600000	6866.31800000	6861.00400000	6813.34400000	6813.37800000	6858.02200000	6851.53000000	6866.10376000	6862.92888000
2893366834.17085409	6851.64800000	6851.99800000	6817.90200000	6819.53200000	6796.03600000	6794.81800000	6817.98200000	6812.40200000	6871.72000000	6870.54400000	6890.66600000	6886.72200000	6875.69200000	6866.91600000	6885.21800000	6877.09200000	6919.84600000	6917.57400000	6880.27600000	6881.38200000	6871.35600000	6871.47800000	6901.89600000	6899.65800000	6906.06400000	6903.11200000	6945.58400000	6936.34800000	6902.28200000	6891.58800000	6870.51600000	6875.44000000	6884.96000000	6885.02000000	6903.99800000	6900.47800000	6854.67200000	6855.03400000	6877.72800000	6870.93800000	6860.75200000	6858.56600000	6846.47800000	6855.80800000	6819.90400000	6826.49400000	6845.62000000	6838.35200000	6859.82200000	6864.14200000	6870.34472000	6868.45744000
2893869346.73366833	6801.32800000	6797.81800000	6848.78400000	6844.81000000	6842.59600000	6833.49800000	6848.51800000	6846.82400000	6807.62800000	6807.53400000	6866.64000000	6866.07600000	6864.67200000	6862.07600000	6870.15600000	6867.52400000	6889.53000000	6879.85400000	6887.38200000	6889.23200000	6920.96600000	6904.96000000	6900.12200000	6895.06600000	6878.03600000	6877.74800000	6916.94000000	6911.80800000	6917.97000000	6911.11400000	6871.65200000	6876.77400000	6874.53000000	6872.80000000	6903.62000000	6892.00000000	6873.40400000	6869.91600000	6875.67600000	6874.20600000	6864.69400000	6856.00400000	6846.27600000	6844.88800000	6877.75600000	6870.01200000	6833.97200000	6833.94400000	6864.83200000	6859.56000000	6869.90720000	6865.84184000
2894371859.29648256	6773.34200000	6775.17600000	6845.87400000	6841.36400000	6842.11000000	6840.35200000	6795.43000000	6796.30000000	6810.85000000	6812.36400000	6864.37400000	6857.87200000	6876.29400000	6865.68400000	6844.84800000	6841.87600000	6870.98800000	6866.76600000	6900.54000000	6896.77600000	6911.94400000	6910.90200000	6917.20000000	6909.77200000	6889.59000000	6889.71800000	6890.10800000	6886.49600000	6933.28400000	6930.24000000	6890.84600000	6881.48200000	6894.21800000	6884.64800000	6862.84200000	6865.75800000	6867.93200000	6864.84600000	6890.80800000	6885.50000000	6860.45200000	6859.72800000	6858.34600000	6855.70800000	6877.52600000	6875.19000000	6856.60000000	6851.44800000	6851.02200000	6850.83200000	6867.09472000	6863.87192000
2894874371.85929632	6817.92400000	6809.85800000	6825.77400000	6822.42200000	6828.07800000	6825.67600000	6818.36400000	6813.02600000	6828.05400000	6817.81800000	6876.08000000	6875.04800000	6872.56800000	6862.75200000	6889.00800000	6883.14400000	6873.41600000	6872.37600000	6901.44000000	6893.01400000	6883.20600000	6868.54000000	6930.23800000	6923.98800000	6894.60400000	6888.45800000	7004.71200000	6999.72400000	6901.32400000	6895.41000000	6854.38400000	6845.75800000	6831.83400000	6829.39800000	6859.44200000	6858.21400000	6869.35800000	6864.91600000	6872.27800000	6873.08400000	6855.83000000	6852.21600000	6868.89200000	6864.87200000	6851.85800000	6846.21000000	6847.05200000	6844.39200000	6868.61000000	6868.96000000	6868.97312000	6863.97096000
2895376884.42211056	6827.28600000	6818.35400000	6827.63800000	6824.42400000	6835.03200000	6822.49400000	6822.90000000	6810.09600000	6828.70600000	6827.66400000	6882.49000000	6875.97200000	6863.51800000	6855.10200000	6888.89200000	6882.56800000	6878.04000000	6867.91000000	6917.61600000	6916.03000000	6891.83600000	6889.76000000	6933.77800000	6924.67800000	6898.21000000	6887.78000000	6994.59200000	6995.27800000	6909.45800000	6904.08400000	6861.64000000	6856.81200000	6836.24800000	6823.81400000	6864.83000000	6862.43600000	6864.00800000	6864.04800000	6895.41000000	6878.13000000	6848.24400000	6839.69200000	6867.64800000	6858.53000000	6869.01400000	6856.72600000	6852.54000000	6844.97800000	6885.92600000	6876.79800000	6873.82000000	6866.56632000
2895879396.98492479	6867.05800000	6861.48400000	6821.90400000	6818.73200000	6799.17400000	6793.56800000	6824.94400000	6817.25200000	6878.48600000	6872.64000000	6893.16600000	6883.03000000	6877.84200000	6872.29000000	6888.06400000	6883.55000000	6885.65600000	6879.48800000	6878.16200000	6872.16800000	6928.87800000	6915.94000000	6905.42200000	6899.98600000	6895.38400000	6895.22000000	6953.16400000	6947.97800000	6929.86800000	6932.92400000	6899.67200000	6894.25200000	6861.61800000	6851.59000000	6863.89200000	6858.64800000	6877.94600000	6876.79000000	6833.61000000	6825.08200000	6852.24200000	6853.55400000	6875.79000000	6872.27600000	6838.68000000	6823.94800000	6861.00000000	6854.58000000	6903.85000000	6898.26400000	6875.81888000	6870.20936000
2896381909.54773855	6874.74200000	6860.25600000	6829.83000000	6818.76400000	6805.18800000	6795.50200000	6817.77400000	6812.70000000	6879.70400000	6878.72400000	6889.15800000	6882.82400000	6876.86200000	6868.34400000	6889.46600000	6879.02000000	6880.39600000	6876.55800000	6880.21000000	6876.08400000	6934.38800000	6921.51800000	6902.16800000	6884.44600000	6893.05800000	6896.33000000	6946.51000000	6942.59000000	6912.20800000	6903.83000000	6895.00000000	6890.73600000	6855.13400000	6853.96600000	6864.71600000	6856.26000000	6885.57600000	6875.48600000	6843.51400000	6834.38600000	6859.46400000	6858.72600000	6866.34600000	6860.82000000	6829.91000000	6825.99000000	6867.33600000	6860.45800000	6906.42400000	6901.03200000	6875.40328000	6868.61400000
2896884422.11055279	6854.57400000	6855.94400000	6819.62400000	6816.10000000	6801.67400000	6797.73600000	6811.46600000	6811.26600000	6865.49600000	6856.67600000	6888.65800000	6889.46200000	6891.17400000	6887.75400000	6895.05800000	6892.82400000	6873.16800000	6865.51400000	6877.07000000	6866.42600000	6909.16800000	6899.64200000	6895.79800000	6894.46400000	6908.35200000	6899.26800000	6962.55200000	6952.62200000	6902.71800000	6898.18000000	6898.75400000	6889.98000000	6851.85200000	6853.60200000	6874.22400000	6861.63600000	6892.19400000	6884.06800000	6844.41400000	6837.48600000	6862.69800000	6861.07600000	6890.87000000	6881.88800000	6832.77400000	6838.24600000	6879.82800000	6874.34400000	6902.53200000	6900.43800000	6875.46760000	6870.66568000
2897386934.67336702	6799.68000000	6790.66600000	6851.83800000	6844.34200000	6842.72600000	6833.85200000	6849.05400000	6838.15600000	6822.78600000	6815.85600000	6875.24000000	6867.06400000	6866.98000000	6854.41200000	6877.29200000	6868.12000000	6875.02200000	6867.12000000	6892.50600000	6877.94600000	6929.73200000	6923.46800000	6904.76200000	6897.92600000	6888.26800000	6880.77000000	6925.62400000	6917.87400000	6923.50000000	6914.98000000	6880.71400000	6876.08600000	6881.15200000	6869.56800000	6905.61000000	6895.73400000	6875.96400000	6872.60400000	6886.46800000	6868.55000000	6864.97800000	6856.21400000	6851.39800000	6837.98800000	6881.32000000	6870.21200000	6838.89800000	6835.13200000	6866.11400000	6864.70600000	6874.30504000	6865.57384000
2897889447.23618078	6852.71800000	6851.14000000	6826.06200000	6819.20200000	6795.21000000	6788.33000000	6826.36200000	6817.37400000	6867.77600000	6862.01200000	6903.23400000	6902.21000000	6871.47200000	6866.95400000	6883.19600000	6879.40000000	6912.32400000	6901.97800000	6882.36400000	6869.31600000	6889.25600000	6877.44600000	6901.29000000	6897.03000000	6902.91800000	6887.01600000	6973.14400000	6958.54800000	6916.14800000	6906.91600000	6884.44000000	6882.49600000	6884.17000000	6875.15000000	6912.96000000	6897.01800000	6859.52000000	6853.88200000	6859.61800000	6851.79400000	6860.87800000	6858.42600000	6848.97800000	6847.36800000	6840.41000000	6834.49200000	6850.18600000	6849.31600000	6849.50800000	6855.06600000	6874.16568000	6867.59520000
2898391959.79899502	6841.07000000	6839.01000000	6821.25200000	6809.14200000	6797.56000000	6784.85000000	6823.14200000	6811.69600000	6876.71000000	6868.18200000	6885.51000000	6885.58400000	6870.39800000	6859.28200000	6876.98600000	6868.61200000	6887.04000000	6878.23400000	6874.70600000	6861.67000000	6892.74800000	6887.50800000	6896.18400000	6883.74400000	6890.71800000	6882.57000000	6956.23200000	6951.27800000	6920.05200000	6921.24800000	6900.03200000	6884.13000000	6866.72800000	6865.42600000	6881.84000000	6876.34800000	6872.00400000	6860.75000000	6868.99400000	6860.79600000	6852.45000000	6852.57800000	6874.71200000	6863.40600000	6851.83400000	6844.11000000	6869.02200000	6860.29400000	6860.44000000	6856.64800000	6872.33456000	6864.68384000
2898894472.36180925	6856.43600000	6845.94600000	6825.49800000	6820.97400000	6803.07000000	6790.74000000	6824.98400000	6816.48400000	6878.99000000	6875.32600000	6895.43600000	6892.26200000	6881.04600000	6867.81000000	6878.54800000	6874.28600000	6934.10400000	6919.21000000	6883.48400000	6877.92200000	6869.86600000	6861.64600000	6905.45000000	6896.08000000	6898.70200000	6896.23000000	6955.51000000	6941.76200000	6899.96600000	6886.95600000	6878.64000000	6867.37200000	6889.91400000	6881.31200000	6917.77400000	6906.48000000	6856.76600000	6858.20600000	6883.09400000	6881.53600000	6867.00600000	6861.92200000	6857.84200000	6848.49000000	6824.54200000	6823.32200000	6854.41200000	6837.18000000	6865.29800000	6863.33400000	6875.45512000	6867.71152000
2899396984.92462301	6812.96000000	6802.01800000	6848.34800000	6837.71000000	6827.79800000	6822.50800000	6822.65800000	6823.60800000	6839.18000000	6833.14800000	6892.74400000	6875.71400000	6872.10000000	6872.72600000	6872.95400000	6858.77800000	6864.56200000	6859.83000000	6895.62600000	6886.00000000	6903.97200000	6895.57600000	6921.91200000	6909.62800000	6878.15000000	6867.08000000	6935.11800000	6931.93800000	6953.14800000	6938.79200000	6885.85600000	6876.44000000	6866.23200000	6852.60200000	6870.98600000	6857.70600000	6857.01800000	6852.62800000	6890.32200000	6876.28400000	6874.95000000	6867.25200000	6868.14600000	6860.49200000	6875.48600000	6862.87200000	6826.59800000	6826.81200000	6855.75600000	6848.87400000	6872.50320000	6863.88064000
2899899497.48743725	6829.81600000	6817.09200000	6842.33800000	6833.03000000	6827.57600000	6826.36600000	6826.03400000	6811.68600000	6831.27400000	6825.27800000	6881.23800000	6874.32200000	6869.79000000	6858.24000000	6893.94200000	6888.20000000	6880.17000000	6877.38000000	6906.61000000	6896.87200000	6895.07200000	6876.15200000	6937.49400000	6932.91800000	6910.56400000	6898.42400000	7012.73600000	7002.90400000	6917.70400000	6904.05400000	6861.22600000	6848.46800000	6842.58800000	6827.74200000	6874.08000000	6862.88600000	6873.43400000	6868.13800000	6879.42000000	6872.97600000	6864.10200000	6855.21600000	6878.14800000	6863.40200000	6859.15400000	6855.49400000	6847.11400000	6836.15800000	6886.59200000	6874.05400000	6877.12864000	6867.49808000
2900402010.05025148	6808.14600000	6800.53200000	6854.56000000	6842.75000000	6853.04000000	6838.36800000	6845.36800000	6835.23200000	6824.80800000	6819.68000000	6884.63000000	6875.94000000	6868.29200000	6857.30200000	6871.94400000	6859.96000000	6870.62000000	6863.23200000	6885.78200000	6877.39400000	6920.46200000	6911.32400000	6907.01200000	6898.47200000	6881.45800000	6880.94800000	6921.97800000	6913.96200000	6918.44800000	6914.16000000	6887.84600000	6877.08800000	6887.84800000	6874.69000000	6900.33600000	6892.00400000	6882.93400000	6875.64200000	6885.63600000	6874.79000000	6871.36200000	6868.15000000	6850.07200000	6847.51800000	6883.10800000	6863.85200000	6841.70200000	6830.31800000	6858.16400000	6843.00200000	6874.62224000	6865.45240000
2900904522.61306524	6791.03000000	6784.06600000	6863.10200000	6851.14600000	6836.29400000	6829.99000000	6803.33800000	6790.71400000	6812.28200000	6807.23600000	6873.11400000	6864.31400000	6876.99000000	6874.00400000	6881.54000000	6869.23400000	6879.21200000	6876.35000000	6884.82800000	6864.87800000	6913.96200000	6902.17600000	6922.04000000	6912.89800000	6884.64600000	6875.06800000	6884.64800000	6871.31200000	6930.58800000	6924.24400000	6884.90200000	6871.33200000	6896.28000000	6883.78000000	6865.24800000	6846.27000000	6857.95400000	6847.60000000	6895.97200000	6886.97600000	6856.63400000	6861.57000000	6862.01400000	6855.84000000	6861.83400000	6863.21400000	6857.03800000	6844.22200000	6870.07600000	6860.20400000	6869.82264000	6860.74552000
2901407035.17587948	6814.03200000	6804.19600000	6849.66000000	6842.67400000	6841.26400000	6826.64800000	6838.69800000	6828.11600000	6823.60600000	6813.06800000	6873.61400000	6871.76800000	6864.27600000	6854.35000000	6884.67000000	6876.29800000	6868.95400000	6858.89800000	6897.33200000	6894.40400000	6909.72600000	6896.70800000	6913.71600000	6909.50800000	6879.76800000	6876.96800000	6944.55400000	6931.80000000	6942.28200000	6932.51000000	6884.03200000	6872.38800000	6869.04800000	6859.83200000	6868.58400000	6854.17200000	6873.71000000	6862.92600000	6884.72800000	6871.49400000	6865.72800000	6856.08600000	6869.16000000	6862.08800000	6869.05200000	6862.09200000	6839.46400000	6828.61200000	6867.43400000	6854.16200000	6873.48368000	6864.07064000
2901909547.73869324	6844.31200000	6839.27600000	6820.70600000	6807.35200000	6799.07200000	6796.99200000	6822.90000000	6812.20000000	6867.02000000	6845.69400000	6903.37800000	6895.57600000	6871.65200000	6856.52800000	6893.48000000	6882.42600000	6913.72800000	6900.99800000	6893.09600000	6888.69400000	6879.41800000	6875.65600000	6923.73600000	6913.70800000	6878.87800000	6872.25000000	6935.65200000	6925.95600000	6944.11400000	6929.22000000	6887.83000000	6877.72400000	6878.88800000	6871.23800000	6901.99600000	6893.81800000	6871.37000000	6859.47600000	6886.90000000	6881.20400000	6859.64200000	6850.77200000	6865.70800000	6857.85000000	6847.73200000	6837.26000000	6850.86400000	6840.62000000	6881.12400000	6869.96200000	6876.92784000	6867.29800000
2902412060.30150747	6795.09000000	6791.45000000	6845.80200000	6837.29000000	6829.91200000	6829.93200000	6815.21000000	6800.74800000	6835.67600000	6822.36600000	6881.46400000	6870.10600000	6876.51400000	6859.58000000	6876.70400000	6865.71400000	6873.65000000	6868.87000000	6911.04200000	6899.72000000	6898.64200000	6890.13800000	6922.69800000	6906.77000000	6929.08200000	6923.33400000	6952.10400000	6940.14800000	6928.73400000	6924.98400000	6913.53600000	6903.57800000	6855.22400000	6842.82400000	6845.01200000	6838.83200000	6877.15200000	6860.98200000	6906.06400000	6901.93200000	6876.14200000	6857.07600000	6874.52400000	6859.75400000	6858.76400000	6853.03200000	6848.09400000	6844.02800000	6858.06800000	6843.09800000	6875.39616000	6865.45144000
2902914572.86432171	6829.01200000	6820.09000000	6835.69400000	6822.77400000	6826.64200000	6815.26200000	6826.67600000	6824.89800000	6833.14200000	6822.44600000	6887.80800000	6872.71400000	6874.68600000	6860.85400000	6904.40200000	6898.02400000	6890.02400000	6874.16800000	6924.99800000	6908.38800000	6904.18800000	6885.52200000	6931.61000000	6924.18000000	6910.14600000	6895.69400000	7026.57400000	7034.71000000	6911.45600000	6899.63400000	6872.38000000	6864.97200000	6844.49000000	6833.10200000	6870.39200000	6862.17600000	6884.57600000	6864.82400000	6885.79800000	6877.14000000	6862.71800000	6851.45800000	6876.60600000	6862.72400000	6865.65600000	6856.45000000	6848.09200000	6836.78000000	6897.20800000	6881.95200000	6880.99896000	6870.03744000
2903417085.42713547	6781.80200000	6773.18000000	6860.23600000	6855.35400000	6842.98400000	6835.01600000	6795.83600000	6788.77200000	6818.21200000	6806.47000000	6882.45000000	6874.48000000	6884.23600000	6873.14800000	6883.60000000	6867.10400000	6886.97000000	6873.11000000	6879.89200000	6864.61200000	6911.34600000	6900.59400000	6918.45400000	6910.00000000	6882.39600000	6873.49400000	6884.95000000	6872.64000000	6945.31000000	6934.81200000	6882.24800000	6874.84600000	6899.29600000	6891.61200000	6866.52200000	6857.85200000	6864.99000000	6857.87000000	6898.57000000	6891.16400000	6860.43600000	6859.26600000	6866.78600000	6857.93200000	6870.82200000	6858.05600000	6851.17400000	6847.15600000	6867.52800000	6856.45600000	6871.48184000	6862.19984000
2903919597.98994970	6807.02600000	6793.70000000	6840.44200000	6837.65400000	6825.63800000	6814.01400000	6815.09600000	6808.07600000	6827.24600000	6815.30800000	6885.55600000	6874.79400000	6877.65800000	6873.82800000	6874.11600000	6857.37800000	6875.19400000	6857.46200000	6902.61000000	6887.17200000	6914.83800000	6902.01400000	6925.65600000	6915.36400000	6908.26200000	6894.85400000	6941.91000000	6933.88200000	6959.55200000	6942.91800000	6904.23600000	6895.02400000	6861.96000000	6855.55200000	6852.12400000	6848.70400000	6856.45200000	6853.49200000	6894.54200000	6884.84400000	6873.61600000	6863.19600000	6869.20000000	6860.39600000	6871.67400000	6869.29600000	6839.25600000	6831.55000000	6849.01200000	6847.90200000	6874.11488000	6864.73496000
2904422110.55276394	6808.55600000	6796.63400000	6835.65000000	6822.18200000	6832.94600000	6820.68000000	6823.30200000	6809.67400000	6836.37400000	6826.40600000	6873.72000000	6863.95400000	6884.66600000	6869.95000000	6894.49400000	6877.21800000	6867.59000000	6848.77200000	6897.50400000	6887.26200000	6902.66800000	6886.28600000	6907.37600000	6897.24200000	6935.62000000	6926.82600000	6950.32000000	6937.94400000	6932.96800000	6921.74200000	6914.12800000	6907.41800000	6857.27800000	6841.34400000	6849.75200000	6834.83600000	6864.09600000	6848.02600000	6910.40400000	6902.55400000	6880.80400000	6864.51600000	6871.86800000	6861.56800000	6868.48000000	6855.00000000	6856.58600000	6848.58800000	6860.29200000	6848.26600000	6876.69768000	6864.19552000
2904924623.11557770	6782.13800000	6781.55000000	6880.77200000	6861.75600000	6846.03600000	6832.46200000	6798.68400000	6784.51600000	6822.54400000	6812.91000000	6890.76000000	6882.21400000	6891.79200000	6875.57400000	6876.64600000	6868.05400000	6874.98400000	6864.11600000	6887.96800000	6885.30800000	6908.70200000	6898.75200000	6927.65000000	6918.06600000	6882.34800000	6874.88000000	6881.98600000	6869.99200000	6922.22400000	6907.49200000	6884.13200000	6877.32000000	6902.99800000	6880.81800000	6853.18800000	6847.78400000	6860.29800000	6856.14200000	6899.93800000	6888.88800000	6857.65200000	6853.31000000	6851.41000000	6842.38200000	6865.83000000	6854.83600000	6845.54200000	6841.39800000	6865.69200000	6849.24000000	6870.47656000	6860.39040000
2905427135.67839193	6776.03000000	6767.61600000	6872.72400000	6859.61600000	6848.35800000	6834.50000000	6788.37800000	6781.97800000	6831.07000000	6827.78800000	6882.43200000	6872.08000000	6886.27800000	6872.48800000	6878.68600000	6865.88200000	6870.96600000	6854.50400000	6900.15800000	6889.44000000	6924.51000000	6905.35000000	6907.38400000	6893.98000000	6874.02000000	6861.82600000	6884.33000000	6883.91600000	6904.31400000	6900.40400000	6892.72200000	6877.18400000	6880.79200000	6869.80200000	6864.55600000	6853.60200000	6842.46600000	6836.05800000	6881.48600000	6870.55600000	6881.73400000	6869.91400000	6871.00600000	6855.09400000	6887.25800000	6872.14200000	6859.51200000	6855.40800000	6849.03400000	6840.67200000	6869.60816000	6858.87200000
2905929648.24120617	6794.36000000	6775.19600000	6864.12400000	6861.96200000	6848.00400000	6834.01600000	6813.90000000	6793.80000000	6830.80200000	6822.78400000	6872.06000000	6859.18600000	6884.86400000	6877.77800000	6857.56200000	6849.66800000	6881.30200000	6871.17200000	6904.11600000	6890.21200000	6942.00800000	6928.26800000	6923.95800000	6907.62400000	6881.67200000	6873.66200000	6880.36200000	6871.60200000	6933.72400000	6917.89200000	6881.48000000	6873.32200000	6899.77800000	6882.08400000	6861.79200000	6856.53600000	6862.78400000	6849.84200000	6898.84400000	6888.04200000	6870.39400000	6869.07000000	6863.68000000	6856.09400000	6884.99400000	6881.06000000	6872.39400000	6860.70600000	6847.02600000	6840.27400000	6874.23936000	6863.67408000
2906432160.80401993	6834.59800000	6827.32200000	6832.91400000	6823.23200000	6809.63600000	6794.62800000	6822.20200000	6809.05800000	6830.22400000	6818.06200000	6886.28600000	6876.92800000	6870.09600000	6863.89600000	6909.58000000	6888.91200000	6868.46400000	6861.33400000	6929.97200000	6915.78400000	6883.31400000	6879.13600000	6950.91600000	6934.22800000	6900.37600000	6892.00000000	6990.94000000	6982.51600000	6901.87000000	6899.12600000	6883.00000000	6872.22800000	6853.31400000	6843.20600000	6867.24200000	6854.11400000	6871.98200000	6859.17200000	6899.43600000	6890.15800000	6850.89000000	6841.74400000	6865.94400000	6863.60000000	6851.23800000	6844.60000000	6849.94800000	6839.04000000	6881.39800000	6867.25800000	6875.83120000	6865.65128000
2906934673.36683416	6863.12400000	6851.36200000	6828.71200000	6817.84800000	6806.47200000	6796.41800000	6824.47600000	6811.06200000	6879.32200000	6868.74800000	6885.42200000	6878.32600000	6903.79400000	6901.61400000	6893.27600000	6874.87600000	6872.70200000	6863.02400000	6886.73200000	6865.53000000	6904.95000000	6891.38400000	6915.64200000	6900.71400000	6921.48600000	6903.19000000	6949.64600000	6940.93800000	6906.35000000	6899.91000000	6906.76400000	6895.61000000	6858.94600000	6854.14600000	6858.88600000	6861.00000000	6890.76800000	6877.97800000	6861.98000000	6850.26000000	6861.10000000	6856.79000000	6886.77000000	6873.97200000	6839.31000000	6826.94200000	6890.01200000	6883.59800000	6884.94200000	6880.89400000	6879.26336000	6869.04536000
2907437185.92964840	6794.27600000	6789.08000000	6850.97000000	6841.85000000	6845.62000000	6836.88000000	6816.97800000	6804.90800000	6813.25200000	6804.76000000	6885.70400000	6876.80600000	6860.59800000	6846.39600000	6861.64200000	6844.36800000	6894.81800000	6876.29400000	6889.15600000	6875.01400000	6917.38800000	6902.64400000	6914.28000000	6913.97600000	6902.84200000	6892.06600000	6897.99200000	6887.37800000	6945.91400000	6928.46200000	6883.50600000	6879.53800000	6882.56800000	6880.70400000	6883.72600000	6877.90200000	6860.81000000	6847.62800000	6875.19200000	6870.51000000	6866.62200000	6860.40800000	6852.69000000	6850.20200000	6893.41800000	6887.22200000	6847.46000000	6841.14600000	6864.42600000	6858.27200000	6872.07392000	6862.97656000
2907939698.49246216	6778.67200000	6762.01600000	6868.18200000	6862.22400000	6841.92400000	6832.75800000	6796.88800000	6785.84000000	6830.62800000	6821.72400000	6876.90800000	6873.59400000	6896.14200000	6891.38800000	6886.15400000	6870.61200000	6872.21400000	6858.31600000	6888.63000000	6882.45200000	6907.62200000	6895.45400000	6908.86400000	6898.61000000	6877.76400000	6864.94800000	6893.67400000	6879.19000000	6906.18200000	6896.52200000	6897.12000000	6883.83600000	6890.05200000	6876.67400000	6867.89400000	6855.88200000	6852.76800000	6845.91000000	6889.22000000	6882.77400000	6876.73800000	6869.42400000	6860.52800000	6853.49600000	6885.12000000	6873.61200000	6857.54400000	6850.24800000	6851.67600000	6838.67200000	6870.36432000	6860.24704000
2908442211.05527639	6855.61400000	6849.55800000	6833.89200000	6822.14600000	6807.91200000	6796.63200000	6836.57400000	6820.41200000	6887.40200000	6869.20000000	6894.07800000	6881.34200000	6878.35200000	6863.35200000	6889.47200000	6876.69600000	6888.71400000	6877.39200000	6896.56600000	6882.23000000	6939.05200000	6924.18200000	6884.12800000	6872.83000000	6899.87800000	6895.78800000	6967.46000000	6955.01800000	6909.08000000	6899.22000000	6901.98600000	6894.97800000	6872.25200000	6862.82800000	6860.58400000	6852.85000000	6894.79800000	6880.81200000	6852.86800000	6843.98600000	6862.08000000	6848.77400000	6857.36000000	6844.61800000	6841.22000000	6831.08800000	6862.59600000	6855.26600000	6916.48800000	6910.28000000	6879.61624000	6868.45912000
2908944723.61809063	6793.07200000	6781.93200000	6851.41800000	6836.32600000	6837.12200000	6825.52600000	6831.06200000	6826.56600000	6824.76800000	6808.25200000	6872.12400000	6857.68000000	6862.62800000	6849.12800000	6850.88400000	6838.19800000	6892.72800000	6882.08200000	6904.67600000	6892.91800000	6921.49000000	6898.59400000	6905.80000000	6899.19400000	6906.21400000	6905.99200000	6894.10200000	6884.01800000	6931.33600000	6922.75600000	6888.55400000	6874.63400000	6882.99000000	6868.81600000	6906.16000000	6897.61800000	6873.67800000	6864.16200000	6882.65000000	6875.11400000	6864.15400000	6858.63000000	6848.24200000	6838.72800000	6887.15800000	6875.13000000	6846.58600000	6840.19600000	6854.12400000	6848.49600000	6872.54880000	6862.02744000
2909447236.18090439	6836.80200000	6826.69800000	6826.38600000	6809.61000000	6792.13800000	6780.76600000	6815.75600000	6805.14400000	6886.23400000	6872.80200000	6903.49200000	6895.47600000	6868.01600000	6851.65600000	6873.57600000	6864.83000000	6881.80600000	6875.75000000	6876.20200000	6864.63800000	6889.20000000	6874.53200000	6910.63400000	6902.32800000	6894.91200000	6885.59000000	6977.52000000	6964.69000000	6932.09200000	6912.14000000	6883.97400000	6870.48400000	6876.33600000	6865.05200000	6879.76400000	6867.80200000	6880.45400000	6868.63400000	6869.83400000	6864.86600000	6855.30800000	6847.16800000	6877.28400000	6868.81000000	6852.10600000	6832.62000000	6869.80600000	6862.25200000	6874.71000000	6867.88600000	6875.37368000	6864.08896000
2909949748.74371862	6801.35000000	6790.66000000	6843.45600000	6838.46400000	6830.84000000	6827.12200000	6820.71200000	6805.68000000	6839.76000000	6828.04000000	6896.73000000	6875.13000000	6883.52000000	6862.91000000	6879.95400000	6870.48400000	6878.40800000	6869.36600000	6905.94800000	6892.51600000	6905.18400000	6890.77800000	6932.49200000	6911.65200000	6933.67000000	6921.77600000	6951.40400000	6938.34200000	6942.57800000	6931.07600000	6906.57600000	6897.27200000	6863.98600000	6855.45200000	6857.75600000	6844.99400000	6870.06600000	6859.30600000	6902.39600000	6884.62800000	6876.58200000	6870.27600000	6866.20800000	6858.94800000	6869.31200000	6858.02400000	6845.76000000	6830.93400000	6861.06200000	6849.49200000	6878.62840000	6866.53288000
2910452261.30653286	6863.71000000	6851.82600000	6824.77000000	6814.06600000	6796.06200000	6781.37400000	6813.24000000	6803.89400000	6883.65600000	6867.25800000	6914.23800000	6898.20400000	6900.37200000	6891.48800000	6888.23800000	6875.23600000	6877.43800000	6865.84400000	6889.19400000	6870.58000000	6896.70600000	6890.99600000	6924.09800000	6909.14400000	6920.19600000	6899.69400000	6964.76200000	6952.67600000	6924.08400000	6908.00400000	6896.89600000	6888.70400000	6846.10600000	6833.40400000	6849.36800000	6847.77000000	6887.05200000	6879.78400000	6875.05200000	6866.32400000	6873.03400000	6860.13600000	6891.18800000	6879.97000000	6840.57000000	6824.57000000	6885.88000000	6871.99000000	6886.07400000	6871.21200000	6880.47936000	6868.16592000
2910954773.86934662	6783.66000000	6767.32000000	6866.20200000	6852.01000000	6837.71200000	6831.56800000	6797.60000000	6790.03800000	6819.29000000	6818.32000000	6881.33000000	6872.10400000	6883.59000000	6871.30600000	6878.31000000	6863.10200000	6889.49600000	6875.57800000	6883.16000000	6865.32800000	6924.15400000	6904.45200000	6933.99200000	6917.41400000	6892.85800000	6873.49600000	6890.68200000	6881.45400000	6940.95200000	6929.69600000	6889.00600000	6877.70000000	6894.45600000	6882.35200000	6865.52400000	6856.47200000	6862.78800000	6851.21600000	6895.80600000	6886.36200000	6858.09000000	6853.87400000	6869.62000000	6854.43600000	6869.22200000	6858.79600000	6841.60600000	6834.31400000	6868.22600000	6863.37800000	6872.69328000	6861.28344000
2911457286.43216085	6849.16200000	6835.37600000	6822.68000000	6814.45600000	6822.26800000	6807.55800000	6836.19800000	6827.96400000	6836.87200000	6826.89600000	6884.71200000	6876.42200000	6876.79800000	6871.94200000	6877.67800000	6864.59000000	6900.23800000	6887.37600000	6941.40200000	6927.23800000	6897.24000000	6879.86400000	6915.18200000	6905.17600000	6883.67400000	6874.69000000	6964.19600000	6949.88400000	6896.04800000	6887.12400000	6877.01800000	6873.84400000	6857.33800000	6840.99400000	6858.63000000	6846.24600000	6875.39400000	6861.54400000	6890.27000000	6882.97400000	6863.09800000	6857.62400000	6857.05200000	6843.92600000	6860.67000000	6848.03600000	6843.75400000	6837.30800000	6903.77600000	6893.42000000	6875.65392000	6864.89888000
2911959798.99497509	6800.37600000	6797.81600000	6856.11000000	6845.36000000	6843.15200000	6827.65600000	6852.54600000	6838.00800000	6819.66400000	6812.69200000	6882.59200000	6865.32800000	6872.20600000	6860.99800000	6866.34200000	6859.04200000	6898.47400000	6881.39200000	6905.87600000	6898.49600000	6921.04200000	6907.06000000	6902.99400000	6881.24000000	6894.49000000	6881.65000000	6918.33800000	6905.35200000	6914.79200000	6905.49800000	6875.91600000	6865.03000000	6890.73400000	6882.12200000	6926.49200000	6911.77200000	6872.49800000	6862.53600000	6897.63200000	6880.42600000	6862.35000000	6862.52800000	6849.68000000	6840.83600000	6880.80200000	6867.35600000	6849.86000000	6834.53200000	6862.83400000	6852.42600000	6876.71168000	6865.08608000
2912462311.55778885	6852.58200000	6838.45200000	6815.38400000	6805.81800000	6801.22000000	6796.25200000	6820.60200000	6814.12400000	6856.00200000	6838.94000000	6901.44000000	6891.43600000	6869.82200000	6856.27600000	6894.10000000	6875.99200000	6904.24800000	6891.94000000	6944.66200000	6929.25400000	6919.68200000	6906.98000000	6920.23600000	6907.48200000	6865.24400000	6860.23000000	6952.66800000	6939.08200000	6899.91400000	6893.23000000	6887.15200000	6865.17800000	6883.33400000	6877.10000000	6893.22800000	6891.40000000	6862.15200000	6846.97800000	6933.30000000	6914.80400000	6884.90200000	6871.41600000	6873.52600000	6858.26400000	6864.10600000	6848.59000000	6849.05200000	6838.55400000	6891.61200000	6890.29000000	6881.60680000	6869.92248000
2912964824.12060308	6793.56800000	6785.01800000	6873.17200000	6860.23000000	6845.63800000	6828.70400000	6794.36400000	6787.91200000	6828.27000000	6816.71200000	6876.05400000	6862.25800000	6886.51600000	6874.60400000	6872.00600000	6863.83800000	6881.14000000	6868.32000000	6892.16800000	6878.55200000	6924.74200000	6915.97400000	6912.73400000	6901.60600000	6877.06200000	6865.85400000	6895.51800000	6879.75400000	6908.78600000	6896.68200000	6871.41000000	6866.79400000	6885.38200000	6872.93600000	6872.46200000	6857.20000000	6855.18600000	6843.63800000	6887.07600000	6871.27600000	6875.04600000	6862.92800000	6862.64200000	6851.43400000	6891.65800000	6880.43600000	6866.05200000	6856.04000000	6843.35600000	6832.42600000	6870.88032000	6859.24504000
2913467336.68341732	6806.32200000	6799.84800000	6845.54200000	6834.04600000	6825.62200000	6817.72800000	6821.29200000	6817.54400000	6833.27000000	6822.62000000	6887.58400000	6873.50400000	6880.63000000	6867.69600000	6881.38000000	6864.53200000	6872.32600000	6857.92400000	6903.68400000	6882.94000000	6914.05200000	6899.95200000	6939.27800000	6930.88000000	6885.08400000	6867.21600000	6951.22200000	6937.67800000	6956.02600000	6942.03600000	6887.48400000	6876.10800000	6864.51600000	6863.05200000	6855.50400000	6850.16800000	6862.31600000	6856.38800000	6893.36600000	6882.64000000	6869.88600000	6869.06800000	6876.73800000	6867.37800000	6879.65000000	6870.53800000	6822.94800000	6816.83200000	6862.30200000	6847.81600000	6875.12096000	6864.64528000
2913969849.24623108	6834.98600000	6820.59800000	6835.73200000	6823.80800000	6829.76400000	6816.11600000	6829.88000000	6820.52000000	6840.52600000	6828.40000000	6887.21600000	6875.63200000	6867.00800000	6858.73400000	6900.99200000	6887.46800000	6886.10000000	6869.04000000	6926.80200000	6913.72600000	6892.66200000	6880.35200000	6948.10800000	6931.28000000	6900.05200000	6887.66600000	7023.57000000	6996.92600000	6914.22200000	6901.86600000	6867.81000000	6859.59200000	6853.18800000	6844.45400000	6869.10800000	6859.79800000	6875.38400000	6860.75800000	6898.18800000	6889.45200000	6855.10800000	6843.60600000	6876.39800000	6870.13200000	6866.92200000	6860.44200000	6855.69600000	6846.66600000	6886.62000000	6877.95800000	6880.88168000	6868.99960000
2914472361.80904531	6846.22800000	6837.89000000	6831.50600000	6816.70400000	6808.68000000	6794.76800000	6828.02400000	6818.87600000	6868.60200000	6860.84000000	6909.38600000	6892.84000000	6865.47000000	6861.84400000	6883.29600000	6872.79000000	6896.11400000	6884.62400000	6879.45200000	6869.19400000	6894.42600000	6885.89400000	6897.56200000	6885.40000000	6907.63600000	6887.82400000	6974.03600000	6965.72800000	6923.15600000	6913.38200000	6896.68200000	6888.62400000	6869.07600000	6858.36200000	6888.24800000	6878.79800000	6872.14600000	6853.01000000	6862.19400000	6854.16800000	6858.31000000	6855.40600000	6858.90800000	6852.73400000	6843.30000000	6833.76800000	6872.71000000	6858.81200000	6852.58200000	6842.02800000	6875.50920000	6864.97232000
2914974874.37185907	6853.72000000	6840.02400000	6819.98800000	6819.59800000	6799.48000000	6785.95200000	6832.33800000	6826.89200000	6869.67400000	6854.21400000	6907.32200000	6893.43400000	6867.50000000	6855.20000000	6893.05600000	6881.16600000	6911.15200000	6899.53800000	6889.49200000	6874.22800000	6897.49400000	6885.57200000	6946.32800000	6934.06000000	6887.11600000	6875.77600000	6944.56600000	6927.69600000	6946.26800000	6928.83800000	6876.43200000	6866.27600000	6891.59000000	6876.12000000	6906.50000000	6899.35400000	6877.52800000	6870.20800000	6888.99400000	6877.29000000	6874.81000000	6848.44800000	6869.96000000	6848.23800000	6836.24800000	6824.39400000	6853.06600000	6844.63800000	6879.89800000	6867.42600000	6880.82080000	6868.18320000
2915477386.93467331	6793.27800000	6783.80800000	6860.38200000	6851.73200000	6859.17600000	6841.50600000	6861.76200000	6845.54200000	6815.75200000	6805.54200000	6889.60000000	6876.36200000	6875.65800000	6856.67400000	6871.72400000	6855.01000000	6891.19800000	6872.15600000	6900.69200000	6881.24600000	6916.40200000	6913.04800000	6896.81400000	6888.72600000	6911.43400000	6895.35400000	6925.55600000	6911.44400000	6938.16000000	6925.50400000	6876.43600000	6862.08800000	6882.66000000	6881.42200000	6924.96400000	6909.83000000	6871.21800000	6863.95800000	6895.90200000	6886.43200000	6869.04600000	6859.10400000	6851.60800000	6841.47400000	6891.60200000	6876.78400000	6861.23200000	6845.60000000	6858.86200000	6852.55800000	6879.64472000	6867.31616000
2915979899.49748755	6807.50400000	6791.83400000	6858.17600000	6847.70600000	6859.82800000	6843.64400000	6841.93000000	6831.64200000	6818.19200000	6807.37000000	6888.50200000	6878.16200000	6877.51200000	6868.66600000	6867.65800000	6848.72200000	6886.88800000	6872.55400000	6903.12400000	6887.56600000	6911.04000000	6905.65800000	6903.97200000	6897.25000000	6902.52600000	6889.70000000	6921.16000000	6905.28000000	6941.12800000	6929.41400000	6883.68000000	6871.21200000	6890.85600000	6875.47200000	6927.33400000	6908.70000000	6882.88200000	6861.86800000	6894.36800000	6884.76400000	6878.98600000	6861.81400000	6845.32200000	6835.25600000	6891.55800000	6870.08400000	6853.26200000	6841.28000000	6860.63800000	6848.81400000	6879.92104000	6866.57728000
2916482412.06030130	6855.93800000	6836.63800000	6818.26800000	6809.29600000	6801.73800000	6792.44400000	6827.30400000	6806.47800000	6858.19800000	6854.97400000	6895.77200000	6880.97200000	6874.91800000	6862.06600000	6887.75200000	6870.39600000	6897.49400000	6893.65000000	6949.04000000	6929.97000000	6888.88800000	6878.90200000	6921.82600000	6909.41000000	6870.54800000	6859.56200000	6974.36400000	6958.25800000	6885.69400000	6875.42800000	6881.42200000	6873.82000000	6880.30200000	6866.92200000	6878.01800000	6858.36600000	6857.72400000	6848.48400000	6911.80000000	6894.18800000	6889.39000000	6874.11200000	6865.19600000	6855.38200000	6854.69400000	6838.31800000	6859.31000000	6847.05200000	6915.64600000	6895.08200000	6880.04976000	6866.80680000
2916984924.62311554	6771.77600000	6759.49200000	6856.92600000	6854.56200000	6840.96000000	6824.81600000	6797.91200000	6791.06000000	6828.45800000	6811.83200000	6886.72200000	6876.40800000	6888.77000000	6878.64600000	6874.98200000	6869.12800000	6888.96600000	6871.62600000	6889.24600000	6871.51000000	6914.77400000	6902.08400000	6928.73200000	6919.41800000	6888.51800000	6878.47600000	6894.16400000	6878.69800000	6952.26200000	6936.21200000	6894.73200000	6878.00800000	6893.77200000	6887.08600000	6868.36800000	6855.51400000	6867.32400000	6854.61800000	6897.81600000	6891.25600000	6859.61200000	6848.98200000	6862.57200000	6856.38400000	6866.03000000	6855.33800000	6846.94000000	6838.40400000	6876.33800000	6859.64000000	6873.46688000	6861.96792000
2917487437.18592978	6848.49600000	6835.66400000	6821.85400000	6808.93600000	6820.05600000	6811.39400000	6831.06800000	6820.47600000	6841.23600000	6828.26000000	6880.15000000	6871.38600000	6872.95600000	6855.77600000	6882.28600000	6865.87400000	6895.40600000	6887.21000000	6937.65200000	6929.10600000	6892.27600000	6878.38600000	6922.64000000	6908.10600000	6887.30400000	6871.49800000	6966.92000000	6952.51000000	6895.94600000	6887.42200000	6880.56400000	6868.36600000	6854.32200000	6844.46400000	6859.27600000	6847.21600000	6868.89000000	6858.46800000	6898.53800000	6887.31600000	6865.56000000	6863.10200000	6862.33200000	6851.90800000	6854.01800000	6838.43600000	6843.24000000	6843.91200000	6907.81800000	6894.45400000	6875.63216000	6864.38584000
2917989949.74874353	6840.57200000	6826.13600000	6822.59400000	6813.04200000	6833.47800000	6810.52800000	6819.19400000	6805.44000000	6837.22600000	6822.83600000	6897.07800000	6874.17000000	6877.75600000	6859.72600000	6880.75200000	6867.38600000	6907.17800000	6885.94000000	6939.95400000	6926.10000000	6897.87200000	6889.53400000	6915.98800000	6898.96000000	6890.42200000	6877.87400000	6977.51800000	6957.51400000	6907.85600000	6894.02800000	6890.50400000	6872.48600000	6875.25000000	6861.52600000	6854.93200000	6843.94800000	6868.84600000	6858.06000000	6901.58200000	6895.85400000	6853.61200000	6844.48800000	6866.38000000	6856.84400000	6862.96400000	6850.50800000	6851.70200000	6833.42800000	6898.09400000	6896.41400000	6878.77216000	6864.91080000
2918492462.31155777	6837.83600000	6832.68400000	6824.52800000	6814.04200000	6804.18600000	6793.82400000	6832.45400000	6814.40400000	6874.71800000	6867.10400000	6916.38000000	6904.08000000	6879.58800000	6863.58000000	6881.60000000	6868.00600000	6916.73600000	6899.14200000	6896.65400000	6880.33200000	6891.27200000	6875.55400000	6931.15200000	6913.29800000	6918.95800000	6903.27800000	6931.66200000	6915.72600000	6914.64800000	6894.58200000	6860.50800000	6853.29000000	6894.09000000	6882.17800000	6896.08600000	6889.52400000	6883.30800000	6872.01200000	6882.65400000	6876.11800000	6878.95800000	6868.46400000	6863.06200000	6849.11800000	6842.15200000	6830.19200000	6844.10600000	6826.02600000	6865.65000000	6851.52000000	6878.51784000	6865.52312000
2918994974.87437201	6797.85600000	6789.66000000	6854.42000000	6845.31400000	6840.30400000	6830.05600000	6842.10600000	6837.27800000	6828.38000000	6816.25400000	6884.07800000	6874.62200000	6878.52200000	6865.07200000	6865.22400000	6855.10600000	6877.27000000	6871.74600000	6897.41600000	6881.78600000	6929.11400000	6910.70200000	6907.55800000	6896.18600000	6906.03800000	6884.69600000	6922.17200000	6905.13000000	6943.50200000	6928.13200000	6881.13800000	6866.74400000	6886.14600000	6868.39400000	6929.99800000	6909.95000000	6880.92600000	6865.12000000	6898.48200000	6887.68000000	6873.50400000	6858.64200000	6845.87400000	6833.38200000	6883.80400000	6871.71600000	6851.31000000	6839.70600000	6859.48000000	6849.66200000	6878.58488000	6865.70944000
2919497487.43718576	6846.09400000	6829.61000000	6827.96200000	6814.40000000	6821.79200000	6807.12600000	6830.66600000	6816.35800000	6887.70000000	6879.41000000	6914.18400000	6890.05000000	6871.24400000	6864.39400000	6884.20800000	6872.18200000	6921.71400000	6911.37800000	6900.65000000	6888.19000000	6871.13600000	6854.54200000	6930.00000000	6921.96000000	6925.72600000	6912.19400000	6938.53600000	6922.26600000	6894.62400000	6883.35200000	6872.93600000	6851.39400000	6900.08000000	6888.49200000	6897.17800000	6884.19400000	6867.27000000	6853.49800000	6879.84600000	6874.30400000	6864.23000000	6857.07000000	6865.07000000	6851.48400000	6844.00800000	6829.86200000	6840.19200000	6836.27800000	6866.36600000	6853.38200000	6878.53648000	6865.89480000
2920000000.00000000	6847.01600000	6832.83000000	6833.82000000	6812.23000000	6800.12000000	6785.06800000	6835.53200000	6819.42400000	6865.91800000	6852.13600000	6919.13400000	6902.51800000	6869.14200000	6860.09400000	6892.71600000	6873.26600000	6906.04400000	6895.30600000	6892.13200000	6882.19400000	6880.52800000	6866.87800000	6937.26200000	6926.86800000	6891.68600000	6884.08400000	6945.34200000	6927.03800000	6941.79200000	6932.93400000	6871.80000000	6865.03400000	6898.48800000	6886.90800000	6902.84000000	6891.79400000	6877.33400000	6862.84200000	6893.09800000	6884.29000000	6868.69400000	6854.41200000	6868.99200000	6851.25400000	6850.58400000	6834.96800000	6855.53200000	6842.94000000	6877.00800000	6860.59000000	6880.90216000	6867.51600000
