freq	PL_sig1	PL_ref1	PL_sig2	PL_ref2	PL_sig3	PL_ref3	PL_sig4	PL_ref4	PL_sig5	PL_ref5	PL_sig6	PL_ref6	PL_sig7	PL_ref7	PL_sig8	PL_ref8	PL_sig9	PL_ref9	PL_sig10	PL_ref10	PL_sig11	PL_ref11	PL_sig12	PL_ref12	PL_sig13	PL_ref13	PL_sig14	PL_ref14	PL_sig15	PL_ref15	PL_sig16	PL_ref16	PL_sig17	PL_ref17	PL_sig18	PL_ref18	PL_sig19	PL_ref19	PL_sig20	PL_ref20	PL_sig21	PL_ref21	PL_sig22	PL_ref22	PL_sig23	PL_ref23	PL_sig24	PL_ref24	PL_sig25	PL_ref25	avgPL_sig	avgPL_ref
2820000000.00000000	6180.02000000	6172.54200000	6368.91800000	6361.23000000	6508.94600000	6503.75400000	6524.48800000	6511.37800000	6579.41000000	6572.46200000	6526.40000000	6518.09000000	6542.44000000	6536.72600000	6521.11000000	6505.66200000	6479.22400000	6471.78800000	6500.62800000	6491.48000000	6494.83200000	6495.01400000	6499.88200000	6491.88800000	6478.27400000	6472.83000000	6447.93800000	6444.29800000	6440.60800000	6443.24200000	6403.12400000	6402.51200000	6430.68400000	6418.35600000	6410.18800000	6405.57000000	6362.71800000	6358.06600000	6395.84800000	6393.58600000	6383.07000000	6367.60400000	6355.93600000	6362.01200000	6348.80600000	6340.98200000	6359.74400000	6350.07000000	6323.26800000	6314.47600000	6434.66016000	6428.22472000
2820502512.56281424	6168.67200000	6168.20200000	6285.89200000	6282.75200000	6402.15800000	6399.50200000	6479.22400000	6474.76800000	6546.65600000	6541.30400000	6616.42400000	6602.82200000	6522.92200000	6512.25800000	6490.30200000	6485.43800000	6518.76600000	6514.04600000	6489.37200000	6476.64400000	6503.90800000	6496.44600000	6506.91600000	6490.41600000	6485.14000000	6474.06600000	6469.00000000	6466.79000000	6433.84400000	6426.80800000	6444.42000000	6439.81800000	6421.75600000	6404.86200000	6405.20000000	6394.93400000	6380.90000000	6371.26800000	6381.75200000	6377.08400000	6384.77600000	6381.69400000	6343.27600000	6338.91200000	6370.91000000	6358.39000000	6362.71200000	6351.80800000	6350.45000000	6333.34800000	6430.61392000	6422.57520000
2821005025.12562799	6228.03600000	6222.09200000	6266.04400000	6266.69200000	6426.21800000	6413.45400000	6483.33600000	6476.08000000	6586.20800000	6565.95600000	6586.34800000	6581.91400000	6538.18600000	6524.98800000	6491.69200000	6488.31800000	6498.75200000	6488.39200000	6481.11200000	6467.86800000	6485.88600000	6480.13000000	6472.56000000	6464.22400000	6491.20200000	6485.53800000	6460.25400000	6459.94400000	6398.50600000	6397.63200000	6389.24200000	6383.23800000	6408.43200000	6402.92200000	6405.48000000	6403.33600000	6399.31400000	6396.43200000	6376.59000000	6373.95000000	6373.74200000	6364.84600000	6331.03600000	6331.78200000	6362.68400000	6358.38000000	6355.01600000	6348.66200000	6333.28000000	6328.43400000	6425.16624000	6419.00816000
2821507537.68844223	6233.81200000	6228.98000000	6320.72000000	6318.67200000	6446.31000000	6445.08400000	6503.51000000	6481.53000000	6591.65400000	6584.05600000	6563.16400000	6550.78000000	6541.66800000	6531.90400000	6484.36800000	6481.67200000	6509.58000000	6499.43400000	6491.10400000	6475.37000000	6485.85800000	6477.61200000	6489.50200000	6478.72200000	6500.42200000	6480.07200000	6482.17800000	6474.44400000	6422.32600000	6412.46600000	6437.06400000	6425.67000000	6421.26800000	6410.68800000	6413.89000000	6401.27000000	6388.20800000	6371.86000000	6374.24000000	6363.54800000	6393.93000000	6381.62600000	6377.07400000	6366.35800000	6385.69800000	6373.71200000	6368.31000000	6359.29200000	6359.24400000	6341.71400000	6439.40408000	6428.66144000
2822010050.25125647	6180.46600000	6171.21000000	6262.52000000	6250.58000000	6388.87000000	6380.71400000	6542.71200000	6537.70600000	6580.74800000	6570.70000000	6617.62000000	6606.09200000	6517.72800000	6508.14000000	6490.02800000	6480.33400000	6534.59400000	6524.37800000	6472.44400000	6463.38200000	6500.09200000	6499.04800000	6502.03600000	6489.57200000	6502.57600000	6496.25200000	6469.21000000	6461.98400000	6437.53000000	6427.82400000	6393.04000000	6386.71200000	6397.00600000	6387.35400000	6403.17000000	6400.21800000	6405.78400000	6397.77200000	6386.51600000	6377.62400000	6406.49600000	6402.58600000	6377.27400000	6368.88400000	6368.78200000	6354.74600000	6362.51600000	6354.80800000	6372.88800000	6357.87200000	6434.90584000	6426.25968000
2822512562.81407022	6185.47200000	6179.16000000	6361.28600000	6357.21200000	6460.51000000	6442.05000000	6560.52800000	6541.92000000	6579.39800000	6570.36400000	6535.65000000	6529.52400000	6539.47800000	6524.68200000	6509.55000000	6495.67000000	6483.35800000	6473.36600000	6472.35000000	6462.81800000	6507.63400000	6498.60800000	6520.32200000	6512.86800000	6480.85200000	6462.90000000	6456.54200000	6445.02000000	6443.63800000	6439.21000000	6412.36000000	6405.30200000	6423.38200000	6423.72000000	6412.93400000	6406.18000000	6371.10600000	6373.32200000	6397.27400000	6396.74800000	6372.39000000	6364.69000000	6379.67200000	6364.99000000	6349.51000000	6343.32800000	6381.01200000	6365.57600000	6316.49400000	6309.48200000	6436.50808000	6427.54840000
2823015075.37688446	6173.70400000	6161.09800000	6355.14200000	6343.59200000	6457.42600000	6445.71000000	6548.83200000	6536.32400000	6575.98800000	6578.02800000	6541.31400000	6526.84400000	6545.83600000	6532.45000000	6516.50400000	6505.65200000	6479.56200000	6469.52800000	6466.81200000	6460.80200000	6512.83000000	6502.71600000	6513.65600000	6512.31600000	6475.24200000	6461.59200000	6450.60200000	6440.35400000	6453.02800000	6439.57400000	6416.22200000	6407.91600000	6433.20800000	6421.53200000	6404.69400000	6407.02400000	6382.48800000	6368.15400000	6403.63400000	6391.91000000	6361.57200000	6351.80000000	6372.31000000	6367.91200000	6350.03800000	6339.61200000	6370.65600000	6364.89800000	6318.72000000	6316.36200000	6435.20080000	6426.14800000
2823517587.93969870	6189.54800000	6190.12000000	6289.14600000	6277.28000000	6401.18200000	6392.45400000	6511.12200000	6504.18600000	6572.84800000	6559.33600000	6618.01200000	6611.30600000	6531.21600000	6520.72200000	6506.14400000	6495.43600000	6532.19400000	6511.41200000	6494.30800000	6484.77600000	6505.95000000	6487.13800000	6510.94400000	6496.42600000	6475.53600000	6466.82600000	6469.55200000	6458.87600000	6439.14200000	6417.85600000	6443.80600000	6439.00800000	6430.98600000	6417.20400000	6393.95200000	6383.30400000	6383.84200000	6366.09400000	6376.45400000	6366.94600000	6398.83800000	6390.55200000	6364.62800000	6348.19000000	6377.36400000	6357.99200000	6348.29600000	6341.99000000	6341.53000000	6334.95600000	6436.26160000	6424.81544000
2824020100.50251245	6209.53000000	6194.39000000	6304.53200000	6298.75800000	6452.95400000	6443.28800000	6493.85000000	6483.86200000	6609.20800000	6599.47200000	6557.64600000	6545.70400000	6545.07600000	6534.23200000	6486.47400000	6482.87600000	6503.79400000	6497.18800000	6491.94800000	6489.95600000	6488.22600000	6476.93600000	6494.86000000	6488.22600000	6484.92800000	6477.59000000	6481.97400000	6478.64800000	6423.25800000	6415.56800000	6436.32200000	6423.33200000	6410.51800000	6411.29800000	6402.47400000	6399.07600000	6375.48400000	6368.44200000	6375.03400000	6363.41200000	6386.57200000	6384.88800000	6371.37600000	6361.18000000	6389.47000000	6384.96000000	6370.31600000	6364.79600000	6342.92800000	6324.14600000	6435.55008000	6427.68896000
2824522613.06532669	6178.42800000	6167.78800000	6378.01400000	6371.89200000	6487.83000000	6475.97000000	6529.61200000	6511.36800000	6597.16400000	6574.07200000	6534.88200000	6515.81200000	6533.45600000	6524.10600000	6521.73600000	6505.06600000	6481.93200000	6472.49600000	6494.49400000	6485.11400000	6501.79600000	6489.70000000	6498.29200000	6499.63400000	6487.01400000	6472.23200000	6443.48200000	6432.14200000	6451.72800000	6444.42000000	6416.56800000	6402.75000000	6435.86200000	6429.45600000	6410.67200000	6411.54800000	6376.07800000	6366.34400000	6406.85200000	6393.73000000	6380.67400000	6373.59600000	6363.01000000	6353.89600000	6354.38400000	6341.97200000	6371.33000000	6360.89000000	6329.80000000	6324.93000000	6438.60360000	6428.03696000
2825025125.62814093	6193.21600000	6187.96400000	6355.10800000	6346.90000000	6449.72200000	6439.69400000	6550.23000000	6536.51400000	6575.99600000	6573.07600000	6531.29400000	6519.40000000	6550.53600000	6541.16600000	6497.55600000	6491.35600000	6475.17400000	6470.12000000	6469.87800000	6456.07200000	6476.72000000	6471.17800000	6505.93000000	6482.98000000	6494.18800000	6485.70800000	6474.28200000	6459.08800000	6442.68000000	6432.48600000	6412.55400000	6409.88600000	6428.62200000	6425.10400000	6421.29600000	6408.01200000	6405.93400000	6402.02400000	6402.16800000	6396.04200000	6404.11400000	6391.37800000	6377.49000000	6362.96000000	6358.87400000	6349.01600000	6366.24600000	6347.32000000	6328.20200000	6315.35600000	6437.92040000	6428.03200000
2825527638.19095469	6165.56600000	6154.09000000	6307.18600000	6287.55000000	6410.03400000	6386.94200000	6472.60200000	6458.15400000	6566.47600000	6566.12400000	6628.42000000	6625.39800000	6528.91400000	6526.21200000	6501.07800000	6483.88800000	6514.60800000	6503.71400000	6483.57400000	6476.82800000	6501.13800000	6495.55800000	6512.83400000	6502.17800000	6479.25200000	6464.93200000	6479.78200000	6467.92600000	6436.34400000	6425.64400000	6434.96800000	6423.96000000	6422.91600000	6414.71400000	6405.52200000	6402.17000000	6364.32200000	6361.47000000	6398.53200000	6391.20800000	6382.06800000	6378.31400000	6348.40800000	6338.20000000	6370.59000000	6352.27200000	6370.44200000	6361.31000000	6355.45000000	6346.12200000	6433.64104000	6423.79512000
2826030150.75376892	6233.99600000	6214.34600000	6327.24800000	6314.36800000	6442.35200000	6443.69600000	6506.11800000	6493.89200000	6603.51600000	6590.23800000	6552.50800000	6540.19600000	6542.70400000	6538.21600000	6499.23600000	6485.25000000	6489.82200000	6483.84800000	6488.93000000	6477.91800000	6488.51000000	6481.83600000	6501.29400000	6497.43000000	6492.29800000	6478.94600000	6475.86600000	6467.46200000	6428.90000000	6416.74400000	6400.34200000	6394.13200000	6420.78800000	6409.31400000	6401.26200000	6392.66400000	6380.06200000	6366.16800000	6391.13200000	6381.04200000	6390.31000000	6377.01600000	6388.09000000	6376.67400000	6385.79200000	6372.43000000	6345.09800000	6340.99600000	6325.93800000	6316.20800000	6436.08448000	6426.04120000
2826532663.31658268	6240.56400000	6217.51200000	6309.10200000	6293.23400000	6428.52400000	6423.51000000	6500.81200000	6494.69600000	6582.82400000	6570.24800000	6575.71000000	6556.73600000	6538.98000000	6529.18000000	6513.97000000	6506.36400000	6486.34600000	6477.83400000	6493.49400000	6478.84200000	6493.33800000	6481.58800000	6504.86200000	6498.78200000	6485.81800000	6472.41400000	6454.96400000	6440.45200000	6444.51800000	6437.61800000	6394.13600000	6381.57200000	6415.07200000	6411.89400000	6416.33800000	6403.80600000	6378.42400000	6376.03200000	6405.62400000	6401.45400000	6370.67200000	6362.37200000	6353.27400000	6337.15000000	6365.21600000	6360.03800000	6350.37400000	6335.53400000	6323.34800000	6311.89200000	6433.05216000	6422.43016000
2827035175.87939692	6238.92800000	6224.90000000	6340.58200000	6328.40800000	6447.60400000	6444.95200000	6500.75000000	6489.69200000	6603.58800000	6585.70600000	6555.26800000	6548.76000000	6535.73200000	6527.86200000	6490.42000000	6481.46400000	6513.99000000	6488.48600000	6493.11000000	6479.09400000	6491.02200000	6480.19200000	6485.85600000	6476.95800000	6500.50000000	6484.90000000	6477.54200000	6468.69000000	6428.55400000	6414.95600000	6435.10400000	6427.18000000	6417.59000000	6396.76200000	6409.52800000	6397.54800000	6379.59200000	6375.62800000	6380.70400000	6366.64000000	6387.78600000	6374.60400000	6378.23000000	6367.79600000	6378.92400000	6375.19200000	6369.93800000	6357.84800000	6349.04000000	6343.09600000	6439.59528000	6428.29256000
2827537688.44221115	6241.59200000	6223.70400000	6335.62200000	6321.84400000	6449.31600000	6442.00600000	6549.69000000	6531.83800000	6605.59600000	6589.71600000	6555.92600000	6541.47600000	6533.68000000	6518.79400000	6495.23800000	6481.18000000	6497.14200000	6485.98800000	6496.51600000	6489.44400000	6486.69800000	6474.31200000	6503.34000000	6492.37400000	6486.34800000	6476.61400000	6479.86400000	6476.59800000	6425.67400000	6424.26600000	6397.04200000	6388.82200000	6436.78200000	6428.54600000	6396.82200000	6384.86600000	6402.59400000	6388.60800000	6397.72800000	6381.47400000	6387.80000000	6376.25000000	6394.25800000	6382.06200000	6371.26000000	6364.24400000	6343.52200000	6339.74200000	6347.91600000	6341.96000000	6440.71864000	6429.86912000
2828040201.00502491	6215.46600000	6207.34200000	6266.29600000	6255.38600000	6398.52200000	6384.44200000	6510.56000000	6498.48000000	6597.95200000	6583.09400000	6626.28200000	6605.11600000	6535.50600000	6516.66800000	6490.54400000	6477.16200000	6494.40600000	6481.43000000	6494.39800000	6486.91400000	6492.53400000	6483.69200000	6496.04800000	6484.60600000	6509.46800000	6499.50200000	6471.23000000	6462.33000000	6409.68200000	6402.69000000	6419.27600000	6410.29200000	6360.34000000	6360.75200000	6403.57600000	6394.03200000	6413.47600000	6407.30800000	6383.88800000	6378.78000000	6401.73800000	6388.25400000	6367.92000000	6358.73600000	6359.78200000	6348.42600000	6363.37400000	6346.97800000	6371.59800000	6360.53200000	6434.15448000	6423.31776000
2828542713.56783915	6188.07200000	6179.12200000	6343.46400000	6340.50200000	6462.30800000	6450.43600000	6540.21200000	6524.24000000	6589.69400000	6572.22000000	6534.36800000	6524.96200000	6551.02800000	6543.57800000	6511.17000000	6500.97400000	6482.12200000	6471.11000000	6466.56200000	6456.14600000	6494.67000000	6488.49000000	6518.03400000	6496.65200000	6482.02600000	6472.37000000	6464.89400000	6456.09800000	6452.57200000	6440.38600000	6422.91600000	6411.02200000	6427.33600000	6426.89600000	6422.03800000	6411.26000000	6397.88800000	6387.86000000	6407.94600000	6400.97600000	6390.75400000	6378.41200000	6378.00200000	6368.58400000	6347.61400000	6335.66000000	6369.78800000	6357.35800000	6320.51400000	6302.54400000	6438.63968000	6427.91432000
2829045226.13065338	6264.57400000	6252.48600000	6395.11000000	6375.98800000	6498.06400000	6480.30200000	6555.59200000	6535.13800000	6583.49400000	6575.49800000	6520.99600000	6510.09000000	6546.81400000	6535.56000000	6516.00400000	6504.41800000	6495.09400000	6477.95400000	6525.63200000	6515.90600000	6488.38200000	6477.07600000	6484.89600000	6470.81400000	6502.45600000	6499.23800000	6393.96200000	6391.97200000	6452.26800000	6447.77800000	6401.20600000	6396.56200000	6429.09200000	6427.35800000	6436.46200000	6420.24000000	6400.84000000	6389.23800000	6367.20600000	6368.99800000	6343.07800000	6330.99000000	6340.06000000	6332.64800000	6351.43800000	6343.99200000	6353.83200000	6337.92200000	6341.43000000	6329.77400000	6439.51928000	6429.11760000
2829547738.69346714	6232.21800000	6219.40000000	6296.55200000	6291.74000000	6445.03600000	6434.10400000	6497.35800000	6478.98400000	6588.78800000	6579.90400000	6573.91200000	6565.34800000	6511.27000000	6503.75800000	6513.13600000	6494.26800000	6496.99600000	6485.56000000	6486.57800000	6484.53000000	6481.85200000	6479.79000000	6496.33000000	6490.38800000	6492.02600000	6481.41200000	6455.15200000	6450.69200000	6446.12800000	6432.55400000	6404.34200000	6391.40400000	6424.43000000	6414.74000000	6407.96400000	6399.71200000	6377.27600000	6368.91000000	6395.89600000	6399.20800000	6381.89800000	6371.68000000	6358.00800000	6353.33200000	6360.93800000	6356.50800000	6354.59600000	6338.44600000	6334.63800000	6319.29000000	6432.53272000	6423.42648000
2830050251.25628138	6246.65200000	6235.18800000	6292.35000000	6286.24400000	6434.39600000	6418.17600000	6484.17000000	6473.89000000	6592.72600000	6579.14600000	6580.41000000	6574.94200000	6543.14800000	6529.82200000	6488.46400000	6486.04600000	6502.06000000	6494.81200000	6479.09800000	6467.70400000	6474.46400000	6466.61800000	6489.44200000	6473.91600000	6497.19200000	6485.03600000	6448.69200000	6444.05400000	6424.87200000	6417.63800000	6391.45800000	6377.63000000	6421.68200000	6411.99600000	6412.92200000	6404.33600000	6398.69400000	6392.55800000	6389.05000000	6383.01800000	6375.26600000	6365.75000000	6340.29400000	6329.94600000	6368.67200000	6358.97200000	6346.19400000	6332.62800000	6339.27200000	6329.44200000	6430.46560000	6420.78032000
2830552763.81909561	6201.90800000	6194.52800000	6323.89800000	6311.59600000	6393.65600000	6392.70000000	6487.62200000	6476.12800000	6561.07200000	6557.55000000	6615.12400000	6612.34600000	6530.36000000	6519.69400000	6535.11400000	6517.17400000	6507.18600000	6497.01400000	6482.79600000	6476.46000000	6489.65600000	6482.06000000	6499.10600000	6486.35600000	6469.33800000	6461.36200000	6471.81000000	6461.90000000	6431.20000000	6421.47200000	6438.84400000	6429.88800000	6413.97600000	6408.99800000	6420.12000000	6412.71400000	6372.07800000	6366.66600000	6413.32600000	6404.53600000	6394.06600000	6378.05600000	6336.05800000	6325.08200000	6369.13600000	6359.34200000	6381.81400000	6369.55800000	6355.60000000	6349.38600000	6435.79456000	6426.90264000
2831055276.38190937	6234.10400000	6224.10800000	6273.76200000	6268.89800000	6429.53800000	6411.98000000	6484.88600000	6475.45200000	6581.18400000	6576.96400000	6600.66200000	6595.66800000	6539.57400000	6537.12200000	6493.09000000	6482.99200000	6512.52600000	6495.31200000	6478.36600000	6467.21200000	6487.93000000	6475.88400000	6489.19200000	6488.60800000	6495.22600000	6493.53200000	6458.96800000	6448.87000000	6399.36800000	6401.43600000	6393.06200000	6388.05800000	6412.03000000	6402.55400000	6416.21000000	6408.89200000	6412.45200000	6396.49800000	6382.74600000	6378.91200000	6371.80400000	6369.67200000	6336.05200000	6324.14800000	6359.99400000	6352.39600000	6349.30200000	6339.35600000	6334.18800000	6321.67600000	6429.04864000	6421.04800000
2831557788.94472361	6190.38800000	6177.59200000	6266.08400000	6252.45800000	6399.91400000	6388.83400000	6532.54400000	6514.51600000	6586.87600000	6578.26000000	6608.06800000	6609.64000000	6512.82600000	6494.21600000	6502.10000000	6480.22000000	6529.96800000	6511.06600000	6478.80400000	6466.70800000	6495.13200000	6486.43400000	6498.19200000	6493.29200000	6507.94600000	6492.30200000	6479.14800000	6468.43600000	6448.23400000	6442.42600000	6401.76600000	6394.84600000	6412.38800000	6394.21000000	6396.54000000	6391.94800000	6411.37000000	6407.24400000	6389.66800000	6368.79600000	6410.17200000	6402.82800000	6379.01000000	6373.08400000	6359.34400000	6354.67200000	6372.39600000	6354.47000000	6368.57600000	6361.49400000	6437.49816000	6426.39968000
2832060301.50753784	6177.81200000	6170.51000000	6352.60400000	6333.44200000	6457.62200000	6449.98200000	6570.08200000	6551.83000000	6570.70200000	6560.52000000	6523.56200000	6517.89200000	6546.36600000	6536.72800000	6508.23400000	6490.35200000	6485.43000000	6477.30600000	6465.95400000	6460.30000000	6488.88200000	6485.82400000	6518.77800000	6507.58400000	6468.33400000	6461.29800000	6462.07400000	6447.48800000	6436.06600000	6427.50800000	6422.55200000	6418.29600000	6427.24200000	6416.51800000	6426.73200000	6414.35200000	6384.35000000	6375.78800000	6409.44800000	6399.83000000	6388.03000000	6374.69600000	6373.47000000	6367.08600000	6362.91600000	6341.63000000	6371.65400000	6361.68400000	6310.62400000	6300.02400000	6436.38080000	6425.93872000
2832562814.07035160	6239.37600000	6226.75000000	6304.96600000	6295.86200000	6439.77200000	6422.14400000	6497.72400000	6484.72800000	6596.31600000	6590.39600000	6570.17800000	6561.40600000	6533.60200000	6515.37000000	6498.64200000	6493.53600000	6492.29200000	6487.78000000	6508.11600000	6486.08800000	6493.43600000	6480.75800000	6511.76200000	6488.96200000	6486.88000000	6476.43800000	6464.83600000	6442.77000000	6440.54000000	6431.66600000	6387.03400000	6379.73800000	6428.47000000	6416.50600000	6421.15400000	6410.75400000	6386.61600000	6374.15000000	6400.86800000	6392.18400000	6373.69800000	6354.58600000	6358.91800000	6350.74800000	6367.75200000	6357.54000000	6338.13400000	6333.85000000	6326.43800000	6324.45600000	6434.70080000	6423.16664000
2833065326.63316584	6240.18600000	6223.18600000	6309.25800000	6296.95400000	6447.03200000	6435.16200000	6501.46800000	6484.60800000	6602.77400000	6589.06400000	6589.81200000	6575.10800000	6518.02800000	6513.26600000	6494.28200000	6487.52200000	6493.57000000	6487.47600000	6475.34000000	6471.92800000	6498.23600000	6490.93200000	6493.56400000	6484.21000000	6484.45200000	6477.28400000	6476.93000000	6473.64800000	6427.82000000	6417.71400000	6432.30400000	6430.55600000	6423.65600000	6414.74000000	6405.06600000	6409.26000000	6397.66000000	6377.26200000	6403.81600000	6391.83800000	6373.65200000	6375.32000000	6366.09600000	6357.47000000	6382.36800000	6364.46600000	6369.89800000	6359.27200000	6341.50400000	6334.14000000	6437.95088000	6428.89544000
2833567839.19598007	6191.32000000	6179.74400000	6268.59800000	6262.48400000	6404.40400000	6391.67200000	6535.79600000	6527.32600000	6587.35600000	6573.49600000	6606.06200000	6603.41600000	6513.00800000	6508.30400000	6478.46600000	6470.08800000	6522.49600000	6514.76000000	6472.99000000	6462.91200000	6501.52400000	6488.14000000	6499.31600000	6493.43600000	6508.15600000	6495.03600000	6471.99600000	6466.69800000	6435.15800000	6421.13200000	6393.97000000	6386.20800000	6391.82800000	6382.11200000	6400.25600000	6401.16800000	6406.72400000	6399.44200000	6385.76400000	6377.45600000	6407.36200000	6392.44000000	6375.41400000	6364.83600000	6371.12200000	6349.92200000	6361.46000000	6356.18800000	6360.75600000	6353.34800000	6434.05208000	6424.87056000
2834070351.75879383	6233.44400000	6222.32600000	6309.11600000	6298.91600000	6453.91400000	6445.33200000	6492.09000000	6485.07600000	6591.63800000	6582.18800000	6586.43800000	6572.80400000	6523.61800000	6507.99000000	6494.68400000	6487.75400000	6503.73800000	6487.47200000	6480.77200000	6467.43000000	6488.56800000	6484.33800000	6485.95200000	6480.44200000	6477.89400000	6464.66000000	6479.00800000	6470.05600000	6434.46800000	6432.85800000	6426.50200000	6411.45600000	6421.02000000	6415.44400000	6411.70000000	6404.01800000	6392.12400000	6382.43600000	6413.23200000	6403.41400000	6371.77600000	6365.86000000	6371.65600000	6360.46000000	6393.67600000	6382.71600000	6367.93400000	6347.60400000	6337.93800000	6323.96400000	6437.71600000	6427.48056000
2834572864.32160807	6230.02400000	6218.75600000	6326.09400000	6323.46800000	6453.21200000	6444.90800000	6524.85800000	6507.91400000	6591.05400000	6581.20800000	6578.86200000	6562.07400000	6524.62400000	6512.89400000	6498.80000000	6478.37600000	6507.90000000	6502.44000000	6491.72200000	6471.71800000	6486.32200000	6473.30000000	6485.04800000	6469.19800000	6488.19000000	6479.99000000	6475.91000000	6466.85800000	6426.81600000	6414.20800000	6442.63400000	6438.04400000	6417.90800000	6414.15600000	6430.38800000	6414.09400000	6399.57600000	6386.45800000	6389.45400000	6374.77200000	6377.08600000	6371.62800000	6362.95000000	6355.96200000	6392.52000000	6375.35200000	6377.88800000	6361.46000000	6345.67200000	6327.13800000	6441.02048000	6429.05496000
2835075376.88442230	6188.27600000	6184.92000000	6339.27400000	6327.76400000	6512.73200000	6506.29600000	6539.93600000	6528.49800000	6564.69000000	6558.76600000	6517.89200000	6510.18400000	6518.66600000	6516.83400000	6505.18400000	6483.36200000	6493.98800000	6488.01400000	6517.80600000	6504.61800000	6495.57800000	6479.72200000	6472.09600000	6460.61800000	6472.88800000	6469.62000000	6447.54600000	6434.73000000	6432.83800000	6420.05800000	6397.47600000	6388.19200000	6419.12600000	6408.81200000	6420.92000000	6416.06000000	6377.59600000	6370.92400000	6392.50600000	6383.90000000	6375.83000000	6369.04800000	6363.11400000	6349.55800000	6359.33800000	6348.95000000	6345.61200000	6328.49400000	6341.97800000	6321.54800000	6432.51544000	6422.37960000
2835577889.44723606	6249.17200000	6243.61000000	6392.74000000	6386.10400000	6476.51600000	6461.51800000	6556.29000000	6553.61800000	6588.67200000	6576.00600000	6516.52200000	6507.30800000	6539.48600000	6531.94600000	6518.52800000	6514.65800000	6492.63400000	6485.97800000	6528.31400000	6522.99200000	6488.89200000	6476.85000000	6479.31800000	6471.37800000	6496.50000000	6488.19600000	6393.21400000	6382.50200000	6428.89200000	6411.70200000	6393.97600000	6394.73400000	6436.32800000	6424.74400000	6431.24800000	6422.90600000	6408.69400000	6399.80600000	6366.53600000	6355.64400000	6324.90200000	6321.47000000	6357.40800000	6351.14600000	6350.26200000	6347.71200000	6347.33200000	6337.64400000	6340.43400000	6330.48400000	6436.11240000	6428.02624000
2836080402.01005030	6162.35400000	6160.53000000	6287.41000000	6278.76400000	6392.59400000	6381.61200000	6476.90200000	6471.83400000	6559.36400000	6543.36400000	6620.13800000	6610.45400000	6519.10400000	6514.27800000	6497.04000000	6485.87600000	6513.36600000	6507.13800000	6509.77600000	6482.88400000	6502.22400000	6490.90000000	6497.84000000	6492.24200000	6472.55400000	6464.53200000	6475.83800000	6463.70200000	6431.77000000	6430.58400000	6437.96000000	6429.76800000	6415.55600000	6406.22600000	6402.48400000	6388.57200000	6375.35800000	6361.39400000	6383.58800000	6374.81600000	6381.00600000	6371.29200000	6344.26600000	6328.33000000	6360.77200000	6355.60600000	6366.45800000	6350.63000000	6346.45800000	6338.34800000	6429.28720000	6419.34704000
2836582914.57286453	6216.84000000	6213.22400000	6264.89800000	6263.11400000	6412.31000000	6401.08000000	6486.91800000	6480.93200000	6608.00800000	6596.70400000	6612.50200000	6603.75400000	6531.91000000	6525.63800000	6496.94400000	6480.96000000	6514.95000000	6510.07600000	6501.66800000	6491.02600000	6497.31000000	6481.88200000	6488.92600000	6486.03600000	6506.49800000	6502.84400000	6470.05400000	6464.19200000	6417.37400000	6402.65600000	6402.38800000	6401.32600000	6367.53400000	6368.94600000	6399.10600000	6391.30400000	6401.68400000	6397.82600000	6394.99000000	6384.13600000	6396.43800000	6381.84800000	6357.89000000	6354.77200000	6355.88000000	6346.50000000	6360.46600000	6350.15000000	6369.11200000	6362.05600000	6433.30392000	6425.71928000
2837085427.13567829	6168.58400000	6152.87400000	6273.34600000	6260.69400000	6413.21000000	6399.50000000	6526.04800000	6516.90200000	6560.22000000	6552.36800000	6618.25200000	6609.35400000	6525.96600000	6516.21800000	6503.76400000	6495.41000000	6525.61600000	6520.29600000	6500.71600000	6490.59200000	6495.71200000	6490.88400000	6510.57400000	6501.19800000	6481.55600000	6461.02000000	6464.18000000	6455.78400000	6435.42600000	6425.36000000	6446.02000000	6422.73800000	6424.30000000	6419.74000000	6398.97000000	6397.87600000	6389.86800000	6382.54200000	6377.81800000	6362.56600000	6409.21200000	6394.63000000	6371.33200000	6365.90000000	6374.67600000	6365.03000000	6354.74200000	6341.84800000	6344.81600000	6336.41200000	6435.79696000	6425.50944000
2837587939.69849253	6185.77800000	6177.84000000	6345.97000000	6343.12000000	6506.58000000	6495.50400000	6519.18600000	6518.08400000	6557.72800000	6545.06600000	6517.92000000	6509.64600000	6531.33800000	6526.16200000	6519.13200000	6506.73000000	6479.02800000	6474.18000000	6495.97200000	6486.49200000	6504.31400000	6496.86000000	6502.18200000	6504.12200000	6484.58000000	6474.24600000	6441.47400000	6432.78200000	6437.00600000	6427.79800000	6394.74000000	6391.71600000	6419.50600000	6415.93600000	6417.11000000	6408.15800000	6371.00000000	6360.47600000	6390.74200000	6378.35600000	6372.94800000	6356.93200000	6375.42800000	6363.53800000	6344.86400000	6343.57400000	6352.49600000	6340.57000000	6318.46400000	6310.98200000	6431.41944000	6423.55480000
2838090452.26130676	6269.88600000	6257.12600000	6397.34000000	6395.62400000	6494.83800000	6480.15800000	6547.93000000	6546.53200000	6605.02400000	6595.77000000	6531.73400000	6522.60200000	6533.07000000	6515.25200000	6520.30200000	6511.56800000	6488.43600000	6478.34400000	6525.15200000	6519.40000000	6475.53600000	6468.26800000	6480.22000000	6469.80400000	6502.62800000	6495.44800000	6396.35800000	6387.25600000	6434.64400000	6430.11200000	6405.24000000	6396.09200000	6428.22000000	6419.34600000	6398.41200000	6393.19000000	6415.99800000	6398.00000000	6370.27800000	6365.00600000	6328.44000000	6318.84200000	6369.08200000	6358.56000000	6365.39000000	6359.06200000	6340.76200000	6332.47400000	6326.72200000	6327.51400000	6438.06568000	6429.65400000
2838592964.82412052	6238.16800000	6235.14600000	6329.85600000	6319.99800000	6446.88000000	6439.26200000	6519.08200000	6509.06200000	6589.47000000	6577.72600000	6573.95800000	6569.83600000	6525.30400000	6516.22400000	6490.40600000	6485.29400000	6495.30400000	6488.14200000	6474.85800000	6468.62200000	6493.19600000	6487.41800000	6486.17800000	6484.72600000	6480.68600000	6473.30600000	6481.55400000	6472.34000000	6440.00000000	6431.76000000	6432.96400000	6425.30600000	6416.24600000	6407.24200000	6414.51000000	6411.19400000	6392.83200000	6395.56600000	6385.25400000	6376.94200000	6379.72800000	6376.62600000	6367.04400000	6363.93800000	6377.18600000	6376.67200000	6357.87200000	6355.02800000	6341.09200000	6337.36200000	6437.18512000	6431.38952000
2839095477.38693476	6286.88000000	6270.33800000	6392.01800000	6385.40400000	6482.48600000	6479.04400000	6575.01600000	6567.32600000	6618.28200000	6609.83800000	6541.80400000	6533.06600000	6519.65600000	6514.49400000	6494.23800000	6493.20400000	6491.39600000	6477.93400000	6504.74400000	6504.24800000	6482.04600000	6464.72000000	6462.29800000	6457.40000000	6455.83600000	6444.40600000	6428.29400000	6418.67600000	6439.61200000	6430.40600000	6400.03000000	6380.79200000	6420.97000000	6413.91800000	6378.14000000	6376.65400000	6415.39000000	6396.81000000	6391.01200000	6374.45400000	6334.76200000	6322.35800000	6355.46000000	6341.89800000	6371.97200000	6361.86000000	6357.25800000	6349.01800000	6307.51800000	6301.69400000	6436.28472000	6426.79840000
2839597989.94974852	6183.44600000	6173.13400000	6348.20000000	6326.91600000	6448.04200000	6435.50800000	6535.33400000	6528.40000000	6582.28000000	6572.31600000	6541.46800000	6529.96600000	6551.36200000	6543.09600000	6517.74000000	6503.94000000	6482.46600000	6474.00000000	6466.48800000	6459.44400000	6490.11200000	6484.10800000	6507.43000000	6503.43000000	6480.24400000	6474.84800000	6459.79800000	6453.84800000	6452.70200000	6445.77000000	6420.09600000	6415.39400000	6442.27800000	6432.40200000	6421.67800000	6413.18400000	6396.02800000	6389.10800000	6409.72000000	6398.36800000	6389.38200000	6394.91000000	6371.84000000	6357.21400000	6346.66000000	6343.87800000	6360.09200000	6360.97600000	6317.94200000	6308.98200000	6436.91312000	6428.92560000
2840100502.51256275	6178.91200000	6177.41000000	6357.96000000	6348.58600000	6458.37200000	6447.77800000	6556.99200000	6543.36600000	6566.01200000	6554.67400000	6532.91800000	6513.89600000	6561.00000000	6546.24600000	6500.22200000	6498.43800000	6476.50600000	6464.13600000	6460.53400000	6462.69600000	6492.68200000	6478.76600000	6490.43400000	6480.57800000	6500.98800000	6489.42200000	6479.03000000	6463.97400000	6455.61800000	6436.92800000	6414.77400000	6405.74200000	6430.25400000	6421.04000000	6424.80600000	6417.58600000	6407.06800000	6396.05800000	6412.21000000	6400.05200000	6403.82400000	6401.46200000	6375.88000000	6368.45000000	6352.84200000	6354.73800000	6363.32000000	6354.44000000	6327.64800000	6317.02400000	6439.23224000	6429.73944000
2840603015.07537699	6214.46600000	6211.29400000	6309.90800000	6308.84200000	6427.73000000	6428.93800000	6499.70400000	6487.49400000	6598.91200000	6591.57800000	6550.22600000	6545.73600000	6543.30600000	6536.99200000	6476.24600000	6467.69000000	6487.28600000	6480.33200000	6496.67800000	6487.51800000	6488.87600000	6486.46000000	6500.46800000	6492.24600000	6490.58200000	6482.92000000	6482.95000000	6476.25400000	6422.56800000	6411.47800000	6416.63800000	6411.93000000	6414.33800000	6411.35600000	6401.99800000	6402.51200000	6373.54800000	6371.19000000	6379.68600000	6383.39400000	6383.80000000	6384.59800000	6384.79800000	6374.65400000	6372.53400000	6366.56600000	6351.66800000	6349.81400000	6323.98800000	6317.15000000	6431.71608000	6426.75744000
2841105527.63819075	6169.80000000	6155.18000000	6303.01400000	6304.74800000	6398.47000000	6387.95200000	6462.80400000	6459.03000000	6552.03200000	6543.51800000	6613.72400000	6605.70000000	6513.69800000	6510.48800000	6521.45400000	6511.72000000	6518.93800000	6505.69400000	6487.03600000	6479.56800000	6484.38600000	6471.79000000	6493.67200000	6484.59400000	6470.86400000	6469.43800000	6477.20200000	6469.23800000	6436.68400000	6433.57800000	6435.80800000	6426.17200000	6426.83400000	6412.57200000	6406.61600000	6402.02000000	6373.44200000	6365.27800000	6407.75400000	6407.42800000	6392.23200000	6379.60000000	6328.29000000	6321.65200000	6379.27000000	6354.52400000	6381.34800000	6372.69000000	6352.96000000	6345.06000000	6431.53328000	6423.16928000
2841608040.20100498	6194.03600000	6183.87400000	6351.79200000	6341.19600000	6449.47800000	6453.19600000	6536.42800000	6529.90800000	6557.17000000	6552.07000000	6535.48400000	6521.29000000	6549.24000000	6545.38000000	6513.53800000	6508.42600000	6474.38600000	6477.77800000	6477.35600000	6466.38400000	6483.23200000	6477.02200000	6502.33600000	6494.48600000	6484.16400000	6481.37400000	6470.93600000	6456.73200000	6443.43200000	6438.89400000	6407.00600000	6406.26600000	6440.64400000	6424.73800000	6413.96600000	6410.46200000	6399.18800000	6389.44400000	6409.20400000	6398.60200000	6398.52000000	6385.17800000	6379.94400000	6368.20600000	6348.56000000	6339.41000000	6363.93800000	6346.82200000	6319.21000000	6319.44000000	6436.12752000	6428.66312000
2842110552.76381922	6243.92400000	6242.31200000	6390.14600000	6381.81800000	6448.36200000	6443.31000000	6534.77600000	6532.13800000	6586.90200000	6584.36800000	6499.66400000	6495.91800000	6537.04000000	6537.78600000	6488.69400000	6475.49600000	6491.02600000	6486.46400000	6521.69800000	6505.17000000	6495.55600000	6493.56400000	6480.97400000	6476.25800000	6469.09200000	6460.54800000	6433.09600000	6430.70600000	6452.62800000	6439.92800000	6410.72800000	6407.12600000	6397.88200000	6389.82200000	6430.95400000	6425.91000000	6391.52200000	6387.82800000	6392.17000000	6388.38600000	6349.96600000	6346.14800000	6364.25400000	6362.39600000	6351.30400000	6346.36000000	6341.77800000	6331.85400000	6337.29600000	6330.24200000	6433.65728000	6428.07424000
2842613065.32663298	6247.14000000	6232.57000000	6324.31800000	6308.84000000	6452.47600000	6450.04800000	6493.19800000	6492.76000000	6605.23600000	6597.79200000	6553.77800000	6546.68000000	6520.75800000	6516.99000000	6487.59200000	6488.11200000	6508.41800000	6505.46800000	6487.42400000	6479.66400000	6477.06800000	6472.69000000	6476.07800000	6464.70800000	6480.02600000	6478.28600000	6473.68200000	6474.10800000	6433.22400000	6426.13200000	6445.90000000	6429.13200000	6413.65400000	6405.94400000	6415.57200000	6405.01200000	6389.15800000	6386.15600000	6371.31000000	6365.15800000	6385.52600000	6376.50400000	6362.52000000	6355.70600000	6382.24800000	6374.82400000	6369.09800000	6360.19800000	6347.71200000	6336.25000000	6436.12456000	6429.18928000
2843115577.88944721	6220.60000000	6217.04600000	6324.15400000	6319.28400000	6444.73400000	6437.12400000	6495.06600000	6491.01200000	6590.83000000	6587.22400000	6551.54800000	6539.92400000	6542.06200000	6536.15200000	6480.66000000	6471.97800000	6481.86800000	6482.56000000	6484.84400000	6479.30800000	6484.06600000	6474.21800000	6508.32000000	6492.39000000	6498.05800000	6491.04800000	6480.33200000	6467.00200000	6428.77000000	6418.23800000	6413.42800000	6397.67400000	6420.73800000	6408.66800000	6407.64000000	6396.97400000	6374.97800000	6365.37600000	6393.09600000	6383.82600000	6392.22600000	6387.39600000	6389.10000000	6377.23200000	6384.21400000	6369.26400000	6348.67600000	6339.68200000	6325.73400000	6312.89200000	6434.62968000	6425.73968000
2843618090.45226145	6225.10400000	6220.39600000	6300.53600000	6294.51000000	6432.55000000	6424.51400000	6475.16600000	6466.65400000	6586.25800000	6577.64800000	6568.11000000	6567.86000000	6513.73000000	6505.19400000	6506.26000000	6502.58400000	6493.30200000	6482.79400000	6475.66200000	6472.21600000	6484.82800000	6479.89600000	6503.88800000	6496.42600000	6482.32200000	6474.29200000	6455.33400000	6442.38400000	6443.25000000	6438.91600000	6400.52200000	6397.16200000	6416.71200000	6408.30800000	6409.29200000	6402.63200000	6376.98600000	6370.11800000	6396.33600000	6395.78600000	6371.77600000	6361.42000000	6358.13200000	6345.19600000	6379.47400000	6365.51200000	6344.52800000	6340.81200000	6329.76400000	6327.89800000	6429.19288000	6422.44512000
2844120603.01507521	6265.61000000	6261.64200000	6392.85200000	6378.92200000	6481.74000000	6480.69200000	6559.93200000	6548.14400000	6575.00200000	6573.08000000	6505.78800000	6498.43800000	6542.14600000	6532.94000000	6511.00800000	6505.96800000	6487.68000000	6476.96000000	6524.06000000	6515.14400000	6496.62400000	6487.89600000	6495.76000000	6483.66800000	6490.15600000	6486.69000000	6412.58800000	6406.85600000	6451.73600000	6449.95600000	6422.45800000	6417.49000000	6416.61400000	6405.82000000	6431.52800000	6422.03400000	6399.09800000	6388.81000000	6381.99800000	6372.41200000	6327.93400000	6322.07000000	6347.38800000	6341.53000000	6335.97200000	6337.86000000	6346.50200000	6332.33400000	6330.59400000	6329.94200000	6437.31072000	6430.29192000
2844623115.57788944	6284.64800000	6276.50800000	6385.66800000	6376.35600000	6451.72800000	6450.09000000	6545.87800000	6540.55600000	6591.36000000	6588.49600000	6504.72800000	6495.02600000	6544.94800000	6528.33600000	6478.83000000	6466.79400000	6493.50200000	6481.79600000	6525.21000000	6511.61200000	6494.79200000	6488.19600000	6474.86600000	6466.05800000	6463.77600000	6460.70600000	6424.03400000	6424.12800000	6444.97600000	6439.53800000	6412.93000000	6405.60200000	6400.64600000	6394.08600000	6433.92800000	6418.77200000	6404.45200000	6389.29000000	6388.56800000	6382.56400000	6351.23400000	6347.37600000	6353.96000000	6351.51200000	6343.30400000	6349.93000000	6338.75400000	6329.44000000	6343.48800000	6341.51400000	6435.20832000	6428.17128000
2845125628.14070368	6278.88400000	6274.51400000	6382.00600000	6379.82600000	6469.98200000	6475.70400000	6537.73200000	6536.18200000	6576.07200000	6573.22400000	6505.10400000	6496.75000000	6537.70400000	6534.97000000	6508.42000000	6506.63400000	6490.85600000	6487.15000000	6519.50400000	6506.32600000	6490.01800000	6488.68800000	6489.36600000	6473.73400000	6485.13200000	6487.06600000	6399.90400000	6392.57200000	6444.71600000	6428.36400000	6412.43000000	6408.49600000	6425.47800000	6415.33800000	6433.47000000	6425.10000000	6397.65000000	6389.22000000	6366.04200000	6361.28600000	6329.96000000	6319.66600000	6344.50000000	6339.90000000	6352.63000000	6352.41600000	6337.52800000	6326.63600000	6334.10000000	6331.20600000	6433.96752000	6428.43872000
2845628140.70351744	6183.99000000	6168.65800000	6334.71800000	6333.35600000	6503.52800000	6501.66000000	6516.58600000	6514.67200000	6561.79800000	6558.05800000	6502.45600000	6500.00600000	6538.72400000	6533.05800000	6515.56800000	6506.30600000	6479.47000000	6478.11800000	6492.19800000	6478.20800000	6499.22800000	6495.43600000	6507.37800000	6502.07200000	6484.86400000	6480.53600000	6434.75800000	6428.13200000	6438.97200000	6432.02600000	6399.20200000	6394.72000000	6427.48400000	6419.19000000	6414.01000000	6408.63400000	6370.16200000	6365.76000000	6385.05600000	6384.39400000	6374.83200000	6367.83600000	6363.06000000	6353.76800000	6350.19600000	6346.68800000	6340.64400000	6339.74800000	6316.12800000	6309.99400000	6429.40040000	6424.04136000
2846130653.26633167	6183.93600000	6173.65200000	6336.39000000	6322.71800000	6512.35600000	6512.23000000	6520.94200000	6517.06800000	6549.84600000	6541.03800000	6517.56200000	6516.06400000	6542.78000000	6545.42200000	6498.81200000	6502.51600000	6491.12800000	6483.10200000	6491.78000000	6483.09200000	6501.81800000	6496.70600000	6494.66800000	6487.48600000	6476.82400000	6472.37000000	6430.41000000	6423.64600000	6437.80800000	6428.15400000	6396.32400000	6388.07400000	6423.18800000	6418.94400000	6416.19400000	6408.02000000	6368.38600000	6353.00000000	6395.55000000	6387.11400000	6375.13600000	6366.00000000	6371.95200000	6364.07200000	6348.51000000	6332.93200000	6340.90800000	6335.64000000	6308.41600000	6295.74000000	6429.26496000	6422.19200000
2846633165.82914591	6222.95000000	6216.64400000	6295.96000000	6291.81200000	6433.28400000	6430.22800000	6483.33200000	6485.56800000	6575.79600000	6572.83000000	6571.14200000	6565.01200000	6524.83200000	6520.30800000	6500.66000000	6497.15000000	6477.82200000	6478.04200000	6487.97200000	6476.30800000	6485.91000000	6478.13000000	6493.70400000	6491.05400000	6493.04800000	6485.67600000	6446.59800000	6446.21000000	6430.00000000	6422.60200000	6390.40000000	6391.25400000	6419.72200000	6416.05200000	6420.10400000	6406.41000000	6384.15000000	6378.64800000	6403.68800000	6394.16800000	6368.41600000	6369.33800000	6348.34600000	6340.18000000	6357.18800000	6351.89600000	6341.53600000	6336.29400000	6321.59200000	6313.54600000	6427.12608000	6422.21440000
2847135678.39195967	6227.72800000	6226.15600000	6313.95200000	6312.84200000	6444.64600000	6436.87000000	6500.64800000	6503.98800000	6608.86800000	6604.00200000	6561.49800000	6549.92600000	6545.46200000	6537.03400000	6488.59800000	6487.34600000	6495.23800000	6479.91000000	6475.06600000	6480.58200000	6487.55600000	6482.39200000	6484.17400000	6487.35800000	6480.95800000	6477.46800000	6469.74200000	6464.87000000	6415.00800000	6422.72200000	6379.42800000	6372.37800000	6418.71800000	6414.35000000	6394.50000000	6385.13400000	6374.67800000	6374.12200000	6394.07400000	6392.10600000	6380.50000000	6378.44400000	6386.59000000	6379.12000000	6361.78600000	6369.77400000	6357.13400000	6357.72400000	6322.84400000	6315.01200000	6430.77576000	6427.66520000
2847638190.95477390	6207.30000000	6201.27200000	6326.19000000	6329.38000000	6450.96600000	6445.31400000	6505.72400000	6511.87800000	6593.38200000	6593.49400000	6544.39400000	6545.99800000	6526.70200000	6522.29200000	6489.99200000	6482.53400000	6499.81800000	6501.75000000	6466.22800000	6468.92800000	6478.68400000	6480.23000000	6495.91000000	6484.85000000	6478.63800000	6476.83000000	6464.07000000	6462.05800000	6430.52800000	6429.34600000	6403.84000000	6399.09000000	6422.58200000	6410.30800000	6393.61000000	6386.23600000	6392.26400000	6395.95800000	6405.70600000	6397.71200000	6386.75800000	6385.35600000	6376.27400000	6365.43000000	6360.46400000	6357.19800000	6344.87400000	6345.22600000	6344.66200000	6340.13800000	6431.58240000	6428.75224000
2848140703.51758814	6235.41000000	6236.57600000	6297.16600000	6292.91800000	6422.78800000	6425.40200000	6480.55600000	6490.38200000	6582.60200000	6573.46800000	6572.33200000	6569.80200000	6534.49600000	6533.70000000	6510.95200000	6500.79000000	6488.84200000	6476.13200000	6477.53000000	6464.75200000	6482.45000000	6473.48800000	6489.53800000	6485.21000000	6488.12400000	6481.73400000	6444.23000000	6443.03600000	6428.85200000	6425.61000000	6378.87000000	6380.12800000	6422.35800000	6409.55200000	6416.68800000	6414.01000000	6383.89400000	6374.76600000	6403.56400000	6396.81000000	6366.54800000	6368.11000000	6351.32000000	6345.05000000	6359.97400000	6348.63200000	6337.49400000	6336.29000000	6313.22200000	6316.72600000	6426.79200000	6422.52296000
2848643216.08040190	6201.87000000	6189.45000000	6389.26000000	6382.82800000	6469.19200000	6466.00800000	6522.66400000	6511.30400000	6565.95000000	6569.28800000	6498.61200000	6497.45400000	6536.79400000	6529.36800000	6481.49200000	6487.39200000	6484.91200000	6486.75400000	6514.08000000	6515.25000000	6487.80800000	6482.35200000	6463.11000000	6460.64000000	6468.05000000	6465.39800000	6445.46200000	6437.37800000	6438.26000000	6429.65400000	6406.97000000	6405.61000000	6412.98000000	6402.34200000	6421.56600000	6412.97600000	6377.01600000	6381.76200000	6384.48800000	6374.17000000	6358.13400000	6354.86200000	6357.25400000	6354.87200000	6350.92600000	6343.39000000	6328.59200000	6328.91400000	6339.14400000	6333.35800000	6428.18344000	6424.11096000
2849145728.64321613	6161.02400000	6160.33600000	6261.14200000	6263.85800000	6391.35400000	6395.40000000	6515.43200000	6512.87600000	6563.44000000	6558.16200000	6601.36000000	6601.84200000	6522.17400000	6516.04400000	6497.90800000	6493.88000000	6520.25200000	6528.92000000	6492.20800000	6487.30000000	6485.77800000	6494.99200000	6507.05000000	6501.09000000	6488.26400000	6481.21600000	6456.95000000	6455.40000000	6423.63800000	6417.38800000	6427.17400000	6427.57200000	6413.72000000	6415.40800000	6395.55200000	6397.60600000	6390.45400000	6379.01000000	6377.57800000	6371.50400000	6401.51200000	6399.34000000	6363.50200000	6358.60800000	6372.74600000	6368.16600000	6348.01800000	6345.74200000	6337.84400000	6341.69800000	6428.64296000	6426.93432000
2849648241.20603037	6181.69000000	6181.14800000	6259.15200000	6262.04800000	6395.47800000	6386.82400000	6523.81600000	6513.41600000	6565.61200000	6566.03600000	6609.65000000	6612.37200000	6506.21200000	6500.84400000	6486.50800000	6481.67200000	6533.22800000	6526.50400000	6474.99800000	6469.26200000	6485.80600000	6479.56600000	6493.86000000	6488.08400000	6499.94200000	6500.81000000	6472.05000000	6469.49800000	6442.96200000	6427.50600000	6406.88800000	6394.51000000	6392.92400000	6396.14000000	6391.01200000	6400.22200000	6412.49000000	6404.42000000	6372.23800000	6368.14800000	6401.36000000	6389.48200000	6372.11600000	6367.45800000	6355.54600000	6345.32800000	6354.20600000	6353.36000000	6365.85600000	6352.82400000	6430.22400000	6425.49928000
2850150753.76884413	6151.52800000	6145.25400000	6277.62800000	6282.41400000	6404.55000000	6393.44000000	6456.34000000	6452.16400000	6551.68800000	6556.98000000	6621.61200000	6613.68800000	6514.35000000	6518.11000000	6493.57400000	6492.02200000	6507.54200000	6505.36000000	6483.19000000	6480.91400000	6497.11400000	6499.84800000	6493.12200000	6494.33400000	6467.90000000	6466.21600000	6469.22800000	6471.35400000	6427.22000000	6431.02000000	6428.27800000	6426.62400000	6414.76200000	6414.41400000	6402.18600000	6394.52200000	6359.90000000	6362.16400000	6380.10200000	6378.52400000	6386.16200000	6371.91600000	6334.99600000	6333.65600000	6360.23400000	6352.06400000	6360.61400000	6352.07800000	6342.19600000	6334.11000000	6423.44064000	6420.92760000
2850653266.33165836	6237.44200000	6233.10800000	6380.74000000	6381.85800000	6483.01400000	6480.59000000	6546.37200000	6551.56800000	6586.65800000	6585.03600000	6504.16200000	6511.56000000	6520.01800000	6519.34800000	6520.83000000	6518.93000000	6474.41000000	6484.81000000	6514.71200000	6509.46800000	6474.61000000	6473.60800000	6472.09800000	6479.25600000	6492.47800000	6492.03800000	6379.35000000	6377.50000000	6420.61600000	6417.12600000	6399.14000000	6395.89800000	6426.34600000	6422.59400000	6408.20000000	6406.07200000	6404.74400000	6400.63800000	6351.54000000	6356.91400000	6323.15200000	6315.49800000	6347.67000000	6347.82800000	6348.35600000	6348.08600000	6330.48200000	6340.62600000	6321.27200000	6320.85800000	6426.73648000	6426.83264000
2851155778.89447260	6156.55000000	6155.85600000	6262.50600000	6264.33400000	6385.17800000	6382.23400000	6504.10000000	6505.36600000	6570.74400000	6569.48400000	6613.97600000	6617.26800000	6516.63200000	6520.93200000	6483.57600000	6485.95400000	6530.29400000	6538.83800000	6447.03800000	6458.34800000	6477.78600000	6483.19800000	6513.12800000	6514.82400000	6481.77000000	6488.58000000	6458.90600000	6458.57800000	6424.39000000	6426.14200000	6409.27800000	6420.13200000	6418.49800000	6405.82400000	6403.08400000	6406.09000000	6395.86600000	6390.47200000	6374.64000000	6366.41600000	6395.21400000	6396.56600000	6374.23800000	6369.98800000	6363.41800000	6355.13800000	6355.10400000	6349.41400000	6338.03600000	6338.19600000	6426.15800000	6426.72688000
2851658291.45728636	6186.51600000	6198.89800000	6315.80800000	6320.64800000	6495.21800000	6504.63800000	6522.30600000	6523.44200000	6550.08200000	6551.25200000	6507.47000000	6510.58000000	6504.78800000	6513.36400000	6483.14200000	6494.67800000	6485.73000000	6487.09800000	6487.64000000	6480.86400000	6476.10000000	6488.82200000	6457.40000000	6460.84400000	6467.80000000	6466.81000000	6431.06800000	6435.22600000	6427.20600000	6423.24800000	6386.57600000	6389.93000000	6417.16200000	6427.89000000	6415.76200000	6417.01200000	6363.29000000	6361.52800000	6373.50000000	6372.63000000	6369.57600000	6368.08200000	6354.38200000	6347.72200000	6344.87000000	6348.94400000	6337.10200000	6332.84800000	6340.60600000	6338.91200000	6420.04400000	6422.63640000
2852160804.02010059	6182.49600000	6180.82400000	6330.69600000	6334.07800000	6498.94400000	6507.60600000	6523.78400000	6530.39800000	6553.02400000	6562.78800000	6508.33200000	6505.19400000	6518.51400000	6519.99200000	6482.22800000	6487.26000000	6472.94400000	6474.66200000	6499.67400000	6504.16000000	6493.10800000	6491.07000000	6466.72600000	6476.04200000	6459.55000000	6466.58200000	6439.11200000	6447.63200000	6422.02200000	6426.55200000	6391.70000000	6388.73800000	6412.22200000	6411.18400000	6418.20800000	6414.53400000	6375.72600000	6377.86600000	6379.36400000	6387.29600000	6362.05800000	6362.14600000	6345.01800000	6352.10000000	6348.22800000	6358.70600000	6331.89200000	6340.62000000	6328.09800000	6324.07800000	6421.74672000	6425.28432000
2852663316.58291435	6183.94600000	6193.67800000	6328.10200000	6334.92600000	6448.71400000	6456.08200000	6511.64000000	6514.04800000	6577.46800000	6574.61600000	6522.27000000	6525.68200000	6533.68000000	6547.10400000	6484.98600000	6497.33600000	6468.33800000	6472.38400000	6470.22600000	6472.10800000	6463.08200000	6474.79600000	6469.98600000	6474.92600000	6492.82800000	6490.97400000	6466.57400000	6473.26600000	6418.11200000	6425.74600000	6411.56000000	6418.92400000	6416.19000000	6421.41600000	6400.76800000	6401.47400000	6385.03200000	6384.64400000	6398.06800000	6403.12800000	6384.15000000	6393.19400000	6364.69800000	6368.59600000	6345.22000000	6354.91000000	6347.89200000	6341.84400000	6324.76800000	6320.79000000	6424.73192000	6429.46368000
2853165829.14572859	6220.87600000	6230.59400000	6306.22800000	6309.78800000	6438.83600000	6435.47400000	6481.37200000	6482.19800000	6577.69000000	6583.82800000	6570.43400000	6572.17600000	6500.18800000	6512.43000000	6502.45800000	6508.06400000	6487.13000000	6492.17000000	6473.01200000	6475.59800000	6468.47200000	6479.00800000	6478.61000000	6481.12400000	6471.20000000	6472.13800000	6442.80400000	6452.79000000	6421.15800000	6426.04200000	6389.65800000	6401.11800000	6395.47200000	6408.20800000	6401.51600000	6409.16400000	6367.10800000	6368.54800000	6399.87200000	6408.58200000	6357.12600000	6361.62000000	6339.61800000	6346.65200000	6369.60200000	6378.24600000	6343.08000000	6348.82400000	6310.41400000	6319.01600000	6420.55736000	6426.53600000
2853668341.70854282	6170.24600000	6174.35600000	6315.87000000	6325.60600000	6502.27200000	6507.22000000	6507.83800000	6511.84200000	6533.00200000	6537.70000000	6500.45400000	6504.97800000	6530.35800000	6536.83600000	6488.43800000	6494.30400000	6470.21200000	6478.68000000	6485.08800000	6487.13000000	6491.78400000	6491.80800000	6485.56000000	6481.23400000	6472.57200000	6473.06000000	6418.04600000	6427.69600000	6424.39600000	6424.68800000	6373.84600000	6385.46800000	6416.82200000	6420.05600000	6412.61400000	6420.53000000	6361.12000000	6373.91800000	6392.19000000	6395.70200000	6366.06000000	6378.49000000	6349.11400000	6353.14000000	6333.78800000	6342.34600000	6326.76000000	6336.55800000	6305.42400000	6311.50800000	6417.35496000	6422.99416000
2854170854.27135658	6196.89400000	6204.63600000	6218.47200000	6224.37600000	6386.08800000	6394.70400000	6511.14200000	6520.58400000	6580.59200000	6592.50400000	6591.85800000	6600.04400000	6515.84800000	6521.94200000	6456.83400000	6473.23600000	6502.72200000	6507.84600000	6461.80000000	6475.54400000	6467.44800000	6488.76000000	6481.04800000	6490.70000000	6493.58000000	6497.54600000	6467.63200000	6475.27400000	6408.54600000	6412.12400000	6379.72000000	6387.62400000	6352.26400000	6359.18000000	6388.17600000	6392.86200000	6383.53800000	6389.20200000	6368.57200000	6379.67200000	6385.41600000	6393.40000000	6352.99000000	6366.67000000	6343.56000000	6347.49600000	6338.09000000	6345.35600000	6360.47200000	6364.11200000	6415.73208000	6424.21576000
2854673366.83417082	6271.31400000	6279.29600000	6387.81000000	6391.43000000	6475.64600000	6485.92400000	6561.39800000	6569.27400000	6591.63000000	6612.63600000	6512.76200000	6522.60200000	6505.06200000	6507.81400000	6489.43400000	6496.37600000	6479.22400000	6485.79000000	6510.35000000	6511.76200000	6444.54000000	6454.01200000	6469.67200000	6481.38600000	6460.23200000	6468.62800000	6405.22000000	6413.65000000	6421.15600000	6431.03000000	6378.07800000	6386.35800000	6417.41600000	6421.34000000	6375.61200000	6378.60600000	6394.70800000	6400.58400000	6373.15800000	6375.73800000	6308.28200000	6311.42600000	6341.11800000	6352.98200000	6339.02200000	6349.89400000	6335.39200000	6352.41600000	6320.73200000	6325.44000000	6422.75872000	6430.65576000
2855175879.39698505	6173.46800000	6187.88600000	6295.16000000	6310.48800000	6408.17600000	6430.24000000	6469.69200000	6475.70200000	6573.52400000	6587.01000000	6539.12200000	6560.92800000	6524.77200000	6537.08800000	6457.67400000	6467.18800000	6474.91000000	6485.47000000	6470.79400000	6485.44200000	6474.51200000	6479.19800000	6479.54200000	6491.74800000	6477.00600000	6476.22600000	6461.87000000	6464.76400000	6404.95200000	6413.04600000	6404.91600000	6414.09200000	6397.16600000	6406.81200000	6397.10600000	6412.59000000	6357.24400000	6367.56200000	6370.84000000	6377.21800000	6367.68600000	6376.99800000	6350.26800000	6373.31400000	6354.15600000	6365.78000000	6330.29800000	6342.33200000	6312.50200000	6318.70000000	6413.09424000	6424.31288000
2855678391.95979881	6135.72400000	6149.50800000	6248.37200000	6263.31600000	6367.14400000	6373.41600000	6484.39200000	6501.96200000	6557.67800000	6570.16800000	6605.90600000	6618.83200000	6495.51600000	6512.16000000	6472.24600000	6485.79400000	6508.64800000	6527.94600000	6451.90600000	6468.30400000	6472.60800000	6492.95600000	6492.11800000	6506.04000000	6479.04400000	6494.52200000	6445.12800000	6465.86800000	6408.33200000	6420.68800000	6400.04200000	6413.63400000	6398.08200000	6418.49400000	6386.56600000	6402.06800000	6377.26800000	6389.91800000	6364.84600000	6373.85200000	6382.90600000	6398.42200000	6356.44000000	6361.33600000	6345.17800000	6357.47000000	6339.79800000	6356.26600000	6324.61200000	6333.98000000	6412.02000000	6426.27680000
2856180904.52261305	6177.73000000	6194.04800000	6323.62400000	6340.88800000	6428.51000000	6442.74200000	6501.83600000	6520.66200000	6559.67200000	6576.42400000	6508.42000000	6526.64600000	6525.95200000	6543.97000000	6483.51600000	6502.60200000	6456.23400000	6470.50400000	6452.09400000	6467.66800000	6459.96400000	6479.47800000	6469.15400000	6486.63000000	6471.29200000	6482.73200000	6458.68600000	6465.10200000	6413.68200000	6431.86000000	6394.37000000	6415.40200000	6416.66400000	6427.63200000	6392.37000000	6404.11400000	6385.72400000	6399.96600000	6386.37200000	6399.38400000	6382.30400000	6395.12200000	6357.01000000	6370.26400000	6343.94800000	6354.13800000	6324.96400000	6352.10800000	6306.66000000	6320.17000000	6415.23008000	6430.81024000
2856683417.08542728	6198.51200000	6213.96600000	6355.82000000	6386.68200000	6423.85200000	6447.73200000	6489.88200000	6518.73200000	6562.12600000	6580.11400000	6484.86600000	6508.49000000	6517.75800000	6535.95200000	6459.58600000	6478.43800000	6463.62400000	6478.38000000	6489.06600000	6504.60600000	6467.03600000	6480.88000000	6446.44200000	6464.00200000	6436.61800000	6454.70400000	6419.51400000	6442.29400000	6422.80600000	6437.28000000	6384.88000000	6402.88400000	6379.05400000	6395.27800000	6403.34600000	6422.97000000	6362.66000000	6374.27000000	6369.34600000	6383.01800000	6331.14800000	6344.72000000	6333.91000000	6349.31200000	6327.22400000	6345.70800000	6317.42200000	6333.16200000	6306.66200000	6329.82000000	6406.12640000	6424.53576000
2857185929.64824104	6262.73200000	6285.56600000	6372.41000000	6394.69600000	6469.71200000	6489.78800000	6540.28600000	6562.68600000	6589.38600000	6617.48800000	6496.99000000	6519.22200000	6504.27400000	6515.73600000	6469.53800000	6498.31800000	6465.66400000	6490.10800000	6491.60800000	6508.81400000	6435.50600000	6458.97200000	6465.17000000	6483.43800000	6435.17400000	6454.00600000	6387.55000000	6409.57000000	6404.42200000	6427.16800000	6363.51800000	6381.40800000	6397.01400000	6416.06400000	6361.51000000	6383.28400000	6380.87200000	6397.51000000	6364.43800000	6375.50000000	6289.54000000	6306.33000000	6336.44800000	6354.10200000	6341.17000000	6357.33600000	6334.38400000	6348.26400000	6304.79000000	6317.95200000	6410.56424000	6430.13304000
2857688442.21105528	6172.20600000	6194.32600000	6334.62800000	6357.75000000	6460.08600000	6487.25000000	6491.70600000	6518.33200000	6541.72000000	6570.45800000	6483.71600000	6506.37600000	6498.20400000	6515.46200000	6468.34800000	6497.15600000	6458.86400000	6481.08200000	6483.47400000	6503.42000000	6455.38200000	6473.64000000	6444.55600000	6469.92800000	6437.25800000	6467.19000000	6407.86400000	6435.62800000	6408.15600000	6425.09800000	6356.94400000	6378.88600000	6395.63600000	6406.35200000	6383.91800000	6407.66400000	6336.08600000	6354.47200000	6348.18600000	6374.93000000	6336.42600000	6353.06000000	6326.28000000	6341.99200000	6324.38600000	6346.64200000	6304.40400000	6323.40600000	6324.53800000	6336.41400000	6399.31888000	6421.07656000
2858190954.77386951	6175.27200000	6198.71400000	6208.14200000	6245.44200000	6373.81800000	6394.99400000	6472.04000000	6490.47400000	6566.98000000	6595.80800000	6595.56600000	6615.77800000	6496.44000000	6524.34400000	6466.20200000	6483.08400000	6475.62200000	6494.94000000	6464.06000000	6491.83400000	6453.79800000	6477.48800000	6468.31400000	6492.84600000	6477.22400000	6504.26600000	6443.97000000	6468.71800000	6385.85600000	6402.70600000	6373.48800000	6393.80400000	6344.70400000	6374.11800000	6361.69000000	6381.16400000	6362.44000000	6387.13600000	6356.23200000	6378.53400000	6355.80200000	6379.98600000	6331.96400000	6360.75800000	6317.69600000	6344.19000000	6329.19800000	6347.08000000	6339.14600000	6353.88200000	6399.82656000	6423.28352000
2858693467.33668327	6122.64600000	6150.18600000	6215.70400000	6247.67200000	6362.26200000	6397.84600000	6457.50800000	6493.52600000	6529.77200000	6556.10400000	6562.89600000	6599.02400000	6480.30600000	6502.78200000	6465.70600000	6491.17000000	6494.03800000	6518.49000000	6435.26600000	6464.78000000	6459.24800000	6489.10600000	6482.84800000	6510.66000000	6454.87600000	6485.52400000	6429.13400000	6457.83000000	6391.56800000	6416.73000000	6391.40400000	6416.29400000	6389.42800000	6422.70200000	6377.98200000	6401.47400000	6363.48000000	6385.27000000	6344.26200000	6361.35400000	6373.51000000	6398.45400000	6338.28600000	6367.03400000	6333.42000000	6364.47200000	6326.47400000	6349.85200000	6311.72000000	6334.17400000	6395.74976000	6423.30040000
2859195979.89949751	6164.32200000	6199.98400000	6314.63400000	6365.06000000	6463.84000000	6500.10200000	6496.63400000	6526.44400000	6532.64600000	6565.96200000	6472.23400000	6505.46800000	6485.38800000	6518.60800000	6456.81200000	6497.82400000	6441.98400000	6473.89400000	6466.11400000	6499.27200000	6454.41800000	6482.03800000	6444.26200000	6458.33400000	6428.59800000	6458.66000000	6399.49000000	6424.19600000	6397.55400000	6430.98800000	6351.19800000	6389.44000000	6382.91400000	6412.05800000	6372.14200000	6401.53400000	6336.11600000	6356.48600000	6351.27000000	6370.14000000	6326.61400000	6357.54800000	6313.34800000	6341.91600000	6310.91000000	6339.72000000	6300.77800000	6325.47200000	6304.34400000	6331.89600000	6390.74256000	6421.32176000
2859698492.46231174	6230.17600000	6259.83800000	6344.38800000	6388.48200000	6443.78800000	6470.97800000	6502.34800000	6548.69600000	6556.61800000	6591.60400000	6483.31400000	6516.91000000	6487.56200000	6528.13800000	6467.96200000	6492.41400000	6442.35400000	6466.73400000	6480.35600000	6505.40000000	6435.93600000	6469.98800000	6446.81000000	6476.13600000	6453.14800000	6486.49000000	6367.49600000	6395.58200000	6401.03400000	6425.66600000	6361.87400000	6386.90800000	6383.68800000	6418.79200000	6368.28200000	6396.42600000	6374.21000000	6408.52200000	6341.99400000	6367.81000000	6280.22400000	6312.75400000	6330.77400000	6360.44600000	6335.64400000	6359.32600000	6300.20000000	6317.70200000	6288.73400000	6320.79600000	6396.35656000	6426.90152000
2860201005.02512550	6274.92400000	6315.31600000	6355.62200000	6397.02800000	6410.16000000	6453.98000000	6515.30400000	6552.05400000	6566.47800000	6607.61000000	6487.00000000	6529.19200000	6467.37600000	6506.57800000	6450.79800000	6496.66000000	6439.29600000	6476.76200000	6446.17400000	6486.16600000	6456.26600000	6499.11600000	6417.74400000	6453.08400000	6421.64800000	6455.71800000	6394.77800000	6435.04200000	6396.01000000	6426.11600000	6368.90800000	6406.22200000	6387.15600000	6423.90200000	6332.48000000	6367.62800000	6381.78600000	6411.88400000	6349.02800000	6376.83800000	6295.48200000	6323.17200000	6333.77600000	6364.03600000	6345.24600000	6375.31800000	6318.67200000	6358.33400000	6281.29200000	6304.39800000	6395.73616000	6432.08616000
2860703517.58793974	6125.58000000	6166.80600000	6291.52200000	6340.77200000	6411.46600000	6450.29800000	6492.41800000	6543.12000000	6527.23600000	6562.42200000	6469.12800000	6509.86600000	6497.01000000	6535.00000000	6458.91200000	6502.84200000	6434.98400000	6473.32200000	6418.70200000	6454.91400000	6449.07000000	6491.91200000	6467.01400000	6502.82800000	6434.50800000	6470.71800000	6414.21200000	6445.35400000	6398.87000000	6428.06200000	6378.56800000	6406.88000000	6390.30800000	6418.51200000	6379.14400000	6416.03600000	6355.07400000	6385.26000000	6358.39400000	6385.21800000	6348.32800000	6375.67800000	6335.13400000	6368.98000000	6322.00600000	6348.01200000	6332.39200000	6359.47800000	6263.71600000	6306.10600000	6390.14784000	6425.93584000
2861206030.15075397	6184.44200000	6229.25400000	6339.81200000	6387.71000000	6431.85600000	6484.85600000	6495.91200000	6544.45600000	6521.40000000	6565.74000000	6456.25200000	6502.35000000	6499.75200000	6540.04200000	6473.94000000	6513.10400000	6435.68200000	6480.37200000	6477.32000000	6517.61000000	6431.35800000	6471.03400000	6432.86400000	6474.16800000	6441.12400000	6488.76400000	6348.44400000	6382.79800000	6392.04400000	6433.51800000	6355.74600000	6393.57800000	6389.99200000	6424.46000000	6386.67000000	6423.39400000	6361.26200000	6397.19800000	6320.99600000	6352.56200000	6289.30200000	6324.67800000	6308.48800000	6341.88200000	6310.45000000	6349.64200000	6302.00200000	6340.97000000	6290.17400000	6322.74400000	6387.09136000	6427.47536000
2861708542.71356773	6212.02600000	6262.28600000	6336.10800000	6383.59000000	6428.59800000	6475.04000000	6491.15000000	6545.35200000	6526.34600000	6579.64000000	6457.32400000	6502.73200000	6487.06400000	6540.08400000	6460.27400000	6505.97200000	6441.46600000	6483.73600000	6471.90800000	6513.86800000	6438.48000000	6486.21800000	6432.05200000	6473.83600000	6444.17400000	6485.41400000	6349.27000000	6399.96800000	6398.43800000	6435.25600000	6362.65400000	6406.50800000	6380.46000000	6419.16600000	6394.31800000	6428.71000000	6352.53000000	6393.84200000	6333.58600000	6371.82000000	6289.59000000	6325.81000000	6297.76000000	6342.09000000	6301.68200000	6350.31600000	6299.79800000	6325.97800000	6293.50600000	6325.53200000	6387.22248000	6430.51056000
2862211055.27638197	6238.46000000	6284.73200000	6334.01800000	6381.64600000	6421.83400000	6475.46400000	6499.64400000	6553.13200000	6563.29200000	6613.40800000	6474.71600000	6520.65200000	6459.11600000	6508.62800000	6443.86600000	6489.78400000	6435.40000000	6485.93000000	6451.22000000	6499.45000000	6432.09800000	6478.22800000	6413.87000000	6460.57800000	6412.63800000	6453.93000000	6374.29800000	6421.08000000	6382.74000000	6425.17600000	6371.42000000	6400.93000000	6371.50000000	6416.03800000	6327.11800000	6361.52800000	6365.61400000	6402.96600000	6342.54800000	6384.71800000	6283.83200000	6318.62600000	6313.04600000	6358.60800000	6327.46400000	6374.20600000	6307.41600000	6347.40600000	6254.31600000	6297.22800000	6384.05936000	6428.56288000
2862713567.83919621	6150.06200000	6208.05800000	6284.16400000	6327.40800000	6403.77200000	6449.44600000	6458.98800000	6518.47400000	6515.16200000	6578.27600000	6465.84800000	6522.55000000	6490.71400000	6538.47000000	6442.30800000	6494.22400000	6425.69800000	6467.71400000	6422.36200000	6476.61800000	6433.57000000	6482.29400000	6424.79800000	6467.26000000	6431.11600000	6487.14000000	6426.37800000	6474.21600000	6385.18000000	6421.84800000	6364.08800000	6411.58600000	6384.25200000	6424.01200000	6362.40200000	6401.25000000	6342.86600000	6388.62000000	6360.28200000	6402.50200000	6350.63200000	6394.38600000	6334.21800000	6372.83200000	6311.63400000	6352.13800000	6305.52400000	6347.09800000	6283.13800000	6329.28000000	6382.36624000	6429.50800000
2863216080.40200996	6153.33600000	6206.20000000	6326.07400000	6383.49200000	6411.65200000	6464.17000000	6459.58800000	6512.02400000	6516.85400000	6575.31000000	6446.39600000	6504.46000000	6475.71800000	6528.41800000	6433.78200000	6483.90800000	6427.62200000	6482.08000000	6455.12200000	6500.91000000	6437.60200000	6478.08000000	6415.53200000	6456.95600000	6404.51200000	6456.61800000	6396.63800000	6431.93400000	6394.26800000	6435.41400000	6365.60600000	6408.09000000	6353.49600000	6396.47200000	6372.09200000	6410.85400000	6336.95600000	6383.10200000	6335.57800000	6371.11600000	6303.38400000	6348.17200000	6307.16000000	6354.33000000	6308.63600000	6337.86600000	6282.47200000	6326.01400000	6283.22800000	6323.25400000	6376.13216000	6422.36976000
2863718592.96482420	6116.15200000	6168.65200000	6295.67400000	6343.53400000	6415.79000000	6471.11200000	6440.51800000	6497.29200000	6512.06200000	6571.34800000	6468.07800000	6525.22600000	6456.12200000	6513.95600000	6453.28800000	6506.96200000	6423.14600000	6472.29800000	6424.73000000	6482.32800000	6437.84200000	6499.68800000	6448.52600000	6492.18400000	6422.49200000	6480.29400000	6386.92800000	6435.97800000	6397.61400000	6441.62400000	6354.83000000	6404.06000000	6380.87000000	6424.73000000	6353.91000000	6400.29400000	6316.44800000	6362.00800000	6358.13000000	6399.60000000	6331.50200000	6381.36400000	6314.84600000	6356.68200000	6309.47800000	6356.38200000	6315.68600000	6364.77400000	6268.05400000	6312.42200000	6376.10864000	6426.59168000
2864221105.52763844	6154.12600000	6217.53400000	6200.14800000	6267.74400000	6331.32400000	6398.36400000	6427.11400000	6491.95000000	6536.50200000	6593.03400000	6548.97600000	6607.13000000	6469.63400000	6528.66200000	6425.04000000	6482.31000000	6439.76800000	6494.02200000	6428.24000000	6488.60800000	6432.23200000	6491.12600000	6428.34400000	6486.41000000	6450.62600000	6500.14600000	6411.33800000	6467.29200000	6359.89200000	6401.48200000	6359.03200000	6412.01400000	6320.50200000	6366.32200000	6347.84400000	6399.15000000	6348.17200000	6395.44800000	6329.17800000	6381.46400000	6336.90400000	6389.50800000	6308.59000000	6355.63000000	6299.72200000	6347.55400000	6295.15200000	6343.99400000	6316.16800000	6366.69800000	6372.18272000	6426.94384000
2864723618.09045219	6211.02600000	6264.89600000	6333.55200000	6391.23400000	6417.91200000	6484.37400000	6496.72800000	6554.78200000	6515.20600000	6575.35200000	6448.53800000	6510.41600000	6466.51200000	6526.39600000	6452.95600000	6503.07600000	6424.67800000	6484.94000000	6458.55200000	6508.46800000	6442.95800000	6498.40800000	6422.46000000	6479.26800000	6429.01200000	6485.93000000	6351.29600000	6402.39800000	6404.77400000	6445.40600000	6366.36400000	6410.38600000	6358.21800000	6405.79600000	6370.40800000	6421.99400000	6344.92000000	6391.83000000	6328.04000000	6369.33600000	6270.09200000	6322.80400000	6299.31000000	6349.81200000	6290.16800000	6323.41800000	6281.27200000	6331.29800000	6281.45000000	6328.30000000	6378.65608000	6430.81272000
2865226130.65326643	6136.28200000	6188.18800000	6254.47000000	6308.13200000	6358.13800000	6422.62200000	6426.93800000	6492.62000000	6535.17000000	6603.68400000	6491.78200000	6551.15800000	6471.28800000	6533.80400000	6419.62200000	6473.30000000	6423.12800000	6478.92400000	6427.40000000	6487.86000000	6424.49200000	6482.08000000	6442.12200000	6498.18800000	6423.72200000	6479.38600000	6419.47600000	6475.22200000	6370.66400000	6416.62000000	6377.51200000	6428.81600000	6359.50600000	6414.60200000	6362.17800000	6415.49200000	6313.73400000	6363.07000000	6316.24400000	6372.92800000	6327.01200000	6376.73000000	6316.72800000	6365.47800000	6332.55200000	6375.21800000	6309.33800000	6348.33800000	6287.30800000	6336.16200000	6373.07224000	6427.54488000
2865728643.21608019	6121.27000000	6182.55600000	6273.75400000	6340.74200000	6443.17000000	6504.33400000	6438.41200000	6518.40600000	6485.49000000	6542.96800000	6451.66400000	6515.03600000	6454.22000000	6511.26200000	6433.61800000	6487.20800000	6431.70200000	6488.87800000	6429.78400000	6498.24200000	6420.44200000	6470.65400000	6408.95600000	6461.77200000	6417.13800000	6469.16800000	6376.55800000	6433.30200000	6375.03200000	6425.28800000	6333.08200000	6388.17200000	6365.45800000	6421.16400000	6358.15600000	6412.68200000	6314.04800000	6366.87000000	6326.60200000	6375.84200000	6320.80000000	6371.66600000	6294.87800000	6347.32000000	6300.47600000	6349.01400000	6281.48800000	6324.62400000	6290.80200000	6339.79800000	6365.88000000	6421.87872000
2866231155.77889442	6151.53600000	6213.21800000	6200.19400000	6252.34200000	6338.90400000	6407.79800000	6418.20200000	6485.98800000	6504.37600000	6575.99000000	6519.44000000	6586.03600000	6468.75600000	6529.30200000	6429.90200000	6480.77000000	6437.82800000	6497.81600000	6413.48800000	6481.13200000	6424.20800000	6476.46200000	6421.31600000	6473.98200000	6427.92600000	6487.20800000	6401.44800000	6455.27600000	6345.40000000	6393.34200000	6340.22800000	6385.27200000	6359.52400000	6409.15400000	6361.18800000	6409.00400000	6343.75600000	6395.98200000	6325.80200000	6371.57000000	6317.22400000	6374.87200000	6277.43000000	6330.81600000	6304.34400000	6355.76200000	6295.89600000	6344.34200000	6273.53200000	6329.66800000	6364.07392000	6420.12416000
2866733668.34170866	6124.84400000	6177.58600000	6199.12000000	6264.83800000	6324.22200000	6390.35600000	6464.53400000	6530.71800000	6513.73600000	6582.05800000	6527.81400000	6590.16000000	6443.04000000	6503.52000000	6412.61200000	6472.42200000	6452.71400000	6509.38400000	6410.37000000	6475.40600000	6440.21000000	6494.58400000	6432.49800000	6492.51600000	6439.56800000	6491.93000000	6417.93200000	6470.43600000	6359.55400000	6413.57200000	6335.83200000	6389.16800000	6320.81000000	6373.69600000	6353.35800000	6401.98200000	6350.57200000	6394.29200000	6323.94200000	6372.00000000	6349.25200000	6399.13200000	6318.65000000	6365.55600000	6301.12600000	6353.24200000	6303.76000000	6347.06800000	6303.88400000	6362.19000000	6368.95816000	6424.71248000
2867236180.90452242	6183.28200000	6231.26800000	6199.42800000	6259.63000000	6367.33000000	6424.23200000	6413.88600000	6472.41000000	6512.82200000	6571.55200000	6521.60800000	6578.35000000	6467.37800000	6533.69800000	6432.57000000	6493.38000000	6444.11400000	6496.74000000	6405.88000000	6464.84400000	6411.81800000	6471.90200000	6416.77800000	6460.58600000	6434.36200000	6491.79200000	6392.58800000	6436.91600000	6356.75000000	6408.48400000	6332.41800000	6377.42200000	6361.64200000	6418.20400000	6357.37800000	6402.58600000	6345.94800000	6394.86800000	6331.60000000	6377.99000000	6320.15000000	6367.18200000	6282.18600000	6335.76200000	6310.40200000	6361.52600000	6298.72800000	6340.37400000	6276.89400000	6316.51800000	6367.11760000	6419.52864000
2867738693.46733665	6161.07200000	6217.58000000	6270.85600000	6328.37400000	6390.84400000	6449.55200000	6456.37800000	6519.79400000	6531.56000000	6589.20600000	6492.03400000	6547.35200000	6467.12800000	6518.78400000	6429.16400000	6487.50200000	6428.74400000	6481.73800000	6429.21200000	6479.31600000	6416.32400000	6470.99800000	6437.93600000	6483.60800000	6421.27800000	6473.40200000	6416.11600000	6473.60400000	6379.88200000	6424.51600000	6341.14000000	6381.84800000	6373.94600000	6427.83200000	6335.67000000	6381.71400000	6342.25600000	6380.13600000	6341.82000000	6382.01600000	6333.41200000	6380.84600000	6338.71400000	6388.00000000	6314.19200000	6351.30200000	6297.46000000	6336.48200000	6290.12200000	6339.49400000	6377.49040000	6427.79984000
2868241206.03015089	6176.43800000	6229.26200000	6258.46800000	6320.51200000	6393.63600000	6442.58800000	6424.02000000	6487.85200000	6532.01000000	6583.91400000	6502.73600000	6558.08600000	6472.13800000	6527.67400000	6425.55800000	6483.99600000	6448.63800000	6498.11200000	6428.87200000	6483.01000000	6429.13000000	6472.48200000	6417.91200000	6469.51200000	6429.41800000	6473.32200000	6426.43600000	6468.09400000	6374.60000000	6419.58400000	6383.68000000	6423.95200000	6364.93000000	6407.46200000	6367.44200000	6402.91200000	6350.36600000	6392.14200000	6332.78000000	6371.78600000	6337.57200000	6376.76400000	6315.08600000	6354.54800000	6336.97800000	6369.50400000	6323.54200000	6360.02400000	6300.37800000	6341.61600000	6382.11056000	6428.74840000
2868743718.59296465	6121.56400000	6161.14800000	6320.37400000	6371.08400000	6423.83800000	6473.31600000	6458.63800000	6504.72800000	6529.65600000	6575.90000000	6478.37200000	6531.33000000	6476.84400000	6525.95400000	6459.89000000	6505.76000000	6427.99800000	6477.51400000	6445.78600000	6486.15000000	6443.49600000	6492.72400000	6450.98800000	6496.84000000	6430.29400000	6474.08200000	6394.45800000	6436.34600000	6398.77600000	6446.58800000	6361.64200000	6405.38400000	6388.33200000	6427.04600000	6368.37800000	6404.85000000	6320.90400000	6368.90400000	6362.20800000	6402.17200000	6337.15200000	6379.65600000	6313.34000000	6357.05600000	6314.42600000	6353.30600000	6322.55400000	6360.48800000	6280.47200000	6320.02200000	6385.21520000	6429.53392000
2869246231.15577888	6181.87000000	6218.86600000	6277.05400000	6321.03400000	6413.57600000	6458.61600000	6467.16000000	6507.72600000	6549.07200000	6582.43200000	6508.06600000	6553.41400000	6492.10800000	6536.72400000	6441.63600000	6480.95000000	6442.35600000	6480.27000000	6437.75800000	6464.27800000	6449.83800000	6487.50600000	6446.07200000	6489.23600000	6448.07800000	6487.87200000	6432.11400000	6474.55800000	6376.82600000	6413.24200000	6342.92200000	6382.50600000	6381.80200000	6417.17600000	6343.23800000	6379.38000000	6345.05800000	6378.39800000	6364.61800000	6392.32400000	6345.82800000	6387.72400000	6344.40400000	6387.23400000	6328.22800000	6366.85600000	6313.84200000	6354.94800000	6281.30000000	6323.85800000	6390.19296000	6429.08512000
2869748743.71859312	6192.99200000	6228.70000000	6269.73400000	6297.61800000	6403.43000000	6433.10400000	6480.32400000	6513.40200000	6558.75600000	6595.01200000	6517.81400000	6556.07000000	6500.35800000	6531.62000000	6442.58000000	6477.03200000	6451.32200000	6486.88200000	6444.37200000	6485.70200000	6457.33200000	6484.58400000	6461.44800000	6499.59000000	6445.95000000	6479.14200000	6441.58600000	6477.16000000	6390.98800000	6413.99800000	6356.28600000	6383.64400000	6397.86000000	6425.25600000	6354.22000000	6382.75800000	6342.54200000	6382.94600000	6369.48000000	6396.74800000	6342.88400000	6375.17400000	6359.48600000	6391.81000000	6343.74800000	6368.61000000	6319.31000000	6342.69000000	6300.95600000	6320.63400000	6397.83032000	6429.19544000
2870251256.28140688	6191.58600000	6229.02200000	6279.62000000	6308.67800000	6392.60000000	6431.69200000	6459.85600000	6497.31600000	6559.86200000	6594.09400000	6521.86800000	6549.51800000	6508.72600000	6540.89000000	6451.33200000	6487.85600000	6445.44600000	6472.81000000	6447.67000000	6481.40200000	6453.06600000	6484.56600000	6454.83000000	6486.39400000	6450.26000000	6480.75400000	6434.37000000	6466.07600000	6391.77600000	6419.04200000	6352.18800000	6388.13400000	6388.78000000	6415.02400000	6360.99400000	6395.31000000	6349.50600000	6377.82600000	6368.74800000	6396.64600000	6359.34600000	6376.49800000	6354.47600000	6384.11000000	6341.29800000	6371.53800000	6326.81800000	6350.18800000	6290.35600000	6316.60200000	6397.41512000	6428.07944000
2870753768.84422112	6159.68200000	6193.50600000	6217.69000000	6253.02800000	6355.27600000	6383.75600000	6486.73600000	6529.71600000	6537.47000000	6575.37400000	6554.75400000	6596.94600000	6486.78200000	6525.38400000	6443.49800000	6472.85000000	6467.01200000	6502.01000000	6437.67400000	6469.20800000	6454.83200000	6490.07400000	6452.40600000	6489.59800000	6461.76400000	6497.92000000	6448.52000000	6476.56000000	6380.57800000	6418.40600000	6355.62400000	6387.66400000	6327.44600000	6359.30400000	6367.07000000	6395.51800000	6366.86600000	6400.15400000	6344.17400000	6377.65600000	6364.77000000	6407.28200000	6342.10800000	6365.15800000	6321.07000000	6348.22800000	6317.15200000	6351.29800000	6333.73400000	6350.94200000	6391.38752000	6424.70160000
2871256281.40703535	6245.05600000	6289.65600000	6343.89000000	6386.04800000	6432.46000000	6471.59200000	6517.66000000	6553.40800000	6574.29600000	6607.81000000	6476.61600000	6519.76600000	6473.98200000	6517.79400000	6446.82800000	6490.83200000	6441.19800000	6473.91800000	6457.84400000	6497.68000000	6433.07200000	6474.78600000	6423.61000000	6454.74600000	6412.51000000	6450.24400000	6379.93800000	6424.11000000	6399.97200000	6431.54600000	6354.66000000	6386.95200000	6376.56400000	6406.86800000	6345.23800000	6367.96000000	6368.56400000	6403.54000000	6349.84000000	6379.31000000	6293.69400000	6325.73800000	6324.36600000	6349.39800000	6327.68000000	6364.26200000	6316.06000000	6354.78800000	6271.70000000	6294.75800000	6391.49192000	6427.10040000
2871758793.96984911	6111.19000000	6163.70800000	6225.31400000	6278.33200000	6343.01200000	6392.49400000	6463.80800000	6515.93200000	6518.25000000	6576.08400000	6564.41400000	6612.36200000	6469.22600000	6512.80200000	6431.86600000	6475.18400000	6477.08000000	6518.71400000	6415.43400000	6469.05600000	6440.24200000	6482.63600000	6453.97400000	6503.61400000	6446.12000000	6487.83400000	6423.89600000	6464.33400000	6378.73800000	6426.38000000	6374.22200000	6406.46000000	6365.58800000	6411.18800000	6357.12200000	6400.62800000	6355.64400000	6396.20400000	6334.79200000	6372.84200000	6362.41200000	6402.99800000	6326.86000000	6365.60800000	6318.91800000	6357.51200000	6325.15000000	6354.33000000	6306.29400000	6341.97400000	6383.58264000	6427.56840000
2872261306.53266335	6129.90600000	6180.24800000	6207.49600000	6251.60400000	6354.17000000	6399.77800000	6425.71200000	6484.33000000	6541.91400000	6599.90600000	6550.41400000	6602.97200000	6469.88600000	6515.47600000	6446.05200000	6497.51800000	6434.16800000	6483.71800000	6429.99000000	6476.64400000	6421.87800000	6465.51800000	6438.66200000	6481.92200000	6439.83400000	6485.04000000	6405.68000000	6456.37200000	6346.37600000	6399.58200000	6345.39600000	6397.39400000	6339.98000000	6379.35200000	6353.21600000	6401.63400000	6345.32800000	6388.79200000	6334.64400000	6368.45400000	6317.07600000	6360.34000000	6299.17200000	6337.93400000	6294.18800000	6334.59800000	6325.46600000	6357.51400000	6289.87400000	6332.52400000	6371.45912000	6417.56656000
2872763819.09547758	6118.84200000	6177.23200000	6303.46200000	6360.94600000	6433.32600000	6492.88400000	6441.01400000	6498.06200000	6511.86600000	6576.87800000	6463.35400000	6514.71000000	6477.92400000	6530.75200000	6456.88600000	6509.37400000	6423.57600000	6466.65600000	6435.12200000	6492.17200000	6427.76600000	6474.12600000	6444.22800000	6493.91800000	6420.98800000	6467.56200000	6389.90200000	6442.93400000	6395.21200000	6440.47800000	6359.04400000	6401.69400000	6374.35800000	6421.07200000	6368.68600000	6410.87400000	6317.76400000	6372.23400000	6356.97200000	6397.77400000	6328.66200000	6371.17200000	6306.86600000	6353.08400000	6299.75400000	6340.90200000	6312.30800000	6354.19000000	6279.09400000	6318.08800000	6377.87904000	6427.19072000
2873266331.65829134	6181.53000000	6238.71200000	6216.03200000	6280.45200000	6374.74600000	6434.08200000	6413.99600000	6474.20000000	6511.15600000	6577.99000000	6508.08400000	6574.88200000	6468.34200000	6533.67200000	6435.35800000	6489.13600000	6434.94800000	6490.42000000	6411.50600000	6465.81200000	6421.21600000	6468.39800000	6424.43800000	6473.54800000	6432.82400000	6482.84600000	6396.81800000	6451.87400000	6367.56200000	6410.61600000	6338.77800000	6378.63800000	6371.21200000	6417.84600000	6346.21400000	6397.84600000	6333.17200000	6383.67400000	6332.62600000	6378.46000000	6322.10400000	6373.75600000	6290.08600000	6331.33200000	6312.04800000	6358.69200000	6287.33800000	6336.19000000	6270.54600000	6324.47000000	6368.10720000	6421.10176000
2873768844.22110558	6124.87800000	6180.29800000	6197.57600000	6259.48200000	6351.50400000	6411.62800000	6431.82200000	6502.55600000	6538.11000000	6607.53200000	6553.60400000	6616.87600000	6473.27800000	6541.53400000	6429.29000000	6495.25600000	6434.14000000	6494.54600000	6416.67400000	6482.36400000	6407.16800000	6462.13200000	6434.80600000	6482.12200000	6441.77600000	6500.50000000	6403.83800000	6460.25400000	6367.13200000	6413.36000000	6346.23200000	6398.10000000	6326.88400000	6374.15200000	6336.27400000	6374.26400000	6338.03600000	6390.83000000	6334.97400000	6385.56000000	6315.80000000	6363.30200000	6290.73800000	6342.33000000	6290.74800000	6341.12000000	6310.78200000	6355.24600000	6304.10600000	6354.12400000	6368.00680000	6423.57872000
2874271356.78391981	6152.11000000	6211.54400000	6205.27400000	6261.71000000	6340.73200000	6402.67400000	6412.14800000	6484.43400000	6520.25200000	6592.94000000	6524.85600000	6586.67000000	6463.11000000	6530.18000000	6418.18200000	6486.79000000	6429.83800000	6493.10800000	6409.73800000	6470.72400000	6427.70400000	6481.56800000	6413.99800000	6469.61200000	6426.90800000	6484.71000000	6394.80800000	6451.55800000	6349.65600000	6400.04600000	6333.45400000	6389.46800000	6352.43400000	6399.10000000	6353.80400000	6402.19400000	6346.11600000	6393.94400000	6323.51200000	6376.54200000	6308.77400000	6361.06000000	6280.84800000	6328.51000000	6293.66800000	6349.80400000	6307.01000000	6346.97200000	6284.46600000	6330.67400000	6362.93600000	6419.46144000
2874773869.34673357	6184.63800000	6245.67200000	6316.63800000	6379.28800000	6413.86400000	6473.99400000	6485.94200000	6550.59200000	6537.88800000	6599.85400000	6455.95200000	6522.84800000	6461.08400000	6521.63800000	6443.73000000	6512.09200000	6423.90400000	6483.93800000	6445.58400000	6507.96000000	6405.48200000	6462.50200000	6422.54800000	6482.82400000	6442.92000000	6494.56200000	6324.57200000	6388.87000000	6370.34800000	6427.06600000	6339.51400000	6395.56800000	6370.56200000	6423.99600000	6352.62400000	6398.27800000	6353.31800000	6401.68800000	6305.78800000	6360.08400000	6273.41200000	6318.91200000	6300.74600000	6355.90000000	6314.72800000	6371.33400000	6282.30800000	6333.92600000	6268.26800000	6318.18000000	6371.85448000	6429.26264000
2875276381.90954781	6140.81000000	6197.73200000	6310.89200000	6373.97400000	6405.55000000	6470.65400000	6457.24600000	6525.97000000	6508.07800000	6569.33400000	6441.79400000	6496.89800000	6465.76000000	6528.98000000	6424.72800000	6489.89200000	6427.34000000	6484.95400000	6454.36600000	6519.68200000	6422.82600000	6477.30400000	6410.19400000	6472.70400000	6406.05200000	6461.59800000	6383.99400000	6435.95200000	6380.86600000	6439.67000000	6353.11000000	6403.03000000	6360.59800000	6406.38600000	6364.89200000	6417.58400000	6316.97200000	6365.27800000	6324.12200000	6371.36800000	6307.58400000	6368.09200000	6295.53600000	6352.16600000	6288.06600000	6333.21400000	6279.17000000	6330.81000000	6291.32800000	6336.00600000	6368.87496000	6425.16928000
2875778894.47236204	6180.89800000	6242.79800000	6247.05600000	6309.38400000	6378.15800000	6439.27200000	6441.35800000	6500.28200000	6518.95800000	6586.47200000	6513.03400000	6569.48000000	6455.20000000	6510.36000000	6424.72200000	6487.96600000	6424.87400000	6488.85000000	6415.36200000	6467.85400000	6429.22400000	6481.27200000	6432.77600000	6483.09800000	6424.74800000	6479.09400000	6415.90200000	6474.44600000	6369.80200000	6423.99400000	6377.73600000	6434.69000000	6362.30400000	6411.85800000	6358.61200000	6411.73200000	6341.82200000	6379.31600000	6338.32000000	6387.12000000	6322.05200000	6368.43800000	6315.16600000	6368.16200000	6323.33600000	6380.00000000	6314.21800000	6363.39200000	6285.41400000	6335.02600000	6376.44208000	6431.37424000
2876281407.03517580	6167.81200000	6224.77200000	6250.91000000	6301.12000000	6376.38000000	6437.80800000	6417.95800000	6479.29600000	6528.44400000	6583.80000000	6502.55000000	6567.88000000	6454.04400000	6511.65600000	6441.88800000	6498.25600000	6436.04400000	6493.91600000	6424.23800000	6480.73800000	6425.00600000	6476.83000000	6435.21000000	6491.42200000	6418.14000000	6469.55000000	6395.02800000	6449.34600000	6389.68200000	6428.30000000	6343.79000000	6400.04000000	6358.57200000	6410.74400000	6358.45400000	6400.64200000	6323.22800000	6367.41600000	6351.66000000	6399.63800000	6320.48400000	6365.78600000	6303.70400000	6340.64800000	6326.63000000	6374.72400000	6300.70800000	6344.18800000	6280.37400000	6319.97400000	6373.23752000	6424.73960000
2876783919.59799004	6126.51600000	6173.39200000	6271.72000000	6326.50200000	6399.33400000	6453.62000000	6494.71800000	6559.29200000	6509.92000000	6562.34800000	6461.27400000	6521.46200000	6479.32600000	6533.55600000	6450.18400000	6501.27000000	6413.77200000	6473.21400000	6407.32200000	6463.23200000	6439.03400000	6489.86200000	6463.09600000	6512.02800000	6411.08800000	6460.90600000	6398.71600000	6445.27000000	6375.89800000	6431.76600000	6367.28800000	6420.06800000	6366.62200000	6415.30600000	6360.80400000	6404.55400000	6326.82000000	6374.33000000	6351.95000000	6396.69400000	6329.26000000	6377.15200000	6327.94600000	6373.85600000	6295.91200000	6337.95000000	6315.22600000	6367.60800000	6268.89800000	6302.62400000	6376.50576000	6427.11448000
2877286432.16080379	6167.68800000	6215.48400000	6202.96400000	6258.39400000	6334.36600000	6393.88400000	6447.70000000	6501.80400000	6532.73600000	6590.36800000	6544.96600000	6598.41600000	6464.15400000	6521.60200000	6420.06600000	6478.53000000	6436.38800000	6488.46200000	6436.21200000	6490.73400000	6424.36400000	6481.09400000	6440.23800000	6489.65200000	6447.38200000	6505.27000000	6425.42800000	6461.55800000	6363.77400000	6411.93600000	6361.87000000	6404.55200000	6310.91000000	6356.37000000	6355.17600000	6395.41600000	6365.12000000	6406.65800000	6341.70400000	6387.08200000	6346.00600000	6384.16200000	6324.79800000	6364.64400000	6302.14000000	6347.67200000	6308.15800000	6352.32200000	6319.73800000	6365.10200000	6376.96184000	6426.04672000
2877788944.72361803	6161.64000000	6215.89600000	6256.99200000	6307.62400000	6393.38200000	6447.47000000	6447.68800000	6498.50600000	6528.61800000	6584.08800000	6504.76200000	6546.38200000	6483.41000000	6536.00400000	6452.66800000	6500.18400000	6435.43600000	6485.96400000	6429.22200000	6468.98600000	6442.27600000	6493.21800000	6435.12400000	6483.21400000	6426.15000000	6482.12600000	6417.84200000	6467.44200000	6368.85600000	6414.76800000	6334.40200000	6379.16800000	6375.51000000	6423.46000000	6341.16400000	6382.38400000	6344.32200000	6374.37800000	6351.50400000	6394.80200000	6333.60600000	6381.39200000	6342.92000000	6382.39600000	6323.58400000	6366.50400000	6306.89000000	6344.61800000	6281.46200000	6318.07600000	6380.77720000	6427.16200000
2878291457.28643227	6117.82800000	6171.67600000	6290.90800000	6338.55400000	6389.48800000	6443.82000000	6466.09000000	6517.18800000	6525.30400000	6572.56400000	6470.36600000	6520.91600000	6495.12600000	6545.93600000	6454.06000000	6499.69400000	6428.25200000	6480.79200000	6416.59800000	6471.40800000	6433.01200000	6471.19400000	6444.62600000	6501.45400000	6430.05600000	6479.75600000	6394.18200000	6444.61800000	6394.80200000	6436.56600000	6370.08600000	6408.65000000	6386.55600000	6422.50800000	6378.04600000	6415.44600000	6351.58600000	6390.30200000	6364.01200000	6406.53000000	6353.30400000	6390.03200000	6326.90400000	6363.38000000	6304.77200000	6336.84200000	6312.36200000	6359.62600000	6270.51000000	6311.19200000	6382.75344000	6428.02576000
2878793969.84924603	6117.81000000	6164.14800000	6305.90200000	6350.60800000	6450.75000000	6503.18400000	6448.26800000	6499.25000000	6507.16200000	6554.66600000	6464.41600000	6516.73600000	6483.19800000	6531.94800000	6475.17200000	6519.63600000	6422.99400000	6470.94800000	6449.59200000	6495.96400000	6445.01200000	6483.39800000	6454.88800000	6502.92800000	6429.51400000	6478.77200000	6403.94600000	6442.00600000	6401.99000000	6441.34400000	6352.96600000	6394.87400000	6374.23800000	6415.20400000	6365.59800000	6401.80200000	6330.04600000	6367.04600000	6355.11200000	6393.57800000	6329.57800000	6369.86400000	6324.46000000	6359.00600000	6301.77400000	6338.62800000	6319.37800000	6357.72200000	6280.86400000	6315.56200000	6383.78512000	6426.75288000
2879296482.41206026	6175.53400000	6221.32200000	6261.77800000	6304.71800000	6401.30000000	6440.57800000	6439.79600000	6482.62800000	6540.89200000	6581.11200000	6528.13200000	6576.57600000	6467.35400000	6508.23600000	6438.74000000	6487.79600000	6442.80600000	6489.64200000	6425.82200000	6471.29000000	6440.91600000	6482.44200000	6433.50000000	6472.70400000	6432.87600000	6479.96000000	6430.23600000	6468.72400000	6382.25400000	6431.03200000	6381.90200000	6414.49400000	6376.30600000	6407.93400000	6368.43600000	6411.12600000	6339.49200000	6380.15400000	6367.49600000	6399.57600000	6331.12400000	6370.51000000	6325.52600000	6360.60200000	6343.00800000	6380.46000000	6324.59200000	6358.14400000	6296.58000000	6327.86000000	6387.85592000	6428.38480000
2879798994.97487450	6153.61200000	6196.48000000	6252.16200000	6295.32200000	6401.42600000	6449.26200000	6430.31200000	6481.15200000	6562.98200000	6596.98600000	6512.46800000	6556.68000000	6482.67800000	6531.55600000	6420.38200000	6478.26600000	6455.89200000	6493.26200000	6446.62400000	6485.48800000	6436.84400000	6480.34600000	6448.69200000	6488.13000000	6443.27400000	6478.27200000	6437.52400000	6476.48200000	6398.39600000	6430.59400000	6393.44200000	6431.19400000	6381.46600000	6419.25600000	6373.27800000	6403.72400000	6329.36600000	6369.13600000	6344.01800000	6376.76200000	6345.48600000	6373.98800000	6328.57400000	6365.65800000	6347.21000000	6378.10400000	6317.85800000	6351.94000000	6296.04800000	6338.18000000	6389.60056000	6429.04880000
2880301507.53768826	6175.22200000	6217.26800000	6256.79400000	6298.56200000	6392.45400000	6433.94200000	6447.40000000	6492.64800000	6557.21200000	6603.37600000	6505.38200000	6550.52400000	6479.04800000	6523.57000000	6439.51200000	6479.22800000	6456.71400000	6497.58800000	6450.27400000	6482.83800000	6435.59800000	6479.98800000	6455.49200000	6494.00800000	6443.51800000	6477.76200000	6442.59600000	6466.41400000	6380.92600000	6412.06400000	6397.72200000	6426.77000000	6373.50000000	6401.36400000	6361.11000000	6398.37800000	6333.37400000	6371.19400000	6332.00600000	6368.70200000	6348.17400000	6380.75200000	6332.01600000	6368.12600000	6340.07800000	6377.62600000	6328.69000000	6360.10200000	6300.00400000	6340.76400000	6390.59264000	6428.14232000
2880804020.10050249	6222.59800000	6264.17000000	6350.07600000	6380.94600000	6435.78000000	6474.50400000	6507.86800000	6546.00600000	6551.07000000	6590.75000000	6483.99800000	6516.35000000	6477.41800000	6511.85400000	6480.84200000	6514.60400000	6436.51400000	6474.07200000	6482.64000000	6510.93000000	6437.02200000	6466.73600000	6445.39600000	6478.37400000	6463.84800000	6505.33000000	6353.83600000	6383.49600000	6390.02800000	6418.39400000	6367.24600000	6399.13200000	6397.91600000	6420.28000000	6373.79800000	6403.95000000	6369.03400000	6403.01600000	6336.99400000	6367.46400000	6285.93400000	6315.84000000	6313.99200000	6341.10000000	6330.28800000	6356.81600000	6299.25400000	6321.63000000	6296.09400000	6326.02600000	6395.57936000	6427.67080000
2881306532.66331673	6181.55800000	6214.02200000	6281.89000000	6324.17000000	6406.47000000	6443.05600000	6494.27400000	6525.73200000	6551.46800000	6582.32800000	6510.63800000	6543.86200000	6487.03400000	6525.31400000	6458.47600000	6482.11400000	6451.62200000	6486.69400000	6450.15400000	6474.87200000	6448.06600000	6472.18200000	6448.99600000	6486.82600000	6448.87000000	6481.90200000	6431.62600000	6460.00800000	6386.16000000	6418.95800000	6359.11600000	6391.28200000	6391.06400000	6424.78800000	6357.16800000	6391.00200000	6361.47600000	6373.97200000	6358.83400000	6393.38800000	6342.77200000	6377.54400000	6346.93200000	6378.71000000	6325.92000000	6351.35800000	6315.64600000	6335.85600000	6313.49800000	6333.68000000	6396.38912000	6426.94480000
2881809045.22613049	6190.97200000	6221.25200000	6351.84200000	6379.58000000	6409.79000000	6433.16200000	6485.47800000	6521.99000000	6539.22200000	6575.09600000	6469.44000000	6503.20600000	6502.75000000	6529.31800000	6450.97000000	6474.81800000	6455.07000000	6483.52600000	6476.06000000	6504.58800000	6465.44200000	6498.08600000	6438.92400000	6465.57400000	6434.06800000	6464.37400000	6411.12600000	6437.45200000	6418.97200000	6447.63600000	6380.89600000	6399.47600000	6360.98400000	6387.87200000	6396.46400000	6422.43600000	6360.52200000	6391.18000000	6359.86000000	6382.88600000	6324.15000000	6347.50000000	6330.24800000	6352.95600000	6318.21600000	6346.37200000	6308.58600000	6327.47800000	6304.17600000	6327.86600000	6397.76912000	6425.02720000
2882311557.78894472	6284.68400000	6303.15000000	6359.51000000	6388.92600000	6432.10600000	6456.36600000	6521.89000000	6550.51200000	6588.07200000	6608.84800000	6492.79400000	6521.38800000	6482.66000000	6508.20800000	6456.74200000	6484.65200000	6460.49400000	6487.11800000	6456.64800000	6481.89000000	6465.54400000	6496.54400000	6433.42000000	6459.59200000	6429.35200000	6465.61600000	6403.79600000	6434.29800000	6400.37800000	6431.92400000	6381.20200000	6403.22600000	6390.33200000	6420.98600000	6346.79000000	6365.69600000	6386.36800000	6402.14600000	6359.07800000	6382.73200000	6301.51600000	6320.95800000	6330.39400000	6356.45400000	6345.09600000	6370.64600000	6338.60200000	6352.20600000	6281.92200000	6301.25200000	6405.17560000	6430.21336000
2882814070.35175896	6257.66600000	6280.70000000	6352.65400000	6373.04200000	6429.22000000	6455.57000000	6524.79400000	6546.31200000	6572.18000000	6593.78600000	6474.10200000	6489.66400000	6511.06600000	6533.39400000	6467.47800000	6496.51200000	6455.47800000	6485.34400000	6478.62000000	6509.00400000	6463.93000000	6491.70400000	6468.65200000	6496.94200000	6443.80400000	6466.64800000	6391.08200000	6407.51600000	6427.90600000	6443.16400000	6385.46600000	6408.64800000	6383.82000000	6413.02600000	6404.61000000	6426.56000000	6364.77200000	6378.43800000	6359.03400000	6381.43400000	6314.71200000	6327.48600000	6323.19600000	6339.67800000	6319.76200000	6337.87800000	6314.48400000	6336.01600000	6316.87600000	6338.58400000	6408.21456000	6430.28200000
2883316582.91457272	6146.59200000	6171.12400000	6299.04600000	6329.67400000	6479.98200000	6505.76800000	6485.36000000	6509.07600000	6536.78400000	6571.16600000	6489.41000000	6515.91800000	6504.98000000	6530.50400000	6495.19200000	6522.36600000	6444.62400000	6469.27600000	6460.96200000	6487.56800000	6472.52200000	6491.06000000	6476.27000000	6498.29000000	6451.95000000	6462.60000000	6410.81200000	6437.08200000	6420.43400000	6440.28400000	6372.71200000	6389.51400000	6394.89800000	6420.81000000	6382.73400000	6402.98800000	6351.48400000	6372.64800000	6366.64600000	6388.91200000	6361.35200000	6375.65600000	6340.26800000	6352.30200000	6319.40000000	6339.31800000	6335.57200000	6346.27200000	6296.21000000	6312.49800000	6403.84784000	6425.70696000
2883819095.47738695	6165.47200000	6173.46600000	6323.99000000	6342.37600000	6416.49200000	6428.83200000	6492.28200000	6522.11400000	6535.36800000	6562.94800000	6509.66600000	6527.87200000	6535.93200000	6551.42000000	6489.31200000	6509.08600000	6465.88200000	6478.64200000	6442.23200000	6466.03400000	6453.93000000	6476.67800000	6484.23000000	6499.54200000	6462.09600000	6483.24400000	6436.13000000	6449.83400000	6420.31200000	6434.62200000	6385.48800000	6406.78800000	6405.40000000	6427.90200000	6406.43400000	6415.92600000	6373.60800000	6394.79800000	6391.01400000	6393.67400000	6370.88800000	6395.03400000	6351.82200000	6366.84000000	6324.94200000	6340.73800000	6346.64200000	6358.48800000	6301.46600000	6319.30200000	6411.64120000	6429.04800000
2884321608.04020119	6214.92800000	6229.03200000	6293.26800000	6316.48400000	6433.60000000	6448.80200000	6478.48200000	6499.22600000	6563.97200000	6587.81600000	6551.57200000	6570.74600000	6492.94200000	6508.82200000	6480.03400000	6495.44600000	6472.93000000	6490.21200000	6451.34400000	6465.37400000	6458.96000000	6475.78600000	6464.07200000	6481.62600000	6456.15000000	6457.62400000	6455.77400000	6460.64400000	6410.10000000	6431.66600000	6384.29200000	6391.71200000	6397.57200000	6412.48800000	6394.68000000	6406.05600000	6359.99400000	6376.02200000	6392.73800000	6404.44800000	6354.13600000	6366.91200000	6340.06600000	6354.95200000	6369.82600000	6380.73000000	6339.51600000	6353.57000000	6302.56800000	6321.84600000	6412.54064000	6427.52168000
2884824120.60301495	6216.91000000	6232.25400000	6369.53000000	6387.37200000	6478.05400000	6496.90600000	6526.00200000	6550.12600000	6550.84000000	6567.33000000	6492.90400000	6512.99400000	6521.53200000	6532.41200000	6498.75400000	6511.40400000	6473.62800000	6484.10800000	6497.24200000	6517.00800000	6468.99000000	6477.35600000	6463.51600000	6477.75600000	6474.91800000	6486.46200000	6375.12600000	6388.93600000	6416.80000000	6442.13600000	6382.75800000	6391.32800000	6408.34200000	6418.04000000	6413.79400000	6432.01200000	6379.88200000	6386.82000000	6349.30600000	6363.61600000	6317.28400000	6325.11600000	6330.04000000	6339.39600000	6332.46400000	6352.60800000	6331.45200000	6341.76000000	6321.39400000	6331.67600000	6415.65848000	6429.87728000
2885326633.16582918	6154.05800000	6176.17800000	6336.80200000	6352.64000000	6465.17000000	6472.57800000	6511.86600000	6526.03000000	6536.90000000	6551.16400000	6511.94600000	6527.29600000	6513.81800000	6526.07400000	6503.75400000	6516.27600000	6476.04800000	6488.16600000	6465.29000000	6472.69200000	6481.10600000	6491.12400000	6489.98800000	6501.10000000	6456.77400000	6469.13800000	6422.97400000	6437.80000000	6434.58800000	6445.25600000	6399.00200000	6406.66800000	6415.68000000	6420.66800000	6396.21000000	6407.34600000	6347.49600000	6358.73400000	6394.46000000	6400.34800000	6359.47000000	6371.87400000	6357.14400000	6363.35600000	6344.47000000	6347.73200000	6363.45800000	6370.74200000	6308.62200000	6311.03200000	6417.88376000	6428.48048000
2885829145.72864342	6149.98600000	6162.42800000	6282.86000000	6293.62800000	6378.38000000	6392.50200000	6441.15600000	6448.18600000	6546.77000000	6562.90400000	6595.40400000	6609.36600000	6506.66600000	6521.73000000	6489.17400000	6500.86600000	6484.70200000	6496.46200000	6461.81800000	6474.79200000	6473.86400000	6486.47600000	6486.13000000	6507.30400000	6458.50600000	6466.19800000	6459.69200000	6468.44000000	6421.53000000	6431.15600000	6422.91600000	6439.00800000	6406.58200000	6410.70000000	6387.29000000	6399.38600000	6350.26200000	6367.15200000	6391.32800000	6401.08000000	6369.66800000	6381.70400000	6331.88600000	6333.78400000	6345.71200000	6355.93400000	6357.58600000	6370.13600000	6340.08400000	6345.82000000	6413.59808000	6425.08568000
2886331658.29145718	6207.92600000	6211.31200000	6225.59400000	6231.41800000	6372.13400000	6387.36000000	6513.02400000	6521.13200000	6580.70800000	6588.97600000	6579.97400000	6595.78400000	6510.02800000	6524.28000000	6459.57000000	6471.76400000	6487.45800000	6497.03200000	6475.45000000	6474.48000000	6480.63200000	6483.78800000	6485.37600000	6494.57000000	6489.04400000	6501.35000000	6463.89200000	6476.26800000	6396.73600000	6410.17600000	6395.47600000	6402.48200000	6346.04600000	6353.31200000	6393.52800000	6401.61600000	6398.89400000	6398.52400000	6372.83000000	6372.52200000	6384.59600000	6392.66400000	6365.24600000	6371.79400000	6338.33400000	6344.26000000	6347.59600000	6353.08400000	6359.74800000	6365.25800000	6417.19360000	6425.00824000
2886834170.85427141	6237.41400000	6247.65800000	6371.68000000	6385.00800000	6453.08600000	6458.94200000	6530.90000000	6540.20600000	6584.74000000	6592.58400000	6513.40400000	6522.57000000	6511.94200000	6520.80200000	6487.41400000	6501.07000000	6468.38600000	6477.91600000	6495.57000000	6508.32200000	6458.42000000	6472.14200000	6464.05800000	6478.38600000	6484.62200000	6490.75400000	6379.54000000	6387.48800000	6423.90800000	6426.12600000	6383.70000000	6388.22200000	6407.94600000	6416.44600000	6393.38800000	6397.33200000	6396.34600000	6409.71800000	6366.73600000	6376.72400000	6303.87600000	6309.88200000	6355.92600000	6361.72000000	6361.87400000	6367.56600000	6321.45600000	6328.87600000	6315.36800000	6323.26200000	6418.86800000	6427.58888000
2887336683.41708565	6158.16800000	6172.23400000	6235.23000000	6239.03200000	6372.90600000	6381.48400000	6519.43400000	6526.65400000	6575.18200000	6571.46000000	6595.40800000	6598.52200000	6492.02400000	6502.09600000	6468.45000000	6472.83400000	6512.05600000	6520.26000000	6461.61200000	6469.01000000	6483.86000000	6493.77600000	6491.34200000	6496.98400000	6486.77000000	6496.14400000	6455.68200000	6460.31000000	6430.23000000	6432.22200000	6388.14200000	6388.65000000	6391.84800000	6392.30600000	6390.15400000	6392.44200000	6394.93200000	6398.99400000	6376.25800000	6372.79400000	6395.02800000	6395.52800000	6365.12000000	6370.88600000	6342.75800000	6353.55400000	6347.86800000	6352.54600000	6356.91400000	6362.63800000	6419.49504000	6424.53440000
2887839195.97989941	6198.40400000	6210.80000000	6315.79400000	6329.86400000	6441.55800000	6445.90200000	6518.71800000	6524.40800000	6590.73600000	6593.31200000	6540.81400000	6543.20200000	6514.80600000	6523.81800000	6478.31600000	6483.68400000	6483.04600000	6489.43000000	6462.77800000	6467.10000000	6473.70200000	6479.59400000	6475.50400000	6488.73800000	6472.19400000	6479.26600000	6462.44200000	6463.42000000	6409.53800000	6418.66000000	6393.86600000	6392.31800000	6412.84600000	6414.70400000	6386.06400000	6382.60200000	6376.17800000	6389.42000000	6389.49600000	6391.69400000	6376.65600000	6378.16600000	6378.50200000	6380.18800000	6353.05200000	6346.20000000	6331.29200000	6337.53800000	6337.92200000	6332.36200000	6422.96896000	6427.45560000
2888341708.54271364	6187.27000000	6200.47000000	6343.58000000	6338.78000000	6503.50200000	6501.97800000	6509.49000000	6519.10200000	6561.22200000	6564.58800000	6496.93000000	6498.00400000	6510.74000000	6520.25600000	6481.70400000	6484.53200000	6480.41600000	6486.22000000	6508.19400000	6497.14600000	6475.94800000	6483.74200000	6466.15600000	6468.45000000	6454.46000000	6456.65200000	6431.79000000	6428.40200000	6428.23200000	6430.76400000	6392.67800000	6392.83800000	6417.02000000	6402.96600000	6403.38000000	6403.76200000	6359.14200000	6354.54600000	6372.18600000	6368.87400000	6356.64600000	6364.50000000	6342.41800000	6346.41400000	6330.17000000	6338.11200000	6325.76000000	6320.66400000	6332.94400000	6335.38800000	6418.87912000	6420.28600000
2888844221.10552788	6219.25400000	6221.29400000	6322.75400000	6323.63000000	6442.33000000	6438.89600000	6534.63000000	6537.89000000	6587.15600000	6595.00800000	6545.57600000	6543.92000000	6526.04600000	6527.57000000	6483.60400000	6482.29600000	6486.07000000	6484.65800000	6478.61400000	6483.00400000	6481.62600000	6482.10800000	6484.90000000	6488.30000000	6468.86400000	6471.13800000	6470.75800000	6466.76000000	6426.71000000	6427.09000000	6374.11400000	6372.80000000	6427.61200000	6421.28400000	6381.78600000	6384.33400000	6385.28800000	6383.09600000	6386.68200000	6383.40200000	6390.83600000	6381.00600000	6387.96800000	6386.35800000	6367.26000000	6362.17800000	6349.21800000	6341.37800000	6334.33800000	6338.90400000	6429.75976000	6429.13208000
2889346733.66834164	6260.58800000	6266.12200000	6389.20800000	6388.13600000	6487.48400000	6486.44600000	6545.22200000	6550.88800000	6586.89000000	6585.32400000	6519.02200000	6514.71200000	6511.40800000	6515.39000000	6511.62000000	6515.04800000	6474.90000000	6477.62600000	6521.02200000	6515.36200000	6474.69600000	6477.19200000	6477.20400000	6483.93000000	6493.74000000	6496.43400000	6394.62200000	6395.34000000	6424.37800000	6425.63000000	6402.87400000	6400.97400000	6423.03600000	6422.45600000	6396.90200000	6395.42800000	6400.84000000	6402.86200000	6360.02000000	6363.89000000	6313.23200000	6321.65600000	6350.38800000	6347.81200000	6363.81400000	6362.25000000	6315.24600000	6325.57400000	6318.19600000	6313.05800000	6428.66208000	6429.98160000
2889849246.23115587	6192.93200000	6176.05200000	6305.68200000	6303.59000000	6503.56000000	6500.23000000	6532.74400000	6528.71200000	6548.90000000	6554.71000000	6516.02800000	6511.15600000	6535.41200000	6532.30800000	6495.51800000	6497.28400000	6468.41800000	6472.98000000	6496.30000000	6488.66200000	6490.93400000	6496.58800000	6474.54800000	6471.89400000	6468.04400000	6470.24000000	6444.75000000	6440.37400000	6428.93600000	6424.56600000	6374.78800000	6371.36800000	6416.50200000	6421.97000000	6416.41800000	6420.39000000	6383.05600000	6376.56200000	6382.29800000	6386.07400000	6375.85400000	6381.24400000	6359.05800000	6356.30000000	6343.80200000	6349.37800000	6342.04200000	6334.60200000	6317.89600000	6320.28600000	6424.57680000	6423.50080000
2890351758.79396963	6191.91800000	6195.67200000	6266.05000000	6265.46000000	6410.36800000	6409.82400000	6494.76400000	6496.72000000	6603.30200000	6594.21400000	6595.12400000	6602.08600000	6523.17400000	6520.57800000	6486.93800000	6484.16800000	6487.57200000	6478.72800000	6484.18400000	6480.54600000	6474.26400000	6476.58600000	6478.70400000	6479.34200000	6475.17600000	6477.93400000	6450.84600000	6450.39600000	6399.98800000	6400.15400000	6388.40000000	6388.36400000	6382.01800000	6379.88600000	6395.00400000	6394.69600000	6395.88000000	6398.46200000	6375.43800000	6374.09000000	6369.71200000	6368.41800000	6337.74600000	6341.93600000	6340.01800000	6336.04000000	6351.00400000	6360.79000000	6333.68200000	6332.98200000	6419.65096000	6419.52288000
2890854271.35678387	6220.34600000	6215.53600000	6334.55200000	6329.40000000	6456.11800000	6452.83600000	6525.82600000	6530.16400000	6585.44000000	6591.03200000	6522.44800000	6514.04200000	6543.07200000	6537.69800000	6495.00800000	6485.66200000	6483.58800000	6478.14600000	6473.17000000	6476.67200000	6483.07000000	6474.47600000	6473.63000000	6477.88800000	6488.67800000	6484.19600000	6475.83600000	6473.94600000	6435.45600000	6437.37200000	6413.09400000	6405.10000000	6431.10000000	6425.58200000	6391.59800000	6395.39200000	6383.20400000	6397.05200000	6400.26000000	6400.93800000	6400.99600000	6390.80800000	6367.98800000	6372.21800000	6368.79600000	6367.63800000	6346.78200000	6336.88600000	6327.68400000	6327.31600000	6433.10960000	6431.11984000
2891356783.91959810	6293.57400000	6293.10800000	6386.67000000	6384.88400000	6472.15400000	6474.34600000	6554.66400000	6555.19400000	6617.80200000	6616.22400000	6525.44000000	6521.70800000	6511.54200000	6506.75000000	6502.49000000	6498.48400000	6493.17400000	6483.90000000	6492.69000000	6491.91800000	6478.08800000	6486.14800000	6458.07800000	6459.08400000	6447.19400000	6449.89400000	6422.84800000	6424.43800000	6428.74200000	6424.17400000	6400.76800000	6403.50200000	6423.65800000	6425.72600000	6368.28200000	6378.05000000	6414.08800000	6411.19800000	6375.01800000	6378.73400000	6320.41600000	6320.48000000	6355.55600000	6354.98600000	6375.55200000	6369.56400000	6359.36200000	6353.95000000	6300.80800000	6302.98800000	6431.14632000	6430.77728000
2891859296.48241186	6281.34400000	6275.58000000	6396.74000000	6391.62600000	6482.55600000	6482.44600000	6563.77000000	6559.65200000	6597.17800000	6599.70000000	6531.39800000	6527.38200000	6522.04000000	6521.75200000	6501.92800000	6500.56800000	6483.64400000	6478.49800000	6518.95000000	6518.68800000	6470.96200000	6467.06800000	6476.51800000	6483.52000000	6477.71600000	6471.31600000	6406.41800000	6406.76400000	6438.60800000	6437.11000000	6381.58200000	6383.95600000	6423.16400000	6421.25000000	6385.88800000	6384.57800000	6405.80600000	6402.36600000	6376.66600000	6368.87200000	6318.86400000	6319.62600000	6353.71600000	6357.06200000	6362.74200000	6356.50800000	6349.78000000	6343.13000000	6326.75200000	6325.47800000	6433.38920000	6431.37984000
2892361809.04522610	6202.23200000	6202.45200000	6371.08400000	6364.11800000	6464.19400000	6464.31600000	6525.99400000	6519.83400000	6562.22800000	6559.53800000	6509.04400000	6500.43000000	6523.41000000	6529.10400000	6495.52000000	6494.93400000	6488.87000000	6483.52400000	6509.82600000	6506.82400000	6483.55600000	6479.73200000	6477.59200000	6468.06600000	6463.62200000	6462.86000000	6430.64400000	6431.74600000	6441.88800000	6437.40400000	6398.53000000	6402.00600000	6412.13400000	6411.67400000	6415.81000000	6415.65000000	6374.58800000	6371.53200000	6374.36200000	6374.51800000	6364.83000000	6359.85800000	6345.11800000	6343.97000000	6342.35000000	6334.81000000	6326.69400000	6322.53600000	6343.14600000	6337.77800000	6425.89064000	6423.16856000
2892864321.60804033	6173.40000000	6164.65400000	6319.45400000	6316.43000000	6505.77000000	6499.14600000	6527.25400000	6525.72800000	6557.38000000	6547.86600000	6514.85400000	6509.23000000	6535.14600000	6536.75400000	6496.29600000	6496.76200000	6483.08800000	6477.58600000	6491.19000000	6488.30800000	6491.25800000	6496.41800000	6481.88600000	6485.32000000	6466.16200000	6465.60600000	6433.74000000	6426.41400000	6426.62000000	6429.30600000	6384.16800000	6379.31400000	6422.12800000	6420.88000000	6424.12600000	6422.28400000	6381.95800000	6383.67200000	6389.62600000	6385.01400000	6381.14600000	6380.53000000	6350.80800000	6356.90400000	6347.58200000	6346.32200000	6335.33400000	6330.41200000	6314.88200000	6305.41800000	6425.41024000	6423.05112000
2893366834.17085409	6192.73600000	6194.90600000	6337.63600000	6339.11400000	6456.18400000	6451.91000000	6524.72400000	6525.72600000	6595.93600000	6589.18400000	6537.66000000	6534.18000000	6524.64200000	6531.85800000	6494.18800000	6489.86600000	6496.93600000	6494.10800000	6469.48400000	6465.87800000	6486.01200000	6478.17800000	6485.28400000	6478.60400000	6479.00600000	6478.65600000	6470.96200000	6471.20400000	6431.44800000	6430.33000000	6404.92600000	6401.07800000	6425.66400000	6421.13800000	6397.62400000	6390.22000000	6389.38200000	6390.79800000	6397.23800000	6400.28000000	6390.34200000	6388.94400000	6364.41000000	6369.10200000	6358.56800000	6351.78800000	6347.10000000	6340.37800000	6336.60200000	6330.18200000	6431.78776000	6429.50440000
2893869346.73366833	6174.69600000	6168.82600000	6357.28800000	6349.60200000	6466.12000000	6460.79400000	6540.14400000	6535.93400000	6563.54200000	6561.95200000	6536.29600000	6535.11400000	6533.94400000	6522.47800000	6517.38800000	6507.84000000	6483.27200000	6486.40200000	6468.72000000	6454.70600000	6500.55200000	6494.46800000	6505.15600000	6499.00000000	6465.84600000	6466.58800000	6453.39000000	6445.86000000	6456.06200000	6445.04800000	6409.65400000	6407.30200000	6418.92200000	6416.10800000	6405.79800000	6400.29200000	6365.47600000	6365.65400000	6401.06800000	6401.01400000	6368.31600000	6359.88000000	6365.46800000	6363.93400000	6351.02400000	6343.57800000	6378.49800000	6365.92600000	6323.35800000	6314.51400000	6432.39992000	6426.91256000
2894371859.29648256	6194.09200000	6183.01000000	6251.60800000	6252.39800000	6403.16400000	6391.52200000	6501.08400000	6494.70600000	6602.32400000	6601.38400000	6620.58600000	6616.20600000	6540.82200000	6532.90600000	6498.24200000	6499.01200000	6501.39600000	6496.97600000	6489.34000000	6484.05200000	6463.99800000	6467.27400000	6490.75800000	6487.00200000	6485.20600000	6485.71600000	6469.50600000	6461.03800000	6407.14600000	6409.10400000	6399.61800000	6403.16000000	6378.16400000	6370.44200000	6384.47600000	6383.08200000	6391.92200000	6386.72000000	6376.96800000	6374.93000000	6371.26200000	6362.44200000	6344.54400000	6354.48200000	6341.17600000	6340.22400000	6358.35800000	6359.08600000	6349.81400000	6341.44600000	6424.62296000	6421.53280000
2894874371.85929632	6198.12600000	6199.35600000	6361.84400000	6355.02800000	6491.40600000	6493.28200000	6521.92400000	6514.00200000	6567.52200000	6564.10000000	6512.03600000	6504.20800000	6525.94200000	6519.69000000	6497.44200000	6493.71200000	6492.13600000	6490.13800000	6516.11600000	6509.68600000	6470.86600000	6464.56200000	6468.42000000	6463.10800000	6470.43000000	6457.73000000	6430.30000000	6427.37400000	6438.48200000	6430.21600000	6405.24600000	6396.26200000	6415.56000000	6407.77200000	6405.20600000	6400.99000000	6363.96200000	6367.95000000	6371.23600000	6374.98000000	6359.23200000	6360.50000000	6335.81000000	6336.52200000	6353.50000000	6342.59200000	6323.15200000	6326.36200000	6343.19200000	6337.18200000	6425.56352000	6421.49216000
2895376884.42211056	6186.33000000	6184.86800000	6266.02200000	6251.17200000	6418.45800000	6412.74200000	6492.60400000	6491.84600000	6606.61200000	6603.56400000	6616.77200000	6609.14000000	6531.60200000	6529.40600000	6497.22000000	6500.54800000	6499.64800000	6498.02600000	6479.14600000	6479.64000000	6467.39800000	6460.48200000	6488.15000000	6480.93600000	6484.87000000	6495.66200000	6467.13200000	6464.38800000	6412.83000000	6398.99000000	6398.79400000	6388.34600000	6388.86800000	6382.79400000	6405.08800000	6399.20400000	6393.04400000	6389.84200000	6395.33400000	6384.05800000	6371.08800000	6361.29400000	6351.13000000	6341.12400000	6345.02600000	6343.87400000	6360.43000000	6368.19000000	6340.55200000	6328.36200000	6426.56592000	6421.93992000
2895879396.98492479	6260.62200000	6257.75200000	6390.93400000	6384.86400000	6478.71400000	6473.81400000	6573.02800000	6559.98400000	6616.34800000	6607.99400000	6546.09400000	6532.07600000	6524.37600000	6518.88000000	6507.41800000	6494.60600000	6481.55000000	6476.46200000	6518.95000000	6516.52600000	6466.49400000	6457.87600000	6481.28400000	6479.61000000	6486.35600000	6479.52600000	6401.10200000	6398.18800000	6438.80200000	6434.11800000	6388.72000000	6380.83000000	6425.41200000	6414.36000000	6389.97800000	6383.02800000	6399.80400000	6399.75600000	6382.74000000	6372.50000000	6321.61600000	6314.46800000	6372.25600000	6358.62000000	6356.51600000	6350.13600000	6338.68800000	6333.04800000	6329.91400000	6323.61400000	6435.10864000	6428.10544000
2896381909.54773855	6233.99200000	6226.47400000	6327.17800000	6320.48200000	6447.00600000	6444.72800000	6543.22200000	6529.25000000	6602.75400000	6594.12000000	6552.57800000	6542.99800000	6537.03800000	6531.34000000	6486.77800000	6479.66400000	6493.61800000	6491.41400000	6486.83600000	6480.26800000	6482.54800000	6484.35800000	6492.86200000	6483.50600000	6473.10000000	6467.28400000	6480.95000000	6469.64400000	6430.66200000	6423.56400000	6375.76800000	6374.95000000	6425.51800000	6421.62800000	6389.49800000	6381.43400000	6386.05400000	6387.26400000	6402.53800000	6398.15200000	6380.63800000	6373.66800000	6404.33400000	6393.44400000	6370.17400000	6367.27600000	6350.62000000	6348.69000000	6343.15200000	6338.88600000	6435.97664000	6430.17944000
2896884422.11055279	6162.51400000	6157.13800000	6258.49400000	6251.59200000	6405.98600000	6395.34600000	6507.11000000	6512.33400000	6572.58800000	6567.28600000	6614.33400000	6602.83600000	6523.67800000	6511.94400000	6493.51800000	6495.90000000	6522.99200000	6516.95800000	6481.92600000	6483.15200000	6502.58200000	6490.88200000	6511.81400000	6511.31800000	6487.64600000	6473.68600000	6460.78200000	6465.01800000	6428.67400000	6417.58800000	6427.65800000	6421.38400000	6419.52000000	6412.02200000	6405.22400000	6404.44200000	6387.85800000	6388.93000000	6383.26000000	6365.34000000	6405.50600000	6408.42600000	6360.45200000	6352.73200000	6374.83800000	6370.72400000	6350.84400000	6350.92200000	6341.94000000	6332.75000000	6431.66952000	6426.42600000
2897386934.67336702	6238.84000000	6235.34000000	6320.92400000	6315.48400000	6440.46000000	6440.58800000	6533.98400000	6526.16200000	6597.56200000	6593.79800000	6556.08400000	6546.10600000	6533.96000000	6525.91400000	6480.85400000	6479.50600000	6489.64600000	6481.77000000	6481.36800000	6477.47600000	6496.92400000	6494.76400000	6499.63800000	6494.28200000	6478.24400000	6482.25000000	6473.49800000	6472.53000000	6423.22400000	6421.40400000	6386.34400000	6373.69400000	6431.75600000	6424.17200000	6391.04200000	6383.16600000	6386.47600000	6376.61600000	6402.71000000	6401.61000000	6384.89200000	6378.51200000	6389.04600000	6384.68800000	6366.16000000	6366.53400000	6352.04800000	6351.78000000	6339.45400000	6328.65800000	6435.00552000	6430.27216000
2897889447.23618078	6175.98400000	6180.05400000	6312.11200000	6314.67400000	6410.40000000	6401.67800000	6479.36600000	6466.73600000	6554.31800000	6544.23600000	6604.70200000	6606.16800000	6519.30400000	6505.05200000	6514.87000000	6516.16000000	6506.31800000	6504.11200000	6489.52200000	6480.76600000	6489.84000000	6482.94800000	6495.10400000	6490.76200000	6467.84000000	6458.16800000	6480.15800000	6474.19400000	6429.04200000	6429.74800000	6433.94000000	6432.15200000	6413.71600000	6408.54000000	6416.41600000	6408.86400000	6376.47000000	6371.17400000	6415.42200000	6404.28400000	6396.31200000	6376.59600000	6314.09000000	6315.28400000	6373.67200000	6363.85200000	6382.18400000	6364.13400000	6355.95200000	6349.92400000	6432.28216000	6426.01040000
2898391959.79899502	6277.13800000	6272.44800000	6393.30800000	6372.53200000	6474.40000000	6464.93400000	6564.82200000	6561.28200000	6617.46400000	6612.67000000	6541.76600000	6533.78800000	6524.76800000	6513.31200000	6497.14800000	6484.65800000	6497.06000000	6496.23800000	6518.58000000	6504.97600000	6467.46200000	6464.24000000	6476.88000000	6467.28200000	6468.59200000	6457.76400000	6419.93200000	6414.73600000	6430.59400000	6419.96200000	6397.93000000	6385.98400000	6427.37800000	6418.15000000	6365.42400000	6361.57600000	6414.01800000	6398.56800000	6378.07800000	6367.82400000	6325.87600000	6310.23800000	6350.93000000	6344.50000000	6364.15400000	6361.30800000	6356.58400000	6350.54600000	6320.71400000	6308.71800000	6434.84000000	6425.92936000
2898894472.36180925	6234.11800000	6234.86000000	6285.71200000	6279.52400000	6441.04400000	6429.62600000	6490.49000000	6485.27000000	6581.90800000	6570.09400000	6584.74400000	6571.22200000	6529.88400000	6528.91000000	6495.51600000	6489.81200000	6501.63000000	6498.95400000	6473.60600000	6466.42400000	6481.70200000	6482.00800000	6483.81400000	6476.28800000	6476.12200000	6472.53000000	6448.90800000	6437.75200000	6431.45800000	6419.18400000	6391.05200000	6390.54400000	6422.65600000	6419.56200000	6400.15800000	6392.59000000	6389.00600000	6382.01600000	6390.76200000	6381.03600000	6371.27800000	6372.28000000	6354.17200000	6345.93200000	6373.52400000	6361.08800000	6343.54200000	6330.75600000	6315.13400000	6311.76000000	6427.67760000	6421.20088000
2899396984.92462301	6185.95200000	6178.10600000	6275.24600000	6262.49200000	6389.33800000	6390.27400000	6512.16800000	6506.46800000	6583.82000000	6574.51000000	6615.27000000	6601.16800000	6518.64600000	6511.57800000	6489.94400000	6481.01200000	6542.29800000	6531.42600000	6484.49400000	6470.97000000	6491.14200000	6478.55200000	6498.95600000	6492.34600000	6496.97400000	6495.82000000	6463.39000000	6457.58200000	6434.94000000	6427.02800000	6414.44000000	6407.19600000	6404.86200000	6398.27400000	6413.10800000	6397.34000000	6407.96200000	6393.28000000	6375.36000000	6373.36800000	6406.51000000	6399.84600000	6379.86000000	6370.41200000	6358.01200000	6354.22600000	6364.13400000	6361.23200000	6362.59200000	6352.37600000	6434.77672000	6426.67528000
2899899497.48743725	6178.71600000	6179.77800000	6358.13200000	6344.50800000	6508.85000000	6498.16400000	6513.07800000	6508.68800000	6557.44600000	6553.13600000	6522.98000000	6506.67400000	6541.46800000	6527.60000000	6524.25000000	6515.04800000	6488.39800000	6478.93600000	6488.08200000	6477.86000000	6493.48000000	6489.46600000	6502.44400000	6495.01400000	6473.85000000	6467.98400000	6442.84200000	6434.29400000	6446.69000000	6437.32800000	6399.44200000	6393.60600000	6425.40600000	6417.15600000	6398.20200000	6406.06200000	6380.83200000	6375.59200000	6396.96800000	6381.46800000	6369.96400000	6371.29600000	6364.51000000	6363.20200000	6348.00000000	6338.84600000	6359.67800000	6351.13000000	6320.73800000	6314.53800000	6432.17784000	6425.09496000
2900402010.05025148	6236.30000000	6223.69000000	6331.22400000	6319.20800000	6451.27000000	6445.74000000	6511.38000000	6506.58600000	6593.34400000	6577.48000000	6566.72400000	6558.50800000	6529.11000000	6515.93400000	6494.23200000	6479.82600000	6504.66000000	6506.16600000	6481.98600000	6479.25000000	6480.85200000	6475.67800000	6483.70800000	6476.66600000	6497.66600000	6490.46600000	6475.09400000	6461.28400000	6435.55000000	6415.55600000	6439.94400000	6432.14000000	6419.75600000	6407.81000000	6427.41200000	6410.97600000	6402.09800000	6390.36000000	6390.64400000	6373.40600000	6381.88600000	6365.31400000	6366.82200000	6353.76800000	6387.20000000	6379.93200000	6375.39400000	6364.55400000	6340.95400000	6333.94600000	6440.20840000	6429.76976000
2900904522.61306524	6197.04200000	6187.96600000	6271.72400000	6264.03200000	6409.54000000	6403.80200000	6510.83200000	6499.54600000	6601.07600000	6601.60600000	6621.05200000	6609.76000000	6552.34200000	6537.03400000	6497.70400000	6487.77200000	6504.40600000	6496.64400000	6489.80400000	6495.99600000	6464.62800000	6465.65200000	6487.74000000	6482.72600000	6496.52800000	6486.32200000	6470.88600000	6463.08000000	6417.23800000	6409.80000000	6406.98000000	6394.63800000	6385.63000000	6380.74000000	6399.75600000	6394.99800000	6397.15400000	6390.95200000	6389.59400000	6378.59400000	6372.86600000	6371.73600000	6346.12400000	6336.65400000	6345.10000000	6344.37000000	6369.54000000	6357.42400000	6346.16400000	6351.90400000	6430.05800000	6423.74992000
2901407035.17587948	6235.65400000	6230.07600000	6332.55200000	6319.59400000	6449.26400000	6446.70600000	6500.83800000	6490.55200000	6600.86400000	6589.83600000	6562.41800000	6547.09800000	6515.73000000	6517.06200000	6488.04600000	6480.58000000	6497.15400000	6494.29000000	6490.95800000	6477.41600000	6488.47000000	6479.25800000	6474.23000000	6476.75400000	6479.74200000	6465.68400000	6475.90600000	6471.87200000	6422.36400000	6413.77400000	6438.12800000	6438.32000000	6418.49800000	6405.51400000	6411.74800000	6400.80200000	6396.83400000	6381.75400000	6376.82000000	6373.53400000	6386.92000000	6374.26000000	6372.41200000	6359.44400000	6382.50800000	6368.31800000	6370.03400000	6356.74800000	6347.38400000	6346.92200000	6436.61904000	6428.24672000
2901909547.73869324	6173.85400000	6161.08800000	6252.17200000	6247.47200000	6389.70400000	6385.79000000	6488.05400000	6480.62000000	6557.49200000	6549.26600000	6624.55400000	6614.42400000	6521.00800000	6506.13600000	6494.91200000	6480.91000000	6520.52600000	6514.96000000	6496.53800000	6491.13600000	6496.31800000	6483.41400000	6502.19000000	6499.79800000	6483.06600000	6476.57800000	6467.27000000	6459.50800000	6432.22600000	6422.27000000	6445.14800000	6437.24200000	6430.01200000	6417.32400000	6402.70800000	6400.94200000	6378.75200000	6371.57000000	6387.66800000	6374.26800000	6384.07600000	6388.25200000	6349.28800000	6342.96600000	6376.40200000	6358.70600000	6353.50200000	6351.69200000	6350.89800000	6340.31200000	6430.33352000	6422.26576000
2902412060.30150747	6180.88200000	6181.86000000	6321.69800000	6311.05600000	6504.89400000	6499.52000000	6523.14200000	6520.13400000	6567.50600000	6554.31600000	6516.16400000	6508.13000000	6548.02600000	6546.59800000	6522.14200000	6507.32200000	6487.60000000	6477.72400000	6491.92600000	6482.85800000	6503.60600000	6489.34000000	6502.54000000	6497.64800000	6482.48200000	6478.38600000	6440.83000000	6428.94000000	6445.31400000	6438.60000000	6396.26400000	6388.01000000	6426.03200000	6423.40400000	6431.13000000	6418.16400000	6370.52400000	6364.83600000	6394.29400000	6382.50400000	6373.20800000	6366.38400000	6372.42400000	6355.65400000	6348.76000000	6337.15600000	6347.73400000	6337.27400000	6308.50400000	6303.29000000	6432.30504000	6423.96432000
2902914572.86432171	6285.67800000	6282.24600000	6401.64600000	6388.76800000	6474.16400000	6461.75000000	6546.08000000	6534.83600000	6587.12000000	6580.74000000	6497.83000000	6493.80000000	6543.27800000	6533.75400000	6487.92600000	6483.91800000	6499.55200000	6491.27200000	6515.74400000	6509.36800000	6496.17400000	6486.29800000	6480.61600000	6473.49200000	6467.35800000	6471.17600000	6435.15400000	6428.44200000	6444.66000000	6440.69800000	6408.23400000	6404.90600000	6413.63800000	6402.17400000	6427.24800000	6416.08200000	6396.72400000	6391.15200000	6387.58400000	6379.00600000	6348.04000000	6331.91200000	6363.60800000	6343.83200000	6361.48400000	6347.59200000	6345.34200000	6337.42200000	6341.89400000	6333.43000000	6438.27104000	6429.92264000
2903417085.42713547	6211.38000000	6200.04800000	6261.59600000	6255.93400000	6413.41000000	6411.22600000	6494.96800000	6486.54400000	6602.28800000	6587.34800000	6614.45600000	6612.17400000	6527.78600000	6519.04400000	6495.75200000	6489.58400000	6513.69400000	6497.32800000	6509.28200000	6496.51800000	6488.35400000	6473.95000000	6496.58400000	6484.49200000	6509.81800000	6499.21600000	6474.51600000	6459.60000000	6407.42600000	6399.11800000	6407.52400000	6403.00400000	6374.25800000	6358.93000000	6390.65400000	6390.85200000	6396.59000000	6381.38400000	6386.59800000	6386.75800000	6398.51800000	6390.70400000	6364.51600000	6354.95400000	6353.17800000	6340.35000000	6360.49800000	6343.67400000	6367.99600000	6361.51000000	6432.86560000	6423.36976000
2903919597.98994970	6199.07000000	6191.77200000	6322.29000000	6312.66600000	6447.03400000	6442.19200000	6494.07000000	6493.87800000	6600.14400000	6594.57400000	6561.95200000	6557.62000000	6545.40200000	6533.71800000	6488.61200000	6469.13800000	6496.71400000	6485.29600000	6500.44800000	6484.56400000	6489.95800000	6483.53600000	6495.50600000	6486.45600000	6475.09000000	6477.27200000	6470.56600000	6467.09400000	6430.22200000	6419.17800000	6428.61800000	6424.37000000	6419.05200000	6407.63000000	6420.51600000	6410.83400000	6375.23000000	6363.27200000	6383.14600000	6366.37200000	6385.56400000	6377.25800000	6374.76800000	6364.32400000	6380.94200000	6374.02600000	6361.63800000	6342.43000000	6336.83800000	6336.39800000	6435.33560000	6426.63472000
2904422110.55276394	6242.54600000	6229.33600000	6394.30000000	6375.70800000	6486.82600000	6471.68800000	6551.90600000	6539.09800000	6577.48000000	6563.59600000	6518.94800000	6510.91600000	6530.07800000	6525.07400000	6513.63000000	6505.03600000	6495.62800000	6489.72600000	6527.99400000	6519.14800000	6470.53400000	6471.07800000	6491.70600000	6485.14600000	6496.86000000	6490.41800000	6396.75400000	6388.75000000	6420.54400000	6415.91600000	6400.19000000	6394.58400000	6436.67400000	6428.60600000	6429.56200000	6414.61200000	6409.50200000	6395.92000000	6360.87000000	6355.62400000	6319.15600000	6312.61200000	6365.04400000	6364.04000000	6353.25800000	6343.60600000	6346.54000000	6329.56800000	6336.14200000	6331.95600000	6434.90688000	6426.07048000
2904924623.11557770	6271.46800000	6260.47800000	6386.83000000	6376.67400000	6499.42000000	6491.54600000	6564.92200000	6558.46800000	6622.25400000	6609.74600000	6530.88800000	6529.13200000	6527.61200000	6518.66800000	6504.70000000	6498.15600000	6480.61600000	6469.25200000	6530.18200000	6517.75800000	6469.88000000	6463.22800000	6476.80000000	6478.47000000	6490.26800000	6483.35800000	6411.74400000	6396.60800000	6439.99200000	6429.83400000	6401.87400000	6393.98400000	6412.17600000	6412.92400000	6393.60200000	6390.77000000	6416.44800000	6400.09000000	6376.88200000	6368.52200000	6319.37600000	6317.53000000	6371.61000000	6360.98000000	6365.44800000	6358.65600000	6334.22400000	6335.82400000	6333.60600000	6322.81600000	6437.31288000	6429.73888000
2905427135.67839193	6190.35000000	6176.98000000	6355.14000000	6346.05800000	6462.07800000	6448.44200000	6539.72200000	6537.42800000	6568.81000000	6555.18800000	6533.55200000	6518.87800000	6555.67000000	6542.16200000	6514.11200000	6499.63200000	6483.54600000	6472.15200000	6472.12200000	6462.51000000	6490.10200000	6478.69600000	6496.43400000	6479.08200000	6493.66800000	6478.00200000	6471.82200000	6459.38000000	6453.22800000	6442.75000000	6418.85400000	6407.38200000	6431.80000000	6422.66400000	6428.85600000	6418.03800000	6400.16600000	6384.74600000	6407.57400000	6401.39200000	6403.12800000	6395.98000000	6380.59800000	6370.36000000	6356.76000000	6339.04800000	6365.76200000	6354.03600000	6324.84200000	6319.75600000	6439.94784000	6428.42968000
2905929648.24120617	6276.12200000	6269.98000000	6390.48400000	6386.56800000	6464.49800000	6452.39000000	6536.65000000	6529.71800000	6610.44000000	6593.34400000	6507.59800000	6496.75000000	6542.43600000	6538.40400000	6494.32600000	6481.05600000	6497.37000000	6492.46000000	6515.30600000	6501.80800000	6496.69600000	6484.39200000	6480.44800000	6478.30800000	6474.22400000	6461.60000000	6436.61200000	6419.74800000	6449.26600000	6440.20000000	6411.62800000	6397.08200000	6411.86400000	6403.30800000	6422.30800000	6418.37200000	6395.22200000	6390.18200000	6391.36800000	6378.35600000	6352.92000000	6339.55000000	6361.73200000	6353.81400000	6359.04200000	6351.98000000	6347.30600000	6334.24800000	6344.46000000	6339.68000000	6438.81304000	6429.33192000
2906432160.80401993	6270.60400000	6262.67000000	6384.56200000	6377.00200000	6463.31400000	6444.77600000	6553.82200000	6539.04200000	6604.57000000	6596.92000000	6514.12600000	6499.47000000	6551.95800000	6543.72400000	6491.11800000	6487.10600000	6503.76000000	6494.12200000	6523.80800000	6519.97600000	6502.82400000	6490.79400000	6503.52200000	6490.80000000	6474.36800000	6467.86400000	6425.31000000	6420.01400000	6451.94200000	6450.59200000	6417.51800000	6412.57200000	6411.75000000	6406.37400000	6430.19800000	6425.71600000	6397.08400000	6384.77000000	6384.53200000	6372.76800000	6336.27400000	6330.93200000	6355.57200000	6347.98200000	6349.29400000	6345.97600000	6337.07400000	6335.52200000	6344.53400000	6341.40200000	6439.33752000	6431.55544000
2906934673.36683416	6228.70800000	6214.59600000	6270.90200000	6263.35200000	6423.31000000	6414.14200000	6477.89400000	6466.29200000	6579.50400000	6576.55200000	6588.98400000	6577.54400000	6540.35800000	6532.70600000	6492.65000000	6479.80600000	6503.47200000	6496.76000000	6492.31800000	6480.55400000	6479.85200000	6473.82800000	6480.86800000	6469.88600000	6505.61800000	6491.30400000	6456.42200000	6448.75600000	6410.11600000	6407.15600000	6397.04000000	6387.96000000	6416.18800000	6407.08600000	6416.87400000	6398.01800000	6404.50600000	6394.08200000	6383.09400000	6374.43000000	6379.28400000	6370.46800000	6342.02400000	6322.38000000	6372.23000000	6366.58600000	6348.76600000	6339.87000000	6328.27800000	6318.14400000	6428.77040000	6418.89032000
2907437185.92964840	6167.50400000	6162.44200000	6307.07800000	6293.97400000	6403.35400000	6386.02400000	6471.74200000	6465.92200000	6572.28000000	6558.58000000	6618.44400000	6608.10800000	6520.59800000	6514.06200000	6517.86000000	6503.44800000	6524.69800000	6502.58600000	6481.54800000	6470.84200000	6492.81400000	6480.53800000	6506.69600000	6490.51200000	6469.14200000	6459.36200000	6476.64000000	6466.08000000	6441.16400000	6429.83600000	6438.06000000	6427.75600000	6433.13200000	6417.12800000	6420.46800000	6397.18800000	6372.29600000	6357.49800000	6410.30400000	6396.36400000	6392.36400000	6381.61400000	6345.03800000	6320.79400000	6371.25600000	6361.93400000	6385.90600000	6368.04800000	6358.86400000	6345.74600000	6435.97000000	6422.65544000
2907939698.49246216	6199.31800000	6191.80800000	6282.03800000	6275.29000000	6416.77200000	6393.93800000	6505.54000000	6494.97000000	6565.65800000	6562.55600000	6619.56200000	6600.99800000	6518.22800000	6507.18800000	6496.25200000	6490.08400000	6514.73400000	6509.88600000	6493.49600000	6486.63400000	6488.98400000	6487.11800000	6508.37800000	6501.82800000	6478.96800000	6472.40800000	6467.56800000	6453.12800000	6431.54000000	6432.95400000	6440.41000000	6431.29600000	6423.43200000	6415.21600000	6406.91200000	6392.25800000	6386.93200000	6369.91400000	6382.88800000	6370.04200000	6403.36200000	6391.03200000	6359.67400000	6344.50600000	6375.79600000	6365.28800000	6359.84800000	6343.86400000	6339.23600000	6332.64800000	6434.62104000	6424.67408000
2908442211.05527639	6296.64000000	6284.93000000	6383.47800000	6374.37600000	6464.87400000	6455.57000000	6553.81200000	6552.04800000	6588.10600000	6590.89000000	6506.22200000	6491.43600000	6541.75400000	6538.31200000	6507.32000000	6495.75400000	6491.51400000	6473.42600000	6514.80400000	6507.39000000	6497.57600000	6490.46600000	6504.26600000	6495.88400000	6474.44200000	6461.23800000	6425.02800000	6415.76800000	6462.59600000	6452.67600000	6417.52600000	6411.54800000	6409.53000000	6402.90000000	6426.67000000	6421.42400000	6389.26800000	6376.88600000	6388.21600000	6371.42400000	6334.99000000	6334.20000000	6349.17800000	6343.61200000	6348.91000000	6335.84800000	6340.42000000	6324.26600000	6343.36600000	6337.16600000	6438.42024000	6429.57752000
2908944723.61809063	6209.99800000	6202.13000000	6388.33800000	6372.77400000	6478.33600000	6466.79800000	6536.15200000	6524.99400000	6577.96400000	6572.73400000	6513.95200000	6501.41400000	6543.86000000	6538.82800000	6497.13200000	6484.99400000	6491.93400000	6482.96200000	6510.63800000	6513.80800000	6485.20800000	6473.46200000	6475.36600000	6466.04600000	6462.80600000	6458.37800000	6440.30000000	6433.11600000	6438.50200000	6425.03000000	6418.56200000	6407.48800000	6409.69000000	6400.89200000	6422.05400000	6415.61600000	6378.89400000	6371.56600000	6385.22600000	6373.63800000	6361.93200000	6350.23200000	6358.17000000	6350.51800000	6346.15000000	6339.25400000	6339.66800000	6335.86000000	6340.34000000	6334.48200000	6432.44688000	6423.88056000
2909447236.18090439	6210.69000000	6199.68600000	6359.24600000	6349.53600000	6489.29200000	6477.73000000	6534.31800000	6516.81800000	6563.47800000	6558.72800000	6520.25200000	6507.32600000	6529.75000000	6517.83600000	6500.45800000	6493.60400000	6496.59400000	6487.34400000	6520.88200000	6502.44800000	6485.63800000	6475.19800000	6483.75200000	6477.99600000	6462.92400000	6453.09200000	6443.02400000	6431.18600000	6443.28000000	6430.03200000	6410.38600000	6405.47200000	6426.00600000	6413.78400000	6408.49600000	6401.56600000	6381.41400000	6358.92800000	6379.07600000	6368.32200000	6378.30000000	6364.22400000	6353.92200000	6338.01200000	6348.68600000	6343.98400000	6333.21000000	6310.46200000	6342.77600000	6333.66000000	6432.23400000	6420.67896000
2909949748.74371862	6221.65000000	6212.50000000	6401.96800000	6391.39000000	6490.03200000	6478.59000000	6553.64000000	6539.93800000	6579.73600000	6574.70800000	6525.45800000	6513.46600000	6534.96600000	6522.74200000	6522.35800000	6512.25400000	6491.04600000	6481.38000000	6527.10600000	6513.43800000	6484.92200000	6470.93200000	6490.37800000	6474.67600000	6500.04200000	6488.47600000	6394.31200000	6387.73200000	6422.03800000	6411.61400000	6414.50600000	6395.53400000	6440.28000000	6428.58400000	6422.97600000	6413.57600000	6411.71800000	6401.05000000	6363.29200000	6354.68800000	6324.32800000	6305.77600000	6368.27400000	6351.57200000	6354.86600000	6349.11600000	6345.65800000	6327.57000000	6338.11400000	6329.21000000	6436.94656000	6425.22048000
2910452261.30653286	6207.66400000	6190.47400000	6395.63600000	6383.43800000	6475.41800000	6463.79400000	6538.43400000	6525.43800000	6583.03200000	6568.78200000	6513.83200000	6504.18400000	6537.94400000	6531.39800000	6500.68400000	6490.50600000	6493.28200000	6486.26800000	6523.67400000	6513.37800000	6486.79000000	6481.60400000	6484.14800000	6471.74400000	6466.47600000	6456.99800000	6449.89000000	6436.04400000	6440.29200000	6427.22400000	6410.88800000	6400.40400000	6419.19200000	6411.44600000	6419.66200000	6412.02600000	6392.98400000	6378.93200000	6389.90000000	6382.18200000	6364.56400000	6351.35800000	6366.79800000	6355.98200000	6353.10000000	6343.59200000	6339.69400000	6328.61600000	6343.77600000	6329.23600000	6435.91016000	6425.00192000
2910954773.86934662	6169.79600000	6166.86200000	6347.73800000	6338.54800000	6487.70400000	6481.24400000	6524.58600000	6513.41600000	6578.33600000	6563.69200000	6539.23400000	6528.84600000	6538.55000000	6525.41600000	6518.18000000	6513.57000000	6491.13000000	6488.87600000	6480.68400000	6474.07400000	6489.58000000	6495.78800000	6508.17400000	6501.37400000	6472.46200000	6470.85800000	6444.98800000	6437.12600000	6455.28600000	6451.83600000	6413.71600000	6405.02200000	6424.97400000	6417.90600000	6416.22200000	6391.05600000	6370.27800000	6364.56000000	6407.70400000	6397.13200000	6383.29400000	6366.81200000	6375.16600000	6362.40800000	6352.13400000	6343.78200000	6377.16400000	6372.25000000	6329.53000000	6313.73000000	6435.86440000	6427.44736000
2911457286.43216085	6203.86800000	6194.13000000	6313.54600000	6307.63600000	6435.39800000	6428.45000000	6498.36000000	6488.89200000	6619.60800000	6612.34600000	6558.66600000	6559.68000000	6548.18000000	6532.87600000	6479.79000000	6477.97400000	6495.74200000	6490.43000000	6493.49400000	6492.44600000	6493.44200000	6483.93000000	6498.30400000	6493.49600000	6486.02600000	6476.86600000	6480.20400000	6476.41400000	6441.64200000	6429.43200000	6432.36800000	6426.76600000	6424.09600000	6409.62000000	6423.20000000	6410.25800000	6372.52000000	6373.05400000	6379.46600000	6367.16200000	6375.73600000	6373.29200000	6373.88800000	6367.58600000	6385.95000000	6383.90000000	6354.13600000	6357.36600000	6347.08200000	6334.78800000	6436.58848000	6429.95160000
2911959798.99497509	6284.66000000	6273.58200000	6383.66800000	6375.73200000	6484.29800000	6472.94200000	6557.88400000	6544.35200000	6588.61000000	6580.55600000	6506.53600000	6499.89400000	6536.46600000	6532.44400000	6507.04400000	6498.49800000	6491.20200000	6486.15200000	6523.47400000	6515.98800000	6507.51200000	6499.82400000	6494.60000000	6483.73200000	6483.64000000	6481.09400000	6413.99800000	6410.08600000	6456.28000000	6435.56600000	6416.17200000	6407.95200000	6416.48800000	6409.46200000	6427.21200000	6422.20600000	6385.56200000	6384.81200000	6390.71000000	6372.22600000	6331.27600000	6324.89800000	6359.81600000	6342.75200000	6337.32600000	6335.05200000	6339.84400000	6339.15400000	6344.10800000	6338.86400000	6438.73544000	6430.71280000
2912462311.55778885	6191.16400000	6188.52000000	6334.18000000	6336.66200000	6528.48000000	6515.74600000	6540.00800000	6533.68200000	6566.63400000	6545.22600000	6520.47000000	6511.50800000	6529.28200000	6511.13400000	6505.47600000	6484.63800000	6496.34400000	6488.80400000	6506.56600000	6506.37400000	6476.28400000	6482.23600000	6475.38200000	6461.49200000	6471.57000000	6462.33200000	6439.79000000	6428.65600000	6426.04600000	6421.22600000	6406.50000000	6398.76800000	6418.16200000	6414.66400000	6410.63200000	6409.34400000	6365.51800000	6366.09000000	6381.53400000	6380.29000000	6369.69000000	6369.32400000	6348.62000000	6349.08600000	6359.39000000	6351.16800000	6342.43000000	6336.70200000	6353.78200000	6342.53600000	6430.55736000	6423.84832000
2912964824.12060308	6239.00800000	6228.40400000	6314.23200000	6309.69200000	6440.12800000	6427.05400000	6488.44000000	6479.87800000	6588.21400000	6582.60000000	6577.84000000	6562.13200000	6528.66400000	6501.84000000	6502.99800000	6494.20200000	6504.40000000	6490.90200000	6500.57000000	6484.18000000	6486.80400000	6477.92800000	6510.25200000	6505.84200000	6487.19400000	6476.01200000	6459.31000000	6447.34000000	6448.25600000	6432.31800000	6396.66000000	6377.71000000	6428.56000000	6418.45200000	6423.15600000	6412.13600000	6382.11200000	6370.47400000	6406.70800000	6392.70000000	6374.34200000	6369.94600000	6358.34200000	6343.55800000	6364.74200000	6353.75000000	6343.20200000	6344.38400000	6324.77800000	6315.12400000	6435.15648000	6423.94232000
2913467336.68341732	6234.40000000	6231.81800000	6292.36200000	6285.19600000	6431.35800000	6419.80200000	6501.68600000	6489.58600000	6578.14200000	6568.80000000	6573.87600000	6566.26000000	6541.46200000	6529.61600000	6508.09600000	6499.65600000	6503.86400000	6489.82800000	6477.10400000	6467.75000000	6489.26000000	6477.25800000	6490.17800000	6480.38400000	6489.15800000	6483.99800000	6446.52000000	6438.61600000	6437.50400000	6428.57200000	6401.01200000	6386.77200000	6427.91200000	6414.35000000	6412.41600000	6411.55600000	6386.25400000	6371.00600000	6401.38200000	6391.69200000	6373.92800000	6368.94000000	6354.54400000	6343.60400000	6368.10000000	6360.24800000	6349.08600000	6332.76600000	6317.42800000	6308.77000000	6431.48128000	6421.87376000
2913969849.24623108	6234.66800000	6227.29400000	6343.97400000	6330.09200000	6453.04800000	6446.62400000	6511.75400000	6504.08400000	6588.86200000	6576.38400000	6573.16600000	6565.08000000	6521.67000000	6514.58000000	6494.44800000	6489.35600000	6515.89400000	6495.56400000	6479.81000000	6476.80800000	6482.31800000	6474.31000000	6482.02000000	6476.52800000	6493.67600000	6479.01000000	6477.55600000	6462.80400000	6434.20000000	6428.26800000	6449.47600000	6434.47800000	6418.05400000	6410.96800000	6424.51800000	6414.47200000	6397.04800000	6381.45400000	6384.98000000	6369.69000000	6380.99600000	6370.07000000	6364.14400000	6356.98800000	6383.06200000	6374.09000000	6383.57400000	6365.81600000	6339.25200000	6338.08200000	6440.48672000	6430.51576000
2914472361.80904531	6192.64000000	6183.14800000	6363.34000000	6341.81800000	6459.79000000	6452.02600000	6549.95800000	6536.80600000	6573.02000000	6571.22200000	6541.45800000	6523.67200000	6541.82200000	6524.08400000	6514.61400000	6507.29800000	6491.45800000	6472.37000000	6475.47000000	6466.37000000	6508.72200000	6497.91000000	6525.51400000	6507.56200000	6471.10000000	6460.18000000	6456.45800000	6448.35400000	6454.45400000	6445.02200000	6413.68200000	6404.06800000	6427.49400000	6419.37800000	6413.87600000	6403.97000000	6375.87000000	6368.88800000	6408.20800000	6398.10800000	6366.93800000	6355.23000000	6378.64200000	6370.61400000	6357.25200000	6340.36600000	6379.08800000	6364.14000000	6327.00600000	6313.98600000	6438.71496000	6427.06360000
2914974874.37185907	6219.83600000	6218.26600000	6266.76200000	6259.84200000	6410.59000000	6400.69000000	6498.34800000	6492.13000000	6604.73600000	6585.25400000	6605.54000000	6602.53000000	6537.15600000	6528.52200000	6497.41400000	6484.19800000	6506.01600000	6495.00600000	6479.20600000	6473.44000000	6491.76200000	6477.27800000	6487.70200000	6476.43000000	6487.94600000	6471.34800000	6458.67000000	6459.69600000	6418.46200000	6408.33200000	6401.12600000	6389.71000000	6402.61000000	6395.06400000	6411.00000000	6395.08600000	6398.54200000	6390.08800000	6385.39400000	6378.14800000	6373.60600000	6366.02600000	6346.16600000	6332.74800000	6356.95600000	6348.96000000	6362.98000000	6348.75000000	6345.12000000	6337.67000000	6430.14584000	6420.60848000
2915477386.93467331	6304.52200000	6295.43800000	6394.24800000	6389.13000000	6479.06800000	6470.98600000	6567.69400000	6548.89400000	6617.43200000	6602.69400000	6532.56000000	6516.54000000	6533.51800000	6526.88200000	6498.92400000	6492.14600000	6494.15000000	6494.13400000	6524.11200000	6513.90200000	6473.63200000	6456.46400000	6489.52200000	6474.25400000	6464.03000000	6460.74600000	6425.77600000	6409.90200000	6442.31200000	6427.03800000	6393.35400000	6382.77600000	6424.42000000	6412.95600000	6382.25400000	6373.56400000	6408.76600000	6394.65000000	6381.12000000	6377.95400000	6319.64600000	6316.27600000	6364.74600000	6353.58200000	6369.19800000	6357.71000000	6362.02600000	6353.67400000	6324.92400000	6311.69200000	6438.87816000	6428.55936000
2915979899.49748755	6182.94600000	6174.13400000	6274.96800000	6258.38200000	6384.02200000	6378.62200000	6492.22400000	6478.81400000	6567.70000000	6556.52800000	6622.25600000	6608.73400000	6512.13200000	6509.00400000	6495.86800000	6488.72600000	6523.22400000	6518.29400000	6498.19800000	6481.39200000	6503.62200000	6490.67800000	6502.16000000	6492.85200000	6487.22600000	6481.03400000	6469.43000000	6452.79000000	6428.44600000	6419.38800000	6440.65800000	6428.52400000	6421.88200000	6417.63800000	6401.27000000	6388.77400000	6374.92600000	6365.83800000	6380.94400000	6369.97800000	6399.00400000	6382.37600000	6355.66000000	6338.78800000	6375.14200000	6368.34600000	6357.80400000	6340.88600000	6340.14600000	6334.52800000	6431.67432000	6421.00192000
2916482412.06030130	6224.97600000	6212.09800000	6313.42000000	6298.87400000	6437.19800000	6430.22200000	6497.67600000	6484.73200000	6580.64400000	6566.86400000	6582.60400000	6563.33400000	6520.12400000	6512.03800000	6503.34400000	6489.71000000	6501.75600000	6490.41000000	6489.99800000	6477.10000000	6481.93000000	6465.83800000	6507.07600000	6492.68000000	6472.14200000	6473.40000000	6464.35800000	6452.74400000	6446.50400000	6433.47800000	6413.02200000	6399.54800000	6427.13800000	6413.34600000	6414.49200000	6403.98800000	6370.88200000	6367.03000000	6404.38200000	6393.50000000	6374.74000000	6365.00600000	6354.53600000	6352.15800000	6387.47200000	6362.42600000	6353.98200000	6343.49000000	6334.56400000	6318.93200000	6434.35840000	6422.51784000
2916984924.62311554	6276.42400000	6269.89600000	6399.78600000	6392.29200000	6483.81400000	6472.52400000	6545.14000000	6534.85400000	6570.30600000	6562.70400000	6511.18800000	6499.42600000	6546.41600000	6532.31800000	6511.06400000	6504.64400000	6495.98400000	6486.41600000	6518.13200000	6518.09600000	6501.68400000	6490.01600000	6484.62000000	6478.04400000	6488.01400000	6485.12000000	6411.42800000	6399.89800000	6450.35600000	6438.63600000	6410.01400000	6408.66000000	6426.19000000	6415.18400000	6432.77200000	6420.17000000	6403.01000000	6390.38800000	6371.05400000	6364.83000000	6339.43600000	6326.54800000	6358.62400000	6349.13200000	6356.46000000	6351.94400000	6336.76200000	6329.67000000	6335.29400000	6324.26200000	6438.55888000	6429.82688000
2917487437.18592978	6225.54600000	6223.56200000	6359.15600000	6349.33400000	6447.36800000	6435.11800000	6539.16400000	6530.12600000	6591.05600000	6582.16200000	6531.46800000	6524.41400000	6542.70000000	6534.97000000	6502.56600000	6487.55200000	6500.89800000	6479.22000000	6480.88800000	6473.74200000	6495.70400000	6478.48200000	6478.87200000	6474.56600000	6493.01400000	6481.90600000	6478.91600000	6465.61200000	6441.68400000	6431.02000000	6420.82200000	6414.95800000	6441.07800000	6426.69600000	6403.81200000	6394.97200000	6397.34600000	6389.11400000	6411.48600000	6398.95600000	6395.04800000	6393.93600000	6373.84800000	6362.71600000	6367.60800000	6363.81400000	6353.06200000	6340.59200000	6345.46000000	6337.94400000	6440.74280000	6431.01936000
2917989949.74874353	6203.90400000	6188.83400000	6337.99800000	6328.00800000	6517.72600000	6507.48200000	6537.62000000	6525.14600000	6564.65800000	6555.13000000	6528.58600000	6510.22800000	6527.72400000	6521.73600000	6502.29800000	6493.15200000	6486.82000000	6464.08400000	6507.05200000	6495.78800000	6508.91000000	6489.02200000	6478.56600000	6469.86400000	6470.11400000	6464.07000000	6452.38200000	6443.65600000	6423.75800000	6423.47400000	6392.44600000	6381.07600000	6421.66600000	6408.72200000	6431.19000000	6418.80600000	6390.42800000	6383.81600000	6403.47200000	6394.37800000	6373.54200000	6368.47400000	6356.86000000	6352.69600000	6365.03200000	6353.40400000	6348.62400000	6336.79600000	6330.50800000	6318.90800000	6434.47536000	6423.87000000
2918492462.31155777	6208.67800000	6201.54800000	6257.77800000	6242.87600000	6408.50800000	6403.77600000	6502.82600000	6490.36600000	6617.67200000	6603.32200000	6630.06800000	6627.78200000	6541.98200000	6534.99400000	6509.23400000	6495.76600000	6511.46200000	6504.66800000	6495.65000000	6482.02000000	6482.49600000	6475.34400000	6501.45600000	6499.22000000	6505.17200000	6492.90200000	6468.88000000	6464.48200000	6404.91400000	6402.82400000	6410.21400000	6392.23800000	6369.21800000	6369.79200000	6397.22000000	6386.49000000	6393.26600000	6384.39000000	6388.31200000	6380.65800000	6377.40000000	6370.66400000	6350.53200000	6347.39600000	6349.60000000	6344.11400000	6360.02600000	6354.57000000	6362.91800000	6356.09200000	6432.21928000	6424.33176000
2918994974.87437201	6194.40200000	6189.36000000	6353.55800000	6334.26800000	6457.28000000	6438.50600000	6555.40600000	6551.55400000	6574.39600000	6562.81200000	6530.35600000	6517.33000000	6539.00600000	6531.06200000	6499.60400000	6493.44000000	6479.05000000	6462.56400000	6466.06800000	6456.47000000	6495.98200000	6491.91400000	6527.56000000	6508.85000000	6475.51200000	6465.53200000	6449.35600000	6446.37200000	6444.76400000	6433.57400000	6422.32000000	6410.93800000	6418.26600000	6415.69200000	6415.03000000	6412.24000000	6372.72800000	6369.03800000	6392.93200000	6388.92600000	6382.11200000	6374.68200000	6379.45000000	6362.28600000	6349.23400000	6347.16400000	6386.51000000	6367.91200000	6329.78000000	6315.32200000	6435.62648000	6425.91232000
2919497487.43718576	6292.61000000	6277.78400000	6393.44400000	6379.09000000	6489.33800000	6476.22000000	6576.45600000	6566.67000000	6625.02800000	6618.38400000	6540.84200000	6527.02800000	6516.89800000	6516.72600000	6502.38200000	6494.84200000	6496.56200000	6490.98200000	6522.26400000	6503.90000000	6483.46800000	6470.10400000	6470.07400000	6465.39200000	6471.37600000	6455.35400000	6431.28800000	6425.53800000	6437.44000000	6429.66400000	6389.17600000	6376.60800000	6430.41000000	6416.79400000	6384.72200000	6366.13800000	6405.57600000	6399.15000000	6383.70200000	6381.17400000	6331.87200000	6319.84600000	6356.42400000	6343.30000000	6373.59200000	6364.92800000	6360.56200000	6353.14400000	6313.93800000	6302.13200000	6439.17776000	6428.83568000
2920000000.00000000	6225.10000000	6219.61800000	6319.94000000	6315.86000000	6445.54600000	6433.54800000	6486.26200000	6478.67200000	6585.85200000	6581.89600000	6574.29200000	6565.40000000	6513.30400000	6498.72000000	6498.96800000	6491.78800000	6490.15800000	6489.78000000	6494.08000000	6484.56000000	6501.07400000	6490.64000000	6504.25400000	6488.47400000	6493.16200000	6476.88800000	6456.30400000	6441.66800000	6443.82000000	6432.23600000	6392.54200000	6387.83400000	6429.35000000	6411.20800000	6422.77000000	6416.63000000	6380.40400000	6369.39600000	6392.82600000	6392.92800000	6382.20400000	6363.81800000	6361.91200000	6344.00600000	6372.11000000	6356.46200000	6347.82200000	6341.83800000	6323.57800000	6315.75200000	6433.50536000	6423.58480000
